municipio,humedad_relativa,año
MEDELLÍN,0.0,2017
ABEJORRAL,0.0,2017
ABRIAQUÍ,0.0,2017
ALEJANDRÍA,,2017
AMAGÁ,0.0,2017
AMALFI,94.59,2017
ANDES,0.0,2017
ANGELÓPOLIS,0.0,2017
ANGOSTURA,0.0,2017
ANORÍ,60.56,2017
SANTA FÉ DE ANTIOQUIA,0.0,2017
ANZÁ,0.0,2017
APARTADÓ,0.0,2017
ARBOLETES,0.0,2017
ARGELIA,93.72,2017
ARMENIA,0.0,2017
BARBOSA,0.0,2017
BELMIRA,0.0,2017
BELLO,0.0,2017
BETANIA,0.0,2017
BETULIA,0.0,2017
CIUDAD BOLÍVAR,0.0,2017
BRICEÑO,0.0,2017
BURITICÁ,0.0,2017
CÁCERES,27.83,2017
CAICEDO,0.0,2017
CALDAS,0.0,2017
CAMPAMENTO,0.0,2017
CAÑASGORDAS,0.0,2017
CARACOLÍ,94.61,2017
CARAMANTA,,2017
CAREPA,0.0,2017
EL CARMEN DE VIBORAL,0.0,2017
CAROLINA,0.0,2017
CAUCASIA,86.61,2017
CHIGORODÓ,0.0,2017
CISNEROS,,2017
COCORNÁ,62.21,2017
CONCEPCIÓN,0.0,2017
CONCORDIA,0.0,2017
COPACABANA,0.0,2017
DABEIBA,0.0,2017
DONMATÍAS,0.0,2017
EBÉJICO,0.0,2017
EL BAGRE,95.17,2017
ENTRERRÍOS,0.0,2017
ENVIGADO,,2017
FREDONIA,0.0,2017
FRONTINO,0.0,2017
GIRALDO,,2017
GIRARDOTA,,2017
GÓMEZ PLATA,0.0,2017
GRANADA,95.73,2017
GUADALUPE,0.0,2017
GUARNE,0.0,2017
GUATAPÉ,,2017
HELICONIA,0.0,2017
HISPANIA,0.0,2017
ITAGÜÍ,0.0,2017
ITUANGO,0.0,2017
JARDÍN,0.0,2017
JERICÓ,0.0,2017
LA CEJA,,2017
LA ESTRELLA,,2017
LA PINTADA,0.0,2017
LA UNIÓN,0.0,2017
LIBORINA,0.0,2017
MACEO,93.68,2017
MARINILLA,0.0,2017
MONTEBELLO,0.0,2017
MURINDÓ,0.0,2017
MUTATÁ,0.0,2017
NARIÑO,46.45,2017
NECOCLÍ,0.0,2017
NECHÍ,95.52,2017
OLAYA,0.0,2017
PEÑOL,0.0,2017
PEQUE,0.0,2017
PUEBLORRICO,,2017
PUERTO BERRÍO,93.65,2017
PUERTO NARE,94.31,2017
PUERTO TRIUNFO,95.11,2017
REMEDIOS,94.32,2017
RETIRO,0.0,2017
RIONEGRO,0.0,2017
SABANALARGA,0.0,2017
SABANETA,,2017
SALGAR,0.0,2017
SAN ANDRÉS DE CUERQUÍA,0.0,2017
SAN CARLOS,94.57,2017
SAN FRANCISCO,95.73,2017
SAN JERÓNIMO,0.0,2017
SAN JOSÉ DE LA MONTAÑA,0.0,2017
SAN JUAN DE URABÁ,0.0,2017
SAN LUIS,95.5,2017
SAN PEDRO DE LOS MILAGROS,0.0,2017
SAN PEDRO DE URABÁ,0.0,2017
SAN RAFAEL,94.01,2017
SAN ROQUE,94.37,2017
SAN VICENTE FERRER,0.0,2017
SANTA BÁRBARA,0.0,2017
SANTA ROSA DE OSOS,0.0,2017
SANTO DOMINGO,63.21,2017
EL SANTUARIO,,2017
SEGOVIA,95.14,2017
SONSÓN,39.47,2017
SOPETRÁN,0.0,2017
TÁMESIS,0.0,2017
TARAZÁ,0.0,2017
TARSO,,2017
TITIRIBÍ,0.0,2017
TOLEDO,0.0,2017
TURBO,0.0,2017
URAMITA,0.0,2017
URRAO,0.0,2017
VALDIVIA,0.0,2017
VALPARAÍSO,0.0,2017
VEGACHÍ,93.59,2017
VENECIA,0.0,2017
VIGÍA DEL FUERTE,0.0,2017
YALÍ,93.62,2017
YARUMAL,0.0,2017
YOLOMBÓ,95.41,2017
YONDÓ,93.92,2017
ZARAGOZA,95.43,2017
BARRANQUILLA,86.89,2017
BARANOA,91.04,2017
CAMPO DE LA CRUZ,88.74,2017
CANDELARIA,90.13,2017
GALAPA,89.38,2017
JUAN DE ACOSTA,89.69,2017
LURUACO,44.43,2017
MALAMBO,,2017
MANATÍ,88.3,2017
PALMAR DE VARELA,89.97,2017
PIOJÓ,29.72,2017
POLONUEVO,,2017
PONEDERA,91.34,2017
PUERTO COLOMBIA,87.19,2017
REPELÓN,44.25,2017
SABANAGRANDE,89.31,2017
SABANALARGA,90.62,2017
SANTA LUCÍA,,2017
SANTO TOMÁS,,2017
SOLEDAD,88.73,2017
SUAN,89.6,2017
TUBARÁ,89.38,2017
USIACURÍ,,2017
"BOGOTÁ, D.C.",90.59,2017
CARTAGENA DE INDIAS,0.0,2017
ACHÍ,93.47,2017
ALTOS DEL ROSARIO,90.69,2017
ARENAL,91.08,2017
ARJONA,0.0,2017
ARROYOHONDO,88.3,2017
BARRANCO DE LOBA,91.47,2017
CALAMAR,88.5,2017
CANTAGALLO,93.56,2017
CICUCO,84.59,2017
CÓRDOBA,88.08,2017
CLEMENCIA,,2017
EL CARMEN DE BOLÍVAR,50.39,2017
EL GUAMO,87.36,2017
EL PEÑÓN,91.09,2017
HATILLO DE LOBA,90.48,2017
MAGANGUÉ,88.22,2017
MAHATES,22.23,2017
MARGARITA,91.87,2017
MARÍA LA BAJA,0.0,2017
MONTECRISTO,94.24,2017
SANTA CRUZ DE MOMPOX,87.14,2017
MORALES,89.09,2017
NOROSÍ,91.19,2017
PINILLOS,89.13,2017
REGIDOR,91.24,2017
RÍO VIEJO,90.93,2017
SAN CRISTÓBAL,,2017
SAN ESTANISLAO,0.0,2017
SAN FERNANDO,91.36,2017
SAN JACINTO,44.51,2017
SAN JACINTO DEL CAUCA,94.51,2017
SAN JUAN NEPOMUCENO,74.16,2017
SAN MARTÍN DE LOBA,91.68,2017
SAN PABLO,93.09,2017
SANTA CATALINA,0.0,2017
SANTA ROSA,0.0,2017
SANTA ROSA DEL SUR,92.57,2017
SIMITÍ,90.43,2017
SOPLAVIENTO,88.19,2017
TALAIGUA NUEVO,87.4,2017
TIQUISIO,92.76,2017
TURBACO,0.0,2017
TURBANA,0.0,2017
VILLANUEVA,0.0,2017
ZAMBRANO,87.6,2017
TUNJA,95.03,2017
ALMEIDA,,2017
AQUITANIA,90.05,2017
ARCABUCO,,2017
BELÉN,82.3,2017
BERBEO,88.5,2017
BETÉITIVA,78.55,2017
BOAVITA,84.19,2017
BOYACÁ,,2017
BRICEÑO,87.94,2017
BUENAVISTA,82.43,2017
BUSBANZÁ,,2017
CALDAS,88.56,2017
CAMPOHERMOSO,91.1,2017
CERINZA,,2017
CHINAVITA,95.08,2017
CHIQUINQUIRÁ,92.72,2017
CHISCAS,88.6,2017
CHITA,87.36,2017
CHITARAQUE,86.15,2017
CHIVATÁ,,2017
CIÉNEGA,94.79,2017
CÓMBITA,93.12,2017
COPER,85.36,2017
CORRALES,,2017
COVARACHÍA,87.04,2017
CUBARÁ,88.52,2017
CUCAITA,,2017
CUÍTIVA,84.45,2017
CHÍQUIZA,91.83,2017
CHIVOR,91.15,2017
DUITAMA,86.17,2017
EL COCUY,84.65,2017
EL ESPINO,82.92,2017
FIRAVITOBA,82.07,2017
FLORESTA,80.55,2017
GACHANTIVÁ,,2017
GÁMEZA,88.3,2017
GARAGOA,93.44,2017
GUACAMAYAS,,2017
GUATEQUE,90.5,2017
GUAYATÁ,93.31,2017
GÜICÁN DE LA SIERRA,85.74,2017
IZA,86.28,2017
JENESANO,93.46,2017
JERICÓ,80.71,2017
LABRANZAGRANDE,85.18,2017
LA CAPILLA,,2017
LA VICTORIA,,2017
LA UVITA,,2017
VILLA DE LEYVA,90.43,2017
MACANAL,90.96,2017
MARIPÍ,84.11,2017
MIRAFLORES,91.9,2017
MONGUA,84.91,2017
MONGUÍ,89.06,2017
MONIQUIRÁ,88.61,2017
MOTAVITA,93.84,2017
MUZO,86.29,2017
NOBSA,,2017
NUEVO COLÓN,,2017
OICATÁ,93.74,2017
OTANCHE,93.97,2017
PACHAVITA,93.91,2017
PÁEZ,92.23,2017
PAIPA,86.54,2017
PAJARITO,85.75,2017
PANQUEBA,,2017
PAUNA,83.65,2017
PAYA,86.94,2017
PAZ DE RÍO,,2017
PESCA,92.04,2017
PISBA,89.3,2017
PUERTO BOYACÁ,94.65,2017
QUÍPAMA,93.07,2017
RAMIRIQUÍ,94.79,2017
RÁQUIRA,90.07,2017
RONDÓN,92.5,2017
SABOYÁ,89.47,2017
SÁCHICA,,2017
SAMACÁ,92.1,2017
SAN EDUARDO,,2017
SAN JOSÉ DE PARE,92.01,2017
SAN LUIS DE GACENO,91.97,2017
SAN MATEO,83.42,2017
SAN MIGUEL DE SEMA,,2017
SAN PABLO DE BORBUR,90.7,2017
SANTANA,95.46,2017
SANTA MARÍA,87.94,2017
SANTA ROSA DE VITERBO,84.37,2017
SANTA SOFÍA,88.64,2017
SATIVANORTE,82.89,2017
SATIVASUR,,2017
SIACHOQUE,92.2,2017
SOATÁ,81.24,2017
SOCOTÁ,86.3,2017
SOCHA,87.1,2017
SOGAMOSO,82.48,2017
SOMONDOCO,88.6,2017
SORA,,2017
SOTAQUIRÁ,90.51,2017
SORACÁ,94.85,2017
SUSACÓN,81.71,2017
SUTAMARCHÁN,88.04,2017
SUTATENZA,,2017
TASCO,83.01,2017
TENZA,91.63,2017
TIBANÁ,93.03,2017
TIBASOSA,80.77,2017
TINJACÁ,90.3,2017
TIPACOQUE,86.13,2017
TOCA,89.71,2017
TOGÜÍ,92.78,2017
TÓPAGA,,2017
TOTA,91.06,2017
TUNUNGUÁ,,2017
TURMEQUÉ,93.09,2017
TUTA,90.32,2017
TUTAZÁ,88.17,2017
ÚMBITA,92.52,2017
VENTAQUEMADA,92.54,2017
VIRACACHÁ,,2017
ZETAQUIRA,90.55,2017
MANIZALES,0.0,2017
AGUADAS,0.0,2017
ANSERMA,0.0,2017
ARANZAZU,0.0,2017
BELALCÁZAR,0.0,2017
CHINCHINÁ,0.0,2017
FILADELFIA,0.0,2017
LA DORADA,95.04,2017
LA MERCED,,2017
MANZANARES,0.0,2017
MARMATO,0.0,2017
MARQUETALIA,89.01,2017
MARULANDA,0.0,2017
NEIRA,0.0,2017
NORCASIA,94.58,2017
PÁCORA,0.0,2017
PALESTINA,,2017
PENSILVANIA,36.95,2017
RIOSUCIO,0.0,2017
RISARALDA,0.0,2017
SALAMINA,0.0,2017
SAMANÁ,95.27,2017
SAN JOSÉ,0.0,2017
SUPÍA,0.0,2017
VICTORIA,92.01,2017
VILLAMARÍA,0.0,2017
VITERBO,0.0,2017
FLORENCIA,0.0,2017
ALBANIA,0.0,2017
BELÉN DE LOS ANDAQUÍES,0.0,2017
CARTAGENA DEL CHAIRÁ,94.64,2017
CURILLO,0.0,2017
EL DONCELLO,41.71,2017
EL PAUJÍL,28.18,2017
LA MONTAÑITA,29.08,2017
MILÁN,0.0,2017
MORELIA,0.0,2017
PUERTO RICO,60.56,2017
SAN JOSÉ DEL FRAGUA,0.0,2017
SAN VICENTE DEL CAGUÁN,92.84,2017
SOLANO,92.37,2017
SOLITA,0.0,2017
VALPARAÍSO,0.0,2017
POPAYÁN,0.0,2017
ALMAGUER,0.0,2017
ARGELIA,0.0,2017
BALBOA,0.0,2017
BOLÍVAR,0.0,2017
BUENOS AIRES,0.0,2017
CAJIBÍO,0.0,2017
CALDONO,0.0,2017
CALOTO,0.0,2017
CORINTO,0.0,2017
EL TAMBO,0.0,2017
FLORENCIA,0.0,2017
GUACHENÉ,0.0,2017
GUAPI,0.0,2017
INZÁ,0.0,2017
JAMBALÓ,0.0,2017
LA SIERRA,0.0,2017
LA VEGA,0.0,2017
LÓPEZ DE MICAY,0.0,2017
MERCADERES,0.0,2017
MIRANDA,0.0,2017
MORALES,0.0,2017
PADILLA,0.0,2017
PÁEZ,0.0,2017
PATÍA,0.0,2017
PIAMONTE,0.0,2017
PIENDAMÓ - TUNÍA,0.0,2017
PUERTO TEJADA,,2017
PURACÉ,0.0,2017
ROSAS,0.0,2017
SAN SEBASTIÁN,0.0,2017
SANTANDER DE QUILICHAO,0.0,2017
SANTA ROSA,0.0,2017
SILVIA,0.0,2017
SOTARÁ PAISPAMBA,0.0,2017
SUÁREZ,0.0,2017
SUCRE,0.0,2017
TIMBÍO,0.0,2017
TIMBIQUÍ,0.0,2017
TORIBÍO,0.0,2017
TOTORÓ,0.0,2017
VILLA RICA,,2017
VALLEDUPAR,75.12,2017
AGUACHICA,85.4,2017
AGUSTÍN CODAZZI,82.03,2017
ASTREA,86.46,2017
BECERRIL,84.51,2017
BOSCONIA,79.54,2017
CHIMICHAGUA,87.34,2017
CHIRIGUANÁ,87.63,2017
CURUMANÍ,87.31,2017
EL COPEY,82.6,2017
EL PASO,82.91,2017
GAMARRA,86.81,2017
GONZÁLEZ,93.04,2017
LA GLORIA,88.36,2017
LA JAGUA DE IBIRICO,87.18,2017
MANAURE BALCÓN DEL CESAR,83.9,2017
PAILITAS,88.71,2017
PELAYA,90.27,2017
PUEBLO BELLO,73.97,2017
RÍO DE ORO,85.35,2017
LA PAZ,79.66,2017
SAN ALBERTO,88.66,2017
SAN DIEGO,75.65,2017
SAN MARTÍN,87.93,2017
TAMALAMEQUE,88.92,2017
MONTERÍA,0.0,2017
AYAPEL,75.7,2017
BUENAVISTA,0.0,2017
CANALETE,0.0,2017
CERETÉ,0.0,2017
CHIMÁ,0.0,2017
CHINÚ,0.0,2017
CIÉNAGA DE ORO,0.0,2017
COTORRA,,2017
LA APARTADA,0.0,2017
LORICA,0.0,2017
LOS CÓRDOBAS,0.0,2017
MOMIL,0.0,2017
MONTELÍBANO,0.0,2017
MOÑITOS,0.0,2017
PLANETA RICA,0.0,2017
PUEBLO NUEVO,0.0,2017
PUERTO ESCONDIDO,0.0,2017
PUERTO LIBERTADOR,0.0,2017
PURÍSIMA DE LA CONCEPCIÓN,0.0,2017
SAHAGÚN,0.0,2017
SAN ANDRÉS DE SOTAVENTO,0.0,2017
SAN ANTERO,0.0,2017
SAN BERNARDO DEL VIENTO,0.0,2017
SAN CARLOS,0.0,2017
SAN JOSÉ DE URÉ,0.0,2017
SAN PELAYO,0.0,2017
TIERRALTA,0.0,2017
TUCHÍN,,2017
VALENCIA,0.0,2017
AGUA DE DIOS,86.14,2017
ALBÁN,,2017
ANAPOIMA,80.39,2017
ANOLAIMA,82.95,2017
ARBELÁEZ,84.68,2017
BELTRÁN,86.18,2017
BITUIMA,,2017
BOJACÁ,89.95,2017
CABRERA,86.97,2017
CACHIPAY,77.53,2017
CAJICÁ,,2017
CAPARRAPÍ,92.37,2017
CÁQUEZA,86.59,2017
CARMEN DE CARUPA,90.21,2017
CHAGUANÍ,87.32,2017
CHÍA,88.12,2017
CHIPAQUE,91.02,2017
CHOACHÍ,90.45,2017
CHOCONTÁ,92.75,2017
COGUA,90.54,2017
COTA,90.91,2017
CUCUNUBÁ,90.07,2017
EL COLEGIO,80.31,2017
EL PEÑÓN,84.36,2017
EL ROSAL,,2017
FACATATIVÁ,92.12,2017
FÓMEQUE,90.69,2017
FOSCA,86.35,2017
FUNZA,90.37,2017
FÚQUENE,89.24,2017
FUSAGASUGÁ,84.67,2017
GACHALÁ,89.89,2017
GACHANCIPÁ,,2017
GACHETÁ,89.36,2017
GAMA,86.99,2017
GIRARDOT,82.64,2017
GRANADA,,2017
GUACHETÁ,90.6,2017
GUADUAS,89.54,2017
GUASCA,89.97,2017
GUATAQUÍ,,2017
GUATAVITA,92.11,2017
GUAYABAL DE SÍQUIMA,84.5,2017
GUAYABETAL,91.21,2017
GUTIÉRREZ,90.17,2017
JERUSALÉN,86.02,2017
JUNÍN,90.66,2017
LA CALERA,91.68,2017
LA MESA,79.16,2017
LA PALMA,92.9,2017
LA PEÑA,84.15,2017
LA VEGA,,2017
LENGUAZAQUE,90.85,2017
MACHETÁ,92.37,2017
MADRID,,2017
MANTA,,2017
MEDINA,88.05,2017
MOSQUERA,,2017
NARIÑO,85.77,2017
NEMOCÓN,89.19,2017
NILO,81.84,2017
NIMAIMA,,2017
NOCAIMA,78.87,2017
VENECIA,,2017
PACHO,90.29,2017
PAIME,86.95,2017
PANDI,79.16,2017
PARATEBUENO,91.83,2017
PASCA,89.7,2017
PUERTO SALGAR,94.9,2017
PULÍ,84.12,2017
QUEBRADANEGRA,85.13,2017
QUETAME,92.75,2017
QUIPILE,,2017
APULO,82.31,2017
RICAURTE,85.01,2017
SAN ANTONIO DEL TEQUENDAMA,,2017
SAN BERNARDO,87.95,2017
SAN CAYETANO,87.66,2017
SAN FRANCISCO,86.3,2017
SAN JUAN DE RIOSECO,86.02,2017
SASAIMA,82.72,2017
SESQUILÉ,92.83,2017
SIBATÉ,91.05,2017
SILVANIA,81.27,2017
SIMIJACA,91.24,2017
SOACHA,88.95,2017
SOPÓ,,2017
SUBACHOQUE,91.05,2017
SUESCA,91.9,2017
SUPATÁ,87.21,2017
SUSA,,2017
SUTATAUSA,,2017
TABIO,90.76,2017
TAUSA,91.4,2017
TENA,,2017
TENJO,92.26,2017
TIBACUY,76.61,2017
TIBIRITA,90.38,2017
TOCAIMA,84.66,2017
TOCANCIPÁ,86.96,2017
TOPAIPÍ,,2017
UBALÁ,88.91,2017
UBAQUE,85.06,2017
VILLA DE SAN DIEGO DE UBATÉ,89.85,2017
UNE,90.16,2017
ÚTICA,89.76,2017
VERGARA,80.62,2017
VIANÍ,,2017
VILLAGÓMEZ,85.38,2017
VILLAPINZÓN,93.59,2017
VILLETA,82.5,2017
VIOTÁ,81.83,2017
YACOPÍ,93.56,2017
ZIPACÓN,86.01,2017
ZIPAQUIRÁ,86.5,2017
QUIBDÓ,0.0,2017
ACANDÍ,0.0,2017
ALTO BAUDÓ,0.0,2017
ATRATO,0.0,2017
BAGADÓ,0.0,2017
BAHÍA SOLANO,0.0,2017
BAJO BAUDÓ,0.0,2017
BOJAYÁ,0.0,2017
EL CANTÓN DEL SAN PABLO,0.0,2017
CARMEN DEL DARIÉN,0.0,2017
CÉRTEGUI,0.0,2017
CONDOTO,0.0,2017
EL CARMEN DE ATRATO,0.0,2017
EL LITORAL DEL SAN JUAN,0.0,2017
ISTMINA,0.0,2017
JURADÓ,0.0,2017
LLORÓ,0.0,2017
MEDIO ATRATO,0.0,2017
MEDIO BAUDÓ,0.0,2017
MEDIO SAN JUAN,0.0,2017
NÓVITA,0.0,2017
NUQUÍ,0.0,2017
RÍO IRÓ,0.0,2017
RÍO QUITO,0.0,2017
RIOSUCIO,0.0,2017
SAN JOSÉ DEL PALMAR,0.0,2017
SIPÍ,0.0,2017
TADÓ,0.0,2017
UNGUÍA,0.0,2017
UNIÓN PANAMERICANA,,2017
NEIVA,23.95,2017
ACEVEDO,0.0,2017
AGRADO,0.0,2017
AIPE,0.0,2017
ALGECIRAS,0.0,2017
ALTAMIRA,0.0,2017
BARAYA,86.27,2017
CAMPOALEGRE,0.0,2017
COLOMBIA,88.76,2017
ELÍAS,0.0,2017
GARZÓN,0.0,2017
GIGANTE,0.0,2017
GUADALUPE,0.0,2017
HOBO,0.0,2017
ÍQUIRA,0.0,2017
ISNOS,0.0,2017
LA ARGENTINA,0.0,2017
LA PLATA,0.0,2017
NÁTAGA,0.0,2017
OPORAPA,0.0,2017
PAICOL,0.0,2017
PALERMO,0.0,2017
PALESTINA,0.0,2017
PITAL,0.0,2017
PITALITO,0.0,2017
RIVERA,0.0,2017
SALADOBLANCO,0.0,2017
SAN AGUSTÍN,0.0,2017
SANTA MARÍA,0.0,2017
SUAZA,0.0,2017
TARQUI,0.0,2017
TESALIA,0.0,2017
TELLO,56.0,2017
TERUEL,0.0,2017
TIMANÁ,0.0,2017
VILLAVIEJA,46.24,2017
YAGUARÁ,0.0,2017
RIOHACHA,42.84,2017
ALBANIA,53.35,2017
BARRANCAS,86.73,2017
DIBULLA,73.84,2017
DISTRACCIÓN,83.89,2017
EL MOLINO,81.17,2017
FONSECA,86.23,2017
HATONUEVO,89.77,2017
LA JAGUA DEL PILAR,76.3,2017
MAICAO,12.33,2017
MANAURE,0.0,2017
SAN JUAN DEL CESAR,78.85,2017
URIBIA,0.0,2017
URUMITA,84.81,2017
VILLANUEVA,79.7,2017
SANTA MARTA,71.53,2017
ALGARROBO,85.56,2017
ARACATACA,77.95,2017
ARIGUANÍ,82.96,2017
CERRO DE SAN ANTONIO,89.77,2017
CHIVOLO,89.71,2017
CIÉNAGA,79.08,2017
CONCORDIA,,2017
EL BANCO,88.67,2017
EL PIÑÓN,90.35,2017
EL RETÉN,91.25,2017
FUNDACIÓN,77.97,2017
GUAMAL,89.28,2017
NUEVA GRANADA,87.05,2017
PEDRAZA,88.71,2017
PIJIÑO DEL CARMEN,87.74,2017
PIVIJAY,89.9,2017
PLATO,88.86,2017
PUEBLOVIEJO,88.91,2017
REMOLINO,90.68,2017
SABANAS DE SAN ÁNGEL,87.82,2017
SALAMINA,90.28,2017
SAN SEBASTIÁN DE BUENAVISTA,89.35,2017
SAN ZENÓN,90.08,2017
SANTA ANA,87.68,2017
SANTA BÁRBARA DE PINTO,88.21,2017
SITIONUEVO,86.76,2017
TENERIFE,90.29,2017
ZAPAYÁN,89.41,2017
ZONA BANANERA,81.69,2017
VILLAVICENCIO,89.71,2017
ACACÍAS,89.81,2017
BARRANCA DE UPÍA,90.39,2017
CABUYARO,91.03,2017
CASTILLA LA NUEVA,90.81,2017
CUBARRAL,88.55,2017
CUMARAL,90.77,2017
EL CALVARIO,89.51,2017
EL CASTILLO,86.92,2017
EL DORADO,85.71,2017
FUENTE DE ORO,89.11,2017
GRANADA,89.93,2017
GUAMAL,89.17,2017
MAPIRIPÁN,91.56,2017
MESETAS,90.83,2017
LA MACARENA,92.32,2017
URIBE,90.02,2017
LEJANÍAS,89.71,2017
PUERTO CONCORDIA,91.61,2017
PUERTO GAITÁN,88.34,2017
PUERTO LÓPEZ,88.59,2017
PUERTO LLERAS,90.17,2017
PUERTO RICO,92.21,2017
RESTREPO,87.95,2017
SAN CARLOS DE GUAROA,89.63,2017
SAN JUAN DE ARAMA,89.83,2017
SAN JUANITO,92.65,2017
SAN MARTÍN,89.3,2017
VISTAHERMOSA,90.92,2017
PASTO,0.0,2017
ALBÁN,,2017
ALDANA,0.0,2017
ANCUYA,,2017
ARBOLEDA,0.0,2017
BARBACOAS,0.0,2017
BELÉN,,2017
BUESACO,0.0,2017
COLÓN,,2017
CONSACÁ,0.0,2017
CONTADERO,,2017
CÓRDOBA,0.0,2017
CUASPUD CARLOSAMA,,2017
CUMBAL,0.0,2017
CUMBITARA,0.0,2017
CHACHAGÜÍ,0.0,2017
EL CHARCO,0.0,2017
EL PEÑOL,0.0,2017
EL ROSARIO,0.0,2017
EL TABLÓN DE GÓMEZ,0.0,2017
EL TAMBO,0.0,2017
FUNES,0.0,2017
GUACHUCAL,,2017
GUAITARILLA,0.0,2017
GUALMATÁN,,2017
ILES,0.0,2017
IMUÉS,0.0,2017
IPIALES,0.0,2017
LA CRUZ,0.0,2017
LA FLORIDA,0.0,2017
LA LLANADA,0.0,2017
LA TOLA,0.0,2017
LA UNIÓN,0.0,2017
LEIVA,0.0,2017
LINARES,0.0,2017
LOS ANDES,0.0,2017
MAGÜÍ,0.0,2017
MALLAMA,0.0,2017
MOSQUERA,0.0,2017
NARIÑO,,2017
OLAYA HERRERA,0.0,2017
OSPINA,,2017
FRANCISCO PIZARRO,0.0,2017
POLICARPA,0.0,2017
POTOSÍ,0.0,2017
PROVIDENCIA,0.0,2017
PUERRES,0.0,2017
PUPIALES,0.0,2017
RICAURTE,0.0,2017
ROBERTO PAYÁN,0.0,2017
SAMANIEGO,0.0,2017
SANDONÁ,0.0,2017
SAN BERNARDO,,2017
SAN LORENZO,0.0,2017
SAN PABLO,0.0,2017
SAN PEDRO DE CARTAGO,,2017
SANTA BÁRBARA,0.0,2017
SANTACRUZ,0.0,2017
SAPUYES,0.0,2017
TAMINANGO,0.0,2017
TANGUA,0.0,2017
SAN ANDRÉS DE TUMACO,0.0,2017
TÚQUERRES,0.0,2017
YACUANQUER,,2017
SAN JOSÉ DE CÚCUTA,89.39,2017
ÁBREGO,89.83,2017
ARBOLEDAS,87.38,2017
BOCHALEMA,90.19,2017
BUCARASICA,85.94,2017
CÁCOTA,88.62,2017
CÁCHIRA,86.51,2017
CHINÁCOTA,94.11,2017
CHITAGÁ,91.17,2017
CONVENCIÓN,95.53,2017
CUCUTILLA,85.88,2017
DURANIA,88.96,2017
EL CARMEN,93.37,2017
EL TARRA,94.62,2017
EL ZULIA,84.26,2017
GRAMALOTE,79.16,2017
HACARÍ,90.74,2017
HERRÁN,91.98,2017
LABATECA,91.85,2017
LA ESPERANZA,85.8,2017
LA PLAYA,94.01,2017
LOS PATIOS,79.86,2017
LOURDES,81.56,2017
MUTISCUA,90.84,2017
OCAÑA,90.36,2017
PAMPLONA,86.4,2017
PAMPLONITA,90.09,2017
PUERTO SANTANDER,95.65,2017
RAGONVALIA,89.78,2017
SALAZAR,83.2,2017
SAN CALIXTO,94.29,2017
SAN CAYETANO,80.76,2017
SANTIAGO,79.64,2017
SARDINATA,89.86,2017
SILOS,92.22,2017
TEORAMA,95.14,2017
TIBÚ,95.13,2017
TOLEDO,90.89,2017
VILLA CARO,87.66,2017
VILLA DEL ROSARIO,82.53,2017
ARMENIA,0.0,2017
BUENAVISTA,,2017
CALARCÁ,0.0,2017
CIRCASIA,0.0,2017
CÓRDOBA,0.0,2017
FILANDIA,0.0,2017
GÉNOVA,0.0,2017
LA TEBAIDA,0.0,2017
MONTENEGRO,0.0,2017
PIJAO,0.0,2017
QUIMBAYA,0.0,2017
SALENTO,0.0,2017
PEREIRA,0.0,2017
APÍA,,2017
BALBOA,0.0,2017
BELÉN DE UMBRÍA,0.0,2017
DOSQUEBRADAS,,2017
GUÁTICA,0.0,2017
LA CELIA,0.0,2017
LA VIRGINIA,,2017
MARSELLA,0.0,2017
MISTRATÓ,0.0,2017
PUEBLO RICO,0.0,2017
QUINCHÍA,0.0,2017
SANTA ROSA DE CABAL,0.0,2017
SANTUARIO,0.0,2017
BUCARAMANGA,85.64,2017
AGUADA,96.62,2017
ALBANIA,88.38,2017
ARATOCA,90.8,2017
BARBOSA,,2017
BARICHARA,88.47,2017
BARRANCABERMEJA,93.48,2017
BETULIA,90.19,2017
BOLÍVAR,92.72,2017
CABRERA,,2017
CALIFORNIA,,2017
CAPITANEJO,,2017
CARCASÍ,86.3,2017
CEPITÁ,86.83,2017
CERRITO,91.42,2017
CHARALÁ,93.63,2017
CHARTA,,2017
CHIMA,94.03,2017
CHIPATÁ,90.05,2017
CIMITARRA,94.26,2017
CONCEPCIÓN,91.14,2017
CONFINES,,2017
CONTRATACIÓN,95.13,2017
COROMORO,89.84,2017
CURITÍ,92.3,2017
EL CARMEN DE CHUCURÍ,89.23,2017
EL GUACAMAYO,90.85,2017
EL PEÑÓN,88.37,2017
EL PLAYÓN,84.98,2017
ENCINO,89.82,2017
ENCISO,85.47,2017
FLORIÁN,86.3,2017
FLORIDABLANCA,,2017
GALÁN,90.11,2017
GÁMBITA,87.97,2017
GIRÓN,89.64,2017
GUACA,88.1,2017
GUADALUPE,96.58,2017
GUAPOTÁ,,2017
GUAVATÁ,,2017
GÜEPSA,88.59,2017
HATO,92.58,2017
JESÚS MARÍA,,2017
JORDÁN,93.83,2017
LA BELLEZA,88.63,2017
LANDÁZURI,90.06,2017
LA PAZ,90.29,2017
LEBRIJA,87.15,2017
LOS SANTOS,92.31,2017
MACARAVITA,82.31,2017
MÁLAGA,,2017
MATANZA,86.91,2017
MOGOTES,92.05,2017
MOLAGAVITA,88.77,2017
OCAMONTE,,2017
OIBA,96.06,2017
ONZAGA,87.9,2017
PALMAR,89.06,2017
PALMAS DEL SOCORRO,94.86,2017
PÁRAMO,95.0,2017
PIEDECUESTA,85.84,2017
PINCHOTE,,2017
PUENTE NACIONAL,88.99,2017
PUERTO PARRA,94.23,2017
PUERTO WILCHES,92.31,2017
RIONEGRO,89.16,2017
SABANA DE TORRES,91.23,2017
SAN ANDRÉS,88.57,2017
SAN BENITO,,2017
SAN GIL,88.99,2017
SAN JOAQUÍN,89.71,2017
SAN JOSÉ DE MIRANDA,,2017
SAN MIGUEL,,2017
SAN VICENTE DE CHUCURÍ,91.31,2017
SANTA BÁRBARA,87.33,2017
SANTA HELENA DEL OPÓN,87.1,2017
SIMACOTA,93.15,2017
SOCORRO,88.01,2017
SUAITA,93.04,2017
SUCRE,91.52,2017
SURATÁ,88.01,2017
TONA,87.46,2017
VALLE DE SAN JOSÉ,92.75,2017
VÉLEZ,88.65,2017
VETAS,88.35,2017
VILLANUEVA,,2017
ZAPATOCA,94.15,2017
SINCELEJO,0.0,2017
BUENAVISTA,89.33,2017
CAIMITO,44.6,2017
COLOSÓ,0.0,2017
COROZAL,0.0,2017
COVEÑAS,0.0,2017
CHALÁN,0.0,2017
EL ROBLE,45.25,2017
GALERAS,90.12,2017
GUARANDA,95.4,2017
LA UNIÓN,0.0,2017
LOS PALMITOS,0.0,2017
MAJAGUAL,95.19,2017
MORROA,0.0,2017
OVEJAS,22.3,2017
PALMITO,0.0,2017
SAMPUÉS,0.0,2017
SAN BENITO ABAD,84.65,2017
SAN JUAN DE BETULIA,0.0,2017
SAN MARCOS,36.8,2017
SAN ONOFRE,0.0,2017
SAN PEDRO,89.66,2017
SAN LUIS DE SINCÉ,59.94,2017
SUCRE,91.39,2017
SANTIAGO DE TOLÚ,0.0,2017
SAN JOSÉ DE TOLUVIEJO,0.0,2017
IBAGUÉ,13.28,2017
ALPUJARRA,82.05,2017
ALVARADO,78.4,2017
AMBALEMA,82.28,2017
ANZOÁTEGUI,21.44,2017
ARMERO,86.64,2017
ATACO,0.0,2017
CAJAMARCA,0.0,2017
CARMEN DE APICALÁ,87.13,2017
CASABIANCA,44.43,2017
CHAPARRAL,0.0,2017
COELLO,86.44,2017
COYAIMA,40.26,2017
CUNDAY,82.58,2017
DOLORES,84.57,2017
ESPINAL,84.88,2017
FALAN,,2017
FLANDES,,2017
FRESNO,89.35,2017
GUAMO,84.93,2017
HERVEO,0.0,2017
HONDA,89.88,2017
ICONONZO,84.39,2017
LÉRIDA,81.29,2017
LÍBANO,84.55,2017
SAN SEBASTIÁN DE MARIQUITA,87.23,2017
MELGAR,83.52,2017
MURILLO,0.0,2017
NATAGAIMA,40.74,2017
ORTEGA,0.0,2017
PALOCABILDO,94.38,2017
PIEDRAS,85.39,2017
PLANADAS,0.0,2017
PRADO,82.9,2017
PURIFICACIÓN,82.5,2017
RIOBLANCO,0.0,2017
RONCESVALLES,0.0,2017
ROVIRA,0.0,2017
SALDAÑA,84.12,2017
SAN ANTONIO,0.0,2017
SAN LUIS,80.65,2017
SANTA ISABEL,82.6,2017
SUÁREZ,85.1,2017
VALLE DE SAN JUAN,38.7,2017
VENADILLO,79.91,2017
VILLAHERMOSA,43.6,2017
VILLARRICA,84.4,2017
CALI,0.0,2017
ALCALÁ,0.0,2017
ANDALUCÍA,0.0,2017
ANSERMANUEVO,0.0,2017
ARGELIA,0.0,2017
BOLÍVAR,0.0,2017
BUENAVENTURA,0.0,2017
GUADALAJARA DE BUGA,0.0,2017
BUGALAGRANDE,0.0,2017
CAICEDONIA,0.0,2017
CALIMA,0.0,2017
CANDELARIA,0.0,2017
CARTAGO,0.0,2017
DAGUA,0.0,2017
EL ÁGUILA,0.0,2017
EL CAIRO,0.0,2017
EL CERRITO,0.0,2017
EL DOVIO,0.0,2017
FLORIDA,0.0,2017
GINEBRA,0.0,2017
GUACARÍ,0.0,2017
JAMUNDÍ,0.0,2017
LA CUMBRE,0.0,2017
LA UNIÓN,,2017
LA VICTORIA,0.0,2017
OBANDO,0.0,2017
PALMIRA,0.0,2017
PRADERA,0.0,2017
RESTREPO,0.0,2017
RIOFRÍO,0.0,2017
ROLDANILLO,0.0,2017
SAN PEDRO,0.0,2017
SEVILLA,0.0,2017
TORO,0.0,2017
TRUJILLO,0.0,2017
TULUÁ,0.0,2017
ULLOA,,2017
VERSALLES,0.0,2017
VIJES,0.0,2017
YOTOCO,0.0,2017
YUMBO,0.0,2017
ZARZAL,0.0,2017
ARAUCA,84.69,2017
ARAUQUITA,89.06,2017
CRAVO NORTE,83.88,2017
FORTUL,86.35,2017
PUERTO RONDÓN,86.17,2017
SARAVENA,87.99,2017
TAME,83.99,2017
YOPAL,83.5,2017
AGUAZUL,84.5,2017
CHÁMEZA,91.41,2017
HATO COROZAL,84.07,2017
LA SALINA,83.39,2017
MANÍ,86.64,2017
MONTERREY,85.91,2017
NUNCHÍA,82.81,2017
OROCUÉ,85.41,2017
PAZ DE ARIPORO,84.63,2017
PORE,82.37,2017
RECETOR,87.23,2017
SABANALARGA,89.06,2017
SÁCAMA,86.82,2017
SAN LUIS DE PALENQUE,84.89,2017
TÁMARA,86.24,2017
TAURAMENA,87.93,2017
TRINIDAD,85.32,2017
VILLANUEVA,90.27,2017
MOCOA,0.0,2017
COLÓN,0.0,2017
ORITO,0.0,2017
PUERTO ASÍS,0.0,2017
PUERTO CAICEDO,0.0,2017
PUERTO GUZMÁN,0.0,2017
PUERTO LEGUÍZAMO,51.43,2017
SIBUNDOY,0.0,2017
SAN FRANCISCO,0.0,2017
SAN MIGUEL,0.0,2017
SANTIAGO,0.0,2017
VALLE DEL GUAMUEZ,0.0,2017
VILLAGARZÓN,0.0,2017
SAN ANDRÉS,,2017
PROVIDENCIA,,2017
LETICIA,95.34,2017
EL ENCANTO,95.76,2017
LA CHORRERA,95.69,2017
LA PEDRERA,95.3,2017
LA VICTORIA,95.43,2017
MIRITÍ - PARANÁ,95.46,2017
PUERTO ALEGRÍA,95.53,2017
PUERTO ARICA,95.65,2017
PUERTO NARIÑO,95.36,2017
PUERTO SANTANDER,95.55,2017
TARAPACÁ,95.3,2017
INÍRIDA,94.42,2017
BARRANCOMINAS,93.78,2017
SAN FELIPE,98.23,2017
PUERTO COLOMBIA,95.16,2017
LA GUADALUPE,98.83,2017
CACAHUAL,96.42,2017
PANA PANA,94.96,2017
MORICHAL,94.44,2017
SAN JOSÉ DEL GUAVIARE,93.53,2017
CALAMAR,93.77,2017
EL RETORNO,94.2,2017
MIRAFLORES,94.59,2017
MITÚ,95.02,2017
CARURÚ,94.73,2017
PACOA,95.19,2017
TARAIRA,95.39,2017
PAPUNAHUA,94.91,2017
YAVARATÉ,95.2,2017
PUERTO CARREÑO,85.06,2017
LA PRIMAVERA,85.01,2017
SANTA ROSALÍA,86.48,2017
CUMARIBO,90.91,2017
MEDELLÍN,0.0,2018
ABEJORRAL,0.0,2018
ABRIAQUÍ,0.0,2018
ALEJANDRÍA,,2018
AMAGÁ,0.0,2018
AMALFI,0.0,2018
ANDES,0.0,2018
ANGELÓPOLIS,0.0,2018
ANGOSTURA,0.0,2018
ANORÍ,0.0,2018
SANTA FÉ DE ANTIOQUIA,0.0,2018
ANZÁ,0.0,2018
APARTADÓ,0.0,2018
ARBOLETES,0.0,2018
ARGELIA,0.0,2018
ARMENIA,0.0,2018
BARBOSA,0.0,2018
BELMIRA,0.0,2018
BELLO,0.0,2018
BETANIA,0.0,2018
BETULIA,0.0,2018
CIUDAD BOLÍVAR,0.0,2018
BRICEÑO,0.0,2018
BURITICÁ,0.0,2018
CÁCERES,0.0,2018
CAICEDO,0.0,2018
CALDAS,0.0,2018
CAMPAMENTO,0.0,2018
CAÑASGORDAS,0.0,2018
CARACOLÍ,0.0,2018
CARAMANTA,,2018
CAREPA,0.0,2018
EL CARMEN DE VIBORAL,0.0,2018
CAROLINA,0.0,2018
CAUCASIA,0.0,2018
CHIGORODÓ,0.0,2018
CISNEROS,,2018
COCORNÁ,0.0,2018
CONCEPCIÓN,0.0,2018
CONCORDIA,0.0,2018
COPACABANA,0.0,2018
DABEIBA,0.0,2018
DONMATÍAS,0.0,2018
EBÉJICO,0.0,2018
EL BAGRE,0.0,2018
ENTRERRÍOS,0.0,2018
ENVIGADO,,2018
FREDONIA,0.0,2018
FRONTINO,0.0,2018
GIRALDO,,2018
GIRARDOTA,,2018
GÓMEZ PLATA,0.0,2018
GRANADA,0.0,2018
GUADALUPE,0.0,2018
GUARNE,0.0,2018
GUATAPÉ,,2018
HELICONIA,0.0,2018
HISPANIA,0.0,2018
ITAGÜÍ,0.0,2018
ITUANGO,0.0,2018
JARDÍN,0.0,2018
JERICÓ,0.0,2018
LA CEJA,,2018
LA ESTRELLA,,2018
LA PINTADA,0.0,2018
LA UNIÓN,0.0,2018
LIBORINA,0.0,2018
MACEO,0.0,2018
MARINILLA,0.0,2018
MONTEBELLO,0.0,2018
MURINDÓ,0.0,2018
MUTATÁ,0.0,2018
NARIÑO,0.0,2018
NECOCLÍ,0.0,2018
NECHÍ,0.0,2018
OLAYA,0.0,2018
PEÑOL,0.0,2018
PEQUE,0.0,2018
PUEBLORRICO,,2018
PUERTO BERRÍO,0.0,2018
PUERTO NARE,0.0,2018
PUERTO TRIUNFO,0.0,2018
REMEDIOS,0.0,2018
RETIRO,0.0,2018
RIONEGRO,0.0,2018
SABANALARGA,0.0,2018
SABANETA,,2018
SALGAR,0.0,2018
SAN ANDRÉS DE CUERQUÍA,0.0,2018
SAN CARLOS,0.0,2018
SAN FRANCISCO,0.0,2018
SAN JERÓNIMO,0.0,2018
SAN JOSÉ DE LA MONTAÑA,0.0,2018
SAN JUAN DE URABÁ,0.0,2018
SAN LUIS,0.0,2018
SAN PEDRO DE LOS MILAGROS,0.0,2018
SAN PEDRO DE URABÁ,0.0,2018
SAN RAFAEL,0.0,2018
SAN ROQUE,0.0,2018
SAN VICENTE FERRER,0.0,2018
SANTA BÁRBARA,0.0,2018
SANTA ROSA DE OSOS,0.0,2018
SANTO DOMINGO,0.0,2018
EL SANTUARIO,,2018
SEGOVIA,0.0,2018
SONSÓN,0.0,2018
SOPETRÁN,0.0,2018
TÁMESIS,0.0,2018
TARAZÁ,0.0,2018
TARSO,,2018
TITIRIBÍ,0.0,2018
TOLEDO,0.0,2018
TURBO,0.0,2018
URAMITA,0.0,2018
URRAO,0.0,2018
VALDIVIA,0.0,2018
VALPARAÍSO,0.0,2018
VEGACHÍ,0.0,2018
VENECIA,0.0,2018
VIGÍA DEL FUERTE,0.0,2018
YALÍ,0.0,2018
YARUMAL,0.0,2018
YOLOMBÓ,0.0,2018
YONDÓ,0.0,2018
ZARAGOZA,0.0,2018
BARRANQUILLA,86.8,2018
BARANOA,90.87,2018
CAMPO DE LA CRUZ,88.72,2018
CANDELARIA,90.11,2018
GALAPA,89.31,2018
JUAN DE ACOSTA,88.66,2018
LURUACO,43.98,2018
MALAMBO,,2018
MANATÍ,88.14,2018
PALMAR DE VARELA,89.85,2018
PIOJÓ,29.36,2018
POLONUEVO,,2018
PONEDERA,91.28,2018
PUERTO COLOMBIA,87.11,2018
REPELÓN,44.17,2018
SABANAGRANDE,89.15,2018
SABANALARGA,90.12,2018
SANTA LUCÍA,,2018
SANTO TOMÁS,,2018
SOLEDAD,88.67,2018
SUAN,89.59,2018
TUBARÁ,88.83,2018
USIACURÍ,,2018
"BOGOTÁ, D.C.",0.0,2018
CARTAGENA DE INDIAS,0.0,2018
ACHÍ,0.0,2018
ALTOS DEL ROSARIO,0.0,2018
ARENAL,0.0,2018
ARJONA,0.0,2018
ARROYOHONDO,88.11,2018
BARRANCO DE LOBA,0.0,2018
CALAMAR,88.79,2018
CANTAGALLO,0.0,2018
CICUCO,0.0,2018
CÓRDOBA,0.0,2018
CLEMENCIA,,2018
EL CARMEN DE BOLÍVAR,0.0,2018
EL GUAMO,0.0,2018
EL PEÑÓN,0.0,2018
HATILLO DE LOBA,0.0,2018
MAGANGUÉ,0.0,2018
MAHATES,22.29,2018
MARGARITA,0.0,2018
MARÍA LA BAJA,0.0,2018
MONTECRISTO,0.0,2018
SANTA CRUZ DE MOMPOX,0.0,2018
MORALES,0.0,2018
NOROSÍ,0.0,2018
PINILLOS,0.0,2018
REGIDOR,0.0,2018
RÍO VIEJO,0.0,2018
SAN CRISTÓBAL,,2018
SAN ESTANISLAO,0.0,2018
SAN FERNANDO,0.0,2018
SAN JACINTO,0.0,2018
SAN JACINTO DEL CAUCA,0.0,2018
SAN JUAN NEPOMUCENO,0.0,2018
SAN MARTÍN DE LOBA,0.0,2018
SAN PABLO,0.0,2018
SANTA CATALINA,0.0,2018
SANTA ROSA,0.0,2018
SANTA ROSA DEL SUR,0.0,2018
SIMITÍ,0.0,2018
SOPLAVIENTO,88.03,2018
TALAIGUA NUEVO,0.0,2018
TIQUISIO,0.0,2018
TURBACO,0.0,2018
TURBANA,0.0,2018
VILLANUEVA,0.0,2018
ZAMBRANO,0.0,2018
TUNJA,0.0,2018
ALMEIDA,,2018
AQUITANIA,0.0,2018
ARCABUCO,,2018
BELÉN,0.0,2018
BERBEO,0.0,2018
BETÉITIVA,0.0,2018
BOAVITA,0.0,2018
BOYACÁ,,2018
BRICEÑO,0.0,2018
BUENAVISTA,0.0,2018
BUSBANZÁ,,2018
CALDAS,0.0,2018
CAMPOHERMOSO,0.0,2018
CERINZA,,2018
CHINAVITA,0.0,2018
CHIQUINQUIRÁ,0.0,2018
CHISCAS,0.0,2018
CHITA,0.0,2018
CHITARAQUE,0.0,2018
CHIVATÁ,,2018
CIÉNEGA,0.0,2018
CÓMBITA,0.0,2018
COPER,0.0,2018
CORRALES,,2018
COVARACHÍA,0.0,2018
CUBARÁ,0.0,2018
CUCAITA,,2018
CUÍTIVA,0.0,2018
CHÍQUIZA,0.0,2018
CHIVOR,0.0,2018
DUITAMA,0.0,2018
EL COCUY,0.0,2018
EL ESPINO,0.0,2018
FIRAVITOBA,0.0,2018
FLORESTA,0.0,2018
GACHANTIVÁ,,2018
GÁMEZA,0.0,2018
GARAGOA,0.0,2018
GUACAMAYAS,,2018
GUATEQUE,0.0,2018
GUAYATÁ,0.0,2018
GÜICÁN DE LA SIERRA,0.0,2018
IZA,0.0,2018
JENESANO,0.0,2018
JERICÓ,0.0,2018
LABRANZAGRANDE,0.0,2018
LA CAPILLA,,2018
LA VICTORIA,,2018
LA UVITA,,2018
VILLA DE LEYVA,0.0,2018
MACANAL,0.0,2018
MARIPÍ,0.0,2018
MIRAFLORES,0.0,2018
MONGUA,0.0,2018
MONGUÍ,0.0,2018
MONIQUIRÁ,0.0,2018
MOTAVITA,0.0,2018
MUZO,0.0,2018
NOBSA,,2018
NUEVO COLÓN,,2018
OICATÁ,0.0,2018
OTANCHE,0.0,2018
PACHAVITA,0.0,2018
PÁEZ,0.0,2018
PAIPA,0.0,2018
PAJARITO,0.0,2018
PANQUEBA,,2018
PAUNA,0.0,2018
PAYA,0.0,2018
PAZ DE RÍO,,2018
PESCA,0.0,2018
PISBA,0.0,2018
PUERTO BOYACÁ,0.0,2018
QUÍPAMA,0.0,2018
RAMIRIQUÍ,0.0,2018
RÁQUIRA,0.0,2018
RONDÓN,0.0,2018
SABOYÁ,0.0,2018
SÁCHICA,,2018
SAMACÁ,0.0,2018
SAN EDUARDO,,2018
SAN JOSÉ DE PARE,0.0,2018
SAN LUIS DE GACENO,0.0,2018
SAN MATEO,0.0,2018
SAN MIGUEL DE SEMA,,2018
SAN PABLO DE BORBUR,0.0,2018
SANTANA,0.0,2018
SANTA MARÍA,0.0,2018
SANTA ROSA DE VITERBO,0.0,2018
SANTA SOFÍA,0.0,2018
SATIVANORTE,0.0,2018
SATIVASUR,,2018
SIACHOQUE,0.0,2018
SOATÁ,0.0,2018
SOCOTÁ,0.0,2018
SOCHA,0.0,2018
SOGAMOSO,0.0,2018
SOMONDOCO,0.0,2018
SORA,,2018
SOTAQUIRÁ,0.0,2018
SORACÁ,0.0,2018
SUSACÓN,0.0,2018
SUTAMARCHÁN,0.0,2018
SUTATENZA,,2018
TASCO,0.0,2018
TENZA,0.0,2018
TIBANÁ,0.0,2018
TIBASOSA,0.0,2018
TINJACÁ,0.0,2018
TIPACOQUE,0.0,2018
TOCA,0.0,2018
TOGÜÍ,0.0,2018
TÓPAGA,,2018
TOTA,0.0,2018
TUNUNGUÁ,,2018
TURMEQUÉ,0.0,2018
TUTA,0.0,2018
TUTAZÁ,0.0,2018
ÚMBITA,0.0,2018
VENTAQUEMADA,0.0,2018
VIRACACHÁ,,2018
ZETAQUIRA,0.0,2018
MANIZALES,0.0,2018
AGUADAS,0.0,2018
ANSERMA,0.0,2018
ARANZAZU,0.0,2018
BELALCÁZAR,0.0,2018
CHINCHINÁ,0.0,2018
FILADELFIA,0.0,2018
LA DORADA,0.0,2018
LA MERCED,,2018
MANZANARES,0.0,2018
MARMATO,0.0,2018
MARQUETALIA,0.0,2018
MARULANDA,0.0,2018
NEIRA,0.0,2018
NORCASIA,0.0,2018
PÁCORA,0.0,2018
PALESTINA,,2018
PENSILVANIA,0.0,2018
RIOSUCIO,0.0,2018
RISARALDA,0.0,2018
SALAMINA,0.0,2018
SAMANÁ,0.0,2018
SAN JOSÉ,0.0,2018
SUPÍA,0.0,2018
VICTORIA,0.0,2018
VILLAMARÍA,0.0,2018
VITERBO,0.0,2018
FLORENCIA,0.0,2018
ALBANIA,0.0,2018
BELÉN DE LOS ANDAQUÍES,0.0,2018
CARTAGENA DEL CHAIRÁ,0.0,2018
CURILLO,0.0,2018
EL DONCELLO,0.0,2018
EL PAUJÍL,0.0,2018
LA MONTAÑITA,0.0,2018
MILÁN,0.0,2018
MORELIA,0.0,2018
PUERTO RICO,0.0,2018
SAN JOSÉ DEL FRAGUA,0.0,2018
SAN VICENTE DEL CAGUÁN,0.0,2018
SOLANO,0.0,2018
SOLITA,0.0,2018
VALPARAÍSO,0.0,2018
POPAYÁN,0.0,2018
ALMAGUER,0.0,2018
ARGELIA,0.0,2018
BALBOA,0.0,2018
BOLÍVAR,0.0,2018
BUENOS AIRES,0.0,2018
CAJIBÍO,0.0,2018
CALDONO,0.0,2018
CALOTO,0.0,2018
CORINTO,0.0,2018
EL TAMBO,0.0,2018
FLORENCIA,0.0,2018
GUACHENÉ,0.0,2018
GUAPI,0.0,2018
INZÁ,0.0,2018
JAMBALÓ,0.0,2018
LA SIERRA,0.0,2018
LA VEGA,0.0,2018
LÓPEZ DE MICAY,0.0,2018
MERCADERES,0.0,2018
MIRANDA,0.0,2018
MORALES,0.0,2018
PADILLA,0.0,2018
PÁEZ,0.0,2018
PATÍA,0.0,2018
PIAMONTE,0.0,2018
PIENDAMÓ - TUNÍA,0.0,2018
PUERTO TEJADA,,2018
PURACÉ,0.0,2018
ROSAS,0.0,2018
SAN SEBASTIÁN,0.0,2018
SANTANDER DE QUILICHAO,0.0,2018
SANTA ROSA,0.0,2018
SILVIA,0.0,2018
SOTARÁ PAISPAMBA,0.0,2018
SUÁREZ,0.0,2018
SUCRE,0.0,2018
TIMBÍO,0.0,2018
TIMBIQUÍ,0.0,2018
TORIBÍO,0.0,2018
TOTORÓ,0.0,2018
VILLA RICA,,2018
VALLEDUPAR,0.0,2018
AGUACHICA,0.0,2018
AGUSTÍN CODAZZI,0.0,2018
ASTREA,0.0,2018
BECERRIL,0.0,2018
BOSCONIA,0.0,2018
CHIMICHAGUA,0.0,2018
CHIRIGUANÁ,0.0,2018
CURUMANÍ,0.0,2018
EL COPEY,0.0,2018
EL PASO,0.0,2018
GAMARRA,0.0,2018
GONZÁLEZ,0.0,2018
LA GLORIA,0.0,2018
LA JAGUA DE IBIRICO,0.0,2018
MANAURE BALCÓN DEL CESAR,0.0,2018
PAILITAS,0.0,2018
PELAYA,0.0,2018
PUEBLO BELLO,0.0,2018
RÍO DE ORO,0.0,2018
LA PAZ,0.0,2018
SAN ALBERTO,0.0,2018
SAN DIEGO,0.0,2018
SAN MARTÍN,0.0,2018
TAMALAMEQUE,0.0,2018
MONTERÍA,0.0,2018
AYAPEL,0.0,2018
BUENAVISTA,0.0,2018
CANALETE,0.0,2018
CERETÉ,0.0,2018
CHIMÁ,0.0,2018
CHINÚ,0.0,2018
CIÉNAGA DE ORO,0.0,2018
COTORRA,,2018
LA APARTADA,0.0,2018
LORICA,0.0,2018
LOS CÓRDOBAS,0.0,2018
MOMIL,0.0,2018
MONTELÍBANO,0.0,2018
MOÑITOS,0.0,2018
PLANETA RICA,0.0,2018
PUEBLO NUEVO,0.0,2018
PUERTO ESCONDIDO,0.0,2018
PUERTO LIBERTADOR,0.0,2018
PURÍSIMA DE LA CONCEPCIÓN,0.0,2018
SAHAGÚN,0.0,2018
SAN ANDRÉS DE SOTAVENTO,0.0,2018
SAN ANTERO,0.0,2018
SAN BERNARDO DEL VIENTO,0.0,2018
SAN CARLOS,0.0,2018
SAN JOSÉ DE URÉ,0.0,2018
SAN PELAYO,0.0,2018
TIERRALTA,0.0,2018
TUCHÍN,,2018
VALENCIA,0.0,2018
AGUA DE DIOS,0.0,2018
ALBÁN,,2018
ANAPOIMA,0.0,2018
ANOLAIMA,0.0,2018
ARBELÁEZ,0.0,2018
BELTRÁN,0.0,2018
BITUIMA,,2018
BOJACÁ,0.0,2018
CABRERA,0.0,2018
CACHIPAY,0.0,2018
CAJICÁ,,2018
CAPARRAPÍ,0.0,2018
CÁQUEZA,0.0,2018
CARMEN DE CARUPA,0.0,2018
CHAGUANÍ,0.0,2018
CHÍA,0.0,2018
CHIPAQUE,0.0,2018
CHOACHÍ,0.0,2018
CHOCONTÁ,0.0,2018
COGUA,0.0,2018
COTA,0.0,2018
CUCUNUBÁ,0.0,2018
EL COLEGIO,0.0,2018
EL PEÑÓN,0.0,2018
EL ROSAL,,2018
FACATATIVÁ,0.0,2018
FÓMEQUE,0.0,2018
FOSCA,0.0,2018
FUNZA,0.0,2018
FÚQUENE,0.0,2018
FUSAGASUGÁ,0.0,2018
GACHALÁ,0.0,2018
GACHANCIPÁ,,2018
GACHETÁ,0.0,2018
GAMA,0.0,2018
GIRARDOT,0.0,2018
GRANADA,,2018
GUACHETÁ,0.0,2018
GUADUAS,0.0,2018
GUASCA,0.0,2018
GUATAQUÍ,,2018
GUATAVITA,0.0,2018
GUAYABAL DE SÍQUIMA,0.0,2018
GUAYABETAL,0.0,2018
GUTIÉRREZ,0.0,2018
JERUSALÉN,0.0,2018
JUNÍN,0.0,2018
LA CALERA,0.0,2018
LA MESA,0.0,2018
LA PALMA,0.0,2018
LA PEÑA,0.0,2018
LA VEGA,,2018
LENGUAZAQUE,0.0,2018
MACHETÁ,0.0,2018
MADRID,,2018
MANTA,,2018
MEDINA,0.0,2018
MOSQUERA,,2018
NARIÑO,0.0,2018
NEMOCÓN,0.0,2018
NILO,0.0,2018
NIMAIMA,,2018
NOCAIMA,0.0,2018
VENECIA,,2018
PACHO,0.0,2018
PAIME,0.0,2018
PANDI,0.0,2018
PARATEBUENO,0.0,2018
PASCA,0.0,2018
PUERTO SALGAR,0.0,2018
PULÍ,0.0,2018
QUEBRADANEGRA,0.0,2018
QUETAME,0.0,2018
QUIPILE,,2018
APULO,0.0,2018
RICAURTE,0.0,2018
SAN ANTONIO DEL TEQUENDAMA,,2018
SAN BERNARDO,0.0,2018
SAN CAYETANO,0.0,2018
SAN FRANCISCO,0.0,2018
SAN JUAN DE RIOSECO,0.0,2018
SASAIMA,0.0,2018
SESQUILÉ,0.0,2018
SIBATÉ,0.0,2018
SILVANIA,0.0,2018
SIMIJACA,0.0,2018
SOACHA,0.0,2018
SOPÓ,,2018
SUBACHOQUE,0.0,2018
SUESCA,0.0,2018
SUPATÁ,0.0,2018
SUSA,,2018
SUTATAUSA,,2018
TABIO,0.0,2018
TAUSA,0.0,2018
TENA,,2018
TENJO,0.0,2018
TIBACUY,0.0,2018
TIBIRITA,0.0,2018
TOCAIMA,0.0,2018
TOCANCIPÁ,0.0,2018
TOPAIPÍ,,2018
UBALÁ,0.0,2018
UBAQUE,0.0,2018
VILLA DE SAN DIEGO DE UBATÉ,0.0,2018
UNE,0.0,2018
ÚTICA,0.0,2018
VERGARA,0.0,2018
VIANÍ,,2018
VILLAGÓMEZ,0.0,2018
VILLAPINZÓN,0.0,2018
VILLETA,0.0,2018
VIOTÁ,0.0,2018
YACOPÍ,0.0,2018
ZIPACÓN,0.0,2018
ZIPAQUIRÁ,0.0,2018
QUIBDÓ,0.0,2018
ACANDÍ,0.0,2018
ALTO BAUDÓ,0.0,2018
ATRATO,0.0,2018
BAGADÓ,0.0,2018
BAHÍA SOLANO,0.0,2018
BAJO BAUDÓ,0.0,2018
BOJAYÁ,0.0,2018
EL CANTÓN DEL SAN PABLO,0.0,2018
CARMEN DEL DARIÉN,0.0,2018
CÉRTEGUI,0.0,2018
CONDOTO,0.0,2018
EL CARMEN DE ATRATO,0.0,2018
EL LITORAL DEL SAN JUAN,0.0,2018
ISTMINA,0.0,2018
JURADÓ,0.0,2018
LLORÓ,0.0,2018
MEDIO ATRATO,0.0,2018
MEDIO BAUDÓ,0.0,2018
MEDIO SAN JUAN,0.0,2018
NÓVITA,0.0,2018
NUQUÍ,0.0,2018
RÍO IRÓ,0.0,2018
RÍO QUITO,0.0,2018
RIOSUCIO,0.0,2018
SAN JOSÉ DEL PALMAR,0.0,2018
SIPÍ,0.0,2018
TADÓ,0.0,2018
UNGUÍA,0.0,2018
UNIÓN PANAMERICANA,,2018
NEIVA,0.0,2018
ACEVEDO,0.0,2018
AGRADO,0.0,2018
AIPE,0.0,2018
ALGECIRAS,0.0,2018
ALTAMIRA,0.0,2018
BARAYA,0.0,2018
CAMPOALEGRE,0.0,2018
COLOMBIA,0.0,2018
ELÍAS,0.0,2018
GARZÓN,0.0,2018
GIGANTE,0.0,2018
GUADALUPE,0.0,2018
HOBO,0.0,2018
ÍQUIRA,0.0,2018
ISNOS,0.0,2018
LA ARGENTINA,0.0,2018
LA PLATA,0.0,2018
NÁTAGA,0.0,2018
OPORAPA,0.0,2018
PAICOL,0.0,2018
PALERMO,0.0,2018
PALESTINA,0.0,2018
PITAL,0.0,2018
PITALITO,0.0,2018
RIVERA,0.0,2018
SALADOBLANCO,0.0,2018
SAN AGUSTÍN,0.0,2018
SANTA MARÍA,0.0,2018
SUAZA,0.0,2018
TARQUI,0.0,2018
TESALIA,0.0,2018
TELLO,0.0,2018
TERUEL,0.0,2018
TIMANÁ,0.0,2018
VILLAVIEJA,0.0,2018
YAGUARÁ,0.0,2018
RIOHACHA,0.0,2018
ALBANIA,0.0,2018
BARRANCAS,0.0,2018
DIBULLA,0.0,2018
DISTRACCIÓN,0.0,2018
EL MOLINO,0.0,2018
FONSECA,0.0,2018
HATONUEVO,0.0,2018
LA JAGUA DEL PILAR,0.0,2018
MAICAO,0.0,2018
MANAURE,0.0,2018
SAN JUAN DEL CESAR,0.0,2018
URIBIA,0.0,2018
URUMITA,0.0,2018
VILLANUEVA,0.0,2018
SANTA MARTA,0.0,2018
ALGARROBO,0.0,2018
ARACATACA,0.0,2018
ARIGUANÍ,0.0,2018
CERRO DE SAN ANTONIO,89.76,2018
CHIVOLO,22.55,2018
CIÉNAGA,0.0,2018
CONCORDIA,,2018
EL BANCO,0.0,2018
EL PIÑÓN,90.22,2018
EL RETÉN,0.0,2018
FUNDACIÓN,0.0,2018
GUAMAL,0.0,2018
NUEVA GRANADA,0.0,2018
PEDRAZA,66.34,2018
PIJIÑO DEL CARMEN,0.0,2018
PIVIJAY,31.99,2018
PLATO,0.0,2018
PUEBLOVIEJO,0.0,2018
REMOLINO,90.41,2018
SABANAS DE SAN ÁNGEL,0.0,2018
SALAMINA,90.27,2018
SAN SEBASTIÁN DE BUENAVISTA,0.0,2018
SAN ZENÓN,0.0,2018
SANTA ANA,0.0,2018
SANTA BÁRBARA DE PINTO,0.0,2018
SITIONUEVO,86.59,2018
TENERIFE,0.0,2018
ZAPAYÁN,44.88,2018
ZONA BANANERA,0.0,2018
VILLAVICENCIO,0.0,2018
ACACÍAS,0.0,2018
BARRANCA DE UPÍA,0.0,2018
CABUYARO,0.0,2018
CASTILLA LA NUEVA,0.0,2018
CUBARRAL,0.0,2018
CUMARAL,0.0,2018
EL CALVARIO,0.0,2018
EL CASTILLO,0.0,2018
EL DORADO,0.0,2018
FUENTE DE ORO,0.0,2018
GRANADA,0.0,2018
GUAMAL,0.0,2018
MAPIRIPÁN,0.0,2018
MESETAS,0.0,2018
LA MACARENA,0.0,2018
URIBE,0.0,2018
LEJANÍAS,0.0,2018
PUERTO CONCORDIA,0.0,2018
PUERTO GAITÁN,0.0,2018
PUERTO LÓPEZ,0.0,2018
PUERTO LLERAS,0.0,2018
PUERTO RICO,0.0,2018
RESTREPO,0.0,2018
SAN CARLOS DE GUAROA,0.0,2018
SAN JUAN DE ARAMA,0.0,2018
SAN JUANITO,0.0,2018
SAN MARTÍN,0.0,2018
VISTAHERMOSA,0.0,2018
PASTO,0.0,2018
ALBÁN,,2018
ALDANA,0.0,2018
ANCUYA,,2018
ARBOLEDA,0.0,2018
BARBACOAS,0.0,2018
BELÉN,,2018
BUESACO,0.0,2018
COLÓN,,2018
CONSACÁ,0.0,2018
CONTADERO,,2018
CÓRDOBA,0.0,2018
CUASPUD CARLOSAMA,,2018
CUMBAL,0.0,2018
CUMBITARA,0.0,2018
CHACHAGÜÍ,0.0,2018
EL CHARCO,0.0,2018
EL PEÑOL,0.0,2018
EL ROSARIO,0.0,2018
EL TABLÓN DE GÓMEZ,0.0,2018
EL TAMBO,0.0,2018
FUNES,0.0,2018
GUACHUCAL,,2018
GUAITARILLA,0.0,2018
GUALMATÁN,,2018
ILES,0.0,2018
IMUÉS,0.0,2018
IPIALES,0.0,2018
LA CRUZ,0.0,2018
LA FLORIDA,0.0,2018
LA LLANADA,0.0,2018
LA TOLA,0.0,2018
LA UNIÓN,0.0,2018
LEIVA,0.0,2018
LINARES,0.0,2018
LOS ANDES,0.0,2018
MAGÜÍ,0.0,2018
MALLAMA,0.0,2018
MOSQUERA,0.0,2018
NARIÑO,,2018
OLAYA HERRERA,0.0,2018
OSPINA,,2018
FRANCISCO PIZARRO,0.0,2018
POLICARPA,0.0,2018
POTOSÍ,0.0,2018
PROVIDENCIA,0.0,2018
PUERRES,0.0,2018
PUPIALES,0.0,2018
RICAURTE,0.0,2018
ROBERTO PAYÁN,0.0,2018
SAMANIEGO,0.0,2018
SANDONÁ,0.0,2018
SAN BERNARDO,,2018
SAN LORENZO,0.0,2018
SAN PABLO,0.0,2018
SAN PEDRO DE CARTAGO,,2018
SANTA BÁRBARA,0.0,2018
SANTACRUZ,0.0,2018
SAPUYES,0.0,2018
TAMINANGO,0.0,2018
TANGUA,0.0,2018
SAN ANDRÉS DE TUMACO,0.0,2018
TÚQUERRES,0.0,2018
YACUANQUER,,2018
SAN JOSÉ DE CÚCUTA,0.0,2018
ÁBREGO,0.0,2018
ARBOLEDAS,0.0,2018
BOCHALEMA,0.0,2018
BUCARASICA,0.0,2018
CÁCOTA,0.0,2018
CÁCHIRA,0.0,2018
CHINÁCOTA,0.0,2018
CHITAGÁ,0.0,2018
CONVENCIÓN,0.0,2018
CUCUTILLA,0.0,2018
DURANIA,0.0,2018
EL CARMEN,0.0,2018
EL TARRA,0.0,2018
EL ZULIA,0.0,2018
GRAMALOTE,0.0,2018
HACARÍ,0.0,2018
HERRÁN,0.0,2018
LABATECA,0.0,2018
LA ESPERANZA,0.0,2018
LA PLAYA,0.0,2018
LOS PATIOS,0.0,2018
LOURDES,0.0,2018
MUTISCUA,0.0,2018
OCAÑA,0.0,2018
PAMPLONA,0.0,2018
PAMPLONITA,0.0,2018
PUERTO SANTANDER,0.0,2018
RAGONVALIA,0.0,2018
SALAZAR,0.0,2018
SAN CALIXTO,0.0,2018
SAN CAYETANO,0.0,2018
SANTIAGO,0.0,2018
SARDINATA,0.0,2018
SILOS,0.0,2018
TEORAMA,0.0,2018
TIBÚ,0.0,2018
TOLEDO,0.0,2018
VILLA CARO,0.0,2018
VILLA DEL ROSARIO,0.0,2018
ARMENIA,0.0,2018
BUENAVISTA,,2018
CALARCÁ,0.0,2018
CIRCASIA,0.0,2018
CÓRDOBA,0.0,2018
FILANDIA,0.0,2018
GÉNOVA,0.0,2018
LA TEBAIDA,0.0,2018
MONTENEGRO,0.0,2018
PIJAO,0.0,2018
QUIMBAYA,0.0,2018
SALENTO,0.0,2018
PEREIRA,0.0,2018
APÍA,,2018
BALBOA,0.0,2018
BELÉN DE UMBRÍA,0.0,2018
DOSQUEBRADAS,,2018
GUÁTICA,0.0,2018
LA CELIA,0.0,2018
LA VIRGINIA,,2018
MARSELLA,0.0,2018
MISTRATÓ,0.0,2018
PUEBLO RICO,0.0,2018
QUINCHÍA,0.0,2018
SANTA ROSA DE CABAL,0.0,2018
SANTUARIO,0.0,2018
BUCARAMANGA,0.0,2018
AGUADA,0.0,2018
ALBANIA,0.0,2018
ARATOCA,0.0,2018
BARBOSA,,2018
BARICHARA,0.0,2018
BARRANCABERMEJA,0.0,2018
BETULIA,0.0,2018
BOLÍVAR,0.0,2018
CABRERA,,2018
CALIFORNIA,,2018
CAPITANEJO,,2018
CARCASÍ,0.0,2018
CEPITÁ,0.0,2018
CERRITO,0.0,2018
CHARALÁ,0.0,2018
CHARTA,,2018
CHIMA,0.0,2018
CHIPATÁ,0.0,2018
CIMITARRA,0.0,2018
CONCEPCIÓN,0.0,2018
CONFINES,,2018
CONTRATACIÓN,0.0,2018
COROMORO,0.0,2018
CURITÍ,0.0,2018
EL CARMEN DE CHUCURÍ,0.0,2018
EL GUACAMAYO,0.0,2018
EL PEÑÓN,0.0,2018
EL PLAYÓN,0.0,2018
ENCINO,0.0,2018
ENCISO,0.0,2018
FLORIÁN,0.0,2018
FLORIDABLANCA,,2018
GALÁN,0.0,2018
GÁMBITA,0.0,2018
GIRÓN,0.0,2018
GUACA,0.0,2018
GUADALUPE,0.0,2018
GUAPOTÁ,,2018
GUAVATÁ,,2018
GÜEPSA,0.0,2018
HATO,0.0,2018
JESÚS MARÍA,,2018
JORDÁN,0.0,2018
LA BELLEZA,0.0,2018
LANDÁZURI,0.0,2018
LA PAZ,0.0,2018
LEBRIJA,0.0,2018
LOS SANTOS,0.0,2018
MACARAVITA,0.0,2018
MÁLAGA,,2018
MATANZA,0.0,2018
MOGOTES,0.0,2018
MOLAGAVITA,0.0,2018
OCAMONTE,,2018
OIBA,0.0,2018
ONZAGA,0.0,2018
PALMAR,0.0,2018
PALMAS DEL SOCORRO,0.0,2018
PÁRAMO,0.0,2018
PIEDECUESTA,0.0,2018
PINCHOTE,,2018
PUENTE NACIONAL,0.0,2018
PUERTO PARRA,0.0,2018
PUERTO WILCHES,0.0,2018
RIONEGRO,0.0,2018
SABANA DE TORRES,0.0,2018
SAN ANDRÉS,0.0,2018
SAN BENITO,,2018
SAN GIL,0.0,2018
SAN JOAQUÍN,0.0,2018
SAN JOSÉ DE MIRANDA,,2018
SAN MIGUEL,,2018
SAN VICENTE DE CHUCURÍ,0.0,2018
SANTA BÁRBARA,0.0,2018
SANTA HELENA DEL OPÓN,0.0,2018
SIMACOTA,0.0,2018
SOCORRO,0.0,2018
SUAITA,0.0,2018
SUCRE,0.0,2018
SURATÁ,0.0,2018
TONA,0.0,2018
VALLE DE SAN JOSÉ,0.0,2018
VÉLEZ,0.0,2018
VETAS,0.0,2018
VILLANUEVA,,2018
ZAPATOCA,0.0,2018
SINCELEJO,0.0,2018
BUENAVISTA,0.0,2018
CAIMITO,0.0,2018
COLOSÓ,0.0,2018
COROZAL,0.0,2018
COVEÑAS,0.0,2018
CHALÁN,0.0,2018
EL ROBLE,0.0,2018
GALERAS,0.0,2018
GUARANDA,0.0,2018
LA UNIÓN,0.0,2018
LOS PALMITOS,0.0,2018
MAJAGUAL,0.0,2018
MORROA,0.0,2018
OVEJAS,0.0,2018
PALMITO,0.0,2018
SAMPUÉS,0.0,2018
SAN BENITO ABAD,0.0,2018
SAN JUAN DE BETULIA,0.0,2018
SAN MARCOS,0.0,2018
SAN ONOFRE,0.0,2018
SAN PEDRO,0.0,2018
SAN LUIS DE SINCÉ,0.0,2018
SUCRE,0.0,2018
SANTIAGO DE TOLÚ,0.0,2018
SAN JOSÉ DE TOLUVIEJO,0.0,2018
IBAGUÉ,0.0,2018
ALPUJARRA,0.0,2018
ALVARADO,0.0,2018
AMBALEMA,0.0,2018
ANZOÁTEGUI,0.0,2018
ARMERO,0.0,2018
ATACO,0.0,2018
CAJAMARCA,0.0,2018
CARMEN DE APICALÁ,0.0,2018
CASABIANCA,0.0,2018
CHAPARRAL,0.0,2018
COELLO,0.0,2018
COYAIMA,0.0,2018
CUNDAY,0.0,2018
DOLORES,0.0,2018
ESPINAL,0.0,2018
FALAN,,2018
FLANDES,,2018
FRESNO,0.0,2018
GUAMO,0.0,2018
HERVEO,0.0,2018
HONDA,0.0,2018
ICONONZO,0.0,2018
LÉRIDA,0.0,2018
LÍBANO,0.0,2018
SAN SEBASTIÁN DE MARIQUITA,0.0,2018
MELGAR,0.0,2018
MURILLO,0.0,2018
NATAGAIMA,0.0,2018
ORTEGA,0.0,2018
PALOCABILDO,0.0,2018
PIEDRAS,0.0,2018
PLANADAS,0.0,2018
PRADO,0.0,2018
PURIFICACIÓN,0.0,2018
RIOBLANCO,0.0,2018
RONCESVALLES,0.0,2018
ROVIRA,0.0,2018
SALDAÑA,0.0,2018
SAN ANTONIO,0.0,2018
SAN LUIS,0.0,2018
SANTA ISABEL,0.0,2018
SUÁREZ,0.0,2018
VALLE DE SAN JUAN,0.0,2018
VENADILLO,0.0,2018
VILLAHERMOSA,0.0,2018
VILLARRICA,0.0,2018
CALI,0.0,2018
ALCALÁ,0.0,2018
ANDALUCÍA,0.0,2018
ANSERMANUEVO,0.0,2018
ARGELIA,0.0,2018
BOLÍVAR,0.0,2018
BUENAVENTURA,0.0,2018
GUADALAJARA DE BUGA,0.0,2018
BUGALAGRANDE,0.0,2018
CAICEDONIA,0.0,2018
CALIMA,0.0,2018
CANDELARIA,0.0,2018
CARTAGO,0.0,2018
DAGUA,0.0,2018
EL ÁGUILA,0.0,2018
EL CAIRO,0.0,2018
EL CERRITO,0.0,2018
EL DOVIO,0.0,2018
FLORIDA,0.0,2018
GINEBRA,0.0,2018
GUACARÍ,0.0,2018
JAMUNDÍ,0.0,2018
LA CUMBRE,0.0,2018
LA UNIÓN,,2018
LA VICTORIA,0.0,2018
OBANDO,0.0,2018
PALMIRA,0.0,2018
PRADERA,0.0,2018
RESTREPO,0.0,2018
RIOFRÍO,0.0,2018
ROLDANILLO,0.0,2018
SAN PEDRO,0.0,2018
SEVILLA,0.0,2018
TORO,0.0,2018
TRUJILLO,0.0,2018
TULUÁ,0.0,2018
ULLOA,,2018
VERSALLES,0.0,2018
VIJES,0.0,2018
YOTOCO,0.0,2018
YUMBO,0.0,2018
ZARZAL,0.0,2018
ARAUCA,0.0,2018
ARAUQUITA,0.0,2018
CRAVO NORTE,0.0,2018
FORTUL,0.0,2018
PUERTO RONDÓN,0.0,2018
SARAVENA,0.0,2018
TAME,0.0,2018
YOPAL,0.0,2018
AGUAZUL,0.0,2018
CHÁMEZA,0.0,2018
HATO COROZAL,0.0,2018
LA SALINA,0.0,2018
MANÍ,0.0,2018
MONTERREY,0.0,2018
NUNCHÍA,0.0,2018
OROCUÉ,0.0,2018
PAZ DE ARIPORO,0.0,2018
PORE,0.0,2018
RECETOR,0.0,2018
SABANALARGA,0.0,2018
SÁCAMA,0.0,2018
SAN LUIS DE PALENQUE,0.0,2018
TÁMARA,0.0,2018
TAURAMENA,0.0,2018
TRINIDAD,0.0,2018
VILLANUEVA,0.0,2018
MOCOA,0.0,2018
COLÓN,0.0,2018
ORITO,0.0,2018
PUERTO ASÍS,0.0,2018
PUERTO CAICEDO,0.0,2018
PUERTO GUZMÁN,0.0,2018
PUERTO LEGUÍZAMO,0.0,2018
SIBUNDOY,0.0,2018
SAN FRANCISCO,0.0,2018
SAN MIGUEL,0.0,2018
SANTIAGO,0.0,2018
VALLE DEL GUAMUEZ,0.0,2018
VILLAGARZÓN,0.0,2018
SAN ANDRÉS,,2018
PROVIDENCIA,,2018
LETICIA,0.0,2018
EL ENCANTO,0.0,2018
LA CHORRERA,0.0,2018
LA PEDRERA,0.0,2018
LA VICTORIA,0.0,2018
MIRITÍ - PARANÁ,0.0,2018
PUERTO ALEGRÍA,0.0,2018
PUERTO ARICA,0.0,2018
PUERTO NARIÑO,0.0,2018
PUERTO SANTANDER,0.0,2018
TARAPACÁ,0.0,2018
INÍRIDA,0.0,2018
BARRANCOMINAS,0.0,2018
SAN FELIPE,0.0,2018
PUERTO COLOMBIA,0.0,2018
LA GUADALUPE,0.0,2018
CACAHUAL,0.0,2018
PANA PANA,0.0,2018
MORICHAL,0.0,2018
SAN JOSÉ DEL GUAVIARE,0.0,2018
CALAMAR,0.0,2018
EL RETORNO,0.0,2018
MIRAFLORES,0.0,2018
MITÚ,0.0,2018
CARURÚ,0.0,2018
PACOA,0.0,2018
TARAIRA,0.0,2018
PAPUNAHUA,0.0,2018
YAVARATÉ,0.0,2018
PUERTO CARREÑO,0.0,2018
LA PRIMAVERA,0.0,2018
SANTA ROSALÍA,0.0,2018
CUMARIBO,0.0,2018
MEDELLÍN,0.0,2019
ABEJORRAL,0.0,2019
ABRIAQUÍ,0.0,2019
ALEJANDRÍA,,2019
AMAGÁ,0.0,2019
AMALFI,0.0,2019
ANDES,0.0,2019
ANGELÓPOLIS,0.0,2019
ANGOSTURA,0.0,2019
ANORÍ,0.0,2019
SANTA FÉ DE ANTIOQUIA,0.0,2019
ANZÁ,0.0,2019
APARTADÓ,0.0,2019
ARBOLETES,0.0,2019
ARGELIA,0.0,2019
ARMENIA,0.0,2019
BARBOSA,0.0,2019
BELMIRA,0.0,2019
BELLO,0.0,2019
BETANIA,0.0,2019
BETULIA,0.0,2019
CIUDAD BOLÍVAR,0.0,2019
BRICEÑO,0.0,2019
BURITICÁ,0.0,2019
CÁCERES,0.0,2019
CAICEDO,0.0,2019
CALDAS,0.0,2019
CAMPAMENTO,0.0,2019
CAÑASGORDAS,0.0,2019
CARACOLÍ,0.0,2019
CARAMANTA,,2019
CAREPA,0.0,2019
EL CARMEN DE VIBORAL,0.0,2019
CAROLINA,0.0,2019
CAUCASIA,0.0,2019
CHIGORODÓ,0.0,2019
CISNEROS,,2019
COCORNÁ,0.0,2019
CONCEPCIÓN,0.0,2019
CONCORDIA,0.0,2019
COPACABANA,0.0,2019
DABEIBA,0.0,2019
DONMATÍAS,0.0,2019
EBÉJICO,0.0,2019
EL BAGRE,0.0,2019
ENTRERRÍOS,0.0,2019
ENVIGADO,,2019
FREDONIA,0.0,2019
FRONTINO,0.0,2019
GIRALDO,,2019
GIRARDOTA,,2019
GÓMEZ PLATA,0.0,2019
GRANADA,0.0,2019
GUADALUPE,0.0,2019
GUARNE,0.0,2019
GUATAPÉ,,2019
HELICONIA,0.0,2019
HISPANIA,0.0,2019
ITAGÜÍ,0.0,2019
ITUANGO,0.0,2019
JARDÍN,0.0,2019
JERICÓ,0.0,2019
LA CEJA,,2019
LA ESTRELLA,,2019
LA PINTADA,0.0,2019
LA UNIÓN,0.0,2019
LIBORINA,0.0,2019
MACEO,0.0,2019
MARINILLA,0.0,2019
MONTEBELLO,0.0,2019
MURINDÓ,0.0,2019
MUTATÁ,0.0,2019
NARIÑO,0.0,2019
NECOCLÍ,0.0,2019
NECHÍ,0.0,2019
OLAYA,0.0,2019
PEÑOL,0.0,2019
PEQUE,0.0,2019
PUEBLORRICO,,2019
PUERTO BERRÍO,0.0,2019
PUERTO NARE,0.0,2019
PUERTO TRIUNFO,0.0,2019
REMEDIOS,0.0,2019
RETIRO,0.0,2019
RIONEGRO,0.0,2019
SABANALARGA,0.0,2019
SABANETA,,2019
SALGAR,0.0,2019
SAN ANDRÉS DE CUERQUÍA,0.0,2019
SAN CARLOS,0.0,2019
SAN FRANCISCO,0.0,2019
SAN JERÓNIMO,0.0,2019
SAN JOSÉ DE LA MONTAÑA,0.0,2019
SAN JUAN DE URABÁ,0.0,2019
SAN LUIS,0.0,2019
SAN PEDRO DE LOS MILAGROS,0.0,2019
SAN PEDRO DE URABÁ,0.0,2019
SAN RAFAEL,0.0,2019
SAN ROQUE,0.0,2019
SAN VICENTE FERRER,0.0,2019
SANTA BÁRBARA,0.0,2019
SANTA ROSA DE OSOS,0.0,2019
SANTO DOMINGO,0.0,2019
EL SANTUARIO,,2019
SEGOVIA,0.0,2019
SONSÓN,0.0,2019
SOPETRÁN,0.0,2019
TÁMESIS,0.0,2019
TARAZÁ,0.0,2019
TARSO,,2019
TITIRIBÍ,0.0,2019
TOLEDO,0.0,2019
TURBO,0.0,2019
URAMITA,0.0,2019
URRAO,0.0,2019
VALDIVIA,0.0,2019
VALPARAÍSO,0.0,2019
VEGACHÍ,0.0,2019
VENECIA,0.0,2019
VIGÍA DEL FUERTE,0.0,2019
YALÍ,0.0,2019
YARUMAL,0.0,2019
YOLOMBÓ,0.0,2019
YONDÓ,0.0,2019
ZARAGOZA,0.0,2019
BARRANQUILLA,87.17,2019
BARANOA,90.46,2019
CAMPO DE LA CRUZ,88.3,2019
CANDELARIA,89.7,2019
GALAPA,89.63,2019
JUAN DE ACOSTA,87.8,2019
LURUACO,43.61,2019
MALAMBO,,2019
MANATÍ,87.4,2019
PALMAR DE VARELA,89.57,2019
PIOJÓ,29.06,2019
POLONUEVO,,2019
PONEDERA,90.99,2019
PUERTO COLOMBIA,87.47,2019
REPELÓN,43.83,2019
SABANAGRANDE,88.79,2019
SABANALARGA,89.59,2019
SANTA LUCÍA,,2019
SANTO TOMÁS,,2019
SOLEDAD,88.95,2019
SUAN,89.22,2019
TUBARÁ,88.9,2019
USIACURÍ,,2019
"BOGOTÁ, D.C.",0.0,2019
CARTAGENA DE INDIAS,0.0,2019
ACHÍ,0.0,2019
ALTOS DEL ROSARIO,0.0,2019
ARENAL,0.0,2019
ARJONA,0.0,2019
ARROYOHONDO,87.3,2019
BARRANCO DE LOBA,0.0,2019
CALAMAR,88.4,2019
CANTAGALLO,0.0,2019
CICUCO,0.0,2019
CÓRDOBA,0.0,2019
CLEMENCIA,,2019
EL CARMEN DE BOLÍVAR,0.0,2019
EL GUAMO,0.0,2019
EL PEÑÓN,0.0,2019
HATILLO DE LOBA,0.0,2019
MAGANGUÉ,0.0,2019
MAHATES,22.2,2019
MARGARITA,0.0,2019
MARÍA LA BAJA,0.0,2019
MONTECRISTO,0.0,2019
SANTA CRUZ DE MOMPOX,0.0,2019
MORALES,0.0,2019
NOROSÍ,0.0,2019
PINILLOS,0.0,2019
REGIDOR,0.0,2019
RÍO VIEJO,0.0,2019
SAN CRISTÓBAL,,2019
SAN ESTANISLAO,0.0,2019
SAN FERNANDO,0.0,2019
SAN JACINTO,0.0,2019
SAN JACINTO DEL CAUCA,0.0,2019
SAN JUAN NEPOMUCENO,0.0,2019
SAN MARTÍN DE LOBA,0.0,2019
SAN PABLO,0.0,2019
SANTA CATALINA,0.0,2019
SANTA ROSA,0.0,2019
SANTA ROSA DEL SUR,0.0,2019
SIMITÍ,0.0,2019
SOPLAVIENTO,87.34,2019
TALAIGUA NUEVO,0.0,2019
TIQUISIO,0.0,2019
TURBACO,0.0,2019
TURBANA,0.0,2019
VILLANUEVA,0.0,2019
ZAMBRANO,0.0,2019
TUNJA,0.0,2019
ALMEIDA,,2019
AQUITANIA,0.0,2019
ARCABUCO,,2019
BELÉN,0.0,2019
BERBEO,0.0,2019
BETÉITIVA,0.0,2019
BOAVITA,0.0,2019
BOYACÁ,,2019
BRICEÑO,0.0,2019
BUENAVISTA,0.0,2019
BUSBANZÁ,,2019
CALDAS,0.0,2019
CAMPOHERMOSO,0.0,2019
CERINZA,,2019
CHINAVITA,0.0,2019
CHIQUINQUIRÁ,0.0,2019
CHISCAS,0.0,2019
CHITA,0.0,2019
CHITARAQUE,0.0,2019
CHIVATÁ,,2019
CIÉNEGA,0.0,2019
CÓMBITA,0.0,2019
COPER,0.0,2019
CORRALES,,2019
COVARACHÍA,0.0,2019
CUBARÁ,0.0,2019
CUCAITA,,2019
CUÍTIVA,0.0,2019
CHÍQUIZA,0.0,2019
CHIVOR,0.0,2019
DUITAMA,0.0,2019
EL COCUY,0.0,2019
EL ESPINO,0.0,2019
FIRAVITOBA,0.0,2019
FLORESTA,0.0,2019
GACHANTIVÁ,,2019
GÁMEZA,0.0,2019
GARAGOA,0.0,2019
GUACAMAYAS,,2019
GUATEQUE,0.0,2019
GUAYATÁ,0.0,2019
GÜICÁN DE LA SIERRA,0.0,2019
IZA,0.0,2019
JENESANO,0.0,2019
JERICÓ,0.0,2019
LABRANZAGRANDE,0.0,2019
LA CAPILLA,,2019
LA VICTORIA,,2019
LA UVITA,,2019
VILLA DE LEYVA,0.0,2019
MACANAL,0.0,2019
MARIPÍ,0.0,2019
MIRAFLORES,0.0,2019
MONGUA,0.0,2019
MONGUÍ,0.0,2019
MONIQUIRÁ,0.0,2019
MOTAVITA,0.0,2019
MUZO,0.0,2019
NOBSA,,2019
NUEVO COLÓN,,2019
OICATÁ,0.0,2019
OTANCHE,0.0,2019
PACHAVITA,0.0,2019
PÁEZ,0.0,2019
PAIPA,0.0,2019
PAJARITO,0.0,2019
PANQUEBA,,2019
PAUNA,0.0,2019
PAYA,0.0,2019
PAZ DE RÍO,,2019
PESCA,0.0,2019
PISBA,0.0,2019
PUERTO BOYACÁ,0.0,2019
QUÍPAMA,0.0,2019
RAMIRIQUÍ,0.0,2019
RÁQUIRA,0.0,2019
RONDÓN,0.0,2019
SABOYÁ,0.0,2019
SÁCHICA,,2019
SAMACÁ,0.0,2019
SAN EDUARDO,,2019
SAN JOSÉ DE PARE,0.0,2019
SAN LUIS DE GACENO,0.0,2019
SAN MATEO,0.0,2019
SAN MIGUEL DE SEMA,,2019
SAN PABLO DE BORBUR,0.0,2019
SANTANA,0.0,2019
SANTA MARÍA,0.0,2019
SANTA ROSA DE VITERBO,0.0,2019
SANTA SOFÍA,0.0,2019
SATIVANORTE,0.0,2019
SATIVASUR,,2019
SIACHOQUE,0.0,2019
SOATÁ,0.0,2019
SOCOTÁ,0.0,2019
SOCHA,0.0,2019
SOGAMOSO,0.0,2019
SOMONDOCO,0.0,2019
SORA,,2019
SOTAQUIRÁ,0.0,2019
SORACÁ,0.0,2019
SUSACÓN,0.0,2019
SUTAMARCHÁN,0.0,2019
SUTATENZA,,2019
TASCO,0.0,2019
TENZA,0.0,2019
TIBANÁ,0.0,2019
TIBASOSA,0.0,2019
TINJACÁ,0.0,2019
TIPACOQUE,0.0,2019
TOCA,0.0,2019
TOGÜÍ,0.0,2019
TÓPAGA,,2019
TOTA,0.0,2019
TUNUNGUÁ,,2019
TURMEQUÉ,0.0,2019
TUTA,0.0,2019
TUTAZÁ,0.0,2019
ÚMBITA,0.0,2019
VENTAQUEMADA,0.0,2019
VIRACACHÁ,,2019
ZETAQUIRA,0.0,2019
MANIZALES,0.0,2019
AGUADAS,0.0,2019
ANSERMA,0.0,2019
ARANZAZU,0.0,2019
BELALCÁZAR,0.0,2019
CHINCHINÁ,0.0,2019
FILADELFIA,0.0,2019
LA DORADA,0.0,2019
LA MERCED,,2019
MANZANARES,0.0,2019
MARMATO,0.0,2019
MARQUETALIA,0.0,2019
MARULANDA,0.0,2019
NEIRA,0.0,2019
NORCASIA,0.0,2019
PÁCORA,0.0,2019
PALESTINA,,2019
PENSILVANIA,0.0,2019
RIOSUCIO,0.0,2019
RISARALDA,0.0,2019
SALAMINA,0.0,2019
SAMANÁ,0.0,2019
SAN JOSÉ,0.0,2019
SUPÍA,0.0,2019
VICTORIA,0.0,2019
VILLAMARÍA,0.0,2019
VITERBO,0.0,2019
FLORENCIA,0.0,2019
ALBANIA,0.0,2019
BELÉN DE LOS ANDAQUÍES,0.0,2019
CARTAGENA DEL CHAIRÁ,0.0,2019
CURILLO,0.0,2019
EL DONCELLO,0.0,2019
EL PAUJÍL,0.0,2019
LA MONTAÑITA,0.0,2019
MILÁN,0.0,2019
MORELIA,0.0,2019
PUERTO RICO,0.0,2019
SAN JOSÉ DEL FRAGUA,0.0,2019
SAN VICENTE DEL CAGUÁN,0.0,2019
SOLANO,0.0,2019
SOLITA,0.0,2019
VALPARAÍSO,0.0,2019
POPAYÁN,0.0,2019
ALMAGUER,0.0,2019
ARGELIA,0.0,2019
BALBOA,0.0,2019
BOLÍVAR,0.0,2019
BUENOS AIRES,0.0,2019
CAJIBÍO,0.0,2019
CALDONO,0.0,2019
CALOTO,0.0,2019
CORINTO,0.0,2019
EL TAMBO,0.0,2019
FLORENCIA,0.0,2019
GUACHENÉ,0.0,2019
GUAPI,0.0,2019
INZÁ,0.0,2019
JAMBALÓ,0.0,2019
LA SIERRA,0.0,2019
LA VEGA,0.0,2019
LÓPEZ DE MICAY,0.0,2019
MERCADERES,0.0,2019
MIRANDA,0.0,2019
MORALES,0.0,2019
PADILLA,0.0,2019
PÁEZ,0.0,2019
PATÍA,0.0,2019
PIAMONTE,0.0,2019
PIENDAMÓ - TUNÍA,0.0,2019
PUERTO TEJADA,,2019
PURACÉ,0.0,2019
ROSAS,0.0,2019
SAN SEBASTIÁN,0.0,2019
SANTANDER DE QUILICHAO,0.0,2019
SANTA ROSA,0.0,2019
SILVIA,0.0,2019
SOTARÁ PAISPAMBA,0.0,2019
SUÁREZ,0.0,2019
SUCRE,0.0,2019
TIMBÍO,0.0,2019
TIMBIQUÍ,0.0,2019
TORIBÍO,0.0,2019
TOTORÓ,0.0,2019
VILLA RICA,,2019
VALLEDUPAR,0.0,2019
AGUACHICA,0.0,2019
AGUSTÍN CODAZZI,0.0,2019
ASTREA,0.0,2019
BECERRIL,0.0,2019
BOSCONIA,0.0,2019
CHIMICHAGUA,0.0,2019
CHIRIGUANÁ,0.0,2019
CURUMANÍ,0.0,2019
EL COPEY,0.0,2019
EL PASO,0.0,2019
GAMARRA,0.0,2019
GONZÁLEZ,0.0,2019
LA GLORIA,0.0,2019
LA JAGUA DE IBIRICO,0.0,2019
MANAURE BALCÓN DEL CESAR,0.0,2019
PAILITAS,0.0,2019
PELAYA,0.0,2019
PUEBLO BELLO,0.0,2019
RÍO DE ORO,0.0,2019
LA PAZ,0.0,2019
SAN ALBERTO,0.0,2019
SAN DIEGO,0.0,2019
SAN MARTÍN,0.0,2019
TAMALAMEQUE,0.0,2019
MONTERÍA,0.0,2019
AYAPEL,0.0,2019
BUENAVISTA,0.0,2019
CANALETE,0.0,2019
CERETÉ,0.0,2019
CHIMÁ,0.0,2019
CHINÚ,0.0,2019
CIÉNAGA DE ORO,0.0,2019
COTORRA,,2019
LA APARTADA,0.0,2019
LORICA,0.0,2019
LOS CÓRDOBAS,0.0,2019
MOMIL,0.0,2019
MONTELÍBANO,0.0,2019
MOÑITOS,0.0,2019
PLANETA RICA,0.0,2019
PUEBLO NUEVO,0.0,2019
PUERTO ESCONDIDO,0.0,2019
PUERTO LIBERTADOR,0.0,2019
PURÍSIMA DE LA CONCEPCIÓN,0.0,2019
SAHAGÚN,0.0,2019
SAN ANDRÉS DE SOTAVENTO,0.0,2019
SAN ANTERO,0.0,2019
SAN BERNARDO DEL VIENTO,0.0,2019
SAN CARLOS,0.0,2019
SAN JOSÉ DE URÉ,0.0,2019
SAN PELAYO,0.0,2019
TIERRALTA,0.0,2019
TUCHÍN,,2019
VALENCIA,0.0,2019
AGUA DE DIOS,0.0,2019
ALBÁN,,2019
ANAPOIMA,0.0,2019
ANOLAIMA,0.0,2019
ARBELÁEZ,0.0,2019
BELTRÁN,0.0,2019
BITUIMA,,2019
BOJACÁ,0.0,2019
CABRERA,0.0,2019
CACHIPAY,0.0,2019
CAJICÁ,,2019
CAPARRAPÍ,0.0,2019
CÁQUEZA,0.0,2019
CARMEN DE CARUPA,0.0,2019
CHAGUANÍ,0.0,2019
CHÍA,0.0,2019
CHIPAQUE,0.0,2019
CHOACHÍ,0.0,2019
CHOCONTÁ,0.0,2019
COGUA,0.0,2019
COTA,0.0,2019
CUCUNUBÁ,0.0,2019
EL COLEGIO,0.0,2019
EL PEÑÓN,0.0,2019
EL ROSAL,,2019
FACATATIVÁ,0.0,2019
FÓMEQUE,0.0,2019
FOSCA,0.0,2019
FUNZA,0.0,2019
FÚQUENE,0.0,2019
FUSAGASUGÁ,0.0,2019
GACHALÁ,0.0,2019
GACHANCIPÁ,,2019
GACHETÁ,0.0,2019
GAMA,0.0,2019
GIRARDOT,0.0,2019
GRANADA,,2019
GUACHETÁ,0.0,2019
GUADUAS,0.0,2019
GUASCA,0.0,2019
GUATAQUÍ,,2019
GUATAVITA,0.0,2019
GUAYABAL DE SÍQUIMA,0.0,2019
GUAYABETAL,0.0,2019
GUTIÉRREZ,0.0,2019
JERUSALÉN,0.0,2019
JUNÍN,0.0,2019
LA CALERA,0.0,2019
LA MESA,0.0,2019
LA PALMA,0.0,2019
LA PEÑA,0.0,2019
LA VEGA,,2019
LENGUAZAQUE,0.0,2019
MACHETÁ,0.0,2019
MADRID,,2019
MANTA,,2019
MEDINA,0.0,2019
MOSQUERA,,2019
NARIÑO,0.0,2019
NEMOCÓN,0.0,2019
NILO,0.0,2019
NIMAIMA,,2019
NOCAIMA,0.0,2019
VENECIA,,2019
PACHO,0.0,2019
PAIME,0.0,2019
PANDI,0.0,2019
PARATEBUENO,0.0,2019
PASCA,0.0,2019
PUERTO SALGAR,0.0,2019
PULÍ,0.0,2019
QUEBRADANEGRA,0.0,2019
QUETAME,0.0,2019
QUIPILE,,2019
APULO,0.0,2019
RICAURTE,0.0,2019
SAN ANTONIO DEL TEQUENDAMA,,2019
SAN BERNARDO,0.0,2019
SAN CAYETANO,0.0,2019
SAN FRANCISCO,0.0,2019
SAN JUAN DE RIOSECO,0.0,2019
SASAIMA,0.0,2019
SESQUILÉ,0.0,2019
SIBATÉ,0.0,2019
SILVANIA,0.0,2019
SIMIJACA,0.0,2019
SOACHA,0.0,2019
SOPÓ,,2019
SUBACHOQUE,0.0,2019
SUESCA,0.0,2019
SUPATÁ,0.0,2019
SUSA,,2019
SUTATAUSA,,2019
TABIO,0.0,2019
TAUSA,0.0,2019
TENA,,2019
TENJO,0.0,2019
TIBACUY,0.0,2019
TIBIRITA,0.0,2019
TOCAIMA,0.0,2019
TOCANCIPÁ,0.0,2019
TOPAIPÍ,,2019
UBALÁ,0.0,2019
UBAQUE,0.0,2019
VILLA DE SAN DIEGO DE UBATÉ,0.0,2019
UNE,0.0,2019
ÚTICA,0.0,2019
VERGARA,0.0,2019
VIANÍ,,2019
VILLAGÓMEZ,0.0,2019
VILLAPINZÓN,0.0,2019
VILLETA,0.0,2019
VIOTÁ,0.0,2019
YACOPÍ,0.0,2019
ZIPACÓN,0.0,2019
ZIPAQUIRÁ,0.0,2019
QUIBDÓ,0.0,2019
ACANDÍ,0.0,2019
ALTO BAUDÓ,0.0,2019
ATRATO,0.0,2019
BAGADÓ,0.0,2019
BAHÍA SOLANO,0.0,2019
BAJO BAUDÓ,0.0,2019
BOJAYÁ,0.0,2019
EL CANTÓN DEL SAN PABLO,0.0,2019
CARMEN DEL DARIÉN,0.0,2019
CÉRTEGUI,0.0,2019
CONDOTO,0.0,2019
EL CARMEN DE ATRATO,0.0,2019
EL LITORAL DEL SAN JUAN,0.0,2019
ISTMINA,0.0,2019
JURADÓ,0.0,2019
LLORÓ,0.0,2019
MEDIO ATRATO,0.0,2019
MEDIO BAUDÓ,0.0,2019
MEDIO SAN JUAN,0.0,2019
NÓVITA,0.0,2019
NUQUÍ,0.0,2019
RÍO IRÓ,0.0,2019
RÍO QUITO,0.0,2019
RIOSUCIO,0.0,2019
SAN JOSÉ DEL PALMAR,0.0,2019
SIPÍ,0.0,2019
TADÓ,0.0,2019
UNGUÍA,0.0,2019
UNIÓN PANAMERICANA,,2019
NEIVA,0.0,2019
ACEVEDO,0.0,2019
AGRADO,0.0,2019
AIPE,0.0,2019
ALGECIRAS,0.0,2019
ALTAMIRA,0.0,2019
BARAYA,0.0,2019
CAMPOALEGRE,0.0,2019
COLOMBIA,0.0,2019
ELÍAS,0.0,2019
GARZÓN,0.0,2019
GIGANTE,0.0,2019
GUADALUPE,0.0,2019
HOBO,0.0,2019
ÍQUIRA,0.0,2019
ISNOS,0.0,2019
LA ARGENTINA,0.0,2019
LA PLATA,0.0,2019
NÁTAGA,0.0,2019
OPORAPA,0.0,2019
PAICOL,0.0,2019
PALERMO,0.0,2019
PALESTINA,0.0,2019
PITAL,0.0,2019
PITALITO,0.0,2019
RIVERA,0.0,2019
SALADOBLANCO,0.0,2019
SAN AGUSTÍN,0.0,2019
SANTA MARÍA,0.0,2019
SUAZA,0.0,2019
TARQUI,0.0,2019
TESALIA,0.0,2019
TELLO,0.0,2019
TERUEL,0.0,2019
TIMANÁ,0.0,2019
VILLAVIEJA,0.0,2019
YAGUARÁ,0.0,2019
RIOHACHA,0.0,2019
ALBANIA,0.0,2019
BARRANCAS,0.0,2019
DIBULLA,0.0,2019
DISTRACCIÓN,0.0,2019
EL MOLINO,0.0,2019
FONSECA,0.0,2019
HATONUEVO,0.0,2019
LA JAGUA DEL PILAR,0.0,2019
MAICAO,0.0,2019
MANAURE,0.0,2019
SAN JUAN DEL CESAR,0.0,2019
URIBIA,0.0,2019
URUMITA,0.0,2019
VILLANUEVA,0.0,2019
SANTA MARTA,0.0,2019
ALGARROBO,0.0,2019
ARACATACA,0.0,2019
ARIGUANÍ,0.0,2019
CERRO DE SAN ANTONIO,89.47,2019
CHIVOLO,22.53,2019
CIÉNAGA,0.0,2019
CONCORDIA,,2019
EL BANCO,0.0,2019
EL PIÑÓN,89.84,2019
EL RETÉN,0.0,2019
FUNDACIÓN,0.0,2019
GUAMAL,0.0,2019
NUEVA GRANADA,0.0,2019
PEDRAZA,66.29,2019
PIJIÑO DEL CARMEN,0.0,2019
PIVIJAY,31.84,2019
PLATO,0.0,2019
PUEBLOVIEJO,0.0,2019
REMOLINO,90.19,2019
SABANAS DE SAN ÁNGEL,0.0,2019
SALAMINA,89.95,2019
SAN SEBASTIÁN DE BUENAVISTA,0.0,2019
SAN ZENÓN,0.0,2019
SANTA ANA,0.0,2019
SANTA BÁRBARA DE PINTO,0.0,2019
SITIONUEVO,86.63,2019
TENERIFE,0.0,2019
ZAPAYÁN,44.84,2019
ZONA BANANERA,0.0,2019
VILLAVICENCIO,0.0,2019
ACACÍAS,0.0,2019
BARRANCA DE UPÍA,0.0,2019
CABUYARO,0.0,2019
CASTILLA LA NUEVA,0.0,2019
CUBARRAL,0.0,2019
CUMARAL,0.0,2019
EL CALVARIO,0.0,2019
EL CASTILLO,0.0,2019
EL DORADO,0.0,2019
FUENTE DE ORO,0.0,2019
GRANADA,0.0,2019
GUAMAL,0.0,2019
MAPIRIPÁN,0.0,2019
MESETAS,0.0,2019
LA MACARENA,0.0,2019
URIBE,0.0,2019
LEJANÍAS,0.0,2019
PUERTO CONCORDIA,0.0,2019
PUERTO GAITÁN,0.0,2019
PUERTO LÓPEZ,0.0,2019
PUERTO LLERAS,0.0,2019
PUERTO RICO,0.0,2019
RESTREPO,0.0,2019
SAN CARLOS DE GUAROA,0.0,2019
SAN JUAN DE ARAMA,0.0,2019
SAN JUANITO,0.0,2019
SAN MARTÍN,0.0,2019
VISTAHERMOSA,0.0,2019
PASTO,0.0,2019
ALBÁN,,2019
ALDANA,0.0,2019
ANCUYA,,2019
ARBOLEDA,0.0,2019
BARBACOAS,0.0,2019
BELÉN,,2019
BUESACO,0.0,2019
COLÓN,,2019
CONSACÁ,0.0,2019
CONTADERO,,2019
CÓRDOBA,0.0,2019
CUASPUD CARLOSAMA,,2019
CUMBAL,0.0,2019
CUMBITARA,0.0,2019
CHACHAGÜÍ,0.0,2019
EL CHARCO,0.0,2019
EL PEÑOL,0.0,2019
EL ROSARIO,0.0,2019
EL TABLÓN DE GÓMEZ,0.0,2019
EL TAMBO,0.0,2019
FUNES,0.0,2019
GUACHUCAL,,2019
GUAITARILLA,0.0,2019
GUALMATÁN,,2019
ILES,0.0,2019
IMUÉS,0.0,2019
IPIALES,0.0,2019
LA CRUZ,0.0,2019
LA FLORIDA,0.0,2019
LA LLANADA,0.0,2019
LA TOLA,0.0,2019
LA UNIÓN,0.0,2019
LEIVA,0.0,2019
LINARES,0.0,2019
LOS ANDES,0.0,2019
MAGÜÍ,0.0,2019
MALLAMA,0.0,2019
MOSQUERA,0.0,2019
NARIÑO,,2019
OLAYA HERRERA,0.0,2019
OSPINA,,2019
FRANCISCO PIZARRO,0.0,2019
POLICARPA,0.0,2019
POTOSÍ,0.0,2019
PROVIDENCIA,0.0,2019
PUERRES,0.0,2019
PUPIALES,0.0,2019
RICAURTE,0.0,2019
ROBERTO PAYÁN,0.0,2019
SAMANIEGO,0.0,2019
SANDONÁ,0.0,2019
SAN BERNARDO,,2019
SAN LORENZO,0.0,2019
SAN PABLO,0.0,2019
SAN PEDRO DE CARTAGO,,2019
SANTA BÁRBARA,0.0,2019
SANTACRUZ,0.0,2019
SAPUYES,0.0,2019
TAMINANGO,0.0,2019
TANGUA,0.0,2019
SAN ANDRÉS DE TUMACO,0.0,2019
TÚQUERRES,0.0,2019
YACUANQUER,,2019
SAN JOSÉ DE CÚCUTA,0.0,2019
ÁBREGO,0.0,2019
ARBOLEDAS,0.0,2019
BOCHALEMA,0.0,2019
BUCARASICA,0.0,2019
CÁCOTA,0.0,2019
CÁCHIRA,0.0,2019
CHINÁCOTA,0.0,2019
CHITAGÁ,0.0,2019
CONVENCIÓN,0.0,2019
CUCUTILLA,0.0,2019
DURANIA,0.0,2019
EL CARMEN,0.0,2019
EL TARRA,0.0,2019
EL ZULIA,0.0,2019
GRAMALOTE,0.0,2019
HACARÍ,0.0,2019
HERRÁN,0.0,2019
LABATECA,0.0,2019
LA ESPERANZA,0.0,2019
LA PLAYA,0.0,2019
LOS PATIOS,0.0,2019
LOURDES,0.0,2019
MUTISCUA,0.0,2019
OCAÑA,0.0,2019
PAMPLONA,0.0,2019
PAMPLONITA,0.0,2019
PUERTO SANTANDER,0.0,2019
RAGONVALIA,0.0,2019
SALAZAR,0.0,2019
SAN CALIXTO,0.0,2019
SAN CAYETANO,0.0,2019
SANTIAGO,0.0,2019
SARDINATA,0.0,2019
SILOS,0.0,2019
TEORAMA,0.0,2019
TIBÚ,0.0,2019
TOLEDO,0.0,2019
VILLA CARO,0.0,2019
VILLA DEL ROSARIO,0.0,2019
ARMENIA,0.0,2019
BUENAVISTA,,2019
CALARCÁ,0.0,2019
CIRCASIA,0.0,2019
CÓRDOBA,0.0,2019
FILANDIA,0.0,2019
GÉNOVA,0.0,2019
LA TEBAIDA,0.0,2019
MONTENEGRO,0.0,2019
PIJAO,0.0,2019
QUIMBAYA,0.0,2019
SALENTO,0.0,2019
PEREIRA,0.0,2019
APÍA,,2019
BALBOA,0.0,2019
BELÉN DE UMBRÍA,0.0,2019
DOSQUEBRADAS,,2019
GUÁTICA,0.0,2019
LA CELIA,0.0,2019
LA VIRGINIA,,2019
MARSELLA,0.0,2019
MISTRATÓ,0.0,2019
PUEBLO RICO,0.0,2019
QUINCHÍA,0.0,2019
SANTA ROSA DE CABAL,0.0,2019
SANTUARIO,0.0,2019
BUCARAMANGA,0.0,2019
AGUADA,0.0,2019
ALBANIA,0.0,2019
ARATOCA,0.0,2019
BARBOSA,,2019
BARICHARA,0.0,2019
BARRANCABERMEJA,0.0,2019
BETULIA,0.0,2019
BOLÍVAR,0.0,2019
CABRERA,,2019
CALIFORNIA,,2019
CAPITANEJO,,2019
CARCASÍ,0.0,2019
CEPITÁ,0.0,2019
CERRITO,0.0,2019
CHARALÁ,0.0,2019
CHARTA,,2019
CHIMA,0.0,2019
CHIPATÁ,0.0,2019
CIMITARRA,0.0,2019
CONCEPCIÓN,0.0,2019
CONFINES,,2019
CONTRATACIÓN,0.0,2019
COROMORO,0.0,2019
CURITÍ,0.0,2019
EL CARMEN DE CHUCURÍ,0.0,2019
EL GUACAMAYO,0.0,2019
EL PEÑÓN,0.0,2019
EL PLAYÓN,0.0,2019
ENCINO,0.0,2019
ENCISO,0.0,2019
FLORIÁN,0.0,2019
FLORIDABLANCA,,2019
GALÁN,0.0,2019
GÁMBITA,0.0,2019
GIRÓN,0.0,2019
GUACA,0.0,2019
GUADALUPE,0.0,2019
GUAPOTÁ,,2019
GUAVATÁ,,2019
GÜEPSA,0.0,2019
HATO,0.0,2019
JESÚS MARÍA,,2019
JORDÁN,0.0,2019
LA BELLEZA,0.0,2019
LANDÁZURI,0.0,2019
LA PAZ,0.0,2019
LEBRIJA,0.0,2019
LOS SANTOS,0.0,2019
MACARAVITA,0.0,2019
MÁLAGA,,2019
MATANZA,0.0,2019
MOGOTES,0.0,2019
MOLAGAVITA,0.0,2019
OCAMONTE,,2019
OIBA,0.0,2019
ONZAGA,0.0,2019
PALMAR,0.0,2019
PALMAS DEL SOCORRO,0.0,2019
PÁRAMO,0.0,2019
PIEDECUESTA,0.0,2019
PINCHOTE,,2019
PUENTE NACIONAL,0.0,2019
PUERTO PARRA,0.0,2019
PUERTO WILCHES,0.0,2019
RIONEGRO,0.0,2019
SABANA DE TORRES,0.0,2019
SAN ANDRÉS,0.0,2019
SAN BENITO,,2019
SAN GIL,0.0,2019
SAN JOAQUÍN,0.0,2019
SAN JOSÉ DE MIRANDA,,2019
SAN MIGUEL,,2019
SAN VICENTE DE CHUCURÍ,0.0,2019
SANTA BÁRBARA,0.0,2019
SANTA HELENA DEL OPÓN,0.0,2019
SIMACOTA,0.0,2019
SOCORRO,0.0,2019
SUAITA,0.0,2019
SUCRE,0.0,2019
SURATÁ,0.0,2019
TONA,0.0,2019
VALLE DE SAN JOSÉ,0.0,2019
VÉLEZ,0.0,2019
VETAS,0.0,2019
VILLANUEVA,,2019
ZAPATOCA,0.0,2019
SINCELEJO,0.0,2019
BUENAVISTA,0.0,2019
CAIMITO,0.0,2019
COLOSÓ,0.0,2019
COROZAL,0.0,2019
COVEÑAS,0.0,2019
CHALÁN,0.0,2019
EL ROBLE,0.0,2019
GALERAS,0.0,2019
GUARANDA,0.0,2019
LA UNIÓN,0.0,2019
LOS PALMITOS,0.0,2019
MAJAGUAL,0.0,2019
MORROA,0.0,2019
OVEJAS,0.0,2019
PALMITO,0.0,2019
SAMPUÉS,0.0,2019
SAN BENITO ABAD,0.0,2019
SAN JUAN DE BETULIA,0.0,2019
SAN MARCOS,0.0,2019
SAN ONOFRE,0.0,2019
SAN PEDRO,0.0,2019
SAN LUIS DE SINCÉ,0.0,2019
SUCRE,0.0,2019
SANTIAGO DE TOLÚ,0.0,2019
SAN JOSÉ DE TOLUVIEJO,0.0,2019
IBAGUÉ,0.0,2019
ALPUJARRA,0.0,2019
ALVARADO,0.0,2019
AMBALEMA,0.0,2019
ANZOÁTEGUI,0.0,2019
ARMERO,0.0,2019
ATACO,0.0,2019
CAJAMARCA,0.0,2019
CARMEN DE APICALÁ,0.0,2019
CASABIANCA,0.0,2019
CHAPARRAL,0.0,2019
COELLO,0.0,2019
COYAIMA,0.0,2019
CUNDAY,0.0,2019
DOLORES,0.0,2019
ESPINAL,0.0,2019
FALAN,,2019
FLANDES,,2019
FRESNO,0.0,2019
GUAMO,0.0,2019
HERVEO,0.0,2019
HONDA,0.0,2019
ICONONZO,0.0,2019
LÉRIDA,0.0,2019
LÍBANO,0.0,2019
SAN SEBASTIÁN DE MARIQUITA,0.0,2019
MELGAR,0.0,2019
MURILLO,0.0,2019
NATAGAIMA,0.0,2019
ORTEGA,0.0,2019
PALOCABILDO,0.0,2019
PIEDRAS,0.0,2019
PLANADAS,0.0,2019
PRADO,0.0,2019
PURIFICACIÓN,0.0,2019
RIOBLANCO,0.0,2019
RONCESVALLES,0.0,2019
ROVIRA,0.0,2019
SALDAÑA,0.0,2019
SAN ANTONIO,0.0,2019
SAN LUIS,0.0,2019
SANTA ISABEL,0.0,2019
SUÁREZ,0.0,2019
VALLE DE SAN JUAN,0.0,2019
VENADILLO,0.0,2019
VILLAHERMOSA,0.0,2019
VILLARRICA,0.0,2019
CALI,0.0,2019
ALCALÁ,0.0,2019
ANDALUCÍA,0.0,2019
ANSERMANUEVO,0.0,2019
ARGELIA,0.0,2019
BOLÍVAR,0.0,2019
BUENAVENTURA,0.0,2019
GUADALAJARA DE BUGA,0.0,2019
BUGALAGRANDE,0.0,2019
CAICEDONIA,0.0,2019
CALIMA,0.0,2019
CANDELARIA,0.0,2019
CARTAGO,0.0,2019
DAGUA,0.0,2019
EL ÁGUILA,0.0,2019
EL CAIRO,0.0,2019
EL CERRITO,0.0,2019
EL DOVIO,0.0,2019
FLORIDA,0.0,2019
GINEBRA,0.0,2019
GUACARÍ,0.0,2019
JAMUNDÍ,0.0,2019
LA CUMBRE,0.0,2019
LA UNIÓN,,2019
LA VICTORIA,0.0,2019
OBANDO,0.0,2019
PALMIRA,0.0,2019
PRADERA,0.0,2019
RESTREPO,0.0,2019
RIOFRÍO,0.0,2019
ROLDANILLO,0.0,2019
SAN PEDRO,0.0,2019
SEVILLA,0.0,2019
TORO,0.0,2019
TRUJILLO,0.0,2019
TULUÁ,0.0,2019
ULLOA,,2019
VERSALLES,0.0,2019
VIJES,0.0,2019
YOTOCO,0.0,2019
YUMBO,0.0,2019
ZARZAL,0.0,2019
ARAUCA,0.0,2019
ARAUQUITA,0.0,2019
CRAVO NORTE,0.0,2019
FORTUL,0.0,2019
PUERTO RONDÓN,0.0,2019
SARAVENA,0.0,2019
TAME,0.0,2019
YOPAL,0.0,2019
AGUAZUL,0.0,2019
CHÁMEZA,0.0,2019
HATO COROZAL,0.0,2019
LA SALINA,0.0,2019
MANÍ,0.0,2019
MONTERREY,0.0,2019
NUNCHÍA,0.0,2019
OROCUÉ,0.0,2019
PAZ DE ARIPORO,0.0,2019
PORE,0.0,2019
RECETOR,0.0,2019
SABANALARGA,0.0,2019
SÁCAMA,0.0,2019
SAN LUIS DE PALENQUE,0.0,2019
TÁMARA,0.0,2019
TAURAMENA,0.0,2019
TRINIDAD,0.0,2019
VILLANUEVA,0.0,2019
MOCOA,0.0,2019
COLÓN,0.0,2019
ORITO,0.0,2019
PUERTO ASÍS,0.0,2019
PUERTO CAICEDO,0.0,2019
PUERTO GUZMÁN,0.0,2019
PUERTO LEGUÍZAMO,0.0,2019
SIBUNDOY,0.0,2019
SAN FRANCISCO,0.0,2019
SAN MIGUEL,0.0,2019
SANTIAGO,0.0,2019
VALLE DEL GUAMUEZ,0.0,2019
VILLAGARZÓN,0.0,2019
SAN ANDRÉS,,2019
PROVIDENCIA,,2019
LETICIA,0.0,2019
EL ENCANTO,0.0,2019
LA CHORRERA,0.0,2019
LA PEDRERA,0.0,2019
LA VICTORIA,0.0,2019
MIRITÍ - PARANÁ,0.0,2019
PUERTO ALEGRÍA,0.0,2019
PUERTO ARICA,0.0,2019
PUERTO NARIÑO,0.0,2019
PUERTO SANTANDER,0.0,2019
TARAPACÁ,0.0,2019
INÍRIDA,0.0,2019
BARRANCOMINAS,0.0,2019
SAN FELIPE,0.0,2019
PUERTO COLOMBIA,0.0,2019
LA GUADALUPE,0.0,2019
CACAHUAL,0.0,2019
PANA PANA,0.0,2019
MORICHAL,0.0,2019
SAN JOSÉ DEL GUAVIARE,0.0,2019
CALAMAR,0.0,2019
EL RETORNO,0.0,2019
MIRAFLORES,0.0,2019
MITÚ,0.0,2019
CARURÚ,0.0,2019
PACOA,0.0,2019
TARAIRA,0.0,2019
PAPUNAHUA,0.0,2019
YAVARATÉ,0.0,2019
PUERTO CARREÑO,0.0,2019
LA PRIMAVERA,0.0,2019
SANTA ROSALÍA,0.0,2019
CUMARIBO,0.0,2019
MEDELLÍN,0.0,2020
ABEJORRAL,0.0,2020
ABRIAQUÍ,0.0,2020
ALEJANDRÍA,,2020
AMAGÁ,0.0,2020
AMALFI,0.0,2020
ANDES,0.0,2020
ANGELÓPOLIS,0.0,2020
ANGOSTURA,0.0,2020
ANORÍ,0.0,2020
SANTA FÉ DE ANTIOQUIA,0.0,2020
ANZÁ,0.0,2020
APARTADÓ,0.0,2020
ARBOLETES,0.0,2020
ARGELIA,0.0,2020
ARMENIA,0.0,2020
BARBOSA,0.0,2020
BELMIRA,0.0,2020
BELLO,0.0,2020
BETANIA,0.0,2020
BETULIA,0.0,2020
CIUDAD BOLÍVAR,0.0,2020
BRICEÑO,0.0,2020
BURITICÁ,0.0,2020
CÁCERES,0.0,2020
CAICEDO,0.0,2020
CALDAS,0.0,2020
CAMPAMENTO,0.0,2020
CAÑASGORDAS,0.0,2020
CARACOLÍ,0.0,2020
CARAMANTA,,2020
CAREPA,0.0,2020
EL CARMEN DE VIBORAL,0.0,2020
CAROLINA,0.0,2020
CAUCASIA,0.0,2020
CHIGORODÓ,0.0,2020
CISNEROS,,2020
COCORNÁ,0.0,2020
CONCEPCIÓN,0.0,2020
CONCORDIA,0.0,2020
COPACABANA,0.0,2020
DABEIBA,0.0,2020
DONMATÍAS,0.0,2020
EBÉJICO,0.0,2020
EL BAGRE,0.0,2020
ENTRERRÍOS,0.0,2020
ENVIGADO,,2020
FREDONIA,0.0,2020
FRONTINO,0.0,2020
GIRALDO,,2020
GIRARDOTA,,2020
GÓMEZ PLATA,0.0,2020
GRANADA,0.0,2020
GUADALUPE,0.0,2020
GUARNE,0.0,2020
GUATAPÉ,,2020
HELICONIA,0.0,2020
HISPANIA,0.0,2020
ITAGÜÍ,0.0,2020
ITUANGO,0.0,2020
JARDÍN,0.0,2020
JERICÓ,0.0,2020
LA CEJA,,2020
LA ESTRELLA,,2020
LA PINTADA,0.0,2020
LA UNIÓN,0.0,2020
LIBORINA,0.0,2020
MACEO,0.0,2020
MARINILLA,0.0,2020
MONTEBELLO,0.0,2020
MURINDÓ,0.0,2020
MUTATÁ,0.0,2020
NARIÑO,0.0,2020
NECOCLÍ,0.0,2020
NECHÍ,0.0,2020
OLAYA,0.0,2020
PEÑOL,0.0,2020
PEQUE,0.0,2020
PUEBLORRICO,,2020
PUERTO BERRÍO,0.0,2020
PUERTO NARE,0.0,2020
PUERTO TRIUNFO,0.0,2020
REMEDIOS,0.0,2020
RETIRO,0.0,2020
RIONEGRO,0.0,2020
SABANALARGA,0.0,2020
SABANETA,,2020
SALGAR,0.0,2020
SAN ANDRÉS DE CUERQUÍA,0.0,2020
SAN CARLOS,0.0,2020
SAN FRANCISCO,0.0,2020
SAN JERÓNIMO,0.0,2020
SAN JOSÉ DE LA MONTAÑA,0.0,2020
SAN JUAN DE URABÁ,0.0,2020
SAN LUIS,0.0,2020
SAN PEDRO DE LOS MILAGROS,0.0,2020
SAN PEDRO DE URABÁ,0.0,2020
SAN RAFAEL,0.0,2020
SAN ROQUE,0.0,2020
SAN VICENTE FERRER,0.0,2020
SANTA BÁRBARA,0.0,2020
SANTA ROSA DE OSOS,0.0,2020
SANTO DOMINGO,0.0,2020
EL SANTUARIO,,2020
SEGOVIA,0.0,2020
SONSÓN,0.0,2020
SOPETRÁN,0.0,2020
TÁMESIS,0.0,2020
TARAZÁ,0.0,2020
TARSO,,2020
TITIRIBÍ,0.0,2020
TOLEDO,0.0,2020
TURBO,0.0,2020
URAMITA,0.0,2020
URRAO,0.0,2020
VALDIVIA,0.0,2020
VALPARAÍSO,0.0,2020
VEGACHÍ,0.0,2020
VENECIA,0.0,2020
VIGÍA DEL FUERTE,0.0,2020
YALÍ,0.0,2020
YARUMAL,0.0,2020
YOLOMBÓ,0.0,2020
YONDÓ,0.0,2020
ZARAGOZA,0.0,2020
BARRANQUILLA,87.12,2020
BARANOA,90.62,2020
CAMPO DE LA CRUZ,88.63,2020
CANDELARIA,90.02,2020
GALAPA,89.59,2020
JUAN DE ACOSTA,88.48,2020
LURUACO,43.91,2020
MALAMBO,,2020
MANATÍ,87.5,2020
PALMAR DE VARELA,89.68,2020
PIOJÓ,29.3,2020
POLONUEVO,,2020
PONEDERA,91.17,2020
PUERTO COLOMBIA,87.42,2020
REPELÓN,43.88,2020
SABANAGRANDE,88.93,2020
SABANALARGA,89.94,2020
SANTA LUCÍA,,2020
SANTO TOMÁS,,2020
SOLEDAD,88.91,2020
SUAN,89.5,2020
TUBARÁ,89.03,2020
USIACURÍ,,2020
"BOGOTÁ, D.C.",0.0,2020
CARTAGENA DE INDIAS,0.0,2020
ACHÍ,0.0,2020
ALTOS DEL ROSARIO,0.0,2020
ARENAL,0.0,2020
ARJONA,0.0,2020
ARROYOHONDO,87.41,2020
BARRANCO DE LOBA,0.0,2020
CALAMAR,88.2,2020
CANTAGALLO,0.0,2020
CICUCO,0.0,2020
CÓRDOBA,0.0,2020
CLEMENCIA,,2020
EL CARMEN DE BOLÍVAR,0.0,2020
EL GUAMO,0.0,2020
EL PEÑÓN,0.0,2020
HATILLO DE LOBA,0.0,2020
MAGANGUÉ,0.0,2020
MAHATES,22.16,2020
MARGARITA,0.0,2020
MARÍA LA BAJA,0.0,2020
MONTECRISTO,0.0,2020
SANTA CRUZ DE MOMPOX,0.0,2020
MORALES,0.0,2020
NOROSÍ,0.0,2020
PINILLOS,0.0,2020
REGIDOR,0.0,2020
RÍO VIEJO,0.0,2020
SAN CRISTÓBAL,,2020
SAN ESTANISLAO,0.0,2020
SAN FERNANDO,0.0,2020
SAN JACINTO,0.0,2020
SAN JACINTO DEL CAUCA,0.0,2020
SAN JUAN NEPOMUCENO,0.0,2020
SAN MARTÍN DE LOBA,0.0,2020
SAN PABLO,0.0,2020
SANTA CATALINA,0.0,2020
SANTA ROSA,0.0,2020
SANTA ROSA DEL SUR,0.0,2020
SIMITÍ,0.0,2020
SOPLAVIENTO,87.43,2020
TALAIGUA NUEVO,0.0,2020
TIQUISIO,0.0,2020
TURBACO,0.0,2020
TURBANA,0.0,2020
VILLANUEVA,0.0,2020
ZAMBRANO,0.0,2020
TUNJA,0.0,2020
ALMEIDA,,2020
AQUITANIA,0.0,2020
ARCABUCO,,2020
BELÉN,0.0,2020
BERBEO,0.0,2020
BETÉITIVA,0.0,2020
BOAVITA,0.0,2020
BOYACÁ,,2020
BRICEÑO,0.0,2020
BUENAVISTA,0.0,2020
BUSBANZÁ,,2020
CALDAS,0.0,2020
CAMPOHERMOSO,0.0,2020
CERINZA,,2020
CHINAVITA,0.0,2020
CHIQUINQUIRÁ,0.0,2020
CHISCAS,0.0,2020
CHITA,0.0,2020
CHITARAQUE,0.0,2020
CHIVATÁ,,2020
CIÉNEGA,0.0,2020
CÓMBITA,0.0,2020
COPER,0.0,2020
CORRALES,,2020
COVARACHÍA,0.0,2020
CUBARÁ,0.0,2020
CUCAITA,,2020
CUÍTIVA,0.0,2020
CHÍQUIZA,0.0,2020
CHIVOR,0.0,2020
DUITAMA,0.0,2020
EL COCUY,0.0,2020
EL ESPINO,0.0,2020
FIRAVITOBA,0.0,2020
FLORESTA,0.0,2020
GACHANTIVÁ,,2020
GÁMEZA,0.0,2020
GARAGOA,0.0,2020
GUACAMAYAS,,2020
GUATEQUE,0.0,2020
GUAYATÁ,0.0,2020
GÜICÁN DE LA SIERRA,0.0,2020
IZA,0.0,2020
JENESANO,0.0,2020
JERICÓ,0.0,2020
LABRANZAGRANDE,0.0,2020
LA CAPILLA,,2020
LA VICTORIA,,2020
LA UVITA,,2020
VILLA DE LEYVA,0.0,2020
MACANAL,0.0,2020
MARIPÍ,0.0,2020
MIRAFLORES,0.0,2020
MONGUA,0.0,2020
MONGUÍ,0.0,2020
MONIQUIRÁ,0.0,2020
MOTAVITA,0.0,2020
MUZO,0.0,2020
NOBSA,,2020
NUEVO COLÓN,,2020
OICATÁ,0.0,2020
OTANCHE,0.0,2020
PACHAVITA,0.0,2020
PÁEZ,0.0,2020
PAIPA,0.0,2020
PAJARITO,0.0,2020
PANQUEBA,,2020
PAUNA,0.0,2020
PAYA,0.0,2020
PAZ DE RÍO,,2020
PESCA,0.0,2020
PISBA,0.0,2020
PUERTO BOYACÁ,0.0,2020
QUÍPAMA,0.0,2020
RAMIRIQUÍ,0.0,2020
RÁQUIRA,0.0,2020
RONDÓN,0.0,2020
SABOYÁ,0.0,2020
SÁCHICA,,2020
SAMACÁ,0.0,2020
SAN EDUARDO,,2020
SAN JOSÉ DE PARE,0.0,2020
SAN LUIS DE GACENO,0.0,2020
SAN MATEO,0.0,2020
SAN MIGUEL DE SEMA,,2020
SAN PABLO DE BORBUR,0.0,2020
SANTANA,0.0,2020
SANTA MARÍA,0.0,2020
SANTA ROSA DE VITERBO,0.0,2020
SANTA SOFÍA,0.0,2020
SATIVANORTE,0.0,2020
SATIVASUR,,2020
SIACHOQUE,0.0,2020
SOATÁ,0.0,2020
SOCOTÁ,0.0,2020
SOCHA,0.0,2020
SOGAMOSO,0.0,2020
SOMONDOCO,0.0,2020
SORA,,2020
SOTAQUIRÁ,0.0,2020
SORACÁ,0.0,2020
SUSACÓN,0.0,2020
SUTAMARCHÁN,0.0,2020
SUTATENZA,,2020
TASCO,0.0,2020
TENZA,0.0,2020
TIBANÁ,0.0,2020
TIBASOSA,0.0,2020
TINJACÁ,0.0,2020
TIPACOQUE,0.0,2020
TOCA,0.0,2020
TOGÜÍ,0.0,2020
TÓPAGA,,2020
TOTA,0.0,2020
TUNUNGUÁ,,2020
TURMEQUÉ,0.0,2020
TUTA,0.0,2020
TUTAZÁ,0.0,2020
ÚMBITA,0.0,2020
VENTAQUEMADA,0.0,2020
VIRACACHÁ,,2020
ZETAQUIRA,0.0,2020
MANIZALES,0.0,2020
AGUADAS,0.0,2020
ANSERMA,0.0,2020
ARANZAZU,0.0,2020
BELALCÁZAR,0.0,2020
CHINCHINÁ,0.0,2020
FILADELFIA,0.0,2020
LA DORADA,0.0,2020
LA MERCED,,2020
MANZANARES,0.0,2020
MARMATO,0.0,2020
MARQUETALIA,0.0,2020
MARULANDA,0.0,2020
NEIRA,0.0,2020
NORCASIA,0.0,2020
PÁCORA,0.0,2020
PALESTINA,,2020
PENSILVANIA,0.0,2020
RIOSUCIO,0.0,2020
RISARALDA,0.0,2020
SALAMINA,0.0,2020
SAMANÁ,0.0,2020
SAN JOSÉ,0.0,2020
SUPÍA,0.0,2020
VICTORIA,0.0,2020
VILLAMARÍA,0.0,2020
VITERBO,0.0,2020
FLORENCIA,0.0,2020
ALBANIA,0.0,2020
BELÉN DE LOS ANDAQUÍES,0.0,2020
CARTAGENA DEL CHAIRÁ,0.0,2020
CURILLO,0.0,2020
EL DONCELLO,0.0,2020
EL PAUJÍL,0.0,2020
LA MONTAÑITA,0.0,2020
MILÁN,0.0,2020
MORELIA,0.0,2020
PUERTO RICO,0.0,2020
SAN JOSÉ DEL FRAGUA,0.0,2020
SAN VICENTE DEL CAGUÁN,0.0,2020
SOLANO,0.0,2020
SOLITA,0.0,2020
VALPARAÍSO,0.0,2020
POPAYÁN,0.0,2020
ALMAGUER,0.0,2020
ARGELIA,0.0,2020
BALBOA,0.0,2020
BOLÍVAR,0.0,2020
BUENOS AIRES,0.0,2020
CAJIBÍO,0.0,2020
CALDONO,0.0,2020
CALOTO,0.0,2020
CORINTO,0.0,2020
EL TAMBO,0.0,2020
FLORENCIA,0.0,2020
GUACHENÉ,0.0,2020
GUAPI,0.0,2020
INZÁ,0.0,2020
JAMBALÓ,0.0,2020
LA SIERRA,0.0,2020
LA VEGA,0.0,2020
LÓPEZ DE MICAY,0.0,2020
MERCADERES,0.0,2020
MIRANDA,0.0,2020
MORALES,0.0,2020
PADILLA,0.0,2020
PÁEZ,0.0,2020
PATÍA,0.0,2020
PIAMONTE,0.0,2020
PIENDAMÓ - TUNÍA,0.0,2020
PUERTO TEJADA,,2020
PURACÉ,0.0,2020
ROSAS,0.0,2020
SAN SEBASTIÁN,0.0,2020
SANTANDER DE QUILICHAO,0.0,2020
SANTA ROSA,0.0,2020
SILVIA,0.0,2020
SOTARÁ PAISPAMBA,0.0,2020
SUÁREZ,0.0,2020
SUCRE,0.0,2020
TIMBÍO,0.0,2020
TIMBIQUÍ,0.0,2020
TORIBÍO,0.0,2020
TOTORÓ,0.0,2020
VILLA RICA,,2020
VALLEDUPAR,0.0,2020
AGUACHICA,0.0,2020
AGUSTÍN CODAZZI,0.0,2020
ASTREA,0.0,2020
BECERRIL,0.0,2020
BOSCONIA,0.0,2020
CHIMICHAGUA,0.0,2020
CHIRIGUANÁ,0.0,2020
CURUMANÍ,0.0,2020
EL COPEY,0.0,2020
EL PASO,0.0,2020
GAMARRA,0.0,2020
GONZÁLEZ,0.0,2020
LA GLORIA,0.0,2020
LA JAGUA DE IBIRICO,0.0,2020
MANAURE BALCÓN DEL CESAR,0.0,2020
PAILITAS,0.0,2020
PELAYA,0.0,2020
PUEBLO BELLO,0.0,2020
RÍO DE ORO,0.0,2020
LA PAZ,0.0,2020
SAN ALBERTO,0.0,2020
SAN DIEGO,0.0,2020
SAN MARTÍN,0.0,2020
TAMALAMEQUE,0.0,2020
MONTERÍA,0.0,2020
AYAPEL,0.0,2020
BUENAVISTA,0.0,2020
CANALETE,0.0,2020
CERETÉ,0.0,2020
CHIMÁ,0.0,2020
CHINÚ,0.0,2020
CIÉNAGA DE ORO,0.0,2020
COTORRA,,2020
LA APARTADA,0.0,2020
LORICA,0.0,2020
LOS CÓRDOBAS,0.0,2020
MOMIL,0.0,2020
MONTELÍBANO,0.0,2020
MOÑITOS,0.0,2020
PLANETA RICA,0.0,2020
PUEBLO NUEVO,0.0,2020
PUERTO ESCONDIDO,0.0,2020
PUERTO LIBERTADOR,0.0,2020
PURÍSIMA DE LA CONCEPCIÓN,0.0,2020
SAHAGÚN,0.0,2020
SAN ANDRÉS DE SOTAVENTO,0.0,2020
SAN ANTERO,0.0,2020
SAN BERNARDO DEL VIENTO,0.0,2020
SAN CARLOS,0.0,2020
SAN JOSÉ DE URÉ,0.0,2020
SAN PELAYO,0.0,2020
TIERRALTA,0.0,2020
TUCHÍN,,2020
VALENCIA,0.0,2020
AGUA DE DIOS,0.0,2020
ALBÁN,,2020
ANAPOIMA,0.0,2020
ANOLAIMA,0.0,2020
ARBELÁEZ,0.0,2020
BELTRÁN,0.0,2020
BITUIMA,,2020
BOJACÁ,0.0,2020
CABRERA,0.0,2020
CACHIPAY,0.0,2020
CAJICÁ,,2020
CAPARRAPÍ,0.0,2020
CÁQUEZA,0.0,2020
CARMEN DE CARUPA,0.0,2020
CHAGUANÍ,0.0,2020
CHÍA,0.0,2020
CHIPAQUE,0.0,2020
CHOACHÍ,0.0,2020
CHOCONTÁ,0.0,2020
COGUA,0.0,2020
COTA,0.0,2020
CUCUNUBÁ,0.0,2020
EL COLEGIO,0.0,2020
EL PEÑÓN,0.0,2020
EL ROSAL,,2020
FACATATIVÁ,0.0,2020
FÓMEQUE,0.0,2020
FOSCA,0.0,2020
FUNZA,0.0,2020
FÚQUENE,0.0,2020
FUSAGASUGÁ,0.0,2020
GACHALÁ,0.0,2020
GACHANCIPÁ,,2020
GACHETÁ,0.0,2020
GAMA,0.0,2020
GIRARDOT,0.0,2020
GRANADA,,2020
GUACHETÁ,0.0,2020
GUADUAS,0.0,2020
GUASCA,0.0,2020
GUATAQUÍ,,2020
GUATAVITA,0.0,2020
GUAYABAL DE SÍQUIMA,0.0,2020
GUAYABETAL,0.0,2020
GUTIÉRREZ,0.0,2020
JERUSALÉN,0.0,2020
JUNÍN,0.0,2020
LA CALERA,0.0,2020
LA MESA,0.0,2020
LA PALMA,0.0,2020
LA PEÑA,0.0,2020
LA VEGA,,2020
LENGUAZAQUE,0.0,2020
MACHETÁ,0.0,2020
MADRID,,2020
MANTA,,2020
MEDINA,0.0,2020
MOSQUERA,,2020
NARIÑO,0.0,2020
NEMOCÓN,0.0,2020
NILO,0.0,2020
NIMAIMA,,2020
NOCAIMA,0.0,2020
VENECIA,,2020
PACHO,0.0,2020
PAIME,0.0,2020
PANDI,0.0,2020
PARATEBUENO,0.0,2020
PASCA,0.0,2020
PUERTO SALGAR,0.0,2020
PULÍ,0.0,2020
QUEBRADANEGRA,0.0,2020
QUETAME,0.0,2020
QUIPILE,,2020
APULO,0.0,2020
RICAURTE,0.0,2020
SAN ANTONIO DEL TEQUENDAMA,,2020
SAN BERNARDO,0.0,2020
SAN CAYETANO,0.0,2020
SAN FRANCISCO,0.0,2020
SAN JUAN DE RIOSECO,0.0,2020
SASAIMA,0.0,2020
SESQUILÉ,0.0,2020
SIBATÉ,0.0,2020
SILVANIA,0.0,2020
SIMIJACA,0.0,2020
SOACHA,0.0,2020
SOPÓ,,2020
SUBACHOQUE,0.0,2020
SUESCA,0.0,2020
SUPATÁ,0.0,2020
SUSA,,2020
SUTATAUSA,,2020
TABIO,0.0,2020
TAUSA,0.0,2020
TENA,,2020
TENJO,0.0,2020
TIBACUY,0.0,2020
TIBIRITA,0.0,2020
TOCAIMA,0.0,2020
TOCANCIPÁ,0.0,2020
TOPAIPÍ,,2020
UBALÁ,0.0,2020
UBAQUE,0.0,2020
VILLA DE SAN DIEGO DE UBATÉ,0.0,2020
UNE,0.0,2020
ÚTICA,0.0,2020
VERGARA,0.0,2020
VIANÍ,,2020
VILLAGÓMEZ,0.0,2020
VILLAPINZÓN,0.0,2020
VILLETA,0.0,2020
VIOTÁ,0.0,2020
YACOPÍ,0.0,2020
ZIPACÓN,0.0,2020
ZIPAQUIRÁ,0.0,2020
QUIBDÓ,0.0,2020
ACANDÍ,0.0,2020
ALTO BAUDÓ,0.0,2020
ATRATO,0.0,2020
BAGADÓ,0.0,2020
BAHÍA SOLANO,0.0,2020
BAJO BAUDÓ,0.0,2020
BOJAYÁ,0.0,2020
EL CANTÓN DEL SAN PABLO,0.0,2020
CARMEN DEL DARIÉN,0.0,2020
CÉRTEGUI,0.0,2020
CONDOTO,0.0,2020
EL CARMEN DE ATRATO,0.0,2020
EL LITORAL DEL SAN JUAN,0.0,2020
ISTMINA,0.0,2020
JURADÓ,0.0,2020
LLORÓ,0.0,2020
MEDIO ATRATO,0.0,2020
MEDIO BAUDÓ,0.0,2020
MEDIO SAN JUAN,0.0,2020
NÓVITA,0.0,2020
NUQUÍ,0.0,2020
RÍO IRÓ,0.0,2020
RÍO QUITO,0.0,2020
RIOSUCIO,0.0,2020
SAN JOSÉ DEL PALMAR,0.0,2020
SIPÍ,0.0,2020
TADÓ,0.0,2020
UNGUÍA,0.0,2020
UNIÓN PANAMERICANA,,2020
NEIVA,0.0,2020
ACEVEDO,0.0,2020
AGRADO,0.0,2020
AIPE,0.0,2020
ALGECIRAS,0.0,2020
ALTAMIRA,0.0,2020
BARAYA,0.0,2020
CAMPOALEGRE,0.0,2020
COLOMBIA,0.0,2020
ELÍAS,0.0,2020
GARZÓN,0.0,2020
GIGANTE,0.0,2020
GUADALUPE,0.0,2020
HOBO,0.0,2020
ÍQUIRA,0.0,2020
ISNOS,0.0,2020
LA ARGENTINA,0.0,2020
LA PLATA,0.0,2020
NÁTAGA,0.0,2020
OPORAPA,0.0,2020
PAICOL,0.0,2020
PALERMO,0.0,2020
PALESTINA,0.0,2020
PITAL,0.0,2020
PITALITO,0.0,2020
RIVERA,0.0,2020
SALADOBLANCO,0.0,2020
SAN AGUSTÍN,0.0,2020
SANTA MARÍA,0.0,2020
SUAZA,0.0,2020
TARQUI,0.0,2020
TESALIA,0.0,2020
TELLO,0.0,2020
TERUEL,0.0,2020
TIMANÁ,0.0,2020
VILLAVIEJA,0.0,2020
YAGUARÁ,0.0,2020
RIOHACHA,0.0,2020
ALBANIA,0.0,2020
BARRANCAS,0.0,2020
DIBULLA,0.0,2020
DISTRACCIÓN,0.0,2020
EL MOLINO,0.0,2020
FONSECA,0.0,2020
HATONUEVO,0.0,2020
LA JAGUA DEL PILAR,0.0,2020
MAICAO,0.0,2020
MANAURE,0.0,2020
SAN JUAN DEL CESAR,0.0,2020
URIBIA,0.0,2020
URUMITA,0.0,2020
VILLANUEVA,0.0,2020
SANTA MARTA,0.0,2020
ALGARROBO,0.0,2020
ARACATACA,0.0,2020
ARIGUANÍ,0.0,2020
CERRO DE SAN ANTONIO,89.7,2020
CHIVOLO,22.55,2020
CIÉNAGA,0.0,2020
CONCORDIA,,2020
EL BANCO,0.0,2020
EL PIÑÓN,90.2,2020
EL RETÉN,0.0,2020
FUNDACIÓN,0.0,2020
GUAMAL,0.0,2020
NUEVA GRANADA,0.0,2020
PEDRAZA,66.57,2020
PIJIÑO DEL CARMEN,0.0,2020
PIVIJAY,32.05,2020
PLATO,0.0,2020
PUEBLOVIEJO,0.0,2020
REMOLINO,90.54,2020
SABANAS DE SAN ÁNGEL,0.0,2020
SALAMINA,90.2,2020
SAN SEBASTIÁN DE BUENAVISTA,0.0,2020
SAN ZENÓN,0.0,2020
SANTA ANA,0.0,2020
SANTA BÁRBARA DE PINTO,0.0,2020
SITIONUEVO,86.83,2020
TENERIFE,0.0,2020
ZAPAYÁN,44.86,2020
ZONA BANANERA,0.0,2020
VILLAVICENCIO,0.0,2020
ACACÍAS,0.0,2020
BARRANCA DE UPÍA,0.0,2020
CABUYARO,0.0,2020
CASTILLA LA NUEVA,0.0,2020
CUBARRAL,0.0,2020
CUMARAL,0.0,2020
EL CALVARIO,0.0,2020
EL CASTILLO,0.0,2020
EL DORADO,0.0,2020
FUENTE DE ORO,0.0,2020
GRANADA,0.0,2020
GUAMAL,0.0,2020
MAPIRIPÁN,0.0,2020
MESETAS,0.0,2020
LA MACARENA,0.0,2020
URIBE,0.0,2020
LEJANÍAS,0.0,2020
PUERTO CONCORDIA,0.0,2020
PUERTO GAITÁN,0.0,2020
PUERTO LÓPEZ,0.0,2020
PUERTO LLERAS,0.0,2020
PUERTO RICO,0.0,2020
RESTREPO,0.0,2020
SAN CARLOS DE GUAROA,0.0,2020
SAN JUAN DE ARAMA,0.0,2020
SAN JUANITO,0.0,2020
SAN MARTÍN,0.0,2020
VISTAHERMOSA,0.0,2020
PASTO,0.0,2020
ALBÁN,,2020
ALDANA,0.0,2020
ANCUYA,,2020
ARBOLEDA,0.0,2020
BARBACOAS,0.0,2020
BELÉN,,2020
BUESACO,0.0,2020
COLÓN,,2020
CONSACÁ,0.0,2020
CONTADERO,,2020
CÓRDOBA,0.0,2020
CUASPUD CARLOSAMA,,2020
CUMBAL,0.0,2020
CUMBITARA,0.0,2020
CHACHAGÜÍ,0.0,2020
EL CHARCO,0.0,2020
EL PEÑOL,0.0,2020
EL ROSARIO,0.0,2020
EL TABLÓN DE GÓMEZ,0.0,2020
EL TAMBO,0.0,2020
FUNES,0.0,2020
GUACHUCAL,,2020
GUAITARILLA,0.0,2020
GUALMATÁN,,2020
ILES,0.0,2020
IMUÉS,0.0,2020
IPIALES,0.0,2020
LA CRUZ,0.0,2020
LA FLORIDA,0.0,2020
LA LLANADA,0.0,2020
LA TOLA,0.0,2020
LA UNIÓN,0.0,2020
LEIVA,0.0,2020
LINARES,0.0,2020
LOS ANDES,0.0,2020
MAGÜÍ,0.0,2020
MALLAMA,0.0,2020
MOSQUERA,0.0,2020
NARIÑO,,2020
OLAYA HERRERA,0.0,2020
OSPINA,,2020
FRANCISCO PIZARRO,0.0,2020
POLICARPA,0.0,2020
POTOSÍ,0.0,2020
PROVIDENCIA,0.0,2020
PUERRES,0.0,2020
PUPIALES,0.0,2020
RICAURTE,0.0,2020
ROBERTO PAYÁN,0.0,2020
SAMANIEGO,0.0,2020
SANDONÁ,0.0,2020
SAN BERNARDO,,2020
SAN LORENZO,0.0,2020
SAN PABLO,0.0,2020
SAN PEDRO DE CARTAGO,,2020
SANTA BÁRBARA,0.0,2020
SANTACRUZ,0.0,2020
SAPUYES,0.0,2020
TAMINANGO,0.0,2020
TANGUA,0.0,2020
SAN ANDRÉS DE TUMACO,0.0,2020
TÚQUERRES,0.0,2020
YACUANQUER,,2020
SAN JOSÉ DE CÚCUTA,0.0,2020
ÁBREGO,0.0,2020
ARBOLEDAS,0.0,2020
BOCHALEMA,0.0,2020
BUCARASICA,0.0,2020
CÁCOTA,0.0,2020
CÁCHIRA,0.0,2020
CHINÁCOTA,0.0,2020
CHITAGÁ,0.0,2020
CONVENCIÓN,0.0,2020
CUCUTILLA,0.0,2020
DURANIA,0.0,2020
EL CARMEN,0.0,2020
EL TARRA,0.0,2020
EL ZULIA,0.0,2020
GRAMALOTE,0.0,2020
HACARÍ,0.0,2020
HERRÁN,0.0,2020
LABATECA,0.0,2020
LA ESPERANZA,0.0,2020
LA PLAYA,0.0,2020
LOS PATIOS,0.0,2020
LOURDES,0.0,2020
MUTISCUA,0.0,2020
OCAÑA,0.0,2020
PAMPLONA,0.0,2020
PAMPLONITA,0.0,2020
PUERTO SANTANDER,0.0,2020
RAGONVALIA,0.0,2020
SALAZAR,0.0,2020
SAN CALIXTO,0.0,2020
SAN CAYETANO,0.0,2020
SANTIAGO,0.0,2020
SARDINATA,0.0,2020
SILOS,0.0,2020
TEORAMA,0.0,2020
TIBÚ,0.0,2020
TOLEDO,0.0,2020
VILLA CARO,0.0,2020
VILLA DEL ROSARIO,0.0,2020
ARMENIA,0.0,2020
BUENAVISTA,,2020
CALARCÁ,0.0,2020
CIRCASIA,0.0,2020
CÓRDOBA,0.0,2020
FILANDIA,0.0,2020
GÉNOVA,0.0,2020
LA TEBAIDA,0.0,2020
MONTENEGRO,0.0,2020
PIJAO,0.0,2020
QUIMBAYA,0.0,2020
SALENTO,0.0,2020
PEREIRA,0.0,2020
APÍA,,2020
BALBOA,0.0,2020
BELÉN DE UMBRÍA,0.0,2020
DOSQUEBRADAS,,2020
GUÁTICA,0.0,2020
LA CELIA,0.0,2020
LA VIRGINIA,,2020
MARSELLA,0.0,2020
MISTRATÓ,0.0,2020
PUEBLO RICO,0.0,2020
QUINCHÍA,0.0,2020
SANTA ROSA DE CABAL,0.0,2020
SANTUARIO,0.0,2020
BUCARAMANGA,0.0,2020
AGUADA,0.0,2020
ALBANIA,0.0,2020
ARATOCA,0.0,2020
BARBOSA,,2020
BARICHARA,0.0,2020
BARRANCABERMEJA,0.0,2020
BETULIA,0.0,2020
BOLÍVAR,0.0,2020
CABRERA,,2020
CALIFORNIA,,2020
CAPITANEJO,,2020
CARCASÍ,0.0,2020
CEPITÁ,0.0,2020
CERRITO,0.0,2020
CHARALÁ,0.0,2020
CHARTA,,2020
CHIMA,0.0,2020
CHIPATÁ,0.0,2020
CIMITARRA,0.0,2020
CONCEPCIÓN,0.0,2020
CONFINES,,2020
CONTRATACIÓN,0.0,2020
COROMORO,0.0,2020
CURITÍ,0.0,2020
EL CARMEN DE CHUCURÍ,0.0,2020
EL GUACAMAYO,0.0,2020
EL PEÑÓN,0.0,2020
EL PLAYÓN,0.0,2020
ENCINO,0.0,2020
ENCISO,0.0,2020
FLORIÁN,0.0,2020
FLORIDABLANCA,,2020
GALÁN,0.0,2020
GÁMBITA,0.0,2020
GIRÓN,0.0,2020
GUACA,0.0,2020
GUADALUPE,0.0,2020
GUAPOTÁ,,2020
GUAVATÁ,,2020
GÜEPSA,0.0,2020
HATO,0.0,2020
JESÚS MARÍA,,2020
JORDÁN,0.0,2020
LA BELLEZA,0.0,2020
LANDÁZURI,0.0,2020
LA PAZ,0.0,2020
LEBRIJA,0.0,2020
LOS SANTOS,0.0,2020
MACARAVITA,0.0,2020
MÁLAGA,,2020
MATANZA,0.0,2020
MOGOTES,0.0,2020
MOLAGAVITA,0.0,2020
OCAMONTE,,2020
OIBA,0.0,2020
ONZAGA,0.0,2020
PALMAR,0.0,2020
PALMAS DEL SOCORRO,0.0,2020
PÁRAMO,0.0,2020
PIEDECUESTA,0.0,2020
PINCHOTE,,2020
PUENTE NACIONAL,0.0,2020
PUERTO PARRA,0.0,2020
PUERTO WILCHES,0.0,2020
RIONEGRO,0.0,2020
SABANA DE TORRES,0.0,2020
SAN ANDRÉS,0.0,2020
SAN BENITO,,2020
SAN GIL,0.0,2020
SAN JOAQUÍN,0.0,2020
SAN JOSÉ DE MIRANDA,,2020
SAN MIGUEL,,2020
SAN VICENTE DE CHUCURÍ,0.0,2020
SANTA BÁRBARA,0.0,2020
SANTA HELENA DEL OPÓN,0.0,2020
SIMACOTA,0.0,2020
SOCORRO,0.0,2020
SUAITA,0.0,2020
SUCRE,0.0,2020
SURATÁ,0.0,2020
TONA,0.0,2020
VALLE DE SAN JOSÉ,0.0,2020
VÉLEZ,0.0,2020
VETAS,0.0,2020
VILLANUEVA,,2020
ZAPATOCA,0.0,2020
SINCELEJO,0.0,2020
BUENAVISTA,0.0,2020
CAIMITO,0.0,2020
COLOSÓ,0.0,2020
COROZAL,0.0,2020
COVEÑAS,0.0,2020
CHALÁN,0.0,2020
EL ROBLE,0.0,2020
GALERAS,0.0,2020
GUARANDA,0.0,2020
LA UNIÓN,0.0,2020
LOS PALMITOS,0.0,2020
MAJAGUAL,0.0,2020
MORROA,0.0,2020
OVEJAS,0.0,2020
PALMITO,0.0,2020
SAMPUÉS,0.0,2020
SAN BENITO ABAD,0.0,2020
SAN JUAN DE BETULIA,0.0,2020
SAN MARCOS,0.0,2020
SAN ONOFRE,0.0,2020
SAN PEDRO,0.0,2020
SAN LUIS DE SINCÉ,0.0,2020
SUCRE,0.0,2020
SANTIAGO DE TOLÚ,0.0,2020
SAN JOSÉ DE TOLUVIEJO,0.0,2020
IBAGUÉ,0.0,2020
ALPUJARRA,0.0,2020
ALVARADO,0.0,2020
AMBALEMA,0.0,2020
ANZOÁTEGUI,0.0,2020
ARMERO,0.0,2020
ATACO,0.0,2020
CAJAMARCA,0.0,2020
CARMEN DE APICALÁ,0.0,2020
CASABIANCA,0.0,2020
CHAPARRAL,0.0,2020
COELLO,0.0,2020
COYAIMA,0.0,2020
CUNDAY,0.0,2020
DOLORES,0.0,2020
ESPINAL,0.0,2020
FALAN,,2020
FLANDES,,2020
FRESNO,0.0,2020
GUAMO,0.0,2020
HERVEO,0.0,2020
HONDA,0.0,2020
ICONONZO,0.0,2020
LÉRIDA,0.0,2020
LÍBANO,0.0,2020
SAN SEBASTIÁN DE MARIQUITA,0.0,2020
MELGAR,0.0,2020
MURILLO,0.0,2020
NATAGAIMA,0.0,2020
ORTEGA,0.0,2020
PALOCABILDO,0.0,2020
PIEDRAS,0.0,2020
PLANADAS,0.0,2020
PRADO,0.0,2020
PURIFICACIÓN,0.0,2020
RIOBLANCO,0.0,2020
RONCESVALLES,0.0,2020
ROVIRA,0.0,2020
SALDAÑA,0.0,2020
SAN ANTONIO,0.0,2020
SAN LUIS,0.0,2020
SANTA ISABEL,0.0,2020
SUÁREZ,0.0,2020
VALLE DE SAN JUAN,0.0,2020
VENADILLO,0.0,2020
VILLAHERMOSA,0.0,2020
VILLARRICA,0.0,2020
CALI,0.0,2020
ALCALÁ,0.0,2020
ANDALUCÍA,0.0,2020
ANSERMANUEVO,0.0,2020
ARGELIA,0.0,2020
BOLÍVAR,0.0,2020
BUENAVENTURA,0.0,2020
GUADALAJARA DE BUGA,0.0,2020
BUGALAGRANDE,0.0,2020
CAICEDONIA,0.0,2020
CALIMA,0.0,2020
CANDELARIA,0.0,2020
CARTAGO,0.0,2020
DAGUA,0.0,2020
EL ÁGUILA,0.0,2020
EL CAIRO,0.0,2020
EL CERRITO,0.0,2020
EL DOVIO,0.0,2020
FLORIDA,0.0,2020
GINEBRA,0.0,2020
GUACARÍ,0.0,2020
JAMUNDÍ,0.0,2020
LA CUMBRE,0.0,2020
LA UNIÓN,,2020
LA VICTORIA,0.0,2020
OBANDO,0.0,2020
PALMIRA,0.0,2020
PRADERA,0.0,2020
RESTREPO,0.0,2020
RIOFRÍO,0.0,2020
ROLDANILLO,0.0,2020
SAN PEDRO,0.0,2020
SEVILLA,0.0,2020
TORO,0.0,2020
TRUJILLO,0.0,2020
TULUÁ,0.0,2020
ULLOA,,2020
VERSALLES,0.0,2020
VIJES,0.0,2020
YOTOCO,0.0,2020
YUMBO,0.0,2020
ZARZAL,0.0,2020
ARAUCA,0.0,2020
ARAUQUITA,0.0,2020
CRAVO NORTE,0.0,2020
FORTUL,0.0,2020
PUERTO RONDÓN,0.0,2020
SARAVENA,0.0,2020
TAME,0.0,2020
YOPAL,0.0,2020
AGUAZUL,0.0,2020
CHÁMEZA,0.0,2020
HATO COROZAL,0.0,2020
LA SALINA,0.0,2020
MANÍ,0.0,2020
MONTERREY,0.0,2020
NUNCHÍA,0.0,2020
OROCUÉ,0.0,2020
PAZ DE ARIPORO,0.0,2020
PORE,0.0,2020
RECETOR,0.0,2020
SABANALARGA,0.0,2020
SÁCAMA,0.0,2020
SAN LUIS DE PALENQUE,0.0,2020
TÁMARA,0.0,2020
TAURAMENA,0.0,2020
TRINIDAD,0.0,2020
VILLANUEVA,0.0,2020
MOCOA,0.0,2020
COLÓN,0.0,2020
ORITO,0.0,2020
PUERTO ASÍS,0.0,2020
PUERTO CAICEDO,0.0,2020
PUERTO GUZMÁN,0.0,2020
PUERTO LEGUÍZAMO,0.0,2020
SIBUNDOY,0.0,2020
SAN FRANCISCO,0.0,2020
SAN MIGUEL,0.0,2020
SANTIAGO,0.0,2020
VALLE DEL GUAMUEZ,0.0,2020
VILLAGARZÓN,0.0,2020
SAN ANDRÉS,,2020
PROVIDENCIA,,2020
LETICIA,0.0,2020
EL ENCANTO,0.0,2020
LA CHORRERA,0.0,2020
LA PEDRERA,0.0,2020
LA VICTORIA,0.0,2020
MIRITÍ - PARANÁ,0.0,2020
PUERTO ALEGRÍA,0.0,2020
PUERTO ARICA,0.0,2020
PUERTO NARIÑO,0.0,2020
PUERTO SANTANDER,0.0,2020
TARAPACÁ,0.0,2020
INÍRIDA,0.0,2020
BARRANCOMINAS,0.0,2020
SAN FELIPE,0.0,2020
PUERTO COLOMBIA,0.0,2020
LA GUADALUPE,0.0,2020
CACAHUAL,0.0,2020
PANA PANA,0.0,2020
MORICHAL,0.0,2020
SAN JOSÉ DEL GUAVIARE,0.0,2020
CALAMAR,0.0,2020
EL RETORNO,0.0,2020
MIRAFLORES,0.0,2020
MITÚ,0.0,2020
CARURÚ,0.0,2020
PACOA,0.0,2020
TARAIRA,0.0,2020
PAPUNAHUA,0.0,2020
YAVARATÉ,0.0,2020
PUERTO CARREÑO,0.0,2020
LA PRIMAVERA,0.0,2020
SANTA ROSALÍA,0.0,2020
CUMARIBO,0.0,2020
MEDELLÍN,0.0,2021
ABEJORRAL,0.0,2021
ABRIAQUÍ,0.0,2021
ALEJANDRÍA,,2021
AMAGÁ,0.0,2021
AMALFI,0.0,2021
ANDES,0.0,2021
ANGELÓPOLIS,0.0,2021
ANGOSTURA,0.0,2021
ANORÍ,0.0,2021
SANTA FÉ DE ANTIOQUIA,0.0,2021
ANZÁ,0.0,2021
APARTADÓ,0.0,2021
ARBOLETES,0.0,2021
ARGELIA,0.0,2021
ARMENIA,0.0,2021
BARBOSA,0.0,2021
BELMIRA,0.0,2021
BELLO,0.0,2021
BETANIA,0.0,2021
BETULIA,0.0,2021
CIUDAD BOLÍVAR,0.0,2021
BRICEÑO,0.0,2021
BURITICÁ,0.0,2021
CÁCERES,0.0,2021
CAICEDO,0.0,2021
CALDAS,0.0,2021
CAMPAMENTO,0.0,2021
CAÑASGORDAS,0.0,2021
CARACOLÍ,0.0,2021
CARAMANTA,,2021
CAREPA,0.0,2021
EL CARMEN DE VIBORAL,0.0,2021
CAROLINA,0.0,2021
CAUCASIA,0.0,2021
CHIGORODÓ,0.0,2021
CISNEROS,,2021
COCORNÁ,0.0,2021
CONCEPCIÓN,0.0,2021
CONCORDIA,0.0,2021
COPACABANA,0.0,2021
DABEIBA,0.0,2021
DONMATÍAS,0.0,2021
EBÉJICO,0.0,2021
EL BAGRE,0.0,2021
ENTRERRÍOS,0.0,2021
ENVIGADO,,2021
FREDONIA,0.0,2021
FRONTINO,0.0,2021
GIRALDO,,2021
GIRARDOTA,,2021
GÓMEZ PLATA,0.0,2021
GRANADA,0.0,2021
GUADALUPE,0.0,2021
GUARNE,0.0,2021
GUATAPÉ,,2021
HELICONIA,0.0,2021
HISPANIA,0.0,2021
ITAGÜÍ,0.0,2021
ITUANGO,0.0,2021
JARDÍN,0.0,2021
JERICÓ,0.0,2021
LA CEJA,,2021
LA ESTRELLA,,2021
LA PINTADA,0.0,2021
LA UNIÓN,0.0,2021
LIBORINA,0.0,2021
MACEO,0.0,2021
MARINILLA,0.0,2021
MONTEBELLO,0.0,2021
MURINDÓ,0.0,2021
MUTATÁ,0.0,2021
NARIÑO,0.0,2021
NECOCLÍ,0.0,2021
NECHÍ,0.0,2021
OLAYA,0.0,2021
PEÑOL,0.0,2021
PEQUE,0.0,2021
PUEBLORRICO,,2021
PUERTO BERRÍO,0.0,2021
PUERTO NARE,0.0,2021
PUERTO TRIUNFO,0.0,2021
REMEDIOS,0.0,2021
RETIRO,0.0,2021
RIONEGRO,0.0,2021
SABANALARGA,0.0,2021
SABANETA,,2021
SALGAR,0.0,2021
SAN ANDRÉS DE CUERQUÍA,0.0,2021
SAN CARLOS,0.0,2021
SAN FRANCISCO,0.0,2021
SAN JERÓNIMO,0.0,2021
SAN JOSÉ DE LA MONTAÑA,0.0,2021
SAN JUAN DE URABÁ,0.0,2021
SAN LUIS,0.0,2021
SAN PEDRO DE LOS MILAGROS,0.0,2021
SAN PEDRO DE URABÁ,0.0,2021
SAN RAFAEL,0.0,2021
SAN ROQUE,0.0,2021
SAN VICENTE FERRER,0.0,2021
SANTA BÁRBARA,0.0,2021
SANTA ROSA DE OSOS,0.0,2021
SANTO DOMINGO,0.0,2021
EL SANTUARIO,,2021
SEGOVIA,0.0,2021
SONSÓN,0.0,2021
SOPETRÁN,0.0,2021
TÁMESIS,0.0,2021
TARAZÁ,0.0,2021
TARSO,,2021
TITIRIBÍ,0.0,2021
TOLEDO,0.0,2021
TURBO,0.0,2021
URAMITA,0.0,2021
URRAO,0.0,2021
VALDIVIA,0.0,2021
VALPARAÍSO,0.0,2021
VEGACHÍ,0.0,2021
VENECIA,0.0,2021
VIGÍA DEL FUERTE,0.0,2021
YALÍ,0.0,2021
YARUMAL,0.0,2021
YOLOMBÓ,0.0,2021
YONDÓ,0.0,2021
ZARAGOZA,0.0,2021
BARRANQUILLA,86.59,2021
BARANOA,90.45,2021
CAMPO DE LA CRUZ,88.59,2021
CANDELARIA,89.98,2021
GALAPA,89.13,2021
JUAN DE ACOSTA,88.75,2021
LURUACO,44.02,2021
MALAMBO,,2021
MANATÍ,87.86,2021
PALMAR DE VARELA,89.56,2021
PIOJÓ,29.39,2021
POLONUEVO,,2021
PONEDERA,91.1,2021
PUERTO COLOMBIA,86.9,2021
REPELÓN,44.04,2021
SABANAGRANDE,88.77,2021
SABANALARGA,89.98,2021
SANTA LUCÍA,,2021
SANTO TOMÁS,,2021
SOLEDAD,88.51,2021
SUAN,89.47,2021
TUBARÁ,88.85,2021
USIACURÍ,,2021
"BOGOTÁ, D.C.",0.0,2021
CARTAGENA DE INDIAS,0.0,2021
ACHÍ,0.0,2021
ALTOS DEL ROSARIO,0.0,2021
ARENAL,0.0,2021
ARJONA,0.0,2021
ARROYOHONDO,87.81,2021
BARRANCO DE LOBA,0.0,2021
CALAMAR,88.17,2021
CANTAGALLO,0.0,2021
CICUCO,0.0,2021
CÓRDOBA,0.0,2021
CLEMENCIA,,2021
EL CARMEN DE BOLÍVAR,0.0,2021
EL GUAMO,0.0,2021
EL PEÑÓN,0.0,2021
HATILLO DE LOBA,0.0,2021
MAGANGUÉ,0.0,2021
MAHATES,22.15,2021
MARGARITA,0.0,2021
MARÍA LA BAJA,0.0,2021
MONTECRISTO,0.0,2021
SANTA CRUZ DE MOMPOX,0.0,2021
MORALES,0.0,2021
NOROSÍ,0.0,2021
PINILLOS,0.0,2021
REGIDOR,0.0,2021
RÍO VIEJO,0.0,2021
SAN CRISTÓBAL,,2021
SAN ESTANISLAO,0.0,2021
SAN FERNANDO,0.0,2021
SAN JACINTO,0.0,2021
SAN JACINTO DEL CAUCA,0.0,2021
SAN JUAN NEPOMUCENO,0.0,2021
SAN MARTÍN DE LOBA,0.0,2021
SAN PABLO,0.0,2021
SANTA CATALINA,0.0,2021
SANTA ROSA,0.0,2021
SANTA ROSA DEL SUR,0.0,2021
SIMITÍ,0.0,2021
SOPLAVIENTO,87.77,2021
TALAIGUA NUEVO,0.0,2021
TIQUISIO,0.0,2021
TURBACO,0.0,2021
TURBANA,0.0,2021
VILLANUEVA,0.0,2021
ZAMBRANO,0.0,2021
TUNJA,0.0,2021
ALMEIDA,,2021
AQUITANIA,0.0,2021
ARCABUCO,,2021
BELÉN,0.0,2021
BERBEO,0.0,2021
BETÉITIVA,0.0,2021
BOAVITA,0.0,2021
BOYACÁ,,2021
BRICEÑO,0.0,2021
BUENAVISTA,0.0,2021
BUSBANZÁ,,2021
CALDAS,0.0,2021
CAMPOHERMOSO,0.0,2021
CERINZA,,2021
CHINAVITA,0.0,2021
CHIQUINQUIRÁ,0.0,2021
CHISCAS,0.0,2021
CHITA,0.0,2021
CHITARAQUE,0.0,2021
CHIVATÁ,,2021
CIÉNEGA,0.0,2021
CÓMBITA,0.0,2021
COPER,0.0,2021
CORRALES,,2021
COVARACHÍA,0.0,2021
CUBARÁ,0.0,2021
CUCAITA,,2021
CUÍTIVA,0.0,2021
CHÍQUIZA,0.0,2021
CHIVOR,0.0,2021
DUITAMA,0.0,2021
EL COCUY,0.0,2021
EL ESPINO,0.0,2021
FIRAVITOBA,0.0,2021
FLORESTA,0.0,2021
GACHANTIVÁ,,2021
GÁMEZA,0.0,2021
GARAGOA,0.0,2021
GUACAMAYAS,,2021
GUATEQUE,0.0,2021
GUAYATÁ,0.0,2021
GÜICÁN DE LA SIERRA,0.0,2021
IZA,0.0,2021
JENESANO,0.0,2021
JERICÓ,0.0,2021
LABRANZAGRANDE,0.0,2021
LA CAPILLA,,2021
LA VICTORIA,,2021
LA UVITA,,2021
VILLA DE LEYVA,0.0,2021
MACANAL,0.0,2021
MARIPÍ,0.0,2021
MIRAFLORES,0.0,2021
MONGUA,0.0,2021
MONGUÍ,0.0,2021
MONIQUIRÁ,0.0,2021
MOTAVITA,0.0,2021
MUZO,0.0,2021
NOBSA,,2021
NUEVO COLÓN,,2021
OICATÁ,0.0,2021
OTANCHE,0.0,2021
PACHAVITA,0.0,2021
PÁEZ,0.0,2021
PAIPA,0.0,2021
PAJARITO,0.0,2021
PANQUEBA,,2021
PAUNA,0.0,2021
PAYA,0.0,2021
PAZ DE RÍO,,2021
PESCA,0.0,2021
PISBA,0.0,2021
PUERTO BOYACÁ,0.0,2021
QUÍPAMA,0.0,2021
RAMIRIQUÍ,0.0,2021
RÁQUIRA,0.0,2021
RONDÓN,0.0,2021
SABOYÁ,0.0,2021
SÁCHICA,,2021
SAMACÁ,0.0,2021
SAN EDUARDO,,2021
SAN JOSÉ DE PARE,0.0,2021
SAN LUIS DE GACENO,0.0,2021
SAN MATEO,0.0,2021
SAN MIGUEL DE SEMA,,2021
SAN PABLO DE BORBUR,0.0,2021
SANTANA,0.0,2021
SANTA MARÍA,0.0,2021
SANTA ROSA DE VITERBO,0.0,2021
SANTA SOFÍA,0.0,2021
SATIVANORTE,0.0,2021
SATIVASUR,,2021
SIACHOQUE,0.0,2021
SOATÁ,0.0,2021
SOCOTÁ,0.0,2021
SOCHA,0.0,2021
SOGAMOSO,0.0,2021
SOMONDOCO,0.0,2021
SORA,,2021
SOTAQUIRÁ,0.0,2021
SORACÁ,0.0,2021
SUSACÓN,0.0,2021
SUTAMARCHÁN,0.0,2021
SUTATENZA,,2021
TASCO,0.0,2021
TENZA,0.0,2021
TIBANÁ,0.0,2021
TIBASOSA,0.0,2021
TINJACÁ,0.0,2021
TIPACOQUE,0.0,2021
TOCA,0.0,2021
TOGÜÍ,0.0,2021
TÓPAGA,,2021
TOTA,0.0,2021
TUNUNGUÁ,,2021
TURMEQUÉ,0.0,2021
TUTA,0.0,2021
TUTAZÁ,0.0,2021
ÚMBITA,0.0,2021
VENTAQUEMADA,0.0,2021
VIRACACHÁ,,2021
ZETAQUIRA,0.0,2021
MANIZALES,0.0,2021
AGUADAS,0.0,2021
ANSERMA,0.0,2021
ARANZAZU,0.0,2021
BELALCÁZAR,0.0,2021
CHINCHINÁ,0.0,2021
FILADELFIA,0.0,2021
LA DORADA,0.0,2021
LA MERCED,,2021
MANZANARES,0.0,2021
MARMATO,0.0,2021
MARQUETALIA,0.0,2021
MARULANDA,0.0,2021
NEIRA,0.0,2021
NORCASIA,0.0,2021
PÁCORA,0.0,2021
PALESTINA,,2021
PENSILVANIA,0.0,2021
RIOSUCIO,0.0,2021
RISARALDA,0.0,2021
SALAMINA,0.0,2021
SAMANÁ,0.0,2021
SAN JOSÉ,0.0,2021
SUPÍA,0.0,2021
VICTORIA,0.0,2021
VILLAMARÍA,0.0,2021
VITERBO,0.0,2021
FLORENCIA,0.0,2021
ALBANIA,0.0,2021
BELÉN DE LOS ANDAQUÍES,0.0,2021
CARTAGENA DEL CHAIRÁ,0.0,2021
CURILLO,0.0,2021
EL DONCELLO,0.0,2021
EL PAUJÍL,0.0,2021
LA MONTAÑITA,0.0,2021
MILÁN,0.0,2021
MORELIA,0.0,2021
PUERTO RICO,0.0,2021
SAN JOSÉ DEL FRAGUA,0.0,2021
SAN VICENTE DEL CAGUÁN,0.0,2021
SOLANO,0.0,2021
SOLITA,0.0,2021
VALPARAÍSO,0.0,2021
POPAYÁN,0.0,2021
ALMAGUER,0.0,2021
ARGELIA,0.0,2021
BALBOA,0.0,2021
BOLÍVAR,0.0,2021
BUENOS AIRES,0.0,2021
CAJIBÍO,0.0,2021
CALDONO,0.0,2021
CALOTO,0.0,2021
CORINTO,0.0,2021
EL TAMBO,0.0,2021
FLORENCIA,0.0,2021
GUACHENÉ,0.0,2021
GUAPI,0.0,2021
INZÁ,0.0,2021
JAMBALÓ,0.0,2021
LA SIERRA,0.0,2021
LA VEGA,0.0,2021
LÓPEZ DE MICAY,0.0,2021
MERCADERES,0.0,2021
MIRANDA,0.0,2021
MORALES,0.0,2021
PADILLA,0.0,2021
PÁEZ,0.0,2021
PATÍA,0.0,2021
PIAMONTE,0.0,2021
PIENDAMÓ - TUNÍA,0.0,2021
PUERTO TEJADA,,2021
PURACÉ,0.0,2021
ROSAS,0.0,2021
SAN SEBASTIÁN,0.0,2021
SANTANDER DE QUILICHAO,0.0,2021
SANTA ROSA,0.0,2021
SILVIA,0.0,2021
SOTARÁ PAISPAMBA,0.0,2021
SUÁREZ,0.0,2021
SUCRE,0.0,2021
TIMBÍO,0.0,2021
TIMBIQUÍ,0.0,2021
TORIBÍO,0.0,2021
TOTORÓ,0.0,2021
VILLA RICA,,2021
VALLEDUPAR,0.0,2021
AGUACHICA,0.0,2021
AGUSTÍN CODAZZI,0.0,2021
ASTREA,0.0,2021
BECERRIL,0.0,2021
BOSCONIA,0.0,2021
CHIMICHAGUA,0.0,2021
CHIRIGUANÁ,0.0,2021
CURUMANÍ,0.0,2021
EL COPEY,0.0,2021
EL PASO,0.0,2021
GAMARRA,0.0,2021
GONZÁLEZ,0.0,2021
LA GLORIA,0.0,2021
LA JAGUA DE IBIRICO,0.0,2021
MANAURE BALCÓN DEL CESAR,0.0,2021
PAILITAS,0.0,2021
PELAYA,0.0,2021
PUEBLO BELLO,0.0,2021
RÍO DE ORO,0.0,2021
LA PAZ,0.0,2021
SAN ALBERTO,0.0,2021
SAN DIEGO,0.0,2021
SAN MARTÍN,0.0,2021
TAMALAMEQUE,0.0,2021
MONTERÍA,0.0,2021
AYAPEL,0.0,2021
BUENAVISTA,0.0,2021
CANALETE,0.0,2021
CERETÉ,0.0,2021
CHIMÁ,0.0,2021
CHINÚ,0.0,2021
CIÉNAGA DE ORO,0.0,2021
COTORRA,,2021
LA APARTADA,0.0,2021
LORICA,0.0,2021
LOS CÓRDOBAS,0.0,2021
MOMIL,0.0,2021
MONTELÍBANO,0.0,2021
MOÑITOS,0.0,2021
PLANETA RICA,0.0,2021
PUEBLO NUEVO,0.0,2021
PUERTO ESCONDIDO,0.0,2021
PUERTO LIBERTADOR,0.0,2021
PURÍSIMA DE LA CONCEPCIÓN,0.0,2021
SAHAGÚN,0.0,2021
SAN ANDRÉS DE SOTAVENTO,0.0,2021
SAN ANTERO,0.0,2021
SAN BERNARDO DEL VIENTO,0.0,2021
SAN CARLOS,0.0,2021
SAN JOSÉ DE URÉ,0.0,2021
SAN PELAYO,0.0,2021
TIERRALTA,0.0,2021
TUCHÍN,,2021
VALENCIA,0.0,2021
AGUA DE DIOS,0.0,2021
ALBÁN,,2021
ANAPOIMA,0.0,2021
ANOLAIMA,0.0,2021
ARBELÁEZ,0.0,2021
BELTRÁN,0.0,2021
BITUIMA,,2021
BOJACÁ,0.0,2021
CABRERA,0.0,2021
CACHIPAY,0.0,2021
CAJICÁ,,2021
CAPARRAPÍ,0.0,2021
CÁQUEZA,0.0,2021
CARMEN DE CARUPA,0.0,2021
CHAGUANÍ,0.0,2021
CHÍA,0.0,2021
CHIPAQUE,0.0,2021
CHOACHÍ,0.0,2021
CHOCONTÁ,0.0,2021
COGUA,0.0,2021
COTA,0.0,2021
CUCUNUBÁ,0.0,2021
EL COLEGIO,0.0,2021
EL PEÑÓN,0.0,2021
EL ROSAL,,2021
FACATATIVÁ,0.0,2021
FÓMEQUE,0.0,2021
FOSCA,0.0,2021
FUNZA,0.0,2021
FÚQUENE,0.0,2021
FUSAGASUGÁ,0.0,2021
GACHALÁ,0.0,2021
GACHANCIPÁ,,2021
GACHETÁ,0.0,2021
GAMA,0.0,2021
GIRARDOT,0.0,2021
GRANADA,,2021
GUACHETÁ,0.0,2021
GUADUAS,0.0,2021
GUASCA,0.0,2021
GUATAQUÍ,,2021
GUATAVITA,0.0,2021
GUAYABAL DE SÍQUIMA,0.0,2021
GUAYABETAL,0.0,2021
GUTIÉRREZ,0.0,2021
JERUSALÉN,0.0,2021
JUNÍN,0.0,2021
LA CALERA,0.0,2021
LA MESA,0.0,2021
LA PALMA,0.0,2021
LA PEÑA,0.0,2021
LA VEGA,,2021
LENGUAZAQUE,0.0,2021
MACHETÁ,0.0,2021
MADRID,,2021
MANTA,,2021
MEDINA,0.0,2021
MOSQUERA,,2021
NARIÑO,0.0,2021
NEMOCÓN,0.0,2021
NILO,0.0,2021
NIMAIMA,,2021
NOCAIMA,0.0,2021
VENECIA,,2021
PACHO,0.0,2021
PAIME,0.0,2021
PANDI,0.0,2021
PARATEBUENO,0.0,2021
PASCA,0.0,2021
PUERTO SALGAR,0.0,2021
PULÍ,0.0,2021
QUEBRADANEGRA,0.0,2021
QUETAME,0.0,2021
QUIPILE,,2021
APULO,0.0,2021
RICAURTE,0.0,2021
SAN ANTONIO DEL TEQUENDAMA,,2021
SAN BERNARDO,0.0,2021
SAN CAYETANO,0.0,2021
SAN FRANCISCO,0.0,2021
SAN JUAN DE RIOSECO,0.0,2021
SASAIMA,0.0,2021
SESQUILÉ,0.0,2021
SIBATÉ,0.0,2021
SILVANIA,0.0,2021
SIMIJACA,0.0,2021
SOACHA,0.0,2021
SOPÓ,,2021
SUBACHOQUE,0.0,2021
SUESCA,0.0,2021
SUPATÁ,0.0,2021
SUSA,,2021
SUTATAUSA,,2021
TABIO,0.0,2021
TAUSA,0.0,2021
TENA,,2021
TENJO,0.0,2021
TIBACUY,0.0,2021
TIBIRITA,0.0,2021
TOCAIMA,0.0,2021
TOCANCIPÁ,0.0,2021
TOPAIPÍ,,2021
UBALÁ,0.0,2021
UBAQUE,0.0,2021
VILLA DE SAN DIEGO DE UBATÉ,0.0,2021
UNE,0.0,2021
ÚTICA,0.0,2021
VERGARA,0.0,2021
VIANÍ,,2021
VILLAGÓMEZ,0.0,2021
VILLAPINZÓN,0.0,2021
VILLETA,0.0,2021
VIOTÁ,0.0,2021
YACOPÍ,0.0,2021
ZIPACÓN,0.0,2021
ZIPAQUIRÁ,0.0,2021
QUIBDÓ,0.0,2021
ACANDÍ,0.0,2021
ALTO BAUDÓ,0.0,2021
ATRATO,0.0,2021
BAGADÓ,0.0,2021
BAHÍA SOLANO,0.0,2021
BAJO BAUDÓ,0.0,2021
BOJAYÁ,0.0,2021
EL CANTÓN DEL SAN PABLO,0.0,2021
CARMEN DEL DARIÉN,0.0,2021
CÉRTEGUI,0.0,2021
CONDOTO,0.0,2021
EL CARMEN DE ATRATO,0.0,2021
EL LITORAL DEL SAN JUAN,0.0,2021
ISTMINA,0.0,2021
JURADÓ,0.0,2021
LLORÓ,0.0,2021
MEDIO ATRATO,0.0,2021
MEDIO BAUDÓ,0.0,2021
MEDIO SAN JUAN,0.0,2021
NÓVITA,0.0,2021
NUQUÍ,0.0,2021
RÍO IRÓ,0.0,2021
RÍO QUITO,0.0,2021
RIOSUCIO,0.0,2021
SAN JOSÉ DEL PALMAR,0.0,2021
SIPÍ,0.0,2021
TADÓ,0.0,2021
UNGUÍA,0.0,2021
UNIÓN PANAMERICANA,,2021
NEIVA,0.0,2021
ACEVEDO,0.0,2021
AGRADO,0.0,2021
AIPE,0.0,2021
ALGECIRAS,0.0,2021
ALTAMIRA,0.0,2021
BARAYA,0.0,2021
CAMPOALEGRE,0.0,2021
COLOMBIA,0.0,2021
ELÍAS,0.0,2021
GARZÓN,0.0,2021
GIGANTE,0.0,2021
GUADALUPE,0.0,2021
HOBO,0.0,2021
ÍQUIRA,0.0,2021
ISNOS,0.0,2021
LA ARGENTINA,0.0,2021
LA PLATA,0.0,2021
NÁTAGA,0.0,2021
OPORAPA,0.0,2021
PAICOL,0.0,2021
PALERMO,0.0,2021
PALESTINA,0.0,2021
PITAL,0.0,2021
PITALITO,0.0,2021
RIVERA,0.0,2021
SALADOBLANCO,0.0,2021
SAN AGUSTÍN,0.0,2021
SANTA MARÍA,0.0,2021
SUAZA,0.0,2021
TARQUI,0.0,2021
TESALIA,0.0,2021
TELLO,0.0,2021
TERUEL,0.0,2021
TIMANÁ,0.0,2021
VILLAVIEJA,0.0,2021
YAGUARÁ,0.0,2021
RIOHACHA,0.0,2021
ALBANIA,0.0,2021
BARRANCAS,0.0,2021
DIBULLA,0.0,2021
DISTRACCIÓN,0.0,2021
EL MOLINO,0.0,2021
FONSECA,0.0,2021
HATONUEVO,0.0,2021
LA JAGUA DEL PILAR,0.0,2021
MAICAO,0.0,2021
MANAURE,0.0,2021
SAN JUAN DEL CESAR,0.0,2021
URIBIA,0.0,2021
URUMITA,0.0,2021
VILLANUEVA,0.0,2021
SANTA MARTA,0.0,2021
ALGARROBO,0.0,2021
ARACATACA,0.0,2021
ARIGUANÍ,0.0,2021
CERRO DE SAN ANTONIO,89.67,2021
CHIVOLO,22.53,2021
CIÉNAGA,0.0,2021
CONCORDIA,,2021
EL BANCO,0.0,2021
EL PIÑÓN,90.09,2021
EL RETÉN,0.0,2021
FUNDACIÓN,0.0,2021
GUAMAL,0.0,2021
NUEVA GRANADA,0.0,2021
PEDRAZA,66.59,2021
PIJIÑO DEL CARMEN,0.0,2021
PIVIJAY,31.93,2021
PLATO,0.0,2021
PUEBLOVIEJO,0.0,2021
REMOLINO,90.36,2021
SABANAS DE SAN ÁNGEL,0.0,2021
SALAMINA,90.17,2021
SAN SEBASTIÁN DE BUENAVISTA,0.0,2021
SAN ZENÓN,0.0,2021
SANTA ANA,0.0,2021
SANTA BÁRBARA DE PINTO,0.0,2021
SITIONUEVO,86.57,2021
TENERIFE,0.0,2021
ZAPAYÁN,44.84,2021
ZONA BANANERA,0.0,2021
VILLAVICENCIO,0.0,2021
ACACÍAS,0.0,2021
BARRANCA DE UPÍA,0.0,2021
CABUYARO,0.0,2021
CASTILLA LA NUEVA,0.0,2021
CUBARRAL,0.0,2021
CUMARAL,0.0,2021
EL CALVARIO,0.0,2021
EL CASTILLO,0.0,2021
EL DORADO,0.0,2021
FUENTE DE ORO,0.0,2021
GRANADA,0.0,2021
GUAMAL,0.0,2021
MAPIRIPÁN,0.0,2021
MESETAS,0.0,2021
LA MACARENA,0.0,2021
URIBE,0.0,2021
LEJANÍAS,0.0,2021
PUERTO CONCORDIA,0.0,2021
PUERTO GAITÁN,0.0,2021
PUERTO LÓPEZ,0.0,2021
PUERTO LLERAS,0.0,2021
PUERTO RICO,0.0,2021
RESTREPO,0.0,2021
SAN CARLOS DE GUAROA,0.0,2021
SAN JUAN DE ARAMA,0.0,2021
SAN JUANITO,0.0,2021
SAN MARTÍN,0.0,2021
VISTAHERMOSA,0.0,2021
PASTO,0.0,2021
ALBÁN,,2021
ALDANA,0.0,2021
ANCUYA,,2021
ARBOLEDA,0.0,2021
BARBACOAS,0.0,2021
BELÉN,,2021
BUESACO,0.0,2021
COLÓN,,2021
CONSACÁ,0.0,2021
CONTADERO,,2021
CÓRDOBA,0.0,2021
CUASPUD CARLOSAMA,,2021
CUMBAL,0.0,2021
CUMBITARA,0.0,2021
CHACHAGÜÍ,0.0,2021
EL CHARCO,0.0,2021
EL PEÑOL,0.0,2021
EL ROSARIO,0.0,2021
EL TABLÓN DE GÓMEZ,0.0,2021
EL TAMBO,0.0,2021
FUNES,0.0,2021
GUACHUCAL,,2021
GUAITARILLA,0.0,2021
GUALMATÁN,,2021
ILES,0.0,2021
IMUÉS,0.0,2021
IPIALES,0.0,2021
LA CRUZ,0.0,2021
LA FLORIDA,0.0,2021
LA LLANADA,0.0,2021
LA TOLA,0.0,2021
LA UNIÓN,0.0,2021
LEIVA,0.0,2021
LINARES,0.0,2021
LOS ANDES,0.0,2021
MAGÜÍ,0.0,2021
MALLAMA,0.0,2021
MOSQUERA,0.0,2021
NARIÑO,,2021
OLAYA HERRERA,0.0,2021
OSPINA,,2021
FRANCISCO PIZARRO,0.0,2021
POLICARPA,0.0,2021
POTOSÍ,0.0,2021
PROVIDENCIA,0.0,2021
PUERRES,0.0,2021
PUPIALES,0.0,2021
RICAURTE,0.0,2021
ROBERTO PAYÁN,0.0,2021
SAMANIEGO,0.0,2021
SANDONÁ,0.0,2021
SAN BERNARDO,,2021
SAN LORENZO,0.0,2021
SAN PABLO,0.0,2021
SAN PEDRO DE CARTAGO,,2021
SANTA BÁRBARA,0.0,2021
SANTACRUZ,0.0,2021
SAPUYES,0.0,2021
TAMINANGO,0.0,2021
TANGUA,0.0,2021
SAN ANDRÉS DE TUMACO,0.0,2021
TÚQUERRES,0.0,2021
YACUANQUER,,2021
SAN JOSÉ DE CÚCUTA,0.0,2021
ÁBREGO,0.0,2021
ARBOLEDAS,0.0,2021
BOCHALEMA,0.0,2021
BUCARASICA,0.0,2021
CÁCOTA,0.0,2021
CÁCHIRA,0.0,2021
CHINÁCOTA,0.0,2021
CHITAGÁ,0.0,2021
CONVENCIÓN,0.0,2021
CUCUTILLA,0.0,2021
DURANIA,0.0,2021
EL CARMEN,0.0,2021
EL TARRA,0.0,2021
EL ZULIA,0.0,2021
GRAMALOTE,0.0,2021
HACARÍ,0.0,2021
HERRÁN,0.0,2021
LABATECA,0.0,2021
LA ESPERANZA,0.0,2021
LA PLAYA,0.0,2021
LOS PATIOS,0.0,2021
LOURDES,0.0,2021
MUTISCUA,0.0,2021
OCAÑA,0.0,2021
PAMPLONA,0.0,2021
PAMPLONITA,0.0,2021
PUERTO SANTANDER,0.0,2021
RAGONVALIA,0.0,2021
SALAZAR,0.0,2021
SAN CALIXTO,0.0,2021
SAN CAYETANO,0.0,2021
SANTIAGO,0.0,2021
SARDINATA,0.0,2021
SILOS,0.0,2021
TEORAMA,0.0,2021
TIBÚ,0.0,2021
TOLEDO,0.0,2021
VILLA CARO,0.0,2021
VILLA DEL ROSARIO,0.0,2021
ARMENIA,0.0,2021
BUENAVISTA,,2021
CALARCÁ,0.0,2021
CIRCASIA,0.0,2021
CÓRDOBA,0.0,2021
FILANDIA,0.0,2021
GÉNOVA,0.0,2021
LA TEBAIDA,0.0,2021
MONTENEGRO,0.0,2021
PIJAO,0.0,2021
QUIMBAYA,0.0,2021
SALENTO,0.0,2021
PEREIRA,0.0,2021
APÍA,,2021
BALBOA,0.0,2021
BELÉN DE UMBRÍA,0.0,2021
DOSQUEBRADAS,,2021
GUÁTICA,0.0,2021
LA CELIA,0.0,2021
LA VIRGINIA,,2021
MARSELLA,0.0,2021
MISTRATÓ,0.0,2021
PUEBLO RICO,0.0,2021
QUINCHÍA,0.0,2021
SANTA ROSA DE CABAL,0.0,2021
SANTUARIO,0.0,2021
BUCARAMANGA,0.0,2021
AGUADA,0.0,2021
ALBANIA,0.0,2021
ARATOCA,0.0,2021
BARBOSA,,2021
BARICHARA,0.0,2021
BARRANCABERMEJA,0.0,2021
BETULIA,0.0,2021
BOLÍVAR,0.0,2021
CABRERA,,2021
CALIFORNIA,,2021
CAPITANEJO,,2021
CARCASÍ,0.0,2021
CEPITÁ,0.0,2021
CERRITO,0.0,2021
CHARALÁ,0.0,2021
CHARTA,,2021
CHIMA,0.0,2021
CHIPATÁ,0.0,2021
CIMITARRA,0.0,2021
CONCEPCIÓN,0.0,2021
CONFINES,,2021
CONTRATACIÓN,0.0,2021
COROMORO,0.0,2021
CURITÍ,0.0,2021
EL CARMEN DE CHUCURÍ,0.0,2021
EL GUACAMAYO,0.0,2021
EL PEÑÓN,0.0,2021
EL PLAYÓN,0.0,2021
ENCINO,0.0,2021
ENCISO,0.0,2021
FLORIÁN,0.0,2021
FLORIDABLANCA,,2021
GALÁN,0.0,2021
GÁMBITA,0.0,2021
GIRÓN,0.0,2021
GUACA,0.0,2021
GUADALUPE,0.0,2021
GUAPOTÁ,,2021
GUAVATÁ,,2021
GÜEPSA,0.0,2021
HATO,0.0,2021
JESÚS MARÍA,,2021
JORDÁN,0.0,2021
LA BELLEZA,0.0,2021
LANDÁZURI,0.0,2021
LA PAZ,0.0,2021
LEBRIJA,0.0,2021
LOS SANTOS,0.0,2021
MACARAVITA,0.0,2021
MÁLAGA,,2021
MATANZA,0.0,2021
MOGOTES,0.0,2021
MOLAGAVITA,0.0,2021
OCAMONTE,,2021
OIBA,0.0,2021
ONZAGA,0.0,2021
PALMAR,0.0,2021
PALMAS DEL SOCORRO,0.0,2021
PÁRAMO,0.0,2021
PIEDECUESTA,0.0,2021
PINCHOTE,,2021
PUENTE NACIONAL,0.0,2021
PUERTO PARRA,0.0,2021
PUERTO WILCHES,0.0,2021
RIONEGRO,0.0,2021
SABANA DE TORRES,0.0,2021
SAN ANDRÉS,0.0,2021
SAN BENITO,,2021
SAN GIL,0.0,2021
SAN JOAQUÍN,0.0,2021
SAN JOSÉ DE MIRANDA,,2021
SAN MIGUEL,,2021
SAN VICENTE DE CHUCURÍ,0.0,2021
SANTA BÁRBARA,0.0,2021
SANTA HELENA DEL OPÓN,0.0,2021
SIMACOTA,0.0,2021
SOCORRO,0.0,2021
SUAITA,0.0,2021
SUCRE,0.0,2021
SURATÁ,0.0,2021
TONA,0.0,2021
VALLE DE SAN JOSÉ,0.0,2021
VÉLEZ,0.0,2021
VETAS,0.0,2021
VILLANUEVA,,2021
ZAPATOCA,0.0,2021
SINCELEJO,0.0,2021
BUENAVISTA,0.0,2021
CAIMITO,0.0,2021
COLOSÓ,0.0,2021
COROZAL,0.0,2021
COVEÑAS,0.0,2021
CHALÁN,0.0,2021
EL ROBLE,0.0,2021
GALERAS,0.0,2021
GUARANDA,0.0,2021
LA UNIÓN,0.0,2021
LOS PALMITOS,0.0,2021
MAJAGUAL,0.0,2021
MORROA,0.0,2021
OVEJAS,0.0,2021
PALMITO,0.0,2021
SAMPUÉS,0.0,2021
SAN BENITO ABAD,0.0,2021
SAN JUAN DE BETULIA,0.0,2021
SAN MARCOS,0.0,2021
SAN ONOFRE,0.0,2021
SAN PEDRO,0.0,2021
SAN LUIS DE SINCÉ,0.0,2021
SUCRE,0.0,2021
SANTIAGO DE TOLÚ,0.0,2021
SAN JOSÉ DE TOLUVIEJO,0.0,2021
IBAGUÉ,0.0,2021
ALPUJARRA,0.0,2021
ALVARADO,0.0,2021
AMBALEMA,0.0,2021
ANZOÁTEGUI,0.0,2021
ARMERO,0.0,2021
ATACO,0.0,2021
CAJAMARCA,0.0,2021
CARMEN DE APICALÁ,0.0,2021
CASABIANCA,0.0,2021
CHAPARRAL,0.0,2021
COELLO,0.0,2021
COYAIMA,0.0,2021
CUNDAY,0.0,2021
DOLORES,0.0,2021
ESPINAL,0.0,2021
FALAN,,2021
FLANDES,,2021
FRESNO,0.0,2021
GUAMO,0.0,2021
HERVEO,0.0,2021
HONDA,0.0,2021
ICONONZO,0.0,2021
LÉRIDA,0.0,2021
LÍBANO,0.0,2021
SAN SEBASTIÁN DE MARIQUITA,0.0,2021
MELGAR,0.0,2021
MURILLO,0.0,2021
NATAGAIMA,0.0,2021
ORTEGA,0.0,2021
PALOCABILDO,0.0,2021
PIEDRAS,0.0,2021
PLANADAS,0.0,2021
PRADO,0.0,2021
PURIFICACIÓN,0.0,2021
RIOBLANCO,0.0,2021
RONCESVALLES,0.0,2021
ROVIRA,0.0,2021
SALDAÑA,0.0,2021
SAN ANTONIO,0.0,2021
SAN LUIS,0.0,2021
SANTA ISABEL,0.0,2021
SUÁREZ,0.0,2021
VALLE DE SAN JUAN,0.0,2021
VENADILLO,0.0,2021
VILLAHERMOSA,0.0,2021
VILLARRICA,0.0,2021
CALI,0.0,2021
ALCALÁ,0.0,2021
ANDALUCÍA,0.0,2021
ANSERMANUEVO,0.0,2021
ARGELIA,0.0,2021
BOLÍVAR,0.0,2021
BUENAVENTURA,0.0,2021
GUADALAJARA DE BUGA,0.0,2021
BUGALAGRANDE,0.0,2021
CAICEDONIA,0.0,2021
CALIMA,0.0,2021
CANDELARIA,0.0,2021
CARTAGO,0.0,2021
DAGUA,0.0,2021
EL ÁGUILA,0.0,2021
EL CAIRO,0.0,2021
EL CERRITO,0.0,2021
EL DOVIO,0.0,2021
FLORIDA,0.0,2021
GINEBRA,0.0,2021
GUACARÍ,0.0,2021
JAMUNDÍ,0.0,2021
LA CUMBRE,0.0,2021
LA UNIÓN,,2021
LA VICTORIA,0.0,2021
OBANDO,0.0,2021
PALMIRA,0.0,2021
PRADERA,0.0,2021
RESTREPO,0.0,2021
RIOFRÍO,0.0,2021
ROLDANILLO,0.0,2021
SAN PEDRO,0.0,2021
SEVILLA,0.0,2021
TORO,0.0,2021
TRUJILLO,0.0,2021
TULUÁ,0.0,2021
ULLOA,,2021
VERSALLES,0.0,2021
VIJES,0.0,2021
YOTOCO,0.0,2021
YUMBO,0.0,2021
ZARZAL,0.0,2021
ARAUCA,0.0,2021
ARAUQUITA,0.0,2021
CRAVO NORTE,0.0,2021
FORTUL,0.0,2021
PUERTO RONDÓN,0.0,2021
SARAVENA,0.0,2021
TAME,0.0,2021
YOPAL,0.0,2021
AGUAZUL,0.0,2021
CHÁMEZA,0.0,2021
HATO COROZAL,0.0,2021
LA SALINA,0.0,2021
MANÍ,0.0,2021
MONTERREY,0.0,2021
NUNCHÍA,0.0,2021
OROCUÉ,0.0,2021
PAZ DE ARIPORO,0.0,2021
PORE,0.0,2021
RECETOR,0.0,2021
SABANALARGA,0.0,2021
SÁCAMA,0.0,2021
SAN LUIS DE PALENQUE,0.0,2021
TÁMARA,0.0,2021
TAURAMENA,0.0,2021
TRINIDAD,0.0,2021
VILLANUEVA,0.0,2021
MOCOA,0.0,2021
COLÓN,0.0,2021
ORITO,0.0,2021
PUERTO ASÍS,0.0,2021
PUERTO CAICEDO,0.0,2021
PUERTO GUZMÁN,0.0,2021
PUERTO LEGUÍZAMO,0.0,2021
SIBUNDOY,0.0,2021
SAN FRANCISCO,0.0,2021
SAN MIGUEL,0.0,2021
SANTIAGO,0.0,2021
VALLE DEL GUAMUEZ,0.0,2021
VILLAGARZÓN,0.0,2021
SAN ANDRÉS,,2021
PROVIDENCIA,,2021
LETICIA,0.0,2021
EL ENCANTO,0.0,2021
LA CHORRERA,0.0,2021
LA PEDRERA,0.0,2021
LA VICTORIA,0.0,2021
MIRITÍ - PARANÁ,0.0,2021
PUERTO ALEGRÍA,0.0,2021
PUERTO ARICA,0.0,2021
PUERTO NARIÑO,0.0,2021
PUERTO SANTANDER,0.0,2021
TARAPACÁ,0.0,2021
INÍRIDA,0.0,2021
BARRANCOMINAS,0.0,2021
SAN FELIPE,0.0,2021
PUERTO COLOMBIA,0.0,2021
LA GUADALUPE,0.0,2021
CACAHUAL,0.0,2021
PANA PANA,0.0,2021
MORICHAL,0.0,2021
SAN JOSÉ DEL GUAVIARE,0.0,2021
CALAMAR,0.0,2021
EL RETORNO,0.0,2021
MIRAFLORES,0.0,2021
MITÚ,0.0,2021
CARURÚ,0.0,2021
PACOA,0.0,2021
TARAIRA,0.0,2021
PAPUNAHUA,0.0,2021
YAVARATÉ,0.0,2021
PUERTO CARREÑO,0.0,2021
LA PRIMAVERA,0.0,2021
SANTA ROSALÍA,0.0,2021
CUMARIBO,0.0,2021
MEDELLÍN,0.0,2022
ABEJORRAL,0.0,2022
ABRIAQUÍ,0.0,2022
ALEJANDRÍA,,2022
AMAGÁ,0.0,2022
AMALFI,0.0,2022
ANDES,0.0,2022
ANGELÓPOLIS,0.0,2022
ANGOSTURA,0.0,2022
ANORÍ,0.0,2022
SANTA FÉ DE ANTIOQUIA,0.0,2022
ANZÁ,0.0,2022
APARTADÓ,0.0,2022
ARBOLETES,0.0,2022
ARGELIA,0.0,2022
ARMENIA,0.0,2022
BARBOSA,0.0,2022
BELMIRA,0.0,2022
BELLO,0.0,2022
BETANIA,0.0,2022
BETULIA,0.0,2022
CIUDAD BOLÍVAR,0.0,2022
BRICEÑO,0.0,2022
BURITICÁ,0.0,2022
CÁCERES,0.0,2022
CAICEDO,0.0,2022
CALDAS,0.0,2022
CAMPAMENTO,0.0,2022
CAÑASGORDAS,0.0,2022
CARACOLÍ,0.0,2022
CARAMANTA,,2022
CAREPA,0.0,2022
EL CARMEN DE VIBORAL,0.0,2022
CAROLINA,0.0,2022
CAUCASIA,0.0,2022
CHIGORODÓ,0.0,2022
CISNEROS,,2022
COCORNÁ,0.0,2022
CONCEPCIÓN,0.0,2022
CONCORDIA,0.0,2022
COPACABANA,0.0,2022
DABEIBA,0.0,2022
DONMATÍAS,0.0,2022
EBÉJICO,0.0,2022
EL BAGRE,0.0,2022
ENTRERRÍOS,0.0,2022
ENVIGADO,,2022
FREDONIA,0.0,2022
FRONTINO,0.0,2022
GIRALDO,,2022
GIRARDOTA,,2022
GÓMEZ PLATA,0.0,2022
GRANADA,0.0,2022
GUADALUPE,0.0,2022
GUARNE,0.0,2022
GUATAPÉ,,2022
HELICONIA,0.0,2022
HISPANIA,0.0,2022
ITAGÜÍ,0.0,2022
ITUANGO,0.0,2022
JARDÍN,0.0,2022
JERICÓ,0.0,2022
LA CEJA,,2022
LA ESTRELLA,,2022
LA PINTADA,0.0,2022
LA UNIÓN,0.0,2022
LIBORINA,0.0,2022
MACEO,0.0,2022
MARINILLA,0.0,2022
MONTEBELLO,0.0,2022
MURINDÓ,0.0,2022
MUTATÁ,0.0,2022
NARIÑO,0.0,2022
NECOCLÍ,0.0,2022
NECHÍ,0.0,2022
OLAYA,0.0,2022
PEÑOL,0.0,2022
PEQUE,0.0,2022
PUEBLORRICO,,2022
PUERTO BERRÍO,0.0,2022
PUERTO NARE,0.0,2022
PUERTO TRIUNFO,0.0,2022
REMEDIOS,0.0,2022
RETIRO,0.0,2022
RIONEGRO,0.0,2022
SABANALARGA,0.0,2022
SABANETA,,2022
SALGAR,0.0,2022
SAN ANDRÉS DE CUERQUÍA,0.0,2022
SAN CARLOS,0.0,2022
SAN FRANCISCO,0.0,2022
SAN JERÓNIMO,0.0,2022
SAN JOSÉ DE LA MONTAÑA,0.0,2022
SAN JUAN DE URABÁ,0.0,2022
SAN LUIS,0.0,2022
SAN PEDRO DE LOS MILAGROS,0.0,2022
SAN PEDRO DE URABÁ,0.0,2022
SAN RAFAEL,0.0,2022
SAN ROQUE,0.0,2022
SAN VICENTE FERRER,0.0,2022
SANTA BÁRBARA,0.0,2022
SANTA ROSA DE OSOS,0.0,2022
SANTO DOMINGO,0.0,2022
EL SANTUARIO,,2022
SEGOVIA,0.0,2022
SONSÓN,0.0,2022
SOPETRÁN,0.0,2022
TÁMESIS,0.0,2022
TARAZÁ,0.0,2022
TARSO,,2022
TITIRIBÍ,0.0,2022
TOLEDO,0.0,2022
TURBO,0.0,2022
URAMITA,0.0,2022
URRAO,0.0,2022
VALDIVIA,0.0,2022
VALPARAÍSO,0.0,2022
VEGACHÍ,0.0,2022
VENECIA,0.0,2022
VIGÍA DEL FUERTE,0.0,2022
YALÍ,0.0,2022
YARUMAL,0.0,2022
YOLOMBÓ,0.0,2022
YONDÓ,0.0,2022
ZARAGOZA,0.0,2022
BARRANQUILLA,87.15,2022
BARANOA,91.66,2022
CAMPO DE LA CRUZ,89.88,2022
CANDELARIA,91.23,2022
GALAPA,89.61,2022
JUAN DE ACOSTA,90.12,2022
LURUACO,44.61,2022
MALAMBO,,2022
MANATÍ,88.87,2022
PALMAR DE VARELA,90.39,2022
PIOJÓ,29.87,2022
POLONUEVO,,2022
PONEDERA,91.96,2022
PUERTO COLOMBIA,87.44,2022
REPELÓN,44.51,2022
SABANAGRANDE,89.88,2022
SABANALARGA,91.05,2022
SANTA LUCÍA,,2022
SANTO TOMÁS,,2022
SOLEDAD,88.93,2022
SUAN,90.6,2022
TUBARÁ,89.3,2022
USIACURÍ,,2022
"BOGOTÁ, D.C.",0.0,2022
CARTAGENA DE INDIAS,0.0,2022
ACHÍ,0.0,2022
ALTOS DEL ROSARIO,0.0,2022
ARENAL,0.0,2022
ARJONA,0.0,2022
ARROYOHONDO,88.91,2022
BARRANCO DE LOBA,0.0,2022
CALAMAR,89.41,2022
CANTAGALLO,0.0,2022
CICUCO,0.0,2022
CÓRDOBA,0.0,2022
CLEMENCIA,,2022
EL CARMEN DE BOLÍVAR,0.0,2022
EL GUAMO,0.0,2022
EL PEÑÓN,0.0,2022
HATILLO DE LOBA,0.0,2022
MAGANGUÉ,0.0,2022
MAHATES,22.44,2022
MARGARITA,0.0,2022
MARÍA LA BAJA,0.0,2022
MONTECRISTO,0.0,2022
SANTA CRUZ DE MOMPOX,0.0,2022
MORALES,0.0,2022
NOROSÍ,0.0,2022
PINILLOS,0.0,2022
REGIDOR,0.0,2022
RÍO VIEJO,0.0,2022
SAN CRISTÓBAL,,2022
SAN ESTANISLAO,0.0,2022
SAN FERNANDO,0.0,2022
SAN JACINTO,0.0,2022
SAN JACINTO DEL CAUCA,0.0,2022
SAN JUAN NEPOMUCENO,0.0,2022
SAN MARTÍN DE LOBA,0.0,2022
SAN PABLO,0.0,2022
SANTA CATALINA,0.0,2022
SANTA ROSA,0.0,2022
SANTA ROSA DEL SUR,0.0,2022
SIMITÍ,0.0,2022
SOPLAVIENTO,88.71,2022
TALAIGUA NUEVO,0.0,2022
TIQUISIO,0.0,2022
TURBACO,0.0,2022
TURBANA,0.0,2022
VILLANUEVA,0.0,2022
ZAMBRANO,0.0,2022
TUNJA,0.0,2022
ALMEIDA,,2022
AQUITANIA,0.0,2022
ARCABUCO,,2022
BELÉN,0.0,2022
BERBEO,0.0,2022
BETÉITIVA,0.0,2022
BOAVITA,0.0,2022
BOYACÁ,,2022
BRICEÑO,0.0,2022
BUENAVISTA,0.0,2022
BUSBANZÁ,,2022
CALDAS,0.0,2022
CAMPOHERMOSO,0.0,2022
CERINZA,,2022
CHINAVITA,0.0,2022
CHIQUINQUIRÁ,0.0,2022
CHISCAS,0.0,2022
CHITA,0.0,2022
CHITARAQUE,0.0,2022
CHIVATÁ,,2022
CIÉNEGA,0.0,2022
CÓMBITA,0.0,2022
COPER,0.0,2022
CORRALES,,2022
COVARACHÍA,0.0,2022
CUBARÁ,0.0,2022
CUCAITA,,2022
CUÍTIVA,0.0,2022
CHÍQUIZA,0.0,2022
CHIVOR,0.0,2022
DUITAMA,0.0,2022
EL COCUY,0.0,2022
EL ESPINO,0.0,2022
FIRAVITOBA,0.0,2022
FLORESTA,0.0,2022
GACHANTIVÁ,,2022
GÁMEZA,0.0,2022
GARAGOA,0.0,2022
GUACAMAYAS,,2022
GUATEQUE,0.0,2022
GUAYATÁ,0.0,2022
GÜICÁN DE LA SIERRA,0.0,2022
IZA,0.0,2022
JENESANO,0.0,2022
JERICÓ,0.0,2022
LABRANZAGRANDE,0.0,2022
LA CAPILLA,,2022
LA VICTORIA,,2022
LA UVITA,,2022
VILLA DE LEYVA,0.0,2022
MACANAL,0.0,2022
MARIPÍ,0.0,2022
MIRAFLORES,0.0,2022
MONGUA,0.0,2022
MONGUÍ,0.0,2022
MONIQUIRÁ,0.0,2022
MOTAVITA,0.0,2022
MUZO,0.0,2022
NOBSA,,2022
NUEVO COLÓN,,2022
OICATÁ,0.0,2022
OTANCHE,0.0,2022
PACHAVITA,0.0,2022
PÁEZ,0.0,2022
PAIPA,0.0,2022
PAJARITO,0.0,2022
PANQUEBA,,2022
PAUNA,0.0,2022
PAYA,0.0,2022
PAZ DE RÍO,,2022
PESCA,0.0,2022
PISBA,0.0,2022
PUERTO BOYACÁ,0.0,2022
QUÍPAMA,0.0,2022
RAMIRIQUÍ,0.0,2022
RÁQUIRA,0.0,2022
RONDÓN,0.0,2022
SABOYÁ,0.0,2022
SÁCHICA,,2022
SAMACÁ,0.0,2022
SAN EDUARDO,,2022
SAN JOSÉ DE PARE,0.0,2022
SAN LUIS DE GACENO,0.0,2022
SAN MATEO,0.0,2022
SAN MIGUEL DE SEMA,,2022
SAN PABLO DE BORBUR,0.0,2022
SANTANA,0.0,2022
SANTA MARÍA,0.0,2022
SANTA ROSA DE VITERBO,0.0,2022
SANTA SOFÍA,0.0,2022
SATIVANORTE,0.0,2022
SATIVASUR,,2022
SIACHOQUE,0.0,2022
SOATÁ,0.0,2022
SOCOTÁ,0.0,2022
SOCHA,0.0,2022
SOGAMOSO,0.0,2022
SOMONDOCO,0.0,2022
SORA,,2022
SOTAQUIRÁ,0.0,2022
SORACÁ,0.0,2022
SUSACÓN,0.0,2022
SUTAMARCHÁN,0.0,2022
SUTATENZA,,2022
TASCO,0.0,2022
TENZA,0.0,2022
TIBANÁ,0.0,2022
TIBASOSA,0.0,2022
TINJACÁ,0.0,2022
TIPACOQUE,0.0,2022
TOCA,0.0,2022
TOGÜÍ,0.0,2022
TÓPAGA,,2022
TOTA,0.0,2022
TUNUNGUÁ,,2022
TURMEQUÉ,0.0,2022
TUTA,0.0,2022
TUTAZÁ,0.0,2022
ÚMBITA,0.0,2022
VENTAQUEMADA,0.0,2022
VIRACACHÁ,,2022
ZETAQUIRA,0.0,2022
MANIZALES,0.0,2022
AGUADAS,0.0,2022
ANSERMA,0.0,2022
ARANZAZU,0.0,2022
BELALCÁZAR,0.0,2022
CHINCHINÁ,0.0,2022
FILADELFIA,0.0,2022
LA DORADA,0.0,2022
LA MERCED,,2022
MANZANARES,0.0,2022
MARMATO,0.0,2022
MARQUETALIA,0.0,2022
MARULANDA,0.0,2022
NEIRA,0.0,2022
NORCASIA,0.0,2022
PÁCORA,0.0,2022
PALESTINA,,2022
PENSILVANIA,0.0,2022
RIOSUCIO,0.0,2022
RISARALDA,0.0,2022
SALAMINA,0.0,2022
SAMANÁ,0.0,2022
SAN JOSÉ,0.0,2022
SUPÍA,0.0,2022
VICTORIA,0.0,2022
VILLAMARÍA,0.0,2022
VITERBO,0.0,2022
FLORENCIA,0.0,2022
ALBANIA,0.0,2022
BELÉN DE LOS ANDAQUÍES,0.0,2022
CARTAGENA DEL CHAIRÁ,0.0,2022
CURILLO,0.0,2022
EL DONCELLO,0.0,2022
EL PAUJÍL,0.0,2022
LA MONTAÑITA,0.0,2022
MILÁN,0.0,2022
MORELIA,0.0,2022
PUERTO RICO,0.0,2022
SAN JOSÉ DEL FRAGUA,0.0,2022
SAN VICENTE DEL CAGUÁN,0.0,2022
SOLANO,0.0,2022
SOLITA,0.0,2022
VALPARAÍSO,0.0,2022
POPAYÁN,0.0,2022
ALMAGUER,0.0,2022
ARGELIA,0.0,2022
BALBOA,0.0,2022
BOLÍVAR,0.0,2022
BUENOS AIRES,0.0,2022
CAJIBÍO,0.0,2022
CALDONO,0.0,2022
CALOTO,0.0,2022
CORINTO,0.0,2022
EL TAMBO,0.0,2022
FLORENCIA,0.0,2022
GUACHENÉ,0.0,2022
GUAPI,0.0,2022
INZÁ,0.0,2022
JAMBALÓ,0.0,2022
LA SIERRA,0.0,2022
LA VEGA,0.0,2022
LÓPEZ DE MICAY,0.0,2022
MERCADERES,0.0,2022
MIRANDA,0.0,2022
MORALES,0.0,2022
PADILLA,0.0,2022
PÁEZ,0.0,2022
PATÍA,0.0,2022
PIAMONTE,0.0,2022
PIENDAMÓ - TUNÍA,0.0,2022
PUERTO TEJADA,,2022
PURACÉ,0.0,2022
ROSAS,0.0,2022
SAN SEBASTIÁN,0.0,2022
SANTANDER DE QUILICHAO,0.0,2022
SANTA ROSA,0.0,2022
SILVIA,0.0,2022
SOTARÁ PAISPAMBA,0.0,2022
SUÁREZ,0.0,2022
SUCRE,0.0,2022
TIMBÍO,0.0,2022
TIMBIQUÍ,0.0,2022
TORIBÍO,0.0,2022
TOTORÓ,0.0,2022
VILLA RICA,,2022
VALLEDUPAR,0.0,2022
AGUACHICA,0.0,2022
AGUSTÍN CODAZZI,0.0,2022
ASTREA,0.0,2022
BECERRIL,0.0,2022
BOSCONIA,0.0,2022
CHIMICHAGUA,0.0,2022
CHIRIGUANÁ,0.0,2022
CURUMANÍ,0.0,2022
EL COPEY,0.0,2022
EL PASO,0.0,2022
GAMARRA,0.0,2022
GONZÁLEZ,0.0,2022
LA GLORIA,0.0,2022
LA JAGUA DE IBIRICO,0.0,2022
MANAURE BALCÓN DEL CESAR,0.0,2022
PAILITAS,0.0,2022
PELAYA,0.0,2022
PUEBLO BELLO,0.0,2022
RÍO DE ORO,0.0,2022
LA PAZ,0.0,2022
SAN ALBERTO,0.0,2022
SAN DIEGO,0.0,2022
SAN MARTÍN,0.0,2022
TAMALAMEQUE,0.0,2022
MONTERÍA,0.0,2022
AYAPEL,0.0,2022
BUENAVISTA,0.0,2022
CANALETE,0.0,2022
CERETÉ,0.0,2022
CHIMÁ,0.0,2022
CHINÚ,0.0,2022
CIÉNAGA DE ORO,0.0,2022
COTORRA,,2022
LA APARTADA,0.0,2022
LORICA,0.0,2022
LOS CÓRDOBAS,0.0,2022
MOMIL,0.0,2022
MONTELÍBANO,0.0,2022
MOÑITOS,0.0,2022
PLANETA RICA,0.0,2022
PUEBLO NUEVO,0.0,2022
PUERTO ESCONDIDO,0.0,2022
PUERTO LIBERTADOR,0.0,2022
PURÍSIMA DE LA CONCEPCIÓN,0.0,2022
SAHAGÚN,0.0,2022
SAN ANDRÉS DE SOTAVENTO,0.0,2022
SAN ANTERO,0.0,2022
SAN BERNARDO DEL VIENTO,0.0,2022
SAN CARLOS,0.0,2022
SAN JOSÉ DE URÉ,0.0,2022
SAN PELAYO,0.0,2022
TIERRALTA,0.0,2022
TUCHÍN,,2022
VALENCIA,0.0,2022
AGUA DE DIOS,0.0,2022
ALBÁN,,2022
ANAPOIMA,0.0,2022
ANOLAIMA,0.0,2022
ARBELÁEZ,0.0,2022
BELTRÁN,0.0,2022
BITUIMA,,2022
BOJACÁ,0.0,2022
CABRERA,0.0,2022
CACHIPAY,0.0,2022
CAJICÁ,,2022
CAPARRAPÍ,0.0,2022
CÁQUEZA,0.0,2022
CARMEN DE CARUPA,0.0,2022
CHAGUANÍ,0.0,2022
CHÍA,0.0,2022
CHIPAQUE,0.0,2022
CHOACHÍ,0.0,2022
CHOCONTÁ,0.0,2022
COGUA,0.0,2022
COTA,0.0,2022
CUCUNUBÁ,0.0,2022
EL COLEGIO,0.0,2022
EL PEÑÓN,0.0,2022
EL ROSAL,,2022
FACATATIVÁ,0.0,2022
FÓMEQUE,0.0,2022
FOSCA,0.0,2022
FUNZA,0.0,2022
FÚQUENE,0.0,2022
FUSAGASUGÁ,0.0,2022
GACHALÁ,0.0,2022
GACHANCIPÁ,,2022
GACHETÁ,0.0,2022
GAMA,0.0,2022
GIRARDOT,0.0,2022
GRANADA,,2022
GUACHETÁ,0.0,2022
GUADUAS,0.0,2022
GUASCA,0.0,2022
GUATAQUÍ,,2022
GUATAVITA,0.0,2022
GUAYABAL DE SÍQUIMA,0.0,2022
GUAYABETAL,0.0,2022
GUTIÉRREZ,0.0,2022
JERUSALÉN,0.0,2022
JUNÍN,0.0,2022
LA CALERA,0.0,2022
LA MESA,0.0,2022
LA PALMA,0.0,2022
LA PEÑA,0.0,2022
LA VEGA,,2022
LENGUAZAQUE,0.0,2022
MACHETÁ,0.0,2022
MADRID,,2022
MANTA,,2022
MEDINA,0.0,2022
MOSQUERA,,2022
NARIÑO,0.0,2022
NEMOCÓN,0.0,2022
NILO,0.0,2022
NIMAIMA,,2022
NOCAIMA,0.0,2022
VENECIA,,2022
PACHO,0.0,2022
PAIME,0.0,2022
PANDI,0.0,2022
PARATEBUENO,0.0,2022
PASCA,0.0,2022
PUERTO SALGAR,0.0,2022
PULÍ,0.0,2022
QUEBRADANEGRA,0.0,2022
QUETAME,0.0,2022
QUIPILE,,2022
APULO,0.0,2022
RICAURTE,0.0,2022
SAN ANTONIO DEL TEQUENDAMA,,2022
SAN BERNARDO,0.0,2022
SAN CAYETANO,0.0,2022
SAN FRANCISCO,0.0,2022
SAN JUAN DE RIOSECO,0.0,2022
SASAIMA,0.0,2022
SESQUILÉ,0.0,2022
SIBATÉ,0.0,2022
SILVANIA,0.0,2022
SIMIJACA,0.0,2022
SOACHA,0.0,2022
SOPÓ,,2022
SUBACHOQUE,0.0,2022
SUESCA,0.0,2022
SUPATÁ,0.0,2022
SUSA,,2022
SUTATAUSA,,2022
TABIO,0.0,2022
TAUSA,0.0,2022
TENA,,2022
TENJO,0.0,2022
TIBACUY,0.0,2022
TIBIRITA,0.0,2022
TOCAIMA,0.0,2022
TOCANCIPÁ,0.0,2022
TOPAIPÍ,,2022
UBALÁ,0.0,2022
UBAQUE,0.0,2022
VILLA DE SAN DIEGO DE UBATÉ,0.0,2022
UNE,0.0,2022
ÚTICA,0.0,2022
VERGARA,0.0,2022
VIANÍ,,2022
VILLAGÓMEZ,0.0,2022
VILLAPINZÓN,0.0,2022
VILLETA,0.0,2022
VIOTÁ,0.0,2022
YACOPÍ,0.0,2022
ZIPACÓN,0.0,2022
ZIPAQUIRÁ,0.0,2022
QUIBDÓ,0.0,2022
ACANDÍ,0.0,2022
ALTO BAUDÓ,0.0,2022
ATRATO,0.0,2022
BAGADÓ,0.0,2022
BAHÍA SOLANO,0.0,2022
BAJO BAUDÓ,0.0,2022
BOJAYÁ,0.0,2022
EL CANTÓN DEL SAN PABLO,0.0,2022
CARMEN DEL DARIÉN,0.0,2022
CÉRTEGUI,0.0,2022
CONDOTO,0.0,2022
EL CARMEN DE ATRATO,0.0,2022
EL LITORAL DEL SAN JUAN,0.0,2022
ISTMINA,0.0,2022
JURADÓ,0.0,2022
LLORÓ,0.0,2022
MEDIO ATRATO,0.0,2022
MEDIO BAUDÓ,0.0,2022
MEDIO SAN JUAN,0.0,2022
NÓVITA,0.0,2022
NUQUÍ,0.0,2022
RÍO IRÓ,0.0,2022
RÍO QUITO,0.0,2022
RIOSUCIO,0.0,2022
SAN JOSÉ DEL PALMAR,0.0,2022
SIPÍ,0.0,2022
TADÓ,0.0,2022
UNGUÍA,0.0,2022
UNIÓN PANAMERICANA,,2022
NEIVA,0.0,2022
ACEVEDO,0.0,2022
AGRADO,0.0,2022
AIPE,0.0,2022
ALGECIRAS,0.0,2022
ALTAMIRA,0.0,2022
BARAYA,0.0,2022
CAMPOALEGRE,0.0,2022
COLOMBIA,0.0,2022
ELÍAS,0.0,2022
GARZÓN,0.0,2022
GIGANTE,0.0,2022
GUADALUPE,0.0,2022
HOBO,0.0,2022
ÍQUIRA,0.0,2022
ISNOS,0.0,2022
LA ARGENTINA,0.0,2022
LA PLATA,0.0,2022
NÁTAGA,0.0,2022
OPORAPA,0.0,2022
PAICOL,0.0,2022
PALERMO,0.0,2022
PALESTINA,0.0,2022
PITAL,0.0,2022
PITALITO,0.0,2022
RIVERA,0.0,2022
SALADOBLANCO,0.0,2022
SAN AGUSTÍN,0.0,2022
SANTA MARÍA,0.0,2022
SUAZA,0.0,2022
TARQUI,0.0,2022
TESALIA,0.0,2022
TELLO,0.0,2022
TERUEL,0.0,2022
TIMANÁ,0.0,2022
VILLAVIEJA,0.0,2022
YAGUARÁ,0.0,2022
RIOHACHA,0.0,2022
ALBANIA,0.0,2022
BARRANCAS,0.0,2022
DIBULLA,0.0,2022
DISTRACCIÓN,0.0,2022
EL MOLINO,0.0,2022
FONSECA,0.0,2022
HATONUEVO,0.0,2022
LA JAGUA DEL PILAR,0.0,2022
MAICAO,0.0,2022
MANAURE,0.0,2022
SAN JUAN DEL CESAR,0.0,2022
URIBIA,0.0,2022
URUMITA,0.0,2022
VILLANUEVA,0.0,2022
SANTA MARTA,0.0,2022
ALGARROBO,0.0,2022
ARACATACA,0.0,2022
ARIGUANÍ,0.0,2022
CERRO DE SAN ANTONIO,90.56,2022
CHIVOLO,22.79,2022
CIÉNAGA,0.0,2022
CONCORDIA,,2022
EL BANCO,0.0,2022
EL PIÑÓN,91.22,2022
EL RETÉN,0.0,2022
FUNDACIÓN,0.0,2022
GUAMAL,0.0,2022
NUEVA GRANADA,0.0,2022
PEDRAZA,67.46,2022
PIJIÑO DEL CARMEN,0.0,2022
PIVIJAY,32.33,2022
PLATO,0.0,2022
PUEBLOVIEJO,0.0,2022
REMOLINO,90.84,2022
SABANAS DE SAN ÁNGEL,0.0,2022
SALAMINA,91.15,2022
SAN SEBASTIÁN DE BUENAVISTA,0.0,2022
SAN ZENÓN,0.0,2022
SANTA ANA,0.0,2022
SANTA BÁRBARA DE PINTO,0.0,2022
SITIONUEVO,86.94,2022
TENERIFE,0.0,2022
ZAPAYÁN,45.31,2022
ZONA BANANERA,0.0,2022
VILLAVICENCIO,0.0,2022
ACACÍAS,0.0,2022
BARRANCA DE UPÍA,0.0,2022
CABUYARO,0.0,2022
CASTILLA LA NUEVA,0.0,2022
CUBARRAL,0.0,2022
CUMARAL,0.0,2022
EL CALVARIO,0.0,2022
EL CASTILLO,0.0,2022
EL DORADO,0.0,2022
FUENTE DE ORO,0.0,2022
GRANADA,0.0,2022
GUAMAL,0.0,2022
MAPIRIPÁN,0.0,2022
MESETAS,0.0,2022
LA MACARENA,0.0,2022
URIBE,0.0,2022
LEJANÍAS,0.0,2022
PUERTO CONCORDIA,0.0,2022
PUERTO GAITÁN,0.0,2022
PUERTO LÓPEZ,0.0,2022
PUERTO LLERAS,0.0,2022
PUERTO RICO,0.0,2022
RESTREPO,0.0,2022
SAN CARLOS DE GUAROA,0.0,2022
SAN JUAN DE ARAMA,0.0,2022
SAN JUANITO,0.0,2022
SAN MARTÍN,0.0,2022
VISTAHERMOSA,0.0,2022
PASTO,0.0,2022
ALBÁN,,2022
ALDANA,0.0,2022
ANCUYA,,2022
ARBOLEDA,0.0,2022
BARBACOAS,0.0,2022
BELÉN,,2022
BUESACO,0.0,2022
COLÓN,,2022
CONSACÁ,0.0,2022
CONTADERO,,2022
CÓRDOBA,0.0,2022
CUASPUD CARLOSAMA,,2022
CUMBAL,0.0,2022
CUMBITARA,0.0,2022
CHACHAGÜÍ,0.0,2022
EL CHARCO,0.0,2022
EL PEÑOL,0.0,2022
EL ROSARIO,0.0,2022
EL TABLÓN DE GÓMEZ,0.0,2022
EL TAMBO,0.0,2022
FUNES,0.0,2022
GUACHUCAL,,2022
GUAITARILLA,0.0,2022
GUALMATÁN,,2022
ILES,0.0,2022
IMUÉS,0.0,2022
IPIALES,0.0,2022
LA CRUZ,0.0,2022
LA FLORIDA,0.0,2022
LA LLANADA,0.0,2022
LA TOLA,0.0,2022
LA UNIÓN,0.0,2022
LEIVA,0.0,2022
LINARES,0.0,2022
LOS ANDES,0.0,2022
MAGÜÍ,0.0,2022
MALLAMA,0.0,2022
MOSQUERA,0.0,2022
NARIÑO,,2022
OLAYA HERRERA,0.0,2022
OSPINA,,2022
FRANCISCO PIZARRO,0.0,2022
POLICARPA,0.0,2022
POTOSÍ,0.0,2022
PROVIDENCIA,0.0,2022
PUERRES,0.0,2022
PUPIALES,0.0,2022
RICAURTE,0.0,2022
ROBERTO PAYÁN,0.0,2022
SAMANIEGO,0.0,2022
SANDONÁ,0.0,2022
SAN BERNARDO,,2022
SAN LORENZO,0.0,2022
SAN PABLO,0.0,2022
SAN PEDRO DE CARTAGO,,2022
SANTA BÁRBARA,0.0,2022
SANTACRUZ,0.0,2022
SAPUYES,0.0,2022
TAMINANGO,0.0,2022
TANGUA,0.0,2022
SAN ANDRÉS DE TUMACO,0.0,2022
TÚQUERRES,0.0,2022
YACUANQUER,,2022
SAN JOSÉ DE CÚCUTA,0.0,2022
ÁBREGO,0.0,2022
ARBOLEDAS,0.0,2022
BOCHALEMA,0.0,2022
BUCARASICA,0.0,2022
CÁCOTA,0.0,2022
CÁCHIRA,0.0,2022
CHINÁCOTA,0.0,2022
CHITAGÁ,0.0,2022
CONVENCIÓN,0.0,2022
CUCUTILLA,0.0,2022
DURANIA,0.0,2022
EL CARMEN,0.0,2022
EL TARRA,0.0,2022
EL ZULIA,0.0,2022
GRAMALOTE,0.0,2022
HACARÍ,0.0,2022
HERRÁN,0.0,2022
LABATECA,0.0,2022
LA ESPERANZA,0.0,2022
LA PLAYA,0.0,2022
LOS PATIOS,0.0,2022
LOURDES,0.0,2022
MUTISCUA,0.0,2022
OCAÑA,0.0,2022
PAMPLONA,0.0,2022
PAMPLONITA,0.0,2022
PUERTO SANTANDER,0.0,2022
RAGONVALIA,0.0,2022
SALAZAR,0.0,2022
SAN CALIXTO,0.0,2022
SAN CAYETANO,0.0,2022
SANTIAGO,0.0,2022
SARDINATA,0.0,2022
SILOS,0.0,2022
TEORAMA,0.0,2022
TIBÚ,0.0,2022
TOLEDO,0.0,2022
VILLA CARO,0.0,2022
VILLA DEL ROSARIO,0.0,2022
ARMENIA,0.0,2022
BUENAVISTA,,2022
CALARCÁ,0.0,2022
CIRCASIA,0.0,2022
CÓRDOBA,0.0,2022
FILANDIA,0.0,2022
GÉNOVA,0.0,2022
LA TEBAIDA,0.0,2022
MONTENEGRO,0.0,2022
PIJAO,0.0,2022
QUIMBAYA,0.0,2022
SALENTO,0.0,2022
PEREIRA,0.0,2022
APÍA,,2022
BALBOA,0.0,2022
BELÉN DE UMBRÍA,0.0,2022
DOSQUEBRADAS,,2022
GUÁTICA,0.0,2022
LA CELIA,0.0,2022
LA VIRGINIA,,2022
MARSELLA,0.0,2022
MISTRATÓ,0.0,2022
PUEBLO RICO,0.0,2022
QUINCHÍA,0.0,2022
SANTA ROSA DE CABAL,0.0,2022
SANTUARIO,0.0,2022
BUCARAMANGA,0.0,2022
AGUADA,0.0,2022
ALBANIA,0.0,2022
ARATOCA,0.0,2022
BARBOSA,,2022
BARICHARA,0.0,2022
BARRANCABERMEJA,0.0,2022
BETULIA,0.0,2022
BOLÍVAR,0.0,2022
CABRERA,,2022
CALIFORNIA,,2022
CAPITANEJO,,2022
CARCASÍ,0.0,2022
CEPITÁ,0.0,2022
CERRITO,0.0,2022
CHARALÁ,0.0,2022
CHARTA,,2022
CHIMA,0.0,2022
CHIPATÁ,0.0,2022
CIMITARRA,0.0,2022
CONCEPCIÓN,0.0,2022
CONFINES,,2022
CONTRATACIÓN,0.0,2022
COROMORO,0.0,2022
CURITÍ,0.0,2022
EL CARMEN DE CHUCURÍ,0.0,2022
EL GUACAMAYO,0.0,2022
EL PEÑÓN,0.0,2022
EL PLAYÓN,0.0,2022
ENCINO,0.0,2022
ENCISO,0.0,2022
FLORIÁN,0.0,2022
FLORIDABLANCA,,2022
GALÁN,0.0,2022
GÁMBITA,0.0,2022
GIRÓN,0.0,2022
GUACA,0.0,2022
GUADALUPE,0.0,2022
GUAPOTÁ,,2022
GUAVATÁ,,2022
GÜEPSA,0.0,2022
HATO,0.0,2022
JESÚS MARÍA,,2022
JORDÁN,0.0,2022
LA BELLEZA,0.0,2022
LANDÁZURI,0.0,2022
LA PAZ,0.0,2022
LEBRIJA,0.0,2022
LOS SANTOS,0.0,2022
MACARAVITA,0.0,2022
MÁLAGA,,2022
MATANZA,0.0,2022
MOGOTES,0.0,2022
MOLAGAVITA,0.0,2022
OCAMONTE,,2022
OIBA,0.0,2022
ONZAGA,0.0,2022
PALMAR,0.0,2022
PALMAS DEL SOCORRO,0.0,2022
PÁRAMO,0.0,2022
PIEDECUESTA,0.0,2022
PINCHOTE,,2022
PUENTE NACIONAL,0.0,2022
PUERTO PARRA,0.0,2022
PUERTO WILCHES,0.0,2022
RIONEGRO,0.0,2022
SABANA DE TORRES,0.0,2022
SAN ANDRÉS,0.0,2022
SAN BENITO,,2022
SAN GIL,0.0,2022
SAN JOAQUÍN,0.0,2022
SAN JOSÉ DE MIRANDA,,2022
SAN MIGUEL,,2022
SAN VICENTE DE CHUCURÍ,0.0,2022
SANTA BÁRBARA,0.0,2022
SANTA HELENA DEL OPÓN,0.0,2022
SIMACOTA,0.0,2022
SOCORRO,0.0,2022
SUAITA,0.0,2022
SUCRE,0.0,2022
SURATÁ,0.0,2022
TONA,0.0,2022
VALLE DE SAN JOSÉ,0.0,2022
VÉLEZ,0.0,2022
VETAS,0.0,2022
VILLANUEVA,,2022
ZAPATOCA,0.0,2022
SINCELEJO,0.0,2022
BUENAVISTA,0.0,2022
CAIMITO,0.0,2022
COLOSÓ,0.0,2022
COROZAL,0.0,2022
COVEÑAS,0.0,2022
CHALÁN,0.0,2022
EL ROBLE,0.0,2022
GALERAS,0.0,2022
GUARANDA,0.0,2022
LA UNIÓN,0.0,2022
LOS PALMITOS,0.0,2022
MAJAGUAL,0.0,2022
MORROA,0.0,2022
OVEJAS,0.0,2022
PALMITO,0.0,2022
SAMPUÉS,0.0,2022
SAN BENITO ABAD,0.0,2022
SAN JUAN DE BETULIA,0.0,2022
SAN MARCOS,0.0,2022
SAN ONOFRE,0.0,2022
SAN PEDRO,0.0,2022
SAN LUIS DE SINCÉ,0.0,2022
SUCRE,0.0,2022
SANTIAGO DE TOLÚ,0.0,2022
SAN JOSÉ DE TOLUVIEJO,0.0,2022
IBAGUÉ,0.0,2022
ALPUJARRA,0.0,2022
ALVARADO,0.0,2022
AMBALEMA,0.0,2022
ANZOÁTEGUI,0.0,2022
ARMERO,0.0,2022
ATACO,0.0,2022
CAJAMARCA,0.0,2022
CARMEN DE APICALÁ,0.0,2022
CASABIANCA,0.0,2022
CHAPARRAL,0.0,2022
COELLO,0.0,2022
COYAIMA,0.0,2022
CUNDAY,0.0,2022
DOLORES,0.0,2022
ESPINAL,0.0,2022
FALAN,,2022
FLANDES,,2022
FRESNO,0.0,2022
GUAMO,0.0,2022
HERVEO,0.0,2022
HONDA,0.0,2022
ICONONZO,0.0,2022
LÉRIDA,0.0,2022
LÍBANO,0.0,2022
SAN SEBASTIÁN DE MARIQUITA,0.0,2022
MELGAR,0.0,2022
MURILLO,0.0,2022
NATAGAIMA,0.0,2022
ORTEGA,0.0,2022
PALOCABILDO,0.0,2022
PIEDRAS,0.0,2022
PLANADAS,0.0,2022
PRADO,0.0,2022
PURIFICACIÓN,0.0,2022
RIOBLANCO,0.0,2022
RONCESVALLES,0.0,2022
ROVIRA,0.0,2022
SALDAÑA,0.0,2022
SAN ANTONIO,0.0,2022
SAN LUIS,0.0,2022
SANTA ISABEL,0.0,2022
SUÁREZ,0.0,2022
VALLE DE SAN JUAN,0.0,2022
VENADILLO,0.0,2022
VILLAHERMOSA,0.0,2022
VILLARRICA,0.0,2022
CALI,0.0,2022
ALCALÁ,0.0,2022
ANDALUCÍA,0.0,2022
ANSERMANUEVO,0.0,2022
ARGELIA,0.0,2022
BOLÍVAR,0.0,2022
BUENAVENTURA,0.0,2022
GUADALAJARA DE BUGA,0.0,2022
BUGALAGRANDE,0.0,2022
CAICEDONIA,0.0,2022
CALIMA,0.0,2022
CANDELARIA,0.0,2022
CARTAGO,0.0,2022
DAGUA,0.0,2022
EL ÁGUILA,0.0,2022
EL CAIRO,0.0,2022
EL CERRITO,0.0,2022
EL DOVIO,0.0,2022
FLORIDA,0.0,2022
GINEBRA,0.0,2022
GUACARÍ,0.0,2022
JAMUNDÍ,0.0,2022
LA CUMBRE,0.0,2022
LA UNIÓN,,2022
LA VICTORIA,0.0,2022
OBANDO,0.0,2022
PALMIRA,0.0,2022
PRADERA,0.0,2022
RESTREPO,0.0,2022
RIOFRÍO,0.0,2022
ROLDANILLO,0.0,2022
SAN PEDRO,0.0,2022
SEVILLA,0.0,2022
TORO,0.0,2022
TRUJILLO,0.0,2022
TULUÁ,0.0,2022
ULLOA,,2022
VERSALLES,0.0,2022
VIJES,0.0,2022
YOTOCO,0.0,2022
YUMBO,0.0,2022
ZARZAL,0.0,2022
ARAUCA,0.0,2022
ARAUQUITA,0.0,2022
CRAVO NORTE,0.0,2022
FORTUL,0.0,2022
PUERTO RONDÓN,0.0,2022
SARAVENA,0.0,2022
TAME,0.0,2022
YOPAL,0.0,2022
AGUAZUL,0.0,2022
CHÁMEZA,0.0,2022
HATO COROZAL,0.0,2022
LA SALINA,0.0,2022
MANÍ,0.0,2022
MONTERREY,0.0,2022
NUNCHÍA,0.0,2022
OROCUÉ,0.0,2022
PAZ DE ARIPORO,0.0,2022
PORE,0.0,2022
RECETOR,0.0,2022
SABANALARGA,0.0,2022
SÁCAMA,0.0,2022
SAN LUIS DE PALENQUE,0.0,2022
TÁMARA,0.0,2022
TAURAMENA,0.0,2022
TRINIDAD,0.0,2022
VILLANUEVA,0.0,2022
MOCOA,0.0,2022
COLÓN,0.0,2022
ORITO,0.0,2022
PUERTO ASÍS,0.0,2022
PUERTO CAICEDO,0.0,2022
PUERTO GUZMÁN,0.0,2022
PUERTO LEGUÍZAMO,0.0,2022
SIBUNDOY,0.0,2022
SAN FRANCISCO,0.0,2022
SAN MIGUEL,0.0,2022
SANTIAGO,0.0,2022
VALLE DEL GUAMUEZ,0.0,2022
VILLAGARZÓN,0.0,2022
SAN ANDRÉS,,2022
PROVIDENCIA,,2022
LETICIA,0.0,2022
EL ENCANTO,0.0,2022
LA CHORRERA,0.0,2022
LA PEDRERA,0.0,2022
LA VICTORIA,0.0,2022
MIRITÍ - PARANÁ,0.0,2022
PUERTO ALEGRÍA,0.0,2022
PUERTO ARICA,0.0,2022
PUERTO NARIÑO,0.0,2022
PUERTO SANTANDER,0.0,2022
TARAPACÁ,0.0,2022
INÍRIDA,0.0,2022
BARRANCOMINAS,0.0,2022
SAN FELIPE,0.0,2022
PUERTO COLOMBIA,0.0,2022
LA GUADALUPE,0.0,2022
CACAHUAL,0.0,2022
PANA PANA,0.0,2022
MORICHAL,0.0,2022
SAN JOSÉ DEL GUAVIARE,0.0,2022
CALAMAR,0.0,2022
EL RETORNO,0.0,2022
MIRAFLORES,0.0,2022
MITÚ,0.0,2022
CARURÚ,0.0,2022
PACOA,0.0,2022
TARAIRA,0.0,2022
PAPUNAHUA,0.0,2022
YAVARATÉ,0.0,2022
PUERTO CARREÑO,0.0,2022
LA PRIMAVERA,0.0,2022
SANTA ROSALÍA,0.0,2022
CUMARIBO,0.0,2022
MEDELLÍN,0.0,2023
ABEJORRAL,0.0,2023
ABRIAQUÍ,0.0,2023
ALEJANDRÍA,,2023
AMAGÁ,0.0,2023
AMALFI,0.0,2023
ANDES,0.0,2023
ANGELÓPOLIS,0.0,2023
ANGOSTURA,0.0,2023
ANORÍ,0.0,2023
SANTA FÉ DE ANTIOQUIA,0.0,2023
ANZÁ,0.0,2023
APARTADÓ,0.0,2023
ARBOLETES,0.0,2023
ARGELIA,0.0,2023
ARMENIA,0.0,2023
BARBOSA,0.0,2023
BELMIRA,0.0,2023
BELLO,0.0,2023
BETANIA,0.0,2023
BETULIA,0.0,2023
CIUDAD BOLÍVAR,0.0,2023
BRICEÑO,0.0,2023
BURITICÁ,0.0,2023
CÁCERES,0.0,2023
CAICEDO,0.0,2023
CALDAS,0.0,2023
CAMPAMENTO,0.0,2023
CAÑASGORDAS,0.0,2023
CARACOLÍ,0.0,2023
CARAMANTA,,2023
CAREPA,0.0,2023
EL CARMEN DE VIBORAL,0.0,2023
CAROLINA,0.0,2023
CAUCASIA,0.0,2023
CHIGORODÓ,0.0,2023
CISNEROS,,2023
COCORNÁ,0.0,2023
CONCEPCIÓN,0.0,2023
CONCORDIA,0.0,2023
COPACABANA,0.0,2023
DABEIBA,0.0,2023
DONMATÍAS,0.0,2023
EBÉJICO,0.0,2023
EL BAGRE,0.0,2023
ENTRERRÍOS,0.0,2023
ENVIGADO,,2023
FREDONIA,0.0,2023
FRONTINO,0.0,2023
GIRALDO,,2023
GIRARDOTA,,2023
GÓMEZ PLATA,0.0,2023
GRANADA,0.0,2023
GUADALUPE,0.0,2023
GUARNE,0.0,2023
GUATAPÉ,,2023
HELICONIA,0.0,2023
HISPANIA,0.0,2023
ITAGÜÍ,0.0,2023
ITUANGO,0.0,2023
JARDÍN,0.0,2023
JERICÓ,0.0,2023
LA CEJA,,2023
LA ESTRELLA,,2023
LA PINTADA,0.0,2023
LA UNIÓN,0.0,2023
LIBORINA,0.0,2023
MACEO,0.0,2023
MARINILLA,0.0,2023
MONTEBELLO,0.0,2023
MURINDÓ,0.0,2023
MUTATÁ,0.0,2023
NARIÑO,0.0,2023
NECOCLÍ,0.0,2023
NECHÍ,0.0,2023
OLAYA,0.0,2023
PEÑOL,0.0,2023
PEQUE,0.0,2023
PUEBLORRICO,,2023
PUERTO BERRÍO,0.0,2023
PUERTO NARE,0.0,2023
PUERTO TRIUNFO,0.0,2023
REMEDIOS,0.0,2023
RETIRO,0.0,2023
RIONEGRO,0.0,2023
SABANALARGA,0.0,2023
SABANETA,,2023
SALGAR,0.0,2023
SAN ANDRÉS DE CUERQUÍA,0.0,2023
SAN CARLOS,0.0,2023
SAN FRANCISCO,0.0,2023
SAN JERÓNIMO,0.0,2023
SAN JOSÉ DE LA MONTAÑA,0.0,2023
SAN JUAN DE URABÁ,0.0,2023
SAN LUIS,0.0,2023
SAN PEDRO DE LOS MILAGROS,0.0,2023
SAN PEDRO DE URABÁ,0.0,2023
SAN RAFAEL,0.0,2023
SAN ROQUE,0.0,2023
SAN VICENTE FERRER,0.0,2023
SANTA BÁRBARA,0.0,2023
SANTA ROSA DE OSOS,0.0,2023
SANTO DOMINGO,0.0,2023
EL SANTUARIO,,2023
SEGOVIA,0.0,2023
SONSÓN,0.0,2023
SOPETRÁN,0.0,2023
TÁMESIS,0.0,2023
TARAZÁ,0.0,2023
TARSO,,2023
TITIRIBÍ,0.0,2023
TOLEDO,0.0,2023
TURBO,0.0,2023
URAMITA,0.0,2023
URRAO,0.0,2023
VALDIVIA,0.0,2023
VALPARAÍSO,0.0,2023
VEGACHÍ,0.0,2023
VENECIA,0.0,2023
VIGÍA DEL FUERTE,0.0,2023
YALÍ,0.0,2023
YARUMAL,0.0,2023
YOLOMBÓ,0.0,2023
YONDÓ,0.0,2023
ZARAGOZA,0.0,2023
BARRANQUILLA,87.08,2023
BARANOA,90.83,2023
CAMPO DE LA CRUZ,88.44,2023
CANDELARIA,89.84,2023
GALAPA,89.55,2023
JUAN DE ACOSTA,88.97,2023
LURUACO,44.12,2023
MALAMBO,,2023
MANATÍ,87.96,2023
PALMAR DE VARELA,89.82,2023
PIOJÓ,29.47,2023
POLONUEVO,,2023
PONEDERA,91.16,2023
PUERTO COLOMBIA,87.38,2023
REPELÓN,44.09,2023
SABANAGRANDE,89.11,2023
SABANALARGA,90.23,2023
SANTA LUCÍA,,2023
SANTO TOMÁS,,2023
SOLEDAD,88.88,2023
SUAN,89.34,2023
TUBARÁ,89.13,2023
USIACURÍ,,2023
"BOGOTÁ, D.C.",0.0,2023
CARTAGENA DE INDIAS,0.0,2023
ACHÍ,0.0,2023
ALTOS DEL ROSARIO,0.0,2023
ARENAL,0.0,2023
ARJONA,0.0,2023
ARROYOHONDO,87.92,2023
BARRANCO DE LOBA,0.0,2023
CALAMAR,88.48,2023
CANTAGALLO,0.0,2023
CICUCO,0.0,2023
CÓRDOBA,0.0,2023
CLEMENCIA,,2023
EL CARMEN DE BOLÍVAR,0.0,2023
EL GUAMO,0.0,2023
EL PEÑÓN,0.0,2023
HATILLO DE LOBA,0.0,2023
MAGANGUÉ,0.0,2023
MAHATES,22.22,2023
MARGARITA,0.0,2023
MARÍA LA BAJA,0.0,2023
MONTECRISTO,0.0,2023
SANTA CRUZ DE MOMPOX,0.0,2023
MORALES,0.0,2023
NOROSÍ,0.0,2023
PINILLOS,0.0,2023
REGIDOR,0.0,2023
RÍO VIEJO,0.0,2023
SAN CRISTÓBAL,,2023
SAN ESTANISLAO,0.0,2023
SAN FERNANDO,0.0,2023
SAN JACINTO,0.0,2023
SAN JACINTO DEL CAUCA,0.0,2023
SAN JUAN NEPOMUCENO,0.0,2023
SAN MARTÍN DE LOBA,0.0,2023
SAN PABLO,0.0,2023
SANTA CATALINA,0.0,2023
SANTA ROSA,0.0,2023
SANTA ROSA DEL SUR,0.0,2023
SIMITÍ,0.0,2023
SOPLAVIENTO,87.87,2023
TALAIGUA NUEVO,0.0,2023
TIQUISIO,0.0,2023
TURBACO,0.0,2023
TURBANA,0.0,2023
VILLANUEVA,0.0,2023
ZAMBRANO,0.0,2023
TUNJA,0.0,2023
ALMEIDA,,2023
AQUITANIA,0.0,2023
ARCABUCO,,2023
BELÉN,0.0,2023
BERBEO,0.0,2023
BETÉITIVA,0.0,2023
BOAVITA,0.0,2023
BOYACÁ,,2023
BRICEÑO,0.0,2023
BUENAVISTA,0.0,2023
BUSBANZÁ,,2023
CALDAS,0.0,2023
CAMPOHERMOSO,0.0,2023
CERINZA,,2023
CHINAVITA,0.0,2023
CHIQUINQUIRÁ,0.0,2023
CHISCAS,0.0,2023
CHITA,0.0,2023
CHITARAQUE,0.0,2023
CHIVATÁ,,2023
CIÉNEGA,0.0,2023
CÓMBITA,0.0,2023
COPER,0.0,2023
CORRALES,,2023
COVARACHÍA,0.0,2023
CUBARÁ,0.0,2023
CUCAITA,,2023
CUÍTIVA,0.0,2023
CHÍQUIZA,0.0,2023
CHIVOR,0.0,2023
DUITAMA,0.0,2023
EL COCUY,0.0,2023
EL ESPINO,0.0,2023
FIRAVITOBA,0.0,2023
FLORESTA,0.0,2023
GACHANTIVÁ,,2023
GÁMEZA,0.0,2023
GARAGOA,0.0,2023
GUACAMAYAS,,2023
GUATEQUE,0.0,2023
GUAYATÁ,0.0,2023
GÜICÁN DE LA SIERRA,0.0,2023
IZA,0.0,2023
JENESANO,0.0,2023
JERICÓ,0.0,2023
LABRANZAGRANDE,0.0,2023
LA CAPILLA,,2023
LA VICTORIA,,2023
LA UVITA,,2023
VILLA DE LEYVA,0.0,2023
MACANAL,0.0,2023
MARIPÍ,0.0,2023
MIRAFLORES,0.0,2023
MONGUA,0.0,2023
MONGUÍ,0.0,2023
MONIQUIRÁ,0.0,2023
MOTAVITA,0.0,2023
MUZO,0.0,2023
NOBSA,,2023
NUEVO COLÓN,,2023
OICATÁ,0.0,2023
OTANCHE,0.0,2023
PACHAVITA,0.0,2023
PÁEZ,0.0,2023
PAIPA,0.0,2023
PAJARITO,0.0,2023
PANQUEBA,,2023
PAUNA,0.0,2023
PAYA,0.0,2023
PAZ DE RÍO,,2023
PESCA,0.0,2023
PISBA,0.0,2023
PUERTO BOYACÁ,0.0,2023
QUÍPAMA,0.0,2023
RAMIRIQUÍ,0.0,2023
RÁQUIRA,0.0,2023
RONDÓN,0.0,2023
SABOYÁ,0.0,2023
SÁCHICA,,2023
SAMACÁ,0.0,2023
SAN EDUARDO,,2023
SAN JOSÉ DE PARE,0.0,2023
SAN LUIS DE GACENO,0.0,2023
SAN MATEO,0.0,2023
SAN MIGUEL DE SEMA,,2023
SAN PABLO DE BORBUR,0.0,2023
SANTANA,0.0,2023
SANTA MARÍA,0.0,2023
SANTA ROSA DE VITERBO,0.0,2023
SANTA SOFÍA,0.0,2023
SATIVANORTE,0.0,2023
SATIVASUR,,2023
SIACHOQUE,0.0,2023
SOATÁ,0.0,2023
SOCOTÁ,0.0,2023
SOCHA,0.0,2023
SOGAMOSO,0.0,2023
SOMONDOCO,0.0,2023
SORA,,2023
SOTAQUIRÁ,0.0,2023
SORACÁ,0.0,2023
SUSACÓN,0.0,2023
SUTAMARCHÁN,0.0,2023
SUTATENZA,,2023
TASCO,0.0,2023
TENZA,0.0,2023
TIBANÁ,0.0,2023
TIBASOSA,0.0,2023
TINJACÁ,0.0,2023
TIPACOQUE,0.0,2023
TOCA,0.0,2023
TOGÜÍ,0.0,2023
TÓPAGA,,2023
TOTA,0.0,2023
TUNUNGUÁ,,2023
TURMEQUÉ,0.0,2023
TUTA,0.0,2023
TUTAZÁ,0.0,2023
ÚMBITA,0.0,2023
VENTAQUEMADA,0.0,2023
VIRACACHÁ,,2023
ZETAQUIRA,0.0,2023
MANIZALES,0.0,2023
AGUADAS,0.0,2023
ANSERMA,0.0,2023
ARANZAZU,0.0,2023
BELALCÁZAR,0.0,2023
CHINCHINÁ,0.0,2023
FILADELFIA,0.0,2023
LA DORADA,0.0,2023
LA MERCED,,2023
MANZANARES,0.0,2023
MARMATO,0.0,2023
MARQUETALIA,0.0,2023
MARULANDA,0.0,2023
NEIRA,0.0,2023
NORCASIA,0.0,2023
PÁCORA,0.0,2023
PALESTINA,,2023
PENSILVANIA,0.0,2023
RIOSUCIO,0.0,2023
RISARALDA,0.0,2023
SALAMINA,0.0,2023
SAMANÁ,0.0,2023
SAN JOSÉ,0.0,2023
SUPÍA,0.0,2023
VICTORIA,0.0,2023
VILLAMARÍA,0.0,2023
VITERBO,0.0,2023
FLORENCIA,0.0,2023
ALBANIA,0.0,2023
BELÉN DE LOS ANDAQUÍES,0.0,2023
CARTAGENA DEL CHAIRÁ,0.0,2023
CURILLO,0.0,2023
EL DONCELLO,0.0,2023
EL PAUJÍL,0.0,2023
LA MONTAÑITA,0.0,2023
MILÁN,0.0,2023
MORELIA,0.0,2023
PUERTO RICO,0.0,2023
SAN JOSÉ DEL FRAGUA,0.0,2023
SAN VICENTE DEL CAGUÁN,0.0,2023
SOLANO,0.0,2023
SOLITA,0.0,2023
VALPARAÍSO,0.0,2023
POPAYÁN,0.0,2023
ALMAGUER,0.0,2023
ARGELIA,0.0,2023
BALBOA,0.0,2023
BOLÍVAR,0.0,2023
BUENOS AIRES,0.0,2023
CAJIBÍO,0.0,2023
CALDONO,0.0,2023
CALOTO,0.0,2023
CORINTO,0.0,2023
EL TAMBO,0.0,2023
FLORENCIA,0.0,2023
GUACHENÉ,0.0,2023
GUAPI,0.0,2023
INZÁ,0.0,2023
JAMBALÓ,0.0,2023
LA SIERRA,0.0,2023
LA VEGA,0.0,2023
LÓPEZ DE MICAY,0.0,2023
MERCADERES,0.0,2023
MIRANDA,0.0,2023
MORALES,0.0,2023
PADILLA,0.0,2023
PÁEZ,0.0,2023
PATÍA,0.0,2023
PIAMONTE,0.0,2023
PIENDAMÓ - TUNÍA,0.0,2023
PUERTO TEJADA,,2023
PURACÉ,0.0,2023
ROSAS,0.0,2023
SAN SEBASTIÁN,0.0,2023
SANTANDER DE QUILICHAO,0.0,2023
SANTA ROSA,0.0,2023
SILVIA,0.0,2023
SOTARÁ PAISPAMBA,0.0,2023
SUÁREZ,0.0,2023
SUCRE,0.0,2023
TIMBÍO,0.0,2023
TIMBIQUÍ,0.0,2023
TORIBÍO,0.0,2023
TOTORÓ,0.0,2023
VILLA RICA,,2023
VALLEDUPAR,0.0,2023
AGUACHICA,0.0,2023
AGUSTÍN CODAZZI,0.0,2023
ASTREA,0.0,2023
BECERRIL,0.0,2023
BOSCONIA,0.0,2023
CHIMICHAGUA,0.0,2023
CHIRIGUANÁ,0.0,2023
CURUMANÍ,0.0,2023
EL COPEY,0.0,2023
EL PASO,0.0,2023
GAMARRA,0.0,2023
GONZÁLEZ,0.0,2023
LA GLORIA,0.0,2023
LA JAGUA DE IBIRICO,0.0,2023
MANAURE BALCÓN DEL CESAR,0.0,2023
PAILITAS,0.0,2023
PELAYA,0.0,2023
PUEBLO BELLO,0.0,2023
RÍO DE ORO,0.0,2023
LA PAZ,0.0,2023
SAN ALBERTO,0.0,2023
SAN DIEGO,0.0,2023
SAN MARTÍN,0.0,2023
TAMALAMEQUE,0.0,2023
MONTERÍA,0.0,2023
AYAPEL,0.0,2023
BUENAVISTA,0.0,2023
CANALETE,0.0,2023
CERETÉ,0.0,2023
CHIMÁ,0.0,2023
CHINÚ,0.0,2023
CIÉNAGA DE ORO,0.0,2023
COTORRA,,2023
LA APARTADA,0.0,2023
LORICA,0.0,2023
LOS CÓRDOBAS,0.0,2023
MOMIL,0.0,2023
MONTELÍBANO,0.0,2023
MOÑITOS,0.0,2023
PLANETA RICA,0.0,2023
PUEBLO NUEVO,0.0,2023
PUERTO ESCONDIDO,0.0,2023
PUERTO LIBERTADOR,0.0,2023
PURÍSIMA DE LA CONCEPCIÓN,0.0,2023
SAHAGÚN,0.0,2023
SAN ANDRÉS DE SOTAVENTO,0.0,2023
SAN ANTERO,0.0,2023
SAN BERNARDO DEL VIENTO,0.0,2023
SAN CARLOS,0.0,2023
SAN JOSÉ DE URÉ,0.0,2023
SAN PELAYO,0.0,2023
TIERRALTA,0.0,2023
TUCHÍN,,2023
VALENCIA,0.0,2023
AGUA DE DIOS,0.0,2023
ALBÁN,,2023
ANAPOIMA,0.0,2023
ANOLAIMA,0.0,2023
ARBELÁEZ,0.0,2023
BELTRÁN,0.0,2023
BITUIMA,,2023
BOJACÁ,0.0,2023
CABRERA,0.0,2023
CACHIPAY,0.0,2023
CAJICÁ,,2023
CAPARRAPÍ,0.0,2023
CÁQUEZA,0.0,2023
CARMEN DE CARUPA,0.0,2023
CHAGUANÍ,0.0,2023
CHÍA,0.0,2023
CHIPAQUE,0.0,2023
CHOACHÍ,0.0,2023
CHOCONTÁ,0.0,2023
COGUA,0.0,2023
COTA,0.0,2023
CUCUNUBÁ,0.0,2023
EL COLEGIO,0.0,2023
EL PEÑÓN,0.0,2023
EL ROSAL,,2023
FACATATIVÁ,0.0,2023
FÓMEQUE,0.0,2023
FOSCA,0.0,2023
FUNZA,0.0,2023
FÚQUENE,0.0,2023
FUSAGASUGÁ,0.0,2023
GACHALÁ,0.0,2023
GACHANCIPÁ,,2023
GACHETÁ,0.0,2023
GAMA,0.0,2023
GIRARDOT,0.0,2023
GRANADA,,2023
GUACHETÁ,0.0,2023
GUADUAS,0.0,2023
GUASCA,0.0,2023
GUATAQUÍ,,2023
GUATAVITA,0.0,2023
GUAYABAL DE SÍQUIMA,0.0,2023
GUAYABETAL,0.0,2023
GUTIÉRREZ,0.0,2023
JERUSALÉN,0.0,2023
JUNÍN,0.0,2023
LA CALERA,0.0,2023
LA MESA,0.0,2023
LA PALMA,0.0,2023
LA PEÑA,0.0,2023
LA VEGA,,2023
LENGUAZAQUE,0.0,2023
MACHETÁ,0.0,2023
MADRID,,2023
MANTA,,2023
MEDINA,0.0,2023
MOSQUERA,,2023
NARIÑO,0.0,2023
NEMOCÓN,0.0,2023
NILO,0.0,2023
NIMAIMA,,2023
NOCAIMA,0.0,2023
VENECIA,,2023
PACHO,0.0,2023
PAIME,0.0,2023
PANDI,0.0,2023
PARATEBUENO,0.0,2023
PASCA,0.0,2023
PUERTO SALGAR,0.0,2023
PULÍ,0.0,2023
QUEBRADANEGRA,0.0,2023
QUETAME,0.0,2023
QUIPILE,,2023
APULO,0.0,2023
RICAURTE,0.0,2023
SAN ANTONIO DEL TEQUENDAMA,,2023
SAN BERNARDO,0.0,2023
SAN CAYETANO,0.0,2023
SAN FRANCISCO,0.0,2023
SAN JUAN DE RIOSECO,0.0,2023
SASAIMA,0.0,2023
SESQUILÉ,0.0,2023
SIBATÉ,0.0,2023
SILVANIA,0.0,2023
SIMIJACA,0.0,2023
SOACHA,0.0,2023
SOPÓ,,2023
SUBACHOQUE,0.0,2023
SUESCA,0.0,2023
SUPATÁ,0.0,2023
SUSA,,2023
SUTATAUSA,,2023
TABIO,0.0,2023
TAUSA,0.0,2023
TENA,,2023
TENJO,0.0,2023
TIBACUY,0.0,2023
TIBIRITA,0.0,2023
TOCAIMA,0.0,2023
TOCANCIPÁ,0.0,2023
TOPAIPÍ,,2023
UBALÁ,0.0,2023
UBAQUE,0.0,2023
VILLA DE SAN DIEGO DE UBATÉ,0.0,2023
UNE,0.0,2023
ÚTICA,0.0,2023
VERGARA,0.0,2023
VIANÍ,,2023
VILLAGÓMEZ,0.0,2023
VILLAPINZÓN,0.0,2023
VILLETA,0.0,2023
VIOTÁ,0.0,2023
YACOPÍ,0.0,2023
ZIPACÓN,0.0,2023
ZIPAQUIRÁ,0.0,2023
QUIBDÓ,0.0,2023
ACANDÍ,0.0,2023
ALTO BAUDÓ,0.0,2023
ATRATO,0.0,2023
BAGADÓ,0.0,2023
BAHÍA SOLANO,0.0,2023
BAJO BAUDÓ,0.0,2023
BOJAYÁ,0.0,2023
EL CANTÓN DEL SAN PABLO,0.0,2023
CARMEN DEL DARIÉN,0.0,2023
CÉRTEGUI,0.0,2023
CONDOTO,0.0,2023
EL CARMEN DE ATRATO,0.0,2023
EL LITORAL DEL SAN JUAN,0.0,2023
ISTMINA,0.0,2023
JURADÓ,0.0,2023
LLORÓ,0.0,2023
MEDIO ATRATO,0.0,2023
MEDIO BAUDÓ,0.0,2023
MEDIO SAN JUAN,0.0,2023
NÓVITA,0.0,2023
NUQUÍ,0.0,2023
RÍO IRÓ,0.0,2023
RÍO QUITO,0.0,2023
RIOSUCIO,0.0,2023
SAN JOSÉ DEL PALMAR,0.0,2023
SIPÍ,0.0,2023
TADÓ,0.0,2023
UNGUÍA,0.0,2023
UNIÓN PANAMERICANA,,2023
NEIVA,0.0,2023
ACEVEDO,0.0,2023
AGRADO,0.0,2023
AIPE,0.0,2023
ALGECIRAS,0.0,2023
ALTAMIRA,0.0,2023
BARAYA,0.0,2023
CAMPOALEGRE,0.0,2023
COLOMBIA,0.0,2023
ELÍAS,0.0,2023
GARZÓN,0.0,2023
GIGANTE,0.0,2023
GUADALUPE,0.0,2023
HOBO,0.0,2023
ÍQUIRA,0.0,2023
ISNOS,0.0,2023
LA ARGENTINA,0.0,2023
LA PLATA,0.0,2023
NÁTAGA,0.0,2023
OPORAPA,0.0,2023
PAICOL,0.0,2023
PALERMO,0.0,2023
PALESTINA,0.0,2023
PITAL,0.0,2023
PITALITO,0.0,2023
RIVERA,0.0,2023
SALADOBLANCO,0.0,2023
SAN AGUSTÍN,0.0,2023
SANTA MARÍA,0.0,2023
SUAZA,0.0,2023
TARQUI,0.0,2023
TESALIA,0.0,2023
TELLO,0.0,2023
TERUEL,0.0,2023
TIMANÁ,0.0,2023
VILLAVIEJA,0.0,2023
YAGUARÁ,0.0,2023
RIOHACHA,0.0,2023
ALBANIA,0.0,2023
BARRANCAS,0.0,2023
DIBULLA,0.0,2023
DISTRACCIÓN,0.0,2023
EL MOLINO,0.0,2023
FONSECA,0.0,2023
HATONUEVO,0.0,2023
LA JAGUA DEL PILAR,0.0,2023
MAICAO,0.0,2023
MANAURE,0.0,2023
SAN JUAN DEL CESAR,0.0,2023
URIBIA,0.0,2023
URUMITA,0.0,2023
VILLANUEVA,0.0,2023
SANTA MARTA,0.0,2023
ALGARROBO,0.0,2023
ARACATACA,0.0,2023
ARIGUANÍ,0.0,2023
CERRO DE SAN ANTONIO,89.57,2023
CHIVOLO,22.55,2023
CIÉNAGA,0.0,2023
CONCORDIA,,2023
EL BANCO,0.0,2023
EL PIÑÓN,89.97,2023
EL RETÉN,0.0,2023
FUNDACIÓN,0.0,2023
GUAMAL,0.0,2023
NUEVA GRANADA,0.0,2023
PEDRAZA,66.32,2023
PIJIÑO DEL CARMEN,0.0,2023
PIVIJAY,31.9,2023
PLATO,0.0,2023
PUEBLOVIEJO,0.0,2023
REMOLINO,90.29,2023
SABANAS DE SAN ÁNGEL,0.0,2023
SALAMINA,90.06,2023
SAN SEBASTIÁN DE BUENAVISTA,0.0,2023
SAN ZENÓN,0.0,2023
SANTA ANA,0.0,2023
SANTA BÁRBARA DE PINTO,0.0,2023
SITIONUEVO,86.63,2023
TENERIFE,0.0,2023
ZAPAYÁN,44.88,2023
ZONA BANANERA,0.0,2023
VILLAVICENCIO,0.0,2023
ACACÍAS,0.0,2023
BARRANCA DE UPÍA,0.0,2023
CABUYARO,0.0,2023
CASTILLA LA NUEVA,0.0,2023
CUBARRAL,0.0,2023
CUMARAL,0.0,2023
EL CALVARIO,0.0,2023
EL CASTILLO,0.0,2023
EL DORADO,0.0,2023
FUENTE DE ORO,0.0,2023
GRANADA,0.0,2023
GUAMAL,0.0,2023
MAPIRIPÁN,0.0,2023
MESETAS,0.0,2023
LA MACARENA,0.0,2023
URIBE,0.0,2023
LEJANÍAS,0.0,2023
PUERTO CONCORDIA,0.0,2023
PUERTO GAITÁN,0.0,2023
PUERTO LÓPEZ,0.0,2023
PUERTO LLERAS,0.0,2023
PUERTO RICO,0.0,2023
RESTREPO,0.0,2023
SAN CARLOS DE GUAROA,0.0,2023
SAN JUAN DE ARAMA,0.0,2023
SAN JUANITO,0.0,2023
SAN MARTÍN,0.0,2023
VISTAHERMOSA,0.0,2023
PASTO,0.0,2023
ALBÁN,,2023
ALDANA,0.0,2023
ANCUYA,,2023
ARBOLEDA,0.0,2023
BARBACOAS,0.0,2023
BELÉN,,2023
BUESACO,0.0,2023
COLÓN,,2023
CONSACÁ,0.0,2023
CONTADERO,,2023
CÓRDOBA,0.0,2023
CUASPUD CARLOSAMA,,2023
CUMBAL,0.0,2023
CUMBITARA,0.0,2023
CHACHAGÜÍ,0.0,2023
EL CHARCO,0.0,2023
EL PEÑOL,0.0,2023
EL ROSARIO,0.0,2023
EL TABLÓN DE GÓMEZ,0.0,2023
EL TAMBO,0.0,2023
FUNES,0.0,2023
GUACHUCAL,,2023
GUAITARILLA,0.0,2023
GUALMATÁN,,2023
ILES,0.0,2023
IMUÉS,0.0,2023
IPIALES,0.0,2023
LA CRUZ,0.0,2023
LA FLORIDA,0.0,2023
LA LLANADA,0.0,2023
LA TOLA,0.0,2023
LA UNIÓN,0.0,2023
LEIVA,0.0,2023
LINARES,0.0,2023
LOS ANDES,0.0,2023
MAGÜÍ,0.0,2023
MALLAMA,0.0,2023
MOSQUERA,0.0,2023
NARIÑO,,2023
OLAYA HERRERA,0.0,2023
OSPINA,,2023
FRANCISCO PIZARRO,0.0,2023
POLICARPA,0.0,2023
POTOSÍ,0.0,2023
PROVIDENCIA,0.0,2023
PUERRES,0.0,2023
PUPIALES,0.0,2023
RICAURTE,0.0,2023
ROBERTO PAYÁN,0.0,2023
SAMANIEGO,0.0,2023
SANDONÁ,0.0,2023
SAN BERNARDO,,2023
SAN LORENZO,0.0,2023
SAN PABLO,0.0,2023
SAN PEDRO DE CARTAGO,,2023
SANTA BÁRBARA,0.0,2023
SANTACRUZ,0.0,2023
SAPUYES,0.0,2023
TAMINANGO,0.0,2023
TANGUA,0.0,2023
SAN ANDRÉS DE TUMACO,0.0,2023
TÚQUERRES,0.0,2023
YACUANQUER,,2023
SAN JOSÉ DE CÚCUTA,0.0,2023
ÁBREGO,0.0,2023
ARBOLEDAS,0.0,2023
BOCHALEMA,0.0,2023
BUCARASICA,0.0,2023
CÁCOTA,0.0,2023
CÁCHIRA,0.0,2023
CHINÁCOTA,0.0,2023
CHITAGÁ,0.0,2023
CONVENCIÓN,0.0,2023
CUCUTILLA,0.0,2023
DURANIA,0.0,2023
EL CARMEN,0.0,2023
EL TARRA,0.0,2023
EL ZULIA,0.0,2023
GRAMALOTE,0.0,2023
HACARÍ,0.0,2023
HERRÁN,0.0,2023
LABATECA,0.0,2023
LA ESPERANZA,0.0,2023
LA PLAYA,0.0,2023
LOS PATIOS,0.0,2023
LOURDES,0.0,2023
MUTISCUA,0.0,2023
OCAÑA,0.0,2023
PAMPLONA,0.0,2023
PAMPLONITA,0.0,2023
PUERTO SANTANDER,0.0,2023
RAGONVALIA,0.0,2023
SALAZAR,0.0,2023
SAN CALIXTO,0.0,2023
SAN CAYETANO,0.0,2023
SANTIAGO,0.0,2023
SARDINATA,0.0,2023
SILOS,0.0,2023
TEORAMA,0.0,2023
TIBÚ,0.0,2023
TOLEDO,0.0,2023
VILLA CARO,0.0,2023
VILLA DEL ROSARIO,0.0,2023
ARMENIA,0.0,2023
BUENAVISTA,,2023
CALARCÁ,0.0,2023
CIRCASIA,0.0,2023
CÓRDOBA,0.0,2023
FILANDIA,0.0,2023
GÉNOVA,0.0,2023
LA TEBAIDA,0.0,2023
MONTENEGRO,0.0,2023
PIJAO,0.0,2023
QUIMBAYA,0.0,2023
SALENTO,0.0,2023
PEREIRA,0.0,2023
APÍA,,2023
BALBOA,0.0,2023
BELÉN DE UMBRÍA,0.0,2023
DOSQUEBRADAS,,2023
GUÁTICA,0.0,2023
LA CELIA,0.0,2023
LA VIRGINIA,,2023
MARSELLA,0.0,2023
MISTRATÓ,0.0,2023
PUEBLO RICO,0.0,2023
QUINCHÍA,0.0,2023
SANTA ROSA DE CABAL,0.0,2023
SANTUARIO,0.0,2023
BUCARAMANGA,0.0,2023
AGUADA,0.0,2023
ALBANIA,0.0,2023
ARATOCA,0.0,2023
BARBOSA,,2023
BARICHARA,0.0,2023
BARRANCABERMEJA,0.0,2023
BETULIA,0.0,2023
BOLÍVAR,0.0,2023
CABRERA,,2023
CALIFORNIA,,2023
CAPITANEJO,,2023
CARCASÍ,0.0,2023
CEPITÁ,0.0,2023
CERRITO,0.0,2023
CHARALÁ,0.0,2023
CHARTA,,2023
CHIMA,0.0,2023
CHIPATÁ,0.0,2023
CIMITARRA,0.0,2023
CONCEPCIÓN,0.0,2023
CONFINES,,2023
CONTRATACIÓN,0.0,2023
COROMORO,0.0,2023
CURITÍ,0.0,2023
EL CARMEN DE CHUCURÍ,0.0,2023
EL GUACAMAYO,0.0,2023
EL PEÑÓN,0.0,2023
EL PLAYÓN,0.0,2023
ENCINO,0.0,2023
ENCISO,0.0,2023
FLORIÁN,0.0,2023
FLORIDABLANCA,,2023
GALÁN,0.0,2023
GÁMBITA,0.0,2023
GIRÓN,0.0,2023
GUACA,0.0,2023
GUADALUPE,0.0,2023
GUAPOTÁ,,2023
GUAVATÁ,,2023
GÜEPSA,0.0,2023
HATO,0.0,2023
JESÚS MARÍA,,2023
JORDÁN,0.0,2023
LA BELLEZA,0.0,2023
LANDÁZURI,0.0,2023
LA PAZ,0.0,2023
LEBRIJA,0.0,2023
LOS SANTOS,0.0,2023
MACARAVITA,0.0,2023
MÁLAGA,,2023
MATANZA,0.0,2023
MOGOTES,0.0,2023
MOLAGAVITA,0.0,2023
OCAMONTE,,2023
OIBA,0.0,2023
ONZAGA,0.0,2023
PALMAR,0.0,2023
PALMAS DEL SOCORRO,0.0,2023
PÁRAMO,0.0,2023
PIEDECUESTA,0.0,2023
PINCHOTE,,2023
PUENTE NACIONAL,0.0,2023
PUERTO PARRA,0.0,2023
PUERTO WILCHES,0.0,2023
RIONEGRO,0.0,2023
SABANA DE TORRES,0.0,2023
SAN ANDRÉS,0.0,2023
SAN BENITO,,2023
SAN GIL,0.0,2023
SAN JOAQUÍN,0.0,2023
SAN JOSÉ DE MIRANDA,,2023
SAN MIGUEL,,2023
SAN VICENTE DE CHUCURÍ,0.0,2023
SANTA BÁRBARA,0.0,2023
SANTA HELENA DEL OPÓN,0.0,2023
SIMACOTA,0.0,2023
SOCORRO,0.0,2023
SUAITA,0.0,2023
SUCRE,0.0,2023
SURATÁ,0.0,2023
TONA,0.0,2023
VALLE DE SAN JOSÉ,0.0,2023
VÉLEZ,0.0,2023
VETAS,0.0,2023
VILLANUEVA,,2023
ZAPATOCA,0.0,2023
SINCELEJO,0.0,2023
BUENAVISTA,0.0,2023
CAIMITO,0.0,2023
COLOSÓ,0.0,2023
COROZAL,0.0,2023
COVEÑAS,0.0,2023
CHALÁN,0.0,2023
EL ROBLE,0.0,2023
GALERAS,0.0,2023
GUARANDA,0.0,2023
LA UNIÓN,0.0,2023
LOS PALMITOS,0.0,2023
MAJAGUAL,0.0,2023
MORROA,0.0,2023
OVEJAS,0.0,2023
PALMITO,0.0,2023
SAMPUÉS,0.0,2023
SAN BENITO ABAD,0.0,2023
SAN JUAN DE BETULIA,0.0,2023
SAN MARCOS,0.0,2023
SAN ONOFRE,0.0,2023
SAN PEDRO,0.0,2023
SAN LUIS DE SINCÉ,0.0,2023
SUCRE,0.0,2023
SANTIAGO DE TOLÚ,0.0,2023
SAN JOSÉ DE TOLUVIEJO,0.0,2023
IBAGUÉ,0.0,2023
ALPUJARRA,0.0,2023
ALVARADO,0.0,2023
AMBALEMA,0.0,2023
ANZOÁTEGUI,0.0,2023
ARMERO,0.0,2023
ATACO,0.0,2023
CAJAMARCA,0.0,2023
CARMEN DE APICALÁ,0.0,2023
CASABIANCA,0.0,2023
CHAPARRAL,0.0,2023
COELLO,0.0,2023
COYAIMA,0.0,2023
CUNDAY,0.0,2023
DOLORES,0.0,2023
ESPINAL,0.0,2023
FALAN,,2023
FLANDES,,2023
FRESNO,0.0,2023
GUAMO,0.0,2023
HERVEO,0.0,2023
HONDA,0.0,2023
ICONONZO,0.0,2023
LÉRIDA,0.0,2023
LÍBANO,0.0,2023
SAN SEBASTIÁN DE MARIQUITA,0.0,2023
MELGAR,0.0,2023
MURILLO,0.0,2023
NATAGAIMA,0.0,2023
ORTEGA,0.0,2023
PALOCABILDO,0.0,2023
PIEDRAS,0.0,2023
PLANADAS,0.0,2023
PRADO,0.0,2023
PURIFICACIÓN,0.0,2023
RIOBLANCO,0.0,2023
RONCESVALLES,0.0,2023
ROVIRA,0.0,2023
SALDAÑA,0.0,2023
SAN ANTONIO,0.0,2023
SAN LUIS,0.0,2023
SANTA ISABEL,0.0,2023
SUÁREZ,0.0,2023
VALLE DE SAN JUAN,0.0,2023
VENADILLO,0.0,2023
VILLAHERMOSA,0.0,2023
VILLARRICA,0.0,2023
CALI,0.0,2023
ALCALÁ,0.0,2023
ANDALUCÍA,0.0,2023
ANSERMANUEVO,0.0,2023
ARGELIA,0.0,2023
BOLÍVAR,0.0,2023
BUENAVENTURA,0.0,2023
GUADALAJARA DE BUGA,0.0,2023
BUGALAGRANDE,0.0,2023
CAICEDONIA,0.0,2023
CALIMA,0.0,2023
CANDELARIA,0.0,2023
CARTAGO,0.0,2023
DAGUA,0.0,2023
EL ÁGUILA,0.0,2023
EL CAIRO,0.0,2023
EL CERRITO,0.0,2023
EL DOVIO,0.0,2023
FLORIDA,0.0,2023
GINEBRA,0.0,2023
GUACARÍ,0.0,2023
JAMUNDÍ,0.0,2023
LA CUMBRE,0.0,2023
LA UNIÓN,,2023
LA VICTORIA,0.0,2023
OBANDO,0.0,2023
PALMIRA,0.0,2023
PRADERA,0.0,2023
RESTREPO,0.0,2023
RIOFRÍO,0.0,2023
ROLDANILLO,0.0,2023
SAN PEDRO,0.0,2023
SEVILLA,0.0,2023
TORO,0.0,2023
TRUJILLO,0.0,2023
TULUÁ,0.0,2023
ULLOA,,2023
VERSALLES,0.0,2023
VIJES,0.0,2023
YOTOCO,0.0,2023
YUMBO,0.0,2023
ZARZAL,0.0,2023
ARAUCA,0.0,2023
ARAUQUITA,0.0,2023
CRAVO NORTE,0.0,2023
FORTUL,0.0,2023
PUERTO RONDÓN,0.0,2023
SARAVENA,0.0,2023
TAME,0.0,2023
YOPAL,0.0,2023
AGUAZUL,0.0,2023
CHÁMEZA,0.0,2023
HATO COROZAL,0.0,2023
LA SALINA,0.0,2023
MANÍ,0.0,2023
MONTERREY,0.0,2023
NUNCHÍA,0.0,2023
OROCUÉ,0.0,2023
PAZ DE ARIPORO,0.0,2023
PORE,0.0,2023
RECETOR,0.0,2023
SABANALARGA,0.0,2023
SÁCAMA,0.0,2023
SAN LUIS DE PALENQUE,0.0,2023
TÁMARA,0.0,2023
TAURAMENA,0.0,2023
TRINIDAD,0.0,2023
VILLANUEVA,0.0,2023
MOCOA,0.0,2023
COLÓN,0.0,2023
ORITO,0.0,2023
PUERTO ASÍS,0.0,2023
PUERTO CAICEDO,0.0,2023
PUERTO GUZMÁN,0.0,2023
PUERTO LEGUÍZAMO,0.0,2023
SIBUNDOY,0.0,2023
SAN FRANCISCO,0.0,2023
SAN MIGUEL,0.0,2023
SANTIAGO,0.0,2023
VALLE DEL GUAMUEZ,0.0,2023
VILLAGARZÓN,0.0,2023
SAN ANDRÉS,,2023
PROVIDENCIA,,2023
LETICIA,0.0,2023
EL ENCANTO,0.0,2023
LA CHORRERA,0.0,2023
LA PEDRERA,0.0,2023
LA VICTORIA,0.0,2023
MIRITÍ - PARANÁ,0.0,2023
PUERTO ALEGRÍA,0.0,2023
PUERTO ARICA,0.0,2023
PUERTO NARIÑO,0.0,2023
PUERTO SANTANDER,0.0,2023
TARAPACÁ,0.0,2023
INÍRIDA,0.0,2023
BARRANCOMINAS,0.0,2023
SAN FELIPE,0.0,2023
PUERTO COLOMBIA,0.0,2023
LA GUADALUPE,0.0,2023
CACAHUAL,0.0,2023
PANA PANA,0.0,2023
MORICHAL,0.0,2023
SAN JOSÉ DEL GUAVIARE,0.0,2023
CALAMAR,0.0,2023
EL RETORNO,0.0,2023
MIRAFLORES,0.0,2023
MITÚ,0.0,2023
CARURÚ,0.0,2023
PACOA,0.0,2023
TARAIRA,0.0,2023
PAPUNAHUA,0.0,2023
YAVARATÉ,0.0,2023
PUERTO CARREÑO,0.0,2023
LA PRIMAVERA,0.0,2023
SANTA ROSALÍA,0.0,2023
CUMARIBO,0.0,2023
