municipio,año,humedad_relativa,precipitacion,temp_max,temp_min
ABEJORRAL,2017,0.0,0.0,0.0,0.0
ABEJORRAL,2018,0.0,0.0,0.0,0.0
ABEJORRAL,2019,0.0,0.0,0.0,0.0
ABEJORRAL,2020,0.0,0.0,0.0,0.0
ABEJORRAL,2021,0.0,0.0,0.0,0.0
ABEJORRAL,2022,0.0,0.0,0.0,0.0
ABEJORRAL,2023,0.0,0.0,0.0,0.0
ABRIAQUÍ,2017,0.0,0.0,0.0,0.0
ABRIAQUÍ,2018,0.0,0.0,0.0,0.0
ABRIAQUÍ,2019,0.0,0.0,0.0,0.0
ABRIAQUÍ,2020,0.0,0.0,0.0,0.0
ABRIAQUÍ,2021,0.0,0.0,0.0,0.0
ABRIAQUÍ,2022,0.0,0.0,0.0,0.0
ABRIAQUÍ,2023,0.0,0.0,0.0,0.0
ACACÍAS,2017,89.81,0.0,0.0,0.0
ACACÍAS,2018,0.0,523941.96,0.0,0.0
ACACÍAS,2019,0.0,0.0,0.0,0.0
ACACÍAS,2020,0.0,0.0,0.0,0.0
ACACÍAS,2021,0.0,0.0,0.0,0.0
ACACÍAS,2022,0.0,0.0,0.0,0.0
ACACÍAS,2023,0.0,0.0,0.0,0.0
ACANDÍ,2017,0.0,0.0,0.0,0.0
ACANDÍ,2018,0.0,0.0,0.0,0.0
ACANDÍ,2019,0.0,0.0,0.0,0.0
ACANDÍ,2020,0.0,0.0,0.0,0.0
ACANDÍ,2021,0.0,0.0,0.0,0.0
ACANDÍ,2022,0.0,0.0,0.0,0.0
ACANDÍ,2023,0.0,0.0,0.0,0.0
ACEVEDO,2017,0.0,0.0,0.0,0.0
ACEVEDO,2018,0.0,0.0,0.0,0.0
ACEVEDO,2019,0.0,0.0,0.0,0.0
ACEVEDO,2020,0.0,0.0,0.0,0.0
ACEVEDO,2021,0.0,0.0,0.0,0.0
ACEVEDO,2022,0.0,0.0,0.0,0.0
ACEVEDO,2023,0.0,0.0,0.0,0.0
ACHÍ,2017,93.47,0.0,0.0,0.0
ACHÍ,2018,0.0,477095.39,0.0,0.0
ACHÍ,2019,0.0,0.0,0.0,0.0
ACHÍ,2020,0.0,0.0,0.0,0.0
ACHÍ,2021,0.0,0.0,0.0,0.0
ACHÍ,2022,0.0,0.0,0.0,0.0
ACHÍ,2023,0.0,0.0,0.0,0.0
AGRADO,2017,0.0,0.0,0.0,0.0
AGRADO,2018,0.0,0.0,0.0,0.0
AGRADO,2019,0.0,0.0,0.0,0.0
AGRADO,2020,0.0,0.0,0.0,0.0
AGRADO,2021,0.0,0.0,0.0,0.0
AGRADO,2022,0.0,0.0,0.0,0.0
AGRADO,2023,0.0,0.0,0.0,0.0
AGUA DE DIOS,2017,86.14,0.0,0.0,0.0
AGUA DE DIOS,2018,0.0,208392.06,0.0,0.0
AGUA DE DIOS,2019,0.0,0.0,0.0,0.0
AGUA DE DIOS,2020,0.0,0.0,0.0,0.0
AGUA DE DIOS,2021,0.0,0.0,0.0,0.0
AGUA DE DIOS,2022,0.0,0.0,0.0,0.0
AGUA DE DIOS,2023,0.0,0.0,0.0,0.0
AGUACHICA,2017,85.4,0.0,0.0,0.0
AGUACHICA,2018,0.0,760549.61,0.0,0.0
AGUACHICA,2019,0.0,0.0,0.0,0.0
AGUACHICA,2020,0.0,0.0,0.0,0.0
AGUACHICA,2021,0.0,0.0,0.0,0.0
AGUACHICA,2022,0.0,0.0,0.0,0.0
AGUACHICA,2023,0.0,0.0,0.0,0.0
AGUADA,2017,96.62,0.0,0.0,0.0
AGUADA,2018,0.0,432788.25,0.0,0.0
AGUADA,2019,0.0,0.0,0.0,0.0
AGUADA,2020,0.0,0.0,0.0,0.0
AGUADA,2021,0.0,0.0,0.0,0.0
AGUADA,2022,0.0,0.0,0.0,0.0
AGUADA,2023,0.0,0.0,0.0,0.0
AGUADAS,2017,0.0,0.0,0.0,0.0
AGUADAS,2018,0.0,0.0,0.0,0.0
AGUADAS,2019,0.0,0.0,0.0,0.0
AGUADAS,2020,0.0,0.0,0.0,0.0
AGUADAS,2021,0.0,0.0,0.0,0.0
AGUADAS,2022,0.0,0.0,0.0,0.0
AGUADAS,2023,0.0,0.0,0.0,0.0
AGUAZUL,2017,84.5,0.0,0.0,0.0
AGUAZUL,2018,0.0,351486.84,0.0,0.0
AGUAZUL,2019,0.0,0.0,0.0,0.0
AGUAZUL,2020,0.0,0.0,0.0,0.0
AGUAZUL,2021,0.0,0.0,0.0,0.0
AGUAZUL,2022,0.0,0.0,0.0,0.0
AGUAZUL,2023,0.0,0.0,0.0,0.0
AGUSTÍN CODAZZI,2017,82.03,0.0,0.0,0.0
AGUSTÍN CODAZZI,2018,0.0,675858.67,0.0,0.0
AGUSTÍN CODAZZI,2019,0.0,0.0,0.0,0.0
AGUSTÍN CODAZZI,2020,0.0,0.0,0.0,0.0
AGUSTÍN CODAZZI,2021,0.0,0.0,0.0,0.0
AGUSTÍN CODAZZI,2022,0.0,0.0,0.0,0.0
AGUSTÍN CODAZZI,2023,0.0,0.0,0.0,0.0
AIPE,2017,0.0,0.0,0.0,0.0
AIPE,2018,0.0,0.0,0.0,0.0
AIPE,2019,0.0,0.0,0.0,0.0
AIPE,2020,0.0,0.0,0.0,0.0
AIPE,2021,0.0,0.0,0.0,0.0
AIPE,2022,0.0,0.0,0.0,0.0
AIPE,2023,0.0,0.0,0.0,0.0
ALBANIA,2017,0.0,0.0,0.0,0.0
ALBANIA,2017,0.0,0.0,0.0,0.0
ALBANIA,2017,0.0,0.0,0.0,0.0
ALBANIA,2017,0.0,0.0,0.0,0.0
ALBANIA,2017,0.0,0.0,0.0,0.0
ALBANIA,2017,0.0,0.0,0.0,0.0
ALBANIA,2017,0.0,0.0,0.0,0.0
ALBANIA,2017,0.0,0.0,0.0,0.0
ALBANIA,2017,0.0,0.0,0.0,0.0
ALBANIA,2017,0.0,0.0,0.0,0.0
ALBANIA,2017,0.0,0.0,0.0,0.0
ALBANIA,2017,0.0,0.0,0.0,0.0
ALBANIA,2017,0.0,0.0,0.0,0.0
ALBANIA,2017,0.0,0.0,0.0,0.0
ALBANIA,2017,0.0,0.0,0.0,0.0
ALBANIA,2017,0.0,0.0,0.0,0.0
ALBANIA,2017,0.0,0.0,0.0,0.0
ALBANIA,2017,0.0,0.0,0.0,0.0
ALBANIA,2017,0.0,0.0,0.0,0.0
ALBANIA,2017,0.0,0.0,0.0,0.0
ALBANIA,2017,0.0,0.0,0.0,0.0
ALBANIA,2017,0.0,0.0,0.0,0.0
ALBANIA,2017,0.0,0.0,0.0,0.0
ALBANIA,2017,0.0,0.0,0.0,0.0
ALBANIA,2017,0.0,0.0,0.0,0.0
ALBANIA,2017,0.0,0.0,0.0,0.0
ALBANIA,2017,0.0,0.0,0.0,0.0
ALBANIA,2017,53.35,0.0,0.0,0.0
ALBANIA,2017,53.35,0.0,0.0,0.0
ALBANIA,2017,53.35,0.0,0.0,0.0
ALBANIA,2017,53.35,0.0,0.0,0.0
ALBANIA,2017,53.35,0.0,0.0,0.0
ALBANIA,2017,53.35,0.0,0.0,0.0
ALBANIA,2017,53.35,0.0,0.0,0.0
ALBANIA,2017,53.35,0.0,0.0,0.0
ALBANIA,2017,53.35,0.0,0.0,0.0
ALBANIA,2017,53.35,0.0,0.0,0.0
ALBANIA,2017,53.35,0.0,0.0,0.0
ALBANIA,2017,53.35,0.0,0.0,0.0
ALBANIA,2017,53.35,0.0,0.0,0.0
ALBANIA,2017,53.35,0.0,0.0,0.0
ALBANIA,2017,53.35,0.0,0.0,0.0
ALBANIA,2017,53.35,0.0,0.0,0.0
ALBANIA,2017,53.35,0.0,0.0,0.0
ALBANIA,2017,53.35,0.0,0.0,0.0
ALBANIA,2017,53.35,0.0,0.0,0.0
ALBANIA,2017,53.35,0.0,0.0,0.0
ALBANIA,2017,53.35,0.0,0.0,0.0
ALBANIA,2017,53.35,0.0,0.0,0.0
ALBANIA,2017,53.35,0.0,0.0,0.0
ALBANIA,2017,53.35,0.0,0.0,0.0
ALBANIA,2017,53.35,0.0,0.0,0.0
ALBANIA,2017,53.35,0.0,0.0,0.0
ALBANIA,2017,53.35,0.0,0.0,0.0
ALBANIA,2017,88.38,0.0,0.0,0.0
ALBANIA,2017,88.38,0.0,0.0,0.0
ALBANIA,2017,88.38,0.0,0.0,0.0
ALBANIA,2017,88.38,0.0,0.0,0.0
ALBANIA,2017,88.38,0.0,0.0,0.0
ALBANIA,2017,88.38,0.0,0.0,0.0
ALBANIA,2017,88.38,0.0,0.0,0.0
ALBANIA,2017,88.38,0.0,0.0,0.0
ALBANIA,2017,88.38,0.0,0.0,0.0
ALBANIA,2017,88.38,0.0,0.0,0.0
ALBANIA,2017,88.38,0.0,0.0,0.0
ALBANIA,2017,88.38,0.0,0.0,0.0
ALBANIA,2017,88.38,0.0,0.0,0.0
ALBANIA,2017,88.38,0.0,0.0,0.0
ALBANIA,2017,88.38,0.0,0.0,0.0
ALBANIA,2017,88.38,0.0,0.0,0.0
ALBANIA,2017,88.38,0.0,0.0,0.0
ALBANIA,2017,88.38,0.0,0.0,0.0
ALBANIA,2017,88.38,0.0,0.0,0.0
ALBANIA,2017,88.38,0.0,0.0,0.0
ALBANIA,2017,88.38,0.0,0.0,0.0
ALBANIA,2017,88.38,0.0,0.0,0.0
ALBANIA,2017,88.38,0.0,0.0,0.0
ALBANIA,2017,88.38,0.0,0.0,0.0
ALBANIA,2017,88.38,0.0,0.0,0.0
ALBANIA,2017,88.38,0.0,0.0,0.0
ALBANIA,2017,88.38,0.0,0.0,0.0
ALBANIA,2018,0.0,0.0,0.0,0.0
ALBANIA,2018,0.0,0.0,0.0,0.0
ALBANIA,2018,0.0,0.0,0.0,0.0
ALBANIA,2018,0.0,0.0,0.0,0.0
ALBANIA,2018,0.0,0.0,0.0,0.0
ALBANIA,2018,0.0,0.0,0.0,0.0
ALBANIA,2018,0.0,0.0,0.0,0.0
ALBANIA,2018,0.0,0.0,0.0,0.0
ALBANIA,2018,0.0,0.0,0.0,0.0
ALBANIA,2018,0.0,237338.67,0.0,0.0
ALBANIA,2018,0.0,237338.67,0.0,0.0
ALBANIA,2018,0.0,237338.67,0.0,0.0
ALBANIA,2018,0.0,237338.67,0.0,0.0
ALBANIA,2018,0.0,237338.67,0.0,0.0
ALBANIA,2018,0.0,237338.67,0.0,0.0
ALBANIA,2018,0.0,237338.67,0.0,0.0
ALBANIA,2018,0.0,237338.67,0.0,0.0
ALBANIA,2018,0.0,237338.67,0.0,0.0
ALBANIA,2018,0.0,879696.39,0.0,0.0
ALBANIA,2018,0.0,879696.39,0.0,0.0
ALBANIA,2018,0.0,879696.39,0.0,0.0
ALBANIA,2018,0.0,879696.39,0.0,0.0
ALBANIA,2018,0.0,879696.39,0.0,0.0
ALBANIA,2018,0.0,879696.39,0.0,0.0
ALBANIA,2018,0.0,879696.39,0.0,0.0
ALBANIA,2018,0.0,879696.39,0.0,0.0
ALBANIA,2018,0.0,879696.39,0.0,0.0
ALBANIA,2018,0.0,0.0,0.0,0.0
ALBANIA,2018,0.0,0.0,0.0,0.0
ALBANIA,2018,0.0,0.0,0.0,0.0
ALBANIA,2018,0.0,0.0,0.0,0.0
ALBANIA,2018,0.0,0.0,0.0,0.0
ALBANIA,2018,0.0,0.0,0.0,0.0
ALBANIA,2018,0.0,0.0,0.0,0.0
ALBANIA,2018,0.0,0.0,0.0,0.0
ALBANIA,2018,0.0,0.0,0.0,0.0
ALBANIA,2018,0.0,237338.67,0.0,0.0
ALBANIA,2018,0.0,237338.67,0.0,0.0
ALBANIA,2018,0.0,237338.67,0.0,0.0
ALBANIA,2018,0.0,237338.67,0.0,0.0
ALBANIA,2018,0.0,237338.67,0.0,0.0
ALBANIA,2018,0.0,237338.67,0.0,0.0
ALBANIA,2018,0.0,237338.67,0.0,0.0
ALBANIA,2018,0.0,237338.67,0.0,0.0
ALBANIA,2018,0.0,237338.67,0.0,0.0
ALBANIA,2018,0.0,879696.39,0.0,0.0
ALBANIA,2018,0.0,879696.39,0.0,0.0
ALBANIA,2018,0.0,879696.39,0.0,0.0
ALBANIA,2018,0.0,879696.39,0.0,0.0
ALBANIA,2018,0.0,879696.39,0.0,0.0
ALBANIA,2018,0.0,879696.39,0.0,0.0
ALBANIA,2018,0.0,879696.39,0.0,0.0
ALBANIA,2018,0.0,879696.39,0.0,0.0
ALBANIA,2018,0.0,879696.39,0.0,0.0
ALBANIA,2018,0.0,0.0,0.0,0.0
ALBANIA,2018,0.0,0.0,0.0,0.0
ALBANIA,2018,0.0,0.0,0.0,0.0
ALBANIA,2018,0.0,0.0,0.0,0.0
ALBANIA,2018,0.0,0.0,0.0,0.0
ALBANIA,2018,0.0,0.0,0.0,0.0
ALBANIA,2018,0.0,0.0,0.0,0.0
ALBANIA,2018,0.0,0.0,0.0,0.0
ALBANIA,2018,0.0,0.0,0.0,0.0
ALBANIA,2018,0.0,237338.67,0.0,0.0
ALBANIA,2018,0.0,237338.67,0.0,0.0
ALBANIA,2018,0.0,237338.67,0.0,0.0
ALBANIA,2018,0.0,237338.67,0.0,0.0
ALBANIA,2018,0.0,237338.67,0.0,0.0
ALBANIA,2018,0.0,237338.67,0.0,0.0
ALBANIA,2018,0.0,237338.67,0.0,0.0
ALBANIA,2018,0.0,237338.67,0.0,0.0
ALBANIA,2018,0.0,237338.67,0.0,0.0
ALBANIA,2018,0.0,879696.39,0.0,0.0
ALBANIA,2018,0.0,879696.39,0.0,0.0
ALBANIA,2018,0.0,879696.39,0.0,0.0
ALBANIA,2018,0.0,879696.39,0.0,0.0
ALBANIA,2018,0.0,879696.39,0.0,0.0
ALBANIA,2018,0.0,879696.39,0.0,0.0
ALBANIA,2018,0.0,879696.39,0.0,0.0
ALBANIA,2018,0.0,879696.39,0.0,0.0
ALBANIA,2018,0.0,879696.39,0.0,0.0
ALBANIA,2019,0.0,0.0,0.0,0.0
ALBANIA,2019,0.0,0.0,0.0,0.0
ALBANIA,2019,0.0,0.0,0.0,0.0
ALBANIA,2019,0.0,0.0,0.0,0.0
ALBANIA,2019,0.0,0.0,0.0,0.0
ALBANIA,2019,0.0,0.0,0.0,0.0
ALBANIA,2019,0.0,0.0,0.0,0.0
ALBANIA,2019,0.0,0.0,0.0,0.0
ALBANIA,2019,0.0,0.0,0.0,0.0
ALBANIA,2019,0.0,0.0,0.0,0.0
ALBANIA,2019,0.0,0.0,0.0,0.0
ALBANIA,2019,0.0,0.0,0.0,0.0
ALBANIA,2019,0.0,0.0,0.0,0.0
ALBANIA,2019,0.0,0.0,0.0,0.0
ALBANIA,2019,0.0,0.0,0.0,0.0
ALBANIA,2019,0.0,0.0,0.0,0.0
ALBANIA,2019,0.0,0.0,0.0,0.0
ALBANIA,2019,0.0,0.0,0.0,0.0
ALBANIA,2019,0.0,0.0,0.0,0.0
ALBANIA,2019,0.0,0.0,0.0,0.0
ALBANIA,2019,0.0,0.0,0.0,0.0
ALBANIA,2019,0.0,0.0,0.0,0.0
ALBANIA,2019,0.0,0.0,0.0,0.0
ALBANIA,2019,0.0,0.0,0.0,0.0
ALBANIA,2019,0.0,0.0,0.0,0.0
ALBANIA,2019,0.0,0.0,0.0,0.0
ALBANIA,2019,0.0,0.0,0.0,0.0
ALBANIA,2019,0.0,0.0,0.0,0.0
ALBANIA,2019,0.0,0.0,0.0,0.0
ALBANIA,2019,0.0,0.0,0.0,0.0
ALBANIA,2019,0.0,0.0,0.0,0.0
ALBANIA,2019,0.0,0.0,0.0,0.0
ALBANIA,2019,0.0,0.0,0.0,0.0
ALBANIA,2019,0.0,0.0,0.0,0.0
ALBANIA,2019,0.0,0.0,0.0,0.0
ALBANIA,2019,0.0,0.0,0.0,0.0
ALBANIA,2019,0.0,0.0,0.0,0.0
ALBANIA,2019,0.0,0.0,0.0,0.0
ALBANIA,2019,0.0,0.0,0.0,0.0
ALBANIA,2019,0.0,0.0,0.0,0.0
ALBANIA,2019,0.0,0.0,0.0,0.0
ALBANIA,2019,0.0,0.0,0.0,0.0
ALBANIA,2019,0.0,0.0,0.0,0.0
ALBANIA,2019,0.0,0.0,0.0,0.0
ALBANIA,2019,0.0,0.0,0.0,0.0
ALBANIA,2019,0.0,0.0,0.0,0.0
ALBANIA,2019,0.0,0.0,0.0,0.0
ALBANIA,2019,0.0,0.0,0.0,0.0
ALBANIA,2019,0.0,0.0,0.0,0.0
ALBANIA,2019,0.0,0.0,0.0,0.0
ALBANIA,2019,0.0,0.0,0.0,0.0
ALBANIA,2019,0.0,0.0,0.0,0.0
ALBANIA,2019,0.0,0.0,0.0,0.0
ALBANIA,2019,0.0,0.0,0.0,0.0
ALBANIA,2019,0.0,0.0,0.0,0.0
ALBANIA,2019,0.0,0.0,0.0,0.0
ALBANIA,2019,0.0,0.0,0.0,0.0
ALBANIA,2019,0.0,0.0,0.0,0.0
ALBANIA,2019,0.0,0.0,0.0,0.0
ALBANIA,2019,0.0,0.0,0.0,0.0
ALBANIA,2019,0.0,0.0,0.0,0.0
ALBANIA,2019,0.0,0.0,0.0,0.0
ALBANIA,2019,0.0,0.0,0.0,0.0
ALBANIA,2019,0.0,0.0,0.0,0.0
ALBANIA,2019,0.0,0.0,0.0,0.0
ALBANIA,2019,0.0,0.0,0.0,0.0
ALBANIA,2019,0.0,0.0,0.0,0.0
ALBANIA,2019,0.0,0.0,0.0,0.0
ALBANIA,2019,0.0,0.0,0.0,0.0
ALBANIA,2019,0.0,0.0,0.0,0.0
ALBANIA,2019,0.0,0.0,0.0,0.0
ALBANIA,2019,0.0,0.0,0.0,0.0
ALBANIA,2019,0.0,0.0,0.0,0.0
ALBANIA,2019,0.0,0.0,0.0,0.0
ALBANIA,2019,0.0,0.0,0.0,0.0
ALBANIA,2019,0.0,0.0,0.0,0.0
ALBANIA,2019,0.0,0.0,0.0,0.0
ALBANIA,2019,0.0,0.0,0.0,0.0
ALBANIA,2019,0.0,0.0,0.0,0.0
ALBANIA,2019,0.0,0.0,0.0,0.0
ALBANIA,2019,0.0,0.0,0.0,0.0
ALBANIA,2020,0.0,0.0,0.0,0.0
ALBANIA,2020,0.0,0.0,0.0,0.0
ALBANIA,2020,0.0,0.0,0.0,0.0
ALBANIA,2020,0.0,0.0,0.0,0.0
ALBANIA,2020,0.0,0.0,0.0,0.0
ALBANIA,2020,0.0,0.0,0.0,0.0
ALBANIA,2020,0.0,0.0,0.0,0.0
ALBANIA,2020,0.0,0.0,0.0,0.0
ALBANIA,2020,0.0,0.0,0.0,0.0
ALBANIA,2020,0.0,0.0,0.0,0.0
ALBANIA,2020,0.0,0.0,0.0,0.0
ALBANIA,2020,0.0,0.0,0.0,0.0
ALBANIA,2020,0.0,0.0,0.0,0.0
ALBANIA,2020,0.0,0.0,0.0,0.0
ALBANIA,2020,0.0,0.0,0.0,0.0
ALBANIA,2020,0.0,0.0,0.0,0.0
ALBANIA,2020,0.0,0.0,0.0,0.0
ALBANIA,2020,0.0,0.0,0.0,0.0
ALBANIA,2020,0.0,0.0,0.0,0.0
ALBANIA,2020,0.0,0.0,0.0,0.0
ALBANIA,2020,0.0,0.0,0.0,0.0
ALBANIA,2020,0.0,0.0,0.0,0.0
ALBANIA,2020,0.0,0.0,0.0,0.0
ALBANIA,2020,0.0,0.0,0.0,0.0
ALBANIA,2020,0.0,0.0,0.0,0.0
ALBANIA,2020,0.0,0.0,0.0,0.0
ALBANIA,2020,0.0,0.0,0.0,0.0
ALBANIA,2020,0.0,0.0,0.0,0.0
ALBANIA,2020,0.0,0.0,0.0,0.0
ALBANIA,2020,0.0,0.0,0.0,0.0
ALBANIA,2020,0.0,0.0,0.0,0.0
ALBANIA,2020,0.0,0.0,0.0,0.0
ALBANIA,2020,0.0,0.0,0.0,0.0
ALBANIA,2020,0.0,0.0,0.0,0.0
ALBANIA,2020,0.0,0.0,0.0,0.0
ALBANIA,2020,0.0,0.0,0.0,0.0
ALBANIA,2020,0.0,0.0,0.0,0.0
ALBANIA,2020,0.0,0.0,0.0,0.0
ALBANIA,2020,0.0,0.0,0.0,0.0
ALBANIA,2020,0.0,0.0,0.0,0.0
ALBANIA,2020,0.0,0.0,0.0,0.0
ALBANIA,2020,0.0,0.0,0.0,0.0
ALBANIA,2020,0.0,0.0,0.0,0.0
ALBANIA,2020,0.0,0.0,0.0,0.0
ALBANIA,2020,0.0,0.0,0.0,0.0
ALBANIA,2020,0.0,0.0,0.0,0.0
ALBANIA,2020,0.0,0.0,0.0,0.0
ALBANIA,2020,0.0,0.0,0.0,0.0
ALBANIA,2020,0.0,0.0,0.0,0.0
ALBANIA,2020,0.0,0.0,0.0,0.0
ALBANIA,2020,0.0,0.0,0.0,0.0
ALBANIA,2020,0.0,0.0,0.0,0.0
ALBANIA,2020,0.0,0.0,0.0,0.0
ALBANIA,2020,0.0,0.0,0.0,0.0
ALBANIA,2020,0.0,0.0,0.0,0.0
ALBANIA,2020,0.0,0.0,0.0,0.0
ALBANIA,2020,0.0,0.0,0.0,0.0
ALBANIA,2020,0.0,0.0,0.0,0.0
ALBANIA,2020,0.0,0.0,0.0,0.0
ALBANIA,2020,0.0,0.0,0.0,0.0
ALBANIA,2020,0.0,0.0,0.0,0.0
ALBANIA,2020,0.0,0.0,0.0,0.0
ALBANIA,2020,0.0,0.0,0.0,0.0
ALBANIA,2020,0.0,0.0,0.0,0.0
ALBANIA,2020,0.0,0.0,0.0,0.0
ALBANIA,2020,0.0,0.0,0.0,0.0
ALBANIA,2020,0.0,0.0,0.0,0.0
ALBANIA,2020,0.0,0.0,0.0,0.0
ALBANIA,2020,0.0,0.0,0.0,0.0
ALBANIA,2020,0.0,0.0,0.0,0.0
ALBANIA,2020,0.0,0.0,0.0,0.0
ALBANIA,2020,0.0,0.0,0.0,0.0
ALBANIA,2020,0.0,0.0,0.0,0.0
ALBANIA,2020,0.0,0.0,0.0,0.0
ALBANIA,2020,0.0,0.0,0.0,0.0
ALBANIA,2020,0.0,0.0,0.0,0.0
ALBANIA,2020,0.0,0.0,0.0,0.0
ALBANIA,2020,0.0,0.0,0.0,0.0
ALBANIA,2020,0.0,0.0,0.0,0.0
ALBANIA,2020,0.0,0.0,0.0,0.0
ALBANIA,2020,0.0,0.0,0.0,0.0
ALBANIA,2021,0.0,0.0,0.0,0.0
ALBANIA,2021,0.0,0.0,0.0,0.0
ALBANIA,2021,0.0,0.0,0.0,0.0
ALBANIA,2021,0.0,0.0,0.0,0.0
ALBANIA,2021,0.0,0.0,0.0,0.0
ALBANIA,2021,0.0,0.0,0.0,0.0
ALBANIA,2021,0.0,0.0,0.0,0.0
ALBANIA,2021,0.0,0.0,0.0,0.0
ALBANIA,2021,0.0,0.0,0.0,0.0
ALBANIA,2021,0.0,0.0,0.0,0.0
ALBANIA,2021,0.0,0.0,0.0,0.0
ALBANIA,2021,0.0,0.0,0.0,0.0
ALBANIA,2021,0.0,0.0,0.0,0.0
ALBANIA,2021,0.0,0.0,0.0,0.0
ALBANIA,2021,0.0,0.0,0.0,0.0
ALBANIA,2021,0.0,0.0,0.0,0.0
ALBANIA,2021,0.0,0.0,0.0,0.0
ALBANIA,2021,0.0,0.0,0.0,0.0
ALBANIA,2021,0.0,0.0,0.0,0.0
ALBANIA,2021,0.0,0.0,0.0,0.0
ALBANIA,2021,0.0,0.0,0.0,0.0
ALBANIA,2021,0.0,0.0,0.0,0.0
ALBANIA,2021,0.0,0.0,0.0,0.0
ALBANIA,2021,0.0,0.0,0.0,0.0
ALBANIA,2021,0.0,0.0,0.0,0.0
ALBANIA,2021,0.0,0.0,0.0,0.0
ALBANIA,2021,0.0,0.0,0.0,0.0
ALBANIA,2021,0.0,0.0,0.0,0.0
ALBANIA,2021,0.0,0.0,0.0,0.0
ALBANIA,2021,0.0,0.0,0.0,0.0
ALBANIA,2021,0.0,0.0,0.0,0.0
ALBANIA,2021,0.0,0.0,0.0,0.0
ALBANIA,2021,0.0,0.0,0.0,0.0
ALBANIA,2021,0.0,0.0,0.0,0.0
ALBANIA,2021,0.0,0.0,0.0,0.0
ALBANIA,2021,0.0,0.0,0.0,0.0
ALBANIA,2021,0.0,0.0,0.0,0.0
ALBANIA,2021,0.0,0.0,0.0,0.0
ALBANIA,2021,0.0,0.0,0.0,0.0
ALBANIA,2021,0.0,0.0,0.0,0.0
ALBANIA,2021,0.0,0.0,0.0,0.0
ALBANIA,2021,0.0,0.0,0.0,0.0
ALBANIA,2021,0.0,0.0,0.0,0.0
ALBANIA,2021,0.0,0.0,0.0,0.0
ALBANIA,2021,0.0,0.0,0.0,0.0
ALBANIA,2021,0.0,0.0,0.0,0.0
ALBANIA,2021,0.0,0.0,0.0,0.0
ALBANIA,2021,0.0,0.0,0.0,0.0
ALBANIA,2021,0.0,0.0,0.0,0.0
ALBANIA,2021,0.0,0.0,0.0,0.0
ALBANIA,2021,0.0,0.0,0.0,0.0
ALBANIA,2021,0.0,0.0,0.0,0.0
ALBANIA,2021,0.0,0.0,0.0,0.0
ALBANIA,2021,0.0,0.0,0.0,0.0
ALBANIA,2021,0.0,0.0,0.0,0.0
ALBANIA,2021,0.0,0.0,0.0,0.0
ALBANIA,2021,0.0,0.0,0.0,0.0
ALBANIA,2021,0.0,0.0,0.0,0.0
ALBANIA,2021,0.0,0.0,0.0,0.0
ALBANIA,2021,0.0,0.0,0.0,0.0
ALBANIA,2021,0.0,0.0,0.0,0.0
ALBANIA,2021,0.0,0.0,0.0,0.0
ALBANIA,2021,0.0,0.0,0.0,0.0
ALBANIA,2021,0.0,0.0,0.0,0.0
ALBANIA,2021,0.0,0.0,0.0,0.0
ALBANIA,2021,0.0,0.0,0.0,0.0
ALBANIA,2021,0.0,0.0,0.0,0.0
ALBANIA,2021,0.0,0.0,0.0,0.0
ALBANIA,2021,0.0,0.0,0.0,0.0
ALBANIA,2021,0.0,0.0,0.0,0.0
ALBANIA,2021,0.0,0.0,0.0,0.0
ALBANIA,2021,0.0,0.0,0.0,0.0
ALBANIA,2021,0.0,0.0,0.0,0.0
ALBANIA,2021,0.0,0.0,0.0,0.0
ALBANIA,2021,0.0,0.0,0.0,0.0
ALBANIA,2021,0.0,0.0,0.0,0.0
ALBANIA,2021,0.0,0.0,0.0,0.0
ALBANIA,2021,0.0,0.0,0.0,0.0
ALBANIA,2021,0.0,0.0,0.0,0.0
ALBANIA,2021,0.0,0.0,0.0,0.0
ALBANIA,2021,0.0,0.0,0.0,0.0
ALBANIA,2022,0.0,0.0,0.0,0.0
ALBANIA,2022,0.0,0.0,0.0,0.0
ALBANIA,2022,0.0,0.0,0.0,0.0
ALBANIA,2022,0.0,0.0,0.0,0.0
ALBANIA,2022,0.0,0.0,0.0,0.0
ALBANIA,2022,0.0,0.0,0.0,0.0
ALBANIA,2022,0.0,0.0,0.0,0.0
ALBANIA,2022,0.0,0.0,0.0,0.0
ALBANIA,2022,0.0,0.0,0.0,0.0
ALBANIA,2022,0.0,0.0,0.0,0.0
ALBANIA,2022,0.0,0.0,0.0,0.0
ALBANIA,2022,0.0,0.0,0.0,0.0
ALBANIA,2022,0.0,0.0,0.0,0.0
ALBANIA,2022,0.0,0.0,0.0,0.0
ALBANIA,2022,0.0,0.0,0.0,0.0
ALBANIA,2022,0.0,0.0,0.0,0.0
ALBANIA,2022,0.0,0.0,0.0,0.0
ALBANIA,2022,0.0,0.0,0.0,0.0
ALBANIA,2022,0.0,0.0,0.0,0.0
ALBANIA,2022,0.0,0.0,0.0,0.0
ALBANIA,2022,0.0,0.0,0.0,0.0
ALBANIA,2022,0.0,0.0,0.0,0.0
ALBANIA,2022,0.0,0.0,0.0,0.0
ALBANIA,2022,0.0,0.0,0.0,0.0
ALBANIA,2022,0.0,0.0,0.0,0.0
ALBANIA,2022,0.0,0.0,0.0,0.0
ALBANIA,2022,0.0,0.0,0.0,0.0
ALBANIA,2022,0.0,0.0,0.0,0.0
ALBANIA,2022,0.0,0.0,0.0,0.0
ALBANIA,2022,0.0,0.0,0.0,0.0
ALBANIA,2022,0.0,0.0,0.0,0.0
ALBANIA,2022,0.0,0.0,0.0,0.0
ALBANIA,2022,0.0,0.0,0.0,0.0
ALBANIA,2022,0.0,0.0,0.0,0.0
ALBANIA,2022,0.0,0.0,0.0,0.0
ALBANIA,2022,0.0,0.0,0.0,0.0
ALBANIA,2022,0.0,0.0,0.0,0.0
ALBANIA,2022,0.0,0.0,0.0,0.0
ALBANIA,2022,0.0,0.0,0.0,0.0
ALBANIA,2022,0.0,0.0,0.0,0.0
ALBANIA,2022,0.0,0.0,0.0,0.0
ALBANIA,2022,0.0,0.0,0.0,0.0
ALBANIA,2022,0.0,0.0,0.0,0.0
ALBANIA,2022,0.0,0.0,0.0,0.0
ALBANIA,2022,0.0,0.0,0.0,0.0
ALBANIA,2022,0.0,0.0,0.0,0.0
ALBANIA,2022,0.0,0.0,0.0,0.0
ALBANIA,2022,0.0,0.0,0.0,0.0
ALBANIA,2022,0.0,0.0,0.0,0.0
ALBANIA,2022,0.0,0.0,0.0,0.0
ALBANIA,2022,0.0,0.0,0.0,0.0
ALBANIA,2022,0.0,0.0,0.0,0.0
ALBANIA,2022,0.0,0.0,0.0,0.0
ALBANIA,2022,0.0,0.0,0.0,0.0
ALBANIA,2022,0.0,0.0,0.0,0.0
ALBANIA,2022,0.0,0.0,0.0,0.0
ALBANIA,2022,0.0,0.0,0.0,0.0
ALBANIA,2022,0.0,0.0,0.0,0.0
ALBANIA,2022,0.0,0.0,0.0,0.0
ALBANIA,2022,0.0,0.0,0.0,0.0
ALBANIA,2022,0.0,0.0,0.0,0.0
ALBANIA,2022,0.0,0.0,0.0,0.0
ALBANIA,2022,0.0,0.0,0.0,0.0
ALBANIA,2022,0.0,0.0,0.0,0.0
ALBANIA,2022,0.0,0.0,0.0,0.0
ALBANIA,2022,0.0,0.0,0.0,0.0
ALBANIA,2022,0.0,0.0,0.0,0.0
ALBANIA,2022,0.0,0.0,0.0,0.0
ALBANIA,2022,0.0,0.0,0.0,0.0
ALBANIA,2022,0.0,0.0,0.0,0.0
ALBANIA,2022,0.0,0.0,0.0,0.0
ALBANIA,2022,0.0,0.0,0.0,0.0
ALBANIA,2022,0.0,0.0,0.0,0.0
ALBANIA,2022,0.0,0.0,0.0,0.0
ALBANIA,2022,0.0,0.0,0.0,0.0
ALBANIA,2022,0.0,0.0,0.0,0.0
ALBANIA,2022,0.0,0.0,0.0,0.0
ALBANIA,2022,0.0,0.0,0.0,0.0
ALBANIA,2022,0.0,0.0,0.0,0.0
ALBANIA,2022,0.0,0.0,0.0,0.0
ALBANIA,2022,0.0,0.0,0.0,0.0
ALBANIA,2023,0.0,0.0,0.0,0.0
ALBANIA,2023,0.0,0.0,0.0,0.0
ALBANIA,2023,0.0,0.0,0.0,0.0
ALBANIA,2023,0.0,0.0,0.0,0.0
ALBANIA,2023,0.0,0.0,0.0,0.0
ALBANIA,2023,0.0,0.0,0.0,0.0
ALBANIA,2023,0.0,0.0,0.0,0.0
ALBANIA,2023,0.0,0.0,0.0,0.0
ALBANIA,2023,0.0,0.0,0.0,0.0
ALBANIA,2023,0.0,0.0,0.0,0.0
ALBANIA,2023,0.0,0.0,0.0,0.0
ALBANIA,2023,0.0,0.0,0.0,0.0
ALBANIA,2023,0.0,0.0,0.0,0.0
ALBANIA,2023,0.0,0.0,0.0,0.0
ALBANIA,2023,0.0,0.0,0.0,0.0
ALBANIA,2023,0.0,0.0,0.0,0.0
ALBANIA,2023,0.0,0.0,0.0,0.0
ALBANIA,2023,0.0,0.0,0.0,0.0
ALBANIA,2023,0.0,0.0,0.0,0.0
ALBANIA,2023,0.0,0.0,0.0,0.0
ALBANIA,2023,0.0,0.0,0.0,0.0
ALBANIA,2023,0.0,0.0,0.0,0.0
ALBANIA,2023,0.0,0.0,0.0,0.0
ALBANIA,2023,0.0,0.0,0.0,0.0
ALBANIA,2023,0.0,0.0,0.0,0.0
ALBANIA,2023,0.0,0.0,0.0,0.0
ALBANIA,2023,0.0,0.0,0.0,0.0
ALBANIA,2023,0.0,0.0,0.0,0.0
ALBANIA,2023,0.0,0.0,0.0,0.0
ALBANIA,2023,0.0,0.0,0.0,0.0
ALBANIA,2023,0.0,0.0,0.0,0.0
ALBANIA,2023,0.0,0.0,0.0,0.0
ALBANIA,2023,0.0,0.0,0.0,0.0
ALBANIA,2023,0.0,0.0,0.0,0.0
ALBANIA,2023,0.0,0.0,0.0,0.0
ALBANIA,2023,0.0,0.0,0.0,0.0
ALBANIA,2023,0.0,0.0,0.0,0.0
ALBANIA,2023,0.0,0.0,0.0,0.0
ALBANIA,2023,0.0,0.0,0.0,0.0
ALBANIA,2023,0.0,0.0,0.0,0.0
ALBANIA,2023,0.0,0.0,0.0,0.0
ALBANIA,2023,0.0,0.0,0.0,0.0
ALBANIA,2023,0.0,0.0,0.0,0.0
ALBANIA,2023,0.0,0.0,0.0,0.0
ALBANIA,2023,0.0,0.0,0.0,0.0
ALBANIA,2023,0.0,0.0,0.0,0.0
ALBANIA,2023,0.0,0.0,0.0,0.0
ALBANIA,2023,0.0,0.0,0.0,0.0
ALBANIA,2023,0.0,0.0,0.0,0.0
ALBANIA,2023,0.0,0.0,0.0,0.0
ALBANIA,2023,0.0,0.0,0.0,0.0
ALBANIA,2023,0.0,0.0,0.0,0.0
ALBANIA,2023,0.0,0.0,0.0,0.0
ALBANIA,2023,0.0,0.0,0.0,0.0
ALBANIA,2023,0.0,0.0,0.0,0.0
ALBANIA,2023,0.0,0.0,0.0,0.0
ALBANIA,2023,0.0,0.0,0.0,0.0
ALBANIA,2023,0.0,0.0,0.0,0.0
ALBANIA,2023,0.0,0.0,0.0,0.0
ALBANIA,2023,0.0,0.0,0.0,0.0
ALBANIA,2023,0.0,0.0,0.0,0.0
ALBANIA,2023,0.0,0.0,0.0,0.0
ALBANIA,2023,0.0,0.0,0.0,0.0
ALBANIA,2023,0.0,0.0,0.0,0.0
ALBANIA,2023,0.0,0.0,0.0,0.0
ALBANIA,2023,0.0,0.0,0.0,0.0
ALBANIA,2023,0.0,0.0,0.0,0.0
ALBANIA,2023,0.0,0.0,0.0,0.0
ALBANIA,2023,0.0,0.0,0.0,0.0
ALBANIA,2023,0.0,0.0,0.0,0.0
ALBANIA,2023,0.0,0.0,0.0,0.0
ALBANIA,2023,0.0,0.0,0.0,0.0
ALBANIA,2023,0.0,0.0,0.0,0.0
ALBANIA,2023,0.0,0.0,0.0,0.0
ALBANIA,2023,0.0,0.0,0.0,0.0
ALBANIA,2023,0.0,0.0,0.0,0.0
ALBANIA,2023,0.0,0.0,0.0,0.0
ALBANIA,2023,0.0,0.0,0.0,0.0
ALBANIA,2023,0.0,0.0,0.0,0.0
ALBANIA,2023,0.0,0.0,0.0,0.0
ALBANIA,2023,0.0,0.0,0.0,0.0
ALBÁN,2017,,,,
ALBÁN,2017,,,,
ALBÁN,2017,,,,
ALBÁN,2017,,,,
ALBÁN,2017,,,,
ALBÁN,2017,,,,
ALBÁN,2017,,,,
ALBÁN,2017,,,,
ALBÁN,2017,,,,
ALBÁN,2017,,,,
ALBÁN,2017,,,,
ALBÁN,2017,,,,
ALBÁN,2017,,,,
ALBÁN,2017,,,,
ALBÁN,2017,,,,
ALBÁN,2017,,,,
ALBÁN,2018,,,,
ALBÁN,2018,,,,
ALBÁN,2018,,,,
ALBÁN,2018,,,,
ALBÁN,2018,,,,
ALBÁN,2018,,,,
ALBÁN,2018,,,,
ALBÁN,2018,,,,
ALBÁN,2018,,,,
ALBÁN,2018,,,,
ALBÁN,2018,,,,
ALBÁN,2018,,,,
ALBÁN,2018,,,,
ALBÁN,2018,,,,
ALBÁN,2018,,,,
ALBÁN,2018,,,,
ALBÁN,2019,,,,
ALBÁN,2019,,,,
ALBÁN,2019,,,,
ALBÁN,2019,,,,
ALBÁN,2019,,,,
ALBÁN,2019,,,,
ALBÁN,2019,,,,
ALBÁN,2019,,,,
ALBÁN,2019,,,,
ALBÁN,2019,,,,
ALBÁN,2019,,,,
ALBÁN,2019,,,,
ALBÁN,2019,,,,
ALBÁN,2019,,,,
ALBÁN,2019,,,,
ALBÁN,2019,,,,
ALBÁN,2020,,,,
ALBÁN,2020,,,,
ALBÁN,2020,,,,
ALBÁN,2020,,,,
ALBÁN,2020,,,,
ALBÁN,2020,,,,
ALBÁN,2020,,,,
ALBÁN,2020,,,,
ALBÁN,2020,,,,
ALBÁN,2020,,,,
ALBÁN,2020,,,,
ALBÁN,2020,,,,
ALBÁN,2020,,,,
ALBÁN,2020,,,,
ALBÁN,2020,,,,
ALBÁN,2020,,,,
ALBÁN,2021,,,,
ALBÁN,2021,,,,
ALBÁN,2021,,,,
ALBÁN,2021,,,,
ALBÁN,2021,,,,
ALBÁN,2021,,,,
ALBÁN,2021,,,,
ALBÁN,2021,,,,
ALBÁN,2021,,,,
ALBÁN,2021,,,,
ALBÁN,2021,,,,
ALBÁN,2021,,,,
ALBÁN,2021,,,,
ALBÁN,2021,,,,
ALBÁN,2021,,,,
ALBÁN,2021,,,,
ALBÁN,2022,,,,
ALBÁN,2022,,,,
ALBÁN,2022,,,,
ALBÁN,2022,,,,
ALBÁN,2022,,,,
ALBÁN,2022,,,,
ALBÁN,2022,,,,
ALBÁN,2022,,,,
ALBÁN,2022,,,,
ALBÁN,2022,,,,
ALBÁN,2022,,,,
ALBÁN,2022,,,,
ALBÁN,2022,,,,
ALBÁN,2022,,,,
ALBÁN,2022,,,,
ALBÁN,2022,,,,
ALBÁN,2023,,,,
ALBÁN,2023,,,,
ALBÁN,2023,,,,
ALBÁN,2023,,,,
ALBÁN,2023,,,,
ALBÁN,2023,,,,
ALBÁN,2023,,,,
ALBÁN,2023,,,,
ALBÁN,2023,,,,
ALBÁN,2023,,,,
ALBÁN,2023,,,,
ALBÁN,2023,,,,
ALBÁN,2023,,,,
ALBÁN,2023,,,,
ALBÁN,2023,,,,
ALBÁN,2023,,,,
ALCALÁ,2017,0.0,0.0,0.0,0.0
ALCALÁ,2018,0.0,0.0,0.0,0.0
ALCALÁ,2019,0.0,0.0,0.0,0.0
ALCALÁ,2020,0.0,0.0,0.0,0.0
ALCALÁ,2021,0.0,0.0,0.0,0.0
ALCALÁ,2022,0.0,0.0,0.0,0.0
ALCALÁ,2023,0.0,0.0,0.0,0.0
ALDANA,2017,0.0,0.0,0.0,0.0
ALDANA,2018,0.0,0.0,0.0,0.0
ALDANA,2019,0.0,0.0,0.0,0.0
ALDANA,2020,0.0,0.0,0.0,0.0
ALDANA,2021,0.0,0.0,0.0,0.0
ALDANA,2022,0.0,0.0,0.0,0.0
ALDANA,2023,0.0,0.0,0.0,0.0
ALEJANDRÍA,2017,,,,
ALEJANDRÍA,2018,,,,
ALEJANDRÍA,2019,,,,
ALEJANDRÍA,2020,,,,
ALEJANDRÍA,2021,,,,
ALEJANDRÍA,2022,,,,
ALEJANDRÍA,2023,,,,
ALGARROBO,2017,85.56,0.0,0.0,0.0
ALGARROBO,2018,0.0,292853.98,0.0,0.0
ALGARROBO,2019,0.0,0.0,0.0,0.0
ALGARROBO,2020,0.0,0.0,0.0,0.0
ALGARROBO,2021,0.0,0.0,0.0,0.0
ALGARROBO,2022,0.0,0.0,0.0,0.0
ALGARROBO,2023,0.0,0.0,0.0,0.0
ALGECIRAS,2017,0.0,0.0,0.0,0.0
ALGECIRAS,2018,0.0,0.0,0.0,0.0
ALGECIRAS,2019,0.0,0.0,0.0,0.0
ALGECIRAS,2020,0.0,0.0,0.0,0.0
ALGECIRAS,2021,0.0,0.0,0.0,0.0
ALGECIRAS,2022,0.0,0.0,0.0,0.0
ALGECIRAS,2023,0.0,0.0,0.0,0.0
ALMAGUER,2017,0.0,0.0,0.0,0.0
ALMAGUER,2018,0.0,0.0,0.0,0.0
ALMAGUER,2019,0.0,0.0,0.0,0.0
ALMAGUER,2020,0.0,0.0,0.0,0.0
ALMAGUER,2021,0.0,0.0,0.0,0.0
ALMAGUER,2022,0.0,0.0,0.0,0.0
ALMAGUER,2023,0.0,0.0,0.0,0.0
ALMEIDA,2017,,,,
ALMEIDA,2018,,,,
ALMEIDA,2019,,,,
ALMEIDA,2020,,,,
ALMEIDA,2021,,,,
ALMEIDA,2022,,,,
ALMEIDA,2023,,,,
ALPUJARRA,2017,82.05,0.0,0.0,0.0
ALPUJARRA,2018,0.0,419046.16,0.0,0.0
ALPUJARRA,2019,0.0,0.0,0.0,0.0
ALPUJARRA,2020,0.0,0.0,0.0,0.0
ALPUJARRA,2021,0.0,0.0,0.0,0.0
ALPUJARRA,2022,0.0,0.0,0.0,0.0
ALPUJARRA,2023,0.0,0.0,0.0,0.0
ALTAMIRA,2017,0.0,0.0,0.0,0.0
ALTAMIRA,2018,0.0,0.0,0.0,0.0
ALTAMIRA,2019,0.0,0.0,0.0,0.0
ALTAMIRA,2020,0.0,0.0,0.0,0.0
ALTAMIRA,2021,0.0,0.0,0.0,0.0
ALTAMIRA,2022,0.0,0.0,0.0,0.0
ALTAMIRA,2023,0.0,0.0,0.0,0.0
ALTO BAUDÓ,2017,0.0,0.0,0.0,0.0
ALTO BAUDÓ,2018,0.0,0.0,0.0,0.0
ALTO BAUDÓ,2019,0.0,0.0,0.0,0.0
ALTO BAUDÓ,2020,0.0,0.0,0.0,0.0
ALTO BAUDÓ,2021,0.0,0.0,0.0,0.0
ALTO BAUDÓ,2022,0.0,0.0,0.0,0.0
ALTO BAUDÓ,2023,0.0,0.0,0.0,0.0
ALTOS DEL ROSARIO,2017,90.69,0.0,0.0,0.0
ALTOS DEL ROSARIO,2018,0.0,789048.2,0.0,0.0
ALTOS DEL ROSARIO,2019,0.0,0.0,0.0,0.0
ALTOS DEL ROSARIO,2020,0.0,0.0,0.0,0.0
ALTOS DEL ROSARIO,2021,0.0,0.0,0.0,0.0
ALTOS DEL ROSARIO,2022,0.0,0.0,0.0,0.0
ALTOS DEL ROSARIO,2023,0.0,0.0,0.0,0.0
ALVARADO,2017,78.4,0.0,0.0,0.0
ALVARADO,2018,0.0,253335.85,0.0,0.0
ALVARADO,2019,0.0,0.0,0.0,0.0
ALVARADO,2020,0.0,0.0,0.0,0.0
ALVARADO,2021,0.0,0.0,0.0,0.0
ALVARADO,2022,0.0,0.0,0.0,0.0
ALVARADO,2023,0.0,0.0,0.0,0.0
AMAGÁ,2017,0.0,0.0,0.0,0.0
AMAGÁ,2018,0.0,0.0,0.0,0.0
AMAGÁ,2019,0.0,0.0,0.0,0.0
AMAGÁ,2020,0.0,0.0,0.0,0.0
AMAGÁ,2021,0.0,0.0,0.0,0.0
AMAGÁ,2022,0.0,0.0,0.0,0.0
AMAGÁ,2023,0.0,0.0,0.0,0.0
AMALFI,2017,94.59,0.0,0.0,0.0
AMALFI,2018,0.0,511501.02,0.0,0.0
AMALFI,2019,0.0,0.0,0.0,0.0
AMALFI,2020,0.0,0.0,0.0,0.0
AMALFI,2021,0.0,0.0,0.0,0.0
AMALFI,2022,0.0,0.0,0.0,0.0
AMALFI,2023,0.0,0.0,0.0,0.0
AMBALEMA,2017,82.28,0.0,0.0,0.0
AMBALEMA,2018,0.0,103047.98,0.0,0.0
AMBALEMA,2019,0.0,0.0,0.0,0.0
AMBALEMA,2020,0.0,0.0,0.0,0.0
AMBALEMA,2021,0.0,0.0,0.0,0.0
AMBALEMA,2022,0.0,0.0,0.0,0.0
AMBALEMA,2023,0.0,0.0,0.0,0.0
ANAPOIMA,2017,80.39,0.0,0.0,0.0
ANAPOIMA,2018,0.0,1802640.14,0.0,0.0
ANAPOIMA,2019,0.0,0.0,0.0,0.0
ANAPOIMA,2020,0.0,0.0,0.0,0.0
ANAPOIMA,2021,0.0,0.0,0.0,0.0
ANAPOIMA,2022,0.0,0.0,0.0,0.0
ANAPOIMA,2023,0.0,0.0,0.0,0.0
ANCUYA,2017,,,,
ANCUYA,2018,,,,
ANCUYA,2019,,,,
ANCUYA,2020,,,,
ANCUYA,2021,,,,
ANCUYA,2022,,,,
ANCUYA,2023,,,,
ANDALUCÍA,2017,0.0,0.0,0.0,0.0
ANDALUCÍA,2018,0.0,0.0,0.0,0.0
ANDALUCÍA,2019,0.0,0.0,0.0,0.0
ANDALUCÍA,2020,0.0,0.0,0.0,0.0
ANDALUCÍA,2021,0.0,0.0,0.0,0.0
ANDALUCÍA,2022,0.0,0.0,0.0,0.0
ANDALUCÍA,2023,0.0,0.0,0.0,0.0
ANDES,2017,0.0,0.0,0.0,0.0
ANDES,2018,0.0,0.0,0.0,0.0
ANDES,2019,0.0,0.0,0.0,0.0
ANDES,2020,0.0,0.0,0.0,0.0
ANDES,2021,0.0,0.0,0.0,0.0
ANDES,2022,0.0,0.0,0.0,0.0
ANDES,2023,0.0,0.0,0.0,0.0
ANGELÓPOLIS,2017,0.0,0.0,0.0,0.0
ANGELÓPOLIS,2018,0.0,0.0,0.0,0.0
ANGELÓPOLIS,2019,0.0,0.0,0.0,0.0
ANGELÓPOLIS,2020,0.0,0.0,0.0,0.0
ANGELÓPOLIS,2021,0.0,0.0,0.0,0.0
ANGELÓPOLIS,2022,0.0,0.0,0.0,0.0
ANGELÓPOLIS,2023,0.0,0.0,0.0,0.0
ANGOSTURA,2017,0.0,0.0,0.0,0.0
ANGOSTURA,2018,0.0,0.0,0.0,0.0
ANGOSTURA,2019,0.0,0.0,0.0,0.0
ANGOSTURA,2020,0.0,0.0,0.0,0.0
ANGOSTURA,2021,0.0,0.0,0.0,0.0
ANGOSTURA,2022,0.0,0.0,0.0,0.0
ANGOSTURA,2023,0.0,0.0,0.0,0.0
ANOLAIMA,2017,82.95,0.0,0.0,0.0
ANOLAIMA,2018,0.0,961998.91,0.0,0.0
ANOLAIMA,2019,0.0,0.0,0.0,0.0
ANOLAIMA,2020,0.0,0.0,0.0,0.0
ANOLAIMA,2021,0.0,0.0,0.0,0.0
ANOLAIMA,2022,0.0,0.0,0.0,0.0
ANOLAIMA,2023,0.0,0.0,0.0,0.0
ANORÍ,2017,60.56,0.0,0.0,0.0
ANORÍ,2018,0.0,427305.78,0.0,0.0
ANORÍ,2019,0.0,0.0,0.0,0.0
ANORÍ,2020,0.0,0.0,0.0,0.0
ANORÍ,2021,0.0,0.0,0.0,0.0
ANORÍ,2022,0.0,0.0,0.0,0.0
ANORÍ,2023,0.0,0.0,0.0,0.0
ANSERMA,2017,0.0,0.0,0.0,0.0
ANSERMA,2018,0.0,0.0,0.0,0.0
ANSERMA,2019,0.0,0.0,0.0,0.0
ANSERMA,2020,0.0,0.0,0.0,0.0
ANSERMA,2021,0.0,0.0,0.0,0.0
ANSERMA,2022,0.0,0.0,0.0,0.0
ANSERMA,2023,0.0,0.0,0.0,0.0
ANSERMANUEVO,2017,0.0,0.0,0.0,0.0
ANSERMANUEVO,2018,0.0,0.0,0.0,0.0
ANSERMANUEVO,2019,0.0,0.0,0.0,0.0
ANSERMANUEVO,2020,0.0,0.0,0.0,0.0
ANSERMANUEVO,2021,0.0,0.0,0.0,0.0
ANSERMANUEVO,2022,0.0,0.0,0.0,0.0
ANSERMANUEVO,2023,0.0,0.0,0.0,0.0
ANZOÁTEGUI,2017,21.44,0.0,0.0,0.0
ANZOÁTEGUI,2018,0.0,68951.93,0.0,0.0
ANZOÁTEGUI,2019,0.0,0.0,0.0,0.0
ANZOÁTEGUI,2020,0.0,0.0,0.0,0.0
ANZOÁTEGUI,2021,0.0,0.0,0.0,0.0
ANZOÁTEGUI,2022,0.0,0.0,0.0,0.0
ANZOÁTEGUI,2023,0.0,0.0,0.0,0.0
ANZÁ,2017,0.0,0.0,0.0,0.0
ANZÁ,2018,0.0,0.0,0.0,0.0
ANZÁ,2019,0.0,0.0,0.0,0.0
ANZÁ,2020,0.0,0.0,0.0,0.0
ANZÁ,2021,0.0,0.0,0.0,0.0
ANZÁ,2022,0.0,0.0,0.0,0.0
ANZÁ,2023,0.0,0.0,0.0,0.0
APARTADÓ,2017,0.0,0.0,0.0,0.0
APARTADÓ,2018,0.0,0.0,0.0,0.0
APARTADÓ,2019,0.0,0.0,0.0,0.0
APARTADÓ,2020,0.0,0.0,0.0,0.0
APARTADÓ,2021,0.0,0.0,0.0,0.0
APARTADÓ,2022,0.0,0.0,0.0,0.0
APARTADÓ,2023,0.0,0.0,0.0,0.0
APULO,2017,82.31,0.0,0.0,0.0
APULO,2018,0.0,1802640.14,0.0,0.0
APULO,2019,0.0,0.0,0.0,0.0
APULO,2020,0.0,0.0,0.0,0.0
APULO,2021,0.0,0.0,0.0,0.0
APULO,2022,0.0,0.0,0.0,0.0
APULO,2023,0.0,0.0,0.0,0.0
APÍA,2017,,,,
APÍA,2018,,,,
APÍA,2019,,,,
APÍA,2020,,,,
APÍA,2021,,,,
APÍA,2022,,,,
APÍA,2023,,,,
AQUITANIA,2017,90.05,0.0,0.0,0.0
AQUITANIA,2018,0.0,741243.62,0.0,0.0
AQUITANIA,2019,0.0,0.0,0.0,0.0
AQUITANIA,2020,0.0,0.0,0.0,0.0
AQUITANIA,2021,0.0,0.0,0.0,0.0
AQUITANIA,2022,0.0,0.0,0.0,0.0
AQUITANIA,2023,0.0,0.0,0.0,0.0
ARACATACA,2017,77.95,0.0,0.0,0.0
ARACATACA,2018,0.0,786649.51,0.0,0.0
ARACATACA,2019,0.0,0.0,0.0,0.0
ARACATACA,2020,0.0,0.0,0.0,0.0
ARACATACA,2021,0.0,0.0,0.0,0.0
ARACATACA,2022,0.0,0.0,0.0,0.0
ARACATACA,2023,0.0,0.0,0.0,0.0
ARANZAZU,2017,0.0,0.0,0.0,0.0
ARANZAZU,2018,0.0,0.0,0.0,0.0
ARANZAZU,2019,0.0,0.0,0.0,0.0
ARANZAZU,2020,0.0,0.0,0.0,0.0
ARANZAZU,2021,0.0,0.0,0.0,0.0
ARANZAZU,2022,0.0,0.0,0.0,0.0
ARANZAZU,2023,0.0,0.0,0.0,0.0
ARATOCA,2017,90.8,0.0,0.0,0.0
ARATOCA,2018,0.0,649962.35,0.0,0.0
ARATOCA,2019,0.0,0.0,0.0,0.0
ARATOCA,2020,0.0,0.0,0.0,0.0
ARATOCA,2021,0.0,0.0,0.0,0.0
ARATOCA,2022,0.0,0.0,0.0,0.0
ARATOCA,2023,0.0,0.0,0.0,0.0
ARAUCA,2017,84.69,0.0,0.0,0.0
ARAUCA,2018,0.0,461922.96,0.0,0.0
ARAUCA,2019,0.0,0.0,0.0,0.0
ARAUCA,2020,0.0,0.0,0.0,0.0
ARAUCA,2021,0.0,0.0,0.0,0.0
ARAUCA,2022,0.0,0.0,0.0,0.0
ARAUCA,2023,0.0,0.0,0.0,0.0
ARAUQUITA,2017,89.06,0.0,0.0,0.0
ARAUQUITA,2018,0.0,427424.26,0.0,0.0
ARAUQUITA,2019,0.0,0.0,0.0,0.0
ARAUQUITA,2020,0.0,0.0,0.0,0.0
ARAUQUITA,2021,0.0,0.0,0.0,0.0
ARAUQUITA,2022,0.0,0.0,0.0,0.0
ARAUQUITA,2023,0.0,0.0,0.0,0.0
ARBELÁEZ,2017,84.68,0.0,0.0,0.0
ARBELÁEZ,2018,0.0,3078611.89,0.0,0.0
ARBELÁEZ,2019,0.0,0.0,0.0,0.0
ARBELÁEZ,2020,0.0,0.0,0.0,0.0
ARBELÁEZ,2021,0.0,0.0,0.0,0.0
ARBELÁEZ,2022,0.0,0.0,0.0,0.0
ARBELÁEZ,2023,0.0,0.0,0.0,0.0
ARBOLEDA,2017,0.0,0.0,0.0,0.0
ARBOLEDA,2018,0.0,0.0,0.0,0.0
ARBOLEDA,2019,0.0,0.0,0.0,0.0
ARBOLEDA,2020,0.0,0.0,0.0,0.0
ARBOLEDA,2021,0.0,0.0,0.0,0.0
ARBOLEDA,2022,0.0,0.0,0.0,0.0
ARBOLEDA,2023,0.0,0.0,0.0,0.0
ARBOLEDAS,2017,87.38,0.0,0.0,0.0
ARBOLEDAS,2018,0.0,370371.95,0.0,0.0
ARBOLEDAS,2019,0.0,0.0,0.0,0.0
ARBOLEDAS,2020,0.0,0.0,0.0,0.0
ARBOLEDAS,2021,0.0,0.0,0.0,0.0
ARBOLEDAS,2022,0.0,0.0,0.0,0.0
ARBOLEDAS,2023,0.0,0.0,0.0,0.0
ARBOLETES,2017,0.0,0.0,0.0,0.0
ARBOLETES,2018,0.0,0.0,0.0,0.0
ARBOLETES,2019,0.0,0.0,0.0,0.0
ARBOLETES,2020,0.0,0.0,0.0,0.0
ARBOLETES,2021,0.0,0.0,0.0,0.0
ARBOLETES,2022,0.0,0.0,0.0,0.0
ARBOLETES,2023,0.0,0.0,0.0,0.0
ARCABUCO,2017,,,,
ARCABUCO,2018,,,,
ARCABUCO,2019,,,,
ARCABUCO,2020,,,,
ARCABUCO,2021,,,,
ARCABUCO,2022,,,,
ARCABUCO,2023,,,,
ARENAL,2017,91.08,0.0,0.0,0.0
ARENAL,2018,0.0,722683.33,0.0,0.0
ARENAL,2019,0.0,0.0,0.0,0.0
ARENAL,2020,0.0,0.0,0.0,0.0
ARENAL,2021,0.0,0.0,0.0,0.0
ARENAL,2022,0.0,0.0,0.0,0.0
ARENAL,2023,0.0,0.0,0.0,0.0
ARGELIA,2017,93.72,0.0,0.0,0.0
ARGELIA,2017,93.72,0.0,0.0,0.0
ARGELIA,2017,93.72,0.0,0.0,0.0
ARGELIA,2017,93.72,0.0,0.0,0.0
ARGELIA,2017,93.72,0.0,0.0,0.0
ARGELIA,2017,93.72,0.0,0.0,0.0
ARGELIA,2017,93.72,0.0,0.0,0.0
ARGELIA,2017,93.72,0.0,0.0,0.0
ARGELIA,2017,93.72,0.0,0.0,0.0
ARGELIA,2017,93.72,0.0,0.0,0.0
ARGELIA,2017,93.72,0.0,0.0,0.0
ARGELIA,2017,93.72,0.0,0.0,0.0
ARGELIA,2017,93.72,0.0,0.0,0.0
ARGELIA,2017,93.72,0.0,0.0,0.0
ARGELIA,2017,93.72,0.0,0.0,0.0
ARGELIA,2017,93.72,0.0,0.0,0.0
ARGELIA,2017,93.72,0.0,0.0,0.0
ARGELIA,2017,93.72,0.0,0.0,0.0
ARGELIA,2017,93.72,0.0,0.0,0.0
ARGELIA,2017,93.72,0.0,0.0,0.0
ARGELIA,2017,93.72,0.0,0.0,0.0
ARGELIA,2017,93.72,0.0,0.0,0.0
ARGELIA,2017,93.72,0.0,0.0,0.0
ARGELIA,2017,93.72,0.0,0.0,0.0
ARGELIA,2017,93.72,0.0,0.0,0.0
ARGELIA,2017,93.72,0.0,0.0,0.0
ARGELIA,2017,93.72,0.0,0.0,0.0
ARGELIA,2017,0.0,0.0,0.0,0.0
ARGELIA,2017,0.0,0.0,0.0,0.0
ARGELIA,2017,0.0,0.0,0.0,0.0
ARGELIA,2017,0.0,0.0,0.0,0.0
ARGELIA,2017,0.0,0.0,0.0,0.0
ARGELIA,2017,0.0,0.0,0.0,0.0
ARGELIA,2017,0.0,0.0,0.0,0.0
ARGELIA,2017,0.0,0.0,0.0,0.0
ARGELIA,2017,0.0,0.0,0.0,0.0
ARGELIA,2017,0.0,0.0,0.0,0.0
ARGELIA,2017,0.0,0.0,0.0,0.0
ARGELIA,2017,0.0,0.0,0.0,0.0
ARGELIA,2017,0.0,0.0,0.0,0.0
ARGELIA,2017,0.0,0.0,0.0,0.0
ARGELIA,2017,0.0,0.0,0.0,0.0
ARGELIA,2017,0.0,0.0,0.0,0.0
ARGELIA,2017,0.0,0.0,0.0,0.0
ARGELIA,2017,0.0,0.0,0.0,0.0
ARGELIA,2017,0.0,0.0,0.0,0.0
ARGELIA,2017,0.0,0.0,0.0,0.0
ARGELIA,2017,0.0,0.0,0.0,0.0
ARGELIA,2017,0.0,0.0,0.0,0.0
ARGELIA,2017,0.0,0.0,0.0,0.0
ARGELIA,2017,0.0,0.0,0.0,0.0
ARGELIA,2017,0.0,0.0,0.0,0.0
ARGELIA,2017,0.0,0.0,0.0,0.0
ARGELIA,2017,0.0,0.0,0.0,0.0
ARGELIA,2017,0.0,0.0,0.0,0.0
ARGELIA,2017,0.0,0.0,0.0,0.0
ARGELIA,2017,0.0,0.0,0.0,0.0
ARGELIA,2017,0.0,0.0,0.0,0.0
ARGELIA,2017,0.0,0.0,0.0,0.0
ARGELIA,2017,0.0,0.0,0.0,0.0
ARGELIA,2017,0.0,0.0,0.0,0.0
ARGELIA,2017,0.0,0.0,0.0,0.0
ARGELIA,2017,0.0,0.0,0.0,0.0
ARGELIA,2017,0.0,0.0,0.0,0.0
ARGELIA,2017,0.0,0.0,0.0,0.0
ARGELIA,2017,0.0,0.0,0.0,0.0
ARGELIA,2017,0.0,0.0,0.0,0.0
ARGELIA,2017,0.0,0.0,0.0,0.0
ARGELIA,2017,0.0,0.0,0.0,0.0
ARGELIA,2017,0.0,0.0,0.0,0.0
ARGELIA,2017,0.0,0.0,0.0,0.0
ARGELIA,2017,0.0,0.0,0.0,0.0
ARGELIA,2017,0.0,0.0,0.0,0.0
ARGELIA,2017,0.0,0.0,0.0,0.0
ARGELIA,2017,0.0,0.0,0.0,0.0
ARGELIA,2017,0.0,0.0,0.0,0.0
ARGELIA,2017,0.0,0.0,0.0,0.0
ARGELIA,2017,0.0,0.0,0.0,0.0
ARGELIA,2017,0.0,0.0,0.0,0.0
ARGELIA,2017,0.0,0.0,0.0,0.0
ARGELIA,2017,0.0,0.0,0.0,0.0
ARGELIA,2018,0.0,350492.84,0.0,0.0
ARGELIA,2018,0.0,350492.84,0.0,0.0
ARGELIA,2018,0.0,350492.84,0.0,0.0
ARGELIA,2018,0.0,350492.84,0.0,0.0
ARGELIA,2018,0.0,350492.84,0.0,0.0
ARGELIA,2018,0.0,350492.84,0.0,0.0
ARGELIA,2018,0.0,350492.84,0.0,0.0
ARGELIA,2018,0.0,350492.84,0.0,0.0
ARGELIA,2018,0.0,350492.84,0.0,0.0
ARGELIA,2018,0.0,0.0,0.0,0.0
ARGELIA,2018,0.0,0.0,0.0,0.0
ARGELIA,2018,0.0,0.0,0.0,0.0
ARGELIA,2018,0.0,0.0,0.0,0.0
ARGELIA,2018,0.0,0.0,0.0,0.0
ARGELIA,2018,0.0,0.0,0.0,0.0
ARGELIA,2018,0.0,0.0,0.0,0.0
ARGELIA,2018,0.0,0.0,0.0,0.0
ARGELIA,2018,0.0,0.0,0.0,0.0
ARGELIA,2018,0.0,0.0,0.0,0.0
ARGELIA,2018,0.0,0.0,0.0,0.0
ARGELIA,2018,0.0,0.0,0.0,0.0
ARGELIA,2018,0.0,0.0,0.0,0.0
ARGELIA,2018,0.0,0.0,0.0,0.0
ARGELIA,2018,0.0,0.0,0.0,0.0
ARGELIA,2018,0.0,0.0,0.0,0.0
ARGELIA,2018,0.0,0.0,0.0,0.0
ARGELIA,2018,0.0,0.0,0.0,0.0
ARGELIA,2018,0.0,350492.84,0.0,0.0
ARGELIA,2018,0.0,350492.84,0.0,0.0
ARGELIA,2018,0.0,350492.84,0.0,0.0
ARGELIA,2018,0.0,350492.84,0.0,0.0
ARGELIA,2018,0.0,350492.84,0.0,0.0
ARGELIA,2018,0.0,350492.84,0.0,0.0
ARGELIA,2018,0.0,350492.84,0.0,0.0
ARGELIA,2018,0.0,350492.84,0.0,0.0
ARGELIA,2018,0.0,350492.84,0.0,0.0
ARGELIA,2018,0.0,0.0,0.0,0.0
ARGELIA,2018,0.0,0.0,0.0,0.0
ARGELIA,2018,0.0,0.0,0.0,0.0
ARGELIA,2018,0.0,0.0,0.0,0.0
ARGELIA,2018,0.0,0.0,0.0,0.0
ARGELIA,2018,0.0,0.0,0.0,0.0
ARGELIA,2018,0.0,0.0,0.0,0.0
ARGELIA,2018,0.0,0.0,0.0,0.0
ARGELIA,2018,0.0,0.0,0.0,0.0
ARGELIA,2018,0.0,0.0,0.0,0.0
ARGELIA,2018,0.0,0.0,0.0,0.0
ARGELIA,2018,0.0,0.0,0.0,0.0
ARGELIA,2018,0.0,0.0,0.0,0.0
ARGELIA,2018,0.0,0.0,0.0,0.0
ARGELIA,2018,0.0,0.0,0.0,0.0
ARGELIA,2018,0.0,0.0,0.0,0.0
ARGELIA,2018,0.0,0.0,0.0,0.0
ARGELIA,2018,0.0,0.0,0.0,0.0
ARGELIA,2018,0.0,350492.84,0.0,0.0
ARGELIA,2018,0.0,350492.84,0.0,0.0
ARGELIA,2018,0.0,350492.84,0.0,0.0
ARGELIA,2018,0.0,350492.84,0.0,0.0
ARGELIA,2018,0.0,350492.84,0.0,0.0
ARGELIA,2018,0.0,350492.84,0.0,0.0
ARGELIA,2018,0.0,350492.84,0.0,0.0
ARGELIA,2018,0.0,350492.84,0.0,0.0
ARGELIA,2018,0.0,350492.84,0.0,0.0
ARGELIA,2018,0.0,0.0,0.0,0.0
ARGELIA,2018,0.0,0.0,0.0,0.0
ARGELIA,2018,0.0,0.0,0.0,0.0
ARGELIA,2018,0.0,0.0,0.0,0.0
ARGELIA,2018,0.0,0.0,0.0,0.0
ARGELIA,2018,0.0,0.0,0.0,0.0
ARGELIA,2018,0.0,0.0,0.0,0.0
ARGELIA,2018,0.0,0.0,0.0,0.0
ARGELIA,2018,0.0,0.0,0.0,0.0
ARGELIA,2018,0.0,0.0,0.0,0.0
ARGELIA,2018,0.0,0.0,0.0,0.0
ARGELIA,2018,0.0,0.0,0.0,0.0
ARGELIA,2018,0.0,0.0,0.0,0.0
ARGELIA,2018,0.0,0.0,0.0,0.0
ARGELIA,2018,0.0,0.0,0.0,0.0
ARGELIA,2018,0.0,0.0,0.0,0.0
ARGELIA,2018,0.0,0.0,0.0,0.0
ARGELIA,2018,0.0,0.0,0.0,0.0
ARGELIA,2019,0.0,0.0,0.0,0.0
ARGELIA,2019,0.0,0.0,0.0,0.0
ARGELIA,2019,0.0,0.0,0.0,0.0
ARGELIA,2019,0.0,0.0,0.0,0.0
ARGELIA,2019,0.0,0.0,0.0,0.0
ARGELIA,2019,0.0,0.0,0.0,0.0
ARGELIA,2019,0.0,0.0,0.0,0.0
ARGELIA,2019,0.0,0.0,0.0,0.0
ARGELIA,2019,0.0,0.0,0.0,0.0
ARGELIA,2019,0.0,0.0,0.0,0.0
ARGELIA,2019,0.0,0.0,0.0,0.0
ARGELIA,2019,0.0,0.0,0.0,0.0
ARGELIA,2019,0.0,0.0,0.0,0.0
ARGELIA,2019,0.0,0.0,0.0,0.0
ARGELIA,2019,0.0,0.0,0.0,0.0
ARGELIA,2019,0.0,0.0,0.0,0.0
ARGELIA,2019,0.0,0.0,0.0,0.0
ARGELIA,2019,0.0,0.0,0.0,0.0
ARGELIA,2019,0.0,0.0,0.0,0.0
ARGELIA,2019,0.0,0.0,0.0,0.0
ARGELIA,2019,0.0,0.0,0.0,0.0
ARGELIA,2019,0.0,0.0,0.0,0.0
ARGELIA,2019,0.0,0.0,0.0,0.0
ARGELIA,2019,0.0,0.0,0.0,0.0
ARGELIA,2019,0.0,0.0,0.0,0.0
ARGELIA,2019,0.0,0.0,0.0,0.0
ARGELIA,2019,0.0,0.0,0.0,0.0
ARGELIA,2019,0.0,0.0,0.0,0.0
ARGELIA,2019,0.0,0.0,0.0,0.0
ARGELIA,2019,0.0,0.0,0.0,0.0
ARGELIA,2019,0.0,0.0,0.0,0.0
ARGELIA,2019,0.0,0.0,0.0,0.0
ARGELIA,2019,0.0,0.0,0.0,0.0
ARGELIA,2019,0.0,0.0,0.0,0.0
ARGELIA,2019,0.0,0.0,0.0,0.0
ARGELIA,2019,0.0,0.0,0.0,0.0
ARGELIA,2019,0.0,0.0,0.0,0.0
ARGELIA,2019,0.0,0.0,0.0,0.0
ARGELIA,2019,0.0,0.0,0.0,0.0
ARGELIA,2019,0.0,0.0,0.0,0.0
ARGELIA,2019,0.0,0.0,0.0,0.0
ARGELIA,2019,0.0,0.0,0.0,0.0
ARGELIA,2019,0.0,0.0,0.0,0.0
ARGELIA,2019,0.0,0.0,0.0,0.0
ARGELIA,2019,0.0,0.0,0.0,0.0
ARGELIA,2019,0.0,0.0,0.0,0.0
ARGELIA,2019,0.0,0.0,0.0,0.0
ARGELIA,2019,0.0,0.0,0.0,0.0
ARGELIA,2019,0.0,0.0,0.0,0.0
ARGELIA,2019,0.0,0.0,0.0,0.0
ARGELIA,2019,0.0,0.0,0.0,0.0
ARGELIA,2019,0.0,0.0,0.0,0.0
ARGELIA,2019,0.0,0.0,0.0,0.0
ARGELIA,2019,0.0,0.0,0.0,0.0
ARGELIA,2019,0.0,0.0,0.0,0.0
ARGELIA,2019,0.0,0.0,0.0,0.0
ARGELIA,2019,0.0,0.0,0.0,0.0
ARGELIA,2019,0.0,0.0,0.0,0.0
ARGELIA,2019,0.0,0.0,0.0,0.0
ARGELIA,2019,0.0,0.0,0.0,0.0
ARGELIA,2019,0.0,0.0,0.0,0.0
ARGELIA,2019,0.0,0.0,0.0,0.0
ARGELIA,2019,0.0,0.0,0.0,0.0
ARGELIA,2019,0.0,0.0,0.0,0.0
ARGELIA,2019,0.0,0.0,0.0,0.0
ARGELIA,2019,0.0,0.0,0.0,0.0
ARGELIA,2019,0.0,0.0,0.0,0.0
ARGELIA,2019,0.0,0.0,0.0,0.0
ARGELIA,2019,0.0,0.0,0.0,0.0
ARGELIA,2019,0.0,0.0,0.0,0.0
ARGELIA,2019,0.0,0.0,0.0,0.0
ARGELIA,2019,0.0,0.0,0.0,0.0
ARGELIA,2019,0.0,0.0,0.0,0.0
ARGELIA,2019,0.0,0.0,0.0,0.0
ARGELIA,2019,0.0,0.0,0.0,0.0
ARGELIA,2019,0.0,0.0,0.0,0.0
ARGELIA,2019,0.0,0.0,0.0,0.0
ARGELIA,2019,0.0,0.0,0.0,0.0
ARGELIA,2019,0.0,0.0,0.0,0.0
ARGELIA,2019,0.0,0.0,0.0,0.0
ARGELIA,2019,0.0,0.0,0.0,0.0
ARGELIA,2020,0.0,0.0,0.0,0.0
ARGELIA,2020,0.0,0.0,0.0,0.0
ARGELIA,2020,0.0,0.0,0.0,0.0
ARGELIA,2020,0.0,0.0,0.0,0.0
ARGELIA,2020,0.0,0.0,0.0,0.0
ARGELIA,2020,0.0,0.0,0.0,0.0
ARGELIA,2020,0.0,0.0,0.0,0.0
ARGELIA,2020,0.0,0.0,0.0,0.0
ARGELIA,2020,0.0,0.0,0.0,0.0
ARGELIA,2020,0.0,0.0,0.0,0.0
ARGELIA,2020,0.0,0.0,0.0,0.0
ARGELIA,2020,0.0,0.0,0.0,0.0
ARGELIA,2020,0.0,0.0,0.0,0.0
ARGELIA,2020,0.0,0.0,0.0,0.0
ARGELIA,2020,0.0,0.0,0.0,0.0
ARGELIA,2020,0.0,0.0,0.0,0.0
ARGELIA,2020,0.0,0.0,0.0,0.0
ARGELIA,2020,0.0,0.0,0.0,0.0
ARGELIA,2020,0.0,0.0,0.0,0.0
ARGELIA,2020,0.0,0.0,0.0,0.0
ARGELIA,2020,0.0,0.0,0.0,0.0
ARGELIA,2020,0.0,0.0,0.0,0.0
ARGELIA,2020,0.0,0.0,0.0,0.0
ARGELIA,2020,0.0,0.0,0.0,0.0
ARGELIA,2020,0.0,0.0,0.0,0.0
ARGELIA,2020,0.0,0.0,0.0,0.0
ARGELIA,2020,0.0,0.0,0.0,0.0
ARGELIA,2020,0.0,0.0,0.0,0.0
ARGELIA,2020,0.0,0.0,0.0,0.0
ARGELIA,2020,0.0,0.0,0.0,0.0
ARGELIA,2020,0.0,0.0,0.0,0.0
ARGELIA,2020,0.0,0.0,0.0,0.0
ARGELIA,2020,0.0,0.0,0.0,0.0
ARGELIA,2020,0.0,0.0,0.0,0.0
ARGELIA,2020,0.0,0.0,0.0,0.0
ARGELIA,2020,0.0,0.0,0.0,0.0
ARGELIA,2020,0.0,0.0,0.0,0.0
ARGELIA,2020,0.0,0.0,0.0,0.0
ARGELIA,2020,0.0,0.0,0.0,0.0
ARGELIA,2020,0.0,0.0,0.0,0.0
ARGELIA,2020,0.0,0.0,0.0,0.0
ARGELIA,2020,0.0,0.0,0.0,0.0
ARGELIA,2020,0.0,0.0,0.0,0.0
ARGELIA,2020,0.0,0.0,0.0,0.0
ARGELIA,2020,0.0,0.0,0.0,0.0
ARGELIA,2020,0.0,0.0,0.0,0.0
ARGELIA,2020,0.0,0.0,0.0,0.0
ARGELIA,2020,0.0,0.0,0.0,0.0
ARGELIA,2020,0.0,0.0,0.0,0.0
ARGELIA,2020,0.0,0.0,0.0,0.0
ARGELIA,2020,0.0,0.0,0.0,0.0
ARGELIA,2020,0.0,0.0,0.0,0.0
ARGELIA,2020,0.0,0.0,0.0,0.0
ARGELIA,2020,0.0,0.0,0.0,0.0
ARGELIA,2020,0.0,0.0,0.0,0.0
ARGELIA,2020,0.0,0.0,0.0,0.0
ARGELIA,2020,0.0,0.0,0.0,0.0
ARGELIA,2020,0.0,0.0,0.0,0.0
ARGELIA,2020,0.0,0.0,0.0,0.0
ARGELIA,2020,0.0,0.0,0.0,0.0
ARGELIA,2020,0.0,0.0,0.0,0.0
ARGELIA,2020,0.0,0.0,0.0,0.0
ARGELIA,2020,0.0,0.0,0.0,0.0
ARGELIA,2020,0.0,0.0,0.0,0.0
ARGELIA,2020,0.0,0.0,0.0,0.0
ARGELIA,2020,0.0,0.0,0.0,0.0
ARGELIA,2020,0.0,0.0,0.0,0.0
ARGELIA,2020,0.0,0.0,0.0,0.0
ARGELIA,2020,0.0,0.0,0.0,0.0
ARGELIA,2020,0.0,0.0,0.0,0.0
ARGELIA,2020,0.0,0.0,0.0,0.0
ARGELIA,2020,0.0,0.0,0.0,0.0
ARGELIA,2020,0.0,0.0,0.0,0.0
ARGELIA,2020,0.0,0.0,0.0,0.0
ARGELIA,2020,0.0,0.0,0.0,0.0
ARGELIA,2020,0.0,0.0,0.0,0.0
ARGELIA,2020,0.0,0.0,0.0,0.0
ARGELIA,2020,0.0,0.0,0.0,0.0
ARGELIA,2020,0.0,0.0,0.0,0.0
ARGELIA,2020,0.0,0.0,0.0,0.0
ARGELIA,2020,0.0,0.0,0.0,0.0
ARGELIA,2021,0.0,0.0,0.0,0.0
ARGELIA,2021,0.0,0.0,0.0,0.0
ARGELIA,2021,0.0,0.0,0.0,0.0
ARGELIA,2021,0.0,0.0,0.0,0.0
ARGELIA,2021,0.0,0.0,0.0,0.0
ARGELIA,2021,0.0,0.0,0.0,0.0
ARGELIA,2021,0.0,0.0,0.0,0.0
ARGELIA,2021,0.0,0.0,0.0,0.0
ARGELIA,2021,0.0,0.0,0.0,0.0
ARGELIA,2021,0.0,0.0,0.0,0.0
ARGELIA,2021,0.0,0.0,0.0,0.0
ARGELIA,2021,0.0,0.0,0.0,0.0
ARGELIA,2021,0.0,0.0,0.0,0.0
ARGELIA,2021,0.0,0.0,0.0,0.0
ARGELIA,2021,0.0,0.0,0.0,0.0
ARGELIA,2021,0.0,0.0,0.0,0.0
ARGELIA,2021,0.0,0.0,0.0,0.0
ARGELIA,2021,0.0,0.0,0.0,0.0
ARGELIA,2021,0.0,0.0,0.0,0.0
ARGELIA,2021,0.0,0.0,0.0,0.0
ARGELIA,2021,0.0,0.0,0.0,0.0
ARGELIA,2021,0.0,0.0,0.0,0.0
ARGELIA,2021,0.0,0.0,0.0,0.0
ARGELIA,2021,0.0,0.0,0.0,0.0
ARGELIA,2021,0.0,0.0,0.0,0.0
ARGELIA,2021,0.0,0.0,0.0,0.0
ARGELIA,2021,0.0,0.0,0.0,0.0
ARGELIA,2021,0.0,0.0,0.0,0.0
ARGELIA,2021,0.0,0.0,0.0,0.0
ARGELIA,2021,0.0,0.0,0.0,0.0
ARGELIA,2021,0.0,0.0,0.0,0.0
ARGELIA,2021,0.0,0.0,0.0,0.0
ARGELIA,2021,0.0,0.0,0.0,0.0
ARGELIA,2021,0.0,0.0,0.0,0.0
ARGELIA,2021,0.0,0.0,0.0,0.0
ARGELIA,2021,0.0,0.0,0.0,0.0
ARGELIA,2021,0.0,0.0,0.0,0.0
ARGELIA,2021,0.0,0.0,0.0,0.0
ARGELIA,2021,0.0,0.0,0.0,0.0
ARGELIA,2021,0.0,0.0,0.0,0.0
ARGELIA,2021,0.0,0.0,0.0,0.0
ARGELIA,2021,0.0,0.0,0.0,0.0
ARGELIA,2021,0.0,0.0,0.0,0.0
ARGELIA,2021,0.0,0.0,0.0,0.0
ARGELIA,2021,0.0,0.0,0.0,0.0
ARGELIA,2021,0.0,0.0,0.0,0.0
ARGELIA,2021,0.0,0.0,0.0,0.0
ARGELIA,2021,0.0,0.0,0.0,0.0
ARGELIA,2021,0.0,0.0,0.0,0.0
ARGELIA,2021,0.0,0.0,0.0,0.0
ARGELIA,2021,0.0,0.0,0.0,0.0
ARGELIA,2021,0.0,0.0,0.0,0.0
ARGELIA,2021,0.0,0.0,0.0,0.0
ARGELIA,2021,0.0,0.0,0.0,0.0
ARGELIA,2021,0.0,0.0,0.0,0.0
ARGELIA,2021,0.0,0.0,0.0,0.0
ARGELIA,2021,0.0,0.0,0.0,0.0
ARGELIA,2021,0.0,0.0,0.0,0.0
ARGELIA,2021,0.0,0.0,0.0,0.0
ARGELIA,2021,0.0,0.0,0.0,0.0
ARGELIA,2021,0.0,0.0,0.0,0.0
ARGELIA,2021,0.0,0.0,0.0,0.0
ARGELIA,2021,0.0,0.0,0.0,0.0
ARGELIA,2021,0.0,0.0,0.0,0.0
ARGELIA,2021,0.0,0.0,0.0,0.0
ARGELIA,2021,0.0,0.0,0.0,0.0
ARGELIA,2021,0.0,0.0,0.0,0.0
ARGELIA,2021,0.0,0.0,0.0,0.0
ARGELIA,2021,0.0,0.0,0.0,0.0
ARGELIA,2021,0.0,0.0,0.0,0.0
ARGELIA,2021,0.0,0.0,0.0,0.0
ARGELIA,2021,0.0,0.0,0.0,0.0
ARGELIA,2021,0.0,0.0,0.0,0.0
ARGELIA,2021,0.0,0.0,0.0,0.0
ARGELIA,2021,0.0,0.0,0.0,0.0
ARGELIA,2021,0.0,0.0,0.0,0.0
ARGELIA,2021,0.0,0.0,0.0,0.0
ARGELIA,2021,0.0,0.0,0.0,0.0
ARGELIA,2021,0.0,0.0,0.0,0.0
ARGELIA,2021,0.0,0.0,0.0,0.0
ARGELIA,2021,0.0,0.0,0.0,0.0
ARGELIA,2022,0.0,0.0,0.0,0.0
ARGELIA,2022,0.0,0.0,0.0,0.0
ARGELIA,2022,0.0,0.0,0.0,0.0
ARGELIA,2022,0.0,0.0,0.0,0.0
ARGELIA,2022,0.0,0.0,0.0,0.0
ARGELIA,2022,0.0,0.0,0.0,0.0
ARGELIA,2022,0.0,0.0,0.0,0.0
ARGELIA,2022,0.0,0.0,0.0,0.0
ARGELIA,2022,0.0,0.0,0.0,0.0
ARGELIA,2022,0.0,0.0,0.0,0.0
ARGELIA,2022,0.0,0.0,0.0,0.0
ARGELIA,2022,0.0,0.0,0.0,0.0
ARGELIA,2022,0.0,0.0,0.0,0.0
ARGELIA,2022,0.0,0.0,0.0,0.0
ARGELIA,2022,0.0,0.0,0.0,0.0
ARGELIA,2022,0.0,0.0,0.0,0.0
ARGELIA,2022,0.0,0.0,0.0,0.0
ARGELIA,2022,0.0,0.0,0.0,0.0
ARGELIA,2022,0.0,0.0,0.0,0.0
ARGELIA,2022,0.0,0.0,0.0,0.0
ARGELIA,2022,0.0,0.0,0.0,0.0
ARGELIA,2022,0.0,0.0,0.0,0.0
ARGELIA,2022,0.0,0.0,0.0,0.0
ARGELIA,2022,0.0,0.0,0.0,0.0
ARGELIA,2022,0.0,0.0,0.0,0.0
ARGELIA,2022,0.0,0.0,0.0,0.0
ARGELIA,2022,0.0,0.0,0.0,0.0
ARGELIA,2022,0.0,0.0,0.0,0.0
ARGELIA,2022,0.0,0.0,0.0,0.0
ARGELIA,2022,0.0,0.0,0.0,0.0
ARGELIA,2022,0.0,0.0,0.0,0.0
ARGELIA,2022,0.0,0.0,0.0,0.0
ARGELIA,2022,0.0,0.0,0.0,0.0
ARGELIA,2022,0.0,0.0,0.0,0.0
ARGELIA,2022,0.0,0.0,0.0,0.0
ARGELIA,2022,0.0,0.0,0.0,0.0
ARGELIA,2022,0.0,0.0,0.0,0.0
ARGELIA,2022,0.0,0.0,0.0,0.0
ARGELIA,2022,0.0,0.0,0.0,0.0
ARGELIA,2022,0.0,0.0,0.0,0.0
ARGELIA,2022,0.0,0.0,0.0,0.0
ARGELIA,2022,0.0,0.0,0.0,0.0
ARGELIA,2022,0.0,0.0,0.0,0.0
ARGELIA,2022,0.0,0.0,0.0,0.0
ARGELIA,2022,0.0,0.0,0.0,0.0
ARGELIA,2022,0.0,0.0,0.0,0.0
ARGELIA,2022,0.0,0.0,0.0,0.0
ARGELIA,2022,0.0,0.0,0.0,0.0
ARGELIA,2022,0.0,0.0,0.0,0.0
ARGELIA,2022,0.0,0.0,0.0,0.0
ARGELIA,2022,0.0,0.0,0.0,0.0
ARGELIA,2022,0.0,0.0,0.0,0.0
ARGELIA,2022,0.0,0.0,0.0,0.0
ARGELIA,2022,0.0,0.0,0.0,0.0
ARGELIA,2022,0.0,0.0,0.0,0.0
ARGELIA,2022,0.0,0.0,0.0,0.0
ARGELIA,2022,0.0,0.0,0.0,0.0
ARGELIA,2022,0.0,0.0,0.0,0.0
ARGELIA,2022,0.0,0.0,0.0,0.0
ARGELIA,2022,0.0,0.0,0.0,0.0
ARGELIA,2022,0.0,0.0,0.0,0.0
ARGELIA,2022,0.0,0.0,0.0,0.0
ARGELIA,2022,0.0,0.0,0.0,0.0
ARGELIA,2022,0.0,0.0,0.0,0.0
ARGELIA,2022,0.0,0.0,0.0,0.0
ARGELIA,2022,0.0,0.0,0.0,0.0
ARGELIA,2022,0.0,0.0,0.0,0.0
ARGELIA,2022,0.0,0.0,0.0,0.0
ARGELIA,2022,0.0,0.0,0.0,0.0
ARGELIA,2022,0.0,0.0,0.0,0.0
ARGELIA,2022,0.0,0.0,0.0,0.0
ARGELIA,2022,0.0,0.0,0.0,0.0
ARGELIA,2022,0.0,0.0,0.0,0.0
ARGELIA,2022,0.0,0.0,0.0,0.0
ARGELIA,2022,0.0,0.0,0.0,0.0
ARGELIA,2022,0.0,0.0,0.0,0.0
ARGELIA,2022,0.0,0.0,0.0,0.0
ARGELIA,2022,0.0,0.0,0.0,0.0
ARGELIA,2022,0.0,0.0,0.0,0.0
ARGELIA,2022,0.0,0.0,0.0,0.0
ARGELIA,2022,0.0,0.0,0.0,0.0
ARGELIA,2023,0.0,0.0,0.0,0.0
ARGELIA,2023,0.0,0.0,0.0,0.0
ARGELIA,2023,0.0,0.0,0.0,0.0
ARGELIA,2023,0.0,0.0,0.0,0.0
ARGELIA,2023,0.0,0.0,0.0,0.0
ARGELIA,2023,0.0,0.0,0.0,0.0
ARGELIA,2023,0.0,0.0,0.0,0.0
ARGELIA,2023,0.0,0.0,0.0,0.0
ARGELIA,2023,0.0,0.0,0.0,0.0
ARGELIA,2023,0.0,0.0,0.0,0.0
ARGELIA,2023,0.0,0.0,0.0,0.0
ARGELIA,2023,0.0,0.0,0.0,0.0
ARGELIA,2023,0.0,0.0,0.0,0.0
ARGELIA,2023,0.0,0.0,0.0,0.0
ARGELIA,2023,0.0,0.0,0.0,0.0
ARGELIA,2023,0.0,0.0,0.0,0.0
ARGELIA,2023,0.0,0.0,0.0,0.0
ARGELIA,2023,0.0,0.0,0.0,0.0
ARGELIA,2023,0.0,0.0,0.0,0.0
ARGELIA,2023,0.0,0.0,0.0,0.0
ARGELIA,2023,0.0,0.0,0.0,0.0
ARGELIA,2023,0.0,0.0,0.0,0.0
ARGELIA,2023,0.0,0.0,0.0,0.0
ARGELIA,2023,0.0,0.0,0.0,0.0
ARGELIA,2023,0.0,0.0,0.0,0.0
ARGELIA,2023,0.0,0.0,0.0,0.0
ARGELIA,2023,0.0,0.0,0.0,0.0
ARGELIA,2023,0.0,0.0,0.0,0.0
ARGELIA,2023,0.0,0.0,0.0,0.0
ARGELIA,2023,0.0,0.0,0.0,0.0
ARGELIA,2023,0.0,0.0,0.0,0.0
ARGELIA,2023,0.0,0.0,0.0,0.0
ARGELIA,2023,0.0,0.0,0.0,0.0
ARGELIA,2023,0.0,0.0,0.0,0.0
ARGELIA,2023,0.0,0.0,0.0,0.0
ARGELIA,2023,0.0,0.0,0.0,0.0
ARGELIA,2023,0.0,0.0,0.0,0.0
ARGELIA,2023,0.0,0.0,0.0,0.0
ARGELIA,2023,0.0,0.0,0.0,0.0
ARGELIA,2023,0.0,0.0,0.0,0.0
ARGELIA,2023,0.0,0.0,0.0,0.0
ARGELIA,2023,0.0,0.0,0.0,0.0
ARGELIA,2023,0.0,0.0,0.0,0.0
ARGELIA,2023,0.0,0.0,0.0,0.0
ARGELIA,2023,0.0,0.0,0.0,0.0
ARGELIA,2023,0.0,0.0,0.0,0.0
ARGELIA,2023,0.0,0.0,0.0,0.0
ARGELIA,2023,0.0,0.0,0.0,0.0
ARGELIA,2023,0.0,0.0,0.0,0.0
ARGELIA,2023,0.0,0.0,0.0,0.0
ARGELIA,2023,0.0,0.0,0.0,0.0
ARGELIA,2023,0.0,0.0,0.0,0.0
ARGELIA,2023,0.0,0.0,0.0,0.0
ARGELIA,2023,0.0,0.0,0.0,0.0
ARGELIA,2023,0.0,0.0,0.0,0.0
ARGELIA,2023,0.0,0.0,0.0,0.0
ARGELIA,2023,0.0,0.0,0.0,0.0
ARGELIA,2023,0.0,0.0,0.0,0.0
ARGELIA,2023,0.0,0.0,0.0,0.0
ARGELIA,2023,0.0,0.0,0.0,0.0
ARGELIA,2023,0.0,0.0,0.0,0.0
ARGELIA,2023,0.0,0.0,0.0,0.0
ARGELIA,2023,0.0,0.0,0.0,0.0
ARGELIA,2023,0.0,0.0,0.0,0.0
ARGELIA,2023,0.0,0.0,0.0,0.0
ARGELIA,2023,0.0,0.0,0.0,0.0
ARGELIA,2023,0.0,0.0,0.0,0.0
ARGELIA,2023,0.0,0.0,0.0,0.0
ARGELIA,2023,0.0,0.0,0.0,0.0
ARGELIA,2023,0.0,0.0,0.0,0.0
ARGELIA,2023,0.0,0.0,0.0,0.0
ARGELIA,2023,0.0,0.0,0.0,0.0
ARGELIA,2023,0.0,0.0,0.0,0.0
ARGELIA,2023,0.0,0.0,0.0,0.0
ARGELIA,2023,0.0,0.0,0.0,0.0
ARGELIA,2023,0.0,0.0,0.0,0.0
ARGELIA,2023,0.0,0.0,0.0,0.0
ARGELIA,2023,0.0,0.0,0.0,0.0
ARGELIA,2023,0.0,0.0,0.0,0.0
ARGELIA,2023,0.0,0.0,0.0,0.0
ARGELIA,2023,0.0,0.0,0.0,0.0
ARIGUANÍ,2017,82.96,0.0,0.0,0.0
ARIGUANÍ,2018,0.0,321946.52,0.0,0.0
ARIGUANÍ,2019,0.0,0.0,0.0,0.0
ARIGUANÍ,2020,0.0,0.0,0.0,0.0
ARIGUANÍ,2021,0.0,0.0,0.0,0.0
ARIGUANÍ,2022,0.0,0.0,0.0,0.0
ARIGUANÍ,2023,0.0,0.0,0.0,0.0
ARJONA,2017,0.0,0.0,0.0,0.0
ARJONA,2018,0.0,0.0,0.0,0.0
ARJONA,2019,0.0,0.0,0.0,0.0
ARJONA,2020,0.0,0.0,0.0,0.0
ARJONA,2021,0.0,0.0,0.0,0.0
ARJONA,2022,0.0,0.0,0.0,0.0
ARJONA,2023,0.0,0.0,0.0,0.0
ARMENIA,2017,0.0,0.0,0.0,0.0
ARMENIA,2017,0.0,0.0,0.0,0.0
ARMENIA,2017,0.0,0.0,0.0,0.0
ARMENIA,2017,0.0,0.0,0.0,0.0
ARMENIA,2017,0.0,0.0,0.0,0.0
ARMENIA,2017,0.0,0.0,0.0,0.0
ARMENIA,2017,0.0,0.0,0.0,0.0
ARMENIA,2017,0.0,0.0,0.0,0.0
ARMENIA,2017,0.0,0.0,0.0,0.0
ARMENIA,2017,0.0,0.0,0.0,0.0
ARMENIA,2017,0.0,0.0,0.0,0.0
ARMENIA,2017,0.0,0.0,0.0,0.0
ARMENIA,2017,0.0,0.0,0.0,0.0
ARMENIA,2017,0.0,0.0,0.0,0.0
ARMENIA,2017,0.0,0.0,0.0,0.0
ARMENIA,2017,0.0,0.0,0.0,0.0
ARMENIA,2018,0.0,0.0,0.0,0.0
ARMENIA,2018,0.0,0.0,0.0,0.0
ARMENIA,2018,0.0,0.0,0.0,0.0
ARMENIA,2018,0.0,0.0,0.0,0.0
ARMENIA,2018,0.0,0.0,0.0,0.0
ARMENIA,2018,0.0,0.0,0.0,0.0
ARMENIA,2018,0.0,0.0,0.0,0.0
ARMENIA,2018,0.0,0.0,0.0,0.0
ARMENIA,2018,0.0,0.0,0.0,0.0
ARMENIA,2018,0.0,0.0,0.0,0.0
ARMENIA,2018,0.0,0.0,0.0,0.0
ARMENIA,2018,0.0,0.0,0.0,0.0
ARMENIA,2018,0.0,0.0,0.0,0.0
ARMENIA,2018,0.0,0.0,0.0,0.0
ARMENIA,2018,0.0,0.0,0.0,0.0
ARMENIA,2018,0.0,0.0,0.0,0.0
ARMENIA,2019,0.0,0.0,0.0,0.0
ARMENIA,2019,0.0,0.0,0.0,0.0
ARMENIA,2019,0.0,0.0,0.0,0.0
ARMENIA,2019,0.0,0.0,0.0,0.0
ARMENIA,2019,0.0,0.0,0.0,0.0
ARMENIA,2019,0.0,0.0,0.0,0.0
ARMENIA,2019,0.0,0.0,0.0,0.0
ARMENIA,2019,0.0,0.0,0.0,0.0
ARMENIA,2019,0.0,0.0,0.0,0.0
ARMENIA,2019,0.0,0.0,0.0,0.0
ARMENIA,2019,0.0,0.0,0.0,0.0
ARMENIA,2019,0.0,0.0,0.0,0.0
ARMENIA,2019,0.0,0.0,0.0,0.0
ARMENIA,2019,0.0,0.0,0.0,0.0
ARMENIA,2019,0.0,0.0,0.0,0.0
ARMENIA,2019,0.0,0.0,0.0,0.0
ARMENIA,2020,0.0,0.0,0.0,0.0
ARMENIA,2020,0.0,0.0,0.0,0.0
ARMENIA,2020,0.0,0.0,0.0,0.0
ARMENIA,2020,0.0,0.0,0.0,0.0
ARMENIA,2020,0.0,0.0,0.0,0.0
ARMENIA,2020,0.0,0.0,0.0,0.0
ARMENIA,2020,0.0,0.0,0.0,0.0
ARMENIA,2020,0.0,0.0,0.0,0.0
ARMENIA,2020,0.0,0.0,0.0,0.0
ARMENIA,2020,0.0,0.0,0.0,0.0
ARMENIA,2020,0.0,0.0,0.0,0.0
ARMENIA,2020,0.0,0.0,0.0,0.0
ARMENIA,2020,0.0,0.0,0.0,0.0
ARMENIA,2020,0.0,0.0,0.0,0.0
ARMENIA,2020,0.0,0.0,0.0,0.0
ARMENIA,2020,0.0,0.0,0.0,0.0
ARMENIA,2021,0.0,0.0,0.0,0.0
ARMENIA,2021,0.0,0.0,0.0,0.0
ARMENIA,2021,0.0,0.0,0.0,0.0
ARMENIA,2021,0.0,0.0,0.0,0.0
ARMENIA,2021,0.0,0.0,0.0,0.0
ARMENIA,2021,0.0,0.0,0.0,0.0
ARMENIA,2021,0.0,0.0,0.0,0.0
ARMENIA,2021,0.0,0.0,0.0,0.0
ARMENIA,2021,0.0,0.0,0.0,0.0
ARMENIA,2021,0.0,0.0,0.0,0.0
ARMENIA,2021,0.0,0.0,0.0,0.0
ARMENIA,2021,0.0,0.0,0.0,0.0
ARMENIA,2021,0.0,0.0,0.0,0.0
ARMENIA,2021,0.0,0.0,0.0,0.0
ARMENIA,2021,0.0,0.0,0.0,0.0
ARMENIA,2021,0.0,0.0,0.0,0.0
ARMENIA,2022,0.0,0.0,0.0,0.0
ARMENIA,2022,0.0,0.0,0.0,0.0
ARMENIA,2022,0.0,0.0,0.0,0.0
ARMENIA,2022,0.0,0.0,0.0,0.0
ARMENIA,2022,0.0,0.0,0.0,0.0
ARMENIA,2022,0.0,0.0,0.0,0.0
ARMENIA,2022,0.0,0.0,0.0,0.0
ARMENIA,2022,0.0,0.0,0.0,0.0
ARMENIA,2022,0.0,0.0,0.0,0.0
ARMENIA,2022,0.0,0.0,0.0,0.0
ARMENIA,2022,0.0,0.0,0.0,0.0
ARMENIA,2022,0.0,0.0,0.0,0.0
ARMENIA,2022,0.0,0.0,0.0,0.0
ARMENIA,2022,0.0,0.0,0.0,0.0
ARMENIA,2022,0.0,0.0,0.0,0.0
ARMENIA,2022,0.0,0.0,0.0,0.0
ARMENIA,2023,0.0,0.0,0.0,0.0
ARMENIA,2023,0.0,0.0,0.0,0.0
ARMENIA,2023,0.0,0.0,0.0,0.0
ARMENIA,2023,0.0,0.0,0.0,0.0
ARMENIA,2023,0.0,0.0,0.0,0.0
ARMENIA,2023,0.0,0.0,0.0,0.0
ARMENIA,2023,0.0,0.0,0.0,0.0
ARMENIA,2023,0.0,0.0,0.0,0.0
ARMENIA,2023,0.0,0.0,0.0,0.0
ARMENIA,2023,0.0,0.0,0.0,0.0
ARMENIA,2023,0.0,0.0,0.0,0.0
ARMENIA,2023,0.0,0.0,0.0,0.0
ARMENIA,2023,0.0,0.0,0.0,0.0
ARMENIA,2023,0.0,0.0,0.0,0.0
ARMENIA,2023,0.0,0.0,0.0,0.0
ARMENIA,2023,0.0,0.0,0.0,0.0
ARMERO,2017,86.64,0.0,0.0,0.0
ARMERO,2018,0.0,141700.14,0.0,0.0
ARMERO,2019,0.0,0.0,0.0,0.0
ARMERO,2020,0.0,0.0,0.0,0.0
ARMERO,2021,0.0,0.0,0.0,0.0
ARMERO,2022,0.0,0.0,0.0,0.0
ARMERO,2023,0.0,0.0,0.0,0.0
ARROYOHONDO,2017,88.3,364759.5,31.94,24.84
ARROYOHONDO,2018,88.11,303922.06,32.07,24.76
ARROYOHONDO,2019,87.3,266313.21,32.58,25.11
ARROYOHONDO,2020,87.41,313398.29,32.1,24.93
ARROYOHONDO,2021,87.81,348982.62,31.74,24.67
ARROYOHONDO,2022,88.91,438751.04,31.43,24.48
ARROYOHONDO,2023,87.92,307207.63,32.56,25.05
ASTREA,2017,86.46,0.0,0.0,0.0
ASTREA,2018,0.0,350960.18,0.0,0.0
ASTREA,2019,0.0,0.0,0.0,0.0
ASTREA,2020,0.0,0.0,0.0,0.0
ASTREA,2021,0.0,0.0,0.0,0.0
ASTREA,2022,0.0,0.0,0.0,0.0
ASTREA,2023,0.0,0.0,0.0,0.0
ATACO,2017,0.0,0.0,0.0,0.0
ATACO,2018,0.0,0.0,0.0,0.0
ATACO,2019,0.0,0.0,0.0,0.0
ATACO,2020,0.0,0.0,0.0,0.0
ATACO,2021,0.0,0.0,0.0,0.0
ATACO,2022,0.0,0.0,0.0,0.0
ATACO,2023,0.0,0.0,0.0,0.0
ATRATO,2017,0.0,0.0,0.0,0.0
ATRATO,2018,0.0,0.0,0.0,0.0
ATRATO,2019,0.0,0.0,0.0,0.0
ATRATO,2020,0.0,0.0,0.0,0.0
ATRATO,2021,0.0,0.0,0.0,0.0
ATRATO,2022,0.0,0.0,0.0,0.0
ATRATO,2023,0.0,0.0,0.0,0.0
AYAPEL,2017,75.7,0.0,0.0,0.0
AYAPEL,2018,0.0,525638.51,0.0,0.0
AYAPEL,2019,0.0,0.0,0.0,0.0
AYAPEL,2020,0.0,0.0,0.0,0.0
AYAPEL,2021,0.0,0.0,0.0,0.0
AYAPEL,2022,0.0,0.0,0.0,0.0
AYAPEL,2023,0.0,0.0,0.0,0.0
BAGADÓ,2017,0.0,0.0,0.0,0.0
BAGADÓ,2018,0.0,0.0,0.0,0.0
BAGADÓ,2019,0.0,0.0,0.0,0.0
BAGADÓ,2020,0.0,0.0,0.0,0.0
BAGADÓ,2021,0.0,0.0,0.0,0.0
BAGADÓ,2022,0.0,0.0,0.0,0.0
BAGADÓ,2023,0.0,0.0,0.0,0.0
BAHÍA SOLANO,2017,0.0,0.0,0.0,0.0
BAHÍA SOLANO,2018,0.0,0.0,0.0,0.0
BAHÍA SOLANO,2019,0.0,0.0,0.0,0.0
BAHÍA SOLANO,2020,0.0,0.0,0.0,0.0
BAHÍA SOLANO,2021,0.0,0.0,0.0,0.0
BAHÍA SOLANO,2022,0.0,0.0,0.0,0.0
BAHÍA SOLANO,2023,0.0,0.0,0.0,0.0
BAJO BAUDÓ,2017,0.0,0.0,0.0,0.0
BAJO BAUDÓ,2018,0.0,0.0,0.0,0.0
BAJO BAUDÓ,2019,0.0,0.0,0.0,0.0
BAJO BAUDÓ,2020,0.0,0.0,0.0,0.0
BAJO BAUDÓ,2021,0.0,0.0,0.0,0.0
BAJO BAUDÓ,2022,0.0,0.0,0.0,0.0
BAJO BAUDÓ,2023,0.0,0.0,0.0,0.0
BALBOA,2017,0.0,0.0,0.0,0.0
BALBOA,2017,0.0,0.0,0.0,0.0
BALBOA,2017,0.0,0.0,0.0,0.0
BALBOA,2017,0.0,0.0,0.0,0.0
BALBOA,2017,0.0,0.0,0.0,0.0
BALBOA,2017,0.0,0.0,0.0,0.0
BALBOA,2017,0.0,0.0,0.0,0.0
BALBOA,2017,0.0,0.0,0.0,0.0
BALBOA,2017,0.0,0.0,0.0,0.0
BALBOA,2017,0.0,0.0,0.0,0.0
BALBOA,2017,0.0,0.0,0.0,0.0
BALBOA,2017,0.0,0.0,0.0,0.0
BALBOA,2017,0.0,0.0,0.0,0.0
BALBOA,2017,0.0,0.0,0.0,0.0
BALBOA,2017,0.0,0.0,0.0,0.0
BALBOA,2017,0.0,0.0,0.0,0.0
BALBOA,2018,0.0,0.0,0.0,0.0
BALBOA,2018,0.0,0.0,0.0,0.0
BALBOA,2018,0.0,0.0,0.0,0.0
BALBOA,2018,0.0,0.0,0.0,0.0
BALBOA,2018,0.0,0.0,0.0,0.0
BALBOA,2018,0.0,0.0,0.0,0.0
BALBOA,2018,0.0,0.0,0.0,0.0
BALBOA,2018,0.0,0.0,0.0,0.0
BALBOA,2018,0.0,0.0,0.0,0.0
BALBOA,2018,0.0,0.0,0.0,0.0
BALBOA,2018,0.0,0.0,0.0,0.0
BALBOA,2018,0.0,0.0,0.0,0.0
BALBOA,2018,0.0,0.0,0.0,0.0
BALBOA,2018,0.0,0.0,0.0,0.0
BALBOA,2018,0.0,0.0,0.0,0.0
BALBOA,2018,0.0,0.0,0.0,0.0
BALBOA,2019,0.0,0.0,0.0,0.0
BALBOA,2019,0.0,0.0,0.0,0.0
BALBOA,2019,0.0,0.0,0.0,0.0
BALBOA,2019,0.0,0.0,0.0,0.0
BALBOA,2019,0.0,0.0,0.0,0.0
BALBOA,2019,0.0,0.0,0.0,0.0
BALBOA,2019,0.0,0.0,0.0,0.0
BALBOA,2019,0.0,0.0,0.0,0.0
BALBOA,2019,0.0,0.0,0.0,0.0
BALBOA,2019,0.0,0.0,0.0,0.0
BALBOA,2019,0.0,0.0,0.0,0.0
BALBOA,2019,0.0,0.0,0.0,0.0
BALBOA,2019,0.0,0.0,0.0,0.0
BALBOA,2019,0.0,0.0,0.0,0.0
BALBOA,2019,0.0,0.0,0.0,0.0
BALBOA,2019,0.0,0.0,0.0,0.0
BALBOA,2020,0.0,0.0,0.0,0.0
BALBOA,2020,0.0,0.0,0.0,0.0
BALBOA,2020,0.0,0.0,0.0,0.0
BALBOA,2020,0.0,0.0,0.0,0.0
BALBOA,2020,0.0,0.0,0.0,0.0
BALBOA,2020,0.0,0.0,0.0,0.0
BALBOA,2020,0.0,0.0,0.0,0.0
BALBOA,2020,0.0,0.0,0.0,0.0
BALBOA,2020,0.0,0.0,0.0,0.0
BALBOA,2020,0.0,0.0,0.0,0.0
BALBOA,2020,0.0,0.0,0.0,0.0
BALBOA,2020,0.0,0.0,0.0,0.0
BALBOA,2020,0.0,0.0,0.0,0.0
BALBOA,2020,0.0,0.0,0.0,0.0
BALBOA,2020,0.0,0.0,0.0,0.0
BALBOA,2020,0.0,0.0,0.0,0.0
BALBOA,2021,0.0,0.0,0.0,0.0
BALBOA,2021,0.0,0.0,0.0,0.0
BALBOA,2021,0.0,0.0,0.0,0.0
BALBOA,2021,0.0,0.0,0.0,0.0
BALBOA,2021,0.0,0.0,0.0,0.0
BALBOA,2021,0.0,0.0,0.0,0.0
BALBOA,2021,0.0,0.0,0.0,0.0
BALBOA,2021,0.0,0.0,0.0,0.0
BALBOA,2021,0.0,0.0,0.0,0.0
BALBOA,2021,0.0,0.0,0.0,0.0
BALBOA,2021,0.0,0.0,0.0,0.0
BALBOA,2021,0.0,0.0,0.0,0.0
BALBOA,2021,0.0,0.0,0.0,0.0
BALBOA,2021,0.0,0.0,0.0,0.0
BALBOA,2021,0.0,0.0,0.0,0.0
BALBOA,2021,0.0,0.0,0.0,0.0
BALBOA,2022,0.0,0.0,0.0,0.0
BALBOA,2022,0.0,0.0,0.0,0.0
BALBOA,2022,0.0,0.0,0.0,0.0
BALBOA,2022,0.0,0.0,0.0,0.0
BALBOA,2022,0.0,0.0,0.0,0.0
BALBOA,2022,0.0,0.0,0.0,0.0
BALBOA,2022,0.0,0.0,0.0,0.0
BALBOA,2022,0.0,0.0,0.0,0.0
BALBOA,2022,0.0,0.0,0.0,0.0
BALBOA,2022,0.0,0.0,0.0,0.0
BALBOA,2022,0.0,0.0,0.0,0.0
BALBOA,2022,0.0,0.0,0.0,0.0
BALBOA,2022,0.0,0.0,0.0,0.0
BALBOA,2022,0.0,0.0,0.0,0.0
BALBOA,2022,0.0,0.0,0.0,0.0
BALBOA,2022,0.0,0.0,0.0,0.0
BALBOA,2023,0.0,0.0,0.0,0.0
BALBOA,2023,0.0,0.0,0.0,0.0
BALBOA,2023,0.0,0.0,0.0,0.0
BALBOA,2023,0.0,0.0,0.0,0.0
BALBOA,2023,0.0,0.0,0.0,0.0
BALBOA,2023,0.0,0.0,0.0,0.0
BALBOA,2023,0.0,0.0,0.0,0.0
BALBOA,2023,0.0,0.0,0.0,0.0
BALBOA,2023,0.0,0.0,0.0,0.0
BALBOA,2023,0.0,0.0,0.0,0.0
BALBOA,2023,0.0,0.0,0.0,0.0
BALBOA,2023,0.0,0.0,0.0,0.0
BALBOA,2023,0.0,0.0,0.0,0.0
BALBOA,2023,0.0,0.0,0.0,0.0
BALBOA,2023,0.0,0.0,0.0,0.0
BALBOA,2023,0.0,0.0,0.0,0.0
BARANOA,2017,91.04,550048.44,30.45,24.0
BARANOA,2018,90.87,469218.28,30.37,23.93
BARANOA,2019,90.46,434414.47,30.61,24.2
BARANOA,2020,90.62,546243.94,30.32,24.01
BARANOA,2021,90.45,547501.41,30.16,23.83
BARANOA,2022,91.66,689034.08,30.13,23.63
BARANOA,2023,90.83,469017.07,30.8,24.23
BARAYA,2017,86.27,0.0,0.0,0.0
BARAYA,2018,0.0,779190.37,0.0,0.0
BARAYA,2019,0.0,0.0,0.0,0.0
BARAYA,2020,0.0,0.0,0.0,0.0
BARAYA,2021,0.0,0.0,0.0,0.0
BARAYA,2022,0.0,0.0,0.0,0.0
BARAYA,2023,0.0,0.0,0.0,0.0
BARBACOAS,2017,0.0,0.0,0.0,0.0
BARBACOAS,2018,0.0,0.0,0.0,0.0
BARBACOAS,2019,0.0,0.0,0.0,0.0
BARBACOAS,2020,0.0,0.0,0.0,0.0
BARBACOAS,2021,0.0,0.0,0.0,0.0
BARBACOAS,2022,0.0,0.0,0.0,0.0
BARBACOAS,2023,0.0,0.0,0.0,0.0
BARBOSA,2017,0.0,0.0,0.0,0.0
BARBOSA,2017,0.0,0.0,0.0,
BARBOSA,2017,0.0,0.0,,0.0
BARBOSA,2017,0.0,0.0,,
BARBOSA,2017,0.0,,0.0,0.0
BARBOSA,2017,0.0,,0.0,
BARBOSA,2017,0.0,,,0.0
BARBOSA,2017,0.0,,,
BARBOSA,2017,,0.0,0.0,0.0
BARBOSA,2017,,0.0,0.0,
BARBOSA,2017,,0.0,,0.0
BARBOSA,2017,,0.0,,
BARBOSA,2017,,,0.0,0.0
BARBOSA,2017,,,0.0,
BARBOSA,2017,,,,0.0
BARBOSA,2017,,,,
BARBOSA,2018,0.0,0.0,0.0,0.0
BARBOSA,2018,0.0,0.0,0.0,
BARBOSA,2018,0.0,0.0,,0.0
BARBOSA,2018,0.0,0.0,,
BARBOSA,2018,0.0,,0.0,0.0
BARBOSA,2018,0.0,,0.0,
BARBOSA,2018,0.0,,,0.0
BARBOSA,2018,0.0,,,
BARBOSA,2018,,0.0,0.0,0.0
BARBOSA,2018,,0.0,0.0,
BARBOSA,2018,,0.0,,0.0
BARBOSA,2018,,0.0,,
BARBOSA,2018,,,0.0,0.0
BARBOSA,2018,,,0.0,
BARBOSA,2018,,,,0.0
BARBOSA,2018,,,,
BARBOSA,2019,0.0,0.0,0.0,0.0
BARBOSA,2019,0.0,0.0,0.0,
BARBOSA,2019,0.0,0.0,,0.0
BARBOSA,2019,0.0,0.0,,
BARBOSA,2019,0.0,,0.0,0.0
BARBOSA,2019,0.0,,0.0,
BARBOSA,2019,0.0,,,0.0
BARBOSA,2019,0.0,,,
BARBOSA,2019,,0.0,0.0,0.0
BARBOSA,2019,,0.0,0.0,
BARBOSA,2019,,0.0,,0.0
BARBOSA,2019,,0.0,,
BARBOSA,2019,,,0.0,0.0
BARBOSA,2019,,,0.0,
BARBOSA,2019,,,,0.0
BARBOSA,2019,,,,
BARBOSA,2020,0.0,0.0,0.0,0.0
BARBOSA,2020,0.0,0.0,0.0,
BARBOSA,2020,0.0,0.0,,0.0
BARBOSA,2020,0.0,0.0,,
BARBOSA,2020,0.0,,0.0,0.0
BARBOSA,2020,0.0,,0.0,
BARBOSA,2020,0.0,,,0.0
BARBOSA,2020,0.0,,,
BARBOSA,2020,,0.0,0.0,0.0
BARBOSA,2020,,0.0,0.0,
BARBOSA,2020,,0.0,,0.0
BARBOSA,2020,,0.0,,
BARBOSA,2020,,,0.0,0.0
BARBOSA,2020,,,0.0,
BARBOSA,2020,,,,0.0
BARBOSA,2020,,,,
BARBOSA,2021,0.0,0.0,0.0,0.0
BARBOSA,2021,0.0,0.0,0.0,
BARBOSA,2021,0.0,0.0,,0.0
BARBOSA,2021,0.0,0.0,,
BARBOSA,2021,0.0,,0.0,0.0
BARBOSA,2021,0.0,,0.0,
BARBOSA,2021,0.0,,,0.0
BARBOSA,2021,0.0,,,
BARBOSA,2021,,0.0,0.0,0.0
BARBOSA,2021,,0.0,0.0,
BARBOSA,2021,,0.0,,0.0
BARBOSA,2021,,0.0,,
BARBOSA,2021,,,0.0,0.0
BARBOSA,2021,,,0.0,
BARBOSA,2021,,,,0.0
BARBOSA,2021,,,,
BARBOSA,2022,0.0,0.0,0.0,0.0
BARBOSA,2022,0.0,0.0,0.0,
BARBOSA,2022,0.0,0.0,,0.0
BARBOSA,2022,0.0,0.0,,
BARBOSA,2022,0.0,,0.0,0.0
BARBOSA,2022,0.0,,0.0,
BARBOSA,2022,0.0,,,0.0
BARBOSA,2022,0.0,,,
BARBOSA,2022,,0.0,0.0,0.0
BARBOSA,2022,,0.0,0.0,
BARBOSA,2022,,0.0,,0.0
BARBOSA,2022,,0.0,,
BARBOSA,2022,,,0.0,0.0
BARBOSA,2022,,,0.0,
BARBOSA,2022,,,,0.0
BARBOSA,2022,,,,
BARBOSA,2023,0.0,0.0,0.0,0.0
BARBOSA,2023,0.0,0.0,0.0,
BARBOSA,2023,0.0,0.0,,0.0
BARBOSA,2023,0.0,0.0,,
BARBOSA,2023,0.0,,0.0,0.0
BARBOSA,2023,0.0,,0.0,
BARBOSA,2023,0.0,,,0.0
BARBOSA,2023,0.0,,,
BARBOSA,2023,,0.0,0.0,0.0
BARBOSA,2023,,0.0,0.0,
BARBOSA,2023,,0.0,,0.0
BARBOSA,2023,,0.0,,
BARBOSA,2023,,,0.0,0.0
BARBOSA,2023,,,0.0,
BARBOSA,2023,,,,0.0
BARBOSA,2023,,,,
BARICHARA,2017,88.47,0.0,0.0,0.0
BARICHARA,2018,0.0,571624.77,0.0,0.0
BARICHARA,2019,0.0,0.0,0.0,0.0
BARICHARA,2020,0.0,0.0,0.0,0.0
BARICHARA,2021,0.0,0.0,0.0,0.0
BARICHARA,2022,0.0,0.0,0.0,0.0
BARICHARA,2023,0.0,0.0,0.0,0.0
BARRANCA DE UPÍA,2017,90.39,0.0,0.0,0.0
BARRANCA DE UPÍA,2018,0.0,421923.16,0.0,0.0
BARRANCA DE UPÍA,2019,0.0,0.0,0.0,0.0
BARRANCA DE UPÍA,2020,0.0,0.0,0.0,0.0
BARRANCA DE UPÍA,2021,0.0,0.0,0.0,0.0
BARRANCA DE UPÍA,2022,0.0,0.0,0.0,0.0
BARRANCA DE UPÍA,2023,0.0,0.0,0.0,0.0
BARRANCABERMEJA,2017,93.48,0.0,0.0,0.0
BARRANCABERMEJA,2018,0.0,519607.43,0.0,0.0
BARRANCABERMEJA,2019,0.0,0.0,0.0,0.0
BARRANCABERMEJA,2020,0.0,0.0,0.0,0.0
BARRANCABERMEJA,2021,0.0,0.0,0.0,0.0
BARRANCABERMEJA,2022,0.0,0.0,0.0,0.0
BARRANCABERMEJA,2023,0.0,0.0,0.0,0.0
BARRANCAS,2017,86.73,0.0,0.0,0.0
BARRANCAS,2018,0.0,441612.1,0.0,0.0
BARRANCAS,2019,0.0,0.0,0.0,0.0
BARRANCAS,2020,0.0,0.0,0.0,0.0
BARRANCAS,2021,0.0,0.0,0.0,0.0
BARRANCAS,2022,0.0,0.0,0.0,0.0
BARRANCAS,2023,0.0,0.0,0.0,0.0
BARRANCO DE LOBA,2017,91.47,0.0,0.0,0.0
BARRANCO DE LOBA,2018,0.0,636465.6,0.0,0.0
BARRANCO DE LOBA,2019,0.0,0.0,0.0,0.0
BARRANCO DE LOBA,2020,0.0,0.0,0.0,0.0
BARRANCO DE LOBA,2021,0.0,0.0,0.0,0.0
BARRANCO DE LOBA,2022,0.0,0.0,0.0,0.0
BARRANCO DE LOBA,2023,0.0,0.0,0.0,0.0
BARRANCOMINAS,2017,93.78,0.0,0.0,0.0
BARRANCOMINAS,2018,0.0,642180.12,0.0,0.0
BARRANCOMINAS,2019,0.0,0.0,0.0,0.0
BARRANCOMINAS,2020,0.0,0.0,0.0,0.0
BARRANCOMINAS,2021,0.0,0.0,0.0,0.0
BARRANCOMINAS,2022,0.0,0.0,0.0,0.0
BARRANCOMINAS,2023,0.0,0.0,0.0,0.0
BARRANQUILLA,2017,86.89,356540.84,30.3,25.31
BARRANQUILLA,2018,86.8,270510.11,30.02,25.18
BARRANQUILLA,2019,87.17,295433.56,30.13,25.29
BARRANQUILLA,2020,87.12,400126.43,30.13,25.21
BARRANQUILLA,2021,86.59,374000.75,29.94,25.09
BARRANQUILLA,2022,87.15,539119.43,29.98,24.88
BARRANQUILLA,2023,87.08,321774.9,30.44,25.46
BECERRIL,2017,84.51,0.0,0.0,0.0
BECERRIL,2018,0.0,470582.17,0.0,0.0
BECERRIL,2019,0.0,0.0,0.0,0.0
BECERRIL,2020,0.0,0.0,0.0,0.0
BECERRIL,2021,0.0,0.0,0.0,0.0
BECERRIL,2022,0.0,0.0,0.0,0.0
BECERRIL,2023,0.0,0.0,0.0,0.0
BELALCÁZAR,2017,0.0,0.0,0.0,0.0
BELALCÁZAR,2018,0.0,0.0,0.0,0.0
BELALCÁZAR,2019,0.0,0.0,0.0,0.0
BELALCÁZAR,2020,0.0,0.0,0.0,0.0
BELALCÁZAR,2021,0.0,0.0,0.0,0.0
BELALCÁZAR,2022,0.0,0.0,0.0,0.0
BELALCÁZAR,2023,0.0,0.0,0.0,0.0
BELLO,2017,0.0,0.0,0.0,0.0
BELLO,2018,0.0,0.0,0.0,0.0
BELLO,2019,0.0,0.0,0.0,0.0
BELLO,2020,0.0,0.0,0.0,0.0
BELLO,2021,0.0,0.0,0.0,0.0
BELLO,2022,0.0,0.0,0.0,0.0
BELLO,2023,0.0,0.0,0.0,0.0
BELMIRA,2017,0.0,0.0,0.0,0.0
BELMIRA,2018,0.0,0.0,0.0,0.0
BELMIRA,2019,0.0,0.0,0.0,0.0
BELMIRA,2020,0.0,0.0,0.0,0.0
BELMIRA,2021,0.0,0.0,0.0,0.0
BELMIRA,2022,0.0,0.0,0.0,0.0
BELMIRA,2023,0.0,0.0,0.0,0.0
BELTRÁN,2017,86.18,0.0,0.0,0.0
BELTRÁN,2018,0.0,103047.98,0.0,0.0
BELTRÁN,2019,0.0,0.0,0.0,0.0
BELTRÁN,2020,0.0,0.0,0.0,0.0
BELTRÁN,2021,0.0,0.0,0.0,0.0
BELTRÁN,2022,0.0,0.0,0.0,0.0
BELTRÁN,2023,0.0,0.0,0.0,0.0
BELÉN,2017,82.3,0.0,0.0,0.0
BELÉN,2017,82.3,0.0,0.0,
BELÉN,2017,82.3,0.0,,0.0
BELÉN,2017,82.3,0.0,,
BELÉN,2017,82.3,,0.0,0.0
BELÉN,2017,82.3,,0.0,
BELÉN,2017,82.3,,,0.0
BELÉN,2017,82.3,,,
BELÉN,2017,,0.0,0.0,0.0
BELÉN,2017,,0.0,0.0,
BELÉN,2017,,0.0,,0.0
BELÉN,2017,,0.0,,
BELÉN,2017,,,0.0,0.0
BELÉN,2017,,,0.0,
BELÉN,2017,,,,0.0
BELÉN,2017,,,,
BELÉN,2018,0.0,455443.99,0.0,0.0
BELÉN,2018,0.0,455443.99,0.0,
BELÉN,2018,0.0,455443.99,,0.0
BELÉN,2018,0.0,455443.99,,
BELÉN,2018,0.0,,0.0,0.0
BELÉN,2018,0.0,,0.0,
BELÉN,2018,0.0,,,0.0
BELÉN,2018,0.0,,,
BELÉN,2018,,455443.99,0.0,0.0
BELÉN,2018,,455443.99,0.0,
BELÉN,2018,,455443.99,,0.0
BELÉN,2018,,455443.99,,
BELÉN,2018,,,0.0,0.0
BELÉN,2018,,,0.0,
BELÉN,2018,,,,0.0
BELÉN,2018,,,,
BELÉN,2019,0.0,0.0,0.0,0.0
BELÉN,2019,0.0,0.0,0.0,
BELÉN,2019,0.0,0.0,,0.0
BELÉN,2019,0.0,0.0,,
BELÉN,2019,0.0,,0.0,0.0
BELÉN,2019,0.0,,0.0,
BELÉN,2019,0.0,,,0.0
BELÉN,2019,0.0,,,
BELÉN,2019,,0.0,0.0,0.0
BELÉN,2019,,0.0,0.0,
BELÉN,2019,,0.0,,0.0
BELÉN,2019,,0.0,,
BELÉN,2019,,,0.0,0.0
BELÉN,2019,,,0.0,
BELÉN,2019,,,,0.0
BELÉN,2019,,,,
BELÉN,2020,0.0,0.0,0.0,0.0
BELÉN,2020,0.0,0.0,0.0,
BELÉN,2020,0.0,0.0,,0.0
BELÉN,2020,0.0,0.0,,
BELÉN,2020,0.0,,0.0,0.0
BELÉN,2020,0.0,,0.0,
BELÉN,2020,0.0,,,0.0
BELÉN,2020,0.0,,,
BELÉN,2020,,0.0,0.0,0.0
BELÉN,2020,,0.0,0.0,
BELÉN,2020,,0.0,,0.0
BELÉN,2020,,0.0,,
BELÉN,2020,,,0.0,0.0
BELÉN,2020,,,0.0,
BELÉN,2020,,,,0.0
BELÉN,2020,,,,
BELÉN,2021,0.0,0.0,0.0,0.0
BELÉN,2021,0.0,0.0,0.0,
BELÉN,2021,0.0,0.0,,0.0
BELÉN,2021,0.0,0.0,,
BELÉN,2021,0.0,,0.0,0.0
BELÉN,2021,0.0,,0.0,
BELÉN,2021,0.0,,,0.0
BELÉN,2021,0.0,,,
BELÉN,2021,,0.0,0.0,0.0
BELÉN,2021,,0.0,0.0,
BELÉN,2021,,0.0,,0.0
BELÉN,2021,,0.0,,
BELÉN,2021,,,0.0,0.0
BELÉN,2021,,,0.0,
BELÉN,2021,,,,0.0
BELÉN,2021,,,,
BELÉN,2022,0.0,0.0,0.0,0.0
BELÉN,2022,0.0,0.0,0.0,
BELÉN,2022,0.0,0.0,,0.0
BELÉN,2022,0.0,0.0,,
BELÉN,2022,0.0,,0.0,0.0
BELÉN,2022,0.0,,0.0,
BELÉN,2022,0.0,,,0.0
BELÉN,2022,0.0,,,
BELÉN,2022,,0.0,0.0,0.0
BELÉN,2022,,0.0,0.0,
BELÉN,2022,,0.0,,0.0
BELÉN,2022,,0.0,,
BELÉN,2022,,,0.0,0.0
BELÉN,2022,,,0.0,
BELÉN,2022,,,,0.0
BELÉN,2022,,,,
BELÉN,2023,0.0,0.0,0.0,0.0
BELÉN,2023,0.0,0.0,0.0,
BELÉN,2023,0.0,0.0,,0.0
BELÉN,2023,0.0,0.0,,
BELÉN,2023,0.0,,0.0,0.0
BELÉN,2023,0.0,,0.0,
BELÉN,2023,0.0,,,0.0
BELÉN,2023,0.0,,,
BELÉN,2023,,0.0,0.0,0.0
BELÉN,2023,,0.0,0.0,
BELÉN,2023,,0.0,,0.0
BELÉN,2023,,0.0,,
BELÉN,2023,,,0.0,0.0
BELÉN,2023,,,0.0,
BELÉN,2023,,,,0.0
BELÉN,2023,,,,
BELÉN DE LOS ANDAQUÍES,2017,0.0,0.0,0.0,0.0
BELÉN DE LOS ANDAQUÍES,2018,0.0,0.0,0.0,0.0
BELÉN DE LOS ANDAQUÍES,2019,0.0,0.0,0.0,0.0
BELÉN DE LOS ANDAQUÍES,2020,0.0,0.0,0.0,0.0
BELÉN DE LOS ANDAQUÍES,2021,0.0,0.0,0.0,0.0
BELÉN DE LOS ANDAQUÍES,2022,0.0,0.0,0.0,0.0
BELÉN DE LOS ANDAQUÍES,2023,0.0,0.0,0.0,0.0
BELÉN DE UMBRÍA,2017,0.0,0.0,0.0,0.0
BELÉN DE UMBRÍA,2018,0.0,0.0,0.0,0.0
BELÉN DE UMBRÍA,2019,0.0,0.0,0.0,0.0
BELÉN DE UMBRÍA,2020,0.0,0.0,0.0,0.0
BELÉN DE UMBRÍA,2021,0.0,0.0,0.0,0.0
BELÉN DE UMBRÍA,2022,0.0,0.0,0.0,0.0
BELÉN DE UMBRÍA,2023,0.0,0.0,0.0,0.0
BERBEO,2017,88.5,0.0,0.0,0.0
BERBEO,2018,0.0,553608.59,0.0,0.0
BERBEO,2019,0.0,0.0,0.0,0.0
BERBEO,2020,0.0,0.0,0.0,0.0
BERBEO,2021,0.0,0.0,0.0,0.0
BERBEO,2022,0.0,0.0,0.0,0.0
BERBEO,2023,0.0,0.0,0.0,0.0
BETANIA,2017,0.0,0.0,0.0,0.0
BETANIA,2018,0.0,0.0,0.0,0.0
BETANIA,2019,0.0,0.0,0.0,0.0
BETANIA,2020,0.0,0.0,0.0,0.0
BETANIA,2021,0.0,0.0,0.0,0.0
BETANIA,2022,0.0,0.0,0.0,0.0
BETANIA,2023,0.0,0.0,0.0,0.0
BETULIA,2017,0.0,0.0,0.0,0.0
BETULIA,2017,0.0,0.0,0.0,0.0
BETULIA,2017,0.0,0.0,0.0,0.0
BETULIA,2017,0.0,0.0,0.0,0.0
BETULIA,2017,0.0,0.0,0.0,0.0
BETULIA,2017,0.0,0.0,0.0,0.0
BETULIA,2017,0.0,0.0,0.0,0.0
BETULIA,2017,0.0,0.0,0.0,0.0
BETULIA,2017,90.19,0.0,0.0,0.0
BETULIA,2017,90.19,0.0,0.0,0.0
BETULIA,2017,90.19,0.0,0.0,0.0
BETULIA,2017,90.19,0.0,0.0,0.0
BETULIA,2017,90.19,0.0,0.0,0.0
BETULIA,2017,90.19,0.0,0.0,0.0
BETULIA,2017,90.19,0.0,0.0,0.0
BETULIA,2017,90.19,0.0,0.0,0.0
BETULIA,2018,0.0,0.0,0.0,0.0
BETULIA,2018,0.0,0.0,0.0,0.0
BETULIA,2018,0.0,0.0,0.0,0.0
BETULIA,2018,0.0,0.0,0.0,0.0
BETULIA,2018,0.0,539673.34,0.0,0.0
BETULIA,2018,0.0,539673.34,0.0,0.0
BETULIA,2018,0.0,539673.34,0.0,0.0
BETULIA,2018,0.0,539673.34,0.0,0.0
BETULIA,2018,0.0,0.0,0.0,0.0
BETULIA,2018,0.0,0.0,0.0,0.0
BETULIA,2018,0.0,0.0,0.0,0.0
BETULIA,2018,0.0,0.0,0.0,0.0
BETULIA,2018,0.0,539673.34,0.0,0.0
BETULIA,2018,0.0,539673.34,0.0,0.0
BETULIA,2018,0.0,539673.34,0.0,0.0
BETULIA,2018,0.0,539673.34,0.0,0.0
BETULIA,2019,0.0,0.0,0.0,0.0
BETULIA,2019,0.0,0.0,0.0,0.0
BETULIA,2019,0.0,0.0,0.0,0.0
BETULIA,2019,0.0,0.0,0.0,0.0
BETULIA,2019,0.0,0.0,0.0,0.0
BETULIA,2019,0.0,0.0,0.0,0.0
BETULIA,2019,0.0,0.0,0.0,0.0
BETULIA,2019,0.0,0.0,0.0,0.0
BETULIA,2019,0.0,0.0,0.0,0.0
BETULIA,2019,0.0,0.0,0.0,0.0
BETULIA,2019,0.0,0.0,0.0,0.0
BETULIA,2019,0.0,0.0,0.0,0.0
BETULIA,2019,0.0,0.0,0.0,0.0
BETULIA,2019,0.0,0.0,0.0,0.0
BETULIA,2019,0.0,0.0,0.0,0.0
BETULIA,2019,0.0,0.0,0.0,0.0
BETULIA,2020,0.0,0.0,0.0,0.0
BETULIA,2020,0.0,0.0,0.0,0.0
BETULIA,2020,0.0,0.0,0.0,0.0
BETULIA,2020,0.0,0.0,0.0,0.0
BETULIA,2020,0.0,0.0,0.0,0.0
BETULIA,2020,0.0,0.0,0.0,0.0
BETULIA,2020,0.0,0.0,0.0,0.0
BETULIA,2020,0.0,0.0,0.0,0.0
BETULIA,2020,0.0,0.0,0.0,0.0
BETULIA,2020,0.0,0.0,0.0,0.0
BETULIA,2020,0.0,0.0,0.0,0.0
BETULIA,2020,0.0,0.0,0.0,0.0
BETULIA,2020,0.0,0.0,0.0,0.0
BETULIA,2020,0.0,0.0,0.0,0.0
BETULIA,2020,0.0,0.0,0.0,0.0
BETULIA,2020,0.0,0.0,0.0,0.0
BETULIA,2021,0.0,0.0,0.0,0.0
BETULIA,2021,0.0,0.0,0.0,0.0
BETULIA,2021,0.0,0.0,0.0,0.0
BETULIA,2021,0.0,0.0,0.0,0.0
BETULIA,2021,0.0,0.0,0.0,0.0
BETULIA,2021,0.0,0.0,0.0,0.0
BETULIA,2021,0.0,0.0,0.0,0.0
BETULIA,2021,0.0,0.0,0.0,0.0
BETULIA,2021,0.0,0.0,0.0,0.0
BETULIA,2021,0.0,0.0,0.0,0.0
BETULIA,2021,0.0,0.0,0.0,0.0
BETULIA,2021,0.0,0.0,0.0,0.0
BETULIA,2021,0.0,0.0,0.0,0.0
BETULIA,2021,0.0,0.0,0.0,0.0
BETULIA,2021,0.0,0.0,0.0,0.0
BETULIA,2021,0.0,0.0,0.0,0.0
BETULIA,2022,0.0,0.0,0.0,0.0
BETULIA,2022,0.0,0.0,0.0,0.0
BETULIA,2022,0.0,0.0,0.0,0.0
BETULIA,2022,0.0,0.0,0.0,0.0
BETULIA,2022,0.0,0.0,0.0,0.0
BETULIA,2022,0.0,0.0,0.0,0.0
BETULIA,2022,0.0,0.0,0.0,0.0
BETULIA,2022,0.0,0.0,0.0,0.0
BETULIA,2022,0.0,0.0,0.0,0.0
BETULIA,2022,0.0,0.0,0.0,0.0
BETULIA,2022,0.0,0.0,0.0,0.0
BETULIA,2022,0.0,0.0,0.0,0.0
BETULIA,2022,0.0,0.0,0.0,0.0
BETULIA,2022,0.0,0.0,0.0,0.0
BETULIA,2022,0.0,0.0,0.0,0.0
BETULIA,2022,0.0,0.0,0.0,0.0
BETULIA,2023,0.0,0.0,0.0,0.0
BETULIA,2023,0.0,0.0,0.0,0.0
BETULIA,2023,0.0,0.0,0.0,0.0
BETULIA,2023,0.0,0.0,0.0,0.0
BETULIA,2023,0.0,0.0,0.0,0.0
BETULIA,2023,0.0,0.0,0.0,0.0
BETULIA,2023,0.0,0.0,0.0,0.0
BETULIA,2023,0.0,0.0,0.0,0.0
BETULIA,2023,0.0,0.0,0.0,0.0
BETULIA,2023,0.0,0.0,0.0,0.0
BETULIA,2023,0.0,0.0,0.0,0.0
BETULIA,2023,0.0,0.0,0.0,0.0
BETULIA,2023,0.0,0.0,0.0,0.0
BETULIA,2023,0.0,0.0,0.0,0.0
BETULIA,2023,0.0,0.0,0.0,0.0
BETULIA,2023,0.0,0.0,0.0,0.0
BETÉITIVA,2017,78.55,0.0,0.0,0.0
BETÉITIVA,2018,0.0,455443.99,0.0,0.0
BETÉITIVA,2019,0.0,0.0,0.0,0.0
BETÉITIVA,2020,0.0,0.0,0.0,0.0
BETÉITIVA,2021,0.0,0.0,0.0,0.0
BETÉITIVA,2022,0.0,0.0,0.0,0.0
BETÉITIVA,2023,0.0,0.0,0.0,0.0
BITUIMA,2017,,,,
BITUIMA,2018,,,,
BITUIMA,2019,,,,
BITUIMA,2020,,,,
BITUIMA,2021,,,,
BITUIMA,2022,,,,
BITUIMA,2023,,,,
BOAVITA,2017,84.19,0.0,0.0,0.0
BOAVITA,2018,0.0,366211.73,0.0,0.0
BOAVITA,2019,0.0,0.0,0.0,0.0
BOAVITA,2020,0.0,0.0,0.0,0.0
BOAVITA,2021,0.0,0.0,0.0,0.0
BOAVITA,2022,0.0,0.0,0.0,0.0
BOAVITA,2023,0.0,0.0,0.0,0.0
BOCHALEMA,2017,90.19,0.0,0.0,0.0
BOCHALEMA,2018,0.0,274823.01,0.0,0.0
BOCHALEMA,2019,0.0,0.0,0.0,0.0
BOCHALEMA,2020,0.0,0.0,0.0,0.0
BOCHALEMA,2021,0.0,0.0,0.0,0.0
BOCHALEMA,2022,0.0,0.0,0.0,0.0
BOCHALEMA,2023,0.0,0.0,0.0,0.0
"BOGOTÁ, D.C.",2017,90.59,0.0,0.0,0.0
"BOGOTÁ, D.C.",2018,0.0,614078.94,0.0,0.0
"BOGOTÁ, D.C.",2019,0.0,0.0,0.0,0.0
"BOGOTÁ, D.C.",2020,0.0,0.0,0.0,0.0
"BOGOTÁ, D.C.",2021,0.0,0.0,0.0,0.0
"BOGOTÁ, D.C.",2022,0.0,0.0,0.0,0.0
"BOGOTÁ, D.C.",2023,0.0,0.0,0.0,0.0
BOJACÁ,2017,89.95,0.0,0.0,0.0
BOJACÁ,2018,0.0,577140.16,0.0,0.0
BOJACÁ,2019,0.0,0.0,0.0,0.0
BOJACÁ,2020,0.0,0.0,0.0,0.0
BOJACÁ,2021,0.0,0.0,0.0,0.0
BOJACÁ,2022,0.0,0.0,0.0,0.0
BOJACÁ,2023,0.0,0.0,0.0,0.0
BOJAYÁ,2017,0.0,0.0,0.0,0.0
BOJAYÁ,2018,0.0,0.0,0.0,0.0
BOJAYÁ,2019,0.0,0.0,0.0,0.0
BOJAYÁ,2020,0.0,0.0,0.0,0.0
BOJAYÁ,2021,0.0,0.0,0.0,0.0
BOJAYÁ,2022,0.0,0.0,0.0,0.0
BOJAYÁ,2023,0.0,0.0,0.0,0.0
BOLÍVAR,2017,0.0,0.0,0.0,0.0
BOLÍVAR,2017,0.0,0.0,0.0,0.0
BOLÍVAR,2017,0.0,0.0,0.0,0.0
BOLÍVAR,2017,0.0,0.0,0.0,0.0
BOLÍVAR,2017,0.0,0.0,0.0,0.0
BOLÍVAR,2017,0.0,0.0,0.0,0.0
BOLÍVAR,2017,0.0,0.0,0.0,0.0
BOLÍVAR,2017,0.0,0.0,0.0,0.0
BOLÍVAR,2017,0.0,0.0,0.0,0.0
BOLÍVAR,2017,0.0,0.0,0.0,0.0
BOLÍVAR,2017,0.0,0.0,0.0,0.0
BOLÍVAR,2017,0.0,0.0,0.0,0.0
BOLÍVAR,2017,0.0,0.0,0.0,0.0
BOLÍVAR,2017,0.0,0.0,0.0,0.0
BOLÍVAR,2017,0.0,0.0,0.0,0.0
BOLÍVAR,2017,0.0,0.0,0.0,0.0
BOLÍVAR,2017,0.0,0.0,0.0,0.0
BOLÍVAR,2017,0.0,0.0,0.0,0.0
BOLÍVAR,2017,0.0,0.0,0.0,0.0
BOLÍVAR,2017,0.0,0.0,0.0,0.0
BOLÍVAR,2017,0.0,0.0,0.0,0.0
BOLÍVAR,2017,0.0,0.0,0.0,0.0
BOLÍVAR,2017,0.0,0.0,0.0,0.0
BOLÍVAR,2017,0.0,0.0,0.0,0.0
BOLÍVAR,2017,0.0,0.0,0.0,0.0
BOLÍVAR,2017,0.0,0.0,0.0,0.0
BOLÍVAR,2017,0.0,0.0,0.0,0.0
BOLÍVAR,2017,92.72,0.0,0.0,0.0
BOLÍVAR,2017,92.72,0.0,0.0,0.0
BOLÍVAR,2017,92.72,0.0,0.0,0.0
BOLÍVAR,2017,92.72,0.0,0.0,0.0
BOLÍVAR,2017,92.72,0.0,0.0,0.0
BOLÍVAR,2017,92.72,0.0,0.0,0.0
BOLÍVAR,2017,92.72,0.0,0.0,0.0
BOLÍVAR,2017,92.72,0.0,0.0,0.0
BOLÍVAR,2017,92.72,0.0,0.0,0.0
BOLÍVAR,2017,92.72,0.0,0.0,0.0
BOLÍVAR,2017,92.72,0.0,0.0,0.0
BOLÍVAR,2017,92.72,0.0,0.0,0.0
BOLÍVAR,2017,92.72,0.0,0.0,0.0
BOLÍVAR,2017,92.72,0.0,0.0,0.0
BOLÍVAR,2017,92.72,0.0,0.0,0.0
BOLÍVAR,2017,92.72,0.0,0.0,0.0
BOLÍVAR,2017,92.72,0.0,0.0,0.0
BOLÍVAR,2017,92.72,0.0,0.0,0.0
BOLÍVAR,2017,92.72,0.0,0.0,0.0
BOLÍVAR,2017,92.72,0.0,0.0,0.0
BOLÍVAR,2017,92.72,0.0,0.0,0.0
BOLÍVAR,2017,92.72,0.0,0.0,0.0
BOLÍVAR,2017,92.72,0.0,0.0,0.0
BOLÍVAR,2017,92.72,0.0,0.0,0.0
BOLÍVAR,2017,92.72,0.0,0.0,0.0
BOLÍVAR,2017,92.72,0.0,0.0,0.0
BOLÍVAR,2017,92.72,0.0,0.0,0.0
BOLÍVAR,2017,0.0,0.0,0.0,0.0
BOLÍVAR,2017,0.0,0.0,0.0,0.0
BOLÍVAR,2017,0.0,0.0,0.0,0.0
BOLÍVAR,2017,0.0,0.0,0.0,0.0
BOLÍVAR,2017,0.0,0.0,0.0,0.0
BOLÍVAR,2017,0.0,0.0,0.0,0.0
BOLÍVAR,2017,0.0,0.0,0.0,0.0
BOLÍVAR,2017,0.0,0.0,0.0,0.0
BOLÍVAR,2017,0.0,0.0,0.0,0.0
BOLÍVAR,2017,0.0,0.0,0.0,0.0
BOLÍVAR,2017,0.0,0.0,0.0,0.0
BOLÍVAR,2017,0.0,0.0,0.0,0.0
BOLÍVAR,2017,0.0,0.0,0.0,0.0
BOLÍVAR,2017,0.0,0.0,0.0,0.0
BOLÍVAR,2017,0.0,0.0,0.0,0.0
BOLÍVAR,2017,0.0,0.0,0.0,0.0
BOLÍVAR,2017,0.0,0.0,0.0,0.0
BOLÍVAR,2017,0.0,0.0,0.0,0.0
BOLÍVAR,2017,0.0,0.0,0.0,0.0
BOLÍVAR,2017,0.0,0.0,0.0,0.0
BOLÍVAR,2017,0.0,0.0,0.0,0.0
BOLÍVAR,2017,0.0,0.0,0.0,0.0
BOLÍVAR,2017,0.0,0.0,0.0,0.0
BOLÍVAR,2017,0.0,0.0,0.0,0.0
BOLÍVAR,2017,0.0,0.0,0.0,0.0
BOLÍVAR,2017,0.0,0.0,0.0,0.0
BOLÍVAR,2017,0.0,0.0,0.0,0.0
BOLÍVAR,2018,0.0,0.0,0.0,0.0
BOLÍVAR,2018,0.0,0.0,0.0,0.0
BOLÍVAR,2018,0.0,0.0,0.0,0.0
BOLÍVAR,2018,0.0,0.0,0.0,0.0
BOLÍVAR,2018,0.0,0.0,0.0,0.0
BOLÍVAR,2018,0.0,0.0,0.0,0.0
BOLÍVAR,2018,0.0,0.0,0.0,0.0
BOLÍVAR,2018,0.0,0.0,0.0,0.0
BOLÍVAR,2018,0.0,0.0,0.0,0.0
BOLÍVAR,2018,0.0,525857.03,0.0,0.0
BOLÍVAR,2018,0.0,525857.03,0.0,0.0
BOLÍVAR,2018,0.0,525857.03,0.0,0.0
BOLÍVAR,2018,0.0,525857.03,0.0,0.0
BOLÍVAR,2018,0.0,525857.03,0.0,0.0
BOLÍVAR,2018,0.0,525857.03,0.0,0.0
BOLÍVAR,2018,0.0,525857.03,0.0,0.0
BOLÍVAR,2018,0.0,525857.03,0.0,0.0
BOLÍVAR,2018,0.0,525857.03,0.0,0.0
BOLÍVAR,2018,0.0,0.0,0.0,0.0
BOLÍVAR,2018,0.0,0.0,0.0,0.0
BOLÍVAR,2018,0.0,0.0,0.0,0.0
BOLÍVAR,2018,0.0,0.0,0.0,0.0
BOLÍVAR,2018,0.0,0.0,0.0,0.0
BOLÍVAR,2018,0.0,0.0,0.0,0.0
BOLÍVAR,2018,0.0,0.0,0.0,0.0
BOLÍVAR,2018,0.0,0.0,0.0,0.0
BOLÍVAR,2018,0.0,0.0,0.0,0.0
BOLÍVAR,2018,0.0,0.0,0.0,0.0
BOLÍVAR,2018,0.0,0.0,0.0,0.0
BOLÍVAR,2018,0.0,0.0,0.0,0.0
BOLÍVAR,2018,0.0,0.0,0.0,0.0
BOLÍVAR,2018,0.0,0.0,0.0,0.0
BOLÍVAR,2018,0.0,0.0,0.0,0.0
BOLÍVAR,2018,0.0,0.0,0.0,0.0
BOLÍVAR,2018,0.0,0.0,0.0,0.0
BOLÍVAR,2018,0.0,0.0,0.0,0.0
BOLÍVAR,2018,0.0,525857.03,0.0,0.0
BOLÍVAR,2018,0.0,525857.03,0.0,0.0
BOLÍVAR,2018,0.0,525857.03,0.0,0.0
BOLÍVAR,2018,0.0,525857.03,0.0,0.0
BOLÍVAR,2018,0.0,525857.03,0.0,0.0
BOLÍVAR,2018,0.0,525857.03,0.0,0.0
BOLÍVAR,2018,0.0,525857.03,0.0,0.0
BOLÍVAR,2018,0.0,525857.03,0.0,0.0
BOLÍVAR,2018,0.0,525857.03,0.0,0.0
BOLÍVAR,2018,0.0,0.0,0.0,0.0
BOLÍVAR,2018,0.0,0.0,0.0,0.0
BOLÍVAR,2018,0.0,0.0,0.0,0.0
BOLÍVAR,2018,0.0,0.0,0.0,0.0
BOLÍVAR,2018,0.0,0.0,0.0,0.0
BOLÍVAR,2018,0.0,0.0,0.0,0.0
BOLÍVAR,2018,0.0,0.0,0.0,0.0
BOLÍVAR,2018,0.0,0.0,0.0,0.0
BOLÍVAR,2018,0.0,0.0,0.0,0.0
BOLÍVAR,2018,0.0,0.0,0.0,0.0
BOLÍVAR,2018,0.0,0.0,0.0,0.0
BOLÍVAR,2018,0.0,0.0,0.0,0.0
BOLÍVAR,2018,0.0,0.0,0.0,0.0
BOLÍVAR,2018,0.0,0.0,0.0,0.0
BOLÍVAR,2018,0.0,0.0,0.0,0.0
BOLÍVAR,2018,0.0,0.0,0.0,0.0
BOLÍVAR,2018,0.0,0.0,0.0,0.0
BOLÍVAR,2018,0.0,0.0,0.0,0.0
BOLÍVAR,2018,0.0,525857.03,0.0,0.0
BOLÍVAR,2018,0.0,525857.03,0.0,0.0
BOLÍVAR,2018,0.0,525857.03,0.0,0.0
BOLÍVAR,2018,0.0,525857.03,0.0,0.0
BOLÍVAR,2018,0.0,525857.03,0.0,0.0
BOLÍVAR,2018,0.0,525857.03,0.0,0.0
BOLÍVAR,2018,0.0,525857.03,0.0,0.0
BOLÍVAR,2018,0.0,525857.03,0.0,0.0
BOLÍVAR,2018,0.0,525857.03,0.0,0.0
BOLÍVAR,2018,0.0,0.0,0.0,0.0
BOLÍVAR,2018,0.0,0.0,0.0,0.0
BOLÍVAR,2018,0.0,0.0,0.0,0.0
BOLÍVAR,2018,0.0,0.0,0.0,0.0
BOLÍVAR,2018,0.0,0.0,0.0,0.0
BOLÍVAR,2018,0.0,0.0,0.0,0.0
BOLÍVAR,2018,0.0,0.0,0.0,0.0
BOLÍVAR,2018,0.0,0.0,0.0,0.0
BOLÍVAR,2018,0.0,0.0,0.0,0.0
BOLÍVAR,2019,0.0,0.0,0.0,0.0
BOLÍVAR,2019,0.0,0.0,0.0,0.0
BOLÍVAR,2019,0.0,0.0,0.0,0.0
BOLÍVAR,2019,0.0,0.0,0.0,0.0
BOLÍVAR,2019,0.0,0.0,0.0,0.0
BOLÍVAR,2019,0.0,0.0,0.0,0.0
BOLÍVAR,2019,0.0,0.0,0.0,0.0
BOLÍVAR,2019,0.0,0.0,0.0,0.0
BOLÍVAR,2019,0.0,0.0,0.0,0.0
BOLÍVAR,2019,0.0,0.0,0.0,0.0
BOLÍVAR,2019,0.0,0.0,0.0,0.0
BOLÍVAR,2019,0.0,0.0,0.0,0.0
BOLÍVAR,2019,0.0,0.0,0.0,0.0
BOLÍVAR,2019,0.0,0.0,0.0,0.0
BOLÍVAR,2019,0.0,0.0,0.0,0.0
BOLÍVAR,2019,0.0,0.0,0.0,0.0
BOLÍVAR,2019,0.0,0.0,0.0,0.0
BOLÍVAR,2019,0.0,0.0,0.0,0.0
BOLÍVAR,2019,0.0,0.0,0.0,0.0
BOLÍVAR,2019,0.0,0.0,0.0,0.0
BOLÍVAR,2019,0.0,0.0,0.0,0.0
BOLÍVAR,2019,0.0,0.0,0.0,0.0
BOLÍVAR,2019,0.0,0.0,0.0,0.0
BOLÍVAR,2019,0.0,0.0,0.0,0.0
BOLÍVAR,2019,0.0,0.0,0.0,0.0
BOLÍVAR,2019,0.0,0.0,0.0,0.0
BOLÍVAR,2019,0.0,0.0,0.0,0.0
BOLÍVAR,2019,0.0,0.0,0.0,0.0
BOLÍVAR,2019,0.0,0.0,0.0,0.0
BOLÍVAR,2019,0.0,0.0,0.0,0.0
BOLÍVAR,2019,0.0,0.0,0.0,0.0
BOLÍVAR,2019,0.0,0.0,0.0,0.0
BOLÍVAR,2019,0.0,0.0,0.0,0.0
BOLÍVAR,2019,0.0,0.0,0.0,0.0
BOLÍVAR,2019,0.0,0.0,0.0,0.0
BOLÍVAR,2019,0.0,0.0,0.0,0.0
BOLÍVAR,2019,0.0,0.0,0.0,0.0
BOLÍVAR,2019,0.0,0.0,0.0,0.0
BOLÍVAR,2019,0.0,0.0,0.0,0.0
BOLÍVAR,2019,0.0,0.0,0.0,0.0
BOLÍVAR,2019,0.0,0.0,0.0,0.0
BOLÍVAR,2019,0.0,0.0,0.0,0.0
BOLÍVAR,2019,0.0,0.0,0.0,0.0
BOLÍVAR,2019,0.0,0.0,0.0,0.0
BOLÍVAR,2019,0.0,0.0,0.0,0.0
BOLÍVAR,2019,0.0,0.0,0.0,0.0
BOLÍVAR,2019,0.0,0.0,0.0,0.0
BOLÍVAR,2019,0.0,0.0,0.0,0.0
BOLÍVAR,2019,0.0,0.0,0.0,0.0
BOLÍVAR,2019,0.0,0.0,0.0,0.0
BOLÍVAR,2019,0.0,0.0,0.0,0.0
BOLÍVAR,2019,0.0,0.0,0.0,0.0
BOLÍVAR,2019,0.0,0.0,0.0,0.0
BOLÍVAR,2019,0.0,0.0,0.0,0.0
BOLÍVAR,2019,0.0,0.0,0.0,0.0
BOLÍVAR,2019,0.0,0.0,0.0,0.0
BOLÍVAR,2019,0.0,0.0,0.0,0.0
BOLÍVAR,2019,0.0,0.0,0.0,0.0
BOLÍVAR,2019,0.0,0.0,0.0,0.0
BOLÍVAR,2019,0.0,0.0,0.0,0.0
BOLÍVAR,2019,0.0,0.0,0.0,0.0
BOLÍVAR,2019,0.0,0.0,0.0,0.0
BOLÍVAR,2019,0.0,0.0,0.0,0.0
BOLÍVAR,2019,0.0,0.0,0.0,0.0
BOLÍVAR,2019,0.0,0.0,0.0,0.0
BOLÍVAR,2019,0.0,0.0,0.0,0.0
BOLÍVAR,2019,0.0,0.0,0.0,0.0
BOLÍVAR,2019,0.0,0.0,0.0,0.0
BOLÍVAR,2019,0.0,0.0,0.0,0.0
BOLÍVAR,2019,0.0,0.0,0.0,0.0
BOLÍVAR,2019,0.0,0.0,0.0,0.0
BOLÍVAR,2019,0.0,0.0,0.0,0.0
BOLÍVAR,2019,0.0,0.0,0.0,0.0
BOLÍVAR,2019,0.0,0.0,0.0,0.0
BOLÍVAR,2019,0.0,0.0,0.0,0.0
BOLÍVAR,2019,0.0,0.0,0.0,0.0
BOLÍVAR,2019,0.0,0.0,0.0,0.0
BOLÍVAR,2019,0.0,0.0,0.0,0.0
BOLÍVAR,2019,0.0,0.0,0.0,0.0
BOLÍVAR,2019,0.0,0.0,0.0,0.0
BOLÍVAR,2019,0.0,0.0,0.0,0.0
BOLÍVAR,2020,0.0,0.0,0.0,0.0
BOLÍVAR,2020,0.0,0.0,0.0,0.0
BOLÍVAR,2020,0.0,0.0,0.0,0.0
BOLÍVAR,2020,0.0,0.0,0.0,0.0
BOLÍVAR,2020,0.0,0.0,0.0,0.0
BOLÍVAR,2020,0.0,0.0,0.0,0.0
BOLÍVAR,2020,0.0,0.0,0.0,0.0
BOLÍVAR,2020,0.0,0.0,0.0,0.0
BOLÍVAR,2020,0.0,0.0,0.0,0.0
BOLÍVAR,2020,0.0,0.0,0.0,0.0
BOLÍVAR,2020,0.0,0.0,0.0,0.0
BOLÍVAR,2020,0.0,0.0,0.0,0.0
BOLÍVAR,2020,0.0,0.0,0.0,0.0
BOLÍVAR,2020,0.0,0.0,0.0,0.0
BOLÍVAR,2020,0.0,0.0,0.0,0.0
BOLÍVAR,2020,0.0,0.0,0.0,0.0
BOLÍVAR,2020,0.0,0.0,0.0,0.0
BOLÍVAR,2020,0.0,0.0,0.0,0.0
BOLÍVAR,2020,0.0,0.0,0.0,0.0
BOLÍVAR,2020,0.0,0.0,0.0,0.0
BOLÍVAR,2020,0.0,0.0,0.0,0.0
BOLÍVAR,2020,0.0,0.0,0.0,0.0
BOLÍVAR,2020,0.0,0.0,0.0,0.0
BOLÍVAR,2020,0.0,0.0,0.0,0.0
BOLÍVAR,2020,0.0,0.0,0.0,0.0
BOLÍVAR,2020,0.0,0.0,0.0,0.0
BOLÍVAR,2020,0.0,0.0,0.0,0.0
BOLÍVAR,2020,0.0,0.0,0.0,0.0
BOLÍVAR,2020,0.0,0.0,0.0,0.0
BOLÍVAR,2020,0.0,0.0,0.0,0.0
BOLÍVAR,2020,0.0,0.0,0.0,0.0
BOLÍVAR,2020,0.0,0.0,0.0,0.0
BOLÍVAR,2020,0.0,0.0,0.0,0.0
BOLÍVAR,2020,0.0,0.0,0.0,0.0
BOLÍVAR,2020,0.0,0.0,0.0,0.0
BOLÍVAR,2020,0.0,0.0,0.0,0.0
BOLÍVAR,2020,0.0,0.0,0.0,0.0
BOLÍVAR,2020,0.0,0.0,0.0,0.0
BOLÍVAR,2020,0.0,0.0,0.0,0.0
BOLÍVAR,2020,0.0,0.0,0.0,0.0
BOLÍVAR,2020,0.0,0.0,0.0,0.0
BOLÍVAR,2020,0.0,0.0,0.0,0.0
BOLÍVAR,2020,0.0,0.0,0.0,0.0
BOLÍVAR,2020,0.0,0.0,0.0,0.0
BOLÍVAR,2020,0.0,0.0,0.0,0.0
BOLÍVAR,2020,0.0,0.0,0.0,0.0
BOLÍVAR,2020,0.0,0.0,0.0,0.0
BOLÍVAR,2020,0.0,0.0,0.0,0.0
BOLÍVAR,2020,0.0,0.0,0.0,0.0
BOLÍVAR,2020,0.0,0.0,0.0,0.0
BOLÍVAR,2020,0.0,0.0,0.0,0.0
BOLÍVAR,2020,0.0,0.0,0.0,0.0
BOLÍVAR,2020,0.0,0.0,0.0,0.0
BOLÍVAR,2020,0.0,0.0,0.0,0.0
BOLÍVAR,2020,0.0,0.0,0.0,0.0
BOLÍVAR,2020,0.0,0.0,0.0,0.0
BOLÍVAR,2020,0.0,0.0,0.0,0.0
BOLÍVAR,2020,0.0,0.0,0.0,0.0
BOLÍVAR,2020,0.0,0.0,0.0,0.0
BOLÍVAR,2020,0.0,0.0,0.0,0.0
BOLÍVAR,2020,0.0,0.0,0.0,0.0
BOLÍVAR,2020,0.0,0.0,0.0,0.0
BOLÍVAR,2020,0.0,0.0,0.0,0.0
BOLÍVAR,2020,0.0,0.0,0.0,0.0
BOLÍVAR,2020,0.0,0.0,0.0,0.0
BOLÍVAR,2020,0.0,0.0,0.0,0.0
BOLÍVAR,2020,0.0,0.0,0.0,0.0
BOLÍVAR,2020,0.0,0.0,0.0,0.0
BOLÍVAR,2020,0.0,0.0,0.0,0.0
BOLÍVAR,2020,0.0,0.0,0.0,0.0
BOLÍVAR,2020,0.0,0.0,0.0,0.0
BOLÍVAR,2020,0.0,0.0,0.0,0.0
BOLÍVAR,2020,0.0,0.0,0.0,0.0
BOLÍVAR,2020,0.0,0.0,0.0,0.0
BOLÍVAR,2020,0.0,0.0,0.0,0.0
BOLÍVAR,2020,0.0,0.0,0.0,0.0
BOLÍVAR,2020,0.0,0.0,0.0,0.0
BOLÍVAR,2020,0.0,0.0,0.0,0.0
BOLÍVAR,2020,0.0,0.0,0.0,0.0
BOLÍVAR,2020,0.0,0.0,0.0,0.0
BOLÍVAR,2020,0.0,0.0,0.0,0.0
BOLÍVAR,2021,0.0,0.0,0.0,0.0
BOLÍVAR,2021,0.0,0.0,0.0,0.0
BOLÍVAR,2021,0.0,0.0,0.0,0.0
BOLÍVAR,2021,0.0,0.0,0.0,0.0
BOLÍVAR,2021,0.0,0.0,0.0,0.0
BOLÍVAR,2021,0.0,0.0,0.0,0.0
BOLÍVAR,2021,0.0,0.0,0.0,0.0
BOLÍVAR,2021,0.0,0.0,0.0,0.0
BOLÍVAR,2021,0.0,0.0,0.0,0.0
BOLÍVAR,2021,0.0,0.0,0.0,0.0
BOLÍVAR,2021,0.0,0.0,0.0,0.0
BOLÍVAR,2021,0.0,0.0,0.0,0.0
BOLÍVAR,2021,0.0,0.0,0.0,0.0
BOLÍVAR,2021,0.0,0.0,0.0,0.0
BOLÍVAR,2021,0.0,0.0,0.0,0.0
BOLÍVAR,2021,0.0,0.0,0.0,0.0
BOLÍVAR,2021,0.0,0.0,0.0,0.0
BOLÍVAR,2021,0.0,0.0,0.0,0.0
BOLÍVAR,2021,0.0,0.0,0.0,0.0
BOLÍVAR,2021,0.0,0.0,0.0,0.0
BOLÍVAR,2021,0.0,0.0,0.0,0.0
BOLÍVAR,2021,0.0,0.0,0.0,0.0
BOLÍVAR,2021,0.0,0.0,0.0,0.0
BOLÍVAR,2021,0.0,0.0,0.0,0.0
BOLÍVAR,2021,0.0,0.0,0.0,0.0
BOLÍVAR,2021,0.0,0.0,0.0,0.0
BOLÍVAR,2021,0.0,0.0,0.0,0.0
BOLÍVAR,2021,0.0,0.0,0.0,0.0
BOLÍVAR,2021,0.0,0.0,0.0,0.0
BOLÍVAR,2021,0.0,0.0,0.0,0.0
BOLÍVAR,2021,0.0,0.0,0.0,0.0
BOLÍVAR,2021,0.0,0.0,0.0,0.0
BOLÍVAR,2021,0.0,0.0,0.0,0.0
BOLÍVAR,2021,0.0,0.0,0.0,0.0
BOLÍVAR,2021,0.0,0.0,0.0,0.0
BOLÍVAR,2021,0.0,0.0,0.0,0.0
BOLÍVAR,2021,0.0,0.0,0.0,0.0
BOLÍVAR,2021,0.0,0.0,0.0,0.0
BOLÍVAR,2021,0.0,0.0,0.0,0.0
BOLÍVAR,2021,0.0,0.0,0.0,0.0
BOLÍVAR,2021,0.0,0.0,0.0,0.0
BOLÍVAR,2021,0.0,0.0,0.0,0.0
BOLÍVAR,2021,0.0,0.0,0.0,0.0
BOLÍVAR,2021,0.0,0.0,0.0,0.0
BOLÍVAR,2021,0.0,0.0,0.0,0.0
BOLÍVAR,2021,0.0,0.0,0.0,0.0
BOLÍVAR,2021,0.0,0.0,0.0,0.0
BOLÍVAR,2021,0.0,0.0,0.0,0.0
BOLÍVAR,2021,0.0,0.0,0.0,0.0
BOLÍVAR,2021,0.0,0.0,0.0,0.0
BOLÍVAR,2021,0.0,0.0,0.0,0.0
BOLÍVAR,2021,0.0,0.0,0.0,0.0
BOLÍVAR,2021,0.0,0.0,0.0,0.0
BOLÍVAR,2021,0.0,0.0,0.0,0.0
BOLÍVAR,2021,0.0,0.0,0.0,0.0
BOLÍVAR,2021,0.0,0.0,0.0,0.0
BOLÍVAR,2021,0.0,0.0,0.0,0.0
BOLÍVAR,2021,0.0,0.0,0.0,0.0
BOLÍVAR,2021,0.0,0.0,0.0,0.0
BOLÍVAR,2021,0.0,0.0,0.0,0.0
BOLÍVAR,2021,0.0,0.0,0.0,0.0
BOLÍVAR,2021,0.0,0.0,0.0,0.0
BOLÍVAR,2021,0.0,0.0,0.0,0.0
BOLÍVAR,2021,0.0,0.0,0.0,0.0
BOLÍVAR,2021,0.0,0.0,0.0,0.0
BOLÍVAR,2021,0.0,0.0,0.0,0.0
BOLÍVAR,2021,0.0,0.0,0.0,0.0
BOLÍVAR,2021,0.0,0.0,0.0,0.0
BOLÍVAR,2021,0.0,0.0,0.0,0.0
BOLÍVAR,2021,0.0,0.0,0.0,0.0
BOLÍVAR,2021,0.0,0.0,0.0,0.0
BOLÍVAR,2021,0.0,0.0,0.0,0.0
BOLÍVAR,2021,0.0,0.0,0.0,0.0
BOLÍVAR,2021,0.0,0.0,0.0,0.0
BOLÍVAR,2021,0.0,0.0,0.0,0.0
BOLÍVAR,2021,0.0,0.0,0.0,0.0
BOLÍVAR,2021,0.0,0.0,0.0,0.0
BOLÍVAR,2021,0.0,0.0,0.0,0.0
BOLÍVAR,2021,0.0,0.0,0.0,0.0
BOLÍVAR,2021,0.0,0.0,0.0,0.0
BOLÍVAR,2021,0.0,0.0,0.0,0.0
BOLÍVAR,2022,0.0,0.0,0.0,0.0
BOLÍVAR,2022,0.0,0.0,0.0,0.0
BOLÍVAR,2022,0.0,0.0,0.0,0.0
BOLÍVAR,2022,0.0,0.0,0.0,0.0
BOLÍVAR,2022,0.0,0.0,0.0,0.0
BOLÍVAR,2022,0.0,0.0,0.0,0.0
BOLÍVAR,2022,0.0,0.0,0.0,0.0
BOLÍVAR,2022,0.0,0.0,0.0,0.0
BOLÍVAR,2022,0.0,0.0,0.0,0.0
BOLÍVAR,2022,0.0,0.0,0.0,0.0
BOLÍVAR,2022,0.0,0.0,0.0,0.0
BOLÍVAR,2022,0.0,0.0,0.0,0.0
BOLÍVAR,2022,0.0,0.0,0.0,0.0
BOLÍVAR,2022,0.0,0.0,0.0,0.0
BOLÍVAR,2022,0.0,0.0,0.0,0.0
BOLÍVAR,2022,0.0,0.0,0.0,0.0
BOLÍVAR,2022,0.0,0.0,0.0,0.0
BOLÍVAR,2022,0.0,0.0,0.0,0.0
BOLÍVAR,2022,0.0,0.0,0.0,0.0
BOLÍVAR,2022,0.0,0.0,0.0,0.0
BOLÍVAR,2022,0.0,0.0,0.0,0.0
BOLÍVAR,2022,0.0,0.0,0.0,0.0
BOLÍVAR,2022,0.0,0.0,0.0,0.0
BOLÍVAR,2022,0.0,0.0,0.0,0.0
BOLÍVAR,2022,0.0,0.0,0.0,0.0
BOLÍVAR,2022,0.0,0.0,0.0,0.0
BOLÍVAR,2022,0.0,0.0,0.0,0.0
BOLÍVAR,2022,0.0,0.0,0.0,0.0
BOLÍVAR,2022,0.0,0.0,0.0,0.0
BOLÍVAR,2022,0.0,0.0,0.0,0.0
BOLÍVAR,2022,0.0,0.0,0.0,0.0
BOLÍVAR,2022,0.0,0.0,0.0,0.0
BOLÍVAR,2022,0.0,0.0,0.0,0.0
BOLÍVAR,2022,0.0,0.0,0.0,0.0
BOLÍVAR,2022,0.0,0.0,0.0,0.0
BOLÍVAR,2022,0.0,0.0,0.0,0.0
BOLÍVAR,2022,0.0,0.0,0.0,0.0
BOLÍVAR,2022,0.0,0.0,0.0,0.0
BOLÍVAR,2022,0.0,0.0,0.0,0.0
BOLÍVAR,2022,0.0,0.0,0.0,0.0
BOLÍVAR,2022,0.0,0.0,0.0,0.0
BOLÍVAR,2022,0.0,0.0,0.0,0.0
BOLÍVAR,2022,0.0,0.0,0.0,0.0
BOLÍVAR,2022,0.0,0.0,0.0,0.0
BOLÍVAR,2022,0.0,0.0,0.0,0.0
BOLÍVAR,2022,0.0,0.0,0.0,0.0
BOLÍVAR,2022,0.0,0.0,0.0,0.0
BOLÍVAR,2022,0.0,0.0,0.0,0.0
BOLÍVAR,2022,0.0,0.0,0.0,0.0
BOLÍVAR,2022,0.0,0.0,0.0,0.0
BOLÍVAR,2022,0.0,0.0,0.0,0.0
BOLÍVAR,2022,0.0,0.0,0.0,0.0
BOLÍVAR,2022,0.0,0.0,0.0,0.0
BOLÍVAR,2022,0.0,0.0,0.0,0.0
BOLÍVAR,2022,0.0,0.0,0.0,0.0
BOLÍVAR,2022,0.0,0.0,0.0,0.0
BOLÍVAR,2022,0.0,0.0,0.0,0.0
BOLÍVAR,2022,0.0,0.0,0.0,0.0
BOLÍVAR,2022,0.0,0.0,0.0,0.0
BOLÍVAR,2022,0.0,0.0,0.0,0.0
BOLÍVAR,2022,0.0,0.0,0.0,0.0
BOLÍVAR,2022,0.0,0.0,0.0,0.0
BOLÍVAR,2022,0.0,0.0,0.0,0.0
BOLÍVAR,2022,0.0,0.0,0.0,0.0
BOLÍVAR,2022,0.0,0.0,0.0,0.0
BOLÍVAR,2022,0.0,0.0,0.0,0.0
BOLÍVAR,2022,0.0,0.0,0.0,0.0
BOLÍVAR,2022,0.0,0.0,0.0,0.0
BOLÍVAR,2022,0.0,0.0,0.0,0.0
BOLÍVAR,2022,0.0,0.0,0.0,0.0
BOLÍVAR,2022,0.0,0.0,0.0,0.0
BOLÍVAR,2022,0.0,0.0,0.0,0.0
BOLÍVAR,2022,0.0,0.0,0.0,0.0
BOLÍVAR,2022,0.0,0.0,0.0,0.0
BOLÍVAR,2022,0.0,0.0,0.0,0.0
BOLÍVAR,2022,0.0,0.0,0.0,0.0
BOLÍVAR,2022,0.0,0.0,0.0,0.0
BOLÍVAR,2022,0.0,0.0,0.0,0.0
BOLÍVAR,2022,0.0,0.0,0.0,0.0
BOLÍVAR,2022,0.0,0.0,0.0,0.0
BOLÍVAR,2022,0.0,0.0,0.0,0.0
BOLÍVAR,2023,0.0,0.0,0.0,0.0
BOLÍVAR,2023,0.0,0.0,0.0,0.0
BOLÍVAR,2023,0.0,0.0,0.0,0.0
BOLÍVAR,2023,0.0,0.0,0.0,0.0
BOLÍVAR,2023,0.0,0.0,0.0,0.0
BOLÍVAR,2023,0.0,0.0,0.0,0.0
BOLÍVAR,2023,0.0,0.0,0.0,0.0
BOLÍVAR,2023,0.0,0.0,0.0,0.0
BOLÍVAR,2023,0.0,0.0,0.0,0.0
BOLÍVAR,2023,0.0,0.0,0.0,0.0
BOLÍVAR,2023,0.0,0.0,0.0,0.0
BOLÍVAR,2023,0.0,0.0,0.0,0.0
BOLÍVAR,2023,0.0,0.0,0.0,0.0
BOLÍVAR,2023,0.0,0.0,0.0,0.0
BOLÍVAR,2023,0.0,0.0,0.0,0.0
BOLÍVAR,2023,0.0,0.0,0.0,0.0
BOLÍVAR,2023,0.0,0.0,0.0,0.0
BOLÍVAR,2023,0.0,0.0,0.0,0.0
BOLÍVAR,2023,0.0,0.0,0.0,0.0
BOLÍVAR,2023,0.0,0.0,0.0,0.0
BOLÍVAR,2023,0.0,0.0,0.0,0.0
BOLÍVAR,2023,0.0,0.0,0.0,0.0
BOLÍVAR,2023,0.0,0.0,0.0,0.0
BOLÍVAR,2023,0.0,0.0,0.0,0.0
BOLÍVAR,2023,0.0,0.0,0.0,0.0
BOLÍVAR,2023,0.0,0.0,0.0,0.0
BOLÍVAR,2023,0.0,0.0,0.0,0.0
BOLÍVAR,2023,0.0,0.0,0.0,0.0
BOLÍVAR,2023,0.0,0.0,0.0,0.0
BOLÍVAR,2023,0.0,0.0,0.0,0.0
BOLÍVAR,2023,0.0,0.0,0.0,0.0
BOLÍVAR,2023,0.0,0.0,0.0,0.0
BOLÍVAR,2023,0.0,0.0,0.0,0.0
BOLÍVAR,2023,0.0,0.0,0.0,0.0
BOLÍVAR,2023,0.0,0.0,0.0,0.0
BOLÍVAR,2023,0.0,0.0,0.0,0.0
BOLÍVAR,2023,0.0,0.0,0.0,0.0
BOLÍVAR,2023,0.0,0.0,0.0,0.0
BOLÍVAR,2023,0.0,0.0,0.0,0.0
BOLÍVAR,2023,0.0,0.0,0.0,0.0
BOLÍVAR,2023,0.0,0.0,0.0,0.0
BOLÍVAR,2023,0.0,0.0,0.0,0.0
BOLÍVAR,2023,0.0,0.0,0.0,0.0
BOLÍVAR,2023,0.0,0.0,0.0,0.0
BOLÍVAR,2023,0.0,0.0,0.0,0.0
BOLÍVAR,2023,0.0,0.0,0.0,0.0
BOLÍVAR,2023,0.0,0.0,0.0,0.0
BOLÍVAR,2023,0.0,0.0,0.0,0.0
BOLÍVAR,2023,0.0,0.0,0.0,0.0
BOLÍVAR,2023,0.0,0.0,0.0,0.0
BOLÍVAR,2023,0.0,0.0,0.0,0.0
BOLÍVAR,2023,0.0,0.0,0.0,0.0
BOLÍVAR,2023,0.0,0.0,0.0,0.0
BOLÍVAR,2023,0.0,0.0,0.0,0.0
BOLÍVAR,2023,0.0,0.0,0.0,0.0
BOLÍVAR,2023,0.0,0.0,0.0,0.0
BOLÍVAR,2023,0.0,0.0,0.0,0.0
BOLÍVAR,2023,0.0,0.0,0.0,0.0
BOLÍVAR,2023,0.0,0.0,0.0,0.0
BOLÍVAR,2023,0.0,0.0,0.0,0.0
BOLÍVAR,2023,0.0,0.0,0.0,0.0
BOLÍVAR,2023,0.0,0.0,0.0,0.0
BOLÍVAR,2023,0.0,0.0,0.0,0.0
BOLÍVAR,2023,0.0,0.0,0.0,0.0
BOLÍVAR,2023,0.0,0.0,0.0,0.0
BOLÍVAR,2023,0.0,0.0,0.0,0.0
BOLÍVAR,2023,0.0,0.0,0.0,0.0
BOLÍVAR,2023,0.0,0.0,0.0,0.0
BOLÍVAR,2023,0.0,0.0,0.0,0.0
BOLÍVAR,2023,0.0,0.0,0.0,0.0
BOLÍVAR,2023,0.0,0.0,0.0,0.0
BOLÍVAR,2023,0.0,0.0,0.0,0.0
BOLÍVAR,2023,0.0,0.0,0.0,0.0
BOLÍVAR,2023,0.0,0.0,0.0,0.0
BOLÍVAR,2023,0.0,0.0,0.0,0.0
BOLÍVAR,2023,0.0,0.0,0.0,0.0
BOLÍVAR,2023,0.0,0.0,0.0,0.0
BOLÍVAR,2023,0.0,0.0,0.0,0.0
BOLÍVAR,2023,0.0,0.0,0.0,0.0
BOLÍVAR,2023,0.0,0.0,0.0,0.0
BOLÍVAR,2023,0.0,0.0,0.0,0.0
BOSCONIA,2017,79.54,0.0,0.0,0.0
BOSCONIA,2018,0.0,241189.03,0.0,0.0
BOSCONIA,2019,0.0,0.0,0.0,0.0
BOSCONIA,2020,0.0,0.0,0.0,0.0
BOSCONIA,2021,0.0,0.0,0.0,0.0
BOSCONIA,2022,0.0,0.0,0.0,0.0
BOSCONIA,2023,0.0,0.0,0.0,0.0
BOYACÁ,2017,,,,
BOYACÁ,2018,,,,
BOYACÁ,2019,,,,
BOYACÁ,2020,,,,
BOYACÁ,2021,,,,
BOYACÁ,2022,,,,
BOYACÁ,2023,,,,
BRICEÑO,2017,0.0,0.0,0.0,0.0
BRICEÑO,2017,0.0,0.0,0.0,0.0
BRICEÑO,2017,0.0,0.0,0.0,0.0
BRICEÑO,2017,0.0,0.0,0.0,0.0
BRICEÑO,2017,0.0,0.0,0.0,0.0
BRICEÑO,2017,0.0,0.0,0.0,0.0
BRICEÑO,2017,0.0,0.0,0.0,0.0
BRICEÑO,2017,0.0,0.0,0.0,0.0
BRICEÑO,2017,87.94,0.0,0.0,0.0
BRICEÑO,2017,87.94,0.0,0.0,0.0
BRICEÑO,2017,87.94,0.0,0.0,0.0
BRICEÑO,2017,87.94,0.0,0.0,0.0
BRICEÑO,2017,87.94,0.0,0.0,0.0
BRICEÑO,2017,87.94,0.0,0.0,0.0
BRICEÑO,2017,87.94,0.0,0.0,0.0
BRICEÑO,2017,87.94,0.0,0.0,0.0
BRICEÑO,2018,0.0,0.0,0.0,0.0
BRICEÑO,2018,0.0,0.0,0.0,0.0
BRICEÑO,2018,0.0,0.0,0.0,0.0
BRICEÑO,2018,0.0,0.0,0.0,0.0
BRICEÑO,2018,0.0,745433.16,0.0,0.0
BRICEÑO,2018,0.0,745433.16,0.0,0.0
BRICEÑO,2018,0.0,745433.16,0.0,0.0
BRICEÑO,2018,0.0,745433.16,0.0,0.0
BRICEÑO,2018,0.0,0.0,0.0,0.0
BRICEÑO,2018,0.0,0.0,0.0,0.0
BRICEÑO,2018,0.0,0.0,0.0,0.0
BRICEÑO,2018,0.0,0.0,0.0,0.0
BRICEÑO,2018,0.0,745433.16,0.0,0.0
BRICEÑO,2018,0.0,745433.16,0.0,0.0
BRICEÑO,2018,0.0,745433.16,0.0,0.0
BRICEÑO,2018,0.0,745433.16,0.0,0.0
BRICEÑO,2019,0.0,0.0,0.0,0.0
BRICEÑO,2019,0.0,0.0,0.0,0.0
BRICEÑO,2019,0.0,0.0,0.0,0.0
BRICEÑO,2019,0.0,0.0,0.0,0.0
BRICEÑO,2019,0.0,0.0,0.0,0.0
BRICEÑO,2019,0.0,0.0,0.0,0.0
BRICEÑO,2019,0.0,0.0,0.0,0.0
BRICEÑO,2019,0.0,0.0,0.0,0.0
BRICEÑO,2019,0.0,0.0,0.0,0.0
BRICEÑO,2019,0.0,0.0,0.0,0.0
BRICEÑO,2019,0.0,0.0,0.0,0.0
BRICEÑO,2019,0.0,0.0,0.0,0.0
BRICEÑO,2019,0.0,0.0,0.0,0.0
BRICEÑO,2019,0.0,0.0,0.0,0.0
BRICEÑO,2019,0.0,0.0,0.0,0.0
BRICEÑO,2019,0.0,0.0,0.0,0.0
BRICEÑO,2020,0.0,0.0,0.0,0.0
BRICEÑO,2020,0.0,0.0,0.0,0.0
BRICEÑO,2020,0.0,0.0,0.0,0.0
BRICEÑO,2020,0.0,0.0,0.0,0.0
BRICEÑO,2020,0.0,0.0,0.0,0.0
BRICEÑO,2020,0.0,0.0,0.0,0.0
BRICEÑO,2020,0.0,0.0,0.0,0.0
BRICEÑO,2020,0.0,0.0,0.0,0.0
BRICEÑO,2020,0.0,0.0,0.0,0.0
BRICEÑO,2020,0.0,0.0,0.0,0.0
BRICEÑO,2020,0.0,0.0,0.0,0.0
BRICEÑO,2020,0.0,0.0,0.0,0.0
BRICEÑO,2020,0.0,0.0,0.0,0.0
BRICEÑO,2020,0.0,0.0,0.0,0.0
BRICEÑO,2020,0.0,0.0,0.0,0.0
BRICEÑO,2020,0.0,0.0,0.0,0.0
BRICEÑO,2021,0.0,0.0,0.0,0.0
BRICEÑO,2021,0.0,0.0,0.0,0.0
BRICEÑO,2021,0.0,0.0,0.0,0.0
BRICEÑO,2021,0.0,0.0,0.0,0.0
BRICEÑO,2021,0.0,0.0,0.0,0.0
BRICEÑO,2021,0.0,0.0,0.0,0.0
BRICEÑO,2021,0.0,0.0,0.0,0.0
BRICEÑO,2021,0.0,0.0,0.0,0.0
BRICEÑO,2021,0.0,0.0,0.0,0.0
BRICEÑO,2021,0.0,0.0,0.0,0.0
BRICEÑO,2021,0.0,0.0,0.0,0.0
BRICEÑO,2021,0.0,0.0,0.0,0.0
BRICEÑO,2021,0.0,0.0,0.0,0.0
BRICEÑO,2021,0.0,0.0,0.0,0.0
BRICEÑO,2021,0.0,0.0,0.0,0.0
BRICEÑO,2021,0.0,0.0,0.0,0.0
BRICEÑO,2022,0.0,0.0,0.0,0.0
BRICEÑO,2022,0.0,0.0,0.0,0.0
BRICEÑO,2022,0.0,0.0,0.0,0.0
BRICEÑO,2022,0.0,0.0,0.0,0.0
BRICEÑO,2022,0.0,0.0,0.0,0.0
BRICEÑO,2022,0.0,0.0,0.0,0.0
BRICEÑO,2022,0.0,0.0,0.0,0.0
BRICEÑO,2022,0.0,0.0,0.0,0.0
BRICEÑO,2022,0.0,0.0,0.0,0.0
BRICEÑO,2022,0.0,0.0,0.0,0.0
BRICEÑO,2022,0.0,0.0,0.0,0.0
BRICEÑO,2022,0.0,0.0,0.0,0.0
BRICEÑO,2022,0.0,0.0,0.0,0.0
BRICEÑO,2022,0.0,0.0,0.0,0.0
BRICEÑO,2022,0.0,0.0,0.0,0.0
BRICEÑO,2022,0.0,0.0,0.0,0.0
BRICEÑO,2023,0.0,0.0,0.0,0.0
BRICEÑO,2023,0.0,0.0,0.0,0.0
BRICEÑO,2023,0.0,0.0,0.0,0.0
BRICEÑO,2023,0.0,0.0,0.0,0.0
BRICEÑO,2023,0.0,0.0,0.0,0.0
BRICEÑO,2023,0.0,0.0,0.0,0.0
BRICEÑO,2023,0.0,0.0,0.0,0.0
BRICEÑO,2023,0.0,0.0,0.0,0.0
BRICEÑO,2023,0.0,0.0,0.0,0.0
BRICEÑO,2023,0.0,0.0,0.0,0.0
BRICEÑO,2023,0.0,0.0,0.0,0.0
BRICEÑO,2023,0.0,0.0,0.0,0.0
BRICEÑO,2023,0.0,0.0,0.0,0.0
BRICEÑO,2023,0.0,0.0,0.0,0.0
BRICEÑO,2023,0.0,0.0,0.0,0.0
BRICEÑO,2023,0.0,0.0,0.0,0.0
BUCARAMANGA,2017,85.64,0.0,0.0,0.0
BUCARAMANGA,2018,0.0,2333603.64,0.0,0.0
BUCARAMANGA,2019,0.0,0.0,0.0,0.0
BUCARAMANGA,2020,0.0,0.0,0.0,0.0
BUCARAMANGA,2021,0.0,0.0,0.0,0.0
BUCARAMANGA,2022,0.0,0.0,0.0,0.0
BUCARAMANGA,2023,0.0,0.0,0.0,0.0
BUCARASICA,2017,85.94,0.0,0.0,0.0
BUCARASICA,2018,0.0,218684.32,0.0,0.0
BUCARASICA,2019,0.0,0.0,0.0,0.0
BUCARASICA,2020,0.0,0.0,0.0,0.0
BUCARASICA,2021,0.0,0.0,0.0,0.0
BUCARASICA,2022,0.0,0.0,0.0,0.0
BUCARASICA,2023,0.0,0.0,0.0,0.0
BUENAVENTURA,2017,0.0,0.0,0.0,0.0
BUENAVENTURA,2018,0.0,0.0,0.0,0.0
BUENAVENTURA,2019,0.0,0.0,0.0,0.0
BUENAVENTURA,2020,0.0,0.0,0.0,0.0
BUENAVENTURA,2021,0.0,0.0,0.0,0.0
BUENAVENTURA,2022,0.0,0.0,0.0,0.0
BUENAVENTURA,2023,0.0,0.0,0.0,0.0
BUENAVISTA,2017,82.43,0.0,0.0,0.0
BUENAVISTA,2017,82.43,0.0,0.0,0.0
BUENAVISTA,2017,82.43,0.0,0.0,
BUENAVISTA,2017,82.43,0.0,0.0,0.0
BUENAVISTA,2017,82.43,0.0,0.0,0.0
BUENAVISTA,2017,82.43,0.0,0.0,0.0
BUENAVISTA,2017,82.43,0.0,0.0,
BUENAVISTA,2017,82.43,0.0,0.0,0.0
BUENAVISTA,2017,82.43,0.0,,0.0
BUENAVISTA,2017,82.43,0.0,,0.0
BUENAVISTA,2017,82.43,0.0,,
BUENAVISTA,2017,82.43,0.0,,0.0
BUENAVISTA,2017,82.43,0.0,0.0,0.0
BUENAVISTA,2017,82.43,0.0,0.0,0.0
BUENAVISTA,2017,82.43,0.0,0.0,
BUENAVISTA,2017,82.43,0.0,0.0,0.0
BUENAVISTA,2017,82.43,0.0,0.0,0.0
BUENAVISTA,2017,82.43,0.0,0.0,0.0
BUENAVISTA,2017,82.43,0.0,0.0,
BUENAVISTA,2017,82.43,0.0,0.0,0.0
BUENAVISTA,2017,82.43,0.0,0.0,0.0
BUENAVISTA,2017,82.43,0.0,0.0,0.0
BUENAVISTA,2017,82.43,0.0,0.0,
BUENAVISTA,2017,82.43,0.0,0.0,0.0
BUENAVISTA,2017,82.43,0.0,,0.0
BUENAVISTA,2017,82.43,0.0,,0.0
BUENAVISTA,2017,82.43,0.0,,
BUENAVISTA,2017,82.43,0.0,,0.0
BUENAVISTA,2017,82.43,0.0,0.0,0.0
BUENAVISTA,2017,82.43,0.0,0.0,0.0
BUENAVISTA,2017,82.43,0.0,0.0,
BUENAVISTA,2017,82.43,0.0,0.0,0.0
BUENAVISTA,2017,82.43,,0.0,0.0
BUENAVISTA,2017,82.43,,0.0,0.0
BUENAVISTA,2017,82.43,,0.0,
BUENAVISTA,2017,82.43,,0.0,0.0
BUENAVISTA,2017,82.43,,0.0,0.0
BUENAVISTA,2017,82.43,,0.0,0.0
BUENAVISTA,2017,82.43,,0.0,
BUENAVISTA,2017,82.43,,0.0,0.0
BUENAVISTA,2017,82.43,,,0.0
BUENAVISTA,2017,82.43,,,0.0
BUENAVISTA,2017,82.43,,,
BUENAVISTA,2017,82.43,,,0.0
BUENAVISTA,2017,82.43,,0.0,0.0
BUENAVISTA,2017,82.43,,0.0,0.0
BUENAVISTA,2017,82.43,,0.0,
BUENAVISTA,2017,82.43,,0.0,0.0
BUENAVISTA,2017,82.43,0.0,0.0,0.0
BUENAVISTA,2017,82.43,0.0,0.0,0.0
BUENAVISTA,2017,82.43,0.0,0.0,
BUENAVISTA,2017,82.43,0.0,0.0,0.0
BUENAVISTA,2017,82.43,0.0,0.0,0.0
BUENAVISTA,2017,82.43,0.0,0.0,0.0
BUENAVISTA,2017,82.43,0.0,0.0,
BUENAVISTA,2017,82.43,0.0,0.0,0.0
BUENAVISTA,2017,82.43,0.0,,0.0
BUENAVISTA,2017,82.43,0.0,,0.0
BUENAVISTA,2017,82.43,0.0,,
BUENAVISTA,2017,82.43,0.0,,0.0
BUENAVISTA,2017,82.43,0.0,0.0,0.0
BUENAVISTA,2017,82.43,0.0,0.0,0.0
BUENAVISTA,2017,82.43,0.0,0.0,
BUENAVISTA,2017,82.43,0.0,0.0,0.0
BUENAVISTA,2017,0.0,0.0,0.0,0.0
BUENAVISTA,2017,0.0,0.0,0.0,0.0
BUENAVISTA,2017,0.0,0.0,0.0,
BUENAVISTA,2017,0.0,0.0,0.0,0.0
BUENAVISTA,2017,0.0,0.0,0.0,0.0
BUENAVISTA,2017,0.0,0.0,0.0,0.0
BUENAVISTA,2017,0.0,0.0,0.0,
BUENAVISTA,2017,0.0,0.0,0.0,0.0
BUENAVISTA,2017,0.0,0.0,,0.0
BUENAVISTA,2017,0.0,0.0,,0.0
BUENAVISTA,2017,0.0,0.0,,
BUENAVISTA,2017,0.0,0.0,,0.0
BUENAVISTA,2017,0.0,0.0,0.0,0.0
BUENAVISTA,2017,0.0,0.0,0.0,0.0
BUENAVISTA,2017,0.0,0.0,0.0,
BUENAVISTA,2017,0.0,0.0,0.0,0.0
BUENAVISTA,2017,0.0,0.0,0.0,0.0
BUENAVISTA,2017,0.0,0.0,0.0,0.0
BUENAVISTA,2017,0.0,0.0,0.0,
BUENAVISTA,2017,0.0,0.0,0.0,0.0
BUENAVISTA,2017,0.0,0.0,0.0,0.0
BUENAVISTA,2017,0.0,0.0,0.0,0.0
BUENAVISTA,2017,0.0,0.0,0.0,
BUENAVISTA,2017,0.0,0.0,0.0,0.0
BUENAVISTA,2017,0.0,0.0,,0.0
BUENAVISTA,2017,0.0,0.0,,0.0
BUENAVISTA,2017,0.0,0.0,,
BUENAVISTA,2017,0.0,0.0,,0.0
BUENAVISTA,2017,0.0,0.0,0.0,0.0
BUENAVISTA,2017,0.0,0.0,0.0,0.0
BUENAVISTA,2017,0.0,0.0,0.0,
BUENAVISTA,2017,0.0,0.0,0.0,0.0
BUENAVISTA,2017,0.0,,0.0,0.0
BUENAVISTA,2017,0.0,,0.0,0.0
BUENAVISTA,2017,0.0,,0.0,
BUENAVISTA,2017,0.0,,0.0,0.0
BUENAVISTA,2017,0.0,,0.0,0.0
BUENAVISTA,2017,0.0,,0.0,0.0
BUENAVISTA,2017,0.0,,0.0,
BUENAVISTA,2017,0.0,,0.0,0.0
BUENAVISTA,2017,0.0,,,0.0
BUENAVISTA,2017,0.0,,,0.0
BUENAVISTA,2017,0.0,,,
BUENAVISTA,2017,0.0,,,0.0
BUENAVISTA,2017,0.0,,0.0,0.0
BUENAVISTA,2017,0.0,,0.0,0.0
BUENAVISTA,2017,0.0,,0.0,
BUENAVISTA,2017,0.0,,0.0,0.0
BUENAVISTA,2017,0.0,0.0,0.0,0.0
BUENAVISTA,2017,0.0,0.0,0.0,0.0
BUENAVISTA,2017,0.0,0.0,0.0,
BUENAVISTA,2017,0.0,0.0,0.0,0.0
BUENAVISTA,2017,0.0,0.0,0.0,0.0
BUENAVISTA,2017,0.0,0.0,0.0,0.0
BUENAVISTA,2017,0.0,0.0,0.0,
BUENAVISTA,2017,0.0,0.0,0.0,0.0
BUENAVISTA,2017,0.0,0.0,,0.0
BUENAVISTA,2017,0.0,0.0,,0.0
BUENAVISTA,2017,0.0,0.0,,
BUENAVISTA,2017,0.0,0.0,,0.0
BUENAVISTA,2017,0.0,0.0,0.0,0.0
BUENAVISTA,2017,0.0,0.0,0.0,0.0
BUENAVISTA,2017,0.0,0.0,0.0,
BUENAVISTA,2017,0.0,0.0,0.0,0.0
BUENAVISTA,2017,,0.0,0.0,0.0
BUENAVISTA,2017,,0.0,0.0,0.0
BUENAVISTA,2017,,0.0,0.0,
BUENAVISTA,2017,,0.0,0.0,0.0
BUENAVISTA,2017,,0.0,0.0,0.0
BUENAVISTA,2017,,0.0,0.0,0.0
BUENAVISTA,2017,,0.0,0.0,
BUENAVISTA,2017,,0.0,0.0,0.0
BUENAVISTA,2017,,0.0,,0.0
BUENAVISTA,2017,,0.0,,0.0
BUENAVISTA,2017,,0.0,,
BUENAVISTA,2017,,0.0,,0.0
BUENAVISTA,2017,,0.0,0.0,0.0
BUENAVISTA,2017,,0.0,0.0,0.0
BUENAVISTA,2017,,0.0,0.0,
BUENAVISTA,2017,,0.0,0.0,0.0
BUENAVISTA,2017,,0.0,0.0,0.0
BUENAVISTA,2017,,0.0,0.0,0.0
BUENAVISTA,2017,,0.0,0.0,
BUENAVISTA,2017,,0.0,0.0,0.0
BUENAVISTA,2017,,0.0,0.0,0.0
BUENAVISTA,2017,,0.0,0.0,0.0
BUENAVISTA,2017,,0.0,0.0,
BUENAVISTA,2017,,0.0,0.0,0.0
BUENAVISTA,2017,,0.0,,0.0
BUENAVISTA,2017,,0.0,,0.0
BUENAVISTA,2017,,0.0,,
BUENAVISTA,2017,,0.0,,0.0
BUENAVISTA,2017,,0.0,0.0,0.0
BUENAVISTA,2017,,0.0,0.0,0.0
BUENAVISTA,2017,,0.0,0.0,
BUENAVISTA,2017,,0.0,0.0,0.0
BUENAVISTA,2017,,,0.0,0.0
BUENAVISTA,2017,,,0.0,0.0
BUENAVISTA,2017,,,0.0,
BUENAVISTA,2017,,,0.0,0.0
BUENAVISTA,2017,,,0.0,0.0
BUENAVISTA,2017,,,0.0,0.0
BUENAVISTA,2017,,,0.0,
BUENAVISTA,2017,,,0.0,0.0
BUENAVISTA,2017,,,,0.0
BUENAVISTA,2017,,,,0.0
BUENAVISTA,2017,,,,
BUENAVISTA,2017,,,,0.0
BUENAVISTA,2017,,,0.0,0.0
BUENAVISTA,2017,,,0.0,0.0
BUENAVISTA,2017,,,0.0,
BUENAVISTA,2017,,,0.0,0.0
BUENAVISTA,2017,,0.0,0.0,0.0
BUENAVISTA,2017,,0.0,0.0,0.0
BUENAVISTA,2017,,0.0,0.0,
BUENAVISTA,2017,,0.0,0.0,0.0
BUENAVISTA,2017,,0.0,0.0,0.0
BUENAVISTA,2017,,0.0,0.0,0.0
BUENAVISTA,2017,,0.0,0.0,
BUENAVISTA,2017,,0.0,0.0,0.0
BUENAVISTA,2017,,0.0,,0.0
BUENAVISTA,2017,,0.0,,0.0
BUENAVISTA,2017,,0.0,,
BUENAVISTA,2017,,0.0,,0.0
BUENAVISTA,2017,,0.0,0.0,0.0
BUENAVISTA,2017,,0.0,0.0,0.0
BUENAVISTA,2017,,0.0,0.0,
BUENAVISTA,2017,,0.0,0.0,0.0
BUENAVISTA,2017,89.33,0.0,0.0,0.0
BUENAVISTA,2017,89.33,0.0,0.0,0.0
BUENAVISTA,2017,89.33,0.0,0.0,
BUENAVISTA,2017,89.33,0.0,0.0,0.0
BUENAVISTA,2017,89.33,0.0,0.0,0.0
BUENAVISTA,2017,89.33,0.0,0.0,0.0
BUENAVISTA,2017,89.33,0.0,0.0,
BUENAVISTA,2017,89.33,0.0,0.0,0.0
BUENAVISTA,2017,89.33,0.0,,0.0
BUENAVISTA,2017,89.33,0.0,,0.0
BUENAVISTA,2017,89.33,0.0,,
BUENAVISTA,2017,89.33,0.0,,0.0
BUENAVISTA,2017,89.33,0.0,0.0,0.0
BUENAVISTA,2017,89.33,0.0,0.0,0.0
BUENAVISTA,2017,89.33,0.0,0.0,
BUENAVISTA,2017,89.33,0.0,0.0,0.0
BUENAVISTA,2017,89.33,0.0,0.0,0.0
BUENAVISTA,2017,89.33,0.0,0.0,0.0
BUENAVISTA,2017,89.33,0.0,0.0,
BUENAVISTA,2017,89.33,0.0,0.0,0.0
BUENAVISTA,2017,89.33,0.0,0.0,0.0
BUENAVISTA,2017,89.33,0.0,0.0,0.0
BUENAVISTA,2017,89.33,0.0,0.0,
BUENAVISTA,2017,89.33,0.0,0.0,0.0
BUENAVISTA,2017,89.33,0.0,,0.0
BUENAVISTA,2017,89.33,0.0,,0.0
BUENAVISTA,2017,89.33,0.0,,
BUENAVISTA,2017,89.33,0.0,,0.0
BUENAVISTA,2017,89.33,0.0,0.0,0.0
BUENAVISTA,2017,89.33,0.0,0.0,0.0
BUENAVISTA,2017,89.33,0.0,0.0,
BUENAVISTA,2017,89.33,0.0,0.0,0.0
BUENAVISTA,2017,89.33,,0.0,0.0
BUENAVISTA,2017,89.33,,0.0,0.0
BUENAVISTA,2017,89.33,,0.0,
BUENAVISTA,2017,89.33,,0.0,0.0
BUENAVISTA,2017,89.33,,0.0,0.0
BUENAVISTA,2017,89.33,,0.0,0.0
BUENAVISTA,2017,89.33,,0.0,
BUENAVISTA,2017,89.33,,0.0,0.0
BUENAVISTA,2017,89.33,,,0.0
BUENAVISTA,2017,89.33,,,0.0
BUENAVISTA,2017,89.33,,,
BUENAVISTA,2017,89.33,,,0.0
BUENAVISTA,2017,89.33,,0.0,0.0
BUENAVISTA,2017,89.33,,0.0,0.0
BUENAVISTA,2017,89.33,,0.0,
BUENAVISTA,2017,89.33,,0.0,0.0
BUENAVISTA,2017,89.33,0.0,0.0,0.0
BUENAVISTA,2017,89.33,0.0,0.0,0.0
BUENAVISTA,2017,89.33,0.0,0.0,
BUENAVISTA,2017,89.33,0.0,0.0,0.0
BUENAVISTA,2017,89.33,0.0,0.0,0.0
BUENAVISTA,2017,89.33,0.0,0.0,0.0
BUENAVISTA,2017,89.33,0.0,0.0,
BUENAVISTA,2017,89.33,0.0,0.0,0.0
BUENAVISTA,2017,89.33,0.0,,0.0
BUENAVISTA,2017,89.33,0.0,,0.0
BUENAVISTA,2017,89.33,0.0,,
BUENAVISTA,2017,89.33,0.0,,0.0
BUENAVISTA,2017,89.33,0.0,0.0,0.0
BUENAVISTA,2017,89.33,0.0,0.0,0.0
BUENAVISTA,2017,89.33,0.0,0.0,
BUENAVISTA,2017,89.33,0.0,0.0,0.0
BUENAVISTA,2018,0.0,745433.16,0.0,0.0
BUENAVISTA,2018,0.0,745433.16,0.0,0.0
BUENAVISTA,2018,0.0,745433.16,0.0,
BUENAVISTA,2018,0.0,745433.16,0.0,0.0
BUENAVISTA,2018,0.0,745433.16,0.0,0.0
BUENAVISTA,2018,0.0,745433.16,0.0,0.0
BUENAVISTA,2018,0.0,745433.16,0.0,
BUENAVISTA,2018,0.0,745433.16,0.0,0.0
BUENAVISTA,2018,0.0,745433.16,,0.0
BUENAVISTA,2018,0.0,745433.16,,0.0
BUENAVISTA,2018,0.0,745433.16,,
BUENAVISTA,2018,0.0,745433.16,,0.0
BUENAVISTA,2018,0.0,745433.16,0.0,0.0
BUENAVISTA,2018,0.0,745433.16,0.0,0.0
BUENAVISTA,2018,0.0,745433.16,0.0,
BUENAVISTA,2018,0.0,745433.16,0.0,0.0
BUENAVISTA,2018,0.0,0.0,0.0,0.0
BUENAVISTA,2018,0.0,0.0,0.0,0.0
BUENAVISTA,2018,0.0,0.0,0.0,
BUENAVISTA,2018,0.0,0.0,0.0,0.0
BUENAVISTA,2018,0.0,0.0,0.0,0.0
BUENAVISTA,2018,0.0,0.0,0.0,0.0
BUENAVISTA,2018,0.0,0.0,0.0,
BUENAVISTA,2018,0.0,0.0,0.0,0.0
BUENAVISTA,2018,0.0,0.0,,0.0
BUENAVISTA,2018,0.0,0.0,,0.0
BUENAVISTA,2018,0.0,0.0,,
BUENAVISTA,2018,0.0,0.0,,0.0
BUENAVISTA,2018,0.0,0.0,0.0,0.0
BUENAVISTA,2018,0.0,0.0,0.0,0.0
BUENAVISTA,2018,0.0,0.0,0.0,
BUENAVISTA,2018,0.0,0.0,0.0,0.0
BUENAVISTA,2018,0.0,,0.0,0.0
BUENAVISTA,2018,0.0,,0.0,0.0
BUENAVISTA,2018,0.0,,0.0,
BUENAVISTA,2018,0.0,,0.0,0.0
BUENAVISTA,2018,0.0,,0.0,0.0
BUENAVISTA,2018,0.0,,0.0,0.0
BUENAVISTA,2018,0.0,,0.0,
BUENAVISTA,2018,0.0,,0.0,0.0
BUENAVISTA,2018,0.0,,,0.0
BUENAVISTA,2018,0.0,,,0.0
BUENAVISTA,2018,0.0,,,
BUENAVISTA,2018,0.0,,,0.0
BUENAVISTA,2018,0.0,,0.0,0.0
BUENAVISTA,2018,0.0,,0.0,0.0
BUENAVISTA,2018,0.0,,0.0,
BUENAVISTA,2018,0.0,,0.0,0.0
BUENAVISTA,2018,0.0,350447.87,0.0,0.0
BUENAVISTA,2018,0.0,350447.87,0.0,0.0
BUENAVISTA,2018,0.0,350447.87,0.0,
BUENAVISTA,2018,0.0,350447.87,0.0,0.0
BUENAVISTA,2018,0.0,350447.87,0.0,0.0
BUENAVISTA,2018,0.0,350447.87,0.0,0.0
BUENAVISTA,2018,0.0,350447.87,0.0,
BUENAVISTA,2018,0.0,350447.87,0.0,0.0
BUENAVISTA,2018,0.0,350447.87,,0.0
BUENAVISTA,2018,0.0,350447.87,,0.0
BUENAVISTA,2018,0.0,350447.87,,
BUENAVISTA,2018,0.0,350447.87,,0.0
BUENAVISTA,2018,0.0,350447.87,0.0,0.0
BUENAVISTA,2018,0.0,350447.87,0.0,0.0
BUENAVISTA,2018,0.0,350447.87,0.0,
BUENAVISTA,2018,0.0,350447.87,0.0,0.0
BUENAVISTA,2018,0.0,745433.16,0.0,0.0
BUENAVISTA,2018,0.0,745433.16,0.0,0.0
BUENAVISTA,2018,0.0,745433.16,0.0,
BUENAVISTA,2018,0.0,745433.16,0.0,0.0
BUENAVISTA,2018,0.0,745433.16,0.0,0.0
BUENAVISTA,2018,0.0,745433.16,0.0,0.0
BUENAVISTA,2018,0.0,745433.16,0.0,
BUENAVISTA,2018,0.0,745433.16,0.0,0.0
BUENAVISTA,2018,0.0,745433.16,,0.0
BUENAVISTA,2018,0.0,745433.16,,0.0
BUENAVISTA,2018,0.0,745433.16,,
BUENAVISTA,2018,0.0,745433.16,,0.0
BUENAVISTA,2018,0.0,745433.16,0.0,0.0
BUENAVISTA,2018,0.0,745433.16,0.0,0.0
BUENAVISTA,2018,0.0,745433.16,0.0,
BUENAVISTA,2018,0.0,745433.16,0.0,0.0
BUENAVISTA,2018,0.0,0.0,0.0,0.0
BUENAVISTA,2018,0.0,0.0,0.0,0.0
BUENAVISTA,2018,0.0,0.0,0.0,
BUENAVISTA,2018,0.0,0.0,0.0,0.0
BUENAVISTA,2018,0.0,0.0,0.0,0.0
BUENAVISTA,2018,0.0,0.0,0.0,0.0
BUENAVISTA,2018,0.0,0.0,0.0,
BUENAVISTA,2018,0.0,0.0,0.0,0.0
BUENAVISTA,2018,0.0,0.0,,0.0
BUENAVISTA,2018,0.0,0.0,,0.0
BUENAVISTA,2018,0.0,0.0,,
BUENAVISTA,2018,0.0,0.0,,0.0
BUENAVISTA,2018,0.0,0.0,0.0,0.0
BUENAVISTA,2018,0.0,0.0,0.0,0.0
BUENAVISTA,2018,0.0,0.0,0.0,
BUENAVISTA,2018,0.0,0.0,0.0,0.0
BUENAVISTA,2018,0.0,,0.0,0.0
BUENAVISTA,2018,0.0,,0.0,0.0
BUENAVISTA,2018,0.0,,0.0,
BUENAVISTA,2018,0.0,,0.0,0.0
BUENAVISTA,2018,0.0,,0.0,0.0
BUENAVISTA,2018,0.0,,0.0,0.0
BUENAVISTA,2018,0.0,,0.0,
BUENAVISTA,2018,0.0,,0.0,0.0
BUENAVISTA,2018,0.0,,,0.0
BUENAVISTA,2018,0.0,,,0.0
BUENAVISTA,2018,0.0,,,
BUENAVISTA,2018,0.0,,,0.0
BUENAVISTA,2018,0.0,,0.0,0.0
BUENAVISTA,2018,0.0,,0.0,0.0
BUENAVISTA,2018,0.0,,0.0,
BUENAVISTA,2018,0.0,,0.0,0.0
BUENAVISTA,2018,0.0,350447.87,0.0,0.0
BUENAVISTA,2018,0.0,350447.87,0.0,0.0
BUENAVISTA,2018,0.0,350447.87,0.0,
BUENAVISTA,2018,0.0,350447.87,0.0,0.0
BUENAVISTA,2018,0.0,350447.87,0.0,0.0
BUENAVISTA,2018,0.0,350447.87,0.0,0.0
BUENAVISTA,2018,0.0,350447.87,0.0,
BUENAVISTA,2018,0.0,350447.87,0.0,0.0
BUENAVISTA,2018,0.0,350447.87,,0.0
BUENAVISTA,2018,0.0,350447.87,,0.0
BUENAVISTA,2018,0.0,350447.87,,
BUENAVISTA,2018,0.0,350447.87,,0.0
BUENAVISTA,2018,0.0,350447.87,0.0,0.0
BUENAVISTA,2018,0.0,350447.87,0.0,0.0
BUENAVISTA,2018,0.0,350447.87,0.0,
BUENAVISTA,2018,0.0,350447.87,0.0,0.0
BUENAVISTA,2018,,745433.16,0.0,0.0
BUENAVISTA,2018,,745433.16,0.0,0.0
BUENAVISTA,2018,,745433.16,0.0,
BUENAVISTA,2018,,745433.16,0.0,0.0
BUENAVISTA,2018,,745433.16,0.0,0.0
BUENAVISTA,2018,,745433.16,0.0,0.0
BUENAVISTA,2018,,745433.16,0.0,
BUENAVISTA,2018,,745433.16,0.0,0.0
BUENAVISTA,2018,,745433.16,,0.0
BUENAVISTA,2018,,745433.16,,0.0
BUENAVISTA,2018,,745433.16,,
BUENAVISTA,2018,,745433.16,,0.0
BUENAVISTA,2018,,745433.16,0.0,0.0
BUENAVISTA,2018,,745433.16,0.0,0.0
BUENAVISTA,2018,,745433.16,0.0,
BUENAVISTA,2018,,745433.16,0.0,0.0
BUENAVISTA,2018,,0.0,0.0,0.0
BUENAVISTA,2018,,0.0,0.0,0.0
BUENAVISTA,2018,,0.0,0.0,
BUENAVISTA,2018,,0.0,0.0,0.0
BUENAVISTA,2018,,0.0,0.0,0.0
BUENAVISTA,2018,,0.0,0.0,0.0
BUENAVISTA,2018,,0.0,0.0,
BUENAVISTA,2018,,0.0,0.0,0.0
BUENAVISTA,2018,,0.0,,0.0
BUENAVISTA,2018,,0.0,,0.0
BUENAVISTA,2018,,0.0,,
BUENAVISTA,2018,,0.0,,0.0
BUENAVISTA,2018,,0.0,0.0,0.0
BUENAVISTA,2018,,0.0,0.0,0.0
BUENAVISTA,2018,,0.0,0.0,
BUENAVISTA,2018,,0.0,0.0,0.0
BUENAVISTA,2018,,,0.0,0.0
BUENAVISTA,2018,,,0.0,0.0
BUENAVISTA,2018,,,0.0,
BUENAVISTA,2018,,,0.0,0.0
BUENAVISTA,2018,,,0.0,0.0
BUENAVISTA,2018,,,0.0,0.0
BUENAVISTA,2018,,,0.0,
BUENAVISTA,2018,,,0.0,0.0
BUENAVISTA,2018,,,,0.0
BUENAVISTA,2018,,,,0.0
BUENAVISTA,2018,,,,
BUENAVISTA,2018,,,,0.0
BUENAVISTA,2018,,,0.0,0.0
BUENAVISTA,2018,,,0.0,0.0
BUENAVISTA,2018,,,0.0,
BUENAVISTA,2018,,,0.0,0.0
BUENAVISTA,2018,,350447.87,0.0,0.0
BUENAVISTA,2018,,350447.87,0.0,0.0
BUENAVISTA,2018,,350447.87,0.0,
BUENAVISTA,2018,,350447.87,0.0,0.0
BUENAVISTA,2018,,350447.87,0.0,0.0
BUENAVISTA,2018,,350447.87,0.0,0.0
BUENAVISTA,2018,,350447.87,0.0,
BUENAVISTA,2018,,350447.87,0.0,0.0
BUENAVISTA,2018,,350447.87,,0.0
BUENAVISTA,2018,,350447.87,,0.0
BUENAVISTA,2018,,350447.87,,
BUENAVISTA,2018,,350447.87,,0.0
BUENAVISTA,2018,,350447.87,0.0,0.0
BUENAVISTA,2018,,350447.87,0.0,0.0
BUENAVISTA,2018,,350447.87,0.0,
BUENAVISTA,2018,,350447.87,0.0,0.0
BUENAVISTA,2018,0.0,745433.16,0.0,0.0
BUENAVISTA,2018,0.0,745433.16,0.0,0.0
BUENAVISTA,2018,0.0,745433.16,0.0,
BUENAVISTA,2018,0.0,745433.16,0.0,0.0
BUENAVISTA,2018,0.0,745433.16,0.0,0.0
BUENAVISTA,2018,0.0,745433.16,0.0,0.0
BUENAVISTA,2018,0.0,745433.16,0.0,
BUENAVISTA,2018,0.0,745433.16,0.0,0.0
BUENAVISTA,2018,0.0,745433.16,,0.0
BUENAVISTA,2018,0.0,745433.16,,0.0
BUENAVISTA,2018,0.0,745433.16,,
BUENAVISTA,2018,0.0,745433.16,,0.0
BUENAVISTA,2018,0.0,745433.16,0.0,0.0
BUENAVISTA,2018,0.0,745433.16,0.0,0.0
BUENAVISTA,2018,0.0,745433.16,0.0,
BUENAVISTA,2018,0.0,745433.16,0.0,0.0
BUENAVISTA,2018,0.0,0.0,0.0,0.0
BUENAVISTA,2018,0.0,0.0,0.0,0.0
BUENAVISTA,2018,0.0,0.0,0.0,
BUENAVISTA,2018,0.0,0.0,0.0,0.0
BUENAVISTA,2018,0.0,0.0,0.0,0.0
BUENAVISTA,2018,0.0,0.0,0.0,0.0
BUENAVISTA,2018,0.0,0.0,0.0,
BUENAVISTA,2018,0.0,0.0,0.0,0.0
BUENAVISTA,2018,0.0,0.0,,0.0
BUENAVISTA,2018,0.0,0.0,,0.0
BUENAVISTA,2018,0.0,0.0,,
BUENAVISTA,2018,0.0,0.0,,0.0
BUENAVISTA,2018,0.0,0.0,0.0,0.0
BUENAVISTA,2018,0.0,0.0,0.0,0.0
BUENAVISTA,2018,0.0,0.0,0.0,
BUENAVISTA,2018,0.0,0.0,0.0,0.0
BUENAVISTA,2018,0.0,,0.0,0.0
BUENAVISTA,2018,0.0,,0.0,0.0
BUENAVISTA,2018,0.0,,0.0,
BUENAVISTA,2018,0.0,,0.0,0.0
BUENAVISTA,2018,0.0,,0.0,0.0
BUENAVISTA,2018,0.0,,0.0,0.0
BUENAVISTA,2018,0.0,,0.0,
BUENAVISTA,2018,0.0,,0.0,0.0
BUENAVISTA,2018,0.0,,,0.0
BUENAVISTA,2018,0.0,,,0.0
BUENAVISTA,2018,0.0,,,
BUENAVISTA,2018,0.0,,,0.0
BUENAVISTA,2018,0.0,,0.0,0.0
BUENAVISTA,2018,0.0,,0.0,0.0
BUENAVISTA,2018,0.0,,0.0,
BUENAVISTA,2018,0.0,,0.0,0.0
BUENAVISTA,2018,0.0,350447.87,0.0,0.0
BUENAVISTA,2018,0.0,350447.87,0.0,0.0
BUENAVISTA,2018,0.0,350447.87,0.0,
BUENAVISTA,2018,0.0,350447.87,0.0,0.0
BUENAVISTA,2018,0.0,350447.87,0.0,0.0
BUENAVISTA,2018,0.0,350447.87,0.0,0.0
BUENAVISTA,2018,0.0,350447.87,0.0,
BUENAVISTA,2018,0.0,350447.87,0.0,0.0
BUENAVISTA,2018,0.0,350447.87,,0.0
BUENAVISTA,2018,0.0,350447.87,,0.0
BUENAVISTA,2018,0.0,350447.87,,
BUENAVISTA,2018,0.0,350447.87,,0.0
BUENAVISTA,2018,0.0,350447.87,0.0,0.0
BUENAVISTA,2018,0.0,350447.87,0.0,0.0
BUENAVISTA,2018,0.0,350447.87,0.0,
BUENAVISTA,2018,0.0,350447.87,0.0,0.0
BUENAVISTA,2019,0.0,0.0,0.0,0.0
BUENAVISTA,2019,0.0,0.0,0.0,0.0
BUENAVISTA,2019,0.0,0.0,0.0,
BUENAVISTA,2019,0.0,0.0,0.0,0.0
BUENAVISTA,2019,0.0,0.0,0.0,0.0
BUENAVISTA,2019,0.0,0.0,0.0,0.0
BUENAVISTA,2019,0.0,0.0,0.0,
BUENAVISTA,2019,0.0,0.0,0.0,0.0
BUENAVISTA,2019,0.0,0.0,,0.0
BUENAVISTA,2019,0.0,0.0,,0.0
BUENAVISTA,2019,0.0,0.0,,
BUENAVISTA,2019,0.0,0.0,,0.0
BUENAVISTA,2019,0.0,0.0,0.0,0.0
BUENAVISTA,2019,0.0,0.0,0.0,0.0
BUENAVISTA,2019,0.0,0.0,0.0,
BUENAVISTA,2019,0.0,0.0,0.0,0.0
BUENAVISTA,2019,0.0,0.0,0.0,0.0
BUENAVISTA,2019,0.0,0.0,0.0,0.0
BUENAVISTA,2019,0.0,0.0,0.0,
BUENAVISTA,2019,0.0,0.0,0.0,0.0
BUENAVISTA,2019,0.0,0.0,0.0,0.0
BUENAVISTA,2019,0.0,0.0,0.0,0.0
BUENAVISTA,2019,0.0,0.0,0.0,
BUENAVISTA,2019,0.0,0.0,0.0,0.0
BUENAVISTA,2019,0.0,0.0,,0.0
BUENAVISTA,2019,0.0,0.0,,0.0
BUENAVISTA,2019,0.0,0.0,,
BUENAVISTA,2019,0.0,0.0,,0.0
BUENAVISTA,2019,0.0,0.0,0.0,0.0
BUENAVISTA,2019,0.0,0.0,0.0,0.0
BUENAVISTA,2019,0.0,0.0,0.0,
BUENAVISTA,2019,0.0,0.0,0.0,0.0
BUENAVISTA,2019,0.0,,0.0,0.0
BUENAVISTA,2019,0.0,,0.0,0.0
BUENAVISTA,2019,0.0,,0.0,
BUENAVISTA,2019,0.0,,0.0,0.0
BUENAVISTA,2019,0.0,,0.0,0.0
BUENAVISTA,2019,0.0,,0.0,0.0
BUENAVISTA,2019,0.0,,0.0,
BUENAVISTA,2019,0.0,,0.0,0.0
BUENAVISTA,2019,0.0,,,0.0
BUENAVISTA,2019,0.0,,,0.0
BUENAVISTA,2019,0.0,,,
BUENAVISTA,2019,0.0,,,0.0
BUENAVISTA,2019,0.0,,0.0,0.0
BUENAVISTA,2019,0.0,,0.0,0.0
BUENAVISTA,2019,0.0,,0.0,
BUENAVISTA,2019,0.0,,0.0,0.0
BUENAVISTA,2019,0.0,0.0,0.0,0.0
BUENAVISTA,2019,0.0,0.0,0.0,0.0
BUENAVISTA,2019,0.0,0.0,0.0,
BUENAVISTA,2019,0.0,0.0,0.0,0.0
BUENAVISTA,2019,0.0,0.0,0.0,0.0
BUENAVISTA,2019,0.0,0.0,0.0,0.0
BUENAVISTA,2019,0.0,0.0,0.0,
BUENAVISTA,2019,0.0,0.0,0.0,0.0
BUENAVISTA,2019,0.0,0.0,,0.0
BUENAVISTA,2019,0.0,0.0,,0.0
BUENAVISTA,2019,0.0,0.0,,
BUENAVISTA,2019,0.0,0.0,,0.0
BUENAVISTA,2019,0.0,0.0,0.0,0.0
BUENAVISTA,2019,0.0,0.0,0.0,0.0
BUENAVISTA,2019,0.0,0.0,0.0,
BUENAVISTA,2019,0.0,0.0,0.0,0.0
BUENAVISTA,2019,0.0,0.0,0.0,0.0
BUENAVISTA,2019,0.0,0.0,0.0,0.0
BUENAVISTA,2019,0.0,0.0,0.0,
BUENAVISTA,2019,0.0,0.0,0.0,0.0
BUENAVISTA,2019,0.0,0.0,0.0,0.0
BUENAVISTA,2019,0.0,0.0,0.0,0.0
BUENAVISTA,2019,0.0,0.0,0.0,
BUENAVISTA,2019,0.0,0.0,0.0,0.0
BUENAVISTA,2019,0.0,0.0,,0.0
BUENAVISTA,2019,0.0,0.0,,0.0
BUENAVISTA,2019,0.0,0.0,,
BUENAVISTA,2019,0.0,0.0,,0.0
BUENAVISTA,2019,0.0,0.0,0.0,0.0
BUENAVISTA,2019,0.0,0.0,0.0,0.0
BUENAVISTA,2019,0.0,0.0,0.0,
BUENAVISTA,2019,0.0,0.0,0.0,0.0
BUENAVISTA,2019,0.0,0.0,0.0,0.0
BUENAVISTA,2019,0.0,0.0,0.0,0.0
BUENAVISTA,2019,0.0,0.0,0.0,
BUENAVISTA,2019,0.0,0.0,0.0,0.0
BUENAVISTA,2019,0.0,0.0,0.0,0.0
BUENAVISTA,2019,0.0,0.0,0.0,0.0
BUENAVISTA,2019,0.0,0.0,0.0,
BUENAVISTA,2019,0.0,0.0,0.0,0.0
BUENAVISTA,2019,0.0,0.0,,0.0
BUENAVISTA,2019,0.0,0.0,,0.0
BUENAVISTA,2019,0.0,0.0,,
BUENAVISTA,2019,0.0,0.0,,0.0
BUENAVISTA,2019,0.0,0.0,0.0,0.0
BUENAVISTA,2019,0.0,0.0,0.0,0.0
BUENAVISTA,2019,0.0,0.0,0.0,
BUENAVISTA,2019,0.0,0.0,0.0,0.0
BUENAVISTA,2019,0.0,,0.0,0.0
BUENAVISTA,2019,0.0,,0.0,0.0
BUENAVISTA,2019,0.0,,0.0,
BUENAVISTA,2019,0.0,,0.0,0.0
BUENAVISTA,2019,0.0,,0.0,0.0
BUENAVISTA,2019,0.0,,0.0,0.0
BUENAVISTA,2019,0.0,,0.0,
BUENAVISTA,2019,0.0,,0.0,0.0
BUENAVISTA,2019,0.0,,,0.0
BUENAVISTA,2019,0.0,,,0.0
BUENAVISTA,2019,0.0,,,
BUENAVISTA,2019,0.0,,,0.0
BUENAVISTA,2019,0.0,,0.0,0.0
BUENAVISTA,2019,0.0,,0.0,0.0
BUENAVISTA,2019,0.0,,0.0,
BUENAVISTA,2019,0.0,,0.0,0.0
BUENAVISTA,2019,0.0,0.0,0.0,0.0
BUENAVISTA,2019,0.0,0.0,0.0,0.0
BUENAVISTA,2019,0.0,0.0,0.0,
BUENAVISTA,2019,0.0,0.0,0.0,0.0
BUENAVISTA,2019,0.0,0.0,0.0,0.0
BUENAVISTA,2019,0.0,0.0,0.0,0.0
BUENAVISTA,2019,0.0,0.0,0.0,
BUENAVISTA,2019,0.0,0.0,0.0,0.0
BUENAVISTA,2019,0.0,0.0,,0.0
BUENAVISTA,2019,0.0,0.0,,0.0
BUENAVISTA,2019,0.0,0.0,,
BUENAVISTA,2019,0.0,0.0,,0.0
BUENAVISTA,2019,0.0,0.0,0.0,0.0
BUENAVISTA,2019,0.0,0.0,0.0,0.0
BUENAVISTA,2019,0.0,0.0,0.0,
BUENAVISTA,2019,0.0,0.0,0.0,0.0
BUENAVISTA,2019,,0.0,0.0,0.0
BUENAVISTA,2019,,0.0,0.0,0.0
BUENAVISTA,2019,,0.0,0.0,
BUENAVISTA,2019,,0.0,0.0,0.0
BUENAVISTA,2019,,0.0,0.0,0.0
BUENAVISTA,2019,,0.0,0.0,0.0
BUENAVISTA,2019,,0.0,0.0,
BUENAVISTA,2019,,0.0,0.0,0.0
BUENAVISTA,2019,,0.0,,0.0
BUENAVISTA,2019,,0.0,,0.0
BUENAVISTA,2019,,0.0,,
BUENAVISTA,2019,,0.0,,0.0
BUENAVISTA,2019,,0.0,0.0,0.0
BUENAVISTA,2019,,0.0,0.0,0.0
BUENAVISTA,2019,,0.0,0.0,
BUENAVISTA,2019,,0.0,0.0,0.0
BUENAVISTA,2019,,0.0,0.0,0.0
BUENAVISTA,2019,,0.0,0.0,0.0
BUENAVISTA,2019,,0.0,0.0,
BUENAVISTA,2019,,0.0,0.0,0.0
BUENAVISTA,2019,,0.0,0.0,0.0
BUENAVISTA,2019,,0.0,0.0,0.0
BUENAVISTA,2019,,0.0,0.0,
BUENAVISTA,2019,,0.0,0.0,0.0
BUENAVISTA,2019,,0.0,,0.0
BUENAVISTA,2019,,0.0,,0.0
BUENAVISTA,2019,,0.0,,
BUENAVISTA,2019,,0.0,,0.0
BUENAVISTA,2019,,0.0,0.0,0.0
BUENAVISTA,2019,,0.0,0.0,0.0
BUENAVISTA,2019,,0.0,0.0,
BUENAVISTA,2019,,0.0,0.0,0.0
BUENAVISTA,2019,,,0.0,0.0
BUENAVISTA,2019,,,0.0,0.0
BUENAVISTA,2019,,,0.0,
BUENAVISTA,2019,,,0.0,0.0
BUENAVISTA,2019,,,0.0,0.0
BUENAVISTA,2019,,,0.0,0.0
BUENAVISTA,2019,,,0.0,
BUENAVISTA,2019,,,0.0,0.0
BUENAVISTA,2019,,,,0.0
BUENAVISTA,2019,,,,0.0
BUENAVISTA,2019,,,,
BUENAVISTA,2019,,,,0.0
BUENAVISTA,2019,,,0.0,0.0
BUENAVISTA,2019,,,0.0,0.0
BUENAVISTA,2019,,,0.0,
BUENAVISTA,2019,,,0.0,0.0
BUENAVISTA,2019,,0.0,0.0,0.0
BUENAVISTA,2019,,0.0,0.0,0.0
BUENAVISTA,2019,,0.0,0.0,
BUENAVISTA,2019,,0.0,0.0,0.0
BUENAVISTA,2019,,0.0,0.0,0.0
BUENAVISTA,2019,,0.0,0.0,0.0
BUENAVISTA,2019,,0.0,0.0,
BUENAVISTA,2019,,0.0,0.0,0.0
BUENAVISTA,2019,,0.0,,0.0
BUENAVISTA,2019,,0.0,,0.0
BUENAVISTA,2019,,0.0,,
BUENAVISTA,2019,,0.0,,0.0
BUENAVISTA,2019,,0.0,0.0,0.0
BUENAVISTA,2019,,0.0,0.0,0.0
BUENAVISTA,2019,,0.0,0.0,
BUENAVISTA,2019,,0.0,0.0,0.0
BUENAVISTA,2019,0.0,0.0,0.0,0.0
BUENAVISTA,2019,0.0,0.0,0.0,0.0
BUENAVISTA,2019,0.0,0.0,0.0,
BUENAVISTA,2019,0.0,0.0,0.0,0.0
BUENAVISTA,2019,0.0,0.0,0.0,0.0
BUENAVISTA,2019,0.0,0.0,0.0,0.0
BUENAVISTA,2019,0.0,0.0,0.0,
BUENAVISTA,2019,0.0,0.0,0.0,0.0
BUENAVISTA,2019,0.0,0.0,,0.0
BUENAVISTA,2019,0.0,0.0,,0.0
BUENAVISTA,2019,0.0,0.0,,
BUENAVISTA,2019,0.0,0.0,,0.0
BUENAVISTA,2019,0.0,0.0,0.0,0.0
BUENAVISTA,2019,0.0,0.0,0.0,0.0
BUENAVISTA,2019,0.0,0.0,0.0,
BUENAVISTA,2019,0.0,0.0,0.0,0.0
BUENAVISTA,2019,0.0,0.0,0.0,0.0
BUENAVISTA,2019,0.0,0.0,0.0,0.0
BUENAVISTA,2019,0.0,0.0,0.0,
BUENAVISTA,2019,0.0,0.0,0.0,0.0
BUENAVISTA,2019,0.0,0.0,0.0,0.0
BUENAVISTA,2019,0.0,0.0,0.0,0.0
BUENAVISTA,2019,0.0,0.0,0.0,
BUENAVISTA,2019,0.0,0.0,0.0,0.0
BUENAVISTA,2019,0.0,0.0,,0.0
BUENAVISTA,2019,0.0,0.0,,0.0
BUENAVISTA,2019,0.0,0.0,,
BUENAVISTA,2019,0.0,0.0,,0.0
BUENAVISTA,2019,0.0,0.0,0.0,0.0
BUENAVISTA,2019,0.0,0.0,0.0,0.0
BUENAVISTA,2019,0.0,0.0,0.0,
BUENAVISTA,2019,0.0,0.0,0.0,0.0
BUENAVISTA,2019,0.0,,0.0,0.0
BUENAVISTA,2019,0.0,,0.0,0.0
BUENAVISTA,2019,0.0,,0.0,
BUENAVISTA,2019,0.0,,0.0,0.0
BUENAVISTA,2019,0.0,,0.0,0.0
BUENAVISTA,2019,0.0,,0.0,0.0
BUENAVISTA,2019,0.0,,0.0,
BUENAVISTA,2019,0.0,,0.0,0.0
BUENAVISTA,2019,0.0,,,0.0
BUENAVISTA,2019,0.0,,,0.0
BUENAVISTA,2019,0.0,,,
BUENAVISTA,2019,0.0,,,0.0
BUENAVISTA,2019,0.0,,0.0,0.0
BUENAVISTA,2019,0.0,,0.0,0.0
BUENAVISTA,2019,0.0,,0.0,
BUENAVISTA,2019,0.0,,0.0,0.0
BUENAVISTA,2019,0.0,0.0,0.0,0.0
BUENAVISTA,2019,0.0,0.0,0.0,0.0
BUENAVISTA,2019,0.0,0.0,0.0,
BUENAVISTA,2019,0.0,0.0,0.0,0.0
BUENAVISTA,2019,0.0,0.0,0.0,0.0
BUENAVISTA,2019,0.0,0.0,0.0,0.0
BUENAVISTA,2019,0.0,0.0,0.0,
BUENAVISTA,2019,0.0,0.0,0.0,0.0
BUENAVISTA,2019,0.0,0.0,,0.0
BUENAVISTA,2019,0.0,0.0,,0.0
BUENAVISTA,2019,0.0,0.0,,
BUENAVISTA,2019,0.0,0.0,,0.0
BUENAVISTA,2019,0.0,0.0,0.0,0.0
BUENAVISTA,2019,0.0,0.0,0.0,0.0
BUENAVISTA,2019,0.0,0.0,0.0,
BUENAVISTA,2019,0.0,0.0,0.0,0.0
BUENAVISTA,2020,0.0,0.0,0.0,0.0
BUENAVISTA,2020,0.0,0.0,0.0,0.0
BUENAVISTA,2020,0.0,0.0,0.0,
BUENAVISTA,2020,0.0,0.0,0.0,0.0
BUENAVISTA,2020,0.0,0.0,0.0,0.0
BUENAVISTA,2020,0.0,0.0,0.0,0.0
BUENAVISTA,2020,0.0,0.0,0.0,
BUENAVISTA,2020,0.0,0.0,0.0,0.0
BUENAVISTA,2020,0.0,0.0,,0.0
BUENAVISTA,2020,0.0,0.0,,0.0
BUENAVISTA,2020,0.0,0.0,,
BUENAVISTA,2020,0.0,0.0,,0.0
BUENAVISTA,2020,0.0,0.0,0.0,0.0
BUENAVISTA,2020,0.0,0.0,0.0,0.0
BUENAVISTA,2020,0.0,0.0,0.0,
BUENAVISTA,2020,0.0,0.0,0.0,0.0
BUENAVISTA,2020,0.0,0.0,0.0,0.0
BUENAVISTA,2020,0.0,0.0,0.0,0.0
BUENAVISTA,2020,0.0,0.0,0.0,
BUENAVISTA,2020,0.0,0.0,0.0,0.0
BUENAVISTA,2020,0.0,0.0,0.0,0.0
BUENAVISTA,2020,0.0,0.0,0.0,0.0
BUENAVISTA,2020,0.0,0.0,0.0,
BUENAVISTA,2020,0.0,0.0,0.0,0.0
BUENAVISTA,2020,0.0,0.0,,0.0
BUENAVISTA,2020,0.0,0.0,,0.0
BUENAVISTA,2020,0.0,0.0,,
BUENAVISTA,2020,0.0,0.0,,0.0
BUENAVISTA,2020,0.0,0.0,0.0,0.0
BUENAVISTA,2020,0.0,0.0,0.0,0.0
BUENAVISTA,2020,0.0,0.0,0.0,
BUENAVISTA,2020,0.0,0.0,0.0,0.0
BUENAVISTA,2020,0.0,,0.0,0.0
BUENAVISTA,2020,0.0,,0.0,0.0
BUENAVISTA,2020,0.0,,0.0,
BUENAVISTA,2020,0.0,,0.0,0.0
BUENAVISTA,2020,0.0,,0.0,0.0
BUENAVISTA,2020,0.0,,0.0,0.0
BUENAVISTA,2020,0.0,,0.0,
BUENAVISTA,2020,0.0,,0.0,0.0
BUENAVISTA,2020,0.0,,,0.0
BUENAVISTA,2020,0.0,,,0.0
BUENAVISTA,2020,0.0,,,
BUENAVISTA,2020,0.0,,,0.0
BUENAVISTA,2020,0.0,,0.0,0.0
BUENAVISTA,2020,0.0,,0.0,0.0
BUENAVISTA,2020,0.0,,0.0,
BUENAVISTA,2020,0.0,,0.0,0.0
BUENAVISTA,2020,0.0,0.0,0.0,0.0
BUENAVISTA,2020,0.0,0.0,0.0,0.0
BUENAVISTA,2020,0.0,0.0,0.0,
BUENAVISTA,2020,0.0,0.0,0.0,0.0
BUENAVISTA,2020,0.0,0.0,0.0,0.0
BUENAVISTA,2020,0.0,0.0,0.0,0.0
BUENAVISTA,2020,0.0,0.0,0.0,
BUENAVISTA,2020,0.0,0.0,0.0,0.0
BUENAVISTA,2020,0.0,0.0,,0.0
BUENAVISTA,2020,0.0,0.0,,0.0
BUENAVISTA,2020,0.0,0.0,,
BUENAVISTA,2020,0.0,0.0,,0.0
BUENAVISTA,2020,0.0,0.0,0.0,0.0
BUENAVISTA,2020,0.0,0.0,0.0,0.0
BUENAVISTA,2020,0.0,0.0,0.0,
BUENAVISTA,2020,0.0,0.0,0.0,0.0
BUENAVISTA,2020,0.0,0.0,0.0,0.0
BUENAVISTA,2020,0.0,0.0,0.0,0.0
BUENAVISTA,2020,0.0,0.0,0.0,
BUENAVISTA,2020,0.0,0.0,0.0,0.0
BUENAVISTA,2020,0.0,0.0,0.0,0.0
BUENAVISTA,2020,0.0,0.0,0.0,0.0
BUENAVISTA,2020,0.0,0.0,0.0,
BUENAVISTA,2020,0.0,0.0,0.0,0.0
BUENAVISTA,2020,0.0,0.0,,0.0
BUENAVISTA,2020,0.0,0.0,,0.0
BUENAVISTA,2020,0.0,0.0,,
BUENAVISTA,2020,0.0,0.0,,0.0
BUENAVISTA,2020,0.0,0.0,0.0,0.0
BUENAVISTA,2020,0.0,0.0,0.0,0.0
BUENAVISTA,2020,0.0,0.0,0.0,
BUENAVISTA,2020,0.0,0.0,0.0,0.0
BUENAVISTA,2020,0.0,0.0,0.0,0.0
BUENAVISTA,2020,0.0,0.0,0.0,0.0
BUENAVISTA,2020,0.0,0.0,0.0,
BUENAVISTA,2020,0.0,0.0,0.0,0.0
BUENAVISTA,2020,0.0,0.0,0.0,0.0
BUENAVISTA,2020,0.0,0.0,0.0,0.0
BUENAVISTA,2020,0.0,0.0,0.0,
BUENAVISTA,2020,0.0,0.0,0.0,0.0
BUENAVISTA,2020,0.0,0.0,,0.0
BUENAVISTA,2020,0.0,0.0,,0.0
BUENAVISTA,2020,0.0,0.0,,
BUENAVISTA,2020,0.0,0.0,,0.0
BUENAVISTA,2020,0.0,0.0,0.0,0.0
BUENAVISTA,2020,0.0,0.0,0.0,0.0
BUENAVISTA,2020,0.0,0.0,0.0,
BUENAVISTA,2020,0.0,0.0,0.0,0.0
BUENAVISTA,2020,0.0,,0.0,0.0
BUENAVISTA,2020,0.0,,0.0,0.0
BUENAVISTA,2020,0.0,,0.0,
BUENAVISTA,2020,0.0,,0.0,0.0
BUENAVISTA,2020,0.0,,0.0,0.0
BUENAVISTA,2020,0.0,,0.0,0.0
BUENAVISTA,2020,0.0,,0.0,
BUENAVISTA,2020,0.0,,0.0,0.0
BUENAVISTA,2020,0.0,,,0.0
BUENAVISTA,2020,0.0,,,0.0
BUENAVISTA,2020,0.0,,,
BUENAVISTA,2020,0.0,,,0.0
BUENAVISTA,2020,0.0,,0.0,0.0
BUENAVISTA,2020,0.0,,0.0,0.0
BUENAVISTA,2020,0.0,,0.0,
BUENAVISTA,2020,0.0,,0.0,0.0
BUENAVISTA,2020,0.0,0.0,0.0,0.0
BUENAVISTA,2020,0.0,0.0,0.0,0.0
BUENAVISTA,2020,0.0,0.0,0.0,
BUENAVISTA,2020,0.0,0.0,0.0,0.0
BUENAVISTA,2020,0.0,0.0,0.0,0.0
BUENAVISTA,2020,0.0,0.0,0.0,0.0
BUENAVISTA,2020,0.0,0.0,0.0,
BUENAVISTA,2020,0.0,0.0,0.0,0.0
BUENAVISTA,2020,0.0,0.0,,0.0
BUENAVISTA,2020,0.0,0.0,,0.0
BUENAVISTA,2020,0.0,0.0,,
BUENAVISTA,2020,0.0,0.0,,0.0
BUENAVISTA,2020,0.0,0.0,0.0,0.0
BUENAVISTA,2020,0.0,0.0,0.0,0.0
BUENAVISTA,2020,0.0,0.0,0.0,
BUENAVISTA,2020,0.0,0.0,0.0,0.0
BUENAVISTA,2020,,0.0,0.0,0.0
BUENAVISTA,2020,,0.0,0.0,0.0
BUENAVISTA,2020,,0.0,0.0,
BUENAVISTA,2020,,0.0,0.0,0.0
BUENAVISTA,2020,,0.0,0.0,0.0
BUENAVISTA,2020,,0.0,0.0,0.0
BUENAVISTA,2020,,0.0,0.0,
BUENAVISTA,2020,,0.0,0.0,0.0
BUENAVISTA,2020,,0.0,,0.0
BUENAVISTA,2020,,0.0,,0.0
BUENAVISTA,2020,,0.0,,
BUENAVISTA,2020,,0.0,,0.0
BUENAVISTA,2020,,0.0,0.0,0.0
BUENAVISTA,2020,,0.0,0.0,0.0
BUENAVISTA,2020,,0.0,0.0,
BUENAVISTA,2020,,0.0,0.0,0.0
BUENAVISTA,2020,,0.0,0.0,0.0
BUENAVISTA,2020,,0.0,0.0,0.0
BUENAVISTA,2020,,0.0,0.0,
BUENAVISTA,2020,,0.0,0.0,0.0
BUENAVISTA,2020,,0.0,0.0,0.0
BUENAVISTA,2020,,0.0,0.0,0.0
BUENAVISTA,2020,,0.0,0.0,
BUENAVISTA,2020,,0.0,0.0,0.0
BUENAVISTA,2020,,0.0,,0.0
BUENAVISTA,2020,,0.0,,0.0
BUENAVISTA,2020,,0.0,,
BUENAVISTA,2020,,0.0,,0.0
BUENAVISTA,2020,,0.0,0.0,0.0
BUENAVISTA,2020,,0.0,0.0,0.0
BUENAVISTA,2020,,0.0,0.0,
BUENAVISTA,2020,,0.0,0.0,0.0
BUENAVISTA,2020,,,0.0,0.0
BUENAVISTA,2020,,,0.0,0.0
BUENAVISTA,2020,,,0.0,
BUENAVISTA,2020,,,0.0,0.0
BUENAVISTA,2020,,,0.0,0.0
BUENAVISTA,2020,,,0.0,0.0
BUENAVISTA,2020,,,0.0,
BUENAVISTA,2020,,,0.0,0.0
BUENAVISTA,2020,,,,0.0
BUENAVISTA,2020,,,,0.0
BUENAVISTA,2020,,,,
BUENAVISTA,2020,,,,0.0
BUENAVISTA,2020,,,0.0,0.0
BUENAVISTA,2020,,,0.0,0.0
BUENAVISTA,2020,,,0.0,
BUENAVISTA,2020,,,0.0,0.0
BUENAVISTA,2020,,0.0,0.0,0.0
BUENAVISTA,2020,,0.0,0.0,0.0
BUENAVISTA,2020,,0.0,0.0,
BUENAVISTA,2020,,0.0,0.0,0.0
BUENAVISTA,2020,,0.0,0.0,0.0
BUENAVISTA,2020,,0.0,0.0,0.0
BUENAVISTA,2020,,0.0,0.0,
BUENAVISTA,2020,,0.0,0.0,0.0
BUENAVISTA,2020,,0.0,,0.0
BUENAVISTA,2020,,0.0,,0.0
BUENAVISTA,2020,,0.0,,
BUENAVISTA,2020,,0.0,,0.0
BUENAVISTA,2020,,0.0,0.0,0.0
BUENAVISTA,2020,,0.0,0.0,0.0
BUENAVISTA,2020,,0.0,0.0,
BUENAVISTA,2020,,0.0,0.0,0.0
BUENAVISTA,2020,0.0,0.0,0.0,0.0
BUENAVISTA,2020,0.0,0.0,0.0,0.0
BUENAVISTA,2020,0.0,0.0,0.0,
BUENAVISTA,2020,0.0,0.0,0.0,0.0
BUENAVISTA,2020,0.0,0.0,0.0,0.0
BUENAVISTA,2020,0.0,0.0,0.0,0.0
BUENAVISTA,2020,0.0,0.0,0.0,
BUENAVISTA,2020,0.0,0.0,0.0,0.0
BUENAVISTA,2020,0.0,0.0,,0.0
BUENAVISTA,2020,0.0,0.0,,0.0
BUENAVISTA,2020,0.0,0.0,,
BUENAVISTA,2020,0.0,0.0,,0.0
BUENAVISTA,2020,0.0,0.0,0.0,0.0
BUENAVISTA,2020,0.0,0.0,0.0,0.0
BUENAVISTA,2020,0.0,0.0,0.0,
BUENAVISTA,2020,0.0,0.0,0.0,0.0
BUENAVISTA,2020,0.0,0.0,0.0,0.0
BUENAVISTA,2020,0.0,0.0,0.0,0.0
BUENAVISTA,2020,0.0,0.0,0.0,
BUENAVISTA,2020,0.0,0.0,0.0,0.0
BUENAVISTA,2020,0.0,0.0,0.0,0.0
BUENAVISTA,2020,0.0,0.0,0.0,0.0
BUENAVISTA,2020,0.0,0.0,0.0,
BUENAVISTA,2020,0.0,0.0,0.0,0.0
BUENAVISTA,2020,0.0,0.0,,0.0
BUENAVISTA,2020,0.0,0.0,,0.0
BUENAVISTA,2020,0.0,0.0,,
BUENAVISTA,2020,0.0,0.0,,0.0
BUENAVISTA,2020,0.0,0.0,0.0,0.0
BUENAVISTA,2020,0.0,0.0,0.0,0.0
BUENAVISTA,2020,0.0,0.0,0.0,
BUENAVISTA,2020,0.0,0.0,0.0,0.0
BUENAVISTA,2020,0.0,,0.0,0.0
BUENAVISTA,2020,0.0,,0.0,0.0
BUENAVISTA,2020,0.0,,0.0,
BUENAVISTA,2020,0.0,,0.0,0.0
BUENAVISTA,2020,0.0,,0.0,0.0
BUENAVISTA,2020,0.0,,0.0,0.0
BUENAVISTA,2020,0.0,,0.0,
BUENAVISTA,2020,0.0,,0.0,0.0
BUENAVISTA,2020,0.0,,,0.0
BUENAVISTA,2020,0.0,,,0.0
BUENAVISTA,2020,0.0,,,
BUENAVISTA,2020,0.0,,,0.0
BUENAVISTA,2020,0.0,,0.0,0.0
BUENAVISTA,2020,0.0,,0.0,0.0
BUENAVISTA,2020,0.0,,0.0,
BUENAVISTA,2020,0.0,,0.0,0.0
BUENAVISTA,2020,0.0,0.0,0.0,0.0
BUENAVISTA,2020,0.0,0.0,0.0,0.0
BUENAVISTA,2020,0.0,0.0,0.0,
BUENAVISTA,2020,0.0,0.0,0.0,0.0
BUENAVISTA,2020,0.0,0.0,0.0,0.0
BUENAVISTA,2020,0.0,0.0,0.0,0.0
BUENAVISTA,2020,0.0,0.0,0.0,
BUENAVISTA,2020,0.0,0.0,0.0,0.0
BUENAVISTA,2020,0.0,0.0,,0.0
BUENAVISTA,2020,0.0,0.0,,0.0
BUENAVISTA,2020,0.0,0.0,,
BUENAVISTA,2020,0.0,0.0,,0.0
BUENAVISTA,2020,0.0,0.0,0.0,0.0
BUENAVISTA,2020,0.0,0.0,0.0,0.0
BUENAVISTA,2020,0.0,0.0,0.0,
BUENAVISTA,2020,0.0,0.0,0.0,0.0
BUENAVISTA,2021,0.0,0.0,0.0,0.0
BUENAVISTA,2021,0.0,0.0,0.0,0.0
BUENAVISTA,2021,0.0,0.0,0.0,
BUENAVISTA,2021,0.0,0.0,0.0,0.0
BUENAVISTA,2021,0.0,0.0,0.0,0.0
BUENAVISTA,2021,0.0,0.0,0.0,0.0
BUENAVISTA,2021,0.0,0.0,0.0,
BUENAVISTA,2021,0.0,0.0,0.0,0.0
BUENAVISTA,2021,0.0,0.0,,0.0
BUENAVISTA,2021,0.0,0.0,,0.0
BUENAVISTA,2021,0.0,0.0,,
BUENAVISTA,2021,0.0,0.0,,0.0
BUENAVISTA,2021,0.0,0.0,0.0,0.0
BUENAVISTA,2021,0.0,0.0,0.0,0.0
BUENAVISTA,2021,0.0,0.0,0.0,
BUENAVISTA,2021,0.0,0.0,0.0,0.0
BUENAVISTA,2021,0.0,0.0,0.0,0.0
BUENAVISTA,2021,0.0,0.0,0.0,0.0
BUENAVISTA,2021,0.0,0.0,0.0,
BUENAVISTA,2021,0.0,0.0,0.0,0.0
BUENAVISTA,2021,0.0,0.0,0.0,0.0
BUENAVISTA,2021,0.0,0.0,0.0,0.0
BUENAVISTA,2021,0.0,0.0,0.0,
BUENAVISTA,2021,0.0,0.0,0.0,0.0
BUENAVISTA,2021,0.0,0.0,,0.0
BUENAVISTA,2021,0.0,0.0,,0.0
BUENAVISTA,2021,0.0,0.0,,
BUENAVISTA,2021,0.0,0.0,,0.0
BUENAVISTA,2021,0.0,0.0,0.0,0.0
BUENAVISTA,2021,0.0,0.0,0.0,0.0
BUENAVISTA,2021,0.0,0.0,0.0,
BUENAVISTA,2021,0.0,0.0,0.0,0.0
BUENAVISTA,2021,0.0,,0.0,0.0
BUENAVISTA,2021,0.0,,0.0,0.0
BUENAVISTA,2021,0.0,,0.0,
BUENAVISTA,2021,0.0,,0.0,0.0
BUENAVISTA,2021,0.0,,0.0,0.0
BUENAVISTA,2021,0.0,,0.0,0.0
BUENAVISTA,2021,0.0,,0.0,
BUENAVISTA,2021,0.0,,0.0,0.0
BUENAVISTA,2021,0.0,,,0.0
BUENAVISTA,2021,0.0,,,0.0
BUENAVISTA,2021,0.0,,,
BUENAVISTA,2021,0.0,,,0.0
BUENAVISTA,2021,0.0,,0.0,0.0
BUENAVISTA,2021,0.0,,0.0,0.0
BUENAVISTA,2021,0.0,,0.0,
BUENAVISTA,2021,0.0,,0.0,0.0
BUENAVISTA,2021,0.0,0.0,0.0,0.0
BUENAVISTA,2021,0.0,0.0,0.0,0.0
BUENAVISTA,2021,0.0,0.0,0.0,
BUENAVISTA,2021,0.0,0.0,0.0,0.0
BUENAVISTA,2021,0.0,0.0,0.0,0.0
BUENAVISTA,2021,0.0,0.0,0.0,0.0
BUENAVISTA,2021,0.0,0.0,0.0,
BUENAVISTA,2021,0.0,0.0,0.0,0.0
BUENAVISTA,2021,0.0,0.0,,0.0
BUENAVISTA,2021,0.0,0.0,,0.0
BUENAVISTA,2021,0.0,0.0,,
BUENAVISTA,2021,0.0,0.0,,0.0
BUENAVISTA,2021,0.0,0.0,0.0,0.0
BUENAVISTA,2021,0.0,0.0,0.0,0.0
BUENAVISTA,2021,0.0,0.0,0.0,
BUENAVISTA,2021,0.0,0.0,0.0,0.0
BUENAVISTA,2021,0.0,0.0,0.0,0.0
BUENAVISTA,2021,0.0,0.0,0.0,0.0
BUENAVISTA,2021,0.0,0.0,0.0,
BUENAVISTA,2021,0.0,0.0,0.0,0.0
BUENAVISTA,2021,0.0,0.0,0.0,0.0
BUENAVISTA,2021,0.0,0.0,0.0,0.0
BUENAVISTA,2021,0.0,0.0,0.0,
BUENAVISTA,2021,0.0,0.0,0.0,0.0
BUENAVISTA,2021,0.0,0.0,,0.0
BUENAVISTA,2021,0.0,0.0,,0.0
BUENAVISTA,2021,0.0,0.0,,
BUENAVISTA,2021,0.0,0.0,,0.0
BUENAVISTA,2021,0.0,0.0,0.0,0.0
BUENAVISTA,2021,0.0,0.0,0.0,0.0
BUENAVISTA,2021,0.0,0.0,0.0,
BUENAVISTA,2021,0.0,0.0,0.0,0.0
BUENAVISTA,2021,0.0,0.0,0.0,0.0
BUENAVISTA,2021,0.0,0.0,0.0,0.0
BUENAVISTA,2021,0.0,0.0,0.0,
BUENAVISTA,2021,0.0,0.0,0.0,0.0
BUENAVISTA,2021,0.0,0.0,0.0,0.0
BUENAVISTA,2021,0.0,0.0,0.0,0.0
BUENAVISTA,2021,0.0,0.0,0.0,
BUENAVISTA,2021,0.0,0.0,0.0,0.0
BUENAVISTA,2021,0.0,0.0,,0.0
BUENAVISTA,2021,0.0,0.0,,0.0
BUENAVISTA,2021,0.0,0.0,,
BUENAVISTA,2021,0.0,0.0,,0.0
BUENAVISTA,2021,0.0,0.0,0.0,0.0
BUENAVISTA,2021,0.0,0.0,0.0,0.0
BUENAVISTA,2021,0.0,0.0,0.0,
BUENAVISTA,2021,0.0,0.0,0.0,0.0
BUENAVISTA,2021,0.0,,0.0,0.0
BUENAVISTA,2021,0.0,,0.0,0.0
BUENAVISTA,2021,0.0,,0.0,
BUENAVISTA,2021,0.0,,0.0,0.0
BUENAVISTA,2021,0.0,,0.0,0.0
BUENAVISTA,2021,0.0,,0.0,0.0
BUENAVISTA,2021,0.0,,0.0,
BUENAVISTA,2021,0.0,,0.0,0.0
BUENAVISTA,2021,0.0,,,0.0
BUENAVISTA,2021,0.0,,,0.0
BUENAVISTA,2021,0.0,,,
BUENAVISTA,2021,0.0,,,0.0
BUENAVISTA,2021,0.0,,0.0,0.0
BUENAVISTA,2021,0.0,,0.0,0.0
BUENAVISTA,2021,0.0,,0.0,
BUENAVISTA,2021,0.0,,0.0,0.0
BUENAVISTA,2021,0.0,0.0,0.0,0.0
BUENAVISTA,2021,0.0,0.0,0.0,0.0
BUENAVISTA,2021,0.0,0.0,0.0,
BUENAVISTA,2021,0.0,0.0,0.0,0.0
BUENAVISTA,2021,0.0,0.0,0.0,0.0
BUENAVISTA,2021,0.0,0.0,0.0,0.0
BUENAVISTA,2021,0.0,0.0,0.0,
BUENAVISTA,2021,0.0,0.0,0.0,0.0
BUENAVISTA,2021,0.0,0.0,,0.0
BUENAVISTA,2021,0.0,0.0,,0.0
BUENAVISTA,2021,0.0,0.0,,
BUENAVISTA,2021,0.0,0.0,,0.0
BUENAVISTA,2021,0.0,0.0,0.0,0.0
BUENAVISTA,2021,0.0,0.0,0.0,0.0
BUENAVISTA,2021,0.0,0.0,0.0,
BUENAVISTA,2021,0.0,0.0,0.0,0.0
BUENAVISTA,2021,,0.0,0.0,0.0
BUENAVISTA,2021,,0.0,0.0,0.0
BUENAVISTA,2021,,0.0,0.0,
BUENAVISTA,2021,,0.0,0.0,0.0
BUENAVISTA,2021,,0.0,0.0,0.0
BUENAVISTA,2021,,0.0,0.0,0.0
BUENAVISTA,2021,,0.0,0.0,
BUENAVISTA,2021,,0.0,0.0,0.0
BUENAVISTA,2021,,0.0,,0.0
BUENAVISTA,2021,,0.0,,0.0
BUENAVISTA,2021,,0.0,,
BUENAVISTA,2021,,0.0,,0.0
BUENAVISTA,2021,,0.0,0.0,0.0
BUENAVISTA,2021,,0.0,0.0,0.0
BUENAVISTA,2021,,0.0,0.0,
BUENAVISTA,2021,,0.0,0.0,0.0
BUENAVISTA,2021,,0.0,0.0,0.0
BUENAVISTA,2021,,0.0,0.0,0.0
BUENAVISTA,2021,,0.0,0.0,
BUENAVISTA,2021,,0.0,0.0,0.0
BUENAVISTA,2021,,0.0,0.0,0.0
BUENAVISTA,2021,,0.0,0.0,0.0
BUENAVISTA,2021,,0.0,0.0,
BUENAVISTA,2021,,0.0,0.0,0.0
BUENAVISTA,2021,,0.0,,0.0
BUENAVISTA,2021,,0.0,,0.0
BUENAVISTA,2021,,0.0,,
BUENAVISTA,2021,,0.0,,0.0
BUENAVISTA,2021,,0.0,0.0,0.0
BUENAVISTA,2021,,0.0,0.0,0.0
BUENAVISTA,2021,,0.0,0.0,
BUENAVISTA,2021,,0.0,0.0,0.0
BUENAVISTA,2021,,,0.0,0.0
BUENAVISTA,2021,,,0.0,0.0
BUENAVISTA,2021,,,0.0,
BUENAVISTA,2021,,,0.0,0.0
BUENAVISTA,2021,,,0.0,0.0
BUENAVISTA,2021,,,0.0,0.0
BUENAVISTA,2021,,,0.0,
BUENAVISTA,2021,,,0.0,0.0
BUENAVISTA,2021,,,,0.0
BUENAVISTA,2021,,,,0.0
BUENAVISTA,2021,,,,
BUENAVISTA,2021,,,,0.0
BUENAVISTA,2021,,,0.0,0.0
BUENAVISTA,2021,,,0.0,0.0
BUENAVISTA,2021,,,0.0,
BUENAVISTA,2021,,,0.0,0.0
BUENAVISTA,2021,,0.0,0.0,0.0
BUENAVISTA,2021,,0.0,0.0,0.0
BUENAVISTA,2021,,0.0,0.0,
BUENAVISTA,2021,,0.0,0.0,0.0
BUENAVISTA,2021,,0.0,0.0,0.0
BUENAVISTA,2021,,0.0,0.0,0.0
BUENAVISTA,2021,,0.0,0.0,
BUENAVISTA,2021,,0.0,0.0,0.0
BUENAVISTA,2021,,0.0,,0.0
BUENAVISTA,2021,,0.0,,0.0
BUENAVISTA,2021,,0.0,,
BUENAVISTA,2021,,0.0,,0.0
BUENAVISTA,2021,,0.0,0.0,0.0
BUENAVISTA,2021,,0.0,0.0,0.0
BUENAVISTA,2021,,0.0,0.0,
BUENAVISTA,2021,,0.0,0.0,0.0
BUENAVISTA,2021,0.0,0.0,0.0,0.0
BUENAVISTA,2021,0.0,0.0,0.0,0.0
BUENAVISTA,2021,0.0,0.0,0.0,
BUENAVISTA,2021,0.0,0.0,0.0,0.0
BUENAVISTA,2021,0.0,0.0,0.0,0.0
BUENAVISTA,2021,0.0,0.0,0.0,0.0
BUENAVISTA,2021,0.0,0.0,0.0,
BUENAVISTA,2021,0.0,0.0,0.0,0.0
BUENAVISTA,2021,0.0,0.0,,0.0
BUENAVISTA,2021,0.0,0.0,,0.0
BUENAVISTA,2021,0.0,0.0,,
BUENAVISTA,2021,0.0,0.0,,0.0
BUENAVISTA,2021,0.0,0.0,0.0,0.0
BUENAVISTA,2021,0.0,0.0,0.0,0.0
BUENAVISTA,2021,0.0,0.0,0.0,
BUENAVISTA,2021,0.0,0.0,0.0,0.0
BUENAVISTA,2021,0.0,0.0,0.0,0.0
BUENAVISTA,2021,0.0,0.0,0.0,0.0
BUENAVISTA,2021,0.0,0.0,0.0,
BUENAVISTA,2021,0.0,0.0,0.0,0.0
BUENAVISTA,2021,0.0,0.0,0.0,0.0
BUENAVISTA,2021,0.0,0.0,0.0,0.0
BUENAVISTA,2021,0.0,0.0,0.0,
BUENAVISTA,2021,0.0,0.0,0.0,0.0
BUENAVISTA,2021,0.0,0.0,,0.0
BUENAVISTA,2021,0.0,0.0,,0.0
BUENAVISTA,2021,0.0,0.0,,
BUENAVISTA,2021,0.0,0.0,,0.0
BUENAVISTA,2021,0.0,0.0,0.0,0.0
BUENAVISTA,2021,0.0,0.0,0.0,0.0
BUENAVISTA,2021,0.0,0.0,0.0,
BUENAVISTA,2021,0.0,0.0,0.0,0.0
BUENAVISTA,2021,0.0,,0.0,0.0
BUENAVISTA,2021,0.0,,0.0,0.0
BUENAVISTA,2021,0.0,,0.0,
BUENAVISTA,2021,0.0,,0.0,0.0
BUENAVISTA,2021,0.0,,0.0,0.0
BUENAVISTA,2021,0.0,,0.0,0.0
BUENAVISTA,2021,0.0,,0.0,
BUENAVISTA,2021,0.0,,0.0,0.0
BUENAVISTA,2021,0.0,,,0.0
BUENAVISTA,2021,0.0,,,0.0
BUENAVISTA,2021,0.0,,,
BUENAVISTA,2021,0.0,,,0.0
BUENAVISTA,2021,0.0,,0.0,0.0
BUENAVISTA,2021,0.0,,0.0,0.0
BUENAVISTA,2021,0.0,,0.0,
BUENAVISTA,2021,0.0,,0.0,0.0
BUENAVISTA,2021,0.0,0.0,0.0,0.0
BUENAVISTA,2021,0.0,0.0,0.0,0.0
BUENAVISTA,2021,0.0,0.0,0.0,
BUENAVISTA,2021,0.0,0.0,0.0,0.0
BUENAVISTA,2021,0.0,0.0,0.0,0.0
BUENAVISTA,2021,0.0,0.0,0.0,0.0
BUENAVISTA,2021,0.0,0.0,0.0,
BUENAVISTA,2021,0.0,0.0,0.0,0.0
BUENAVISTA,2021,0.0,0.0,,0.0
BUENAVISTA,2021,0.0,0.0,,0.0
BUENAVISTA,2021,0.0,0.0,,
BUENAVISTA,2021,0.0,0.0,,0.0
BUENAVISTA,2021,0.0,0.0,0.0,0.0
BUENAVISTA,2021,0.0,0.0,0.0,0.0
BUENAVISTA,2021,0.0,0.0,0.0,
BUENAVISTA,2021,0.0,0.0,0.0,0.0
BUENAVISTA,2022,0.0,0.0,0.0,0.0
BUENAVISTA,2022,0.0,0.0,0.0,0.0
BUENAVISTA,2022,0.0,0.0,0.0,
BUENAVISTA,2022,0.0,0.0,0.0,0.0
BUENAVISTA,2022,0.0,0.0,0.0,0.0
BUENAVISTA,2022,0.0,0.0,0.0,0.0
BUENAVISTA,2022,0.0,0.0,0.0,
BUENAVISTA,2022,0.0,0.0,0.0,0.0
BUENAVISTA,2022,0.0,0.0,,0.0
BUENAVISTA,2022,0.0,0.0,,0.0
BUENAVISTA,2022,0.0,0.0,,
BUENAVISTA,2022,0.0,0.0,,0.0
BUENAVISTA,2022,0.0,0.0,0.0,0.0
BUENAVISTA,2022,0.0,0.0,0.0,0.0
BUENAVISTA,2022,0.0,0.0,0.0,
BUENAVISTA,2022,0.0,0.0,0.0,0.0
BUENAVISTA,2022,0.0,0.0,0.0,0.0
BUENAVISTA,2022,0.0,0.0,0.0,0.0
BUENAVISTA,2022,0.0,0.0,0.0,
BUENAVISTA,2022,0.0,0.0,0.0,0.0
BUENAVISTA,2022,0.0,0.0,0.0,0.0
BUENAVISTA,2022,0.0,0.0,0.0,0.0
BUENAVISTA,2022,0.0,0.0,0.0,
BUENAVISTA,2022,0.0,0.0,0.0,0.0
BUENAVISTA,2022,0.0,0.0,,0.0
BUENAVISTA,2022,0.0,0.0,,0.0
BUENAVISTA,2022,0.0,0.0,,
BUENAVISTA,2022,0.0,0.0,,0.0
BUENAVISTA,2022,0.0,0.0,0.0,0.0
BUENAVISTA,2022,0.0,0.0,0.0,0.0
BUENAVISTA,2022,0.0,0.0,0.0,
BUENAVISTA,2022,0.0,0.0,0.0,0.0
BUENAVISTA,2022,0.0,,0.0,0.0
BUENAVISTA,2022,0.0,,0.0,0.0
BUENAVISTA,2022,0.0,,0.0,
BUENAVISTA,2022,0.0,,0.0,0.0
BUENAVISTA,2022,0.0,,0.0,0.0
BUENAVISTA,2022,0.0,,0.0,0.0
BUENAVISTA,2022,0.0,,0.0,
BUENAVISTA,2022,0.0,,0.0,0.0
BUENAVISTA,2022,0.0,,,0.0
BUENAVISTA,2022,0.0,,,0.0
BUENAVISTA,2022,0.0,,,
BUENAVISTA,2022,0.0,,,0.0
BUENAVISTA,2022,0.0,,0.0,0.0
BUENAVISTA,2022,0.0,,0.0,0.0
BUENAVISTA,2022,0.0,,0.0,
BUENAVISTA,2022,0.0,,0.0,0.0
BUENAVISTA,2022,0.0,0.0,0.0,0.0
BUENAVISTA,2022,0.0,0.0,0.0,0.0
BUENAVISTA,2022,0.0,0.0,0.0,
BUENAVISTA,2022,0.0,0.0,0.0,0.0
BUENAVISTA,2022,0.0,0.0,0.0,0.0
BUENAVISTA,2022,0.0,0.0,0.0,0.0
BUENAVISTA,2022,0.0,0.0,0.0,
BUENAVISTA,2022,0.0,0.0,0.0,0.0
BUENAVISTA,2022,0.0,0.0,,0.0
BUENAVISTA,2022,0.0,0.0,,0.0
BUENAVISTA,2022,0.0,0.0,,
BUENAVISTA,2022,0.0,0.0,,0.0
BUENAVISTA,2022,0.0,0.0,0.0,0.0
BUENAVISTA,2022,0.0,0.0,0.0,0.0
BUENAVISTA,2022,0.0,0.0,0.0,
BUENAVISTA,2022,0.0,0.0,0.0,0.0
BUENAVISTA,2022,0.0,0.0,0.0,0.0
BUENAVISTA,2022,0.0,0.0,0.0,0.0
BUENAVISTA,2022,0.0,0.0,0.0,
BUENAVISTA,2022,0.0,0.0,0.0,0.0
BUENAVISTA,2022,0.0,0.0,0.0,0.0
BUENAVISTA,2022,0.0,0.0,0.0,0.0
BUENAVISTA,2022,0.0,0.0,0.0,
BUENAVISTA,2022,0.0,0.0,0.0,0.0
BUENAVISTA,2022,0.0,0.0,,0.0
BUENAVISTA,2022,0.0,0.0,,0.0
BUENAVISTA,2022,0.0,0.0,,
BUENAVISTA,2022,0.0,0.0,,0.0
BUENAVISTA,2022,0.0,0.0,0.0,0.0
BUENAVISTA,2022,0.0,0.0,0.0,0.0
BUENAVISTA,2022,0.0,0.0,0.0,
BUENAVISTA,2022,0.0,0.0,0.0,0.0
BUENAVISTA,2022,0.0,0.0,0.0,0.0
BUENAVISTA,2022,0.0,0.0,0.0,0.0
BUENAVISTA,2022,0.0,0.0,0.0,
BUENAVISTA,2022,0.0,0.0,0.0,0.0
BUENAVISTA,2022,0.0,0.0,0.0,0.0
BUENAVISTA,2022,0.0,0.0,0.0,0.0
BUENAVISTA,2022,0.0,0.0,0.0,
BUENAVISTA,2022,0.0,0.0,0.0,0.0
BUENAVISTA,2022,0.0,0.0,,0.0
BUENAVISTA,2022,0.0,0.0,,0.0
BUENAVISTA,2022,0.0,0.0,,
BUENAVISTA,2022,0.0,0.0,,0.0
BUENAVISTA,2022,0.0,0.0,0.0,0.0
BUENAVISTA,2022,0.0,0.0,0.0,0.0
BUENAVISTA,2022,0.0,0.0,0.0,
BUENAVISTA,2022,0.0,0.0,0.0,0.0
BUENAVISTA,2022,0.0,,0.0,0.0
BUENAVISTA,2022,0.0,,0.0,0.0
BUENAVISTA,2022,0.0,,0.0,
BUENAVISTA,2022,0.0,,0.0,0.0
BUENAVISTA,2022,0.0,,0.0,0.0
BUENAVISTA,2022,0.0,,0.0,0.0
BUENAVISTA,2022,0.0,,0.0,
BUENAVISTA,2022,0.0,,0.0,0.0
BUENAVISTA,2022,0.0,,,0.0
BUENAVISTA,2022,0.0,,,0.0
BUENAVISTA,2022,0.0,,,
BUENAVISTA,2022,0.0,,,0.0
BUENAVISTA,2022,0.0,,0.0,0.0
BUENAVISTA,2022,0.0,,0.0,0.0
BUENAVISTA,2022,0.0,,0.0,
BUENAVISTA,2022,0.0,,0.0,0.0
BUENAVISTA,2022,0.0,0.0,0.0,0.0
BUENAVISTA,2022,0.0,0.0,0.0,0.0
BUENAVISTA,2022,0.0,0.0,0.0,
BUENAVISTA,2022,0.0,0.0,0.0,0.0
BUENAVISTA,2022,0.0,0.0,0.0,0.0
BUENAVISTA,2022,0.0,0.0,0.0,0.0
BUENAVISTA,2022,0.0,0.0,0.0,
BUENAVISTA,2022,0.0,0.0,0.0,0.0
BUENAVISTA,2022,0.0,0.0,,0.0
BUENAVISTA,2022,0.0,0.0,,0.0
BUENAVISTA,2022,0.0,0.0,,
BUENAVISTA,2022,0.0,0.0,,0.0
BUENAVISTA,2022,0.0,0.0,0.0,0.0
BUENAVISTA,2022,0.0,0.0,0.0,0.0
BUENAVISTA,2022,0.0,0.0,0.0,
BUENAVISTA,2022,0.0,0.0,0.0,0.0
BUENAVISTA,2022,,0.0,0.0,0.0
BUENAVISTA,2022,,0.0,0.0,0.0
BUENAVISTA,2022,,0.0,0.0,
BUENAVISTA,2022,,0.0,0.0,0.0
BUENAVISTA,2022,,0.0,0.0,0.0
BUENAVISTA,2022,,0.0,0.0,0.0
BUENAVISTA,2022,,0.0,0.0,
BUENAVISTA,2022,,0.0,0.0,0.0
BUENAVISTA,2022,,0.0,,0.0
BUENAVISTA,2022,,0.0,,0.0
BUENAVISTA,2022,,0.0,,
BUENAVISTA,2022,,0.0,,0.0
BUENAVISTA,2022,,0.0,0.0,0.0
BUENAVISTA,2022,,0.0,0.0,0.0
BUENAVISTA,2022,,0.0,0.0,
BUENAVISTA,2022,,0.0,0.0,0.0
BUENAVISTA,2022,,0.0,0.0,0.0
BUENAVISTA,2022,,0.0,0.0,0.0
BUENAVISTA,2022,,0.0,0.0,
BUENAVISTA,2022,,0.0,0.0,0.0
BUENAVISTA,2022,,0.0,0.0,0.0
BUENAVISTA,2022,,0.0,0.0,0.0
BUENAVISTA,2022,,0.0,0.0,
BUENAVISTA,2022,,0.0,0.0,0.0
BUENAVISTA,2022,,0.0,,0.0
BUENAVISTA,2022,,0.0,,0.0
BUENAVISTA,2022,,0.0,,
BUENAVISTA,2022,,0.0,,0.0
BUENAVISTA,2022,,0.0,0.0,0.0
BUENAVISTA,2022,,0.0,0.0,0.0
BUENAVISTA,2022,,0.0,0.0,
BUENAVISTA,2022,,0.0,0.0,0.0
BUENAVISTA,2022,,,0.0,0.0
BUENAVISTA,2022,,,0.0,0.0
BUENAVISTA,2022,,,0.0,
BUENAVISTA,2022,,,0.0,0.0
BUENAVISTA,2022,,,0.0,0.0
BUENAVISTA,2022,,,0.0,0.0
BUENAVISTA,2022,,,0.0,
BUENAVISTA,2022,,,0.0,0.0
BUENAVISTA,2022,,,,0.0
BUENAVISTA,2022,,,,0.0
BUENAVISTA,2022,,,,
BUENAVISTA,2022,,,,0.0
BUENAVISTA,2022,,,0.0,0.0
BUENAVISTA,2022,,,0.0,0.0
BUENAVISTA,2022,,,0.0,
BUENAVISTA,2022,,,0.0,0.0
BUENAVISTA,2022,,0.0,0.0,0.0
BUENAVISTA,2022,,0.0,0.0,0.0
BUENAVISTA,2022,,0.0,0.0,
BUENAVISTA,2022,,0.0,0.0,0.0
BUENAVISTA,2022,,0.0,0.0,0.0
BUENAVISTA,2022,,0.0,0.0,0.0
BUENAVISTA,2022,,0.0,0.0,
BUENAVISTA,2022,,0.0,0.0,0.0
BUENAVISTA,2022,,0.0,,0.0
BUENAVISTA,2022,,0.0,,0.0
BUENAVISTA,2022,,0.0,,
BUENAVISTA,2022,,0.0,,0.0
BUENAVISTA,2022,,0.0,0.0,0.0
BUENAVISTA,2022,,0.0,0.0,0.0
BUENAVISTA,2022,,0.0,0.0,
BUENAVISTA,2022,,0.0,0.0,0.0
BUENAVISTA,2022,0.0,0.0,0.0,0.0
BUENAVISTA,2022,0.0,0.0,0.0,0.0
BUENAVISTA,2022,0.0,0.0,0.0,
BUENAVISTA,2022,0.0,0.0,0.0,0.0
BUENAVISTA,2022,0.0,0.0,0.0,0.0
BUENAVISTA,2022,0.0,0.0,0.0,0.0
BUENAVISTA,2022,0.0,0.0,0.0,
BUENAVISTA,2022,0.0,0.0,0.0,0.0
BUENAVISTA,2022,0.0,0.0,,0.0
BUENAVISTA,2022,0.0,0.0,,0.0
BUENAVISTA,2022,0.0,0.0,,
BUENAVISTA,2022,0.0,0.0,,0.0
BUENAVISTA,2022,0.0,0.0,0.0,0.0
BUENAVISTA,2022,0.0,0.0,0.0,0.0
BUENAVISTA,2022,0.0,0.0,0.0,
BUENAVISTA,2022,0.0,0.0,0.0,0.0
BUENAVISTA,2022,0.0,0.0,0.0,0.0
BUENAVISTA,2022,0.0,0.0,0.0,0.0
BUENAVISTA,2022,0.0,0.0,0.0,
BUENAVISTA,2022,0.0,0.0,0.0,0.0
BUENAVISTA,2022,0.0,0.0,0.0,0.0
BUENAVISTA,2022,0.0,0.0,0.0,0.0
BUENAVISTA,2022,0.0,0.0,0.0,
BUENAVISTA,2022,0.0,0.0,0.0,0.0
BUENAVISTA,2022,0.0,0.0,,0.0
BUENAVISTA,2022,0.0,0.0,,0.0
BUENAVISTA,2022,0.0,0.0,,
BUENAVISTA,2022,0.0,0.0,,0.0
BUENAVISTA,2022,0.0,0.0,0.0,0.0
BUENAVISTA,2022,0.0,0.0,0.0,0.0
BUENAVISTA,2022,0.0,0.0,0.0,
BUENAVISTA,2022,0.0,0.0,0.0,0.0
BUENAVISTA,2022,0.0,,0.0,0.0
BUENAVISTA,2022,0.0,,0.0,0.0
BUENAVISTA,2022,0.0,,0.0,
BUENAVISTA,2022,0.0,,0.0,0.0
BUENAVISTA,2022,0.0,,0.0,0.0
BUENAVISTA,2022,0.0,,0.0,0.0
BUENAVISTA,2022,0.0,,0.0,
BUENAVISTA,2022,0.0,,0.0,0.0
BUENAVISTA,2022,0.0,,,0.0
BUENAVISTA,2022,0.0,,,0.0
BUENAVISTA,2022,0.0,,,
BUENAVISTA,2022,0.0,,,0.0
BUENAVISTA,2022,0.0,,0.0,0.0
BUENAVISTA,2022,0.0,,0.0,0.0
BUENAVISTA,2022,0.0,,0.0,
BUENAVISTA,2022,0.0,,0.0,0.0
BUENAVISTA,2022,0.0,0.0,0.0,0.0
BUENAVISTA,2022,0.0,0.0,0.0,0.0
BUENAVISTA,2022,0.0,0.0,0.0,
BUENAVISTA,2022,0.0,0.0,0.0,0.0
BUENAVISTA,2022,0.0,0.0,0.0,0.0
BUENAVISTA,2022,0.0,0.0,0.0,0.0
BUENAVISTA,2022,0.0,0.0,0.0,
BUENAVISTA,2022,0.0,0.0,0.0,0.0
BUENAVISTA,2022,0.0,0.0,,0.0
BUENAVISTA,2022,0.0,0.0,,0.0
BUENAVISTA,2022,0.0,0.0,,
BUENAVISTA,2022,0.0,0.0,,0.0
BUENAVISTA,2022,0.0,0.0,0.0,0.0
BUENAVISTA,2022,0.0,0.0,0.0,0.0
BUENAVISTA,2022,0.0,0.0,0.0,
BUENAVISTA,2022,0.0,0.0,0.0,0.0
BUENAVISTA,2023,0.0,0.0,0.0,0.0
BUENAVISTA,2023,0.0,0.0,0.0,0.0
BUENAVISTA,2023,0.0,0.0,0.0,
BUENAVISTA,2023,0.0,0.0,0.0,0.0
BUENAVISTA,2023,0.0,0.0,0.0,0.0
BUENAVISTA,2023,0.0,0.0,0.0,0.0
BUENAVISTA,2023,0.0,0.0,0.0,
BUENAVISTA,2023,0.0,0.0,0.0,0.0
BUENAVISTA,2023,0.0,0.0,,0.0
BUENAVISTA,2023,0.0,0.0,,0.0
BUENAVISTA,2023,0.0,0.0,,
BUENAVISTA,2023,0.0,0.0,,0.0
BUENAVISTA,2023,0.0,0.0,0.0,0.0
BUENAVISTA,2023,0.0,0.0,0.0,0.0
BUENAVISTA,2023,0.0,0.0,0.0,
BUENAVISTA,2023,0.0,0.0,0.0,0.0
BUENAVISTA,2023,0.0,0.0,0.0,0.0
BUENAVISTA,2023,0.0,0.0,0.0,0.0
BUENAVISTA,2023,0.0,0.0,0.0,
BUENAVISTA,2023,0.0,0.0,0.0,0.0
BUENAVISTA,2023,0.0,0.0,0.0,0.0
BUENAVISTA,2023,0.0,0.0,0.0,0.0
BUENAVISTA,2023,0.0,0.0,0.0,
BUENAVISTA,2023,0.0,0.0,0.0,0.0
BUENAVISTA,2023,0.0,0.0,,0.0
BUENAVISTA,2023,0.0,0.0,,0.0
BUENAVISTA,2023,0.0,0.0,,
BUENAVISTA,2023,0.0,0.0,,0.0
BUENAVISTA,2023,0.0,0.0,0.0,0.0
BUENAVISTA,2023,0.0,0.0,0.0,0.0
BUENAVISTA,2023,0.0,0.0,0.0,
BUENAVISTA,2023,0.0,0.0,0.0,0.0
BUENAVISTA,2023,0.0,,0.0,0.0
BUENAVISTA,2023,0.0,,0.0,0.0
BUENAVISTA,2023,0.0,,0.0,
BUENAVISTA,2023,0.0,,0.0,0.0
BUENAVISTA,2023,0.0,,0.0,0.0
BUENAVISTA,2023,0.0,,0.0,0.0
BUENAVISTA,2023,0.0,,0.0,
BUENAVISTA,2023,0.0,,0.0,0.0
BUENAVISTA,2023,0.0,,,0.0
BUENAVISTA,2023,0.0,,,0.0
BUENAVISTA,2023,0.0,,,
BUENAVISTA,2023,0.0,,,0.0
BUENAVISTA,2023,0.0,,0.0,0.0
BUENAVISTA,2023,0.0,,0.0,0.0
BUENAVISTA,2023,0.0,,0.0,
BUENAVISTA,2023,0.0,,0.0,0.0
BUENAVISTA,2023,0.0,0.0,0.0,0.0
BUENAVISTA,2023,0.0,0.0,0.0,0.0
BUENAVISTA,2023,0.0,0.0,0.0,
BUENAVISTA,2023,0.0,0.0,0.0,0.0
BUENAVISTA,2023,0.0,0.0,0.0,0.0
BUENAVISTA,2023,0.0,0.0,0.0,0.0
BUENAVISTA,2023,0.0,0.0,0.0,
BUENAVISTA,2023,0.0,0.0,0.0,0.0
BUENAVISTA,2023,0.0,0.0,,0.0
BUENAVISTA,2023,0.0,0.0,,0.0
BUENAVISTA,2023,0.0,0.0,,
BUENAVISTA,2023,0.0,0.0,,0.0
BUENAVISTA,2023,0.0,0.0,0.0,0.0
BUENAVISTA,2023,0.0,0.0,0.0,0.0
BUENAVISTA,2023,0.0,0.0,0.0,
BUENAVISTA,2023,0.0,0.0,0.0,0.0
BUENAVISTA,2023,0.0,0.0,0.0,0.0
BUENAVISTA,2023,0.0,0.0,0.0,0.0
BUENAVISTA,2023,0.0,0.0,0.0,
BUENAVISTA,2023,0.0,0.0,0.0,0.0
BUENAVISTA,2023,0.0,0.0,0.0,0.0
BUENAVISTA,2023,0.0,0.0,0.0,0.0
BUENAVISTA,2023,0.0,0.0,0.0,
BUENAVISTA,2023,0.0,0.0,0.0,0.0
BUENAVISTA,2023,0.0,0.0,,0.0
BUENAVISTA,2023,0.0,0.0,,0.0
BUENAVISTA,2023,0.0,0.0,,
BUENAVISTA,2023,0.0,0.0,,0.0
BUENAVISTA,2023,0.0,0.0,0.0,0.0
BUENAVISTA,2023,0.0,0.0,0.0,0.0
BUENAVISTA,2023,0.0,0.0,0.0,
BUENAVISTA,2023,0.0,0.0,0.0,0.0
BUENAVISTA,2023,0.0,0.0,0.0,0.0
BUENAVISTA,2023,0.0,0.0,0.0,0.0
BUENAVISTA,2023,0.0,0.0,0.0,
BUENAVISTA,2023,0.0,0.0,0.0,0.0
BUENAVISTA,2023,0.0,0.0,0.0,0.0
BUENAVISTA,2023,0.0,0.0,0.0,0.0
BUENAVISTA,2023,0.0,0.0,0.0,
BUENAVISTA,2023,0.0,0.0,0.0,0.0
BUENAVISTA,2023,0.0,0.0,,0.0
BUENAVISTA,2023,0.0,0.0,,0.0
BUENAVISTA,2023,0.0,0.0,,
BUENAVISTA,2023,0.0,0.0,,0.0
BUENAVISTA,2023,0.0,0.0,0.0,0.0
BUENAVISTA,2023,0.0,0.0,0.0,0.0
BUENAVISTA,2023,0.0,0.0,0.0,
BUENAVISTA,2023,0.0,0.0,0.0,0.0
BUENAVISTA,2023,0.0,,0.0,0.0
BUENAVISTA,2023,0.0,,0.0,0.0
BUENAVISTA,2023,0.0,,0.0,
BUENAVISTA,2023,0.0,,0.0,0.0
BUENAVISTA,2023,0.0,,0.0,0.0
BUENAVISTA,2023,0.0,,0.0,0.0
BUENAVISTA,2023,0.0,,0.0,
BUENAVISTA,2023,0.0,,0.0,0.0
BUENAVISTA,2023,0.0,,,0.0
BUENAVISTA,2023,0.0,,,0.0
BUENAVISTA,2023,0.0,,,
BUENAVISTA,2023,0.0,,,0.0
BUENAVISTA,2023,0.0,,0.0,0.0
BUENAVISTA,2023,0.0,,0.0,0.0
BUENAVISTA,2023,0.0,,0.0,
BUENAVISTA,2023,0.0,,0.0,0.0
BUENAVISTA,2023,0.0,0.0,0.0,0.0
BUENAVISTA,2023,0.0,0.0,0.0,0.0
BUENAVISTA,2023,0.0,0.0,0.0,
BUENAVISTA,2023,0.0,0.0,0.0,0.0
BUENAVISTA,2023,0.0,0.0,0.0,0.0
BUENAVISTA,2023,0.0,0.0,0.0,0.0
BUENAVISTA,2023,0.0,0.0,0.0,
BUENAVISTA,2023,0.0,0.0,0.0,0.0
BUENAVISTA,2023,0.0,0.0,,0.0
BUENAVISTA,2023,0.0,0.0,,0.0
BUENAVISTA,2023,0.0,0.0,,
BUENAVISTA,2023,0.0,0.0,,0.0
BUENAVISTA,2023,0.0,0.0,0.0,0.0
BUENAVISTA,2023,0.0,0.0,0.0,0.0
BUENAVISTA,2023,0.0,0.0,0.0,
BUENAVISTA,2023,0.0,0.0,0.0,0.0
BUENAVISTA,2023,,0.0,0.0,0.0
BUENAVISTA,2023,,0.0,0.0,0.0
BUENAVISTA,2023,,0.0,0.0,
BUENAVISTA,2023,,0.0,0.0,0.0
BUENAVISTA,2023,,0.0,0.0,0.0
BUENAVISTA,2023,,0.0,0.0,0.0
BUENAVISTA,2023,,0.0,0.0,
BUENAVISTA,2023,,0.0,0.0,0.0
BUENAVISTA,2023,,0.0,,0.0
BUENAVISTA,2023,,0.0,,0.0
BUENAVISTA,2023,,0.0,,
BUENAVISTA,2023,,0.0,,0.0
BUENAVISTA,2023,,0.0,0.0,0.0
BUENAVISTA,2023,,0.0,0.0,0.0
BUENAVISTA,2023,,0.0,0.0,
BUENAVISTA,2023,,0.0,0.0,0.0
BUENAVISTA,2023,,0.0,0.0,0.0
BUENAVISTA,2023,,0.0,0.0,0.0
BUENAVISTA,2023,,0.0,0.0,
BUENAVISTA,2023,,0.0,0.0,0.0
BUENAVISTA,2023,,0.0,0.0,0.0
BUENAVISTA,2023,,0.0,0.0,0.0
BUENAVISTA,2023,,0.0,0.0,
BUENAVISTA,2023,,0.0,0.0,0.0
BUENAVISTA,2023,,0.0,,0.0
BUENAVISTA,2023,,0.0,,0.0
BUENAVISTA,2023,,0.0,,
BUENAVISTA,2023,,0.0,,0.0
BUENAVISTA,2023,,0.0,0.0,0.0
BUENAVISTA,2023,,0.0,0.0,0.0
BUENAVISTA,2023,,0.0,0.0,
BUENAVISTA,2023,,0.0,0.0,0.0
BUENAVISTA,2023,,,0.0,0.0
BUENAVISTA,2023,,,0.0,0.0
BUENAVISTA,2023,,,0.0,
BUENAVISTA,2023,,,0.0,0.0
BUENAVISTA,2023,,,0.0,0.0
BUENAVISTA,2023,,,0.0,0.0
BUENAVISTA,2023,,,0.0,
BUENAVISTA,2023,,,0.0,0.0
BUENAVISTA,2023,,,,0.0
BUENAVISTA,2023,,,,0.0
BUENAVISTA,2023,,,,
BUENAVISTA,2023,,,,0.0
BUENAVISTA,2023,,,0.0,0.0
BUENAVISTA,2023,,,0.0,0.0
BUENAVISTA,2023,,,0.0,
BUENAVISTA,2023,,,0.0,0.0
BUENAVISTA,2023,,0.0,0.0,0.0
BUENAVISTA,2023,,0.0,0.0,0.0
BUENAVISTA,2023,,0.0,0.0,
BUENAVISTA,2023,,0.0,0.0,0.0
BUENAVISTA,2023,,0.0,0.0,0.0
BUENAVISTA,2023,,0.0,0.0,0.0
BUENAVISTA,2023,,0.0,0.0,
BUENAVISTA,2023,,0.0,0.0,0.0
BUENAVISTA,2023,,0.0,,0.0
BUENAVISTA,2023,,0.0,,0.0
BUENAVISTA,2023,,0.0,,
BUENAVISTA,2023,,0.0,,0.0
BUENAVISTA,2023,,0.0,0.0,0.0
BUENAVISTA,2023,,0.0,0.0,0.0
BUENAVISTA,2023,,0.0,0.0,
BUENAVISTA,2023,,0.0,0.0,0.0
BUENAVISTA,2023,0.0,0.0,0.0,0.0
BUENAVISTA,2023,0.0,0.0,0.0,0.0
BUENAVISTA,2023,0.0,0.0,0.0,
BUENAVISTA,2023,0.0,0.0,0.0,0.0
BUENAVISTA,2023,0.0,0.0,0.0,0.0
BUENAVISTA,2023,0.0,0.0,0.0,0.0
BUENAVISTA,2023,0.0,0.0,0.0,
BUENAVISTA,2023,0.0,0.0,0.0,0.0
BUENAVISTA,2023,0.0,0.0,,0.0
BUENAVISTA,2023,0.0,0.0,,0.0
BUENAVISTA,2023,0.0,0.0,,
BUENAVISTA,2023,0.0,0.0,,0.0
BUENAVISTA,2023,0.0,0.0,0.0,0.0
BUENAVISTA,2023,0.0,0.0,0.0,0.0
BUENAVISTA,2023,0.0,0.0,0.0,
BUENAVISTA,2023,0.0,0.0,0.0,0.0
BUENAVISTA,2023,0.0,0.0,0.0,0.0
BUENAVISTA,2023,0.0,0.0,0.0,0.0
BUENAVISTA,2023,0.0,0.0,0.0,
BUENAVISTA,2023,0.0,0.0,0.0,0.0
BUENAVISTA,2023,0.0,0.0,0.0,0.0
BUENAVISTA,2023,0.0,0.0,0.0,0.0
BUENAVISTA,2023,0.0,0.0,0.0,
BUENAVISTA,2023,0.0,0.0,0.0,0.0
BUENAVISTA,2023,0.0,0.0,,0.0
BUENAVISTA,2023,0.0,0.0,,0.0
BUENAVISTA,2023,0.0,0.0,,
BUENAVISTA,2023,0.0,0.0,,0.0
BUENAVISTA,2023,0.0,0.0,0.0,0.0
BUENAVISTA,2023,0.0,0.0,0.0,0.0
BUENAVISTA,2023,0.0,0.0,0.0,
BUENAVISTA,2023,0.0,0.0,0.0,0.0
BUENAVISTA,2023,0.0,,0.0,0.0
BUENAVISTA,2023,0.0,,0.0,0.0
BUENAVISTA,2023,0.0,,0.0,
BUENAVISTA,2023,0.0,,0.0,0.0
BUENAVISTA,2023,0.0,,0.0,0.0
BUENAVISTA,2023,0.0,,0.0,0.0
BUENAVISTA,2023,0.0,,0.0,
BUENAVISTA,2023,0.0,,0.0,0.0
BUENAVISTA,2023,0.0,,,0.0
BUENAVISTA,2023,0.0,,,0.0
BUENAVISTA,2023,0.0,,,
BUENAVISTA,2023,0.0,,,0.0
BUENAVISTA,2023,0.0,,0.0,0.0
BUENAVISTA,2023,0.0,,0.0,0.0
BUENAVISTA,2023,0.0,,0.0,
BUENAVISTA,2023,0.0,,0.0,0.0
BUENAVISTA,2023,0.0,0.0,0.0,0.0
BUENAVISTA,2023,0.0,0.0,0.0,0.0
BUENAVISTA,2023,0.0,0.0,0.0,
BUENAVISTA,2023,0.0,0.0,0.0,0.0
BUENAVISTA,2023,0.0,0.0,0.0,0.0
BUENAVISTA,2023,0.0,0.0,0.0,0.0
BUENAVISTA,2023,0.0,0.0,0.0,
BUENAVISTA,2023,0.0,0.0,0.0,0.0
BUENAVISTA,2023,0.0,0.0,,0.0
BUENAVISTA,2023,0.0,0.0,,0.0
BUENAVISTA,2023,0.0,0.0,,
BUENAVISTA,2023,0.0,0.0,,0.0
BUENAVISTA,2023,0.0,0.0,0.0,0.0
BUENAVISTA,2023,0.0,0.0,0.0,0.0
BUENAVISTA,2023,0.0,0.0,0.0,
BUENAVISTA,2023,0.0,0.0,0.0,0.0
BUENOS AIRES,2017,0.0,0.0,0.0,0.0
BUENOS AIRES,2018,0.0,0.0,0.0,0.0
BUENOS AIRES,2019,0.0,0.0,0.0,0.0
BUENOS AIRES,2020,0.0,0.0,0.0,0.0
BUENOS AIRES,2021,0.0,0.0,0.0,0.0
BUENOS AIRES,2022,0.0,0.0,0.0,0.0
BUENOS AIRES,2023,0.0,0.0,0.0,0.0
BUESACO,2017,0.0,0.0,0.0,0.0
BUESACO,2018,0.0,0.0,0.0,0.0
BUESACO,2019,0.0,0.0,0.0,0.0
BUESACO,2020,0.0,0.0,0.0,0.0
BUESACO,2021,0.0,0.0,0.0,0.0
BUESACO,2022,0.0,0.0,0.0,0.0
BUESACO,2023,0.0,0.0,0.0,0.0
BUGALAGRANDE,2017,0.0,0.0,0.0,0.0
BUGALAGRANDE,2018,0.0,0.0,0.0,0.0
BUGALAGRANDE,2019,0.0,0.0,0.0,0.0
BUGALAGRANDE,2020,0.0,0.0,0.0,0.0
BUGALAGRANDE,2021,0.0,0.0,0.0,0.0
BUGALAGRANDE,2022,0.0,0.0,0.0,0.0
BUGALAGRANDE,2023,0.0,0.0,0.0,0.0
BURITICÁ,2017,0.0,0.0,0.0,0.0
BURITICÁ,2018,0.0,0.0,0.0,0.0
BURITICÁ,2019,0.0,0.0,0.0,0.0
BURITICÁ,2020,0.0,0.0,0.0,0.0
BURITICÁ,2021,0.0,0.0,0.0,0.0
BURITICÁ,2022,0.0,0.0,0.0,0.0
BURITICÁ,2023,0.0,0.0,0.0,0.0
BUSBANZÁ,2017,,,,
BUSBANZÁ,2018,,,,
BUSBANZÁ,2019,,,,
BUSBANZÁ,2020,,,,
BUSBANZÁ,2021,,,,
BUSBANZÁ,2022,,,,
BUSBANZÁ,2023,,,,
CABRERA,2017,86.97,0.0,0.0,0.0
CABRERA,2017,86.97,0.0,0.0,
CABRERA,2017,86.97,0.0,,0.0
CABRERA,2017,86.97,0.0,,
CABRERA,2017,86.97,,0.0,0.0
CABRERA,2017,86.97,,0.0,
CABRERA,2017,86.97,,,0.0
CABRERA,2017,86.97,,,
CABRERA,2017,,0.0,0.0,0.0
CABRERA,2017,,0.0,0.0,
CABRERA,2017,,0.0,,0.0
CABRERA,2017,,0.0,,
CABRERA,2017,,,0.0,0.0
CABRERA,2017,,,0.0,
CABRERA,2017,,,,0.0
CABRERA,2017,,,,
CABRERA,2018,0.0,2096698.39,0.0,0.0
CABRERA,2018,0.0,2096698.39,0.0,
CABRERA,2018,0.0,2096698.39,,0.0
CABRERA,2018,0.0,2096698.39,,
CABRERA,2018,0.0,,0.0,0.0
CABRERA,2018,0.0,,0.0,
CABRERA,2018,0.0,,,0.0
CABRERA,2018,0.0,,,
CABRERA,2018,,2096698.39,0.0,0.0
CABRERA,2018,,2096698.39,0.0,
CABRERA,2018,,2096698.39,,0.0
CABRERA,2018,,2096698.39,,
CABRERA,2018,,,0.0,0.0
CABRERA,2018,,,0.0,
CABRERA,2018,,,,0.0
CABRERA,2018,,,,
CABRERA,2019,0.0,0.0,0.0,0.0
CABRERA,2019,0.0,0.0,0.0,
CABRERA,2019,0.0,0.0,,0.0
CABRERA,2019,0.0,0.0,,
CABRERA,2019,0.0,,0.0,0.0
CABRERA,2019,0.0,,0.0,
CABRERA,2019,0.0,,,0.0
CABRERA,2019,0.0,,,
CABRERA,2019,,0.0,0.0,0.0
CABRERA,2019,,0.0,0.0,
CABRERA,2019,,0.0,,0.0
CABRERA,2019,,0.0,,
CABRERA,2019,,,0.0,0.0
CABRERA,2019,,,0.0,
CABRERA,2019,,,,0.0
CABRERA,2019,,,,
CABRERA,2020,0.0,0.0,0.0,0.0
CABRERA,2020,0.0,0.0,0.0,
CABRERA,2020,0.0,0.0,,0.0
CABRERA,2020,0.0,0.0,,
CABRERA,2020,0.0,,0.0,0.0
CABRERA,2020,0.0,,0.0,
CABRERA,2020,0.0,,,0.0
CABRERA,2020,0.0,,,
CABRERA,2020,,0.0,0.0,0.0
CABRERA,2020,,0.0,0.0,
CABRERA,2020,,0.0,,0.0
CABRERA,2020,,0.0,,
CABRERA,2020,,,0.0,0.0
CABRERA,2020,,,0.0,
CABRERA,2020,,,,0.0
CABRERA,2020,,,,
CABRERA,2021,0.0,0.0,0.0,0.0
CABRERA,2021,0.0,0.0,0.0,
CABRERA,2021,0.0,0.0,,0.0
CABRERA,2021,0.0,0.0,,
CABRERA,2021,0.0,,0.0,0.0
CABRERA,2021,0.0,,0.0,
CABRERA,2021,0.0,,,0.0
CABRERA,2021,0.0,,,
CABRERA,2021,,0.0,0.0,0.0
CABRERA,2021,,0.0,0.0,
CABRERA,2021,,0.0,,0.0
CABRERA,2021,,0.0,,
CABRERA,2021,,,0.0,0.0
CABRERA,2021,,,0.0,
CABRERA,2021,,,,0.0
CABRERA,2021,,,,
CABRERA,2022,0.0,0.0,0.0,0.0
CABRERA,2022,0.0,0.0,0.0,
CABRERA,2022,0.0,0.0,,0.0
CABRERA,2022,0.0,0.0,,
CABRERA,2022,0.0,,0.0,0.0
CABRERA,2022,0.0,,0.0,
CABRERA,2022,0.0,,,0.0
CABRERA,2022,0.0,,,
CABRERA,2022,,0.0,0.0,0.0
CABRERA,2022,,0.0,0.0,
CABRERA,2022,,0.0,,0.0
CABRERA,2022,,0.0,,
CABRERA,2022,,,0.0,0.0
CABRERA,2022,,,0.0,
CABRERA,2022,,,,0.0
CABRERA,2022,,,,
CABRERA,2023,0.0,0.0,0.0,0.0
CABRERA,2023,0.0,0.0,0.0,
CABRERA,2023,0.0,0.0,,0.0
CABRERA,2023,0.0,0.0,,
CABRERA,2023,0.0,,0.0,0.0
CABRERA,2023,0.0,,0.0,
CABRERA,2023,0.0,,,0.0
CABRERA,2023,0.0,,,
CABRERA,2023,,0.0,0.0,0.0
CABRERA,2023,,0.0,0.0,
CABRERA,2023,,0.0,,0.0
CABRERA,2023,,0.0,,
CABRERA,2023,,,0.0,0.0
CABRERA,2023,,,0.0,
CABRERA,2023,,,,0.0
CABRERA,2023,,,,
CABUYARO,2017,91.03,0.0,0.0,0.0
CABUYARO,2018,0.0,534336.07,0.0,0.0
CABUYARO,2019,0.0,0.0,0.0,0.0
CABUYARO,2020,0.0,0.0,0.0,0.0
CABUYARO,2021,0.0,0.0,0.0,0.0
CABUYARO,2022,0.0,0.0,0.0,0.0
CABUYARO,2023,0.0,0.0,0.0,0.0
CACAHUAL,2017,96.42,0.0,0.0,0.0
CACAHUAL,2018,0.0,768428.58,0.0,0.0
CACAHUAL,2019,0.0,0.0,0.0,0.0
CACAHUAL,2020,0.0,0.0,0.0,0.0
CACAHUAL,2021,0.0,0.0,0.0,0.0
CACAHUAL,2022,0.0,0.0,0.0,0.0
CACAHUAL,2023,0.0,0.0,0.0,0.0
CACHIPAY,2017,77.53,0.0,0.0,0.0
CACHIPAY,2018,0.0,961998.91,0.0,0.0
CACHIPAY,2019,0.0,0.0,0.0,0.0
CACHIPAY,2020,0.0,0.0,0.0,0.0
CACHIPAY,2021,0.0,0.0,0.0,0.0
CACHIPAY,2022,0.0,0.0,0.0,0.0
CACHIPAY,2023,0.0,0.0,0.0,0.0
CAICEDO,2017,0.0,0.0,0.0,0.0
CAICEDO,2018,0.0,0.0,0.0,0.0
CAICEDO,2019,0.0,0.0,0.0,0.0
CAICEDO,2020,0.0,0.0,0.0,0.0
CAICEDO,2021,0.0,0.0,0.0,0.0
CAICEDO,2022,0.0,0.0,0.0,0.0
CAICEDO,2023,0.0,0.0,0.0,0.0
CAICEDONIA,2017,0.0,0.0,0.0,0.0
CAICEDONIA,2018,0.0,0.0,0.0,0.0
CAICEDONIA,2019,0.0,0.0,0.0,0.0
CAICEDONIA,2020,0.0,0.0,0.0,0.0
CAICEDONIA,2021,0.0,0.0,0.0,0.0
CAICEDONIA,2022,0.0,0.0,0.0,0.0
CAICEDONIA,2023,0.0,0.0,0.0,0.0
CAIMITO,2017,44.6,0.0,0.0,0.0
CAIMITO,2018,0.0,188220.62,0.0,0.0
CAIMITO,2019,0.0,0.0,0.0,0.0
CAIMITO,2020,0.0,0.0,0.0,0.0
CAIMITO,2021,0.0,0.0,0.0,0.0
CAIMITO,2022,0.0,0.0,0.0,0.0
CAIMITO,2023,0.0,0.0,0.0,0.0
CAJAMARCA,2017,0.0,0.0,0.0,0.0
CAJAMARCA,2018,0.0,0.0,0.0,0.0
CAJAMARCA,2019,0.0,0.0,0.0,0.0
CAJAMARCA,2020,0.0,0.0,0.0,0.0
CAJAMARCA,2021,0.0,0.0,0.0,0.0
CAJAMARCA,2022,0.0,0.0,0.0,0.0
CAJAMARCA,2023,0.0,0.0,0.0,0.0
CAJIBÍO,2017,0.0,0.0,0.0,0.0
CAJIBÍO,2018,0.0,0.0,0.0,0.0
CAJIBÍO,2019,0.0,0.0,0.0,0.0
CAJIBÍO,2020,0.0,0.0,0.0,0.0
CAJIBÍO,2021,0.0,0.0,0.0,0.0
CAJIBÍO,2022,0.0,0.0,0.0,0.0
CAJIBÍO,2023,0.0,0.0,0.0,0.0
CAJICÁ,2017,,,,
CAJICÁ,2018,,,,
CAJICÁ,2019,,,,
CAJICÁ,2020,,,,
CAJICÁ,2021,,,,
CAJICÁ,2022,,,,
CAJICÁ,2023,,,,
CALAMAR,2017,88.5,441385.64,31.81,24.22
CALAMAR,2017,88.5,441385.64,31.81,0.0
CALAMAR,2017,88.5,441385.64,0.0,24.22
CALAMAR,2017,88.5,441385.64,0.0,0.0
CALAMAR,2017,88.5,0.0,31.81,24.22
CALAMAR,2017,88.5,0.0,31.81,0.0
CALAMAR,2017,88.5,0.0,0.0,24.22
CALAMAR,2017,88.5,0.0,0.0,0.0
CALAMAR,2017,93.77,441385.64,31.81,24.22
CALAMAR,2017,93.77,441385.64,31.81,0.0
CALAMAR,2017,93.77,441385.64,0.0,24.22
CALAMAR,2017,93.77,441385.64,0.0,0.0
CALAMAR,2017,93.77,0.0,31.81,24.22
CALAMAR,2017,93.77,0.0,31.81,0.0
CALAMAR,2017,93.77,0.0,0.0,24.22
CALAMAR,2017,93.77,0.0,0.0,0.0
CALAMAR,2018,88.79,421452.1,31.76,24.09
CALAMAR,2018,88.79,421452.1,31.76,0.0
CALAMAR,2018,88.79,421452.1,0.0,24.09
CALAMAR,2018,88.79,421452.1,0.0,0.0
CALAMAR,2018,88.79,659993.83,31.76,24.09
CALAMAR,2018,88.79,659993.83,31.76,0.0
CALAMAR,2018,88.79,659993.83,0.0,24.09
CALAMAR,2018,88.79,659993.83,0.0,0.0
CALAMAR,2018,0.0,421452.1,31.76,24.09
CALAMAR,2018,0.0,421452.1,31.76,0.0
CALAMAR,2018,0.0,421452.1,0.0,24.09
CALAMAR,2018,0.0,421452.1,0.0,0.0
CALAMAR,2018,0.0,659993.83,31.76,24.09
CALAMAR,2018,0.0,659993.83,31.76,0.0
CALAMAR,2018,0.0,659993.83,0.0,24.09
CALAMAR,2018,0.0,659993.83,0.0,0.0
CALAMAR,2019,88.4,364799.74,32.05,24.4
CALAMAR,2019,88.4,364799.74,32.05,0.0
CALAMAR,2019,88.4,364799.74,0.0,24.4
CALAMAR,2019,88.4,364799.74,0.0,0.0
CALAMAR,2019,88.4,0.0,32.05,24.4
CALAMAR,2019,88.4,0.0,32.05,0.0
CALAMAR,2019,88.4,0.0,0.0,24.4
CALAMAR,2019,88.4,0.0,0.0,0.0
CALAMAR,2019,0.0,364799.74,32.05,24.4
CALAMAR,2019,0.0,364799.74,32.05,0.0
CALAMAR,2019,0.0,364799.74,0.0,24.4
CALAMAR,2019,0.0,364799.74,0.0,0.0
CALAMAR,2019,0.0,0.0,32.05,24.4
CALAMAR,2019,0.0,0.0,32.05,0.0
CALAMAR,2019,0.0,0.0,0.0,24.4
CALAMAR,2019,0.0,0.0,0.0,0.0
CALAMAR,2020,88.2,408589.38,31.7,24.22
CALAMAR,2020,88.2,408589.38,31.7,0.0
CALAMAR,2020,88.2,408589.38,0.0,24.22
CALAMAR,2020,88.2,408589.38,0.0,0.0
CALAMAR,2020,88.2,0.0,31.7,24.22
CALAMAR,2020,88.2,0.0,31.7,0.0
CALAMAR,2020,88.2,0.0,0.0,24.22
CALAMAR,2020,88.2,0.0,0.0,0.0
CALAMAR,2020,0.0,408589.38,31.7,24.22
CALAMAR,2020,0.0,408589.38,31.7,0.0
CALAMAR,2020,0.0,408589.38,0.0,24.22
CALAMAR,2020,0.0,408589.38,0.0,0.0
CALAMAR,2020,0.0,0.0,31.7,24.22
CALAMAR,2020,0.0,0.0,31.7,0.0
CALAMAR,2020,0.0,0.0,0.0,24.22
CALAMAR,2020,0.0,0.0,0.0,0.0
CALAMAR,2021,88.17,461965.41,31.5,24.01
CALAMAR,2021,88.17,461965.41,31.5,0.0
CALAMAR,2021,88.17,461965.41,0.0,24.01
CALAMAR,2021,88.17,461965.41,0.0,0.0
CALAMAR,2021,88.17,0.0,31.5,24.01
CALAMAR,2021,88.17,0.0,31.5,0.0
CALAMAR,2021,88.17,0.0,0.0,24.01
CALAMAR,2021,88.17,0.0,0.0,0.0
CALAMAR,2021,0.0,461965.41,31.5,24.01
CALAMAR,2021,0.0,461965.41,31.5,0.0
CALAMAR,2021,0.0,461965.41,0.0,24.01
CALAMAR,2021,0.0,461965.41,0.0,0.0
CALAMAR,2021,0.0,0.0,31.5,24.01
CALAMAR,2021,0.0,0.0,31.5,0.0
CALAMAR,2021,0.0,0.0,0.0,24.01
CALAMAR,2021,0.0,0.0,0.0,0.0
CALAMAR,2022,89.41,514525.02,31.24,23.86
CALAMAR,2022,89.41,514525.02,31.24,0.0
CALAMAR,2022,89.41,514525.02,0.0,23.86
CALAMAR,2022,89.41,514525.02,0.0,0.0
CALAMAR,2022,89.41,0.0,31.24,23.86
CALAMAR,2022,89.41,0.0,31.24,0.0
CALAMAR,2022,89.41,0.0,0.0,23.86
CALAMAR,2022,89.41,0.0,0.0,0.0
CALAMAR,2022,0.0,514525.02,31.24,23.86
CALAMAR,2022,0.0,514525.02,31.24,0.0
CALAMAR,2022,0.0,514525.02,0.0,23.86
CALAMAR,2022,0.0,514525.02,0.0,0.0
CALAMAR,2022,0.0,0.0,31.24,23.86
CALAMAR,2022,0.0,0.0,31.24,0.0
CALAMAR,2022,0.0,0.0,0.0,23.86
CALAMAR,2022,0.0,0.0,0.0,0.0
CALAMAR,2023,88.48,403499.84,32.3,24.38
CALAMAR,2023,88.48,403499.84,32.3,0.0
CALAMAR,2023,88.48,403499.84,0.0,24.38
CALAMAR,2023,88.48,403499.84,0.0,0.0
CALAMAR,2023,88.48,0.0,32.3,24.38
CALAMAR,2023,88.48,0.0,32.3,0.0
CALAMAR,2023,88.48,0.0,0.0,24.38
CALAMAR,2023,88.48,0.0,0.0,0.0
CALAMAR,2023,0.0,403499.84,32.3,24.38
CALAMAR,2023,0.0,403499.84,32.3,0.0
CALAMAR,2023,0.0,403499.84,0.0,24.38
CALAMAR,2023,0.0,403499.84,0.0,0.0
CALAMAR,2023,0.0,0.0,32.3,24.38
CALAMAR,2023,0.0,0.0,32.3,0.0
CALAMAR,2023,0.0,0.0,0.0,24.38
CALAMAR,2023,0.0,0.0,0.0,0.0
CALARCÁ,2017,0.0,0.0,0.0,0.0
CALARCÁ,2018,0.0,0.0,0.0,0.0
CALARCÁ,2019,0.0,0.0,0.0,0.0
CALARCÁ,2020,0.0,0.0,0.0,0.0
CALARCÁ,2021,0.0,0.0,0.0,0.0
CALARCÁ,2022,0.0,0.0,0.0,0.0
CALARCÁ,2023,0.0,0.0,0.0,0.0
CALDAS,2017,0.0,0.0,0.0,0.0
CALDAS,2017,0.0,0.0,0.0,0.0
CALDAS,2017,0.0,0.0,0.0,0.0
CALDAS,2017,0.0,0.0,0.0,0.0
CALDAS,2017,0.0,0.0,0.0,0.0
CALDAS,2017,0.0,0.0,0.0,0.0
CALDAS,2017,0.0,0.0,0.0,0.0
CALDAS,2017,0.0,0.0,0.0,0.0
CALDAS,2017,88.56,0.0,0.0,0.0
CALDAS,2017,88.56,0.0,0.0,0.0
CALDAS,2017,88.56,0.0,0.0,0.0
CALDAS,2017,88.56,0.0,0.0,0.0
CALDAS,2017,88.56,0.0,0.0,0.0
CALDAS,2017,88.56,0.0,0.0,0.0
CALDAS,2017,88.56,0.0,0.0,0.0
CALDAS,2017,88.56,0.0,0.0,0.0
CALDAS,2018,0.0,0.0,0.0,0.0
CALDAS,2018,0.0,0.0,0.0,0.0
CALDAS,2018,0.0,0.0,0.0,0.0
CALDAS,2018,0.0,0.0,0.0,0.0
CALDAS,2018,0.0,745433.16,0.0,0.0
CALDAS,2018,0.0,745433.16,0.0,0.0
CALDAS,2018,0.0,745433.16,0.0,0.0
CALDAS,2018,0.0,745433.16,0.0,0.0
CALDAS,2018,0.0,0.0,0.0,0.0
CALDAS,2018,0.0,0.0,0.0,0.0
CALDAS,2018,0.0,0.0,0.0,0.0
CALDAS,2018,0.0,0.0,0.0,0.0
CALDAS,2018,0.0,745433.16,0.0,0.0
CALDAS,2018,0.0,745433.16,0.0,0.0
CALDAS,2018,0.0,745433.16,0.0,0.0
CALDAS,2018,0.0,745433.16,0.0,0.0
CALDAS,2019,0.0,0.0,0.0,0.0
CALDAS,2019,0.0,0.0,0.0,0.0
CALDAS,2019,0.0,0.0,0.0,0.0
CALDAS,2019,0.0,0.0,0.0,0.0
CALDAS,2019,0.0,0.0,0.0,0.0
CALDAS,2019,0.0,0.0,0.0,0.0
CALDAS,2019,0.0,0.0,0.0,0.0
CALDAS,2019,0.0,0.0,0.0,0.0
CALDAS,2019,0.0,0.0,0.0,0.0
CALDAS,2019,0.0,0.0,0.0,0.0
CALDAS,2019,0.0,0.0,0.0,0.0
CALDAS,2019,0.0,0.0,0.0,0.0
CALDAS,2019,0.0,0.0,0.0,0.0
CALDAS,2019,0.0,0.0,0.0,0.0
CALDAS,2019,0.0,0.0,0.0,0.0
CALDAS,2019,0.0,0.0,0.0,0.0
CALDAS,2020,0.0,0.0,0.0,0.0
CALDAS,2020,0.0,0.0,0.0,0.0
CALDAS,2020,0.0,0.0,0.0,0.0
CALDAS,2020,0.0,0.0,0.0,0.0
CALDAS,2020,0.0,0.0,0.0,0.0
CALDAS,2020,0.0,0.0,0.0,0.0
CALDAS,2020,0.0,0.0,0.0,0.0
CALDAS,2020,0.0,0.0,0.0,0.0
CALDAS,2020,0.0,0.0,0.0,0.0
CALDAS,2020,0.0,0.0,0.0,0.0
CALDAS,2020,0.0,0.0,0.0,0.0
CALDAS,2020,0.0,0.0,0.0,0.0
CALDAS,2020,0.0,0.0,0.0,0.0
CALDAS,2020,0.0,0.0,0.0,0.0
CALDAS,2020,0.0,0.0,0.0,0.0
CALDAS,2020,0.0,0.0,0.0,0.0
CALDAS,2021,0.0,0.0,0.0,0.0
CALDAS,2021,0.0,0.0,0.0,0.0
CALDAS,2021,0.0,0.0,0.0,0.0
CALDAS,2021,0.0,0.0,0.0,0.0
CALDAS,2021,0.0,0.0,0.0,0.0
CALDAS,2021,0.0,0.0,0.0,0.0
CALDAS,2021,0.0,0.0,0.0,0.0
CALDAS,2021,0.0,0.0,0.0,0.0
CALDAS,2021,0.0,0.0,0.0,0.0
CALDAS,2021,0.0,0.0,0.0,0.0
CALDAS,2021,0.0,0.0,0.0,0.0
CALDAS,2021,0.0,0.0,0.0,0.0
CALDAS,2021,0.0,0.0,0.0,0.0
CALDAS,2021,0.0,0.0,0.0,0.0
CALDAS,2021,0.0,0.0,0.0,0.0
CALDAS,2021,0.0,0.0,0.0,0.0
CALDAS,2022,0.0,0.0,0.0,0.0
CALDAS,2022,0.0,0.0,0.0,0.0
CALDAS,2022,0.0,0.0,0.0,0.0
CALDAS,2022,0.0,0.0,0.0,0.0
CALDAS,2022,0.0,0.0,0.0,0.0
CALDAS,2022,0.0,0.0,0.0,0.0
CALDAS,2022,0.0,0.0,0.0,0.0
CALDAS,2022,0.0,0.0,0.0,0.0
CALDAS,2022,0.0,0.0,0.0,0.0
CALDAS,2022,0.0,0.0,0.0,0.0
CALDAS,2022,0.0,0.0,0.0,0.0
CALDAS,2022,0.0,0.0,0.0,0.0
CALDAS,2022,0.0,0.0,0.0,0.0
CALDAS,2022,0.0,0.0,0.0,0.0
CALDAS,2022,0.0,0.0,0.0,0.0
CALDAS,2022,0.0,0.0,0.0,0.0
CALDAS,2023,0.0,0.0,0.0,0.0
CALDAS,2023,0.0,0.0,0.0,0.0
CALDAS,2023,0.0,0.0,0.0,0.0
CALDAS,2023,0.0,0.0,0.0,0.0
CALDAS,2023,0.0,0.0,0.0,0.0
CALDAS,2023,0.0,0.0,0.0,0.0
CALDAS,2023,0.0,0.0,0.0,0.0
CALDAS,2023,0.0,0.0,0.0,0.0
CALDAS,2023,0.0,0.0,0.0,0.0
CALDAS,2023,0.0,0.0,0.0,0.0
CALDAS,2023,0.0,0.0,0.0,0.0
CALDAS,2023,0.0,0.0,0.0,0.0
CALDAS,2023,0.0,0.0,0.0,0.0
CALDAS,2023,0.0,0.0,0.0,0.0
CALDAS,2023,0.0,0.0,0.0,0.0
CALDAS,2023,0.0,0.0,0.0,0.0
CALDONO,2017,0.0,0.0,0.0,0.0
CALDONO,2018,0.0,0.0,0.0,0.0
CALDONO,2019,0.0,0.0,0.0,0.0
CALDONO,2020,0.0,0.0,0.0,0.0
CALDONO,2021,0.0,0.0,0.0,0.0
CALDONO,2022,0.0,0.0,0.0,0.0
CALDONO,2023,0.0,0.0,0.0,0.0
CALI,2017,0.0,0.0,0.0,0.0
CALI,2018,0.0,0.0,0.0,0.0
CALI,2019,0.0,0.0,0.0,0.0
CALI,2020,0.0,0.0,0.0,0.0
CALI,2021,0.0,0.0,0.0,0.0
CALI,2022,0.0,0.0,0.0,0.0
CALI,2023,0.0,0.0,0.0,0.0
CALIFORNIA,2017,,,,
CALIFORNIA,2018,,,,
CALIFORNIA,2019,,,,
CALIFORNIA,2020,,,,
CALIFORNIA,2021,,,,
CALIFORNIA,2022,,,,
CALIFORNIA,2023,,,,
CALIMA,2017,0.0,0.0,0.0,0.0
CALIMA,2018,0.0,0.0,0.0,0.0
CALIMA,2019,0.0,0.0,0.0,0.0
CALIMA,2020,0.0,0.0,0.0,0.0
CALIMA,2021,0.0,0.0,0.0,0.0
CALIMA,2022,0.0,0.0,0.0,0.0
CALIMA,2023,0.0,0.0,0.0,0.0
CALOTO,2017,0.0,0.0,0.0,0.0
CALOTO,2018,0.0,0.0,0.0,0.0
CALOTO,2019,0.0,0.0,0.0,0.0
CALOTO,2020,0.0,0.0,0.0,0.0
CALOTO,2021,0.0,0.0,0.0,0.0
CALOTO,2022,0.0,0.0,0.0,0.0
CALOTO,2023,0.0,0.0,0.0,0.0
CAMPAMENTO,2017,0.0,0.0,0.0,0.0
CAMPAMENTO,2018,0.0,0.0,0.0,0.0
CAMPAMENTO,2019,0.0,0.0,0.0,0.0
CAMPAMENTO,2020,0.0,0.0,0.0,0.0
CAMPAMENTO,2021,0.0,0.0,0.0,0.0
CAMPAMENTO,2022,0.0,0.0,0.0,0.0
CAMPAMENTO,2023,0.0,0.0,0.0,0.0
CAMPO DE LA CRUZ,2017,88.74,391557.7,31.9,24.78
CAMPO DE LA CRUZ,2018,88.72,334465.05,31.88,24.72
CAMPO DE LA CRUZ,2019,88.3,305777.88,32.09,24.99
CAMPO DE LA CRUZ,2020,88.63,381519.74,31.62,24.76
CAMPO DE LA CRUZ,2021,88.59,373539.16,31.53,24.6
CAMPO DE LA CRUZ,2022,89.88,463243.66,31.29,24.4
CAMPO DE LA CRUZ,2023,88.44,340193.49,32.36,24.99
CAMPOALEGRE,2017,0.0,0.0,0.0,0.0
CAMPOALEGRE,2018,0.0,0.0,0.0,0.0
CAMPOALEGRE,2019,0.0,0.0,0.0,0.0
CAMPOALEGRE,2020,0.0,0.0,0.0,0.0
CAMPOALEGRE,2021,0.0,0.0,0.0,0.0
CAMPOALEGRE,2022,0.0,0.0,0.0,0.0
CAMPOALEGRE,2023,0.0,0.0,0.0,0.0
CAMPOHERMOSO,2017,91.1,0.0,0.0,0.0
CAMPOHERMOSO,2018,0.0,553608.59,0.0,0.0
CAMPOHERMOSO,2019,0.0,0.0,0.0,0.0
CAMPOHERMOSO,2020,0.0,0.0,0.0,0.0
CAMPOHERMOSO,2021,0.0,0.0,0.0,0.0
CAMPOHERMOSO,2022,0.0,0.0,0.0,0.0
CAMPOHERMOSO,2023,0.0,0.0,0.0,0.0
CANALETE,2017,0.0,0.0,0.0,0.0
CANALETE,2018,0.0,0.0,0.0,0.0
CANALETE,2019,0.0,0.0,0.0,0.0
CANALETE,2020,0.0,0.0,0.0,0.0
CANALETE,2021,0.0,0.0,0.0,0.0
CANALETE,2022,0.0,0.0,0.0,0.0
CANALETE,2023,0.0,0.0,0.0,0.0
CANDELARIA,2017,90.13,391557.7,31.71,24.35
CANDELARIA,2017,90.13,391557.7,31.71,0.0
CANDELARIA,2017,90.13,391557.7,0.0,24.35
CANDELARIA,2017,90.13,391557.7,0.0,0.0
CANDELARIA,2017,90.13,0.0,31.71,24.35
CANDELARIA,2017,90.13,0.0,31.71,0.0
CANDELARIA,2017,90.13,0.0,0.0,24.35
CANDELARIA,2017,90.13,0.0,0.0,0.0
CANDELARIA,2017,0.0,391557.7,31.71,24.35
CANDELARIA,2017,0.0,391557.7,31.71,0.0
CANDELARIA,2017,0.0,391557.7,0.0,24.35
CANDELARIA,2017,0.0,391557.7,0.0,0.0
CANDELARIA,2017,0.0,0.0,31.71,24.35
CANDELARIA,2017,0.0,0.0,31.71,0.0
CANDELARIA,2017,0.0,0.0,0.0,24.35
CANDELARIA,2017,0.0,0.0,0.0,0.0
CANDELARIA,2018,90.11,334465.05,31.69,24.29
CANDELARIA,2018,90.11,334465.05,31.69,0.0
CANDELARIA,2018,90.11,334465.05,0.0,24.29
CANDELARIA,2018,90.11,334465.05,0.0,0.0
CANDELARIA,2018,90.11,0.0,31.69,24.29
CANDELARIA,2018,90.11,0.0,31.69,0.0
CANDELARIA,2018,90.11,0.0,0.0,24.29
CANDELARIA,2018,90.11,0.0,0.0,0.0
CANDELARIA,2018,0.0,334465.05,31.69,24.29
CANDELARIA,2018,0.0,334465.05,31.69,0.0
CANDELARIA,2018,0.0,334465.05,0.0,24.29
CANDELARIA,2018,0.0,334465.05,0.0,0.0
CANDELARIA,2018,0.0,0.0,31.69,24.29
CANDELARIA,2018,0.0,0.0,31.69,0.0
CANDELARIA,2018,0.0,0.0,0.0,24.29
CANDELARIA,2018,0.0,0.0,0.0,0.0
CANDELARIA,2019,89.7,305777.88,31.89,24.54
CANDELARIA,2019,89.7,305777.88,31.89,0.0
CANDELARIA,2019,89.7,305777.88,0.0,24.54
CANDELARIA,2019,89.7,305777.88,0.0,0.0
CANDELARIA,2019,89.7,0.0,31.89,24.54
CANDELARIA,2019,89.7,0.0,31.89,0.0
CANDELARIA,2019,89.7,0.0,0.0,24.54
CANDELARIA,2019,89.7,0.0,0.0,0.0
CANDELARIA,2019,0.0,305777.88,31.89,24.54
CANDELARIA,2019,0.0,305777.88,31.89,0.0
CANDELARIA,2019,0.0,305777.88,0.0,24.54
CANDELARIA,2019,0.0,305777.88,0.0,0.0
CANDELARIA,2019,0.0,0.0,31.89,24.54
CANDELARIA,2019,0.0,0.0,31.89,0.0
CANDELARIA,2019,0.0,0.0,0.0,24.54
CANDELARIA,2019,0.0,0.0,0.0,0.0
CANDELARIA,2020,90.02,381519.74,31.44,24.33
CANDELARIA,2020,90.02,381519.74,31.44,0.0
CANDELARIA,2020,90.02,381519.74,0.0,24.33
CANDELARIA,2020,90.02,381519.74,0.0,0.0
CANDELARIA,2020,90.02,0.0,31.44,24.33
CANDELARIA,2020,90.02,0.0,31.44,0.0
CANDELARIA,2020,90.02,0.0,0.0,24.33
CANDELARIA,2020,90.02,0.0,0.0,0.0
CANDELARIA,2020,0.0,381519.74,31.44,24.33
CANDELARIA,2020,0.0,381519.74,31.44,0.0
CANDELARIA,2020,0.0,381519.74,0.0,24.33
CANDELARIA,2020,0.0,381519.74,0.0,0.0
CANDELARIA,2020,0.0,0.0,31.44,24.33
CANDELARIA,2020,0.0,0.0,31.44,0.0
CANDELARIA,2020,0.0,0.0,0.0,24.33
CANDELARIA,2020,0.0,0.0,0.0,0.0
CANDELARIA,2021,89.98,373539.16,31.35,24.17
CANDELARIA,2021,89.98,373539.16,31.35,0.0
CANDELARIA,2021,89.98,373539.16,0.0,24.17
CANDELARIA,2021,89.98,373539.16,0.0,0.0
CANDELARIA,2021,89.98,0.0,31.35,24.17
CANDELARIA,2021,89.98,0.0,31.35,0.0
CANDELARIA,2021,89.98,0.0,0.0,24.17
CANDELARIA,2021,89.98,0.0,0.0,0.0
CANDELARIA,2021,0.0,373539.16,31.35,24.17
CANDELARIA,2021,0.0,373539.16,31.35,0.0
CANDELARIA,2021,0.0,373539.16,0.0,24.17
CANDELARIA,2021,0.0,373539.16,0.0,0.0
CANDELARIA,2021,0.0,0.0,31.35,24.17
CANDELARIA,2021,0.0,0.0,31.35,0.0
CANDELARIA,2021,0.0,0.0,0.0,24.17
CANDELARIA,2021,0.0,0.0,0.0,0.0
CANDELARIA,2022,91.23,463243.66,31.12,23.98
CANDELARIA,2022,91.23,463243.66,31.12,0.0
CANDELARIA,2022,91.23,463243.66,0.0,23.98
CANDELARIA,2022,91.23,463243.66,0.0,0.0
CANDELARIA,2022,91.23,0.0,31.12,23.98
CANDELARIA,2022,91.23,0.0,31.12,0.0
CANDELARIA,2022,91.23,0.0,0.0,23.98
CANDELARIA,2022,91.23,0.0,0.0,0.0
CANDELARIA,2022,0.0,463243.66,31.12,23.98
CANDELARIA,2022,0.0,463243.66,31.12,0.0
CANDELARIA,2022,0.0,463243.66,0.0,23.98
CANDELARIA,2022,0.0,463243.66,0.0,0.0
CANDELARIA,2022,0.0,0.0,31.12,23.98
CANDELARIA,2022,0.0,0.0,31.12,0.0
CANDELARIA,2022,0.0,0.0,0.0,23.98
CANDELARIA,2022,0.0,0.0,0.0,0.0
CANDELARIA,2023,89.84,340193.49,32.14,24.54
CANDELARIA,2023,89.84,340193.49,32.14,0.0
CANDELARIA,2023,89.84,340193.49,0.0,24.54
CANDELARIA,2023,89.84,340193.49,0.0,0.0
CANDELARIA,2023,89.84,0.0,32.14,24.54
CANDELARIA,2023,89.84,0.0,32.14,0.0
CANDELARIA,2023,89.84,0.0,0.0,24.54
CANDELARIA,2023,89.84,0.0,0.0,0.0
CANDELARIA,2023,0.0,340193.49,32.14,24.54
CANDELARIA,2023,0.0,340193.49,32.14,0.0
CANDELARIA,2023,0.0,340193.49,0.0,24.54
CANDELARIA,2023,0.0,340193.49,0.0,0.0
CANDELARIA,2023,0.0,0.0,32.14,24.54
CANDELARIA,2023,0.0,0.0,32.14,0.0
CANDELARIA,2023,0.0,0.0,0.0,24.54
CANDELARIA,2023,0.0,0.0,0.0,0.0
CANTAGALLO,2017,93.56,0.0,0.0,0.0
CANTAGALLO,2018,0.0,572489.16,0.0,0.0
CANTAGALLO,2019,0.0,0.0,0.0,0.0
CANTAGALLO,2020,0.0,0.0,0.0,0.0
CANTAGALLO,2021,0.0,0.0,0.0,0.0
CANTAGALLO,2022,0.0,0.0,0.0,0.0
CANTAGALLO,2023,0.0,0.0,0.0,0.0
CAPARRAPÍ,2017,92.37,0.0,0.0,0.0
CAPARRAPÍ,2018,0.0,400152.72,0.0,0.0
CAPARRAPÍ,2019,0.0,0.0,0.0,0.0
CAPARRAPÍ,2020,0.0,0.0,0.0,0.0
CAPARRAPÍ,2021,0.0,0.0,0.0,0.0
CAPARRAPÍ,2022,0.0,0.0,0.0,0.0
CAPARRAPÍ,2023,0.0,0.0,0.0,0.0
CAPITANEJO,2017,,,,
CAPITANEJO,2018,,,,
CAPITANEJO,2019,,,,
CAPITANEJO,2020,,,,
CAPITANEJO,2021,,,,
CAPITANEJO,2022,,,,
CAPITANEJO,2023,,,,
CARACOLÍ,2017,94.61,0.0,0.0,0.0
CARACOLÍ,2018,0.0,553395.55,0.0,0.0
CARACOLÍ,2019,0.0,0.0,0.0,0.0
CARACOLÍ,2020,0.0,0.0,0.0,0.0
CARACOLÍ,2021,0.0,0.0,0.0,0.0
CARACOLÍ,2022,0.0,0.0,0.0,0.0
CARACOLÍ,2023,0.0,0.0,0.0,0.0
CARAMANTA,2017,,,,
CARAMANTA,2018,,,,
CARAMANTA,2019,,,,
CARAMANTA,2020,,,,
CARAMANTA,2021,,,,
CARAMANTA,2022,,,,
CARAMANTA,2023,,,,
CARCASÍ,2017,86.3,0.0,0.0,0.0
CARCASÍ,2018,0.0,417917.2,0.0,0.0
CARCASÍ,2019,0.0,0.0,0.0,0.0
CARCASÍ,2020,0.0,0.0,0.0,0.0
CARCASÍ,2021,0.0,0.0,0.0,0.0
CARCASÍ,2022,0.0,0.0,0.0,0.0
CARCASÍ,2023,0.0,0.0,0.0,0.0
CAREPA,2017,0.0,0.0,0.0,0.0
CAREPA,2018,0.0,0.0,0.0,0.0
CAREPA,2019,0.0,0.0,0.0,0.0
CAREPA,2020,0.0,0.0,0.0,0.0
CAREPA,2021,0.0,0.0,0.0,0.0
CAREPA,2022,0.0,0.0,0.0,0.0
CAREPA,2023,0.0,0.0,0.0,0.0
CARMEN DE APICALÁ,2017,87.13,0.0,0.0,0.0
CARMEN DE APICALÁ,2018,0.0,350393.43,0.0,0.0
CARMEN DE APICALÁ,2019,0.0,0.0,0.0,0.0
CARMEN DE APICALÁ,2020,0.0,0.0,0.0,0.0
CARMEN DE APICALÁ,2021,0.0,0.0,0.0,0.0
CARMEN DE APICALÁ,2022,0.0,0.0,0.0,0.0
CARMEN DE APICALÁ,2023,0.0,0.0,0.0,0.0
CARMEN DE CARUPA,2017,90.21,0.0,0.0,0.0
CARMEN DE CARUPA,2018,0.0,680668.67,0.0,0.0
CARMEN DE CARUPA,2019,0.0,0.0,0.0,0.0
CARMEN DE CARUPA,2020,0.0,0.0,0.0,0.0
CARMEN DE CARUPA,2021,0.0,0.0,0.0,0.0
CARMEN DE CARUPA,2022,0.0,0.0,0.0,0.0
CARMEN DE CARUPA,2023,0.0,0.0,0.0,0.0
CARMEN DEL DARIÉN,2017,0.0,0.0,0.0,0.0
CARMEN DEL DARIÉN,2018,0.0,0.0,0.0,0.0
CARMEN DEL DARIÉN,2019,0.0,0.0,0.0,0.0
CARMEN DEL DARIÉN,2020,0.0,0.0,0.0,0.0
CARMEN DEL DARIÉN,2021,0.0,0.0,0.0,0.0
CARMEN DEL DARIÉN,2022,0.0,0.0,0.0,0.0
CARMEN DEL DARIÉN,2023,0.0,0.0,0.0,0.0
CAROLINA,2017,0.0,0.0,0.0,0.0
CAROLINA,2018,0.0,0.0,0.0,0.0
CAROLINA,2019,0.0,0.0,0.0,0.0
CAROLINA,2020,0.0,0.0,0.0,0.0
CAROLINA,2021,0.0,0.0,0.0,0.0
CAROLINA,2022,0.0,0.0,0.0,0.0
CAROLINA,2023,0.0,0.0,0.0,0.0
CARTAGENA DE INDIAS,2017,0.0,0.0,0.0,0.0
CARTAGENA DE INDIAS,2018,0.0,0.0,0.0,0.0
CARTAGENA DE INDIAS,2019,0.0,0.0,0.0,0.0
CARTAGENA DE INDIAS,2020,0.0,0.0,0.0,0.0
CARTAGENA DE INDIAS,2021,0.0,0.0,0.0,0.0
CARTAGENA DE INDIAS,2022,0.0,0.0,0.0,0.0
CARTAGENA DE INDIAS,2023,0.0,0.0,0.0,0.0
CARTAGENA DEL CHAIRÁ,2017,94.64,0.0,0.0,0.0
CARTAGENA DEL CHAIRÁ,2018,0.0,791955.97,0.0,0.0
CARTAGENA DEL CHAIRÁ,2019,0.0,0.0,0.0,0.0
CARTAGENA DEL CHAIRÁ,2020,0.0,0.0,0.0,0.0
CARTAGENA DEL CHAIRÁ,2021,0.0,0.0,0.0,0.0
CARTAGENA DEL CHAIRÁ,2022,0.0,0.0,0.0,0.0
CARTAGENA DEL CHAIRÁ,2023,0.0,0.0,0.0,0.0
CARTAGO,2017,0.0,0.0,0.0,0.0
CARTAGO,2018,0.0,0.0,0.0,0.0
CARTAGO,2019,0.0,0.0,0.0,0.0
CARTAGO,2020,0.0,0.0,0.0,0.0
CARTAGO,2021,0.0,0.0,0.0,0.0
CARTAGO,2022,0.0,0.0,0.0,0.0
CARTAGO,2023,0.0,0.0,0.0,0.0
CARURÚ,2017,94.73,0.0,0.0,0.0
CARURÚ,2018,0.0,701746.83,0.0,0.0
CARURÚ,2019,0.0,0.0,0.0,0.0
CARURÚ,2020,0.0,0.0,0.0,0.0
CARURÚ,2021,0.0,0.0,0.0,0.0
CARURÚ,2022,0.0,0.0,0.0,0.0
CARURÚ,2023,0.0,0.0,0.0,0.0
CASABIANCA,2017,44.43,0.0,0.0,0.0
CASABIANCA,2018,0.0,153960.07,0.0,0.0
CASABIANCA,2019,0.0,0.0,0.0,0.0
CASABIANCA,2020,0.0,0.0,0.0,0.0
CASABIANCA,2021,0.0,0.0,0.0,0.0
CASABIANCA,2022,0.0,0.0,0.0,0.0
CASABIANCA,2023,0.0,0.0,0.0,0.0
CASTILLA LA NUEVA,2017,90.81,0.0,0.0,0.0
CASTILLA LA NUEVA,2018,0.0,518073.34,0.0,0.0
CASTILLA LA NUEVA,2019,0.0,0.0,0.0,0.0
CASTILLA LA NUEVA,2020,0.0,0.0,0.0,0.0
CASTILLA LA NUEVA,2021,0.0,0.0,0.0,0.0
CASTILLA LA NUEVA,2022,0.0,0.0,0.0,0.0
CASTILLA LA NUEVA,2023,0.0,0.0,0.0,0.0
CAUCASIA,2017,86.61,0.0,0.0,0.0
CAUCASIA,2018,0.0,530721.52,0.0,0.0
CAUCASIA,2019,0.0,0.0,0.0,0.0
CAUCASIA,2020,0.0,0.0,0.0,0.0
CAUCASIA,2021,0.0,0.0,0.0,0.0
CAUCASIA,2022,0.0,0.0,0.0,0.0
CAUCASIA,2023,0.0,0.0,0.0,0.0
CAÑASGORDAS,2017,0.0,0.0,0.0,0.0
CAÑASGORDAS,2018,0.0,0.0,0.0,0.0
CAÑASGORDAS,2019,0.0,0.0,0.0,0.0
CAÑASGORDAS,2020,0.0,0.0,0.0,0.0
CAÑASGORDAS,2021,0.0,0.0,0.0,0.0
CAÑASGORDAS,2022,0.0,0.0,0.0,0.0
CAÑASGORDAS,2023,0.0,0.0,0.0,0.0
CEPITÁ,2017,86.83,0.0,0.0,0.0
CEPITÁ,2018,0.0,995744.61,0.0,0.0
CEPITÁ,2019,0.0,0.0,0.0,0.0
CEPITÁ,2020,0.0,0.0,0.0,0.0
CEPITÁ,2021,0.0,0.0,0.0,0.0
CEPITÁ,2022,0.0,0.0,0.0,0.0
CEPITÁ,2023,0.0,0.0,0.0,0.0
CERETÉ,2017,0.0,0.0,0.0,0.0
CERETÉ,2018,0.0,0.0,0.0,0.0
CERETÉ,2019,0.0,0.0,0.0,0.0
CERETÉ,2020,0.0,0.0,0.0,0.0
CERETÉ,2021,0.0,0.0,0.0,0.0
CERETÉ,2022,0.0,0.0,0.0,0.0
CERETÉ,2023,0.0,0.0,0.0,0.0
CERINZA,2017,,,,
CERINZA,2018,,,,
CERINZA,2019,,,,
CERINZA,2020,,,,
CERINZA,2021,,,,
CERINZA,2022,,,,
CERINZA,2023,,,,
CERRITO,2017,91.42,0.0,0.0,0.0
CERRITO,2018,0.0,547380.69,0.0,0.0
CERRITO,2019,0.0,0.0,0.0,0.0
CERRITO,2020,0.0,0.0,0.0,0.0
CERRITO,2021,0.0,0.0,0.0,0.0
CERRITO,2022,0.0,0.0,0.0,0.0
CERRITO,2023,0.0,0.0,0.0,0.0
CERRO DE SAN ANTONIO,2017,89.77,391557.7,32.01,24.81
CERRO DE SAN ANTONIO,2018,89.76,334465.05,31.99,24.75
CERRO DE SAN ANTONIO,2019,89.47,305777.88,32.21,25.03
CERRO DE SAN ANTONIO,2020,89.7,381519.74,31.72,24.79
CERRO DE SAN ANTONIO,2021,89.67,373539.16,31.63,24.63
CERRO DE SAN ANTONIO,2022,90.56,463243.66,31.38,24.41
CERRO DE SAN ANTONIO,2023,89.57,340193.49,32.48,25.03
CHACHAGÜÍ,2017,0.0,0.0,0.0,0.0
CHACHAGÜÍ,2018,0.0,0.0,0.0,0.0
CHACHAGÜÍ,2019,0.0,0.0,0.0,0.0
CHACHAGÜÍ,2020,0.0,0.0,0.0,0.0
CHACHAGÜÍ,2021,0.0,0.0,0.0,0.0
CHACHAGÜÍ,2022,0.0,0.0,0.0,0.0
CHACHAGÜÍ,2023,0.0,0.0,0.0,0.0
CHAGUANÍ,2017,87.32,0.0,0.0,0.0
CHAGUANÍ,2018,0.0,635497.64,0.0,0.0
CHAGUANÍ,2019,0.0,0.0,0.0,0.0
CHAGUANÍ,2020,0.0,0.0,0.0,0.0
CHAGUANÍ,2021,0.0,0.0,0.0,0.0
CHAGUANÍ,2022,0.0,0.0,0.0,0.0
CHAGUANÍ,2023,0.0,0.0,0.0,0.0
CHALÁN,2017,0.0,0.0,0.0,0.0
CHALÁN,2018,0.0,0.0,0.0,0.0
CHALÁN,2019,0.0,0.0,0.0,0.0
CHALÁN,2020,0.0,0.0,0.0,0.0
CHALÁN,2021,0.0,0.0,0.0,0.0
CHALÁN,2022,0.0,0.0,0.0,0.0
CHALÁN,2023,0.0,0.0,0.0,0.0
CHAPARRAL,2017,0.0,0.0,0.0,0.0
CHAPARRAL,2018,0.0,0.0,0.0,0.0
CHAPARRAL,2019,0.0,0.0,0.0,0.0
CHAPARRAL,2020,0.0,0.0,0.0,0.0
CHAPARRAL,2021,0.0,0.0,0.0,0.0
CHAPARRAL,2022,0.0,0.0,0.0,0.0
CHAPARRAL,2023,0.0,0.0,0.0,0.0
CHARALÁ,2017,93.63,0.0,0.0,0.0
CHARALÁ,2018,0.0,867197.98,0.0,0.0
CHARALÁ,2019,0.0,0.0,0.0,0.0
CHARALÁ,2020,0.0,0.0,0.0,0.0
CHARALÁ,2021,0.0,0.0,0.0,0.0
CHARALÁ,2022,0.0,0.0,0.0,0.0
CHARALÁ,2023,0.0,0.0,0.0,0.0
CHARTA,2017,,,,
CHARTA,2018,,,,
CHARTA,2019,,,,
CHARTA,2020,,,,
CHARTA,2021,,,,
CHARTA,2022,,,,
CHARTA,2023,,,,
CHIGORODÓ,2017,0.0,0.0,0.0,0.0
CHIGORODÓ,2018,0.0,0.0,0.0,0.0
CHIGORODÓ,2019,0.0,0.0,0.0,0.0
CHIGORODÓ,2020,0.0,0.0,0.0,0.0
CHIGORODÓ,2021,0.0,0.0,0.0,0.0
CHIGORODÓ,2022,0.0,0.0,0.0,0.0
CHIGORODÓ,2023,0.0,0.0,0.0,0.0
CHIMA,2017,94.03,0.0,0.0,0.0
CHIMA,2018,0.0,961463.94,0.0,0.0
CHIMA,2019,0.0,0.0,0.0,0.0
CHIMA,2020,0.0,0.0,0.0,0.0
CHIMA,2021,0.0,0.0,0.0,0.0
CHIMA,2022,0.0,0.0,0.0,0.0
CHIMA,2023,0.0,0.0,0.0,0.0
CHIMICHAGUA,2017,87.34,0.0,0.0,0.0
CHIMICHAGUA,2018,0.0,532962.76,0.0,0.0
CHIMICHAGUA,2019,0.0,0.0,0.0,0.0
CHIMICHAGUA,2020,0.0,0.0,0.0,0.0
CHIMICHAGUA,2021,0.0,0.0,0.0,0.0
CHIMICHAGUA,2022,0.0,0.0,0.0,0.0
CHIMICHAGUA,2023,0.0,0.0,0.0,0.0
CHIMÁ,2017,0.0,0.0,0.0,0.0
CHIMÁ,2018,0.0,0.0,0.0,0.0
CHIMÁ,2019,0.0,0.0,0.0,0.0
CHIMÁ,2020,0.0,0.0,0.0,0.0
CHIMÁ,2021,0.0,0.0,0.0,0.0
CHIMÁ,2022,0.0,0.0,0.0,0.0
CHIMÁ,2023,0.0,0.0,0.0,0.0
CHINAVITA,2017,95.08,0.0,0.0,0.0
CHINAVITA,2018,0.0,340986.48,0.0,0.0
CHINAVITA,2019,0.0,0.0,0.0,0.0
CHINAVITA,2020,0.0,0.0,0.0,0.0
CHINAVITA,2021,0.0,0.0,0.0,0.0
CHINAVITA,2022,0.0,0.0,0.0,0.0
CHINAVITA,2023,0.0,0.0,0.0,0.0
CHINCHINÁ,2017,0.0,0.0,0.0,0.0
CHINCHINÁ,2018,0.0,0.0,0.0,0.0
CHINCHINÁ,2019,0.0,0.0,0.0,0.0
CHINCHINÁ,2020,0.0,0.0,0.0,0.0
CHINCHINÁ,2021,0.0,0.0,0.0,0.0
CHINCHINÁ,2022,0.0,0.0,0.0,0.0
CHINCHINÁ,2023,0.0,0.0,0.0,0.0
CHINÁCOTA,2017,94.11,0.0,0.0,0.0
CHINÁCOTA,2018,0.0,274823.01,0.0,0.0
CHINÁCOTA,2019,0.0,0.0,0.0,0.0
CHINÁCOTA,2020,0.0,0.0,0.0,0.0
CHINÁCOTA,2021,0.0,0.0,0.0,0.0
CHINÁCOTA,2022,0.0,0.0,0.0,0.0
CHINÁCOTA,2023,0.0,0.0,0.0,0.0
CHINÚ,2017,0.0,0.0,0.0,0.0
CHINÚ,2018,0.0,0.0,0.0,0.0
CHINÚ,2019,0.0,0.0,0.0,0.0
CHINÚ,2020,0.0,0.0,0.0,0.0
CHINÚ,2021,0.0,0.0,0.0,0.0
CHINÚ,2022,0.0,0.0,0.0,0.0
CHINÚ,2023,0.0,0.0,0.0,0.0
CHIPAQUE,2017,91.02,0.0,0.0,0.0
CHIPAQUE,2018,0.0,287996.05,0.0,0.0
CHIPAQUE,2019,0.0,0.0,0.0,0.0
CHIPAQUE,2020,0.0,0.0,0.0,0.0
CHIPAQUE,2021,0.0,0.0,0.0,0.0
CHIPAQUE,2022,0.0,0.0,0.0,0.0
CHIPAQUE,2023,0.0,0.0,0.0,0.0
CHIPATÁ,2017,90.05,0.0,0.0,0.0
CHIPATÁ,2018,0.0,699473.1,0.0,0.0
CHIPATÁ,2019,0.0,0.0,0.0,0.0
CHIPATÁ,2020,0.0,0.0,0.0,0.0
CHIPATÁ,2021,0.0,0.0,0.0,0.0
CHIPATÁ,2022,0.0,0.0,0.0,0.0
CHIPATÁ,2023,0.0,0.0,0.0,0.0
CHIQUINQUIRÁ,2017,92.72,0.0,0.0,0.0
CHIQUINQUIRÁ,2018,0.0,351191.14,0.0,0.0
CHIQUINQUIRÁ,2019,0.0,0.0,0.0,0.0
CHIQUINQUIRÁ,2020,0.0,0.0,0.0,0.0
CHIQUINQUIRÁ,2021,0.0,0.0,0.0,0.0
CHIQUINQUIRÁ,2022,0.0,0.0,0.0,0.0
CHIQUINQUIRÁ,2023,0.0,0.0,0.0,0.0
CHIRIGUANÁ,2017,87.63,0.0,0.0,0.0
CHIRIGUANÁ,2018,0.0,428685.44,0.0,0.0
CHIRIGUANÁ,2019,0.0,0.0,0.0,0.0
CHIRIGUANÁ,2020,0.0,0.0,0.0,0.0
CHIRIGUANÁ,2021,0.0,0.0,0.0,0.0
CHIRIGUANÁ,2022,0.0,0.0,0.0,0.0
CHIRIGUANÁ,2023,0.0,0.0,0.0,0.0
CHISCAS,2017,88.6,0.0,0.0,0.0
CHISCAS,2018,0.0,1003637.79,0.0,0.0
CHISCAS,2019,0.0,0.0,0.0,0.0
CHISCAS,2020,0.0,0.0,0.0,0.0
CHISCAS,2021,0.0,0.0,0.0,0.0
CHISCAS,2022,0.0,0.0,0.0,0.0
CHISCAS,2023,0.0,0.0,0.0,0.0
CHITA,2017,87.36,0.0,0.0,0.0
CHITA,2018,0.0,518426.04,0.0,0.0
CHITA,2019,0.0,0.0,0.0,0.0
CHITA,2020,0.0,0.0,0.0,0.0
CHITA,2021,0.0,0.0,0.0,0.0
CHITA,2022,0.0,0.0,0.0,0.0
CHITA,2023,0.0,0.0,0.0,0.0
CHITAGÁ,2017,91.17,0.0,0.0,0.0
CHITAGÁ,2018,0.0,748007.41,0.0,0.0
CHITAGÁ,2019,0.0,0.0,0.0,0.0
CHITAGÁ,2020,0.0,0.0,0.0,0.0
CHITAGÁ,2021,0.0,0.0,0.0,0.0
CHITAGÁ,2022,0.0,0.0,0.0,0.0
CHITAGÁ,2023,0.0,0.0,0.0,0.0
CHITARAQUE,2017,86.15,0.0,0.0,0.0
CHITARAQUE,2018,0.0,400436.78,0.0,0.0
CHITARAQUE,2019,0.0,0.0,0.0,0.0
CHITARAQUE,2020,0.0,0.0,0.0,0.0
CHITARAQUE,2021,0.0,0.0,0.0,0.0
CHITARAQUE,2022,0.0,0.0,0.0,0.0
CHITARAQUE,2023,0.0,0.0,0.0,0.0
CHIVATÁ,2017,,,,
CHIVATÁ,2018,,,,
CHIVATÁ,2019,,,,
CHIVATÁ,2020,,,,
CHIVATÁ,2021,,,,
CHIVATÁ,2022,,,,
CHIVATÁ,2023,,,,
CHIVOLO,2017,89.71,95833.58,7.96,5.93
CHIVOLO,2018,22.55,339128.29,7.97,5.91
CHIVOLO,2019,22.53,83153.49,8.03,5.99
CHIVOLO,2020,22.55,97303.28,7.9,5.92
CHIVOLO,2021,22.53,101792.22,7.84,5.88
CHIVOLO,2022,22.79,121934.66,7.79,5.83
CHIVOLO,2023,22.55,98549.85,8.08,5.99
CHIVOR,2017,91.15,0.0,0.0,0.0
CHIVOR,2018,0.0,440500.34,0.0,0.0
CHIVOR,2019,0.0,0.0,0.0,0.0
CHIVOR,2020,0.0,0.0,0.0,0.0
CHIVOR,2021,0.0,0.0,0.0,0.0
CHIVOR,2022,0.0,0.0,0.0,0.0
CHIVOR,2023,0.0,0.0,0.0,0.0
CHOACHÍ,2017,90.45,0.0,0.0,0.0
CHOACHÍ,2018,0.0,287996.05,0.0,0.0
CHOACHÍ,2019,0.0,0.0,0.0,0.0
CHOACHÍ,2020,0.0,0.0,0.0,0.0
CHOACHÍ,2021,0.0,0.0,0.0,0.0
CHOACHÍ,2022,0.0,0.0,0.0,0.0
CHOACHÍ,2023,0.0,0.0,0.0,0.0
CHOCONTÁ,2017,92.75,0.0,0.0,0.0
CHOCONTÁ,2018,0.0,355485.11,0.0,0.0
CHOCONTÁ,2019,0.0,0.0,0.0,0.0
CHOCONTÁ,2020,0.0,0.0,0.0,0.0
CHOCONTÁ,2021,0.0,0.0,0.0,0.0
CHOCONTÁ,2022,0.0,0.0,0.0,0.0
CHOCONTÁ,2023,0.0,0.0,0.0,0.0
CHÁMEZA,2017,91.41,0.0,0.0,0.0
CHÁMEZA,2018,0.0,532995.68,0.0,0.0
CHÁMEZA,2019,0.0,0.0,0.0,0.0
CHÁMEZA,2020,0.0,0.0,0.0,0.0
CHÁMEZA,2021,0.0,0.0,0.0,0.0
CHÁMEZA,2022,0.0,0.0,0.0,0.0
CHÁMEZA,2023,0.0,0.0,0.0,0.0
CHÍA,2017,88.12,0.0,0.0,0.0
CHÍA,2018,0.0,310410.35,0.0,0.0
CHÍA,2019,0.0,0.0,0.0,0.0
CHÍA,2020,0.0,0.0,0.0,0.0
CHÍA,2021,0.0,0.0,0.0,0.0
CHÍA,2022,0.0,0.0,0.0,0.0
CHÍA,2023,0.0,0.0,0.0,0.0
CHÍQUIZA,2017,91.83,0.0,0.0,0.0
CHÍQUIZA,2018,0.0,351404.19,0.0,0.0
CHÍQUIZA,2019,0.0,0.0,0.0,0.0
CHÍQUIZA,2020,0.0,0.0,0.0,0.0
CHÍQUIZA,2021,0.0,0.0,0.0,0.0
CHÍQUIZA,2022,0.0,0.0,0.0,0.0
CHÍQUIZA,2023,0.0,0.0,0.0,0.0
CICUCO,2017,84.59,0.0,0.0,0.0
CICUCO,2018,0.0,378981.17,0.0,0.0
CICUCO,2019,0.0,0.0,0.0,0.0
CICUCO,2020,0.0,0.0,0.0,0.0
CICUCO,2021,0.0,0.0,0.0,0.0
CICUCO,2022,0.0,0.0,0.0,0.0
CICUCO,2023,0.0,0.0,0.0,0.0
CIMITARRA,2017,94.26,0.0,0.0,0.0
CIMITARRA,2018,0.0,437387.1,0.0,0.0
CIMITARRA,2019,0.0,0.0,0.0,0.0
CIMITARRA,2020,0.0,0.0,0.0,0.0
CIMITARRA,2021,0.0,0.0,0.0,0.0
CIMITARRA,2022,0.0,0.0,0.0,0.0
CIMITARRA,2023,0.0,0.0,0.0,0.0
CIRCASIA,2017,0.0,0.0,0.0,0.0
CIRCASIA,2018,0.0,0.0,0.0,0.0
CIRCASIA,2019,0.0,0.0,0.0,0.0
CIRCASIA,2020,0.0,0.0,0.0,0.0
CIRCASIA,2021,0.0,0.0,0.0,0.0
CIRCASIA,2022,0.0,0.0,0.0,0.0
CIRCASIA,2023,0.0,0.0,0.0,0.0
CISNEROS,2017,,,,
CISNEROS,2018,,,,
CISNEROS,2019,,,,
CISNEROS,2020,,,,
CISNEROS,2021,,,,
CISNEROS,2022,,,,
CISNEROS,2023,,,,
CIUDAD BOLÍVAR,2017,0.0,0.0,0.0,0.0
CIUDAD BOLÍVAR,2018,0.0,0.0,0.0,0.0
CIUDAD BOLÍVAR,2019,0.0,0.0,0.0,0.0
CIUDAD BOLÍVAR,2020,0.0,0.0,0.0,0.0
CIUDAD BOLÍVAR,2021,0.0,0.0,0.0,0.0
CIUDAD BOLÍVAR,2022,0.0,0.0,0.0,0.0
CIUDAD BOLÍVAR,2023,0.0,0.0,0.0,0.0
CIÉNAGA,2017,79.08,0.0,0.0,0.0
CIÉNAGA,2018,0.0,1119311.76,0.0,0.0
CIÉNAGA,2019,0.0,0.0,0.0,0.0
CIÉNAGA,2020,0.0,0.0,0.0,0.0
CIÉNAGA,2021,0.0,0.0,0.0,0.0
CIÉNAGA,2022,0.0,0.0,0.0,0.0
CIÉNAGA,2023,0.0,0.0,0.0,0.0
CIÉNAGA DE ORO,2017,0.0,0.0,0.0,0.0
CIÉNAGA DE ORO,2018,0.0,0.0,0.0,0.0
CIÉNAGA DE ORO,2019,0.0,0.0,0.0,0.0
CIÉNAGA DE ORO,2020,0.0,0.0,0.0,0.0
CIÉNAGA DE ORO,2021,0.0,0.0,0.0,0.0
CIÉNAGA DE ORO,2022,0.0,0.0,0.0,0.0
CIÉNAGA DE ORO,2023,0.0,0.0,0.0,0.0
CIÉNEGA,2017,94.79,0.0,0.0,0.0
CIÉNEGA,2018,0.0,329337.86,0.0,0.0
CIÉNEGA,2019,0.0,0.0,0.0,0.0
CIÉNEGA,2020,0.0,0.0,0.0,0.0
CIÉNEGA,2021,0.0,0.0,0.0,0.0
CIÉNEGA,2022,0.0,0.0,0.0,0.0
CIÉNEGA,2023,0.0,0.0,0.0,0.0
CLEMENCIA,2017,,,,
CLEMENCIA,2018,,,,
CLEMENCIA,2019,,,,
CLEMENCIA,2020,,,,
CLEMENCIA,2021,,,,
CLEMENCIA,2022,,,,
CLEMENCIA,2023,,,,
COCORNÁ,2017,62.21,0.0,0.0,0.0
COCORNÁ,2018,0.0,318693.7,0.0,0.0
COCORNÁ,2019,0.0,0.0,0.0,0.0
COCORNÁ,2020,0.0,0.0,0.0,0.0
COCORNÁ,2021,0.0,0.0,0.0,0.0
COCORNÁ,2022,0.0,0.0,0.0,0.0
COCORNÁ,2023,0.0,0.0,0.0,0.0
COELLO,2017,86.44,0.0,0.0,0.0
COELLO,2018,0.0,259514.04,0.0,0.0
COELLO,2019,0.0,0.0,0.0,0.0
COELLO,2020,0.0,0.0,0.0,0.0
COELLO,2021,0.0,0.0,0.0,0.0
COELLO,2022,0.0,0.0,0.0,0.0
COELLO,2023,0.0,0.0,0.0,0.0
COGUA,2017,90.54,0.0,0.0,0.0
COGUA,2018,0.0,424273.71,0.0,0.0
COGUA,2019,0.0,0.0,0.0,0.0
COGUA,2020,0.0,0.0,0.0,0.0
COGUA,2021,0.0,0.0,0.0,0.0
COGUA,2022,0.0,0.0,0.0,0.0
COGUA,2023,0.0,0.0,0.0,0.0
COLOMBIA,2017,88.76,0.0,0.0,0.0
COLOMBIA,2018,0.0,911883.16,0.0,0.0
COLOMBIA,2019,0.0,0.0,0.0,0.0
COLOMBIA,2020,0.0,0.0,0.0,0.0
COLOMBIA,2021,0.0,0.0,0.0,0.0
COLOMBIA,2022,0.0,0.0,0.0,0.0
COLOMBIA,2023,0.0,0.0,0.0,0.0
COLOSÓ,2017,0.0,0.0,0.0,0.0
COLOSÓ,2018,0.0,0.0,0.0,0.0
COLOSÓ,2019,0.0,0.0,0.0,0.0
COLOSÓ,2020,0.0,0.0,0.0,0.0
COLOSÓ,2021,0.0,0.0,0.0,0.0
COLOSÓ,2022,0.0,0.0,0.0,0.0
COLOSÓ,2023,0.0,0.0,0.0,0.0
COLÓN,2017,,,,
COLÓN,2017,,,,0.0
COLÓN,2017,,,0.0,
COLÓN,2017,,,0.0,0.0
COLÓN,2017,,0.0,,
COLÓN,2017,,0.0,,0.0
COLÓN,2017,,0.0,0.0,
COLÓN,2017,,0.0,0.0,0.0
COLÓN,2017,0.0,,,
COLÓN,2017,0.0,,,0.0
COLÓN,2017,0.0,,0.0,
COLÓN,2017,0.0,,0.0,0.0
COLÓN,2017,0.0,0.0,,
COLÓN,2017,0.0,0.0,,0.0
COLÓN,2017,0.0,0.0,0.0,
COLÓN,2017,0.0,0.0,0.0,0.0
COLÓN,2018,,,,
COLÓN,2018,,,,0.0
COLÓN,2018,,,0.0,
COLÓN,2018,,,0.0,0.0
COLÓN,2018,,0.0,,
COLÓN,2018,,0.0,,0.0
COLÓN,2018,,0.0,0.0,
COLÓN,2018,,0.0,0.0,0.0
COLÓN,2018,0.0,,,
COLÓN,2018,0.0,,,0.0
COLÓN,2018,0.0,,0.0,
COLÓN,2018,0.0,,0.0,0.0
COLÓN,2018,0.0,0.0,,
COLÓN,2018,0.0,0.0,,0.0
COLÓN,2018,0.0,0.0,0.0,
COLÓN,2018,0.0,0.0,0.0,0.0
COLÓN,2019,,,,
COLÓN,2019,,,,0.0
COLÓN,2019,,,0.0,
COLÓN,2019,,,0.0,0.0
COLÓN,2019,,0.0,,
COLÓN,2019,,0.0,,0.0
COLÓN,2019,,0.0,0.0,
COLÓN,2019,,0.0,0.0,0.0
COLÓN,2019,0.0,,,
COLÓN,2019,0.0,,,0.0
COLÓN,2019,0.0,,0.0,
COLÓN,2019,0.0,,0.0,0.0
COLÓN,2019,0.0,0.0,,
COLÓN,2019,0.0,0.0,,0.0
COLÓN,2019,0.0,0.0,0.0,
COLÓN,2019,0.0,0.0,0.0,0.0
COLÓN,2020,,,,
COLÓN,2020,,,,0.0
COLÓN,2020,,,0.0,
COLÓN,2020,,,0.0,0.0
COLÓN,2020,,0.0,,
COLÓN,2020,,0.0,,0.0
COLÓN,2020,,0.0,0.0,
COLÓN,2020,,0.0,0.0,0.0
COLÓN,2020,0.0,,,
COLÓN,2020,0.0,,,0.0
COLÓN,2020,0.0,,0.0,
COLÓN,2020,0.0,,0.0,0.0
COLÓN,2020,0.0,0.0,,
COLÓN,2020,0.0,0.0,,0.0
COLÓN,2020,0.0,0.0,0.0,
COLÓN,2020,0.0,0.0,0.0,0.0
COLÓN,2021,,,,
COLÓN,2021,,,,0.0
COLÓN,2021,,,0.0,
COLÓN,2021,,,0.0,0.0
COLÓN,2021,,0.0,,
COLÓN,2021,,0.0,,0.0
COLÓN,2021,,0.0,0.0,
COLÓN,2021,,0.0,0.0,0.0
COLÓN,2021,0.0,,,
COLÓN,2021,0.0,,,0.0
COLÓN,2021,0.0,,0.0,
COLÓN,2021,0.0,,0.0,0.0
COLÓN,2021,0.0,0.0,,
COLÓN,2021,0.0,0.0,,0.0
COLÓN,2021,0.0,0.0,0.0,
COLÓN,2021,0.0,0.0,0.0,0.0
COLÓN,2022,,,,
COLÓN,2022,,,,0.0
COLÓN,2022,,,0.0,
COLÓN,2022,,,0.0,0.0
COLÓN,2022,,0.0,,
COLÓN,2022,,0.0,,0.0
COLÓN,2022,,0.0,0.0,
COLÓN,2022,,0.0,0.0,0.0
COLÓN,2022,0.0,,,
COLÓN,2022,0.0,,,0.0
COLÓN,2022,0.0,,0.0,
COLÓN,2022,0.0,,0.0,0.0
COLÓN,2022,0.0,0.0,,
COLÓN,2022,0.0,0.0,,0.0
COLÓN,2022,0.0,0.0,0.0,
COLÓN,2022,0.0,0.0,0.0,0.0
COLÓN,2023,,,,
COLÓN,2023,,,,0.0
COLÓN,2023,,,0.0,
COLÓN,2023,,,0.0,0.0
COLÓN,2023,,0.0,,
COLÓN,2023,,0.0,,0.0
COLÓN,2023,,0.0,0.0,
COLÓN,2023,,0.0,0.0,0.0
COLÓN,2023,0.0,,,
COLÓN,2023,0.0,,,0.0
COLÓN,2023,0.0,,0.0,
COLÓN,2023,0.0,,0.0,0.0
COLÓN,2023,0.0,0.0,,
COLÓN,2023,0.0,0.0,,0.0
COLÓN,2023,0.0,0.0,0.0,
COLÓN,2023,0.0,0.0,0.0,0.0
CONCEPCIÓN,2017,0.0,0.0,0.0,0.0
CONCEPCIÓN,2017,0.0,0.0,0.0,0.0
CONCEPCIÓN,2017,0.0,0.0,0.0,0.0
CONCEPCIÓN,2017,0.0,0.0,0.0,0.0
CONCEPCIÓN,2017,0.0,0.0,0.0,0.0
CONCEPCIÓN,2017,0.0,0.0,0.0,0.0
CONCEPCIÓN,2017,0.0,0.0,0.0,0.0
CONCEPCIÓN,2017,0.0,0.0,0.0,0.0
CONCEPCIÓN,2017,91.14,0.0,0.0,0.0
CONCEPCIÓN,2017,91.14,0.0,0.0,0.0
CONCEPCIÓN,2017,91.14,0.0,0.0,0.0
CONCEPCIÓN,2017,91.14,0.0,0.0,0.0
CONCEPCIÓN,2017,91.14,0.0,0.0,0.0
CONCEPCIÓN,2017,91.14,0.0,0.0,0.0
CONCEPCIÓN,2017,91.14,0.0,0.0,0.0
CONCEPCIÓN,2017,91.14,0.0,0.0,0.0
CONCEPCIÓN,2018,0.0,0.0,0.0,0.0
CONCEPCIÓN,2018,0.0,0.0,0.0,0.0
CONCEPCIÓN,2018,0.0,0.0,0.0,0.0
CONCEPCIÓN,2018,0.0,0.0,0.0,0.0
CONCEPCIÓN,2018,0.0,490102.82,0.0,0.0
CONCEPCIÓN,2018,0.0,490102.82,0.0,0.0
CONCEPCIÓN,2018,0.0,490102.82,0.0,0.0
CONCEPCIÓN,2018,0.0,490102.82,0.0,0.0
CONCEPCIÓN,2018,0.0,0.0,0.0,0.0
CONCEPCIÓN,2018,0.0,0.0,0.0,0.0
CONCEPCIÓN,2018,0.0,0.0,0.0,0.0
CONCEPCIÓN,2018,0.0,0.0,0.0,0.0
CONCEPCIÓN,2018,0.0,490102.82,0.0,0.0
CONCEPCIÓN,2018,0.0,490102.82,0.0,0.0
CONCEPCIÓN,2018,0.0,490102.82,0.0,0.0
CONCEPCIÓN,2018,0.0,490102.82,0.0,0.0
CONCEPCIÓN,2019,0.0,0.0,0.0,0.0
CONCEPCIÓN,2019,0.0,0.0,0.0,0.0
CONCEPCIÓN,2019,0.0,0.0,0.0,0.0
CONCEPCIÓN,2019,0.0,0.0,0.0,0.0
CONCEPCIÓN,2019,0.0,0.0,0.0,0.0
CONCEPCIÓN,2019,0.0,0.0,0.0,0.0
CONCEPCIÓN,2019,0.0,0.0,0.0,0.0
CONCEPCIÓN,2019,0.0,0.0,0.0,0.0
CONCEPCIÓN,2019,0.0,0.0,0.0,0.0
CONCEPCIÓN,2019,0.0,0.0,0.0,0.0
CONCEPCIÓN,2019,0.0,0.0,0.0,0.0
CONCEPCIÓN,2019,0.0,0.0,0.0,0.0
CONCEPCIÓN,2019,0.0,0.0,0.0,0.0
CONCEPCIÓN,2019,0.0,0.0,0.0,0.0
CONCEPCIÓN,2019,0.0,0.0,0.0,0.0
CONCEPCIÓN,2019,0.0,0.0,0.0,0.0
CONCEPCIÓN,2020,0.0,0.0,0.0,0.0
CONCEPCIÓN,2020,0.0,0.0,0.0,0.0
CONCEPCIÓN,2020,0.0,0.0,0.0,0.0
CONCEPCIÓN,2020,0.0,0.0,0.0,0.0
CONCEPCIÓN,2020,0.0,0.0,0.0,0.0
CONCEPCIÓN,2020,0.0,0.0,0.0,0.0
CONCEPCIÓN,2020,0.0,0.0,0.0,0.0
CONCEPCIÓN,2020,0.0,0.0,0.0,0.0
CONCEPCIÓN,2020,0.0,0.0,0.0,0.0
CONCEPCIÓN,2020,0.0,0.0,0.0,0.0
CONCEPCIÓN,2020,0.0,0.0,0.0,0.0
CONCEPCIÓN,2020,0.0,0.0,0.0,0.0
CONCEPCIÓN,2020,0.0,0.0,0.0,0.0
CONCEPCIÓN,2020,0.0,0.0,0.0,0.0
CONCEPCIÓN,2020,0.0,0.0,0.0,0.0
CONCEPCIÓN,2020,0.0,0.0,0.0,0.0
CONCEPCIÓN,2021,0.0,0.0,0.0,0.0
CONCEPCIÓN,2021,0.0,0.0,0.0,0.0
CONCEPCIÓN,2021,0.0,0.0,0.0,0.0
CONCEPCIÓN,2021,0.0,0.0,0.0,0.0
CONCEPCIÓN,2021,0.0,0.0,0.0,0.0
CONCEPCIÓN,2021,0.0,0.0,0.0,0.0
CONCEPCIÓN,2021,0.0,0.0,0.0,0.0
CONCEPCIÓN,2021,0.0,0.0,0.0,0.0
CONCEPCIÓN,2021,0.0,0.0,0.0,0.0
CONCEPCIÓN,2021,0.0,0.0,0.0,0.0
CONCEPCIÓN,2021,0.0,0.0,0.0,0.0
CONCEPCIÓN,2021,0.0,0.0,0.0,0.0
CONCEPCIÓN,2021,0.0,0.0,0.0,0.0
CONCEPCIÓN,2021,0.0,0.0,0.0,0.0
CONCEPCIÓN,2021,0.0,0.0,0.0,0.0
CONCEPCIÓN,2021,0.0,0.0,0.0,0.0
CONCEPCIÓN,2022,0.0,0.0,0.0,0.0
CONCEPCIÓN,2022,0.0,0.0,0.0,0.0
CONCEPCIÓN,2022,0.0,0.0,0.0,0.0
CONCEPCIÓN,2022,0.0,0.0,0.0,0.0
CONCEPCIÓN,2022,0.0,0.0,0.0,0.0
CONCEPCIÓN,2022,0.0,0.0,0.0,0.0
CONCEPCIÓN,2022,0.0,0.0,0.0,0.0
CONCEPCIÓN,2022,0.0,0.0,0.0,0.0
CONCEPCIÓN,2022,0.0,0.0,0.0,0.0
CONCEPCIÓN,2022,0.0,0.0,0.0,0.0
CONCEPCIÓN,2022,0.0,0.0,0.0,0.0
CONCEPCIÓN,2022,0.0,0.0,0.0,0.0
CONCEPCIÓN,2022,0.0,0.0,0.0,0.0
CONCEPCIÓN,2022,0.0,0.0,0.0,0.0
CONCEPCIÓN,2022,0.0,0.0,0.0,0.0
CONCEPCIÓN,2022,0.0,0.0,0.0,0.0
CONCEPCIÓN,2023,0.0,0.0,0.0,0.0
CONCEPCIÓN,2023,0.0,0.0,0.0,0.0
CONCEPCIÓN,2023,0.0,0.0,0.0,0.0
CONCEPCIÓN,2023,0.0,0.0,0.0,0.0
CONCEPCIÓN,2023,0.0,0.0,0.0,0.0
CONCEPCIÓN,2023,0.0,0.0,0.0,0.0
CONCEPCIÓN,2023,0.0,0.0,0.0,0.0
CONCEPCIÓN,2023,0.0,0.0,0.0,0.0
CONCEPCIÓN,2023,0.0,0.0,0.0,0.0
CONCEPCIÓN,2023,0.0,0.0,0.0,0.0
CONCEPCIÓN,2023,0.0,0.0,0.0,0.0
CONCEPCIÓN,2023,0.0,0.0,0.0,0.0
CONCEPCIÓN,2023,0.0,0.0,0.0,0.0
CONCEPCIÓN,2023,0.0,0.0,0.0,0.0
CONCEPCIÓN,2023,0.0,0.0,0.0,0.0
CONCEPCIÓN,2023,0.0,0.0,0.0,0.0
CONCORDIA,2017,0.0,0.0,0.0,0.0
CONCORDIA,2017,0.0,0.0,0.0,
CONCORDIA,2017,0.0,0.0,,0.0
CONCORDIA,2017,0.0,0.0,,
CONCORDIA,2017,0.0,,0.0,0.0
CONCORDIA,2017,0.0,,0.0,
CONCORDIA,2017,0.0,,,0.0
CONCORDIA,2017,0.0,,,
CONCORDIA,2017,,0.0,0.0,0.0
CONCORDIA,2017,,0.0,0.0,
CONCORDIA,2017,,0.0,,0.0
CONCORDIA,2017,,0.0,,
CONCORDIA,2017,,,0.0,0.0
CONCORDIA,2017,,,0.0,
CONCORDIA,2017,,,,0.0
CONCORDIA,2017,,,,
CONCORDIA,2018,0.0,0.0,0.0,0.0
CONCORDIA,2018,0.0,0.0,0.0,
CONCORDIA,2018,0.0,0.0,,0.0
CONCORDIA,2018,0.0,0.0,,
CONCORDIA,2018,0.0,,0.0,0.0
CONCORDIA,2018,0.0,,0.0,
CONCORDIA,2018,0.0,,,0.0
CONCORDIA,2018,0.0,,,
CONCORDIA,2018,,0.0,0.0,0.0
CONCORDIA,2018,,0.0,0.0,
CONCORDIA,2018,,0.0,,0.0
CONCORDIA,2018,,0.0,,
CONCORDIA,2018,,,0.0,0.0
CONCORDIA,2018,,,0.0,
CONCORDIA,2018,,,,0.0
CONCORDIA,2018,,,,
CONCORDIA,2019,0.0,0.0,0.0,0.0
CONCORDIA,2019,0.0,0.0,0.0,
CONCORDIA,2019,0.0,0.0,,0.0
CONCORDIA,2019,0.0,0.0,,
CONCORDIA,2019,0.0,,0.0,0.0
CONCORDIA,2019,0.0,,0.0,
CONCORDIA,2019,0.0,,,0.0
CONCORDIA,2019,0.0,,,
CONCORDIA,2019,,0.0,0.0,0.0
CONCORDIA,2019,,0.0,0.0,
CONCORDIA,2019,,0.0,,0.0
CONCORDIA,2019,,0.0,,
CONCORDIA,2019,,,0.0,0.0
CONCORDIA,2019,,,0.0,
CONCORDIA,2019,,,,0.0
CONCORDIA,2019,,,,
CONCORDIA,2020,0.0,0.0,0.0,0.0
CONCORDIA,2020,0.0,0.0,0.0,
CONCORDIA,2020,0.0,0.0,,0.0
CONCORDIA,2020,0.0,0.0,,
CONCORDIA,2020,0.0,,0.0,0.0
CONCORDIA,2020,0.0,,0.0,
CONCORDIA,2020,0.0,,,0.0
CONCORDIA,2020,0.0,,,
CONCORDIA,2020,,0.0,0.0,0.0
CONCORDIA,2020,,0.0,0.0,
CONCORDIA,2020,,0.0,,0.0
CONCORDIA,2020,,0.0,,
CONCORDIA,2020,,,0.0,0.0
CONCORDIA,2020,,,0.0,
CONCORDIA,2020,,,,0.0
CONCORDIA,2020,,,,
CONCORDIA,2021,0.0,0.0,0.0,0.0
CONCORDIA,2021,0.0,0.0,0.0,
CONCORDIA,2021,0.0,0.0,,0.0
CONCORDIA,2021,0.0,0.0,,
CONCORDIA,2021,0.0,,0.0,0.0
CONCORDIA,2021,0.0,,0.0,
CONCORDIA,2021,0.0,,,0.0
CONCORDIA,2021,0.0,,,
CONCORDIA,2021,,0.0,0.0,0.0
CONCORDIA,2021,,0.0,0.0,
CONCORDIA,2021,,0.0,,0.0
CONCORDIA,2021,,0.0,,
CONCORDIA,2021,,,0.0,0.0
CONCORDIA,2021,,,0.0,
CONCORDIA,2021,,,,0.0
CONCORDIA,2021,,,,
CONCORDIA,2022,0.0,0.0,0.0,0.0
CONCORDIA,2022,0.0,0.0,0.0,
CONCORDIA,2022,0.0,0.0,,0.0
CONCORDIA,2022,0.0,0.0,,
CONCORDIA,2022,0.0,,0.0,0.0
CONCORDIA,2022,0.0,,0.0,
CONCORDIA,2022,0.0,,,0.0
CONCORDIA,2022,0.0,,,
CONCORDIA,2022,,0.0,0.0,0.0
CONCORDIA,2022,,0.0,0.0,
CONCORDIA,2022,,0.0,,0.0
CONCORDIA,2022,,0.0,,
CONCORDIA,2022,,,0.0,0.0
CONCORDIA,2022,,,0.0,
CONCORDIA,2022,,,,0.0
CONCORDIA,2022,,,,
CONCORDIA,2023,0.0,0.0,0.0,0.0
CONCORDIA,2023,0.0,0.0,0.0,
CONCORDIA,2023,0.0,0.0,,0.0
CONCORDIA,2023,0.0,0.0,,
CONCORDIA,2023,0.0,,0.0,0.0
CONCORDIA,2023,0.0,,0.0,
CONCORDIA,2023,0.0,,,0.0
CONCORDIA,2023,0.0,,,
CONCORDIA,2023,,0.0,0.0,0.0
CONCORDIA,2023,,0.0,0.0,
CONCORDIA,2023,,0.0,,0.0
CONCORDIA,2023,,0.0,,
CONCORDIA,2023,,,0.0,0.0
CONCORDIA,2023,,,0.0,
CONCORDIA,2023,,,,0.0
CONCORDIA,2023,,,,
CONDOTO,2017,0.0,0.0,0.0,0.0
CONDOTO,2018,0.0,0.0,0.0,0.0
CONDOTO,2019,0.0,0.0,0.0,0.0
CONDOTO,2020,0.0,0.0,0.0,0.0
CONDOTO,2021,0.0,0.0,0.0,0.0
CONDOTO,2022,0.0,0.0,0.0,0.0
CONDOTO,2023,0.0,0.0,0.0,0.0
CONFINES,2017,,,,
CONFINES,2018,,,,
CONFINES,2019,,,,
CONFINES,2020,,,,
CONFINES,2021,,,,
CONFINES,2022,,,,
CONFINES,2023,,,,
CONSACÁ,2017,0.0,0.0,0.0,0.0
CONSACÁ,2018,0.0,0.0,0.0,0.0
CONSACÁ,2019,0.0,0.0,0.0,0.0
CONSACÁ,2020,0.0,0.0,0.0,0.0
CONSACÁ,2021,0.0,0.0,0.0,0.0
CONSACÁ,2022,0.0,0.0,0.0,0.0
CONSACÁ,2023,0.0,0.0,0.0,0.0
CONTADERO,2017,,,,
CONTADERO,2018,,,,
CONTADERO,2019,,,,
CONTADERO,2020,,,,
CONTADERO,2021,,,,
CONTADERO,2022,,,,
CONTADERO,2023,,,,
CONTRATACIÓN,2017,95.13,0.0,0.0,0.0
CONTRATACIÓN,2018,0.0,432788.25,0.0,0.0
CONTRATACIÓN,2019,0.0,0.0,0.0,0.0
CONTRATACIÓN,2020,0.0,0.0,0.0,0.0
CONTRATACIÓN,2021,0.0,0.0,0.0,0.0
CONTRATACIÓN,2022,0.0,0.0,0.0,0.0
CONTRATACIÓN,2023,0.0,0.0,0.0,0.0
CONVENCIÓN,2017,95.53,0.0,0.0,0.0
CONVENCIÓN,2018,0.0,278670.6,0.0,0.0
CONVENCIÓN,2019,0.0,0.0,0.0,0.0
CONVENCIÓN,2020,0.0,0.0,0.0,0.0
CONVENCIÓN,2021,0.0,0.0,0.0,0.0
CONVENCIÓN,2022,0.0,0.0,0.0,0.0
CONVENCIÓN,2023,0.0,0.0,0.0,0.0
COPACABANA,2017,0.0,0.0,0.0,0.0
COPACABANA,2018,0.0,0.0,0.0,0.0
COPACABANA,2019,0.0,0.0,0.0,0.0
COPACABANA,2020,0.0,0.0,0.0,0.0
COPACABANA,2021,0.0,0.0,0.0,0.0
COPACABANA,2022,0.0,0.0,0.0,0.0
COPACABANA,2023,0.0,0.0,0.0,0.0
COPER,2017,85.36,0.0,0.0,0.0
COPER,2018,0.0,680668.67,0.0,0.0
COPER,2019,0.0,0.0,0.0,0.0
COPER,2020,0.0,0.0,0.0,0.0
COPER,2021,0.0,0.0,0.0,0.0
COPER,2022,0.0,0.0,0.0,0.0
COPER,2023,0.0,0.0,0.0,0.0
CORINTO,2017,0.0,0.0,0.0,0.0
CORINTO,2018,0.0,0.0,0.0,0.0
CORINTO,2019,0.0,0.0,0.0,0.0
CORINTO,2020,0.0,0.0,0.0,0.0
CORINTO,2021,0.0,0.0,0.0,0.0
CORINTO,2022,0.0,0.0,0.0,0.0
CORINTO,2023,0.0,0.0,0.0,0.0
COROMORO,2017,89.84,0.0,0.0,0.0
COROMORO,2018,0.0,750002.66,0.0,0.0
COROMORO,2019,0.0,0.0,0.0,0.0
COROMORO,2020,0.0,0.0,0.0,0.0
COROMORO,2021,0.0,0.0,0.0,0.0
COROMORO,2022,0.0,0.0,0.0,0.0
COROMORO,2023,0.0,0.0,0.0,0.0
COROZAL,2017,0.0,0.0,0.0,0.0
COROZAL,2018,0.0,0.0,0.0,0.0
COROZAL,2019,0.0,0.0,0.0,0.0
COROZAL,2020,0.0,0.0,0.0,0.0
COROZAL,2021,0.0,0.0,0.0,0.0
COROZAL,2022,0.0,0.0,0.0,0.0
COROZAL,2023,0.0,0.0,0.0,0.0
CORRALES,2017,,,,
CORRALES,2018,,,,
CORRALES,2019,,,,
CORRALES,2020,,,,
CORRALES,2021,,,,
CORRALES,2022,,,,
CORRALES,2023,,,,
COTA,2017,90.91,0.0,0.0,0.0
COTA,2018,0.0,310410.35,0.0,0.0
COTA,2019,0.0,0.0,0.0,0.0
COTA,2020,0.0,0.0,0.0,0.0
COTA,2021,0.0,0.0,0.0,0.0
COTA,2022,0.0,0.0,0.0,0.0
COTA,2023,0.0,0.0,0.0,0.0
COTORRA,2017,,,,
COTORRA,2018,,,,
COTORRA,2019,,,,
COTORRA,2020,,,,
COTORRA,2021,,,,
COTORRA,2022,,,,
COTORRA,2023,,,,
COVARACHÍA,2017,87.04,0.0,0.0,0.0
COVARACHÍA,2018,0.0,311731.2,0.0,0.0
COVARACHÍA,2019,0.0,0.0,0.0,0.0
COVARACHÍA,2020,0.0,0.0,0.0,0.0
COVARACHÍA,2021,0.0,0.0,0.0,0.0
COVARACHÍA,2022,0.0,0.0,0.0,0.0
COVARACHÍA,2023,0.0,0.0,0.0,0.0
COVEÑAS,2017,0.0,0.0,0.0,0.0
COVEÑAS,2018,0.0,0.0,0.0,0.0
COVEÑAS,2019,0.0,0.0,0.0,0.0
COVEÑAS,2020,0.0,0.0,0.0,0.0
COVEÑAS,2021,0.0,0.0,0.0,0.0
COVEÑAS,2022,0.0,0.0,0.0,0.0
COVEÑAS,2023,0.0,0.0,0.0,0.0
COYAIMA,2017,40.26,0.0,0.0,0.0
COYAIMA,2018,0.0,88057.58,0.0,0.0
COYAIMA,2019,0.0,0.0,0.0,0.0
COYAIMA,2020,0.0,0.0,0.0,0.0
COYAIMA,2021,0.0,0.0,0.0,0.0
COYAIMA,2022,0.0,0.0,0.0,0.0
COYAIMA,2023,0.0,0.0,0.0,0.0
CRAVO NORTE,2017,83.88,0.0,0.0,0.0
CRAVO NORTE,2018,0.0,507846.26,0.0,0.0
CRAVO NORTE,2019,0.0,0.0,0.0,0.0
CRAVO NORTE,2020,0.0,0.0,0.0,0.0
CRAVO NORTE,2021,0.0,0.0,0.0,0.0
CRAVO NORTE,2022,0.0,0.0,0.0,0.0
CRAVO NORTE,2023,0.0,0.0,0.0,0.0
CUASPUD CARLOSAMA,2017,,,,
CUASPUD CARLOSAMA,2018,,,,
CUASPUD CARLOSAMA,2019,,,,
CUASPUD CARLOSAMA,2020,,,,
CUASPUD CARLOSAMA,2021,,,,
CUASPUD CARLOSAMA,2022,,,,
CUASPUD CARLOSAMA,2023,,,,
CUBARRAL,2017,88.55,0.0,0.0,0.0
CUBARRAL,2018,0.0,592513.84,0.0,0.0
CUBARRAL,2019,0.0,0.0,0.0,0.0
CUBARRAL,2020,0.0,0.0,0.0,0.0
CUBARRAL,2021,0.0,0.0,0.0,0.0
CUBARRAL,2022,0.0,0.0,0.0,0.0
CUBARRAL,2023,0.0,0.0,0.0,0.0
CUBARÁ,2017,88.52,0.0,0.0,0.0
CUBARÁ,2018,0.0,977414.93,0.0,0.0
CUBARÁ,2019,0.0,0.0,0.0,0.0
CUBARÁ,2020,0.0,0.0,0.0,0.0
CUBARÁ,2021,0.0,0.0,0.0,0.0
CUBARÁ,2022,0.0,0.0,0.0,0.0
CUBARÁ,2023,0.0,0.0,0.0,0.0
CUCAITA,2017,,,,
CUCAITA,2018,,,,
CUCAITA,2019,,,,
CUCAITA,2020,,,,
CUCAITA,2021,,,,
CUCAITA,2022,,,,
CUCAITA,2023,,,,
CUCUNUBÁ,2017,90.07,0.0,0.0,0.0
CUCUNUBÁ,2018,0.0,355485.11,0.0,0.0
CUCUNUBÁ,2019,0.0,0.0,0.0,0.0
CUCUNUBÁ,2020,0.0,0.0,0.0,0.0
CUCUNUBÁ,2021,0.0,0.0,0.0,0.0
CUCUNUBÁ,2022,0.0,0.0,0.0,0.0
CUCUNUBÁ,2023,0.0,0.0,0.0,0.0
CUCUTILLA,2017,85.88,0.0,0.0,0.0
CUCUTILLA,2018,0.0,338522.3,0.0,0.0
CUCUTILLA,2019,0.0,0.0,0.0,0.0
CUCUTILLA,2020,0.0,0.0,0.0,0.0
CUCUTILLA,2021,0.0,0.0,0.0,0.0
CUCUTILLA,2022,0.0,0.0,0.0,0.0
CUCUTILLA,2023,0.0,0.0,0.0,0.0
CUMARAL,2017,90.77,0.0,0.0,0.0
CUMARAL,2018,0.0,436266.03,0.0,0.0
CUMARAL,2019,0.0,0.0,0.0,0.0
CUMARAL,2020,0.0,0.0,0.0,0.0
CUMARAL,2021,0.0,0.0,0.0,0.0
CUMARAL,2022,0.0,0.0,0.0,0.0
CUMARAL,2023,0.0,0.0,0.0,0.0
CUMARIBO,2017,90.91,0.0,0.0,0.0
CUMARIBO,2018,0.0,646945.92,0.0,0.0
CUMARIBO,2019,0.0,0.0,0.0,0.0
CUMARIBO,2020,0.0,0.0,0.0,0.0
CUMARIBO,2021,0.0,0.0,0.0,0.0
CUMARIBO,2022,0.0,0.0,0.0,0.0
CUMARIBO,2023,0.0,0.0,0.0,0.0
CUMBAL,2017,0.0,0.0,0.0,0.0
CUMBAL,2018,0.0,0.0,0.0,0.0
CUMBAL,2019,0.0,0.0,0.0,0.0
CUMBAL,2020,0.0,0.0,0.0,0.0
CUMBAL,2021,0.0,0.0,0.0,0.0
CUMBAL,2022,0.0,0.0,0.0,0.0
CUMBAL,2023,0.0,0.0,0.0,0.0
CUMBITARA,2017,0.0,0.0,0.0,0.0
CUMBITARA,2018,0.0,0.0,0.0,0.0
CUMBITARA,2019,0.0,0.0,0.0,0.0
CUMBITARA,2020,0.0,0.0,0.0,0.0
CUMBITARA,2021,0.0,0.0,0.0,0.0
CUMBITARA,2022,0.0,0.0,0.0,0.0
CUMBITARA,2023,0.0,0.0,0.0,0.0
CUNDAY,2017,82.58,0.0,0.0,0.0
CUNDAY,2018,0.0,987883.39,0.0,0.0
CUNDAY,2019,0.0,0.0,0.0,0.0
CUNDAY,2020,0.0,0.0,0.0,0.0
CUNDAY,2021,0.0,0.0,0.0,0.0
CUNDAY,2022,0.0,0.0,0.0,0.0
CUNDAY,2023,0.0,0.0,0.0,0.0
CURILLO,2017,0.0,0.0,0.0,0.0
CURILLO,2018,0.0,0.0,0.0,0.0
CURILLO,2019,0.0,0.0,0.0,0.0
CURILLO,2020,0.0,0.0,0.0,0.0
CURILLO,2021,0.0,0.0,0.0,0.0
CURILLO,2022,0.0,0.0,0.0,0.0
CURILLO,2023,0.0,0.0,0.0,0.0
CURITÍ,2017,92.3,0.0,0.0,0.0
CURITÍ,2018,0.0,493287.19,0.0,0.0
CURITÍ,2019,0.0,0.0,0.0,0.0
CURITÍ,2020,0.0,0.0,0.0,0.0
CURITÍ,2021,0.0,0.0,0.0,0.0
CURITÍ,2022,0.0,0.0,0.0,0.0
CURITÍ,2023,0.0,0.0,0.0,0.0
CURUMANÍ,2017,87.31,0.0,0.0,0.0
CURUMANÍ,2018,0.0,542090.17,0.0,0.0
CURUMANÍ,2019,0.0,0.0,0.0,0.0
CURUMANÍ,2020,0.0,0.0,0.0,0.0
CURUMANÍ,2021,0.0,0.0,0.0,0.0
CURUMANÍ,2022,0.0,0.0,0.0,0.0
CURUMANÍ,2023,0.0,0.0,0.0,0.0
CUÍTIVA,2017,84.45,0.0,0.0,0.0
CUÍTIVA,2018,0.0,701051.97,0.0,0.0
CUÍTIVA,2019,0.0,0.0,0.0,0.0
CUÍTIVA,2020,0.0,0.0,0.0,0.0
CUÍTIVA,2021,0.0,0.0,0.0,0.0
CUÍTIVA,2022,0.0,0.0,0.0,0.0
CUÍTIVA,2023,0.0,0.0,0.0,0.0
CÁCERES,2017,27.83,0.0,0.0,0.0
CÁCERES,2018,0.0,193394.11,0.0,0.0
CÁCERES,2019,0.0,0.0,0.0,0.0
CÁCERES,2020,0.0,0.0,0.0,0.0
CÁCERES,2021,0.0,0.0,0.0,0.0
CÁCERES,2022,0.0,0.0,0.0,0.0
CÁCERES,2023,0.0,0.0,0.0,0.0
CÁCHIRA,2017,86.51,0.0,0.0,0.0
CÁCHIRA,2018,0.0,941511.45,0.0,0.0
CÁCHIRA,2019,0.0,0.0,0.0,0.0
CÁCHIRA,2020,0.0,0.0,0.0,0.0
CÁCHIRA,2021,0.0,0.0,0.0,0.0
CÁCHIRA,2022,0.0,0.0,0.0,0.0
CÁCHIRA,2023,0.0,0.0,0.0,0.0
CÁCOTA,2017,88.62,0.0,0.0,0.0
CÁCOTA,2018,0.0,399168.0,0.0,0.0
CÁCOTA,2019,0.0,0.0,0.0,0.0
CÁCOTA,2020,0.0,0.0,0.0,0.0
CÁCOTA,2021,0.0,0.0,0.0,0.0
CÁCOTA,2022,0.0,0.0,0.0,0.0
CÁCOTA,2023,0.0,0.0,0.0,0.0
CÁQUEZA,2017,86.59,0.0,0.0,0.0
CÁQUEZA,2018,0.0,287996.05,0.0,0.0
CÁQUEZA,2019,0.0,0.0,0.0,0.0
CÁQUEZA,2020,0.0,0.0,0.0,0.0
CÁQUEZA,2021,0.0,0.0,0.0,0.0
CÁQUEZA,2022,0.0,0.0,0.0,0.0
CÁQUEZA,2023,0.0,0.0,0.0,0.0
CÉRTEGUI,2017,0.0,0.0,0.0,0.0
CÉRTEGUI,2018,0.0,0.0,0.0,0.0
CÉRTEGUI,2019,0.0,0.0,0.0,0.0
CÉRTEGUI,2020,0.0,0.0,0.0,0.0
CÉRTEGUI,2021,0.0,0.0,0.0,0.0
CÉRTEGUI,2022,0.0,0.0,0.0,0.0
CÉRTEGUI,2023,0.0,0.0,0.0,0.0
CÓMBITA,2017,93.12,0.0,0.0,0.0
CÓMBITA,2018,0.0,351404.19,0.0,0.0
CÓMBITA,2019,0.0,0.0,0.0,0.0
CÓMBITA,2020,0.0,0.0,0.0,0.0
CÓMBITA,2021,0.0,0.0,0.0,0.0
CÓMBITA,2022,0.0,0.0,0.0,0.0
CÓMBITA,2023,0.0,0.0,0.0,0.0
CÓRDOBA,2017,88.08,0.0,0.0,0.0
CÓRDOBA,2017,88.08,0.0,0.0,0.0
CÓRDOBA,2017,88.08,0.0,0.0,0.0
CÓRDOBA,2017,88.08,0.0,0.0,0.0
CÓRDOBA,2017,88.08,0.0,0.0,0.0
CÓRDOBA,2017,88.08,0.0,0.0,0.0
CÓRDOBA,2017,88.08,0.0,0.0,0.0
CÓRDOBA,2017,88.08,0.0,0.0,0.0
CÓRDOBA,2017,88.08,0.0,0.0,0.0
CÓRDOBA,2017,88.08,0.0,0.0,0.0
CÓRDOBA,2017,88.08,0.0,0.0,0.0
CÓRDOBA,2017,88.08,0.0,0.0,0.0
CÓRDOBA,2017,88.08,0.0,0.0,0.0
CÓRDOBA,2017,88.08,0.0,0.0,0.0
CÓRDOBA,2017,88.08,0.0,0.0,0.0
CÓRDOBA,2017,88.08,0.0,0.0,0.0
CÓRDOBA,2017,88.08,0.0,0.0,0.0
CÓRDOBA,2017,88.08,0.0,0.0,0.0
CÓRDOBA,2017,88.08,0.0,0.0,0.0
CÓRDOBA,2017,88.08,0.0,0.0,0.0
CÓRDOBA,2017,88.08,0.0,0.0,0.0
CÓRDOBA,2017,88.08,0.0,0.0,0.0
CÓRDOBA,2017,88.08,0.0,0.0,0.0
CÓRDOBA,2017,88.08,0.0,0.0,0.0
CÓRDOBA,2017,88.08,0.0,0.0,0.0
CÓRDOBA,2017,88.08,0.0,0.0,0.0
CÓRDOBA,2017,88.08,0.0,0.0,0.0
CÓRDOBA,2017,0.0,0.0,0.0,0.0
CÓRDOBA,2017,0.0,0.0,0.0,0.0
CÓRDOBA,2017,0.0,0.0,0.0,0.0
CÓRDOBA,2017,0.0,0.0,0.0,0.0
CÓRDOBA,2017,0.0,0.0,0.0,0.0
CÓRDOBA,2017,0.0,0.0,0.0,0.0
CÓRDOBA,2017,0.0,0.0,0.0,0.0
CÓRDOBA,2017,0.0,0.0,0.0,0.0
CÓRDOBA,2017,0.0,0.0,0.0,0.0
CÓRDOBA,2017,0.0,0.0,0.0,0.0
CÓRDOBA,2017,0.0,0.0,0.0,0.0
CÓRDOBA,2017,0.0,0.0,0.0,0.0
CÓRDOBA,2017,0.0,0.0,0.0,0.0
CÓRDOBA,2017,0.0,0.0,0.0,0.0
CÓRDOBA,2017,0.0,0.0,0.0,0.0
CÓRDOBA,2017,0.0,0.0,0.0,0.0
CÓRDOBA,2017,0.0,0.0,0.0,0.0
CÓRDOBA,2017,0.0,0.0,0.0,0.0
CÓRDOBA,2017,0.0,0.0,0.0,0.0
CÓRDOBA,2017,0.0,0.0,0.0,0.0
CÓRDOBA,2017,0.0,0.0,0.0,0.0
CÓRDOBA,2017,0.0,0.0,0.0,0.0
CÓRDOBA,2017,0.0,0.0,0.0,0.0
CÓRDOBA,2017,0.0,0.0,0.0,0.0
CÓRDOBA,2017,0.0,0.0,0.0,0.0
CÓRDOBA,2017,0.0,0.0,0.0,0.0
CÓRDOBA,2017,0.0,0.0,0.0,0.0
CÓRDOBA,2017,0.0,0.0,0.0,0.0
CÓRDOBA,2017,0.0,0.0,0.0,0.0
CÓRDOBA,2017,0.0,0.0,0.0,0.0
CÓRDOBA,2017,0.0,0.0,0.0,0.0
CÓRDOBA,2017,0.0,0.0,0.0,0.0
CÓRDOBA,2017,0.0,0.0,0.0,0.0
CÓRDOBA,2017,0.0,0.0,0.0,0.0
CÓRDOBA,2017,0.0,0.0,0.0,0.0
CÓRDOBA,2017,0.0,0.0,0.0,0.0
CÓRDOBA,2017,0.0,0.0,0.0,0.0
CÓRDOBA,2017,0.0,0.0,0.0,0.0
CÓRDOBA,2017,0.0,0.0,0.0,0.0
CÓRDOBA,2017,0.0,0.0,0.0,0.0
CÓRDOBA,2017,0.0,0.0,0.0,0.0
CÓRDOBA,2017,0.0,0.0,0.0,0.0
CÓRDOBA,2017,0.0,0.0,0.0,0.0
CÓRDOBA,2017,0.0,0.0,0.0,0.0
CÓRDOBA,2017,0.0,0.0,0.0,0.0
CÓRDOBA,2017,0.0,0.0,0.0,0.0
CÓRDOBA,2017,0.0,0.0,0.0,0.0
CÓRDOBA,2017,0.0,0.0,0.0,0.0
CÓRDOBA,2017,0.0,0.0,0.0,0.0
CÓRDOBA,2017,0.0,0.0,0.0,0.0
CÓRDOBA,2017,0.0,0.0,0.0,0.0
CÓRDOBA,2017,0.0,0.0,0.0,0.0
CÓRDOBA,2017,0.0,0.0,0.0,0.0
CÓRDOBA,2017,0.0,0.0,0.0,0.0
CÓRDOBA,2018,0.0,260360.68,0.0,0.0
CÓRDOBA,2018,0.0,260360.68,0.0,0.0
CÓRDOBA,2018,0.0,260360.68,0.0,0.0
CÓRDOBA,2018,0.0,260360.68,0.0,0.0
CÓRDOBA,2018,0.0,260360.68,0.0,0.0
CÓRDOBA,2018,0.0,260360.68,0.0,0.0
CÓRDOBA,2018,0.0,260360.68,0.0,0.0
CÓRDOBA,2018,0.0,260360.68,0.0,0.0
CÓRDOBA,2018,0.0,260360.68,0.0,0.0
CÓRDOBA,2018,0.0,0.0,0.0,0.0
CÓRDOBA,2018,0.0,0.0,0.0,0.0
CÓRDOBA,2018,0.0,0.0,0.0,0.0
CÓRDOBA,2018,0.0,0.0,0.0,0.0
CÓRDOBA,2018,0.0,0.0,0.0,0.0
CÓRDOBA,2018,0.0,0.0,0.0,0.0
CÓRDOBA,2018,0.0,0.0,0.0,0.0
CÓRDOBA,2018,0.0,0.0,0.0,0.0
CÓRDOBA,2018,0.0,0.0,0.0,0.0
CÓRDOBA,2018,0.0,0.0,0.0,0.0
CÓRDOBA,2018,0.0,0.0,0.0,0.0
CÓRDOBA,2018,0.0,0.0,0.0,0.0
CÓRDOBA,2018,0.0,0.0,0.0,0.0
CÓRDOBA,2018,0.0,0.0,0.0,0.0
CÓRDOBA,2018,0.0,0.0,0.0,0.0
CÓRDOBA,2018,0.0,0.0,0.0,0.0
CÓRDOBA,2018,0.0,0.0,0.0,0.0
CÓRDOBA,2018,0.0,0.0,0.0,0.0
CÓRDOBA,2018,0.0,260360.68,0.0,0.0
CÓRDOBA,2018,0.0,260360.68,0.0,0.0
CÓRDOBA,2018,0.0,260360.68,0.0,0.0
CÓRDOBA,2018,0.0,260360.68,0.0,0.0
CÓRDOBA,2018,0.0,260360.68,0.0,0.0
CÓRDOBA,2018,0.0,260360.68,0.0,0.0
CÓRDOBA,2018,0.0,260360.68,0.0,0.0
CÓRDOBA,2018,0.0,260360.68,0.0,0.0
CÓRDOBA,2018,0.0,260360.68,0.0,0.0
CÓRDOBA,2018,0.0,0.0,0.0,0.0
CÓRDOBA,2018,0.0,0.0,0.0,0.0
CÓRDOBA,2018,0.0,0.0,0.0,0.0
CÓRDOBA,2018,0.0,0.0,0.0,0.0
CÓRDOBA,2018,0.0,0.0,0.0,0.0
CÓRDOBA,2018,0.0,0.0,0.0,0.0
CÓRDOBA,2018,0.0,0.0,0.0,0.0
CÓRDOBA,2018,0.0,0.0,0.0,0.0
CÓRDOBA,2018,0.0,0.0,0.0,0.0
CÓRDOBA,2018,0.0,0.0,0.0,0.0
CÓRDOBA,2018,0.0,0.0,0.0,0.0
CÓRDOBA,2018,0.0,0.0,0.0,0.0
CÓRDOBA,2018,0.0,0.0,0.0,0.0
CÓRDOBA,2018,0.0,0.0,0.0,0.0
CÓRDOBA,2018,0.0,0.0,0.0,0.0
CÓRDOBA,2018,0.0,0.0,0.0,0.0
CÓRDOBA,2018,0.0,0.0,0.0,0.0
CÓRDOBA,2018,0.0,0.0,0.0,0.0
CÓRDOBA,2018,0.0,260360.68,0.0,0.0
CÓRDOBA,2018,0.0,260360.68,0.0,0.0
CÓRDOBA,2018,0.0,260360.68,0.0,0.0
CÓRDOBA,2018,0.0,260360.68,0.0,0.0
CÓRDOBA,2018,0.0,260360.68,0.0,0.0
CÓRDOBA,2018,0.0,260360.68,0.0,0.0
CÓRDOBA,2018,0.0,260360.68,0.0,0.0
CÓRDOBA,2018,0.0,260360.68,0.0,0.0
CÓRDOBA,2018,0.0,260360.68,0.0,0.0
CÓRDOBA,2018,0.0,0.0,0.0,0.0
CÓRDOBA,2018,0.0,0.0,0.0,0.0
CÓRDOBA,2018,0.0,0.0,0.0,0.0
CÓRDOBA,2018,0.0,0.0,0.0,0.0
CÓRDOBA,2018,0.0,0.0,0.0,0.0
CÓRDOBA,2018,0.0,0.0,0.0,0.0
CÓRDOBA,2018,0.0,0.0,0.0,0.0
CÓRDOBA,2018,0.0,0.0,0.0,0.0
CÓRDOBA,2018,0.0,0.0,0.0,0.0
CÓRDOBA,2018,0.0,0.0,0.0,0.0
CÓRDOBA,2018,0.0,0.0,0.0,0.0
CÓRDOBA,2018,0.0,0.0,0.0,0.0
CÓRDOBA,2018,0.0,0.0,0.0,0.0
CÓRDOBA,2018,0.0,0.0,0.0,0.0
CÓRDOBA,2018,0.0,0.0,0.0,0.0
CÓRDOBA,2018,0.0,0.0,0.0,0.0
CÓRDOBA,2018,0.0,0.0,0.0,0.0
CÓRDOBA,2018,0.0,0.0,0.0,0.0
CÓRDOBA,2019,0.0,0.0,0.0,0.0
CÓRDOBA,2019,0.0,0.0,0.0,0.0
CÓRDOBA,2019,0.0,0.0,0.0,0.0
CÓRDOBA,2019,0.0,0.0,0.0,0.0
CÓRDOBA,2019,0.0,0.0,0.0,0.0
CÓRDOBA,2019,0.0,0.0,0.0,0.0
CÓRDOBA,2019,0.0,0.0,0.0,0.0
CÓRDOBA,2019,0.0,0.0,0.0,0.0
CÓRDOBA,2019,0.0,0.0,0.0,0.0
CÓRDOBA,2019,0.0,0.0,0.0,0.0
CÓRDOBA,2019,0.0,0.0,0.0,0.0
CÓRDOBA,2019,0.0,0.0,0.0,0.0
CÓRDOBA,2019,0.0,0.0,0.0,0.0
CÓRDOBA,2019,0.0,0.0,0.0,0.0
CÓRDOBA,2019,0.0,0.0,0.0,0.0
CÓRDOBA,2019,0.0,0.0,0.0,0.0
CÓRDOBA,2019,0.0,0.0,0.0,0.0
CÓRDOBA,2019,0.0,0.0,0.0,0.0
CÓRDOBA,2019,0.0,0.0,0.0,0.0
CÓRDOBA,2019,0.0,0.0,0.0,0.0
CÓRDOBA,2019,0.0,0.0,0.0,0.0
CÓRDOBA,2019,0.0,0.0,0.0,0.0
CÓRDOBA,2019,0.0,0.0,0.0,0.0
CÓRDOBA,2019,0.0,0.0,0.0,0.0
CÓRDOBA,2019,0.0,0.0,0.0,0.0
CÓRDOBA,2019,0.0,0.0,0.0,0.0
CÓRDOBA,2019,0.0,0.0,0.0,0.0
CÓRDOBA,2019,0.0,0.0,0.0,0.0
CÓRDOBA,2019,0.0,0.0,0.0,0.0
CÓRDOBA,2019,0.0,0.0,0.0,0.0
CÓRDOBA,2019,0.0,0.0,0.0,0.0
CÓRDOBA,2019,0.0,0.0,0.0,0.0
CÓRDOBA,2019,0.0,0.0,0.0,0.0
CÓRDOBA,2019,0.0,0.0,0.0,0.0
CÓRDOBA,2019,0.0,0.0,0.0,0.0
CÓRDOBA,2019,0.0,0.0,0.0,0.0
CÓRDOBA,2019,0.0,0.0,0.0,0.0
CÓRDOBA,2019,0.0,0.0,0.0,0.0
CÓRDOBA,2019,0.0,0.0,0.0,0.0
CÓRDOBA,2019,0.0,0.0,0.0,0.0
CÓRDOBA,2019,0.0,0.0,0.0,0.0
CÓRDOBA,2019,0.0,0.0,0.0,0.0
CÓRDOBA,2019,0.0,0.0,0.0,0.0
CÓRDOBA,2019,0.0,0.0,0.0,0.0
CÓRDOBA,2019,0.0,0.0,0.0,0.0
CÓRDOBA,2019,0.0,0.0,0.0,0.0
CÓRDOBA,2019,0.0,0.0,0.0,0.0
CÓRDOBA,2019,0.0,0.0,0.0,0.0
CÓRDOBA,2019,0.0,0.0,0.0,0.0
CÓRDOBA,2019,0.0,0.0,0.0,0.0
CÓRDOBA,2019,0.0,0.0,0.0,0.0
CÓRDOBA,2019,0.0,0.0,0.0,0.0
CÓRDOBA,2019,0.0,0.0,0.0,0.0
CÓRDOBA,2019,0.0,0.0,0.0,0.0
CÓRDOBA,2019,0.0,0.0,0.0,0.0
CÓRDOBA,2019,0.0,0.0,0.0,0.0
CÓRDOBA,2019,0.0,0.0,0.0,0.0
CÓRDOBA,2019,0.0,0.0,0.0,0.0
CÓRDOBA,2019,0.0,0.0,0.0,0.0
CÓRDOBA,2019,0.0,0.0,0.0,0.0
CÓRDOBA,2019,0.0,0.0,0.0,0.0
CÓRDOBA,2019,0.0,0.0,0.0,0.0
CÓRDOBA,2019,0.0,0.0,0.0,0.0
CÓRDOBA,2019,0.0,0.0,0.0,0.0
CÓRDOBA,2019,0.0,0.0,0.0,0.0
CÓRDOBA,2019,0.0,0.0,0.0,0.0
CÓRDOBA,2019,0.0,0.0,0.0,0.0
CÓRDOBA,2019,0.0,0.0,0.0,0.0
CÓRDOBA,2019,0.0,0.0,0.0,0.0
CÓRDOBA,2019,0.0,0.0,0.0,0.0
CÓRDOBA,2019,0.0,0.0,0.0,0.0
CÓRDOBA,2019,0.0,0.0,0.0,0.0
CÓRDOBA,2019,0.0,0.0,0.0,0.0
CÓRDOBA,2019,0.0,0.0,0.0,0.0
CÓRDOBA,2019,0.0,0.0,0.0,0.0
CÓRDOBA,2019,0.0,0.0,0.0,0.0
CÓRDOBA,2019,0.0,0.0,0.0,0.0
CÓRDOBA,2019,0.0,0.0,0.0,0.0
CÓRDOBA,2019,0.0,0.0,0.0,0.0
CÓRDOBA,2019,0.0,0.0,0.0,0.0
CÓRDOBA,2019,0.0,0.0,0.0,0.0
CÓRDOBA,2020,0.0,0.0,0.0,0.0
CÓRDOBA,2020,0.0,0.0,0.0,0.0
CÓRDOBA,2020,0.0,0.0,0.0,0.0
CÓRDOBA,2020,0.0,0.0,0.0,0.0
CÓRDOBA,2020,0.0,0.0,0.0,0.0
CÓRDOBA,2020,0.0,0.0,0.0,0.0
CÓRDOBA,2020,0.0,0.0,0.0,0.0
CÓRDOBA,2020,0.0,0.0,0.0,0.0
CÓRDOBA,2020,0.0,0.0,0.0,0.0
CÓRDOBA,2020,0.0,0.0,0.0,0.0
CÓRDOBA,2020,0.0,0.0,0.0,0.0
CÓRDOBA,2020,0.0,0.0,0.0,0.0
CÓRDOBA,2020,0.0,0.0,0.0,0.0
CÓRDOBA,2020,0.0,0.0,0.0,0.0
CÓRDOBA,2020,0.0,0.0,0.0,0.0
CÓRDOBA,2020,0.0,0.0,0.0,0.0
CÓRDOBA,2020,0.0,0.0,0.0,0.0
CÓRDOBA,2020,0.0,0.0,0.0,0.0
CÓRDOBA,2020,0.0,0.0,0.0,0.0
CÓRDOBA,2020,0.0,0.0,0.0,0.0
CÓRDOBA,2020,0.0,0.0,0.0,0.0
CÓRDOBA,2020,0.0,0.0,0.0,0.0
CÓRDOBA,2020,0.0,0.0,0.0,0.0
CÓRDOBA,2020,0.0,0.0,0.0,0.0
CÓRDOBA,2020,0.0,0.0,0.0,0.0
CÓRDOBA,2020,0.0,0.0,0.0,0.0
CÓRDOBA,2020,0.0,0.0,0.0,0.0
CÓRDOBA,2020,0.0,0.0,0.0,0.0
CÓRDOBA,2020,0.0,0.0,0.0,0.0
CÓRDOBA,2020,0.0,0.0,0.0,0.0
CÓRDOBA,2020,0.0,0.0,0.0,0.0
CÓRDOBA,2020,0.0,0.0,0.0,0.0
CÓRDOBA,2020,0.0,0.0,0.0,0.0
CÓRDOBA,2020,0.0,0.0,0.0,0.0
CÓRDOBA,2020,0.0,0.0,0.0,0.0
CÓRDOBA,2020,0.0,0.0,0.0,0.0
CÓRDOBA,2020,0.0,0.0,0.0,0.0
CÓRDOBA,2020,0.0,0.0,0.0,0.0
CÓRDOBA,2020,0.0,0.0,0.0,0.0
CÓRDOBA,2020,0.0,0.0,0.0,0.0
CÓRDOBA,2020,0.0,0.0,0.0,0.0
CÓRDOBA,2020,0.0,0.0,0.0,0.0
CÓRDOBA,2020,0.0,0.0,0.0,0.0
CÓRDOBA,2020,0.0,0.0,0.0,0.0
CÓRDOBA,2020,0.0,0.0,0.0,0.0
CÓRDOBA,2020,0.0,0.0,0.0,0.0
CÓRDOBA,2020,0.0,0.0,0.0,0.0
CÓRDOBA,2020,0.0,0.0,0.0,0.0
CÓRDOBA,2020,0.0,0.0,0.0,0.0
CÓRDOBA,2020,0.0,0.0,0.0,0.0
CÓRDOBA,2020,0.0,0.0,0.0,0.0
CÓRDOBA,2020,0.0,0.0,0.0,0.0
CÓRDOBA,2020,0.0,0.0,0.0,0.0
CÓRDOBA,2020,0.0,0.0,0.0,0.0
CÓRDOBA,2020,0.0,0.0,0.0,0.0
CÓRDOBA,2020,0.0,0.0,0.0,0.0
CÓRDOBA,2020,0.0,0.0,0.0,0.0
CÓRDOBA,2020,0.0,0.0,0.0,0.0
CÓRDOBA,2020,0.0,0.0,0.0,0.0
CÓRDOBA,2020,0.0,0.0,0.0,0.0
CÓRDOBA,2020,0.0,0.0,0.0,0.0
CÓRDOBA,2020,0.0,0.0,0.0,0.0
CÓRDOBA,2020,0.0,0.0,0.0,0.0
CÓRDOBA,2020,0.0,0.0,0.0,0.0
CÓRDOBA,2020,0.0,0.0,0.0,0.0
CÓRDOBA,2020,0.0,0.0,0.0,0.0
CÓRDOBA,2020,0.0,0.0,0.0,0.0
CÓRDOBA,2020,0.0,0.0,0.0,0.0
CÓRDOBA,2020,0.0,0.0,0.0,0.0
CÓRDOBA,2020,0.0,0.0,0.0,0.0
CÓRDOBA,2020,0.0,0.0,0.0,0.0
CÓRDOBA,2020,0.0,0.0,0.0,0.0
CÓRDOBA,2020,0.0,0.0,0.0,0.0
CÓRDOBA,2020,0.0,0.0,0.0,0.0
CÓRDOBA,2020,0.0,0.0,0.0,0.0
CÓRDOBA,2020,0.0,0.0,0.0,0.0
CÓRDOBA,2020,0.0,0.0,0.0,0.0
CÓRDOBA,2020,0.0,0.0,0.0,0.0
CÓRDOBA,2020,0.0,0.0,0.0,0.0
CÓRDOBA,2020,0.0,0.0,0.0,0.0
CÓRDOBA,2020,0.0,0.0,0.0,0.0
CÓRDOBA,2021,0.0,0.0,0.0,0.0
CÓRDOBA,2021,0.0,0.0,0.0,0.0
CÓRDOBA,2021,0.0,0.0,0.0,0.0
CÓRDOBA,2021,0.0,0.0,0.0,0.0
CÓRDOBA,2021,0.0,0.0,0.0,0.0
CÓRDOBA,2021,0.0,0.0,0.0,0.0
CÓRDOBA,2021,0.0,0.0,0.0,0.0
CÓRDOBA,2021,0.0,0.0,0.0,0.0
CÓRDOBA,2021,0.0,0.0,0.0,0.0
CÓRDOBA,2021,0.0,0.0,0.0,0.0
CÓRDOBA,2021,0.0,0.0,0.0,0.0
CÓRDOBA,2021,0.0,0.0,0.0,0.0
CÓRDOBA,2021,0.0,0.0,0.0,0.0
CÓRDOBA,2021,0.0,0.0,0.0,0.0
CÓRDOBA,2021,0.0,0.0,0.0,0.0
CÓRDOBA,2021,0.0,0.0,0.0,0.0
CÓRDOBA,2021,0.0,0.0,0.0,0.0
CÓRDOBA,2021,0.0,0.0,0.0,0.0
CÓRDOBA,2021,0.0,0.0,0.0,0.0
CÓRDOBA,2021,0.0,0.0,0.0,0.0
CÓRDOBA,2021,0.0,0.0,0.0,0.0
CÓRDOBA,2021,0.0,0.0,0.0,0.0
CÓRDOBA,2021,0.0,0.0,0.0,0.0
CÓRDOBA,2021,0.0,0.0,0.0,0.0
CÓRDOBA,2021,0.0,0.0,0.0,0.0
CÓRDOBA,2021,0.0,0.0,0.0,0.0
CÓRDOBA,2021,0.0,0.0,0.0,0.0
CÓRDOBA,2021,0.0,0.0,0.0,0.0
CÓRDOBA,2021,0.0,0.0,0.0,0.0
CÓRDOBA,2021,0.0,0.0,0.0,0.0
CÓRDOBA,2021,0.0,0.0,0.0,0.0
CÓRDOBA,2021,0.0,0.0,0.0,0.0
CÓRDOBA,2021,0.0,0.0,0.0,0.0
CÓRDOBA,2021,0.0,0.0,0.0,0.0
CÓRDOBA,2021,0.0,0.0,0.0,0.0
CÓRDOBA,2021,0.0,0.0,0.0,0.0
CÓRDOBA,2021,0.0,0.0,0.0,0.0
CÓRDOBA,2021,0.0,0.0,0.0,0.0
CÓRDOBA,2021,0.0,0.0,0.0,0.0
CÓRDOBA,2021,0.0,0.0,0.0,0.0
CÓRDOBA,2021,0.0,0.0,0.0,0.0
CÓRDOBA,2021,0.0,0.0,0.0,0.0
CÓRDOBA,2021,0.0,0.0,0.0,0.0
CÓRDOBA,2021,0.0,0.0,0.0,0.0
CÓRDOBA,2021,0.0,0.0,0.0,0.0
CÓRDOBA,2021,0.0,0.0,0.0,0.0
CÓRDOBA,2021,0.0,0.0,0.0,0.0
CÓRDOBA,2021,0.0,0.0,0.0,0.0
CÓRDOBA,2021,0.0,0.0,0.0,0.0
CÓRDOBA,2021,0.0,0.0,0.0,0.0
CÓRDOBA,2021,0.0,0.0,0.0,0.0
CÓRDOBA,2021,0.0,0.0,0.0,0.0
CÓRDOBA,2021,0.0,0.0,0.0,0.0
CÓRDOBA,2021,0.0,0.0,0.0,0.0
CÓRDOBA,2021,0.0,0.0,0.0,0.0
CÓRDOBA,2021,0.0,0.0,0.0,0.0
CÓRDOBA,2021,0.0,0.0,0.0,0.0
CÓRDOBA,2021,0.0,0.0,0.0,0.0
CÓRDOBA,2021,0.0,0.0,0.0,0.0
CÓRDOBA,2021,0.0,0.0,0.0,0.0
CÓRDOBA,2021,0.0,0.0,0.0,0.0
CÓRDOBA,2021,0.0,0.0,0.0,0.0
CÓRDOBA,2021,0.0,0.0,0.0,0.0
CÓRDOBA,2021,0.0,0.0,0.0,0.0
CÓRDOBA,2021,0.0,0.0,0.0,0.0
CÓRDOBA,2021,0.0,0.0,0.0,0.0
CÓRDOBA,2021,0.0,0.0,0.0,0.0
CÓRDOBA,2021,0.0,0.0,0.0,0.0
CÓRDOBA,2021,0.0,0.0,0.0,0.0
CÓRDOBA,2021,0.0,0.0,0.0,0.0
CÓRDOBA,2021,0.0,0.0,0.0,0.0
CÓRDOBA,2021,0.0,0.0,0.0,0.0
CÓRDOBA,2021,0.0,0.0,0.0,0.0
CÓRDOBA,2021,0.0,0.0,0.0,0.0
CÓRDOBA,2021,0.0,0.0,0.0,0.0
CÓRDOBA,2021,0.0,0.0,0.0,0.0
CÓRDOBA,2021,0.0,0.0,0.0,0.0
CÓRDOBA,2021,0.0,0.0,0.0,0.0
CÓRDOBA,2021,0.0,0.0,0.0,0.0
CÓRDOBA,2021,0.0,0.0,0.0,0.0
CÓRDOBA,2021,0.0,0.0,0.0,0.0
CÓRDOBA,2022,0.0,0.0,0.0,0.0
CÓRDOBA,2022,0.0,0.0,0.0,0.0
CÓRDOBA,2022,0.0,0.0,0.0,0.0
CÓRDOBA,2022,0.0,0.0,0.0,0.0
CÓRDOBA,2022,0.0,0.0,0.0,0.0
CÓRDOBA,2022,0.0,0.0,0.0,0.0
CÓRDOBA,2022,0.0,0.0,0.0,0.0
CÓRDOBA,2022,0.0,0.0,0.0,0.0
CÓRDOBA,2022,0.0,0.0,0.0,0.0
CÓRDOBA,2022,0.0,0.0,0.0,0.0
CÓRDOBA,2022,0.0,0.0,0.0,0.0
CÓRDOBA,2022,0.0,0.0,0.0,0.0
CÓRDOBA,2022,0.0,0.0,0.0,0.0
CÓRDOBA,2022,0.0,0.0,0.0,0.0
CÓRDOBA,2022,0.0,0.0,0.0,0.0
CÓRDOBA,2022,0.0,0.0,0.0,0.0
CÓRDOBA,2022,0.0,0.0,0.0,0.0
CÓRDOBA,2022,0.0,0.0,0.0,0.0
CÓRDOBA,2022,0.0,0.0,0.0,0.0
CÓRDOBA,2022,0.0,0.0,0.0,0.0
CÓRDOBA,2022,0.0,0.0,0.0,0.0
CÓRDOBA,2022,0.0,0.0,0.0,0.0
CÓRDOBA,2022,0.0,0.0,0.0,0.0
CÓRDOBA,2022,0.0,0.0,0.0,0.0
CÓRDOBA,2022,0.0,0.0,0.0,0.0
CÓRDOBA,2022,0.0,0.0,0.0,0.0
CÓRDOBA,2022,0.0,0.0,0.0,0.0
CÓRDOBA,2022,0.0,0.0,0.0,0.0
CÓRDOBA,2022,0.0,0.0,0.0,0.0
CÓRDOBA,2022,0.0,0.0,0.0,0.0
CÓRDOBA,2022,0.0,0.0,0.0,0.0
CÓRDOBA,2022,0.0,0.0,0.0,0.0
CÓRDOBA,2022,0.0,0.0,0.0,0.0
CÓRDOBA,2022,0.0,0.0,0.0,0.0
CÓRDOBA,2022,0.0,0.0,0.0,0.0
CÓRDOBA,2022,0.0,0.0,0.0,0.0
CÓRDOBA,2022,0.0,0.0,0.0,0.0
CÓRDOBA,2022,0.0,0.0,0.0,0.0
CÓRDOBA,2022,0.0,0.0,0.0,0.0
CÓRDOBA,2022,0.0,0.0,0.0,0.0
CÓRDOBA,2022,0.0,0.0,0.0,0.0
CÓRDOBA,2022,0.0,0.0,0.0,0.0
CÓRDOBA,2022,0.0,0.0,0.0,0.0
CÓRDOBA,2022,0.0,0.0,0.0,0.0
CÓRDOBA,2022,0.0,0.0,0.0,0.0
CÓRDOBA,2022,0.0,0.0,0.0,0.0
CÓRDOBA,2022,0.0,0.0,0.0,0.0
CÓRDOBA,2022,0.0,0.0,0.0,0.0
CÓRDOBA,2022,0.0,0.0,0.0,0.0
CÓRDOBA,2022,0.0,0.0,0.0,0.0
CÓRDOBA,2022,0.0,0.0,0.0,0.0
CÓRDOBA,2022,0.0,0.0,0.0,0.0
CÓRDOBA,2022,0.0,0.0,0.0,0.0
CÓRDOBA,2022,0.0,0.0,0.0,0.0
CÓRDOBA,2022,0.0,0.0,0.0,0.0
CÓRDOBA,2022,0.0,0.0,0.0,0.0
CÓRDOBA,2022,0.0,0.0,0.0,0.0
CÓRDOBA,2022,0.0,0.0,0.0,0.0
CÓRDOBA,2022,0.0,0.0,0.0,0.0
CÓRDOBA,2022,0.0,0.0,0.0,0.0
CÓRDOBA,2022,0.0,0.0,0.0,0.0
CÓRDOBA,2022,0.0,0.0,0.0,0.0
CÓRDOBA,2022,0.0,0.0,0.0,0.0
CÓRDOBA,2022,0.0,0.0,0.0,0.0
CÓRDOBA,2022,0.0,0.0,0.0,0.0
CÓRDOBA,2022,0.0,0.0,0.0,0.0
CÓRDOBA,2022,0.0,0.0,0.0,0.0
CÓRDOBA,2022,0.0,0.0,0.0,0.0
CÓRDOBA,2022,0.0,0.0,0.0,0.0
CÓRDOBA,2022,0.0,0.0,0.0,0.0
CÓRDOBA,2022,0.0,0.0,0.0,0.0
CÓRDOBA,2022,0.0,0.0,0.0,0.0
CÓRDOBA,2022,0.0,0.0,0.0,0.0
CÓRDOBA,2022,0.0,0.0,0.0,0.0
CÓRDOBA,2022,0.0,0.0,0.0,0.0
CÓRDOBA,2022,0.0,0.0,0.0,0.0
CÓRDOBA,2022,0.0,0.0,0.0,0.0
CÓRDOBA,2022,0.0,0.0,0.0,0.0
CÓRDOBA,2022,0.0,0.0,0.0,0.0
CÓRDOBA,2022,0.0,0.0,0.0,0.0
CÓRDOBA,2022,0.0,0.0,0.0,0.0
CÓRDOBA,2023,0.0,0.0,0.0,0.0
CÓRDOBA,2023,0.0,0.0,0.0,0.0
CÓRDOBA,2023,0.0,0.0,0.0,0.0
CÓRDOBA,2023,0.0,0.0,0.0,0.0
CÓRDOBA,2023,0.0,0.0,0.0,0.0
CÓRDOBA,2023,0.0,0.0,0.0,0.0
CÓRDOBA,2023,0.0,0.0,0.0,0.0
CÓRDOBA,2023,0.0,0.0,0.0,0.0
CÓRDOBA,2023,0.0,0.0,0.0,0.0
CÓRDOBA,2023,0.0,0.0,0.0,0.0
CÓRDOBA,2023,0.0,0.0,0.0,0.0
CÓRDOBA,2023,0.0,0.0,0.0,0.0
CÓRDOBA,2023,0.0,0.0,0.0,0.0
CÓRDOBA,2023,0.0,0.0,0.0,0.0
CÓRDOBA,2023,0.0,0.0,0.0,0.0
CÓRDOBA,2023,0.0,0.0,0.0,0.0
CÓRDOBA,2023,0.0,0.0,0.0,0.0
CÓRDOBA,2023,0.0,0.0,0.0,0.0
CÓRDOBA,2023,0.0,0.0,0.0,0.0
CÓRDOBA,2023,0.0,0.0,0.0,0.0
CÓRDOBA,2023,0.0,0.0,0.0,0.0
CÓRDOBA,2023,0.0,0.0,0.0,0.0
CÓRDOBA,2023,0.0,0.0,0.0,0.0
CÓRDOBA,2023,0.0,0.0,0.0,0.0
CÓRDOBA,2023,0.0,0.0,0.0,0.0
CÓRDOBA,2023,0.0,0.0,0.0,0.0
CÓRDOBA,2023,0.0,0.0,0.0,0.0
CÓRDOBA,2023,0.0,0.0,0.0,0.0
CÓRDOBA,2023,0.0,0.0,0.0,0.0
CÓRDOBA,2023,0.0,0.0,0.0,0.0
CÓRDOBA,2023,0.0,0.0,0.0,0.0
CÓRDOBA,2023,0.0,0.0,0.0,0.0
CÓRDOBA,2023,0.0,0.0,0.0,0.0
CÓRDOBA,2023,0.0,0.0,0.0,0.0
CÓRDOBA,2023,0.0,0.0,0.0,0.0
CÓRDOBA,2023,0.0,0.0,0.0,0.0
CÓRDOBA,2023,0.0,0.0,0.0,0.0
CÓRDOBA,2023,0.0,0.0,0.0,0.0
CÓRDOBA,2023,0.0,0.0,0.0,0.0
CÓRDOBA,2023,0.0,0.0,0.0,0.0
CÓRDOBA,2023,0.0,0.0,0.0,0.0
CÓRDOBA,2023,0.0,0.0,0.0,0.0
CÓRDOBA,2023,0.0,0.0,0.0,0.0
CÓRDOBA,2023,0.0,0.0,0.0,0.0
CÓRDOBA,2023,0.0,0.0,0.0,0.0
CÓRDOBA,2023,0.0,0.0,0.0,0.0
CÓRDOBA,2023,0.0,0.0,0.0,0.0
CÓRDOBA,2023,0.0,0.0,0.0,0.0
CÓRDOBA,2023,0.0,0.0,0.0,0.0
CÓRDOBA,2023,0.0,0.0,0.0,0.0
CÓRDOBA,2023,0.0,0.0,0.0,0.0
CÓRDOBA,2023,0.0,0.0,0.0,0.0
CÓRDOBA,2023,0.0,0.0,0.0,0.0
CÓRDOBA,2023,0.0,0.0,0.0,0.0
CÓRDOBA,2023,0.0,0.0,0.0,0.0
CÓRDOBA,2023,0.0,0.0,0.0,0.0
CÓRDOBA,2023,0.0,0.0,0.0,0.0
CÓRDOBA,2023,0.0,0.0,0.0,0.0
CÓRDOBA,2023,0.0,0.0,0.0,0.0
CÓRDOBA,2023,0.0,0.0,0.0,0.0
CÓRDOBA,2023,0.0,0.0,0.0,0.0
CÓRDOBA,2023,0.0,0.0,0.0,0.0
CÓRDOBA,2023,0.0,0.0,0.0,0.0
CÓRDOBA,2023,0.0,0.0,0.0,0.0
CÓRDOBA,2023,0.0,0.0,0.0,0.0
CÓRDOBA,2023,0.0,0.0,0.0,0.0
CÓRDOBA,2023,0.0,0.0,0.0,0.0
CÓRDOBA,2023,0.0,0.0,0.0,0.0
CÓRDOBA,2023,0.0,0.0,0.0,0.0
CÓRDOBA,2023,0.0,0.0,0.0,0.0
CÓRDOBA,2023,0.0,0.0,0.0,0.0
CÓRDOBA,2023,0.0,0.0,0.0,0.0
CÓRDOBA,2023,0.0,0.0,0.0,0.0
CÓRDOBA,2023,0.0,0.0,0.0,0.0
CÓRDOBA,2023,0.0,0.0,0.0,0.0
CÓRDOBA,2023,0.0,0.0,0.0,0.0
CÓRDOBA,2023,0.0,0.0,0.0,0.0
CÓRDOBA,2023,0.0,0.0,0.0,0.0
CÓRDOBA,2023,0.0,0.0,0.0,0.0
CÓRDOBA,2023,0.0,0.0,0.0,0.0
CÓRDOBA,2023,0.0,0.0,0.0,0.0
DABEIBA,2017,0.0,0.0,0.0,0.0
DABEIBA,2018,0.0,0.0,0.0,0.0
DABEIBA,2019,0.0,0.0,0.0,0.0
DABEIBA,2020,0.0,0.0,0.0,0.0
DABEIBA,2021,0.0,0.0,0.0,0.0
DABEIBA,2022,0.0,0.0,0.0,0.0
DABEIBA,2023,0.0,0.0,0.0,0.0
DAGUA,2017,0.0,0.0,0.0,0.0
DAGUA,2018,0.0,0.0,0.0,0.0
DAGUA,2019,0.0,0.0,0.0,0.0
DAGUA,2020,0.0,0.0,0.0,0.0
DAGUA,2021,0.0,0.0,0.0,0.0
DAGUA,2022,0.0,0.0,0.0,0.0
DAGUA,2023,0.0,0.0,0.0,0.0
DIBULLA,2017,73.84,0.0,0.0,0.0
DIBULLA,2018,0.0,783411.12,0.0,0.0
DIBULLA,2019,0.0,0.0,0.0,0.0
DIBULLA,2020,0.0,0.0,0.0,0.0
DIBULLA,2021,0.0,0.0,0.0,0.0
DIBULLA,2022,0.0,0.0,0.0,0.0
DIBULLA,2023,0.0,0.0,0.0,0.0
DISTRACCIÓN,2017,83.89,0.0,0.0,0.0
DISTRACCIÓN,2018,0.0,486544.04,0.0,0.0
DISTRACCIÓN,2019,0.0,0.0,0.0,0.0
DISTRACCIÓN,2020,0.0,0.0,0.0,0.0
DISTRACCIÓN,2021,0.0,0.0,0.0,0.0
DISTRACCIÓN,2022,0.0,0.0,0.0,0.0
DISTRACCIÓN,2023,0.0,0.0,0.0,0.0
DOLORES,2017,84.57,0.0,0.0,0.0
DOLORES,2018,0.0,738139.11,0.0,0.0
DOLORES,2019,0.0,0.0,0.0,0.0
DOLORES,2020,0.0,0.0,0.0,0.0
DOLORES,2021,0.0,0.0,0.0,0.0
DOLORES,2022,0.0,0.0,0.0,0.0
DOLORES,2023,0.0,0.0,0.0,0.0
DONMATÍAS,2017,0.0,0.0,0.0,0.0
DONMATÍAS,2018,0.0,0.0,0.0,0.0
DONMATÍAS,2019,0.0,0.0,0.0,0.0
DONMATÍAS,2020,0.0,0.0,0.0,0.0
DONMATÍAS,2021,0.0,0.0,0.0,0.0
DONMATÍAS,2022,0.0,0.0,0.0,0.0
DONMATÍAS,2023,0.0,0.0,0.0,0.0
DOSQUEBRADAS,2017,,,,
DOSQUEBRADAS,2018,,,,
DOSQUEBRADAS,2019,,,,
DOSQUEBRADAS,2020,,,,
DOSQUEBRADAS,2021,,,,
DOSQUEBRADAS,2022,,,,
DOSQUEBRADAS,2023,,,,
DUITAMA,2017,86.17,0.0,0.0,0.0
DUITAMA,2018,0.0,570971.44,0.0,0.0
DUITAMA,2019,0.0,0.0,0.0,0.0
DUITAMA,2020,0.0,0.0,0.0,0.0
DUITAMA,2021,0.0,0.0,0.0,0.0
DUITAMA,2022,0.0,0.0,0.0,0.0
DUITAMA,2023,0.0,0.0,0.0,0.0
DURANIA,2017,88.96,0.0,0.0,0.0
DURANIA,2018,0.0,202696.77,0.0,0.0
DURANIA,2019,0.0,0.0,0.0,0.0
DURANIA,2020,0.0,0.0,0.0,0.0
DURANIA,2021,0.0,0.0,0.0,0.0
DURANIA,2022,0.0,0.0,0.0,0.0
DURANIA,2023,0.0,0.0,0.0,0.0
EBÉJICO,2017,0.0,0.0,0.0,0.0
EBÉJICO,2018,0.0,0.0,0.0,0.0
EBÉJICO,2019,0.0,0.0,0.0,0.0
EBÉJICO,2020,0.0,0.0,0.0,0.0
EBÉJICO,2021,0.0,0.0,0.0,0.0
EBÉJICO,2022,0.0,0.0,0.0,0.0
EBÉJICO,2023,0.0,0.0,0.0,0.0
EL BAGRE,2017,95.17,0.0,0.0,0.0
EL BAGRE,2018,0.0,709638.15,0.0,0.0
EL BAGRE,2019,0.0,0.0,0.0,0.0
EL BAGRE,2020,0.0,0.0,0.0,0.0
EL BAGRE,2021,0.0,0.0,0.0,0.0
EL BAGRE,2022,0.0,0.0,0.0,0.0
EL BAGRE,2023,0.0,0.0,0.0,0.0
EL BANCO,2017,88.67,0.0,0.0,0.0
EL BANCO,2018,0.0,412843.55,0.0,0.0
EL BANCO,2019,0.0,0.0,0.0,0.0
EL BANCO,2020,0.0,0.0,0.0,0.0
EL BANCO,2021,0.0,0.0,0.0,0.0
EL BANCO,2022,0.0,0.0,0.0,0.0
EL BANCO,2023,0.0,0.0,0.0,0.0
EL CAIRO,2017,0.0,0.0,0.0,0.0
EL CAIRO,2018,0.0,0.0,0.0,0.0
EL CAIRO,2019,0.0,0.0,0.0,0.0
EL CAIRO,2020,0.0,0.0,0.0,0.0
EL CAIRO,2021,0.0,0.0,0.0,0.0
EL CAIRO,2022,0.0,0.0,0.0,0.0
EL CAIRO,2023,0.0,0.0,0.0,0.0
EL CALVARIO,2017,89.51,0.0,0.0,0.0
EL CALVARIO,2018,0.0,802040.55,0.0,0.0
EL CALVARIO,2019,0.0,0.0,0.0,0.0
EL CALVARIO,2020,0.0,0.0,0.0,0.0
EL CALVARIO,2021,0.0,0.0,0.0,0.0
EL CALVARIO,2022,0.0,0.0,0.0,0.0
EL CALVARIO,2023,0.0,0.0,0.0,0.0
EL CANTÓN DEL SAN PABLO,2017,0.0,0.0,0.0,0.0
EL CANTÓN DEL SAN PABLO,2018,0.0,0.0,0.0,0.0
EL CANTÓN DEL SAN PABLO,2019,0.0,0.0,0.0,0.0
EL CANTÓN DEL SAN PABLO,2020,0.0,0.0,0.0,0.0
EL CANTÓN DEL SAN PABLO,2021,0.0,0.0,0.0,0.0
EL CANTÓN DEL SAN PABLO,2022,0.0,0.0,0.0,0.0
EL CANTÓN DEL SAN PABLO,2023,0.0,0.0,0.0,0.0
EL CARMEN,2017,93.37,0.0,0.0,0.0
EL CARMEN,2018,0.0,356504.49,0.0,0.0
EL CARMEN,2019,0.0,0.0,0.0,0.0
EL CARMEN,2020,0.0,0.0,0.0,0.0
EL CARMEN,2021,0.0,0.0,0.0,0.0
EL CARMEN,2022,0.0,0.0,0.0,0.0
EL CARMEN,2023,0.0,0.0,0.0,0.0
EL CARMEN DE ATRATO,2017,0.0,0.0,0.0,0.0
EL CARMEN DE ATRATO,2018,0.0,0.0,0.0,0.0
EL CARMEN DE ATRATO,2019,0.0,0.0,0.0,0.0
EL CARMEN DE ATRATO,2020,0.0,0.0,0.0,0.0
EL CARMEN DE ATRATO,2021,0.0,0.0,0.0,0.0
EL CARMEN DE ATRATO,2022,0.0,0.0,0.0,0.0
EL CARMEN DE ATRATO,2023,0.0,0.0,0.0,0.0
EL CARMEN DE BOLÍVAR,2017,50.39,0.0,0.0,0.0
EL CARMEN DE BOLÍVAR,2018,0.0,179008.63,0.0,0.0
EL CARMEN DE BOLÍVAR,2019,0.0,0.0,0.0,0.0
EL CARMEN DE BOLÍVAR,2020,0.0,0.0,0.0,0.0
EL CARMEN DE BOLÍVAR,2021,0.0,0.0,0.0,0.0
EL CARMEN DE BOLÍVAR,2022,0.0,0.0,0.0,0.0
EL CARMEN DE BOLÍVAR,2023,0.0,0.0,0.0,0.0
EL CARMEN DE CHUCURÍ,2017,89.23,0.0,0.0,0.0
EL CARMEN DE CHUCURÍ,2018,0.0,616654.85,0.0,0.0
EL CARMEN DE CHUCURÍ,2019,0.0,0.0,0.0,0.0
EL CARMEN DE CHUCURÍ,2020,0.0,0.0,0.0,0.0
EL CARMEN DE CHUCURÍ,2021,0.0,0.0,0.0,0.0
EL CARMEN DE CHUCURÍ,2022,0.0,0.0,0.0,0.0
EL CARMEN DE CHUCURÍ,2023,0.0,0.0,0.0,0.0
EL CARMEN DE VIBORAL,2017,0.0,0.0,0.0,0.0
EL CARMEN DE VIBORAL,2018,0.0,0.0,0.0,0.0
EL CARMEN DE VIBORAL,2019,0.0,0.0,0.0,0.0
EL CARMEN DE VIBORAL,2020,0.0,0.0,0.0,0.0
EL CARMEN DE VIBORAL,2021,0.0,0.0,0.0,0.0
EL CARMEN DE VIBORAL,2022,0.0,0.0,0.0,0.0
EL CARMEN DE VIBORAL,2023,0.0,0.0,0.0,0.0
EL CASTILLO,2017,86.92,0.0,0.0,0.0
EL CASTILLO,2018,0.0,580751.92,0.0,0.0
EL CASTILLO,2019,0.0,0.0,0.0,0.0
EL CASTILLO,2020,0.0,0.0,0.0,0.0
EL CASTILLO,2021,0.0,0.0,0.0,0.0
EL CASTILLO,2022,0.0,0.0,0.0,0.0
EL CASTILLO,2023,0.0,0.0,0.0,0.0
EL CERRITO,2017,0.0,0.0,0.0,0.0
EL CERRITO,2018,0.0,0.0,0.0,0.0
EL CERRITO,2019,0.0,0.0,0.0,0.0
EL CERRITO,2020,0.0,0.0,0.0,0.0
EL CERRITO,2021,0.0,0.0,0.0,0.0
EL CERRITO,2022,0.0,0.0,0.0,0.0
EL CERRITO,2023,0.0,0.0,0.0,0.0
EL CHARCO,2017,0.0,0.0,0.0,0.0
EL CHARCO,2018,0.0,0.0,0.0,0.0
EL CHARCO,2019,0.0,0.0,0.0,0.0
EL CHARCO,2020,0.0,0.0,0.0,0.0
EL CHARCO,2021,0.0,0.0,0.0,0.0
EL CHARCO,2022,0.0,0.0,0.0,0.0
EL CHARCO,2023,0.0,0.0,0.0,0.0
EL COCUY,2017,84.65,0.0,0.0,0.0
EL COCUY,2018,0.0,760433.62,0.0,0.0
EL COCUY,2019,0.0,0.0,0.0,0.0
EL COCUY,2020,0.0,0.0,0.0,0.0
EL COCUY,2021,0.0,0.0,0.0,0.0
EL COCUY,2022,0.0,0.0,0.0,0.0
EL COCUY,2023,0.0,0.0,0.0,0.0
EL COLEGIO,2017,80.31,0.0,0.0,0.0
EL COLEGIO,2018,0.0,1802640.14,0.0,0.0
EL COLEGIO,2019,0.0,0.0,0.0,0.0
EL COLEGIO,2020,0.0,0.0,0.0,0.0
EL COLEGIO,2021,0.0,0.0,0.0,0.0
EL COLEGIO,2022,0.0,0.0,0.0,0.0
EL COLEGIO,2023,0.0,0.0,0.0,0.0
EL COPEY,2017,82.6,0.0,0.0,0.0
EL COPEY,2018,0.0,288051.17,0.0,0.0
EL COPEY,2019,0.0,0.0,0.0,0.0
EL COPEY,2020,0.0,0.0,0.0,0.0
EL COPEY,2021,0.0,0.0,0.0,0.0
EL COPEY,2022,0.0,0.0,0.0,0.0
EL COPEY,2023,0.0,0.0,0.0,0.0
EL DONCELLO,2017,41.71,0.0,0.0,0.0
EL DONCELLO,2018,0.0,220466.76,0.0,0.0
EL DONCELLO,2019,0.0,0.0,0.0,0.0
EL DONCELLO,2020,0.0,0.0,0.0,0.0
EL DONCELLO,2021,0.0,0.0,0.0,0.0
EL DONCELLO,2022,0.0,0.0,0.0,0.0
EL DONCELLO,2023,0.0,0.0,0.0,0.0
EL DORADO,2017,85.71,0.0,0.0,0.0
EL DORADO,2018,0.0,578562.8,0.0,0.0
EL DORADO,2019,0.0,0.0,0.0,0.0
EL DORADO,2020,0.0,0.0,0.0,0.0
EL DORADO,2021,0.0,0.0,0.0,0.0
EL DORADO,2022,0.0,0.0,0.0,0.0
EL DORADO,2023,0.0,0.0,0.0,0.0
EL DOVIO,2017,0.0,0.0,0.0,0.0
EL DOVIO,2018,0.0,0.0,0.0,0.0
EL DOVIO,2019,0.0,0.0,0.0,0.0
EL DOVIO,2020,0.0,0.0,0.0,0.0
EL DOVIO,2021,0.0,0.0,0.0,0.0
EL DOVIO,2022,0.0,0.0,0.0,0.0
EL DOVIO,2023,0.0,0.0,0.0,0.0
EL ENCANTO,2017,95.76,0.0,0.0,0.0
EL ENCANTO,2018,0.0,682586.34,0.0,0.0
EL ENCANTO,2019,0.0,0.0,0.0,0.0
EL ENCANTO,2020,0.0,0.0,0.0,0.0
EL ENCANTO,2021,0.0,0.0,0.0,0.0
EL ENCANTO,2022,0.0,0.0,0.0,0.0
EL ENCANTO,2023,0.0,0.0,0.0,0.0
EL ESPINO,2017,82.92,0.0,0.0,0.0
EL ESPINO,2018,0.0,311731.2,0.0,0.0
EL ESPINO,2019,0.0,0.0,0.0,0.0
EL ESPINO,2020,0.0,0.0,0.0,0.0
EL ESPINO,2021,0.0,0.0,0.0,0.0
EL ESPINO,2022,0.0,0.0,0.0,0.0
EL ESPINO,2023,0.0,0.0,0.0,0.0
EL GUACAMAYO,2017,90.85,0.0,0.0,0.0
EL GUACAMAYO,2018,0.0,699473.1,0.0,0.0
EL GUACAMAYO,2019,0.0,0.0,0.0,0.0
EL GUACAMAYO,2020,0.0,0.0,0.0,0.0
EL GUACAMAYO,2021,0.0,0.0,0.0,0.0
EL GUACAMAYO,2022,0.0,0.0,0.0,0.0
EL GUACAMAYO,2023,0.0,0.0,0.0,0.0
EL GUAMO,2017,87.36,0.0,0.0,0.0
EL GUAMO,2018,0.0,248823.48,0.0,0.0
EL GUAMO,2019,0.0,0.0,0.0,0.0
EL GUAMO,2020,0.0,0.0,0.0,0.0
EL GUAMO,2021,0.0,0.0,0.0,0.0
EL GUAMO,2022,0.0,0.0,0.0,0.0
EL GUAMO,2023,0.0,0.0,0.0,0.0
EL LITORAL DEL SAN JUAN,2017,0.0,0.0,0.0,0.0
EL LITORAL DEL SAN JUAN,2018,0.0,0.0,0.0,0.0
EL LITORAL DEL SAN JUAN,2019,0.0,0.0,0.0,0.0
EL LITORAL DEL SAN JUAN,2020,0.0,0.0,0.0,0.0
EL LITORAL DEL SAN JUAN,2021,0.0,0.0,0.0,0.0
EL LITORAL DEL SAN JUAN,2022,0.0,0.0,0.0,0.0
EL LITORAL DEL SAN JUAN,2023,0.0,0.0,0.0,0.0
EL MOLINO,2017,81.17,0.0,0.0,0.0
EL MOLINO,2018,0.0,541327.96,0.0,0.0
EL MOLINO,2019,0.0,0.0,0.0,0.0
EL MOLINO,2020,0.0,0.0,0.0,0.0
EL MOLINO,2021,0.0,0.0,0.0,0.0
EL MOLINO,2022,0.0,0.0,0.0,0.0
EL MOLINO,2023,0.0,0.0,0.0,0.0
EL PASO,2017,82.91,0.0,0.0,0.0
EL PASO,2018,0.0,231038.33,0.0,0.0
EL PASO,2019,0.0,0.0,0.0,0.0
EL PASO,2020,0.0,0.0,0.0,0.0
EL PASO,2021,0.0,0.0,0.0,0.0
EL PASO,2022,0.0,0.0,0.0,0.0
EL PASO,2023,0.0,0.0,0.0,0.0
EL PAUJÍL,2017,28.18,0.0,0.0,0.0
EL PAUJÍL,2018,0.0,200380.06,0.0,0.0
EL PAUJÍL,2019,0.0,0.0,0.0,0.0
EL PAUJÍL,2020,0.0,0.0,0.0,0.0
EL PAUJÍL,2021,0.0,0.0,0.0,0.0
EL PAUJÍL,2022,0.0,0.0,0.0,0.0
EL PAUJÍL,2023,0.0,0.0,0.0,0.0
EL PEÑOL,2017,0.0,0.0,0.0,0.0
EL PEÑOL,2018,0.0,0.0,0.0,0.0
EL PEÑOL,2019,0.0,0.0,0.0,0.0
EL PEÑOL,2020,0.0,0.0,0.0,0.0
EL PEÑOL,2021,0.0,0.0,0.0,0.0
EL PEÑOL,2022,0.0,0.0,0.0,0.0
EL PEÑOL,2023,0.0,0.0,0.0,0.0
EL PEÑÓN,2017,91.09,0.0,0.0,0.0
EL PEÑÓN,2017,91.09,0.0,0.0,0.0
EL PEÑÓN,2017,91.09,0.0,0.0,0.0
EL PEÑÓN,2017,91.09,0.0,0.0,0.0
EL PEÑÓN,2017,91.09,0.0,0.0,0.0
EL PEÑÓN,2017,91.09,0.0,0.0,0.0
EL PEÑÓN,2017,91.09,0.0,0.0,0.0
EL PEÑÓN,2017,91.09,0.0,0.0,0.0
EL PEÑÓN,2017,91.09,0.0,0.0,0.0
EL PEÑÓN,2017,91.09,0.0,0.0,0.0
EL PEÑÓN,2017,91.09,0.0,0.0,0.0
EL PEÑÓN,2017,91.09,0.0,0.0,0.0
EL PEÑÓN,2017,91.09,0.0,0.0,0.0
EL PEÑÓN,2017,91.09,0.0,0.0,0.0
EL PEÑÓN,2017,91.09,0.0,0.0,0.0
EL PEÑÓN,2017,91.09,0.0,0.0,0.0
EL PEÑÓN,2017,91.09,0.0,0.0,0.0
EL PEÑÓN,2017,91.09,0.0,0.0,0.0
EL PEÑÓN,2017,91.09,0.0,0.0,0.0
EL PEÑÓN,2017,91.09,0.0,0.0,0.0
EL PEÑÓN,2017,91.09,0.0,0.0,0.0
EL PEÑÓN,2017,91.09,0.0,0.0,0.0
EL PEÑÓN,2017,91.09,0.0,0.0,0.0
EL PEÑÓN,2017,91.09,0.0,0.0,0.0
EL PEÑÓN,2017,91.09,0.0,0.0,0.0
EL PEÑÓN,2017,91.09,0.0,0.0,0.0
EL PEÑÓN,2017,91.09,0.0,0.0,0.0
EL PEÑÓN,2017,84.36,0.0,0.0,0.0
EL PEÑÓN,2017,84.36,0.0,0.0,0.0
EL PEÑÓN,2017,84.36,0.0,0.0,0.0
EL PEÑÓN,2017,84.36,0.0,0.0,0.0
EL PEÑÓN,2017,84.36,0.0,0.0,0.0
EL PEÑÓN,2017,84.36,0.0,0.0,0.0
EL PEÑÓN,2017,84.36,0.0,0.0,0.0
EL PEÑÓN,2017,84.36,0.0,0.0,0.0
EL PEÑÓN,2017,84.36,0.0,0.0,0.0
EL PEÑÓN,2017,84.36,0.0,0.0,0.0
EL PEÑÓN,2017,84.36,0.0,0.0,0.0
EL PEÑÓN,2017,84.36,0.0,0.0,0.0
EL PEÑÓN,2017,84.36,0.0,0.0,0.0
EL PEÑÓN,2017,84.36,0.0,0.0,0.0
EL PEÑÓN,2017,84.36,0.0,0.0,0.0
EL PEÑÓN,2017,84.36,0.0,0.0,0.0
EL PEÑÓN,2017,84.36,0.0,0.0,0.0
EL PEÑÓN,2017,84.36,0.0,0.0,0.0
EL PEÑÓN,2017,84.36,0.0,0.0,0.0
EL PEÑÓN,2017,84.36,0.0,0.0,0.0
EL PEÑÓN,2017,84.36,0.0,0.0,0.0
EL PEÑÓN,2017,84.36,0.0,0.0,0.0
EL PEÑÓN,2017,84.36,0.0,0.0,0.0
EL PEÑÓN,2017,84.36,0.0,0.0,0.0
EL PEÑÓN,2017,84.36,0.0,0.0,0.0
EL PEÑÓN,2017,84.36,0.0,0.0,0.0
EL PEÑÓN,2017,84.36,0.0,0.0,0.0
EL PEÑÓN,2017,88.37,0.0,0.0,0.0
EL PEÑÓN,2017,88.37,0.0,0.0,0.0
EL PEÑÓN,2017,88.37,0.0,0.0,0.0
EL PEÑÓN,2017,88.37,0.0,0.0,0.0
EL PEÑÓN,2017,88.37,0.0,0.0,0.0
EL PEÑÓN,2017,88.37,0.0,0.0,0.0
EL PEÑÓN,2017,88.37,0.0,0.0,0.0
EL PEÑÓN,2017,88.37,0.0,0.0,0.0
EL PEÑÓN,2017,88.37,0.0,0.0,0.0
EL PEÑÓN,2017,88.37,0.0,0.0,0.0
EL PEÑÓN,2017,88.37,0.0,0.0,0.0
EL PEÑÓN,2017,88.37,0.0,0.0,0.0
EL PEÑÓN,2017,88.37,0.0,0.0,0.0
EL PEÑÓN,2017,88.37,0.0,0.0,0.0
EL PEÑÓN,2017,88.37,0.0,0.0,0.0
EL PEÑÓN,2017,88.37,0.0,0.0,0.0
EL PEÑÓN,2017,88.37,0.0,0.0,0.0
EL PEÑÓN,2017,88.37,0.0,0.0,0.0
EL PEÑÓN,2017,88.37,0.0,0.0,0.0
EL PEÑÓN,2017,88.37,0.0,0.0,0.0
EL PEÑÓN,2017,88.37,0.0,0.0,0.0
EL PEÑÓN,2017,88.37,0.0,0.0,0.0
EL PEÑÓN,2017,88.37,0.0,0.0,0.0
EL PEÑÓN,2017,88.37,0.0,0.0,0.0
EL PEÑÓN,2017,88.37,0.0,0.0,0.0
EL PEÑÓN,2017,88.37,0.0,0.0,0.0
EL PEÑÓN,2017,88.37,0.0,0.0,0.0
EL PEÑÓN,2018,0.0,385557.04,0.0,0.0
EL PEÑÓN,2018,0.0,385557.04,0.0,0.0
EL PEÑÓN,2018,0.0,385557.04,0.0,0.0
EL PEÑÓN,2018,0.0,385557.04,0.0,0.0
EL PEÑÓN,2018,0.0,385557.04,0.0,0.0
EL PEÑÓN,2018,0.0,385557.04,0.0,0.0
EL PEÑÓN,2018,0.0,385557.04,0.0,0.0
EL PEÑÓN,2018,0.0,385557.04,0.0,0.0
EL PEÑÓN,2018,0.0,385557.04,0.0,0.0
EL PEÑÓN,2018,0.0,671723.31,0.0,0.0
EL PEÑÓN,2018,0.0,671723.31,0.0,0.0
EL PEÑÓN,2018,0.0,671723.31,0.0,0.0
EL PEÑÓN,2018,0.0,671723.31,0.0,0.0
EL PEÑÓN,2018,0.0,671723.31,0.0,0.0
EL PEÑÓN,2018,0.0,671723.31,0.0,0.0
EL PEÑÓN,2018,0.0,671723.31,0.0,0.0
EL PEÑÓN,2018,0.0,671723.31,0.0,0.0
EL PEÑÓN,2018,0.0,671723.31,0.0,0.0
EL PEÑÓN,2018,0.0,592393.91,0.0,0.0
EL PEÑÓN,2018,0.0,592393.91,0.0,0.0
EL PEÑÓN,2018,0.0,592393.91,0.0,0.0
EL PEÑÓN,2018,0.0,592393.91,0.0,0.0
EL PEÑÓN,2018,0.0,592393.91,0.0,0.0
EL PEÑÓN,2018,0.0,592393.91,0.0,0.0
EL PEÑÓN,2018,0.0,592393.91,0.0,0.0
EL PEÑÓN,2018,0.0,592393.91,0.0,0.0
EL PEÑÓN,2018,0.0,592393.91,0.0,0.0
EL PEÑÓN,2018,0.0,385557.04,0.0,0.0
EL PEÑÓN,2018,0.0,385557.04,0.0,0.0
EL PEÑÓN,2018,0.0,385557.04,0.0,0.0
EL PEÑÓN,2018,0.0,385557.04,0.0,0.0
EL PEÑÓN,2018,0.0,385557.04,0.0,0.0
EL PEÑÓN,2018,0.0,385557.04,0.0,0.0
EL PEÑÓN,2018,0.0,385557.04,0.0,0.0
EL PEÑÓN,2018,0.0,385557.04,0.0,0.0
EL PEÑÓN,2018,0.0,385557.04,0.0,0.0
EL PEÑÓN,2018,0.0,671723.31,0.0,0.0
EL PEÑÓN,2018,0.0,671723.31,0.0,0.0
EL PEÑÓN,2018,0.0,671723.31,0.0,0.0
EL PEÑÓN,2018,0.0,671723.31,0.0,0.0
EL PEÑÓN,2018,0.0,671723.31,0.0,0.0
EL PEÑÓN,2018,0.0,671723.31,0.0,0.0
EL PEÑÓN,2018,0.0,671723.31,0.0,0.0
EL PEÑÓN,2018,0.0,671723.31,0.0,0.0
EL PEÑÓN,2018,0.0,671723.31,0.0,0.0
EL PEÑÓN,2018,0.0,592393.91,0.0,0.0
EL PEÑÓN,2018,0.0,592393.91,0.0,0.0
EL PEÑÓN,2018,0.0,592393.91,0.0,0.0
EL PEÑÓN,2018,0.0,592393.91,0.0,0.0
EL PEÑÓN,2018,0.0,592393.91,0.0,0.0
EL PEÑÓN,2018,0.0,592393.91,0.0,0.0
EL PEÑÓN,2018,0.0,592393.91,0.0,0.0
EL PEÑÓN,2018,0.0,592393.91,0.0,0.0
EL PEÑÓN,2018,0.0,592393.91,0.0,0.0
EL PEÑÓN,2018,0.0,385557.04,0.0,0.0
EL PEÑÓN,2018,0.0,385557.04,0.0,0.0
EL PEÑÓN,2018,0.0,385557.04,0.0,0.0
EL PEÑÓN,2018,0.0,385557.04,0.0,0.0
EL PEÑÓN,2018,0.0,385557.04,0.0,0.0
EL PEÑÓN,2018,0.0,385557.04,0.0,0.0
EL PEÑÓN,2018,0.0,385557.04,0.0,0.0
EL PEÑÓN,2018,0.0,385557.04,0.0,0.0
EL PEÑÓN,2018,0.0,385557.04,0.0,0.0
EL PEÑÓN,2018,0.0,671723.31,0.0,0.0
EL PEÑÓN,2018,0.0,671723.31,0.0,0.0
EL PEÑÓN,2018,0.0,671723.31,0.0,0.0
EL PEÑÓN,2018,0.0,671723.31,0.0,0.0
EL PEÑÓN,2018,0.0,671723.31,0.0,0.0
EL PEÑÓN,2018,0.0,671723.31,0.0,0.0
EL PEÑÓN,2018,0.0,671723.31,0.0,0.0
EL PEÑÓN,2018,0.0,671723.31,0.0,0.0
EL PEÑÓN,2018,0.0,671723.31,0.0,0.0
EL PEÑÓN,2018,0.0,592393.91,0.0,0.0
EL PEÑÓN,2018,0.0,592393.91,0.0,0.0
EL PEÑÓN,2018,0.0,592393.91,0.0,0.0
EL PEÑÓN,2018,0.0,592393.91,0.0,0.0
EL PEÑÓN,2018,0.0,592393.91,0.0,0.0
EL PEÑÓN,2018,0.0,592393.91,0.0,0.0
EL PEÑÓN,2018,0.0,592393.91,0.0,0.0
EL PEÑÓN,2018,0.0,592393.91,0.0,0.0
EL PEÑÓN,2018,0.0,592393.91,0.0,0.0
EL PEÑÓN,2019,0.0,0.0,0.0,0.0
EL PEÑÓN,2019,0.0,0.0,0.0,0.0
EL PEÑÓN,2019,0.0,0.0,0.0,0.0
EL PEÑÓN,2019,0.0,0.0,0.0,0.0
EL PEÑÓN,2019,0.0,0.0,0.0,0.0
EL PEÑÓN,2019,0.0,0.0,0.0,0.0
EL PEÑÓN,2019,0.0,0.0,0.0,0.0
EL PEÑÓN,2019,0.0,0.0,0.0,0.0
EL PEÑÓN,2019,0.0,0.0,0.0,0.0
EL PEÑÓN,2019,0.0,0.0,0.0,0.0
EL PEÑÓN,2019,0.0,0.0,0.0,0.0
EL PEÑÓN,2019,0.0,0.0,0.0,0.0
EL PEÑÓN,2019,0.0,0.0,0.0,0.0
EL PEÑÓN,2019,0.0,0.0,0.0,0.0
EL PEÑÓN,2019,0.0,0.0,0.0,0.0
EL PEÑÓN,2019,0.0,0.0,0.0,0.0
EL PEÑÓN,2019,0.0,0.0,0.0,0.0
EL PEÑÓN,2019,0.0,0.0,0.0,0.0
EL PEÑÓN,2019,0.0,0.0,0.0,0.0
EL PEÑÓN,2019,0.0,0.0,0.0,0.0
EL PEÑÓN,2019,0.0,0.0,0.0,0.0
EL PEÑÓN,2019,0.0,0.0,0.0,0.0
EL PEÑÓN,2019,0.0,0.0,0.0,0.0
EL PEÑÓN,2019,0.0,0.0,0.0,0.0
EL PEÑÓN,2019,0.0,0.0,0.0,0.0
EL PEÑÓN,2019,0.0,0.0,0.0,0.0
EL PEÑÓN,2019,0.0,0.0,0.0,0.0
EL PEÑÓN,2019,0.0,0.0,0.0,0.0
EL PEÑÓN,2019,0.0,0.0,0.0,0.0
EL PEÑÓN,2019,0.0,0.0,0.0,0.0
EL PEÑÓN,2019,0.0,0.0,0.0,0.0
EL PEÑÓN,2019,0.0,0.0,0.0,0.0
EL PEÑÓN,2019,0.0,0.0,0.0,0.0
EL PEÑÓN,2019,0.0,0.0,0.0,0.0
EL PEÑÓN,2019,0.0,0.0,0.0,0.0
EL PEÑÓN,2019,0.0,0.0,0.0,0.0
EL PEÑÓN,2019,0.0,0.0,0.0,0.0
EL PEÑÓN,2019,0.0,0.0,0.0,0.0
EL PEÑÓN,2019,0.0,0.0,0.0,0.0
EL PEÑÓN,2019,0.0,0.0,0.0,0.0
EL PEÑÓN,2019,0.0,0.0,0.0,0.0
EL PEÑÓN,2019,0.0,0.0,0.0,0.0
EL PEÑÓN,2019,0.0,0.0,0.0,0.0
EL PEÑÓN,2019,0.0,0.0,0.0,0.0
EL PEÑÓN,2019,0.0,0.0,0.0,0.0
EL PEÑÓN,2019,0.0,0.0,0.0,0.0
EL PEÑÓN,2019,0.0,0.0,0.0,0.0
EL PEÑÓN,2019,0.0,0.0,0.0,0.0
EL PEÑÓN,2019,0.0,0.0,0.0,0.0
EL PEÑÓN,2019,0.0,0.0,0.0,0.0
EL PEÑÓN,2019,0.0,0.0,0.0,0.0
EL PEÑÓN,2019,0.0,0.0,0.0,0.0
EL PEÑÓN,2019,0.0,0.0,0.0,0.0
EL PEÑÓN,2019,0.0,0.0,0.0,0.0
EL PEÑÓN,2019,0.0,0.0,0.0,0.0
EL PEÑÓN,2019,0.0,0.0,0.0,0.0
EL PEÑÓN,2019,0.0,0.0,0.0,0.0
EL PEÑÓN,2019,0.0,0.0,0.0,0.0
EL PEÑÓN,2019,0.0,0.0,0.0,0.0
EL PEÑÓN,2019,0.0,0.0,0.0,0.0
EL PEÑÓN,2019,0.0,0.0,0.0,0.0
EL PEÑÓN,2019,0.0,0.0,0.0,0.0
EL PEÑÓN,2019,0.0,0.0,0.0,0.0
EL PEÑÓN,2019,0.0,0.0,0.0,0.0
EL PEÑÓN,2019,0.0,0.0,0.0,0.0
EL PEÑÓN,2019,0.0,0.0,0.0,0.0
EL PEÑÓN,2019,0.0,0.0,0.0,0.0
EL PEÑÓN,2019,0.0,0.0,0.0,0.0
EL PEÑÓN,2019,0.0,0.0,0.0,0.0
EL PEÑÓN,2019,0.0,0.0,0.0,0.0
EL PEÑÓN,2019,0.0,0.0,0.0,0.0
EL PEÑÓN,2019,0.0,0.0,0.0,0.0
EL PEÑÓN,2019,0.0,0.0,0.0,0.0
EL PEÑÓN,2019,0.0,0.0,0.0,0.0
EL PEÑÓN,2019,0.0,0.0,0.0,0.0
EL PEÑÓN,2019,0.0,0.0,0.0,0.0
EL PEÑÓN,2019,0.0,0.0,0.0,0.0
EL PEÑÓN,2019,0.0,0.0,0.0,0.0
EL PEÑÓN,2019,0.0,0.0,0.0,0.0
EL PEÑÓN,2019,0.0,0.0,0.0,0.0
EL PEÑÓN,2019,0.0,0.0,0.0,0.0
EL PEÑÓN,2020,0.0,0.0,0.0,0.0
EL PEÑÓN,2020,0.0,0.0,0.0,0.0
EL PEÑÓN,2020,0.0,0.0,0.0,0.0
EL PEÑÓN,2020,0.0,0.0,0.0,0.0
EL PEÑÓN,2020,0.0,0.0,0.0,0.0
EL PEÑÓN,2020,0.0,0.0,0.0,0.0
EL PEÑÓN,2020,0.0,0.0,0.0,0.0
EL PEÑÓN,2020,0.0,0.0,0.0,0.0
EL PEÑÓN,2020,0.0,0.0,0.0,0.0
EL PEÑÓN,2020,0.0,0.0,0.0,0.0
EL PEÑÓN,2020,0.0,0.0,0.0,0.0
EL PEÑÓN,2020,0.0,0.0,0.0,0.0
EL PEÑÓN,2020,0.0,0.0,0.0,0.0
EL PEÑÓN,2020,0.0,0.0,0.0,0.0
EL PEÑÓN,2020,0.0,0.0,0.0,0.0
EL PEÑÓN,2020,0.0,0.0,0.0,0.0
EL PEÑÓN,2020,0.0,0.0,0.0,0.0
EL PEÑÓN,2020,0.0,0.0,0.0,0.0
EL PEÑÓN,2020,0.0,0.0,0.0,0.0
EL PEÑÓN,2020,0.0,0.0,0.0,0.0
EL PEÑÓN,2020,0.0,0.0,0.0,0.0
EL PEÑÓN,2020,0.0,0.0,0.0,0.0
EL PEÑÓN,2020,0.0,0.0,0.0,0.0
EL PEÑÓN,2020,0.0,0.0,0.0,0.0
EL PEÑÓN,2020,0.0,0.0,0.0,0.0
EL PEÑÓN,2020,0.0,0.0,0.0,0.0
EL PEÑÓN,2020,0.0,0.0,0.0,0.0
EL PEÑÓN,2020,0.0,0.0,0.0,0.0
EL PEÑÓN,2020,0.0,0.0,0.0,0.0
EL PEÑÓN,2020,0.0,0.0,0.0,0.0
EL PEÑÓN,2020,0.0,0.0,0.0,0.0
EL PEÑÓN,2020,0.0,0.0,0.0,0.0
EL PEÑÓN,2020,0.0,0.0,0.0,0.0
EL PEÑÓN,2020,0.0,0.0,0.0,0.0
EL PEÑÓN,2020,0.0,0.0,0.0,0.0
EL PEÑÓN,2020,0.0,0.0,0.0,0.0
EL PEÑÓN,2020,0.0,0.0,0.0,0.0
EL PEÑÓN,2020,0.0,0.0,0.0,0.0
EL PEÑÓN,2020,0.0,0.0,0.0,0.0
EL PEÑÓN,2020,0.0,0.0,0.0,0.0
EL PEÑÓN,2020,0.0,0.0,0.0,0.0
EL PEÑÓN,2020,0.0,0.0,0.0,0.0
EL PEÑÓN,2020,0.0,0.0,0.0,0.0
EL PEÑÓN,2020,0.0,0.0,0.0,0.0
EL PEÑÓN,2020,0.0,0.0,0.0,0.0
EL PEÑÓN,2020,0.0,0.0,0.0,0.0
EL PEÑÓN,2020,0.0,0.0,0.0,0.0
EL PEÑÓN,2020,0.0,0.0,0.0,0.0
EL PEÑÓN,2020,0.0,0.0,0.0,0.0
EL PEÑÓN,2020,0.0,0.0,0.0,0.0
EL PEÑÓN,2020,0.0,0.0,0.0,0.0
EL PEÑÓN,2020,0.0,0.0,0.0,0.0
EL PEÑÓN,2020,0.0,0.0,0.0,0.0
EL PEÑÓN,2020,0.0,0.0,0.0,0.0
EL PEÑÓN,2020,0.0,0.0,0.0,0.0
EL PEÑÓN,2020,0.0,0.0,0.0,0.0
EL PEÑÓN,2020,0.0,0.0,0.0,0.0
EL PEÑÓN,2020,0.0,0.0,0.0,0.0
EL PEÑÓN,2020,0.0,0.0,0.0,0.0
EL PEÑÓN,2020,0.0,0.0,0.0,0.0
EL PEÑÓN,2020,0.0,0.0,0.0,0.0
EL PEÑÓN,2020,0.0,0.0,0.0,0.0
EL PEÑÓN,2020,0.0,0.0,0.0,0.0
EL PEÑÓN,2020,0.0,0.0,0.0,0.0
EL PEÑÓN,2020,0.0,0.0,0.0,0.0
EL PEÑÓN,2020,0.0,0.0,0.0,0.0
EL PEÑÓN,2020,0.0,0.0,0.0,0.0
EL PEÑÓN,2020,0.0,0.0,0.0,0.0
EL PEÑÓN,2020,0.0,0.0,0.0,0.0
EL PEÑÓN,2020,0.0,0.0,0.0,0.0
EL PEÑÓN,2020,0.0,0.0,0.0,0.0
EL PEÑÓN,2020,0.0,0.0,0.0,0.0
EL PEÑÓN,2020,0.0,0.0,0.0,0.0
EL PEÑÓN,2020,0.0,0.0,0.0,0.0
EL PEÑÓN,2020,0.0,0.0,0.0,0.0
EL PEÑÓN,2020,0.0,0.0,0.0,0.0
EL PEÑÓN,2020,0.0,0.0,0.0,0.0
EL PEÑÓN,2020,0.0,0.0,0.0,0.0
EL PEÑÓN,2020,0.0,0.0,0.0,0.0
EL PEÑÓN,2020,0.0,0.0,0.0,0.0
EL PEÑÓN,2020,0.0,0.0,0.0,0.0
EL PEÑÓN,2021,0.0,0.0,0.0,0.0
EL PEÑÓN,2021,0.0,0.0,0.0,0.0
EL PEÑÓN,2021,0.0,0.0,0.0,0.0
EL PEÑÓN,2021,0.0,0.0,0.0,0.0
EL PEÑÓN,2021,0.0,0.0,0.0,0.0
EL PEÑÓN,2021,0.0,0.0,0.0,0.0
EL PEÑÓN,2021,0.0,0.0,0.0,0.0
EL PEÑÓN,2021,0.0,0.0,0.0,0.0
EL PEÑÓN,2021,0.0,0.0,0.0,0.0
EL PEÑÓN,2021,0.0,0.0,0.0,0.0
EL PEÑÓN,2021,0.0,0.0,0.0,0.0
EL PEÑÓN,2021,0.0,0.0,0.0,0.0
EL PEÑÓN,2021,0.0,0.0,0.0,0.0
EL PEÑÓN,2021,0.0,0.0,0.0,0.0
EL PEÑÓN,2021,0.0,0.0,0.0,0.0
EL PEÑÓN,2021,0.0,0.0,0.0,0.0
EL PEÑÓN,2021,0.0,0.0,0.0,0.0
EL PEÑÓN,2021,0.0,0.0,0.0,0.0
EL PEÑÓN,2021,0.0,0.0,0.0,0.0
EL PEÑÓN,2021,0.0,0.0,0.0,0.0
EL PEÑÓN,2021,0.0,0.0,0.0,0.0
EL PEÑÓN,2021,0.0,0.0,0.0,0.0
EL PEÑÓN,2021,0.0,0.0,0.0,0.0
EL PEÑÓN,2021,0.0,0.0,0.0,0.0
EL PEÑÓN,2021,0.0,0.0,0.0,0.0
EL PEÑÓN,2021,0.0,0.0,0.0,0.0
EL PEÑÓN,2021,0.0,0.0,0.0,0.0
EL PEÑÓN,2021,0.0,0.0,0.0,0.0
EL PEÑÓN,2021,0.0,0.0,0.0,0.0
EL PEÑÓN,2021,0.0,0.0,0.0,0.0
EL PEÑÓN,2021,0.0,0.0,0.0,0.0
EL PEÑÓN,2021,0.0,0.0,0.0,0.0
EL PEÑÓN,2021,0.0,0.0,0.0,0.0
EL PEÑÓN,2021,0.0,0.0,0.0,0.0
EL PEÑÓN,2021,0.0,0.0,0.0,0.0
EL PEÑÓN,2021,0.0,0.0,0.0,0.0
EL PEÑÓN,2021,0.0,0.0,0.0,0.0
EL PEÑÓN,2021,0.0,0.0,0.0,0.0
EL PEÑÓN,2021,0.0,0.0,0.0,0.0
EL PEÑÓN,2021,0.0,0.0,0.0,0.0
EL PEÑÓN,2021,0.0,0.0,0.0,0.0
EL PEÑÓN,2021,0.0,0.0,0.0,0.0
EL PEÑÓN,2021,0.0,0.0,0.0,0.0
EL PEÑÓN,2021,0.0,0.0,0.0,0.0
EL PEÑÓN,2021,0.0,0.0,0.0,0.0
EL PEÑÓN,2021,0.0,0.0,0.0,0.0
EL PEÑÓN,2021,0.0,0.0,0.0,0.0
EL PEÑÓN,2021,0.0,0.0,0.0,0.0
EL PEÑÓN,2021,0.0,0.0,0.0,0.0
EL PEÑÓN,2021,0.0,0.0,0.0,0.0
EL PEÑÓN,2021,0.0,0.0,0.0,0.0
EL PEÑÓN,2021,0.0,0.0,0.0,0.0
EL PEÑÓN,2021,0.0,0.0,0.0,0.0
EL PEÑÓN,2021,0.0,0.0,0.0,0.0
EL PEÑÓN,2021,0.0,0.0,0.0,0.0
EL PEÑÓN,2021,0.0,0.0,0.0,0.0
EL PEÑÓN,2021,0.0,0.0,0.0,0.0
EL PEÑÓN,2021,0.0,0.0,0.0,0.0
EL PEÑÓN,2021,0.0,0.0,0.0,0.0
EL PEÑÓN,2021,0.0,0.0,0.0,0.0
EL PEÑÓN,2021,0.0,0.0,0.0,0.0
EL PEÑÓN,2021,0.0,0.0,0.0,0.0
EL PEÑÓN,2021,0.0,0.0,0.0,0.0
EL PEÑÓN,2021,0.0,0.0,0.0,0.0
EL PEÑÓN,2021,0.0,0.0,0.0,0.0
EL PEÑÓN,2021,0.0,0.0,0.0,0.0
EL PEÑÓN,2021,0.0,0.0,0.0,0.0
EL PEÑÓN,2021,0.0,0.0,0.0,0.0
EL PEÑÓN,2021,0.0,0.0,0.0,0.0
EL PEÑÓN,2021,0.0,0.0,0.0,0.0
EL PEÑÓN,2021,0.0,0.0,0.0,0.0
EL PEÑÓN,2021,0.0,0.0,0.0,0.0
EL PEÑÓN,2021,0.0,0.0,0.0,0.0
EL PEÑÓN,2021,0.0,0.0,0.0,0.0
EL PEÑÓN,2021,0.0,0.0,0.0,0.0
EL PEÑÓN,2021,0.0,0.0,0.0,0.0
EL PEÑÓN,2021,0.0,0.0,0.0,0.0
EL PEÑÓN,2021,0.0,0.0,0.0,0.0
EL PEÑÓN,2021,0.0,0.0,0.0,0.0
EL PEÑÓN,2021,0.0,0.0,0.0,0.0
EL PEÑÓN,2021,0.0,0.0,0.0,0.0
EL PEÑÓN,2022,0.0,0.0,0.0,0.0
EL PEÑÓN,2022,0.0,0.0,0.0,0.0
EL PEÑÓN,2022,0.0,0.0,0.0,0.0
EL PEÑÓN,2022,0.0,0.0,0.0,0.0
EL PEÑÓN,2022,0.0,0.0,0.0,0.0
EL PEÑÓN,2022,0.0,0.0,0.0,0.0
EL PEÑÓN,2022,0.0,0.0,0.0,0.0
EL PEÑÓN,2022,0.0,0.0,0.0,0.0
EL PEÑÓN,2022,0.0,0.0,0.0,0.0
EL PEÑÓN,2022,0.0,0.0,0.0,0.0
EL PEÑÓN,2022,0.0,0.0,0.0,0.0
EL PEÑÓN,2022,0.0,0.0,0.0,0.0
EL PEÑÓN,2022,0.0,0.0,0.0,0.0
EL PEÑÓN,2022,0.0,0.0,0.0,0.0
EL PEÑÓN,2022,0.0,0.0,0.0,0.0
EL PEÑÓN,2022,0.0,0.0,0.0,0.0
EL PEÑÓN,2022,0.0,0.0,0.0,0.0
EL PEÑÓN,2022,0.0,0.0,0.0,0.0
EL PEÑÓN,2022,0.0,0.0,0.0,0.0
EL PEÑÓN,2022,0.0,0.0,0.0,0.0
EL PEÑÓN,2022,0.0,0.0,0.0,0.0
EL PEÑÓN,2022,0.0,0.0,0.0,0.0
EL PEÑÓN,2022,0.0,0.0,0.0,0.0
EL PEÑÓN,2022,0.0,0.0,0.0,0.0
EL PEÑÓN,2022,0.0,0.0,0.0,0.0
EL PEÑÓN,2022,0.0,0.0,0.0,0.0
EL PEÑÓN,2022,0.0,0.0,0.0,0.0
EL PEÑÓN,2022,0.0,0.0,0.0,0.0
EL PEÑÓN,2022,0.0,0.0,0.0,0.0
EL PEÑÓN,2022,0.0,0.0,0.0,0.0
EL PEÑÓN,2022,0.0,0.0,0.0,0.0
EL PEÑÓN,2022,0.0,0.0,0.0,0.0
EL PEÑÓN,2022,0.0,0.0,0.0,0.0
EL PEÑÓN,2022,0.0,0.0,0.0,0.0
EL PEÑÓN,2022,0.0,0.0,0.0,0.0
EL PEÑÓN,2022,0.0,0.0,0.0,0.0
EL PEÑÓN,2022,0.0,0.0,0.0,0.0
EL PEÑÓN,2022,0.0,0.0,0.0,0.0
EL PEÑÓN,2022,0.0,0.0,0.0,0.0
EL PEÑÓN,2022,0.0,0.0,0.0,0.0
EL PEÑÓN,2022,0.0,0.0,0.0,0.0
EL PEÑÓN,2022,0.0,0.0,0.0,0.0
EL PEÑÓN,2022,0.0,0.0,0.0,0.0
EL PEÑÓN,2022,0.0,0.0,0.0,0.0
EL PEÑÓN,2022,0.0,0.0,0.0,0.0
EL PEÑÓN,2022,0.0,0.0,0.0,0.0
EL PEÑÓN,2022,0.0,0.0,0.0,0.0
EL PEÑÓN,2022,0.0,0.0,0.0,0.0
EL PEÑÓN,2022,0.0,0.0,0.0,0.0
EL PEÑÓN,2022,0.0,0.0,0.0,0.0
EL PEÑÓN,2022,0.0,0.0,0.0,0.0
EL PEÑÓN,2022,0.0,0.0,0.0,0.0
EL PEÑÓN,2022,0.0,0.0,0.0,0.0
EL PEÑÓN,2022,0.0,0.0,0.0,0.0
EL PEÑÓN,2022,0.0,0.0,0.0,0.0
EL PEÑÓN,2022,0.0,0.0,0.0,0.0
EL PEÑÓN,2022,0.0,0.0,0.0,0.0
EL PEÑÓN,2022,0.0,0.0,0.0,0.0
EL PEÑÓN,2022,0.0,0.0,0.0,0.0
EL PEÑÓN,2022,0.0,0.0,0.0,0.0
EL PEÑÓN,2022,0.0,0.0,0.0,0.0
EL PEÑÓN,2022,0.0,0.0,0.0,0.0
EL PEÑÓN,2022,0.0,0.0,0.0,0.0
EL PEÑÓN,2022,0.0,0.0,0.0,0.0
EL PEÑÓN,2022,0.0,0.0,0.0,0.0
EL PEÑÓN,2022,0.0,0.0,0.0,0.0
EL PEÑÓN,2022,0.0,0.0,0.0,0.0
EL PEÑÓN,2022,0.0,0.0,0.0,0.0
EL PEÑÓN,2022,0.0,0.0,0.0,0.0
EL PEÑÓN,2022,0.0,0.0,0.0,0.0
EL PEÑÓN,2022,0.0,0.0,0.0,0.0
EL PEÑÓN,2022,0.0,0.0,0.0,0.0
EL PEÑÓN,2022,0.0,0.0,0.0,0.0
EL PEÑÓN,2022,0.0,0.0,0.0,0.0
EL PEÑÓN,2022,0.0,0.0,0.0,0.0
EL PEÑÓN,2022,0.0,0.0,0.0,0.0
EL PEÑÓN,2022,0.0,0.0,0.0,0.0
EL PEÑÓN,2022,0.0,0.0,0.0,0.0
EL PEÑÓN,2022,0.0,0.0,0.0,0.0
EL PEÑÓN,2022,0.0,0.0,0.0,0.0
EL PEÑÓN,2022,0.0,0.0,0.0,0.0
EL PEÑÓN,2023,0.0,0.0,0.0,0.0
EL PEÑÓN,2023,0.0,0.0,0.0,0.0
EL PEÑÓN,2023,0.0,0.0,0.0,0.0
EL PEÑÓN,2023,0.0,0.0,0.0,0.0
EL PEÑÓN,2023,0.0,0.0,0.0,0.0
EL PEÑÓN,2023,0.0,0.0,0.0,0.0
EL PEÑÓN,2023,0.0,0.0,0.0,0.0
EL PEÑÓN,2023,0.0,0.0,0.0,0.0
EL PEÑÓN,2023,0.0,0.0,0.0,0.0
EL PEÑÓN,2023,0.0,0.0,0.0,0.0
EL PEÑÓN,2023,0.0,0.0,0.0,0.0
EL PEÑÓN,2023,0.0,0.0,0.0,0.0
EL PEÑÓN,2023,0.0,0.0,0.0,0.0
EL PEÑÓN,2023,0.0,0.0,0.0,0.0
EL PEÑÓN,2023,0.0,0.0,0.0,0.0
EL PEÑÓN,2023,0.0,0.0,0.0,0.0
EL PEÑÓN,2023,0.0,0.0,0.0,0.0
EL PEÑÓN,2023,0.0,0.0,0.0,0.0
EL PEÑÓN,2023,0.0,0.0,0.0,0.0
EL PEÑÓN,2023,0.0,0.0,0.0,0.0
EL PEÑÓN,2023,0.0,0.0,0.0,0.0
EL PEÑÓN,2023,0.0,0.0,0.0,0.0
EL PEÑÓN,2023,0.0,0.0,0.0,0.0
EL PEÑÓN,2023,0.0,0.0,0.0,0.0
EL PEÑÓN,2023,0.0,0.0,0.0,0.0
EL PEÑÓN,2023,0.0,0.0,0.0,0.0
EL PEÑÓN,2023,0.0,0.0,0.0,0.0
EL PEÑÓN,2023,0.0,0.0,0.0,0.0
EL PEÑÓN,2023,0.0,0.0,0.0,0.0
EL PEÑÓN,2023,0.0,0.0,0.0,0.0
EL PEÑÓN,2023,0.0,0.0,0.0,0.0
EL PEÑÓN,2023,0.0,0.0,0.0,0.0
EL PEÑÓN,2023,0.0,0.0,0.0,0.0
EL PEÑÓN,2023,0.0,0.0,0.0,0.0
EL PEÑÓN,2023,0.0,0.0,0.0,0.0
EL PEÑÓN,2023,0.0,0.0,0.0,0.0
EL PEÑÓN,2023,0.0,0.0,0.0,0.0
EL PEÑÓN,2023,0.0,0.0,0.0,0.0
EL PEÑÓN,2023,0.0,0.0,0.0,0.0
EL PEÑÓN,2023,0.0,0.0,0.0,0.0
EL PEÑÓN,2023,0.0,0.0,0.0,0.0
EL PEÑÓN,2023,0.0,0.0,0.0,0.0
EL PEÑÓN,2023,0.0,0.0,0.0,0.0
EL PEÑÓN,2023,0.0,0.0,0.0,0.0
EL PEÑÓN,2023,0.0,0.0,0.0,0.0
EL PEÑÓN,2023,0.0,0.0,0.0,0.0
EL PEÑÓN,2023,0.0,0.0,0.0,0.0
EL PEÑÓN,2023,0.0,0.0,0.0,0.0
EL PEÑÓN,2023,0.0,0.0,0.0,0.0
EL PEÑÓN,2023,0.0,0.0,0.0,0.0
EL PEÑÓN,2023,0.0,0.0,0.0,0.0
EL PEÑÓN,2023,0.0,0.0,0.0,0.0
EL PEÑÓN,2023,0.0,0.0,0.0,0.0
EL PEÑÓN,2023,0.0,0.0,0.0,0.0
EL PEÑÓN,2023,0.0,0.0,0.0,0.0
EL PEÑÓN,2023,0.0,0.0,0.0,0.0
EL PEÑÓN,2023,0.0,0.0,0.0,0.0
EL PEÑÓN,2023,0.0,0.0,0.0,0.0
EL PEÑÓN,2023,0.0,0.0,0.0,0.0
EL PEÑÓN,2023,0.0,0.0,0.0,0.0
EL PEÑÓN,2023,0.0,0.0,0.0,0.0
EL PEÑÓN,2023,0.0,0.0,0.0,0.0
EL PEÑÓN,2023,0.0,0.0,0.0,0.0
EL PEÑÓN,2023,0.0,0.0,0.0,0.0
EL PEÑÓN,2023,0.0,0.0,0.0,0.0
EL PEÑÓN,2023,0.0,0.0,0.0,0.0
EL PEÑÓN,2023,0.0,0.0,0.0,0.0
EL PEÑÓN,2023,0.0,0.0,0.0,0.0
EL PEÑÓN,2023,0.0,0.0,0.0,0.0
EL PEÑÓN,2023,0.0,0.0,0.0,0.0
EL PEÑÓN,2023,0.0,0.0,0.0,0.0
EL PEÑÓN,2023,0.0,0.0,0.0,0.0
EL PEÑÓN,2023,0.0,0.0,0.0,0.0
EL PEÑÓN,2023,0.0,0.0,0.0,0.0
EL PEÑÓN,2023,0.0,0.0,0.0,0.0
EL PEÑÓN,2023,0.0,0.0,0.0,0.0
EL PEÑÓN,2023,0.0,0.0,0.0,0.0
EL PEÑÓN,2023,0.0,0.0,0.0,0.0
EL PEÑÓN,2023,0.0,0.0,0.0,0.0
EL PEÑÓN,2023,0.0,0.0,0.0,0.0
EL PEÑÓN,2023,0.0,0.0,0.0,0.0
EL PIÑÓN,2017,90.35,376777.38,32.04,24.38
EL PIÑÓN,2018,90.22,315110.27,32.08,24.33
EL PIÑÓN,2019,89.84,292938.61,32.28,24.61
EL PIÑÓN,2020,90.2,369240.79,31.77,24.36
EL PIÑÓN,2021,90.09,356795.9,31.7,24.21
EL PIÑÓN,2022,91.22,445298.5,31.44,23.99
EL PIÑÓN,2023,89.97,331423.3,32.56,24.63
EL PLAYÓN,2017,84.98,0.0,0.0,0.0
EL PLAYÓN,2018,0.0,934051.7,0.0,0.0
EL PLAYÓN,2019,0.0,0.0,0.0,0.0
EL PLAYÓN,2020,0.0,0.0,0.0,0.0
EL PLAYÓN,2021,0.0,0.0,0.0,0.0
EL PLAYÓN,2022,0.0,0.0,0.0,0.0
EL PLAYÓN,2023,0.0,0.0,0.0,0.0
EL RETORNO,2017,94.2,0.0,0.0,0.0
EL RETORNO,2018,0.0,650417.84,0.0,0.0
EL RETORNO,2019,0.0,0.0,0.0,0.0
EL RETORNO,2020,0.0,0.0,0.0,0.0
EL RETORNO,2021,0.0,0.0,0.0,0.0
EL RETORNO,2022,0.0,0.0,0.0,0.0
EL RETORNO,2023,0.0,0.0,0.0,0.0
EL RETÉN,2017,91.25,0.0,0.0,0.0
EL RETÉN,2018,0.0,214129.97,0.0,0.0
EL RETÉN,2019,0.0,0.0,0.0,0.0
EL RETÉN,2020,0.0,0.0,0.0,0.0
EL RETÉN,2021,0.0,0.0,0.0,0.0
EL RETÉN,2022,0.0,0.0,0.0,0.0
EL RETÉN,2023,0.0,0.0,0.0,0.0
EL ROBLE,2017,45.25,0.0,0.0,0.0
EL ROBLE,2018,0.0,169346.37,0.0,0.0
EL ROBLE,2019,0.0,0.0,0.0,0.0
EL ROBLE,2020,0.0,0.0,0.0,0.0
EL ROBLE,2021,0.0,0.0,0.0,0.0
EL ROBLE,2022,0.0,0.0,0.0,0.0
EL ROBLE,2023,0.0,0.0,0.0,0.0
EL ROSAL,2017,,,,
EL ROSAL,2018,,,,
EL ROSAL,2019,,,,
EL ROSAL,2020,,,,
EL ROSAL,2021,,,,
EL ROSAL,2022,,,,
EL ROSAL,2023,,,,
EL ROSARIO,2017,0.0,0.0,0.0,0.0
EL ROSARIO,2018,0.0,0.0,0.0,0.0
EL ROSARIO,2019,0.0,0.0,0.0,0.0
EL ROSARIO,2020,0.0,0.0,0.0,0.0
EL ROSARIO,2021,0.0,0.0,0.0,0.0
EL ROSARIO,2022,0.0,0.0,0.0,0.0
EL ROSARIO,2023,0.0,0.0,0.0,0.0
EL SANTUARIO,2017,,,,
EL SANTUARIO,2018,,,,
EL SANTUARIO,2019,,,,
EL SANTUARIO,2020,,,,
EL SANTUARIO,2021,,,,
EL SANTUARIO,2022,,,,
EL SANTUARIO,2023,,,,
EL TABLÓN DE GÓMEZ,2017,0.0,0.0,0.0,0.0
EL TABLÓN DE GÓMEZ,2018,0.0,0.0,0.0,0.0
EL TABLÓN DE GÓMEZ,2019,0.0,0.0,0.0,0.0
EL TABLÓN DE GÓMEZ,2020,0.0,0.0,0.0,0.0
EL TABLÓN DE GÓMEZ,2021,0.0,0.0,0.0,0.0
EL TABLÓN DE GÓMEZ,2022,0.0,0.0,0.0,0.0
EL TABLÓN DE GÓMEZ,2023,0.0,0.0,0.0,0.0
EL TAMBO,2017,0.0,0.0,0.0,0.0
EL TAMBO,2017,0.0,0.0,0.0,0.0
EL TAMBO,2017,0.0,0.0,0.0,0.0
EL TAMBO,2017,0.0,0.0,0.0,0.0
EL TAMBO,2017,0.0,0.0,0.0,0.0
EL TAMBO,2017,0.0,0.0,0.0,0.0
EL TAMBO,2017,0.0,0.0,0.0,0.0
EL TAMBO,2017,0.0,0.0,0.0,0.0
EL TAMBO,2017,0.0,0.0,0.0,0.0
EL TAMBO,2017,0.0,0.0,0.0,0.0
EL TAMBO,2017,0.0,0.0,0.0,0.0
EL TAMBO,2017,0.0,0.0,0.0,0.0
EL TAMBO,2017,0.0,0.0,0.0,0.0
EL TAMBO,2017,0.0,0.0,0.0,0.0
EL TAMBO,2017,0.0,0.0,0.0,0.0
EL TAMBO,2017,0.0,0.0,0.0,0.0
EL TAMBO,2018,0.0,0.0,0.0,0.0
EL TAMBO,2018,0.0,0.0,0.0,0.0
EL TAMBO,2018,0.0,0.0,0.0,0.0
EL TAMBO,2018,0.0,0.0,0.0,0.0
EL TAMBO,2018,0.0,0.0,0.0,0.0
EL TAMBO,2018,0.0,0.0,0.0,0.0
EL TAMBO,2018,0.0,0.0,0.0,0.0
EL TAMBO,2018,0.0,0.0,0.0,0.0
EL TAMBO,2018,0.0,0.0,0.0,0.0
EL TAMBO,2018,0.0,0.0,0.0,0.0
EL TAMBO,2018,0.0,0.0,0.0,0.0
EL TAMBO,2018,0.0,0.0,0.0,0.0
EL TAMBO,2018,0.0,0.0,0.0,0.0
EL TAMBO,2018,0.0,0.0,0.0,0.0
EL TAMBO,2018,0.0,0.0,0.0,0.0
EL TAMBO,2018,0.0,0.0,0.0,0.0
EL TAMBO,2019,0.0,0.0,0.0,0.0
EL TAMBO,2019,0.0,0.0,0.0,0.0
EL TAMBO,2019,0.0,0.0,0.0,0.0
EL TAMBO,2019,0.0,0.0,0.0,0.0
EL TAMBO,2019,0.0,0.0,0.0,0.0
EL TAMBO,2019,0.0,0.0,0.0,0.0
EL TAMBO,2019,0.0,0.0,0.0,0.0
EL TAMBO,2019,0.0,0.0,0.0,0.0
EL TAMBO,2019,0.0,0.0,0.0,0.0
EL TAMBO,2019,0.0,0.0,0.0,0.0
EL TAMBO,2019,0.0,0.0,0.0,0.0
EL TAMBO,2019,0.0,0.0,0.0,0.0
EL TAMBO,2019,0.0,0.0,0.0,0.0
EL TAMBO,2019,0.0,0.0,0.0,0.0
EL TAMBO,2019,0.0,0.0,0.0,0.0
EL TAMBO,2019,0.0,0.0,0.0,0.0
EL TAMBO,2020,0.0,0.0,0.0,0.0
EL TAMBO,2020,0.0,0.0,0.0,0.0
EL TAMBO,2020,0.0,0.0,0.0,0.0
EL TAMBO,2020,0.0,0.0,0.0,0.0
EL TAMBO,2020,0.0,0.0,0.0,0.0
EL TAMBO,2020,0.0,0.0,0.0,0.0
EL TAMBO,2020,0.0,0.0,0.0,0.0
EL TAMBO,2020,0.0,0.0,0.0,0.0
EL TAMBO,2020,0.0,0.0,0.0,0.0
EL TAMBO,2020,0.0,0.0,0.0,0.0
EL TAMBO,2020,0.0,0.0,0.0,0.0
EL TAMBO,2020,0.0,0.0,0.0,0.0
EL TAMBO,2020,0.0,0.0,0.0,0.0
EL TAMBO,2020,0.0,0.0,0.0,0.0
EL TAMBO,2020,0.0,0.0,0.0,0.0
EL TAMBO,2020,0.0,0.0,0.0,0.0
EL TAMBO,2021,0.0,0.0,0.0,0.0
EL TAMBO,2021,0.0,0.0,0.0,0.0
EL TAMBO,2021,0.0,0.0,0.0,0.0
EL TAMBO,2021,0.0,0.0,0.0,0.0
EL TAMBO,2021,0.0,0.0,0.0,0.0
EL TAMBO,2021,0.0,0.0,0.0,0.0
EL TAMBO,2021,0.0,0.0,0.0,0.0
EL TAMBO,2021,0.0,0.0,0.0,0.0
EL TAMBO,2021,0.0,0.0,0.0,0.0
EL TAMBO,2021,0.0,0.0,0.0,0.0
EL TAMBO,2021,0.0,0.0,0.0,0.0
EL TAMBO,2021,0.0,0.0,0.0,0.0
EL TAMBO,2021,0.0,0.0,0.0,0.0
EL TAMBO,2021,0.0,0.0,0.0,0.0
EL TAMBO,2021,0.0,0.0,0.0,0.0
EL TAMBO,2021,0.0,0.0,0.0,0.0
EL TAMBO,2022,0.0,0.0,0.0,0.0
EL TAMBO,2022,0.0,0.0,0.0,0.0
EL TAMBO,2022,0.0,0.0,0.0,0.0
EL TAMBO,2022,0.0,0.0,0.0,0.0
EL TAMBO,2022,0.0,0.0,0.0,0.0
EL TAMBO,2022,0.0,0.0,0.0,0.0
EL TAMBO,2022,0.0,0.0,0.0,0.0
EL TAMBO,2022,0.0,0.0,0.0,0.0
EL TAMBO,2022,0.0,0.0,0.0,0.0
EL TAMBO,2022,0.0,0.0,0.0,0.0
EL TAMBO,2022,0.0,0.0,0.0,0.0
EL TAMBO,2022,0.0,0.0,0.0,0.0
EL TAMBO,2022,0.0,0.0,0.0,0.0
EL TAMBO,2022,0.0,0.0,0.0,0.0
EL TAMBO,2022,0.0,0.0,0.0,0.0
EL TAMBO,2022,0.0,0.0,0.0,0.0
EL TAMBO,2023,0.0,0.0,0.0,0.0
EL TAMBO,2023,0.0,0.0,0.0,0.0
EL TAMBO,2023,0.0,0.0,0.0,0.0
EL TAMBO,2023,0.0,0.0,0.0,0.0
EL TAMBO,2023,0.0,0.0,0.0,0.0
EL TAMBO,2023,0.0,0.0,0.0,0.0
EL TAMBO,2023,0.0,0.0,0.0,0.0
EL TAMBO,2023,0.0,0.0,0.0,0.0
EL TAMBO,2023,0.0,0.0,0.0,0.0
EL TAMBO,2023,0.0,0.0,0.0,0.0
EL TAMBO,2023,0.0,0.0,0.0,0.0
EL TAMBO,2023,0.0,0.0,0.0,0.0
EL TAMBO,2023,0.0,0.0,0.0,0.0
EL TAMBO,2023,0.0,0.0,0.0,0.0
EL TAMBO,2023,0.0,0.0,0.0,0.0
EL TAMBO,2023,0.0,0.0,0.0,0.0
EL TARRA,2017,94.62,0.0,0.0,0.0
EL TARRA,2018,0.0,153484.27,0.0,0.0
EL TARRA,2019,0.0,0.0,0.0,0.0
EL TARRA,2020,0.0,0.0,0.0,0.0
EL TARRA,2021,0.0,0.0,0.0,0.0
EL TARRA,2022,0.0,0.0,0.0,0.0
EL TARRA,2023,0.0,0.0,0.0,0.0
EL ZULIA,2017,84.26,0.0,0.0,0.0
EL ZULIA,2018,0.0,121241.69,0.0,0.0
EL ZULIA,2019,0.0,0.0,0.0,0.0
EL ZULIA,2020,0.0,0.0,0.0,0.0
EL ZULIA,2021,0.0,0.0,0.0,0.0
EL ZULIA,2022,0.0,0.0,0.0,0.0
EL ZULIA,2023,0.0,0.0,0.0,0.0
EL ÁGUILA,2017,0.0,0.0,0.0,0.0
EL ÁGUILA,2018,0.0,0.0,0.0,0.0
EL ÁGUILA,2019,0.0,0.0,0.0,0.0
EL ÁGUILA,2020,0.0,0.0,0.0,0.0
EL ÁGUILA,2021,0.0,0.0,0.0,0.0
EL ÁGUILA,2022,0.0,0.0,0.0,0.0
EL ÁGUILA,2023,0.0,0.0,0.0,0.0
ELÍAS,2017,0.0,0.0,0.0,0.0
ELÍAS,2018,0.0,0.0,0.0,0.0
ELÍAS,2019,0.0,0.0,0.0,0.0
ELÍAS,2020,0.0,0.0,0.0,0.0
ELÍAS,2021,0.0,0.0,0.0,0.0
ELÍAS,2022,0.0,0.0,0.0,0.0
ELÍAS,2023,0.0,0.0,0.0,0.0
ENCINO,2017,89.82,0.0,0.0,0.0
ENCINO,2018,0.0,719084.71,0.0,0.0
ENCINO,2019,0.0,0.0,0.0,0.0
ENCINO,2020,0.0,0.0,0.0,0.0
ENCINO,2021,0.0,0.0,0.0,0.0
ENCINO,2022,0.0,0.0,0.0,0.0
ENCINO,2023,0.0,0.0,0.0,0.0
ENCISO,2017,85.47,0.0,0.0,0.0
ENCISO,2018,0.0,391370.7,0.0,0.0
ENCISO,2019,0.0,0.0,0.0,0.0
ENCISO,2020,0.0,0.0,0.0,0.0
ENCISO,2021,0.0,0.0,0.0,0.0
ENCISO,2022,0.0,0.0,0.0,0.0
ENCISO,2023,0.0,0.0,0.0,0.0
ENTRERRÍOS,2017,0.0,0.0,0.0,0.0
ENTRERRÍOS,2018,0.0,0.0,0.0,0.0
ENTRERRÍOS,2019,0.0,0.0,0.0,0.0
ENTRERRÍOS,2020,0.0,0.0,0.0,0.0
ENTRERRÍOS,2021,0.0,0.0,0.0,0.0
ENTRERRÍOS,2022,0.0,0.0,0.0,0.0
ENTRERRÍOS,2023,0.0,0.0,0.0,0.0
ENVIGADO,2017,,,,
ENVIGADO,2018,,,,
ENVIGADO,2019,,,,
ENVIGADO,2020,,,,
ENVIGADO,2021,,,,
ENVIGADO,2022,,,,
ENVIGADO,2023,,,,
ESPINAL,2017,84.88,0.0,0.0,0.0
ESPINAL,2018,0.0,350393.43,0.0,0.0
ESPINAL,2019,0.0,0.0,0.0,0.0
ESPINAL,2020,0.0,0.0,0.0,0.0
ESPINAL,2021,0.0,0.0,0.0,0.0
ESPINAL,2022,0.0,0.0,0.0,0.0
ESPINAL,2023,0.0,0.0,0.0,0.0
FACATATIVÁ,2017,92.12,0.0,0.0,0.0
FACATATIVÁ,2018,0.0,577140.16,0.0,0.0
FACATATIVÁ,2019,0.0,0.0,0.0,0.0
FACATATIVÁ,2020,0.0,0.0,0.0,0.0
FACATATIVÁ,2021,0.0,0.0,0.0,0.0
FACATATIVÁ,2022,0.0,0.0,0.0,0.0
FACATATIVÁ,2023,0.0,0.0,0.0,0.0
FALAN,2017,,,,
FALAN,2018,,,,
FALAN,2019,,,,
FALAN,2020,,,,
FALAN,2021,,,,
FALAN,2022,,,,
FALAN,2023,,,,
FILADELFIA,2017,0.0,0.0,0.0,0.0
FILADELFIA,2018,0.0,0.0,0.0,0.0
FILADELFIA,2019,0.0,0.0,0.0,0.0
FILADELFIA,2020,0.0,0.0,0.0,0.0
FILADELFIA,2021,0.0,0.0,0.0,0.0
FILADELFIA,2022,0.0,0.0,0.0,0.0
FILADELFIA,2023,0.0,0.0,0.0,0.0
FILANDIA,2017,0.0,0.0,0.0,0.0
FILANDIA,2018,0.0,0.0,0.0,0.0
FILANDIA,2019,0.0,0.0,0.0,0.0
FILANDIA,2020,0.0,0.0,0.0,0.0
FILANDIA,2021,0.0,0.0,0.0,0.0
FILANDIA,2022,0.0,0.0,0.0,0.0
FILANDIA,2023,0.0,0.0,0.0,0.0
FIRAVITOBA,2017,82.07,0.0,0.0,0.0
FIRAVITOBA,2018,0.0,465681.8,0.0,0.0
FIRAVITOBA,2019,0.0,0.0,0.0,0.0
FIRAVITOBA,2020,0.0,0.0,0.0,0.0
FIRAVITOBA,2021,0.0,0.0,0.0,0.0
FIRAVITOBA,2022,0.0,0.0,0.0,0.0
FIRAVITOBA,2023,0.0,0.0,0.0,0.0
FLANDES,2017,,,,
FLANDES,2018,,,,
FLANDES,2019,,,,
FLANDES,2020,,,,
FLANDES,2021,,,,
FLANDES,2022,,,,
FLANDES,2023,,,,
FLORENCIA,2017,0.0,0.0,0.0,0.0
FLORENCIA,2017,0.0,0.0,0.0,0.0
FLORENCIA,2017,0.0,0.0,0.0,0.0
FLORENCIA,2017,0.0,0.0,0.0,0.0
FLORENCIA,2017,0.0,0.0,0.0,0.0
FLORENCIA,2017,0.0,0.0,0.0,0.0
FLORENCIA,2017,0.0,0.0,0.0,0.0
FLORENCIA,2017,0.0,0.0,0.0,0.0
FLORENCIA,2017,0.0,0.0,0.0,0.0
FLORENCIA,2017,0.0,0.0,0.0,0.0
FLORENCIA,2017,0.0,0.0,0.0,0.0
FLORENCIA,2017,0.0,0.0,0.0,0.0
FLORENCIA,2017,0.0,0.0,0.0,0.0
FLORENCIA,2017,0.0,0.0,0.0,0.0
FLORENCIA,2017,0.0,0.0,0.0,0.0
FLORENCIA,2017,0.0,0.0,0.0,0.0
FLORENCIA,2018,0.0,0.0,0.0,0.0
FLORENCIA,2018,0.0,0.0,0.0,0.0
FLORENCIA,2018,0.0,0.0,0.0,0.0
FLORENCIA,2018,0.0,0.0,0.0,0.0
FLORENCIA,2018,0.0,0.0,0.0,0.0
FLORENCIA,2018,0.0,0.0,0.0,0.0
FLORENCIA,2018,0.0,0.0,0.0,0.0
FLORENCIA,2018,0.0,0.0,0.0,0.0
FLORENCIA,2018,0.0,0.0,0.0,0.0
FLORENCIA,2018,0.0,0.0,0.0,0.0
FLORENCIA,2018,0.0,0.0,0.0,0.0
FLORENCIA,2018,0.0,0.0,0.0,0.0
FLORENCIA,2018,0.0,0.0,0.0,0.0
FLORENCIA,2018,0.0,0.0,0.0,0.0
FLORENCIA,2018,0.0,0.0,0.0,0.0
FLORENCIA,2018,0.0,0.0,0.0,0.0
FLORENCIA,2019,0.0,0.0,0.0,0.0
FLORENCIA,2019,0.0,0.0,0.0,0.0
FLORENCIA,2019,0.0,0.0,0.0,0.0
FLORENCIA,2019,0.0,0.0,0.0,0.0
FLORENCIA,2019,0.0,0.0,0.0,0.0
FLORENCIA,2019,0.0,0.0,0.0,0.0
FLORENCIA,2019,0.0,0.0,0.0,0.0
FLORENCIA,2019,0.0,0.0,0.0,0.0
FLORENCIA,2019,0.0,0.0,0.0,0.0
FLORENCIA,2019,0.0,0.0,0.0,0.0
FLORENCIA,2019,0.0,0.0,0.0,0.0
FLORENCIA,2019,0.0,0.0,0.0,0.0
FLORENCIA,2019,0.0,0.0,0.0,0.0
FLORENCIA,2019,0.0,0.0,0.0,0.0
FLORENCIA,2019,0.0,0.0,0.0,0.0
FLORENCIA,2019,0.0,0.0,0.0,0.0
FLORENCIA,2020,0.0,0.0,0.0,0.0
FLORENCIA,2020,0.0,0.0,0.0,0.0
FLORENCIA,2020,0.0,0.0,0.0,0.0
FLORENCIA,2020,0.0,0.0,0.0,0.0
FLORENCIA,2020,0.0,0.0,0.0,0.0
FLORENCIA,2020,0.0,0.0,0.0,0.0
FLORENCIA,2020,0.0,0.0,0.0,0.0
FLORENCIA,2020,0.0,0.0,0.0,0.0
FLORENCIA,2020,0.0,0.0,0.0,0.0
FLORENCIA,2020,0.0,0.0,0.0,0.0
FLORENCIA,2020,0.0,0.0,0.0,0.0
FLORENCIA,2020,0.0,0.0,0.0,0.0
FLORENCIA,2020,0.0,0.0,0.0,0.0
FLORENCIA,2020,0.0,0.0,0.0,0.0
FLORENCIA,2020,0.0,0.0,0.0,0.0
FLORENCIA,2020,0.0,0.0,0.0,0.0
FLORENCIA,2021,0.0,0.0,0.0,0.0
FLORENCIA,2021,0.0,0.0,0.0,0.0
FLORENCIA,2021,0.0,0.0,0.0,0.0
FLORENCIA,2021,0.0,0.0,0.0,0.0
FLORENCIA,2021,0.0,0.0,0.0,0.0
FLORENCIA,2021,0.0,0.0,0.0,0.0
FLORENCIA,2021,0.0,0.0,0.0,0.0
FLORENCIA,2021,0.0,0.0,0.0,0.0
FLORENCIA,2021,0.0,0.0,0.0,0.0
FLORENCIA,2021,0.0,0.0,0.0,0.0
FLORENCIA,2021,0.0,0.0,0.0,0.0
FLORENCIA,2021,0.0,0.0,0.0,0.0
FLORENCIA,2021,0.0,0.0,0.0,0.0
FLORENCIA,2021,0.0,0.0,0.0,0.0
FLORENCIA,2021,0.0,0.0,0.0,0.0
FLORENCIA,2021,0.0,0.0,0.0,0.0
FLORENCIA,2022,0.0,0.0,0.0,0.0
FLORENCIA,2022,0.0,0.0,0.0,0.0
FLORENCIA,2022,0.0,0.0,0.0,0.0
FLORENCIA,2022,0.0,0.0,0.0,0.0
FLORENCIA,2022,0.0,0.0,0.0,0.0
FLORENCIA,2022,0.0,0.0,0.0,0.0
FLORENCIA,2022,0.0,0.0,0.0,0.0
FLORENCIA,2022,0.0,0.0,0.0,0.0
FLORENCIA,2022,0.0,0.0,0.0,0.0
FLORENCIA,2022,0.0,0.0,0.0,0.0
FLORENCIA,2022,0.0,0.0,0.0,0.0
FLORENCIA,2022,0.0,0.0,0.0,0.0
FLORENCIA,2022,0.0,0.0,0.0,0.0
FLORENCIA,2022,0.0,0.0,0.0,0.0
FLORENCIA,2022,0.0,0.0,0.0,0.0
FLORENCIA,2022,0.0,0.0,0.0,0.0
FLORENCIA,2023,0.0,0.0,0.0,0.0
FLORENCIA,2023,0.0,0.0,0.0,0.0
FLORENCIA,2023,0.0,0.0,0.0,0.0
FLORENCIA,2023,0.0,0.0,0.0,0.0
FLORENCIA,2023,0.0,0.0,0.0,0.0
FLORENCIA,2023,0.0,0.0,0.0,0.0
FLORENCIA,2023,0.0,0.0,0.0,0.0
FLORENCIA,2023,0.0,0.0,0.0,0.0
FLORENCIA,2023,0.0,0.0,0.0,0.0
FLORENCIA,2023,0.0,0.0,0.0,0.0
FLORENCIA,2023,0.0,0.0,0.0,0.0
FLORENCIA,2023,0.0,0.0,0.0,0.0
FLORENCIA,2023,0.0,0.0,0.0,0.0
FLORENCIA,2023,0.0,0.0,0.0,0.0
FLORENCIA,2023,0.0,0.0,0.0,0.0
FLORENCIA,2023,0.0,0.0,0.0,0.0
FLORESTA,2017,80.55,0.0,0.0,0.0
FLORESTA,2018,0.0,455443.99,0.0,0.0
FLORESTA,2019,0.0,0.0,0.0,0.0
FLORESTA,2020,0.0,0.0,0.0,0.0
FLORESTA,2021,0.0,0.0,0.0,0.0
FLORESTA,2022,0.0,0.0,0.0,0.0
FLORESTA,2023,0.0,0.0,0.0,0.0
FLORIDA,2017,0.0,0.0,0.0,0.0
FLORIDA,2018,0.0,0.0,0.0,0.0
FLORIDA,2019,0.0,0.0,0.0,0.0
FLORIDA,2020,0.0,0.0,0.0,0.0
FLORIDA,2021,0.0,0.0,0.0,0.0
FLORIDA,2022,0.0,0.0,0.0,0.0
FLORIDA,2023,0.0,0.0,0.0,0.0
FLORIDABLANCA,2017,,,,
FLORIDABLANCA,2018,,,,
FLORIDABLANCA,2019,,,,
FLORIDABLANCA,2020,,,,
FLORIDABLANCA,2021,,,,
FLORIDABLANCA,2022,,,,
FLORIDABLANCA,2023,,,,
FLORIÁN,2017,86.3,0.0,0.0,0.0
FLORIÁN,2018,0.0,749800.5,0.0,0.0
FLORIÁN,2019,0.0,0.0,0.0,0.0
FLORIÁN,2020,0.0,0.0,0.0,0.0
FLORIÁN,2021,0.0,0.0,0.0,0.0
FLORIÁN,2022,0.0,0.0,0.0,0.0
FLORIÁN,2023,0.0,0.0,0.0,0.0
FONSECA,2017,86.23,0.0,0.0,0.0
FONSECA,2018,0.0,375335.8,0.0,0.0
FONSECA,2019,0.0,0.0,0.0,0.0
FONSECA,2020,0.0,0.0,0.0,0.0
FONSECA,2021,0.0,0.0,0.0,0.0
FONSECA,2022,0.0,0.0,0.0,0.0
FONSECA,2023,0.0,0.0,0.0,0.0
FORTUL,2017,86.35,0.0,0.0,0.0
FORTUL,2018,0.0,523384.52,0.0,0.0
FORTUL,2019,0.0,0.0,0.0,0.0
FORTUL,2020,0.0,0.0,0.0,0.0
FORTUL,2021,0.0,0.0,0.0,0.0
FORTUL,2022,0.0,0.0,0.0,0.0
FORTUL,2023,0.0,0.0,0.0,0.0
FOSCA,2017,86.35,0.0,0.0,0.0
FOSCA,2018,0.0,423376.57,0.0,0.0
FOSCA,2019,0.0,0.0,0.0,0.0
FOSCA,2020,0.0,0.0,0.0,0.0
FOSCA,2021,0.0,0.0,0.0,0.0
FOSCA,2022,0.0,0.0,0.0,0.0
FOSCA,2023,0.0,0.0,0.0,0.0
FRANCISCO PIZARRO,2017,0.0,0.0,0.0,0.0
FRANCISCO PIZARRO,2018,0.0,0.0,0.0,0.0
FRANCISCO PIZARRO,2019,0.0,0.0,0.0,0.0
FRANCISCO PIZARRO,2020,0.0,0.0,0.0,0.0
FRANCISCO PIZARRO,2021,0.0,0.0,0.0,0.0
FRANCISCO PIZARRO,2022,0.0,0.0,0.0,0.0
FRANCISCO PIZARRO,2023,0.0,0.0,0.0,0.0
FREDONIA,2017,0.0,0.0,0.0,0.0
FREDONIA,2018,0.0,0.0,0.0,0.0
FREDONIA,2019,0.0,0.0,0.0,0.0
FREDONIA,2020,0.0,0.0,0.0,0.0
FREDONIA,2021,0.0,0.0,0.0,0.0
FREDONIA,2022,0.0,0.0,0.0,0.0
FREDONIA,2023,0.0,0.0,0.0,0.0
FRESNO,2017,89.35,0.0,0.0,0.0
FRESNO,2018,0.0,307920.13,0.0,0.0
FRESNO,2019,0.0,0.0,0.0,0.0
FRESNO,2020,0.0,0.0,0.0,0.0
FRESNO,2021,0.0,0.0,0.0,0.0
FRESNO,2022,0.0,0.0,0.0,0.0
FRESNO,2023,0.0,0.0,0.0,0.0
FRONTINO,2017,0.0,0.0,0.0,0.0
FRONTINO,2018,0.0,0.0,0.0,0.0
FRONTINO,2019,0.0,0.0,0.0,0.0
FRONTINO,2020,0.0,0.0,0.0,0.0
FRONTINO,2021,0.0,0.0,0.0,0.0
FRONTINO,2022,0.0,0.0,0.0,0.0
FRONTINO,2023,0.0,0.0,0.0,0.0
FUENTE DE ORO,2017,89.11,0.0,0.0,0.0
FUENTE DE ORO,2018,0.0,605556.06,0.0,0.0
FUENTE DE ORO,2019,0.0,0.0,0.0,0.0
FUENTE DE ORO,2020,0.0,0.0,0.0,0.0
FUENTE DE ORO,2021,0.0,0.0,0.0,0.0
FUENTE DE ORO,2022,0.0,0.0,0.0,0.0
FUENTE DE ORO,2023,0.0,0.0,0.0,0.0
FUNDACIÓN,2017,77.97,0.0,0.0,0.0
FUNDACIÓN,2018,0.0,396194.46,0.0,0.0
FUNDACIÓN,2019,0.0,0.0,0.0,0.0
FUNDACIÓN,2020,0.0,0.0,0.0,0.0
FUNDACIÓN,2021,0.0,0.0,0.0,0.0
FUNDACIÓN,2022,0.0,0.0,0.0,0.0
FUNDACIÓN,2023,0.0,0.0,0.0,0.0
FUNES,2017,0.0,0.0,0.0,0.0
FUNES,2018,0.0,0.0,0.0,0.0
FUNES,2019,0.0,0.0,0.0,0.0
FUNES,2020,0.0,0.0,0.0,0.0
FUNES,2021,0.0,0.0,0.0,0.0
FUNES,2022,0.0,0.0,0.0,0.0
FUNES,2023,0.0,0.0,0.0,0.0
FUNZA,2017,90.37,0.0,0.0,0.0
FUNZA,2018,0.0,577140.16,0.0,0.0
FUNZA,2019,0.0,0.0,0.0,0.0
FUNZA,2020,0.0,0.0,0.0,0.0
FUNZA,2021,0.0,0.0,0.0,0.0
FUNZA,2022,0.0,0.0,0.0,0.0
FUNZA,2023,0.0,0.0,0.0,0.0
FUSAGASUGÁ,2017,84.67,0.0,0.0,0.0
FUSAGASUGÁ,2018,0.0,1823941.87,0.0,0.0
FUSAGASUGÁ,2019,0.0,0.0,0.0,0.0
FUSAGASUGÁ,2020,0.0,0.0,0.0,0.0
FUSAGASUGÁ,2021,0.0,0.0,0.0,0.0
FUSAGASUGÁ,2022,0.0,0.0,0.0,0.0
FUSAGASUGÁ,2023,0.0,0.0,0.0,0.0
FÓMEQUE,2017,90.69,0.0,0.0,0.0
FÓMEQUE,2018,0.0,765967.96,0.0,0.0
FÓMEQUE,2019,0.0,0.0,0.0,0.0
FÓMEQUE,2020,0.0,0.0,0.0,0.0
FÓMEQUE,2021,0.0,0.0,0.0,0.0
FÓMEQUE,2022,0.0,0.0,0.0,0.0
FÓMEQUE,2023,0.0,0.0,0.0,0.0
FÚQUENE,2017,89.24,0.0,0.0,0.0
FÚQUENE,2018,0.0,234392.55,0.0,0.0
FÚQUENE,2019,0.0,0.0,0.0,0.0
FÚQUENE,2020,0.0,0.0,0.0,0.0
FÚQUENE,2021,0.0,0.0,0.0,0.0
FÚQUENE,2022,0.0,0.0,0.0,0.0
FÚQUENE,2023,0.0,0.0,0.0,0.0
GACHALÁ,2017,89.89,0.0,0.0,0.0
GACHALÁ,2018,0.0,566033.03,0.0,0.0
GACHALÁ,2019,0.0,0.0,0.0,0.0
GACHALÁ,2020,0.0,0.0,0.0,0.0
GACHALÁ,2021,0.0,0.0,0.0,0.0
GACHALÁ,2022,0.0,0.0,0.0,0.0
GACHALÁ,2023,0.0,0.0,0.0,0.0
GACHANCIPÁ,2017,,,,
GACHANCIPÁ,2018,,,,
GACHANCIPÁ,2019,,,,
GACHANCIPÁ,2020,,,,
GACHANCIPÁ,2021,,,,
GACHANCIPÁ,2022,,,,
GACHANCIPÁ,2023,,,,
GACHANTIVÁ,2017,,,,
GACHANTIVÁ,2018,,,,
GACHANTIVÁ,2019,,,,
GACHANTIVÁ,2020,,,,
GACHANTIVÁ,2021,,,,
GACHANTIVÁ,2022,,,,
GACHANTIVÁ,2023,,,,
GACHETÁ,2017,89.36,0.0,0.0,0.0
GACHETÁ,2018,0.0,673515.22,0.0,0.0
GACHETÁ,2019,0.0,0.0,0.0,0.0
GACHETÁ,2020,0.0,0.0,0.0,0.0
GACHETÁ,2021,0.0,0.0,0.0,0.0
GACHETÁ,2022,0.0,0.0,0.0,0.0
GACHETÁ,2023,0.0,0.0,0.0,0.0
GALAPA,2017,89.38,356540.84,30.34,24.44
GALAPA,2018,89.31,270510.11,30.08,24.33
GALAPA,2019,89.63,295433.56,30.18,24.42
GALAPA,2020,89.59,400126.43,30.18,24.36
GALAPA,2021,89.13,374000.75,30.01,24.25
GALAPA,2022,89.61,539119.43,30.04,24.08
GALAPA,2023,89.55,321774.9,30.47,24.56
GALERAS,2017,90.12,0.0,0.0,0.0
GALERAS,2018,0.0,344570.3,0.0,0.0
GALERAS,2019,0.0,0.0,0.0,0.0
GALERAS,2020,0.0,0.0,0.0,0.0
GALERAS,2021,0.0,0.0,0.0,0.0
GALERAS,2022,0.0,0.0,0.0,0.0
GALERAS,2023,0.0,0.0,0.0,0.0
GALÁN,2017,90.11,0.0,0.0,0.0
GALÁN,2018,0.0,973374.11,0.0,0.0
GALÁN,2019,0.0,0.0,0.0,0.0
GALÁN,2020,0.0,0.0,0.0,0.0
GALÁN,2021,0.0,0.0,0.0,0.0
GALÁN,2022,0.0,0.0,0.0,0.0
GALÁN,2023,0.0,0.0,0.0,0.0
GAMA,2017,86.99,0.0,0.0,0.0
GAMA,2018,0.0,673515.22,0.0,0.0
GAMA,2019,0.0,0.0,0.0,0.0
GAMA,2020,0.0,0.0,0.0,0.0
GAMA,2021,0.0,0.0,0.0,0.0
GAMA,2022,0.0,0.0,0.0,0.0
GAMA,2023,0.0,0.0,0.0,0.0
GAMARRA,2017,86.81,0.0,0.0,0.0
GAMARRA,2018,0.0,828838.75,0.0,0.0
GAMARRA,2019,0.0,0.0,0.0,0.0
GAMARRA,2020,0.0,0.0,0.0,0.0
GAMARRA,2021,0.0,0.0,0.0,0.0
GAMARRA,2022,0.0,0.0,0.0,0.0
GAMARRA,2023,0.0,0.0,0.0,0.0
GARAGOA,2017,93.44,0.0,0.0,0.0
GARAGOA,2018,0.0,340986.48,0.0,0.0
GARAGOA,2019,0.0,0.0,0.0,0.0
GARAGOA,2020,0.0,0.0,0.0,0.0
GARAGOA,2021,0.0,0.0,0.0,0.0
GARAGOA,2022,0.0,0.0,0.0,0.0
GARAGOA,2023,0.0,0.0,0.0,0.0
GARZÓN,2017,0.0,0.0,0.0,0.0
GARZÓN,2018,0.0,0.0,0.0,0.0
GARZÓN,2019,0.0,0.0,0.0,0.0
GARZÓN,2020,0.0,0.0,0.0,0.0
GARZÓN,2021,0.0,0.0,0.0,0.0
GARZÓN,2022,0.0,0.0,0.0,0.0
GARZÓN,2023,0.0,0.0,0.0,0.0
GIGANTE,2017,0.0,0.0,0.0,0.0
GIGANTE,2018,0.0,0.0,0.0,0.0
GIGANTE,2019,0.0,0.0,0.0,0.0
GIGANTE,2020,0.0,0.0,0.0,0.0
GIGANTE,2021,0.0,0.0,0.0,0.0
GIGANTE,2022,0.0,0.0,0.0,0.0
GIGANTE,2023,0.0,0.0,0.0,0.0
GINEBRA,2017,0.0,0.0,0.0,0.0
GINEBRA,2018,0.0,0.0,0.0,0.0
GINEBRA,2019,0.0,0.0,0.0,0.0
GINEBRA,2020,0.0,0.0,0.0,0.0
GINEBRA,2021,0.0,0.0,0.0,0.0
GINEBRA,2022,0.0,0.0,0.0,0.0
GINEBRA,2023,0.0,0.0,0.0,0.0
GIRALDO,2017,,,,
GIRALDO,2018,,,,
GIRALDO,2019,,,,
GIRALDO,2020,,,,
GIRALDO,2021,,,,
GIRALDO,2022,,,,
GIRALDO,2023,,,,
GIRARDOT,2017,82.64,0.0,0.0,0.0
GIRARDOT,2018,0.0,350393.43,0.0,0.0
GIRARDOT,2019,0.0,0.0,0.0,0.0
GIRARDOT,2020,0.0,0.0,0.0,0.0
GIRARDOT,2021,0.0,0.0,0.0,0.0
GIRARDOT,2022,0.0,0.0,0.0,0.0
GIRARDOT,2023,0.0,0.0,0.0,0.0
GIRARDOTA,2017,,,,
GIRARDOTA,2018,,,,
GIRARDOTA,2019,,,,
GIRARDOTA,2020,,,,
GIRARDOTA,2021,,,,
GIRARDOTA,2022,,,,
GIRARDOTA,2023,,,,
GIRÓN,2017,89.64,0.0,0.0,0.0
GIRÓN,2018,0.0,1122838.62,0.0,0.0
GIRÓN,2019,0.0,0.0,0.0,0.0
GIRÓN,2020,0.0,0.0,0.0,0.0
GIRÓN,2021,0.0,0.0,0.0,0.0
GIRÓN,2022,0.0,0.0,0.0,0.0
GIRÓN,2023,0.0,0.0,0.0,0.0
GONZÁLEZ,2017,93.04,0.0,0.0,0.0
GONZÁLEZ,2018,0.0,443606.01,0.0,0.0
GONZÁLEZ,2019,0.0,0.0,0.0,0.0
GONZÁLEZ,2020,0.0,0.0,0.0,0.0
GONZÁLEZ,2021,0.0,0.0,0.0,0.0
GONZÁLEZ,2022,0.0,0.0,0.0,0.0
GONZÁLEZ,2023,0.0,0.0,0.0,0.0
GRAMALOTE,2017,79.16,0.0,0.0,0.0
GRAMALOTE,2018,0.0,229703.28,0.0,0.0
GRAMALOTE,2019,0.0,0.0,0.0,0.0
GRAMALOTE,2020,0.0,0.0,0.0,0.0
GRAMALOTE,2021,0.0,0.0,0.0,0.0
GRAMALOTE,2022,0.0,0.0,0.0,0.0
GRAMALOTE,2023,0.0,0.0,0.0,0.0
GRANADA,2017,95.73,0.0,0.0,0.0
GRANADA,2017,95.73,0.0,0.0,
GRANADA,2017,95.73,0.0,0.0,0.0
GRANADA,2017,95.73,0.0,,0.0
GRANADA,2017,95.73,0.0,,
GRANADA,2017,95.73,0.0,,0.0
GRANADA,2017,95.73,0.0,0.0,0.0
GRANADA,2017,95.73,0.0,0.0,
GRANADA,2017,95.73,0.0,0.0,0.0
GRANADA,2017,95.73,,0.0,0.0
GRANADA,2017,95.73,,0.0,
GRANADA,2017,95.73,,0.0,0.0
GRANADA,2017,95.73,,,0.0
GRANADA,2017,95.73,,,
GRANADA,2017,95.73,,,0.0
GRANADA,2017,95.73,,0.0,0.0
GRANADA,2017,95.73,,0.0,
GRANADA,2017,95.73,,0.0,0.0
GRANADA,2017,95.73,0.0,0.0,0.0
GRANADA,2017,95.73,0.0,0.0,
GRANADA,2017,95.73,0.0,0.0,0.0
GRANADA,2017,95.73,0.0,,0.0
GRANADA,2017,95.73,0.0,,
GRANADA,2017,95.73,0.0,,0.0
GRANADA,2017,95.73,0.0,0.0,0.0
GRANADA,2017,95.73,0.0,0.0,
GRANADA,2017,95.73,0.0,0.0,0.0
GRANADA,2017,,0.0,0.0,0.0
GRANADA,2017,,0.0,0.0,
GRANADA,2017,,0.0,0.0,0.0
GRANADA,2017,,0.0,,0.0
GRANADA,2017,,0.0,,
GRANADA,2017,,0.0,,0.0
GRANADA,2017,,0.0,0.0,0.0
GRANADA,2017,,0.0,0.0,
GRANADA,2017,,0.0,0.0,0.0
GRANADA,2017,,,0.0,0.0
GRANADA,2017,,,0.0,
GRANADA,2017,,,0.0,0.0
GRANADA,2017,,,,0.0
GRANADA,2017,,,,
GRANADA,2017,,,,0.0
GRANADA,2017,,,0.0,0.0
GRANADA,2017,,,0.0,
GRANADA,2017,,,0.0,0.0
GRANADA,2017,,0.0,0.0,0.0
GRANADA,2017,,0.0,0.0,
GRANADA,2017,,0.0,0.0,0.0
GRANADA,2017,,0.0,,0.0
GRANADA,2017,,0.0,,
GRANADA,2017,,0.0,,0.0
GRANADA,2017,,0.0,0.0,0.0
GRANADA,2017,,0.0,0.0,
GRANADA,2017,,0.0,0.0,0.0
GRANADA,2017,89.93,0.0,0.0,0.0
GRANADA,2017,89.93,0.0,0.0,
GRANADA,2017,89.93,0.0,0.0,0.0
GRANADA,2017,89.93,0.0,,0.0
GRANADA,2017,89.93,0.0,,
GRANADA,2017,89.93,0.0,,0.0
GRANADA,2017,89.93,0.0,0.0,0.0
GRANADA,2017,89.93,0.0,0.0,
GRANADA,2017,89.93,0.0,0.0,0.0
GRANADA,2017,89.93,,0.0,0.0
GRANADA,2017,89.93,,0.0,
GRANADA,2017,89.93,,0.0,0.0
GRANADA,2017,89.93,,,0.0
GRANADA,2017,89.93,,,
GRANADA,2017,89.93,,,0.0
GRANADA,2017,89.93,,0.0,0.0
GRANADA,2017,89.93,,0.0,
GRANADA,2017,89.93,,0.0,0.0
GRANADA,2017,89.93,0.0,0.0,0.0
GRANADA,2017,89.93,0.0,0.0,
GRANADA,2017,89.93,0.0,0.0,0.0
GRANADA,2017,89.93,0.0,,0.0
GRANADA,2017,89.93,0.0,,
GRANADA,2017,89.93,0.0,,0.0
GRANADA,2017,89.93,0.0,0.0,0.0
GRANADA,2017,89.93,0.0,0.0,
GRANADA,2017,89.93,0.0,0.0,0.0
GRANADA,2018,0.0,492139.13,0.0,0.0
GRANADA,2018,0.0,492139.13,0.0,
GRANADA,2018,0.0,492139.13,0.0,0.0
GRANADA,2018,0.0,492139.13,,0.0
GRANADA,2018,0.0,492139.13,,
GRANADA,2018,0.0,492139.13,,0.0
GRANADA,2018,0.0,492139.13,0.0,0.0
GRANADA,2018,0.0,492139.13,0.0,
GRANADA,2018,0.0,492139.13,0.0,0.0
GRANADA,2018,0.0,,0.0,0.0
GRANADA,2018,0.0,,0.0,
GRANADA,2018,0.0,,0.0,0.0
GRANADA,2018,0.0,,,0.0
GRANADA,2018,0.0,,,
GRANADA,2018,0.0,,,0.0
GRANADA,2018,0.0,,0.0,0.0
GRANADA,2018,0.0,,0.0,
GRANADA,2018,0.0,,0.0,0.0
GRANADA,2018,0.0,559938.28,0.0,0.0
GRANADA,2018,0.0,559938.28,0.0,
GRANADA,2018,0.0,559938.28,0.0,0.0
GRANADA,2018,0.0,559938.28,,0.0
GRANADA,2018,0.0,559938.28,,
GRANADA,2018,0.0,559938.28,,0.0
GRANADA,2018,0.0,559938.28,0.0,0.0
GRANADA,2018,0.0,559938.28,0.0,
GRANADA,2018,0.0,559938.28,0.0,0.0
GRANADA,2018,,492139.13,0.0,0.0
GRANADA,2018,,492139.13,0.0,
GRANADA,2018,,492139.13,0.0,0.0
GRANADA,2018,,492139.13,,0.0
GRANADA,2018,,492139.13,,
GRANADA,2018,,492139.13,,0.0
GRANADA,2018,,492139.13,0.0,0.0
GRANADA,2018,,492139.13,0.0,
GRANADA,2018,,492139.13,0.0,0.0
GRANADA,2018,,,0.0,0.0
GRANADA,2018,,,0.0,
GRANADA,2018,,,0.0,0.0
GRANADA,2018,,,,0.0
GRANADA,2018,,,,
GRANADA,2018,,,,0.0
GRANADA,2018,,,0.0,0.0
GRANADA,2018,,,0.0,
GRANADA,2018,,,0.0,0.0
GRANADA,2018,,559938.28,0.0,0.0
GRANADA,2018,,559938.28,0.0,
GRANADA,2018,,559938.28,0.0,0.0
GRANADA,2018,,559938.28,,0.0
GRANADA,2018,,559938.28,,
GRANADA,2018,,559938.28,,0.0
GRANADA,2018,,559938.28,0.0,0.0
GRANADA,2018,,559938.28,0.0,
GRANADA,2018,,559938.28,0.0,0.0
GRANADA,2018,0.0,492139.13,0.0,0.0
GRANADA,2018,0.0,492139.13,0.0,
GRANADA,2018,0.0,492139.13,0.0,0.0
GRANADA,2018,0.0,492139.13,,0.0
GRANADA,2018,0.0,492139.13,,
GRANADA,2018,0.0,492139.13,,0.0
GRANADA,2018,0.0,492139.13,0.0,0.0
GRANADA,2018,0.0,492139.13,0.0,
GRANADA,2018,0.0,492139.13,0.0,0.0
GRANADA,2018,0.0,,0.0,0.0
GRANADA,2018,0.0,,0.0,
GRANADA,2018,0.0,,0.0,0.0
GRANADA,2018,0.0,,,0.0
GRANADA,2018,0.0,,,
GRANADA,2018,0.0,,,0.0
GRANADA,2018,0.0,,0.0,0.0
GRANADA,2018,0.0,,0.0,
GRANADA,2018,0.0,,0.0,0.0
GRANADA,2018,0.0,559938.28,0.0,0.0
GRANADA,2018,0.0,559938.28,0.0,
GRANADA,2018,0.0,559938.28,0.0,0.0
GRANADA,2018,0.0,559938.28,,0.0
GRANADA,2018,0.0,559938.28,,
GRANADA,2018,0.0,559938.28,,0.0
GRANADA,2018,0.0,559938.28,0.0,0.0
GRANADA,2018,0.0,559938.28,0.0,
GRANADA,2018,0.0,559938.28,0.0,0.0
GRANADA,2019,0.0,0.0,0.0,0.0
GRANADA,2019,0.0,0.0,0.0,
GRANADA,2019,0.0,0.0,0.0,0.0
GRANADA,2019,0.0,0.0,,0.0
GRANADA,2019,0.0,0.0,,
GRANADA,2019,0.0,0.0,,0.0
GRANADA,2019,0.0,0.0,0.0,0.0
GRANADA,2019,0.0,0.0,0.0,
GRANADA,2019,0.0,0.0,0.0,0.0
GRANADA,2019,0.0,,0.0,0.0
GRANADA,2019,0.0,,0.0,
GRANADA,2019,0.0,,0.0,0.0
GRANADA,2019,0.0,,,0.0
GRANADA,2019,0.0,,,
GRANADA,2019,0.0,,,0.0
GRANADA,2019,0.0,,0.0,0.0
GRANADA,2019,0.0,,0.0,
GRANADA,2019,0.0,,0.0,0.0
GRANADA,2019,0.0,0.0,0.0,0.0
GRANADA,2019,0.0,0.0,0.0,
GRANADA,2019,0.0,0.0,0.0,0.0
GRANADA,2019,0.0,0.0,,0.0
GRANADA,2019,0.0,0.0,,
GRANADA,2019,0.0,0.0,,0.0
GRANADA,2019,0.0,0.0,0.0,0.0
GRANADA,2019,0.0,0.0,0.0,
GRANADA,2019,0.0,0.0,0.0,0.0
GRANADA,2019,,0.0,0.0,0.0
GRANADA,2019,,0.0,0.0,
GRANADA,2019,,0.0,0.0,0.0
GRANADA,2019,,0.0,,0.0
GRANADA,2019,,0.0,,
GRANADA,2019,,0.0,,0.0
GRANADA,2019,,0.0,0.0,0.0
GRANADA,2019,,0.0,0.0,
GRANADA,2019,,0.0,0.0,0.0
GRANADA,2019,,,0.0,0.0
GRANADA,2019,,,0.0,
GRANADA,2019,,,0.0,0.0
GRANADA,2019,,,,0.0
GRANADA,2019,,,,
GRANADA,2019,,,,0.0
GRANADA,2019,,,0.0,0.0
GRANADA,2019,,,0.0,
GRANADA,2019,,,0.0,0.0
GRANADA,2019,,0.0,0.0,0.0
GRANADA,2019,,0.0,0.0,
GRANADA,2019,,0.0,0.0,0.0
GRANADA,2019,,0.0,,0.0
GRANADA,2019,,0.0,,
GRANADA,2019,,0.0,,0.0
GRANADA,2019,,0.0,0.0,0.0
GRANADA,2019,,0.0,0.0,
GRANADA,2019,,0.0,0.0,0.0
GRANADA,2019,0.0,0.0,0.0,0.0
GRANADA,2019,0.0,0.0,0.0,
GRANADA,2019,0.0,0.0,0.0,0.0
GRANADA,2019,0.0,0.0,,0.0
GRANADA,2019,0.0,0.0,,
GRANADA,2019,0.0,0.0,,0.0
GRANADA,2019,0.0,0.0,0.0,0.0
GRANADA,2019,0.0,0.0,0.0,
GRANADA,2019,0.0,0.0,0.0,0.0
GRANADA,2019,0.0,,0.0,0.0
GRANADA,2019,0.0,,0.0,
GRANADA,2019,0.0,,0.0,0.0
GRANADA,2019,0.0,,,0.0
GRANADA,2019,0.0,,,
GRANADA,2019,0.0,,,0.0
GRANADA,2019,0.0,,0.0,0.0
GRANADA,2019,0.0,,0.0,
GRANADA,2019,0.0,,0.0,0.0
GRANADA,2019,0.0,0.0,0.0,0.0
GRANADA,2019,0.0,0.0,0.0,
GRANADA,2019,0.0,0.0,0.0,0.0
GRANADA,2019,0.0,0.0,,0.0
GRANADA,2019,0.0,0.0,,
GRANADA,2019,0.0,0.0,,0.0
GRANADA,2019,0.0,0.0,0.0,0.0
GRANADA,2019,0.0,0.0,0.0,
GRANADA,2019,0.0,0.0,0.0,0.0
GRANADA,2020,0.0,0.0,0.0,0.0
GRANADA,2020,0.0,0.0,0.0,
GRANADA,2020,0.0,0.0,0.0,0.0
GRANADA,2020,0.0,0.0,,0.0
GRANADA,2020,0.0,0.0,,
GRANADA,2020,0.0,0.0,,0.0
GRANADA,2020,0.0,0.0,0.0,0.0
GRANADA,2020,0.0,0.0,0.0,
GRANADA,2020,0.0,0.0,0.0,0.0
GRANADA,2020,0.0,,0.0,0.0
GRANADA,2020,0.0,,0.0,
GRANADA,2020,0.0,,0.0,0.0
GRANADA,2020,0.0,,,0.0
GRANADA,2020,0.0,,,
GRANADA,2020,0.0,,,0.0
GRANADA,2020,0.0,,0.0,0.0
GRANADA,2020,0.0,,0.0,
GRANADA,2020,0.0,,0.0,0.0
GRANADA,2020,0.0,0.0,0.0,0.0
GRANADA,2020,0.0,0.0,0.0,
GRANADA,2020,0.0,0.0,0.0,0.0
GRANADA,2020,0.0,0.0,,0.0
GRANADA,2020,0.0,0.0,,
GRANADA,2020,0.0,0.0,,0.0
GRANADA,2020,0.0,0.0,0.0,0.0
GRANADA,2020,0.0,0.0,0.0,
GRANADA,2020,0.0,0.0,0.0,0.0
GRANADA,2020,,0.0,0.0,0.0
GRANADA,2020,,0.0,0.0,
GRANADA,2020,,0.0,0.0,0.0
GRANADA,2020,,0.0,,0.0
GRANADA,2020,,0.0,,
GRANADA,2020,,0.0,,0.0
GRANADA,2020,,0.0,0.0,0.0
GRANADA,2020,,0.0,0.0,
GRANADA,2020,,0.0,0.0,0.0
GRANADA,2020,,,0.0,0.0
GRANADA,2020,,,0.0,
GRANADA,2020,,,0.0,0.0
GRANADA,2020,,,,0.0
GRANADA,2020,,,,
GRANADA,2020,,,,0.0
GRANADA,2020,,,0.0,0.0
GRANADA,2020,,,0.0,
GRANADA,2020,,,0.0,0.0
GRANADA,2020,,0.0,0.0,0.0
GRANADA,2020,,0.0,0.0,
GRANADA,2020,,0.0,0.0,0.0
GRANADA,2020,,0.0,,0.0
GRANADA,2020,,0.0,,
GRANADA,2020,,0.0,,0.0
GRANADA,2020,,0.0,0.0,0.0
GRANADA,2020,,0.0,0.0,
GRANADA,2020,,0.0,0.0,0.0
GRANADA,2020,0.0,0.0,0.0,0.0
GRANADA,2020,0.0,0.0,0.0,
GRANADA,2020,0.0,0.0,0.0,0.0
GRANADA,2020,0.0,0.0,,0.0
GRANADA,2020,0.0,0.0,,
GRANADA,2020,0.0,0.0,,0.0
GRANADA,2020,0.0,0.0,0.0,0.0
GRANADA,2020,0.0,0.0,0.0,
GRANADA,2020,0.0,0.0,0.0,0.0
GRANADA,2020,0.0,,0.0,0.0
GRANADA,2020,0.0,,0.0,
GRANADA,2020,0.0,,0.0,0.0
GRANADA,2020,0.0,,,0.0
GRANADA,2020,0.0,,,
GRANADA,2020,0.0,,,0.0
GRANADA,2020,0.0,,0.0,0.0
GRANADA,2020,0.0,,0.0,
GRANADA,2020,0.0,,0.0,0.0
GRANADA,2020,0.0,0.0,0.0,0.0
GRANADA,2020,0.0,0.0,0.0,
GRANADA,2020,0.0,0.0,0.0,0.0
GRANADA,2020,0.0,0.0,,0.0
GRANADA,2020,0.0,0.0,,
GRANADA,2020,0.0,0.0,,0.0
GRANADA,2020,0.0,0.0,0.0,0.0
GRANADA,2020,0.0,0.0,0.0,
GRANADA,2020,0.0,0.0,0.0,0.0
GRANADA,2021,0.0,0.0,0.0,0.0
GRANADA,2021,0.0,0.0,0.0,
GRANADA,2021,0.0,0.0,0.0,0.0
GRANADA,2021,0.0,0.0,,0.0
GRANADA,2021,0.0,0.0,,
GRANADA,2021,0.0,0.0,,0.0
GRANADA,2021,0.0,0.0,0.0,0.0
GRANADA,2021,0.0,0.0,0.0,
GRANADA,2021,0.0,0.0,0.0,0.0
GRANADA,2021,0.0,,0.0,0.0
GRANADA,2021,0.0,,0.0,
GRANADA,2021,0.0,,0.0,0.0
GRANADA,2021,0.0,,,0.0
GRANADA,2021,0.0,,,
GRANADA,2021,0.0,,,0.0
GRANADA,2021,0.0,,0.0,0.0
GRANADA,2021,0.0,,0.0,
GRANADA,2021,0.0,,0.0,0.0
GRANADA,2021,0.0,0.0,0.0,0.0
GRANADA,2021,0.0,0.0,0.0,
GRANADA,2021,0.0,0.0,0.0,0.0
GRANADA,2021,0.0,0.0,,0.0
GRANADA,2021,0.0,0.0,,
GRANADA,2021,0.0,0.0,,0.0
GRANADA,2021,0.0,0.0,0.0,0.0
GRANADA,2021,0.0,0.0,0.0,
GRANADA,2021,0.0,0.0,0.0,0.0
GRANADA,2021,,0.0,0.0,0.0
GRANADA,2021,,0.0,0.0,
GRANADA,2021,,0.0,0.0,0.0
GRANADA,2021,,0.0,,0.0
GRANADA,2021,,0.0,,
GRANADA,2021,,0.0,,0.0
GRANADA,2021,,0.0,0.0,0.0
GRANADA,2021,,0.0,0.0,
GRANADA,2021,,0.0,0.0,0.0
GRANADA,2021,,,0.0,0.0
GRANADA,2021,,,0.0,
GRANADA,2021,,,0.0,0.0
GRANADA,2021,,,,0.0
GRANADA,2021,,,,
GRANADA,2021,,,,0.0
GRANADA,2021,,,0.0,0.0
GRANADA,2021,,,0.0,
GRANADA,2021,,,0.0,0.0
GRANADA,2021,,0.0,0.0,0.0
GRANADA,2021,,0.0,0.0,
GRANADA,2021,,0.0,0.0,0.0
GRANADA,2021,,0.0,,0.0
GRANADA,2021,,0.0,,
GRANADA,2021,,0.0,,0.0
GRANADA,2021,,0.0,0.0,0.0
GRANADA,2021,,0.0,0.0,
GRANADA,2021,,0.0,0.0,0.0
GRANADA,2021,0.0,0.0,0.0,0.0
GRANADA,2021,0.0,0.0,0.0,
GRANADA,2021,0.0,0.0,0.0,0.0
GRANADA,2021,0.0,0.0,,0.0
GRANADA,2021,0.0,0.0,,
GRANADA,2021,0.0,0.0,,0.0
GRANADA,2021,0.0,0.0,0.0,0.0
GRANADA,2021,0.0,0.0,0.0,
GRANADA,2021,0.0,0.0,0.0,0.0
GRANADA,2021,0.0,,0.0,0.0
GRANADA,2021,0.0,,0.0,
GRANADA,2021,0.0,,0.0,0.0
GRANADA,2021,0.0,,,0.0
GRANADA,2021,0.0,,,
GRANADA,2021,0.0,,,0.0
GRANADA,2021,0.0,,0.0,0.0
GRANADA,2021,0.0,,0.0,
GRANADA,2021,0.0,,0.0,0.0
GRANADA,2021,0.0,0.0,0.0,0.0
GRANADA,2021,0.0,0.0,0.0,
GRANADA,2021,0.0,0.0,0.0,0.0
GRANADA,2021,0.0,0.0,,0.0
GRANADA,2021,0.0,0.0,,
GRANADA,2021,0.0,0.0,,0.0
GRANADA,2021,0.0,0.0,0.0,0.0
GRANADA,2021,0.0,0.0,0.0,
GRANADA,2021,0.0,0.0,0.0,0.0
GRANADA,2022,0.0,0.0,0.0,0.0
GRANADA,2022,0.0,0.0,0.0,
GRANADA,2022,0.0,0.0,0.0,0.0
GRANADA,2022,0.0,0.0,,0.0
GRANADA,2022,0.0,0.0,,
GRANADA,2022,0.0,0.0,,0.0
GRANADA,2022,0.0,0.0,0.0,0.0
GRANADA,2022,0.0,0.0,0.0,
GRANADA,2022,0.0,0.0,0.0,0.0
GRANADA,2022,0.0,,0.0,0.0
GRANADA,2022,0.0,,0.0,
GRANADA,2022,0.0,,0.0,0.0
GRANADA,2022,0.0,,,0.0
GRANADA,2022,0.0,,,
GRANADA,2022,0.0,,,0.0
GRANADA,2022,0.0,,0.0,0.0
GRANADA,2022,0.0,,0.0,
GRANADA,2022,0.0,,0.0,0.0
GRANADA,2022,0.0,0.0,0.0,0.0
GRANADA,2022,0.0,0.0,0.0,
GRANADA,2022,0.0,0.0,0.0,0.0
GRANADA,2022,0.0,0.0,,0.0
GRANADA,2022,0.0,0.0,,
GRANADA,2022,0.0,0.0,,0.0
GRANADA,2022,0.0,0.0,0.0,0.0
GRANADA,2022,0.0,0.0,0.0,
GRANADA,2022,0.0,0.0,0.0,0.0
GRANADA,2022,,0.0,0.0,0.0
GRANADA,2022,,0.0,0.0,
GRANADA,2022,,0.0,0.0,0.0
GRANADA,2022,,0.0,,0.0
GRANADA,2022,,0.0,,
GRANADA,2022,,0.0,,0.0
GRANADA,2022,,0.0,0.0,0.0
GRANADA,2022,,0.0,0.0,
GRANADA,2022,,0.0,0.0,0.0
GRANADA,2022,,,0.0,0.0
GRANADA,2022,,,0.0,
GRANADA,2022,,,0.0,0.0
GRANADA,2022,,,,0.0
GRANADA,2022,,,,
GRANADA,2022,,,,0.0
GRANADA,2022,,,0.0,0.0
GRANADA,2022,,,0.0,
GRANADA,2022,,,0.0,0.0
GRANADA,2022,,0.0,0.0,0.0
GRANADA,2022,,0.0,0.0,
GRANADA,2022,,0.0,0.0,0.0
GRANADA,2022,,0.0,,0.0
GRANADA,2022,,0.0,,
GRANADA,2022,,0.0,,0.0
GRANADA,2022,,0.0,0.0,0.0
GRANADA,2022,,0.0,0.0,
GRANADA,2022,,0.0,0.0,0.0
GRANADA,2022,0.0,0.0,0.0,0.0
GRANADA,2022,0.0,0.0,0.0,
GRANADA,2022,0.0,0.0,0.0,0.0
GRANADA,2022,0.0,0.0,,0.0
GRANADA,2022,0.0,0.0,,
GRANADA,2022,0.0,0.0,,0.0
GRANADA,2022,0.0,0.0,0.0,0.0
GRANADA,2022,0.0,0.0,0.0,
GRANADA,2022,0.0,0.0,0.0,0.0
GRANADA,2022,0.0,,0.0,0.0
GRANADA,2022,0.0,,0.0,
GRANADA,2022,0.0,,0.0,0.0
GRANADA,2022,0.0,,,0.0
GRANADA,2022,0.0,,,
GRANADA,2022,0.0,,,0.0
GRANADA,2022,0.0,,0.0,0.0
GRANADA,2022,0.0,,0.0,
GRANADA,2022,0.0,,0.0,0.0
GRANADA,2022,0.0,0.0,0.0,0.0
GRANADA,2022,0.0,0.0,0.0,
GRANADA,2022,0.0,0.0,0.0,0.0
GRANADA,2022,0.0,0.0,,0.0
GRANADA,2022,0.0,0.0,,
GRANADA,2022,0.0,0.0,,0.0
GRANADA,2022,0.0,0.0,0.0,0.0
GRANADA,2022,0.0,0.0,0.0,
GRANADA,2022,0.0,0.0,0.0,0.0
GRANADA,2023,0.0,0.0,0.0,0.0
GRANADA,2023,0.0,0.0,0.0,
GRANADA,2023,0.0,0.0,0.0,0.0
GRANADA,2023,0.0,0.0,,0.0
GRANADA,2023,0.0,0.0,,
GRANADA,2023,0.0,0.0,,0.0
GRANADA,2023,0.0,0.0,0.0,0.0
GRANADA,2023,0.0,0.0,0.0,
GRANADA,2023,0.0,0.0,0.0,0.0
GRANADA,2023,0.0,,0.0,0.0
GRANADA,2023,0.0,,0.0,
GRANADA,2023,0.0,,0.0,0.0
GRANADA,2023,0.0,,,0.0
GRANADA,2023,0.0,,,
GRANADA,2023,0.0,,,0.0
GRANADA,2023,0.0,,0.0,0.0
GRANADA,2023,0.0,,0.0,
GRANADA,2023,0.0,,0.0,0.0
GRANADA,2023,0.0,0.0,0.0,0.0
GRANADA,2023,0.0,0.0,0.0,
GRANADA,2023,0.0,0.0,0.0,0.0
GRANADA,2023,0.0,0.0,,0.0
GRANADA,2023,0.0,0.0,,
GRANADA,2023,0.0,0.0,,0.0
GRANADA,2023,0.0,0.0,0.0,0.0
GRANADA,2023,0.0,0.0,0.0,
GRANADA,2023,0.0,0.0,0.0,0.0
GRANADA,2023,,0.0,0.0,0.0
GRANADA,2023,,0.0,0.0,
GRANADA,2023,,0.0,0.0,0.0
GRANADA,2023,,0.0,,0.0
GRANADA,2023,,0.0,,
GRANADA,2023,,0.0,,0.0
GRANADA,2023,,0.0,0.0,0.0
GRANADA,2023,,0.0,0.0,
GRANADA,2023,,0.0,0.0,0.0
GRANADA,2023,,,0.0,0.0
GRANADA,2023,,,0.0,
GRANADA,2023,,,0.0,0.0
GRANADA,2023,,,,0.0
GRANADA,2023,,,,
GRANADA,2023,,,,0.0
GRANADA,2023,,,0.0,0.0
GRANADA,2023,,,0.0,
GRANADA,2023,,,0.0,0.0
GRANADA,2023,,0.0,0.0,0.0
GRANADA,2023,,0.0,0.0,
GRANADA,2023,,0.0,0.0,0.0
GRANADA,2023,,0.0,,0.0
GRANADA,2023,,0.0,,
GRANADA,2023,,0.0,,0.0
GRANADA,2023,,0.0,0.0,0.0
GRANADA,2023,,0.0,0.0,
GRANADA,2023,,0.0,0.0,0.0
GRANADA,2023,0.0,0.0,0.0,0.0
GRANADA,2023,0.0,0.0,0.0,
GRANADA,2023,0.0,0.0,0.0,0.0
GRANADA,2023,0.0,0.0,,0.0
GRANADA,2023,0.0,0.0,,
GRANADA,2023,0.0,0.0,,0.0
GRANADA,2023,0.0,0.0,0.0,0.0
GRANADA,2023,0.0,0.0,0.0,
GRANADA,2023,0.0,0.0,0.0,0.0
GRANADA,2023,0.0,,0.0,0.0
GRANADA,2023,0.0,,0.0,
GRANADA,2023,0.0,,0.0,0.0
GRANADA,2023,0.0,,,0.0
GRANADA,2023,0.0,,,
GRANADA,2023,0.0,,,0.0
GRANADA,2023,0.0,,0.0,0.0
GRANADA,2023,0.0,,0.0,
GRANADA,2023,0.0,,0.0,0.0
GRANADA,2023,0.0,0.0,0.0,0.0
GRANADA,2023,0.0,0.0,0.0,
GRANADA,2023,0.0,0.0,0.0,0.0
GRANADA,2023,0.0,0.0,,0.0
GRANADA,2023,0.0,0.0,,
GRANADA,2023,0.0,0.0,,0.0
GRANADA,2023,0.0,0.0,0.0,0.0
GRANADA,2023,0.0,0.0,0.0,
GRANADA,2023,0.0,0.0,0.0,0.0
GUACA,2017,88.1,0.0,0.0,0.0
GUACA,2018,0.0,542461.81,0.0,0.0
GUACA,2019,0.0,0.0,0.0,0.0
GUACA,2020,0.0,0.0,0.0,0.0
GUACA,2021,0.0,0.0,0.0,0.0
GUACA,2022,0.0,0.0,0.0,0.0
GUACA,2023,0.0,0.0,0.0,0.0
GUACAMAYAS,2017,,,,
GUACAMAYAS,2018,,,,
GUACAMAYAS,2019,,,,
GUACAMAYAS,2020,,,,
GUACAMAYAS,2021,,,,
GUACAMAYAS,2022,,,,
GUACAMAYAS,2023,,,,
GUACARÍ,2017,0.0,0.0,0.0,0.0
GUACARÍ,2018,0.0,0.0,0.0,0.0
GUACARÍ,2019,0.0,0.0,0.0,0.0
GUACARÍ,2020,0.0,0.0,0.0,0.0
GUACARÍ,2021,0.0,0.0,0.0,0.0
GUACARÍ,2022,0.0,0.0,0.0,0.0
GUACARÍ,2023,0.0,0.0,0.0,0.0
GUACHENÉ,2017,0.0,0.0,0.0,0.0
GUACHENÉ,2018,0.0,0.0,0.0,0.0
GUACHENÉ,2019,0.0,0.0,0.0,0.0
GUACHENÉ,2020,0.0,0.0,0.0,0.0
GUACHENÉ,2021,0.0,0.0,0.0,0.0
GUACHENÉ,2022,0.0,0.0,0.0,0.0
GUACHENÉ,2023,0.0,0.0,0.0,0.0
GUACHETÁ,2017,90.6,0.0,0.0,0.0
GUACHETÁ,2018,0.0,234392.55,0.0,0.0
GUACHETÁ,2019,0.0,0.0,0.0,0.0
GUACHETÁ,2020,0.0,0.0,0.0,0.0
GUACHETÁ,2021,0.0,0.0,0.0,0.0
GUACHETÁ,2022,0.0,0.0,0.0,0.0
GUACHETÁ,2023,0.0,0.0,0.0,0.0
GUACHUCAL,2017,,,,
GUACHUCAL,2018,,,,
GUACHUCAL,2019,,,,
GUACHUCAL,2020,,,,
GUACHUCAL,2021,,,,
GUACHUCAL,2022,,,,
GUACHUCAL,2023,,,,
GUADALAJARA DE BUGA,2017,0.0,0.0,0.0,0.0
GUADALAJARA DE BUGA,2018,0.0,0.0,0.0,0.0
GUADALAJARA DE BUGA,2019,0.0,0.0,0.0,0.0
GUADALAJARA DE BUGA,2020,0.0,0.0,0.0,0.0
GUADALAJARA DE BUGA,2021,0.0,0.0,0.0,0.0
GUADALAJARA DE BUGA,2022,0.0,0.0,0.0,0.0
GUADALAJARA DE BUGA,2023,0.0,0.0,0.0,0.0
GUADALUPE,2017,0.0,0.0,0.0,0.0
GUADALUPE,2017,0.0,0.0,0.0,0.0
GUADALUPE,2017,0.0,0.0,0.0,0.0
GUADALUPE,2017,0.0,0.0,0.0,0.0
GUADALUPE,2017,0.0,0.0,0.0,0.0
GUADALUPE,2017,0.0,0.0,0.0,0.0
GUADALUPE,2017,0.0,0.0,0.0,0.0
GUADALUPE,2017,0.0,0.0,0.0,0.0
GUADALUPE,2017,0.0,0.0,0.0,0.0
GUADALUPE,2017,0.0,0.0,0.0,0.0
GUADALUPE,2017,0.0,0.0,0.0,0.0
GUADALUPE,2017,0.0,0.0,0.0,0.0
GUADALUPE,2017,0.0,0.0,0.0,0.0
GUADALUPE,2017,0.0,0.0,0.0,0.0
GUADALUPE,2017,0.0,0.0,0.0,0.0
GUADALUPE,2017,0.0,0.0,0.0,0.0
GUADALUPE,2017,0.0,0.0,0.0,0.0
GUADALUPE,2017,0.0,0.0,0.0,0.0
GUADALUPE,2017,0.0,0.0,0.0,0.0
GUADALUPE,2017,0.0,0.0,0.0,0.0
GUADALUPE,2017,0.0,0.0,0.0,0.0
GUADALUPE,2017,0.0,0.0,0.0,0.0
GUADALUPE,2017,0.0,0.0,0.0,0.0
GUADALUPE,2017,0.0,0.0,0.0,0.0
GUADALUPE,2017,0.0,0.0,0.0,0.0
GUADALUPE,2017,0.0,0.0,0.0,0.0
GUADALUPE,2017,0.0,0.0,0.0,0.0
GUADALUPE,2017,0.0,0.0,0.0,0.0
GUADALUPE,2017,0.0,0.0,0.0,0.0
GUADALUPE,2017,0.0,0.0,0.0,0.0
GUADALUPE,2017,0.0,0.0,0.0,0.0
GUADALUPE,2017,0.0,0.0,0.0,0.0
GUADALUPE,2017,0.0,0.0,0.0,0.0
GUADALUPE,2017,0.0,0.0,0.0,0.0
GUADALUPE,2017,0.0,0.0,0.0,0.0
GUADALUPE,2017,0.0,0.0,0.0,0.0
GUADALUPE,2017,0.0,0.0,0.0,0.0
GUADALUPE,2017,0.0,0.0,0.0,0.0
GUADALUPE,2017,0.0,0.0,0.0,0.0
GUADALUPE,2017,0.0,0.0,0.0,0.0
GUADALUPE,2017,0.0,0.0,0.0,0.0
GUADALUPE,2017,0.0,0.0,0.0,0.0
GUADALUPE,2017,0.0,0.0,0.0,0.0
GUADALUPE,2017,0.0,0.0,0.0,0.0
GUADALUPE,2017,0.0,0.0,0.0,0.0
GUADALUPE,2017,0.0,0.0,0.0,0.0
GUADALUPE,2017,0.0,0.0,0.0,0.0
GUADALUPE,2017,0.0,0.0,0.0,0.0
GUADALUPE,2017,0.0,0.0,0.0,0.0
GUADALUPE,2017,0.0,0.0,0.0,0.0
GUADALUPE,2017,0.0,0.0,0.0,0.0
GUADALUPE,2017,0.0,0.0,0.0,0.0
GUADALUPE,2017,0.0,0.0,0.0,0.0
GUADALUPE,2017,0.0,0.0,0.0,0.0
GUADALUPE,2017,96.58,0.0,0.0,0.0
GUADALUPE,2017,96.58,0.0,0.0,0.0
GUADALUPE,2017,96.58,0.0,0.0,0.0
GUADALUPE,2017,96.58,0.0,0.0,0.0
GUADALUPE,2017,96.58,0.0,0.0,0.0
GUADALUPE,2017,96.58,0.0,0.0,0.0
GUADALUPE,2017,96.58,0.0,0.0,0.0
GUADALUPE,2017,96.58,0.0,0.0,0.0
GUADALUPE,2017,96.58,0.0,0.0,0.0
GUADALUPE,2017,96.58,0.0,0.0,0.0
GUADALUPE,2017,96.58,0.0,0.0,0.0
GUADALUPE,2017,96.58,0.0,0.0,0.0
GUADALUPE,2017,96.58,0.0,0.0,0.0
GUADALUPE,2017,96.58,0.0,0.0,0.0
GUADALUPE,2017,96.58,0.0,0.0,0.0
GUADALUPE,2017,96.58,0.0,0.0,0.0
GUADALUPE,2017,96.58,0.0,0.0,0.0
GUADALUPE,2017,96.58,0.0,0.0,0.0
GUADALUPE,2017,96.58,0.0,0.0,0.0
GUADALUPE,2017,96.58,0.0,0.0,0.0
GUADALUPE,2017,96.58,0.0,0.0,0.0
GUADALUPE,2017,96.58,0.0,0.0,0.0
GUADALUPE,2017,96.58,0.0,0.0,0.0
GUADALUPE,2017,96.58,0.0,0.0,0.0
GUADALUPE,2017,96.58,0.0,0.0,0.0
GUADALUPE,2017,96.58,0.0,0.0,0.0
GUADALUPE,2017,96.58,0.0,0.0,0.0
GUADALUPE,2018,0.0,0.0,0.0,0.0
GUADALUPE,2018,0.0,0.0,0.0,0.0
GUADALUPE,2018,0.0,0.0,0.0,0.0
GUADALUPE,2018,0.0,0.0,0.0,0.0
GUADALUPE,2018,0.0,0.0,0.0,0.0
GUADALUPE,2018,0.0,0.0,0.0,0.0
GUADALUPE,2018,0.0,0.0,0.0,0.0
GUADALUPE,2018,0.0,0.0,0.0,0.0
GUADALUPE,2018,0.0,0.0,0.0,0.0
GUADALUPE,2018,0.0,0.0,0.0,0.0
GUADALUPE,2018,0.0,0.0,0.0,0.0
GUADALUPE,2018,0.0,0.0,0.0,0.0
GUADALUPE,2018,0.0,0.0,0.0,0.0
GUADALUPE,2018,0.0,0.0,0.0,0.0
GUADALUPE,2018,0.0,0.0,0.0,0.0
GUADALUPE,2018,0.0,0.0,0.0,0.0
GUADALUPE,2018,0.0,0.0,0.0,0.0
GUADALUPE,2018,0.0,0.0,0.0,0.0
GUADALUPE,2018,0.0,432788.25,0.0,0.0
GUADALUPE,2018,0.0,432788.25,0.0,0.0
GUADALUPE,2018,0.0,432788.25,0.0,0.0
GUADALUPE,2018,0.0,432788.25,0.0,0.0
GUADALUPE,2018,0.0,432788.25,0.0,0.0
GUADALUPE,2018,0.0,432788.25,0.0,0.0
GUADALUPE,2018,0.0,432788.25,0.0,0.0
GUADALUPE,2018,0.0,432788.25,0.0,0.0
GUADALUPE,2018,0.0,432788.25,0.0,0.0
GUADALUPE,2018,0.0,0.0,0.0,0.0
GUADALUPE,2018,0.0,0.0,0.0,0.0
GUADALUPE,2018,0.0,0.0,0.0,0.0
GUADALUPE,2018,0.0,0.0,0.0,0.0
GUADALUPE,2018,0.0,0.0,0.0,0.0
GUADALUPE,2018,0.0,0.0,0.0,0.0
GUADALUPE,2018,0.0,0.0,0.0,0.0
GUADALUPE,2018,0.0,0.0,0.0,0.0
GUADALUPE,2018,0.0,0.0,0.0,0.0
GUADALUPE,2018,0.0,0.0,0.0,0.0
GUADALUPE,2018,0.0,0.0,0.0,0.0
GUADALUPE,2018,0.0,0.0,0.0,0.0
GUADALUPE,2018,0.0,0.0,0.0,0.0
GUADALUPE,2018,0.0,0.0,0.0,0.0
GUADALUPE,2018,0.0,0.0,0.0,0.0
GUADALUPE,2018,0.0,0.0,0.0,0.0
GUADALUPE,2018,0.0,0.0,0.0,0.0
GUADALUPE,2018,0.0,0.0,0.0,0.0
GUADALUPE,2018,0.0,432788.25,0.0,0.0
GUADALUPE,2018,0.0,432788.25,0.0,0.0
GUADALUPE,2018,0.0,432788.25,0.0,0.0
GUADALUPE,2018,0.0,432788.25,0.0,0.0
GUADALUPE,2018,0.0,432788.25,0.0,0.0
GUADALUPE,2018,0.0,432788.25,0.0,0.0
GUADALUPE,2018,0.0,432788.25,0.0,0.0
GUADALUPE,2018,0.0,432788.25,0.0,0.0
GUADALUPE,2018,0.0,432788.25,0.0,0.0
GUADALUPE,2018,0.0,0.0,0.0,0.0
GUADALUPE,2018,0.0,0.0,0.0,0.0
GUADALUPE,2018,0.0,0.0,0.0,0.0
GUADALUPE,2018,0.0,0.0,0.0,0.0
GUADALUPE,2018,0.0,0.0,0.0,0.0
GUADALUPE,2018,0.0,0.0,0.0,0.0
GUADALUPE,2018,0.0,0.0,0.0,0.0
GUADALUPE,2018,0.0,0.0,0.0,0.0
GUADALUPE,2018,0.0,0.0,0.0,0.0
GUADALUPE,2018,0.0,0.0,0.0,0.0
GUADALUPE,2018,0.0,0.0,0.0,0.0
GUADALUPE,2018,0.0,0.0,0.0,0.0
GUADALUPE,2018,0.0,0.0,0.0,0.0
GUADALUPE,2018,0.0,0.0,0.0,0.0
GUADALUPE,2018,0.0,0.0,0.0,0.0
GUADALUPE,2018,0.0,0.0,0.0,0.0
GUADALUPE,2018,0.0,0.0,0.0,0.0
GUADALUPE,2018,0.0,0.0,0.0,0.0
GUADALUPE,2018,0.0,432788.25,0.0,0.0
GUADALUPE,2018,0.0,432788.25,0.0,0.0
GUADALUPE,2018,0.0,432788.25,0.0,0.0
GUADALUPE,2018,0.0,432788.25,0.0,0.0
GUADALUPE,2018,0.0,432788.25,0.0,0.0
GUADALUPE,2018,0.0,432788.25,0.0,0.0
GUADALUPE,2018,0.0,432788.25,0.0,0.0
GUADALUPE,2018,0.0,432788.25,0.0,0.0
GUADALUPE,2018,0.0,432788.25,0.0,0.0
GUADALUPE,2019,0.0,0.0,0.0,0.0
GUADALUPE,2019,0.0,0.0,0.0,0.0
GUADALUPE,2019,0.0,0.0,0.0,0.0
GUADALUPE,2019,0.0,0.0,0.0,0.0
GUADALUPE,2019,0.0,0.0,0.0,0.0
GUADALUPE,2019,0.0,0.0,0.0,0.0
GUADALUPE,2019,0.0,0.0,0.0,0.0
GUADALUPE,2019,0.0,0.0,0.0,0.0
GUADALUPE,2019,0.0,0.0,0.0,0.0
GUADALUPE,2019,0.0,0.0,0.0,0.0
GUADALUPE,2019,0.0,0.0,0.0,0.0
GUADALUPE,2019,0.0,0.0,0.0,0.0
GUADALUPE,2019,0.0,0.0,0.0,0.0
GUADALUPE,2019,0.0,0.0,0.0,0.0
GUADALUPE,2019,0.0,0.0,0.0,0.0
GUADALUPE,2019,0.0,0.0,0.0,0.0
GUADALUPE,2019,0.0,0.0,0.0,0.0
GUADALUPE,2019,0.0,0.0,0.0,0.0
GUADALUPE,2019,0.0,0.0,0.0,0.0
GUADALUPE,2019,0.0,0.0,0.0,0.0
GUADALUPE,2019,0.0,0.0,0.0,0.0
GUADALUPE,2019,0.0,0.0,0.0,0.0
GUADALUPE,2019,0.0,0.0,0.0,0.0
GUADALUPE,2019,0.0,0.0,0.0,0.0
GUADALUPE,2019,0.0,0.0,0.0,0.0
GUADALUPE,2019,0.0,0.0,0.0,0.0
GUADALUPE,2019,0.0,0.0,0.0,0.0
GUADALUPE,2019,0.0,0.0,0.0,0.0
GUADALUPE,2019,0.0,0.0,0.0,0.0
GUADALUPE,2019,0.0,0.0,0.0,0.0
GUADALUPE,2019,0.0,0.0,0.0,0.0
GUADALUPE,2019,0.0,0.0,0.0,0.0
GUADALUPE,2019,0.0,0.0,0.0,0.0
GUADALUPE,2019,0.0,0.0,0.0,0.0
GUADALUPE,2019,0.0,0.0,0.0,0.0
GUADALUPE,2019,0.0,0.0,0.0,0.0
GUADALUPE,2019,0.0,0.0,0.0,0.0
GUADALUPE,2019,0.0,0.0,0.0,0.0
GUADALUPE,2019,0.0,0.0,0.0,0.0
GUADALUPE,2019,0.0,0.0,0.0,0.0
GUADALUPE,2019,0.0,0.0,0.0,0.0
GUADALUPE,2019,0.0,0.0,0.0,0.0
GUADALUPE,2019,0.0,0.0,0.0,0.0
GUADALUPE,2019,0.0,0.0,0.0,0.0
GUADALUPE,2019,0.0,0.0,0.0,0.0
GUADALUPE,2019,0.0,0.0,0.0,0.0
GUADALUPE,2019,0.0,0.0,0.0,0.0
GUADALUPE,2019,0.0,0.0,0.0,0.0
GUADALUPE,2019,0.0,0.0,0.0,0.0
GUADALUPE,2019,0.0,0.0,0.0,0.0
GUADALUPE,2019,0.0,0.0,0.0,0.0
GUADALUPE,2019,0.0,0.0,0.0,0.0
GUADALUPE,2019,0.0,0.0,0.0,0.0
GUADALUPE,2019,0.0,0.0,0.0,0.0
GUADALUPE,2019,0.0,0.0,0.0,0.0
GUADALUPE,2019,0.0,0.0,0.0,0.0
GUADALUPE,2019,0.0,0.0,0.0,0.0
GUADALUPE,2019,0.0,0.0,0.0,0.0
GUADALUPE,2019,0.0,0.0,0.0,0.0
GUADALUPE,2019,0.0,0.0,0.0,0.0
GUADALUPE,2019,0.0,0.0,0.0,0.0
GUADALUPE,2019,0.0,0.0,0.0,0.0
GUADALUPE,2019,0.0,0.0,0.0,0.0
GUADALUPE,2019,0.0,0.0,0.0,0.0
GUADALUPE,2019,0.0,0.0,0.0,0.0
GUADALUPE,2019,0.0,0.0,0.0,0.0
GUADALUPE,2019,0.0,0.0,0.0,0.0
GUADALUPE,2019,0.0,0.0,0.0,0.0
GUADALUPE,2019,0.0,0.0,0.0,0.0
GUADALUPE,2019,0.0,0.0,0.0,0.0
GUADALUPE,2019,0.0,0.0,0.0,0.0
GUADALUPE,2019,0.0,0.0,0.0,0.0
GUADALUPE,2019,0.0,0.0,0.0,0.0
GUADALUPE,2019,0.0,0.0,0.0,0.0
GUADALUPE,2019,0.0,0.0,0.0,0.0
GUADALUPE,2019,0.0,0.0,0.0,0.0
GUADALUPE,2019,0.0,0.0,0.0,0.0
GUADALUPE,2019,0.0,0.0,0.0,0.0
GUADALUPE,2019,0.0,0.0,0.0,0.0
GUADALUPE,2019,0.0,0.0,0.0,0.0
GUADALUPE,2019,0.0,0.0,0.0,0.0
GUADALUPE,2020,0.0,0.0,0.0,0.0
GUADALUPE,2020,0.0,0.0,0.0,0.0
GUADALUPE,2020,0.0,0.0,0.0,0.0
GUADALUPE,2020,0.0,0.0,0.0,0.0
GUADALUPE,2020,0.0,0.0,0.0,0.0
GUADALUPE,2020,0.0,0.0,0.0,0.0
GUADALUPE,2020,0.0,0.0,0.0,0.0
GUADALUPE,2020,0.0,0.0,0.0,0.0
GUADALUPE,2020,0.0,0.0,0.0,0.0
GUADALUPE,2020,0.0,0.0,0.0,0.0
GUADALUPE,2020,0.0,0.0,0.0,0.0
GUADALUPE,2020,0.0,0.0,0.0,0.0
GUADALUPE,2020,0.0,0.0,0.0,0.0
GUADALUPE,2020,0.0,0.0,0.0,0.0
GUADALUPE,2020,0.0,0.0,0.0,0.0
GUADALUPE,2020,0.0,0.0,0.0,0.0
GUADALUPE,2020,0.0,0.0,0.0,0.0
GUADALUPE,2020,0.0,0.0,0.0,0.0
GUADALUPE,2020,0.0,0.0,0.0,0.0
GUADALUPE,2020,0.0,0.0,0.0,0.0
GUADALUPE,2020,0.0,0.0,0.0,0.0
GUADALUPE,2020,0.0,0.0,0.0,0.0
GUADALUPE,2020,0.0,0.0,0.0,0.0
GUADALUPE,2020,0.0,0.0,0.0,0.0
GUADALUPE,2020,0.0,0.0,0.0,0.0
GUADALUPE,2020,0.0,0.0,0.0,0.0
GUADALUPE,2020,0.0,0.0,0.0,0.0
GUADALUPE,2020,0.0,0.0,0.0,0.0
GUADALUPE,2020,0.0,0.0,0.0,0.0
GUADALUPE,2020,0.0,0.0,0.0,0.0
GUADALUPE,2020,0.0,0.0,0.0,0.0
GUADALUPE,2020,0.0,0.0,0.0,0.0
GUADALUPE,2020,0.0,0.0,0.0,0.0
GUADALUPE,2020,0.0,0.0,0.0,0.0
GUADALUPE,2020,0.0,0.0,0.0,0.0
GUADALUPE,2020,0.0,0.0,0.0,0.0
GUADALUPE,2020,0.0,0.0,0.0,0.0
GUADALUPE,2020,0.0,0.0,0.0,0.0
GUADALUPE,2020,0.0,0.0,0.0,0.0
GUADALUPE,2020,0.0,0.0,0.0,0.0
GUADALUPE,2020,0.0,0.0,0.0,0.0
GUADALUPE,2020,0.0,0.0,0.0,0.0
GUADALUPE,2020,0.0,0.0,0.0,0.0
GUADALUPE,2020,0.0,0.0,0.0,0.0
GUADALUPE,2020,0.0,0.0,0.0,0.0
GUADALUPE,2020,0.0,0.0,0.0,0.0
GUADALUPE,2020,0.0,0.0,0.0,0.0
GUADALUPE,2020,0.0,0.0,0.0,0.0
GUADALUPE,2020,0.0,0.0,0.0,0.0
GUADALUPE,2020,0.0,0.0,0.0,0.0
GUADALUPE,2020,0.0,0.0,0.0,0.0
GUADALUPE,2020,0.0,0.0,0.0,0.0
GUADALUPE,2020,0.0,0.0,0.0,0.0
GUADALUPE,2020,0.0,0.0,0.0,0.0
GUADALUPE,2020,0.0,0.0,0.0,0.0
GUADALUPE,2020,0.0,0.0,0.0,0.0
GUADALUPE,2020,0.0,0.0,0.0,0.0
GUADALUPE,2020,0.0,0.0,0.0,0.0
GUADALUPE,2020,0.0,0.0,0.0,0.0
GUADALUPE,2020,0.0,0.0,0.0,0.0
GUADALUPE,2020,0.0,0.0,0.0,0.0
GUADALUPE,2020,0.0,0.0,0.0,0.0
GUADALUPE,2020,0.0,0.0,0.0,0.0
GUADALUPE,2020,0.0,0.0,0.0,0.0
GUADALUPE,2020,0.0,0.0,0.0,0.0
GUADALUPE,2020,0.0,0.0,0.0,0.0
GUADALUPE,2020,0.0,0.0,0.0,0.0
GUADALUPE,2020,0.0,0.0,0.0,0.0
GUADALUPE,2020,0.0,0.0,0.0,0.0
GUADALUPE,2020,0.0,0.0,0.0,0.0
GUADALUPE,2020,0.0,0.0,0.0,0.0
GUADALUPE,2020,0.0,0.0,0.0,0.0
GUADALUPE,2020,0.0,0.0,0.0,0.0
GUADALUPE,2020,0.0,0.0,0.0,0.0
GUADALUPE,2020,0.0,0.0,0.0,0.0
GUADALUPE,2020,0.0,0.0,0.0,0.0
GUADALUPE,2020,0.0,0.0,0.0,0.0
GUADALUPE,2020,0.0,0.0,0.0,0.0
GUADALUPE,2020,0.0,0.0,0.0,0.0
GUADALUPE,2020,0.0,0.0,0.0,0.0
GUADALUPE,2020,0.0,0.0,0.0,0.0
GUADALUPE,2021,0.0,0.0,0.0,0.0
GUADALUPE,2021,0.0,0.0,0.0,0.0
GUADALUPE,2021,0.0,0.0,0.0,0.0
GUADALUPE,2021,0.0,0.0,0.0,0.0
GUADALUPE,2021,0.0,0.0,0.0,0.0
GUADALUPE,2021,0.0,0.0,0.0,0.0
GUADALUPE,2021,0.0,0.0,0.0,0.0
GUADALUPE,2021,0.0,0.0,0.0,0.0
GUADALUPE,2021,0.0,0.0,0.0,0.0
GUADALUPE,2021,0.0,0.0,0.0,0.0
GUADALUPE,2021,0.0,0.0,0.0,0.0
GUADALUPE,2021,0.0,0.0,0.0,0.0
GUADALUPE,2021,0.0,0.0,0.0,0.0
GUADALUPE,2021,0.0,0.0,0.0,0.0
GUADALUPE,2021,0.0,0.0,0.0,0.0
GUADALUPE,2021,0.0,0.0,0.0,0.0
GUADALUPE,2021,0.0,0.0,0.0,0.0
GUADALUPE,2021,0.0,0.0,0.0,0.0
GUADALUPE,2021,0.0,0.0,0.0,0.0
GUADALUPE,2021,0.0,0.0,0.0,0.0
GUADALUPE,2021,0.0,0.0,0.0,0.0
GUADALUPE,2021,0.0,0.0,0.0,0.0
GUADALUPE,2021,0.0,0.0,0.0,0.0
GUADALUPE,2021,0.0,0.0,0.0,0.0
GUADALUPE,2021,0.0,0.0,0.0,0.0
GUADALUPE,2021,0.0,0.0,0.0,0.0
GUADALUPE,2021,0.0,0.0,0.0,0.0
GUADALUPE,2021,0.0,0.0,0.0,0.0
GUADALUPE,2021,0.0,0.0,0.0,0.0
GUADALUPE,2021,0.0,0.0,0.0,0.0
GUADALUPE,2021,0.0,0.0,0.0,0.0
GUADALUPE,2021,0.0,0.0,0.0,0.0
GUADALUPE,2021,0.0,0.0,0.0,0.0
GUADALUPE,2021,0.0,0.0,0.0,0.0
GUADALUPE,2021,0.0,0.0,0.0,0.0
GUADALUPE,2021,0.0,0.0,0.0,0.0
GUADALUPE,2021,0.0,0.0,0.0,0.0
GUADALUPE,2021,0.0,0.0,0.0,0.0
GUADALUPE,2021,0.0,0.0,0.0,0.0
GUADALUPE,2021,0.0,0.0,0.0,0.0
GUADALUPE,2021,0.0,0.0,0.0,0.0
GUADALUPE,2021,0.0,0.0,0.0,0.0
GUADALUPE,2021,0.0,0.0,0.0,0.0
GUADALUPE,2021,0.0,0.0,0.0,0.0
GUADALUPE,2021,0.0,0.0,0.0,0.0
GUADALUPE,2021,0.0,0.0,0.0,0.0
GUADALUPE,2021,0.0,0.0,0.0,0.0
GUADALUPE,2021,0.0,0.0,0.0,0.0
GUADALUPE,2021,0.0,0.0,0.0,0.0
GUADALUPE,2021,0.0,0.0,0.0,0.0
GUADALUPE,2021,0.0,0.0,0.0,0.0
GUADALUPE,2021,0.0,0.0,0.0,0.0
GUADALUPE,2021,0.0,0.0,0.0,0.0
GUADALUPE,2021,0.0,0.0,0.0,0.0
GUADALUPE,2021,0.0,0.0,0.0,0.0
GUADALUPE,2021,0.0,0.0,0.0,0.0
GUADALUPE,2021,0.0,0.0,0.0,0.0
GUADALUPE,2021,0.0,0.0,0.0,0.0
GUADALUPE,2021,0.0,0.0,0.0,0.0
GUADALUPE,2021,0.0,0.0,0.0,0.0
GUADALUPE,2021,0.0,0.0,0.0,0.0
GUADALUPE,2021,0.0,0.0,0.0,0.0
GUADALUPE,2021,0.0,0.0,0.0,0.0
GUADALUPE,2021,0.0,0.0,0.0,0.0
GUADALUPE,2021,0.0,0.0,0.0,0.0
GUADALUPE,2021,0.0,0.0,0.0,0.0
GUADALUPE,2021,0.0,0.0,0.0,0.0
GUADALUPE,2021,0.0,0.0,0.0,0.0
GUADALUPE,2021,0.0,0.0,0.0,0.0
GUADALUPE,2021,0.0,0.0,0.0,0.0
GUADALUPE,2021,0.0,0.0,0.0,0.0
GUADALUPE,2021,0.0,0.0,0.0,0.0
GUADALUPE,2021,0.0,0.0,0.0,0.0
GUADALUPE,2021,0.0,0.0,0.0,0.0
GUADALUPE,2021,0.0,0.0,0.0,0.0
GUADALUPE,2021,0.0,0.0,0.0,0.0
GUADALUPE,2021,0.0,0.0,0.0,0.0
GUADALUPE,2021,0.0,0.0,0.0,0.0
GUADALUPE,2021,0.0,0.0,0.0,0.0
GUADALUPE,2021,0.0,0.0,0.0,0.0
GUADALUPE,2021,0.0,0.0,0.0,0.0
GUADALUPE,2022,0.0,0.0,0.0,0.0
GUADALUPE,2022,0.0,0.0,0.0,0.0
GUADALUPE,2022,0.0,0.0,0.0,0.0
GUADALUPE,2022,0.0,0.0,0.0,0.0
GUADALUPE,2022,0.0,0.0,0.0,0.0
GUADALUPE,2022,0.0,0.0,0.0,0.0
GUADALUPE,2022,0.0,0.0,0.0,0.0
GUADALUPE,2022,0.0,0.0,0.0,0.0
GUADALUPE,2022,0.0,0.0,0.0,0.0
GUADALUPE,2022,0.0,0.0,0.0,0.0
GUADALUPE,2022,0.0,0.0,0.0,0.0
GUADALUPE,2022,0.0,0.0,0.0,0.0
GUADALUPE,2022,0.0,0.0,0.0,0.0
GUADALUPE,2022,0.0,0.0,0.0,0.0
GUADALUPE,2022,0.0,0.0,0.0,0.0
GUADALUPE,2022,0.0,0.0,0.0,0.0
GUADALUPE,2022,0.0,0.0,0.0,0.0
GUADALUPE,2022,0.0,0.0,0.0,0.0
GUADALUPE,2022,0.0,0.0,0.0,0.0
GUADALUPE,2022,0.0,0.0,0.0,0.0
GUADALUPE,2022,0.0,0.0,0.0,0.0
GUADALUPE,2022,0.0,0.0,0.0,0.0
GUADALUPE,2022,0.0,0.0,0.0,0.0
GUADALUPE,2022,0.0,0.0,0.0,0.0
GUADALUPE,2022,0.0,0.0,0.0,0.0
GUADALUPE,2022,0.0,0.0,0.0,0.0
GUADALUPE,2022,0.0,0.0,0.0,0.0
GUADALUPE,2022,0.0,0.0,0.0,0.0
GUADALUPE,2022,0.0,0.0,0.0,0.0
GUADALUPE,2022,0.0,0.0,0.0,0.0
GUADALUPE,2022,0.0,0.0,0.0,0.0
GUADALUPE,2022,0.0,0.0,0.0,0.0
GUADALUPE,2022,0.0,0.0,0.0,0.0
GUADALUPE,2022,0.0,0.0,0.0,0.0
GUADALUPE,2022,0.0,0.0,0.0,0.0
GUADALUPE,2022,0.0,0.0,0.0,0.0
GUADALUPE,2022,0.0,0.0,0.0,0.0
GUADALUPE,2022,0.0,0.0,0.0,0.0
GUADALUPE,2022,0.0,0.0,0.0,0.0
GUADALUPE,2022,0.0,0.0,0.0,0.0
GUADALUPE,2022,0.0,0.0,0.0,0.0
GUADALUPE,2022,0.0,0.0,0.0,0.0
GUADALUPE,2022,0.0,0.0,0.0,0.0
GUADALUPE,2022,0.0,0.0,0.0,0.0
GUADALUPE,2022,0.0,0.0,0.0,0.0
GUADALUPE,2022,0.0,0.0,0.0,0.0
GUADALUPE,2022,0.0,0.0,0.0,0.0
GUADALUPE,2022,0.0,0.0,0.0,0.0
GUADALUPE,2022,0.0,0.0,0.0,0.0
GUADALUPE,2022,0.0,0.0,0.0,0.0
GUADALUPE,2022,0.0,0.0,0.0,0.0
GUADALUPE,2022,0.0,0.0,0.0,0.0
GUADALUPE,2022,0.0,0.0,0.0,0.0
GUADALUPE,2022,0.0,0.0,0.0,0.0
GUADALUPE,2022,0.0,0.0,0.0,0.0
GUADALUPE,2022,0.0,0.0,0.0,0.0
GUADALUPE,2022,0.0,0.0,0.0,0.0
GUADALUPE,2022,0.0,0.0,0.0,0.0
GUADALUPE,2022,0.0,0.0,0.0,0.0
GUADALUPE,2022,0.0,0.0,0.0,0.0
GUADALUPE,2022,0.0,0.0,0.0,0.0
GUADALUPE,2022,0.0,0.0,0.0,0.0
GUADALUPE,2022,0.0,0.0,0.0,0.0
GUADALUPE,2022,0.0,0.0,0.0,0.0
GUADALUPE,2022,0.0,0.0,0.0,0.0
GUADALUPE,2022,0.0,0.0,0.0,0.0
GUADALUPE,2022,0.0,0.0,0.0,0.0
GUADALUPE,2022,0.0,0.0,0.0,0.0
GUADALUPE,2022,0.0,0.0,0.0,0.0
GUADALUPE,2022,0.0,0.0,0.0,0.0
GUADALUPE,2022,0.0,0.0,0.0,0.0
GUADALUPE,2022,0.0,0.0,0.0,0.0
GUADALUPE,2022,0.0,0.0,0.0,0.0
GUADALUPE,2022,0.0,0.0,0.0,0.0
GUADALUPE,2022,0.0,0.0,0.0,0.0
GUADALUPE,2022,0.0,0.0,0.0,0.0
GUADALUPE,2022,0.0,0.0,0.0,0.0
GUADALUPE,2022,0.0,0.0,0.0,0.0
GUADALUPE,2022,0.0,0.0,0.0,0.0
GUADALUPE,2022,0.0,0.0,0.0,0.0
GUADALUPE,2022,0.0,0.0,0.0,0.0
GUADALUPE,2023,0.0,0.0,0.0,0.0
GUADALUPE,2023,0.0,0.0,0.0,0.0
GUADALUPE,2023,0.0,0.0,0.0,0.0
GUADALUPE,2023,0.0,0.0,0.0,0.0
GUADALUPE,2023,0.0,0.0,0.0,0.0
GUADALUPE,2023,0.0,0.0,0.0,0.0
GUADALUPE,2023,0.0,0.0,0.0,0.0
GUADALUPE,2023,0.0,0.0,0.0,0.0
GUADALUPE,2023,0.0,0.0,0.0,0.0
GUADALUPE,2023,0.0,0.0,0.0,0.0
GUADALUPE,2023,0.0,0.0,0.0,0.0
GUADALUPE,2023,0.0,0.0,0.0,0.0
GUADALUPE,2023,0.0,0.0,0.0,0.0
GUADALUPE,2023,0.0,0.0,0.0,0.0
GUADALUPE,2023,0.0,0.0,0.0,0.0
GUADALUPE,2023,0.0,0.0,0.0,0.0
GUADALUPE,2023,0.0,0.0,0.0,0.0
GUADALUPE,2023,0.0,0.0,0.0,0.0
GUADALUPE,2023,0.0,0.0,0.0,0.0
GUADALUPE,2023,0.0,0.0,0.0,0.0
GUADALUPE,2023,0.0,0.0,0.0,0.0
GUADALUPE,2023,0.0,0.0,0.0,0.0
GUADALUPE,2023,0.0,0.0,0.0,0.0
GUADALUPE,2023,0.0,0.0,0.0,0.0
GUADALUPE,2023,0.0,0.0,0.0,0.0
GUADALUPE,2023,0.0,0.0,0.0,0.0
GUADALUPE,2023,0.0,0.0,0.0,0.0
GUADALUPE,2023,0.0,0.0,0.0,0.0
GUADALUPE,2023,0.0,0.0,0.0,0.0
GUADALUPE,2023,0.0,0.0,0.0,0.0
GUADALUPE,2023,0.0,0.0,0.0,0.0
GUADALUPE,2023,0.0,0.0,0.0,0.0
GUADALUPE,2023,0.0,0.0,0.0,0.0
GUADALUPE,2023,0.0,0.0,0.0,0.0
GUADALUPE,2023,0.0,0.0,0.0,0.0
GUADALUPE,2023,0.0,0.0,0.0,0.0
GUADALUPE,2023,0.0,0.0,0.0,0.0
GUADALUPE,2023,0.0,0.0,0.0,0.0
GUADALUPE,2023,0.0,0.0,0.0,0.0
GUADALUPE,2023,0.0,0.0,0.0,0.0
GUADALUPE,2023,0.0,0.0,0.0,0.0
GUADALUPE,2023,0.0,0.0,0.0,0.0
GUADALUPE,2023,0.0,0.0,0.0,0.0
GUADALUPE,2023,0.0,0.0,0.0,0.0
GUADALUPE,2023,0.0,0.0,0.0,0.0
GUADALUPE,2023,0.0,0.0,0.0,0.0
GUADALUPE,2023,0.0,0.0,0.0,0.0
GUADALUPE,2023,0.0,0.0,0.0,0.0
GUADALUPE,2023,0.0,0.0,0.0,0.0
GUADALUPE,2023,0.0,0.0,0.0,0.0
GUADALUPE,2023,0.0,0.0,0.0,0.0
GUADALUPE,2023,0.0,0.0,0.0,0.0
GUADALUPE,2023,0.0,0.0,0.0,0.0
GUADALUPE,2023,0.0,0.0,0.0,0.0
GUADALUPE,2023,0.0,0.0,0.0,0.0
GUADALUPE,2023,0.0,0.0,0.0,0.0
GUADALUPE,2023,0.0,0.0,0.0,0.0
GUADALUPE,2023,0.0,0.0,0.0,0.0
GUADALUPE,2023,0.0,0.0,0.0,0.0
GUADALUPE,2023,0.0,0.0,0.0,0.0
GUADALUPE,2023,0.0,0.0,0.0,0.0
GUADALUPE,2023,0.0,0.0,0.0,0.0
GUADALUPE,2023,0.0,0.0,0.0,0.0
GUADALUPE,2023,0.0,0.0,0.0,0.0
GUADALUPE,2023,0.0,0.0,0.0,0.0
GUADALUPE,2023,0.0,0.0,0.0,0.0
GUADALUPE,2023,0.0,0.0,0.0,0.0
GUADALUPE,2023,0.0,0.0,0.0,0.0
GUADALUPE,2023,0.0,0.0,0.0,0.0
GUADALUPE,2023,0.0,0.0,0.0,0.0
GUADALUPE,2023,0.0,0.0,0.0,0.0
GUADALUPE,2023,0.0,0.0,0.0,0.0
GUADALUPE,2023,0.0,0.0,0.0,0.0
GUADALUPE,2023,0.0,0.0,0.0,0.0
GUADALUPE,2023,0.0,0.0,0.0,0.0
GUADALUPE,2023,0.0,0.0,0.0,0.0
GUADALUPE,2023,0.0,0.0,0.0,0.0
GUADALUPE,2023,0.0,0.0,0.0,0.0
GUADALUPE,2023,0.0,0.0,0.0,0.0
GUADALUPE,2023,0.0,0.0,0.0,0.0
GUADALUPE,2023,0.0,0.0,0.0,0.0
GUADUAS,2017,89.54,0.0,0.0,0.0
GUADUAS,2018,0.0,417396.82,0.0,0.0
GUADUAS,2019,0.0,0.0,0.0,0.0
GUADUAS,2020,0.0,0.0,0.0,0.0
GUADUAS,2021,0.0,0.0,0.0,0.0
GUADUAS,2022,0.0,0.0,0.0,0.0
GUADUAS,2023,0.0,0.0,0.0,0.0
GUAITARILLA,2017,0.0,0.0,0.0,0.0
GUAITARILLA,2018,0.0,0.0,0.0,0.0
GUAITARILLA,2019,0.0,0.0,0.0,0.0
GUAITARILLA,2020,0.0,0.0,0.0,0.0
GUAITARILLA,2021,0.0,0.0,0.0,0.0
GUAITARILLA,2022,0.0,0.0,0.0,0.0
GUAITARILLA,2023,0.0,0.0,0.0,0.0
GUALMATÁN,2017,,,,
GUALMATÁN,2018,,,,
GUALMATÁN,2019,,,,
GUALMATÁN,2020,,,,
GUALMATÁN,2021,,,,
GUALMATÁN,2022,,,,
GUALMATÁN,2023,,,,
GUAMAL,2017,89.28,0.0,0.0,0.0
GUAMAL,2017,89.28,0.0,0.0,0.0
GUAMAL,2017,89.28,0.0,0.0,0.0
GUAMAL,2017,89.28,0.0,0.0,0.0
GUAMAL,2017,89.28,0.0,0.0,0.0
GUAMAL,2017,89.28,0.0,0.0,0.0
GUAMAL,2017,89.28,0.0,0.0,0.0
GUAMAL,2017,89.28,0.0,0.0,0.0
GUAMAL,2017,89.17,0.0,0.0,0.0
GUAMAL,2017,89.17,0.0,0.0,0.0
GUAMAL,2017,89.17,0.0,0.0,0.0
GUAMAL,2017,89.17,0.0,0.0,0.0
GUAMAL,2017,89.17,0.0,0.0,0.0
GUAMAL,2017,89.17,0.0,0.0,0.0
GUAMAL,2017,89.17,0.0,0.0,0.0
GUAMAL,2017,89.17,0.0,0.0,0.0
GUAMAL,2018,0.0,502888.71,0.0,0.0
GUAMAL,2018,0.0,502888.71,0.0,0.0
GUAMAL,2018,0.0,502888.71,0.0,0.0
GUAMAL,2018,0.0,502888.71,0.0,0.0
GUAMAL,2018,0.0,580076.34,0.0,0.0
GUAMAL,2018,0.0,580076.34,0.0,0.0
GUAMAL,2018,0.0,580076.34,0.0,0.0
GUAMAL,2018,0.0,580076.34,0.0,0.0
GUAMAL,2018,0.0,502888.71,0.0,0.0
GUAMAL,2018,0.0,502888.71,0.0,0.0
GUAMAL,2018,0.0,502888.71,0.0,0.0
GUAMAL,2018,0.0,502888.71,0.0,0.0
GUAMAL,2018,0.0,580076.34,0.0,0.0
GUAMAL,2018,0.0,580076.34,0.0,0.0
GUAMAL,2018,0.0,580076.34,0.0,0.0
GUAMAL,2018,0.0,580076.34,0.0,0.0
GUAMAL,2019,0.0,0.0,0.0,0.0
GUAMAL,2019,0.0,0.0,0.0,0.0
GUAMAL,2019,0.0,0.0,0.0,0.0
GUAMAL,2019,0.0,0.0,0.0,0.0
GUAMAL,2019,0.0,0.0,0.0,0.0
GUAMAL,2019,0.0,0.0,0.0,0.0
GUAMAL,2019,0.0,0.0,0.0,0.0
GUAMAL,2019,0.0,0.0,0.0,0.0
GUAMAL,2019,0.0,0.0,0.0,0.0
GUAMAL,2019,0.0,0.0,0.0,0.0
GUAMAL,2019,0.0,0.0,0.0,0.0
GUAMAL,2019,0.0,0.0,0.0,0.0
GUAMAL,2019,0.0,0.0,0.0,0.0
GUAMAL,2019,0.0,0.0,0.0,0.0
GUAMAL,2019,0.0,0.0,0.0,0.0
GUAMAL,2019,0.0,0.0,0.0,0.0
GUAMAL,2020,0.0,0.0,0.0,0.0
GUAMAL,2020,0.0,0.0,0.0,0.0
GUAMAL,2020,0.0,0.0,0.0,0.0
GUAMAL,2020,0.0,0.0,0.0,0.0
GUAMAL,2020,0.0,0.0,0.0,0.0
GUAMAL,2020,0.0,0.0,0.0,0.0
GUAMAL,2020,0.0,0.0,0.0,0.0
GUAMAL,2020,0.0,0.0,0.0,0.0
GUAMAL,2020,0.0,0.0,0.0,0.0
GUAMAL,2020,0.0,0.0,0.0,0.0
GUAMAL,2020,0.0,0.0,0.0,0.0
GUAMAL,2020,0.0,0.0,0.0,0.0
GUAMAL,2020,0.0,0.0,0.0,0.0
GUAMAL,2020,0.0,0.0,0.0,0.0
GUAMAL,2020,0.0,0.0,0.0,0.0
GUAMAL,2020,0.0,0.0,0.0,0.0
GUAMAL,2021,0.0,0.0,0.0,0.0
GUAMAL,2021,0.0,0.0,0.0,0.0
GUAMAL,2021,0.0,0.0,0.0,0.0
GUAMAL,2021,0.0,0.0,0.0,0.0
GUAMAL,2021,0.0,0.0,0.0,0.0
GUAMAL,2021,0.0,0.0,0.0,0.0
GUAMAL,2021,0.0,0.0,0.0,0.0
GUAMAL,2021,0.0,0.0,0.0,0.0
GUAMAL,2021,0.0,0.0,0.0,0.0
GUAMAL,2021,0.0,0.0,0.0,0.0
GUAMAL,2021,0.0,0.0,0.0,0.0
GUAMAL,2021,0.0,0.0,0.0,0.0
GUAMAL,2021,0.0,0.0,0.0,0.0
GUAMAL,2021,0.0,0.0,0.0,0.0
GUAMAL,2021,0.0,0.0,0.0,0.0
GUAMAL,2021,0.0,0.0,0.0,0.0
GUAMAL,2022,0.0,0.0,0.0,0.0
GUAMAL,2022,0.0,0.0,0.0,0.0
GUAMAL,2022,0.0,0.0,0.0,0.0
GUAMAL,2022,0.0,0.0,0.0,0.0
GUAMAL,2022,0.0,0.0,0.0,0.0
GUAMAL,2022,0.0,0.0,0.0,0.0
GUAMAL,2022,0.0,0.0,0.0,0.0
GUAMAL,2022,0.0,0.0,0.0,0.0
GUAMAL,2022,0.0,0.0,0.0,0.0
GUAMAL,2022,0.0,0.0,0.0,0.0
GUAMAL,2022,0.0,0.0,0.0,0.0
GUAMAL,2022,0.0,0.0,0.0,0.0
GUAMAL,2022,0.0,0.0,0.0,0.0
GUAMAL,2022,0.0,0.0,0.0,0.0
GUAMAL,2022,0.0,0.0,0.0,0.0
GUAMAL,2022,0.0,0.0,0.0,0.0
GUAMAL,2023,0.0,0.0,0.0,0.0
GUAMAL,2023,0.0,0.0,0.0,0.0
GUAMAL,2023,0.0,0.0,0.0,0.0
GUAMAL,2023,0.0,0.0,0.0,0.0
GUAMAL,2023,0.0,0.0,0.0,0.0
GUAMAL,2023,0.0,0.0,0.0,0.0
GUAMAL,2023,0.0,0.0,0.0,0.0
GUAMAL,2023,0.0,0.0,0.0,0.0
GUAMAL,2023,0.0,0.0,0.0,0.0
GUAMAL,2023,0.0,0.0,0.0,0.0
GUAMAL,2023,0.0,0.0,0.0,0.0
GUAMAL,2023,0.0,0.0,0.0,0.0
GUAMAL,2023,0.0,0.0,0.0,0.0
GUAMAL,2023,0.0,0.0,0.0,0.0
GUAMAL,2023,0.0,0.0,0.0,0.0
GUAMAL,2023,0.0,0.0,0.0,0.0
GUAMO,2017,84.93,0.0,0.0,0.0
GUAMO,2018,0.0,311894.53,0.0,0.0
GUAMO,2019,0.0,0.0,0.0,0.0
GUAMO,2020,0.0,0.0,0.0,0.0
GUAMO,2021,0.0,0.0,0.0,0.0
GUAMO,2022,0.0,0.0,0.0,0.0
GUAMO,2023,0.0,0.0,0.0,0.0
GUAPI,2017,0.0,0.0,0.0,0.0
GUAPI,2018,0.0,0.0,0.0,0.0
GUAPI,2019,0.0,0.0,0.0,0.0
GUAPI,2020,0.0,0.0,0.0,0.0
GUAPI,2021,0.0,0.0,0.0,0.0
GUAPI,2022,0.0,0.0,0.0,0.0
GUAPI,2023,0.0,0.0,0.0,0.0
GUAPOTÁ,2017,,,,
GUAPOTÁ,2018,,,,
GUAPOTÁ,2019,,,,
GUAPOTÁ,2020,,,,
GUAPOTÁ,2021,,,,
GUAPOTÁ,2022,,,,
GUAPOTÁ,2023,,,,
GUARANDA,2017,95.4,0.0,0.0,0.0
GUARANDA,2018,0.0,709367.08,0.0,0.0
GUARANDA,2019,0.0,0.0,0.0,0.0
GUARANDA,2020,0.0,0.0,0.0,0.0
GUARANDA,2021,0.0,0.0,0.0,0.0
GUARANDA,2022,0.0,0.0,0.0,0.0
GUARANDA,2023,0.0,0.0,0.0,0.0
GUARNE,2017,0.0,0.0,0.0,0.0
GUARNE,2018,0.0,0.0,0.0,0.0
GUARNE,2019,0.0,0.0,0.0,0.0
GUARNE,2020,0.0,0.0,0.0,0.0
GUARNE,2021,0.0,0.0,0.0,0.0
GUARNE,2022,0.0,0.0,0.0,0.0
GUARNE,2023,0.0,0.0,0.0,0.0
GUASCA,2017,89.97,0.0,0.0,0.0
GUASCA,2018,0.0,431445.3,0.0,0.0
GUASCA,2019,0.0,0.0,0.0,0.0
GUASCA,2020,0.0,0.0,0.0,0.0
GUASCA,2021,0.0,0.0,0.0,0.0
GUASCA,2022,0.0,0.0,0.0,0.0
GUASCA,2023,0.0,0.0,0.0,0.0
GUATAPÉ,2017,,,,
GUATAPÉ,2018,,,,
GUATAPÉ,2019,,,,
GUATAPÉ,2020,,,,
GUATAPÉ,2021,,,,
GUATAPÉ,2022,,,,
GUATAPÉ,2023,,,,
GUATAQUÍ,2017,,,,
GUATAQUÍ,2018,,,,
GUATAQUÍ,2019,,,,
GUATAQUÍ,2020,,,,
GUATAQUÍ,2021,,,,
GUATAQUÍ,2022,,,,
GUATAQUÍ,2023,,,,
GUATAVITA,2017,92.11,0.0,0.0,0.0
GUATAVITA,2018,0.0,673515.22,0.0,0.0
GUATAVITA,2019,0.0,0.0,0.0,0.0
GUATAVITA,2020,0.0,0.0,0.0,0.0
GUATAVITA,2021,0.0,0.0,0.0,0.0
GUATAVITA,2022,0.0,0.0,0.0,0.0
GUATAVITA,2023,0.0,0.0,0.0,0.0
GUATEQUE,2017,90.5,0.0,0.0,0.0
GUATEQUE,2018,0.0,340986.48,0.0,0.0
GUATEQUE,2019,0.0,0.0,0.0,0.0
GUATEQUE,2020,0.0,0.0,0.0,0.0
GUATEQUE,2021,0.0,0.0,0.0,0.0
GUATEQUE,2022,0.0,0.0,0.0,0.0
GUATEQUE,2023,0.0,0.0,0.0,0.0
GUAVATÁ,2017,,,,
GUAVATÁ,2018,,,,
GUAVATÁ,2019,,,,
GUAVATÁ,2020,,,,
GUAVATÁ,2021,,,,
GUAVATÁ,2022,,,,
GUAVATÁ,2023,,,,
GUAYABAL DE SÍQUIMA,2017,84.5,0.0,0.0,0.0
GUAYABAL DE SÍQUIMA,2018,0.0,961998.91,0.0,0.0
GUAYABAL DE SÍQUIMA,2019,0.0,0.0,0.0,0.0
GUAYABAL DE SÍQUIMA,2020,0.0,0.0,0.0,0.0
GUAYABAL DE SÍQUIMA,2021,0.0,0.0,0.0,0.0
GUAYABAL DE SÍQUIMA,2022,0.0,0.0,0.0,0.0
GUAYABAL DE SÍQUIMA,2023,0.0,0.0,0.0,0.0
GUAYABETAL,2017,91.21,0.0,0.0,0.0
GUAYABETAL,2018,0.0,593651.64,0.0,0.0
GUAYABETAL,2019,0.0,0.0,0.0,0.0
GUAYABETAL,2020,0.0,0.0,0.0,0.0
GUAYABETAL,2021,0.0,0.0,0.0,0.0
GUAYABETAL,2022,0.0,0.0,0.0,0.0
GUAYABETAL,2023,0.0,0.0,0.0,0.0
GUAYATÁ,2017,93.31,0.0,0.0,0.0
GUAYATÁ,2018,0.0,440500.34,0.0,0.0
GUAYATÁ,2019,0.0,0.0,0.0,0.0
GUAYATÁ,2020,0.0,0.0,0.0,0.0
GUAYATÁ,2021,0.0,0.0,0.0,0.0
GUAYATÁ,2022,0.0,0.0,0.0,0.0
GUAYATÁ,2023,0.0,0.0,0.0,0.0
GUTIÉRREZ,2017,90.17,0.0,0.0,0.0
GUTIÉRREZ,2018,0.0,423376.57,0.0,0.0
GUTIÉRREZ,2019,0.0,0.0,0.0,0.0
GUTIÉRREZ,2020,0.0,0.0,0.0,0.0
GUTIÉRREZ,2021,0.0,0.0,0.0,0.0
GUTIÉRREZ,2022,0.0,0.0,0.0,0.0
GUTIÉRREZ,2023,0.0,0.0,0.0,0.0
GUÁTICA,2017,0.0,0.0,0.0,0.0
GUÁTICA,2018,0.0,0.0,0.0,0.0
GUÁTICA,2019,0.0,0.0,0.0,0.0
GUÁTICA,2020,0.0,0.0,0.0,0.0
GUÁTICA,2021,0.0,0.0,0.0,0.0
GUÁTICA,2022,0.0,0.0,0.0,0.0
GUÁTICA,2023,0.0,0.0,0.0,0.0
GÁMBITA,2017,87.97,0.0,0.0,0.0
GÁMBITA,2018,0.0,400436.78,0.0,0.0
GÁMBITA,2019,0.0,0.0,0.0,0.0
GÁMBITA,2020,0.0,0.0,0.0,0.0
GÁMBITA,2021,0.0,0.0,0.0,0.0
GÁMBITA,2022,0.0,0.0,0.0,0.0
GÁMBITA,2023,0.0,0.0,0.0,0.0
GÁMEZA,2017,88.3,0.0,0.0,0.0
GÁMEZA,2018,0.0,429373.68,0.0,0.0
GÁMEZA,2019,0.0,0.0,0.0,0.0
GÁMEZA,2020,0.0,0.0,0.0,0.0
GÁMEZA,2021,0.0,0.0,0.0,0.0
GÁMEZA,2022,0.0,0.0,0.0,0.0
GÁMEZA,2023,0.0,0.0,0.0,0.0
GÉNOVA,2017,0.0,0.0,0.0,0.0
GÉNOVA,2018,0.0,0.0,0.0,0.0
GÉNOVA,2019,0.0,0.0,0.0,0.0
GÉNOVA,2020,0.0,0.0,0.0,0.0
GÉNOVA,2021,0.0,0.0,0.0,0.0
GÉNOVA,2022,0.0,0.0,0.0,0.0
GÉNOVA,2023,0.0,0.0,0.0,0.0
GÓMEZ PLATA,2017,0.0,0.0,0.0,0.0
GÓMEZ PLATA,2018,0.0,0.0,0.0,0.0
GÓMEZ PLATA,2019,0.0,0.0,0.0,0.0
GÓMEZ PLATA,2020,0.0,0.0,0.0,0.0
GÓMEZ PLATA,2021,0.0,0.0,0.0,0.0
GÓMEZ PLATA,2022,0.0,0.0,0.0,0.0
GÓMEZ PLATA,2023,0.0,0.0,0.0,0.0
GÜEPSA,2017,88.59,0.0,0.0,0.0
GÜEPSA,2018,0.0,879696.39,0.0,0.0
GÜEPSA,2019,0.0,0.0,0.0,0.0
GÜEPSA,2020,0.0,0.0,0.0,0.0
GÜEPSA,2021,0.0,0.0,0.0,0.0
GÜEPSA,2022,0.0,0.0,0.0,0.0
GÜEPSA,2023,0.0,0.0,0.0,0.0
GÜICÁN DE LA SIERRA,2017,85.74,0.0,0.0,0.0
GÜICÁN DE LA SIERRA,2018,0.0,1118061.5,0.0,0.0
GÜICÁN DE LA SIERRA,2019,0.0,0.0,0.0,0.0
GÜICÁN DE LA SIERRA,2020,0.0,0.0,0.0,0.0
GÜICÁN DE LA SIERRA,2021,0.0,0.0,0.0,0.0
GÜICÁN DE LA SIERRA,2022,0.0,0.0,0.0,0.0
GÜICÁN DE LA SIERRA,2023,0.0,0.0,0.0,0.0
HACARÍ,2017,90.74,0.0,0.0,0.0
HACARÍ,2018,0.0,227452.14,0.0,0.0
HACARÍ,2019,0.0,0.0,0.0,0.0
HACARÍ,2020,0.0,0.0,0.0,0.0
HACARÍ,2021,0.0,0.0,0.0,0.0
HACARÍ,2022,0.0,0.0,0.0,0.0
HACARÍ,2023,0.0,0.0,0.0,0.0
HATILLO DE LOBA,2017,90.48,0.0,0.0,0.0
HATILLO DE LOBA,2018,0.0,474053.13,0.0,0.0
HATILLO DE LOBA,2019,0.0,0.0,0.0,0.0
HATILLO DE LOBA,2020,0.0,0.0,0.0,0.0
HATILLO DE LOBA,2021,0.0,0.0,0.0,0.0
HATILLO DE LOBA,2022,0.0,0.0,0.0,0.0
HATILLO DE LOBA,2023,0.0,0.0,0.0,0.0
HATO,2017,92.58,0.0,0.0,0.0
HATO,2018,0.0,961463.94,0.0,0.0
HATO,2019,0.0,0.0,0.0,0.0
HATO,2020,0.0,0.0,0.0,0.0
HATO,2021,0.0,0.0,0.0,0.0
HATO,2022,0.0,0.0,0.0,0.0
HATO,2023,0.0,0.0,0.0,0.0
HATO COROZAL,2017,84.07,0.0,0.0,0.0
HATO COROZAL,2018,0.0,420203.53,0.0,0.0
HATO COROZAL,2019,0.0,0.0,0.0,0.0
HATO COROZAL,2020,0.0,0.0,0.0,0.0
HATO COROZAL,2021,0.0,0.0,0.0,0.0
HATO COROZAL,2022,0.0,0.0,0.0,0.0
HATO COROZAL,2023,0.0,0.0,0.0,0.0
HATONUEVO,2017,89.77,0.0,0.0,0.0
HATONUEVO,2018,0.0,383189.92,0.0,0.0
HATONUEVO,2019,0.0,0.0,0.0,0.0
HATONUEVO,2020,0.0,0.0,0.0,0.0
HATONUEVO,2021,0.0,0.0,0.0,0.0
HATONUEVO,2022,0.0,0.0,0.0,0.0
HATONUEVO,2023,0.0,0.0,0.0,0.0
HELICONIA,2017,0.0,0.0,0.0,0.0
HELICONIA,2018,0.0,0.0,0.0,0.0
HELICONIA,2019,0.0,0.0,0.0,0.0
HELICONIA,2020,0.0,0.0,0.0,0.0
HELICONIA,2021,0.0,0.0,0.0,0.0
HELICONIA,2022,0.0,0.0,0.0,0.0
HELICONIA,2023,0.0,0.0,0.0,0.0
HERRÁN,2017,91.98,0.0,0.0,0.0
HERRÁN,2018,0.0,274823.01,0.0,0.0
HERRÁN,2019,0.0,0.0,0.0,0.0
HERRÁN,2020,0.0,0.0,0.0,0.0
HERRÁN,2021,0.0,0.0,0.0,0.0
HERRÁN,2022,0.0,0.0,0.0,0.0
HERRÁN,2023,0.0,0.0,0.0,0.0
HERVEO,2017,0.0,0.0,0.0,0.0
HERVEO,2018,0.0,0.0,0.0,0.0
HERVEO,2019,0.0,0.0,0.0,0.0
HERVEO,2020,0.0,0.0,0.0,0.0
HERVEO,2021,0.0,0.0,0.0,0.0
HERVEO,2022,0.0,0.0,0.0,0.0
HERVEO,2023,0.0,0.0,0.0,0.0
HISPANIA,2017,0.0,0.0,0.0,0.0
HISPANIA,2018,0.0,0.0,0.0,0.0
HISPANIA,2019,0.0,0.0,0.0,0.0
HISPANIA,2020,0.0,0.0,0.0,0.0
HISPANIA,2021,0.0,0.0,0.0,0.0
HISPANIA,2022,0.0,0.0,0.0,0.0
HISPANIA,2023,0.0,0.0,0.0,0.0
HOBO,2017,0.0,0.0,0.0,0.0
HOBO,2018,0.0,0.0,0.0,0.0
HOBO,2019,0.0,0.0,0.0,0.0
HOBO,2020,0.0,0.0,0.0,0.0
HOBO,2021,0.0,0.0,0.0,0.0
HOBO,2022,0.0,0.0,0.0,0.0
HOBO,2023,0.0,0.0,0.0,0.0
HONDA,2017,89.88,0.0,0.0,0.0
HONDA,2018,0.0,112144.83,0.0,0.0
HONDA,2019,0.0,0.0,0.0,0.0
HONDA,2020,0.0,0.0,0.0,0.0
HONDA,2021,0.0,0.0,0.0,0.0
HONDA,2022,0.0,0.0,0.0,0.0
HONDA,2023,0.0,0.0,0.0,0.0
IBAGUÉ,2017,13.28,0.0,0.0,0.0
IBAGUÉ,2018,0.0,45967.96,0.0,0.0
IBAGUÉ,2019,0.0,0.0,0.0,0.0
IBAGUÉ,2020,0.0,0.0,0.0,0.0
IBAGUÉ,2021,0.0,0.0,0.0,0.0
IBAGUÉ,2022,0.0,0.0,0.0,0.0
IBAGUÉ,2023,0.0,0.0,0.0,0.0
ICONONZO,2017,84.39,0.0,0.0,0.0
ICONONZO,2018,0.0,3078611.89,0.0,0.0
ICONONZO,2019,0.0,0.0,0.0,0.0
ICONONZO,2020,0.0,0.0,0.0,0.0
ICONONZO,2021,0.0,0.0,0.0,0.0
ICONONZO,2022,0.0,0.0,0.0,0.0
ICONONZO,2023,0.0,0.0,0.0,0.0
ILES,2017,0.0,0.0,0.0,0.0
ILES,2018,0.0,0.0,0.0,0.0
ILES,2019,0.0,0.0,0.0,0.0
ILES,2020,0.0,0.0,0.0,0.0
ILES,2021,0.0,0.0,0.0,0.0
ILES,2022,0.0,0.0,0.0,0.0
ILES,2023,0.0,0.0,0.0,0.0
IMUÉS,2017,0.0,0.0,0.0,0.0
IMUÉS,2018,0.0,0.0,0.0,0.0
IMUÉS,2019,0.0,0.0,0.0,0.0
IMUÉS,2020,0.0,0.0,0.0,0.0
IMUÉS,2021,0.0,0.0,0.0,0.0
IMUÉS,2022,0.0,0.0,0.0,0.0
IMUÉS,2023,0.0,0.0,0.0,0.0
INZÁ,2017,0.0,0.0,0.0,0.0
INZÁ,2018,0.0,0.0,0.0,0.0
INZÁ,2019,0.0,0.0,0.0,0.0
INZÁ,2020,0.0,0.0,0.0,0.0
INZÁ,2021,0.0,0.0,0.0,0.0
INZÁ,2022,0.0,0.0,0.0,0.0
INZÁ,2023,0.0,0.0,0.0,0.0
INÍRIDA,2017,94.42,0.0,0.0,0.0
INÍRIDA,2018,0.0,729754.63,0.0,0.0
INÍRIDA,2019,0.0,0.0,0.0,0.0
INÍRIDA,2020,0.0,0.0,0.0,0.0
INÍRIDA,2021,0.0,0.0,0.0,0.0
INÍRIDA,2022,0.0,0.0,0.0,0.0
INÍRIDA,2023,0.0,0.0,0.0,0.0
IPIALES,2017,0.0,0.0,0.0,0.0
IPIALES,2018,0.0,0.0,0.0,0.0
IPIALES,2019,0.0,0.0,0.0,0.0
IPIALES,2020,0.0,0.0,0.0,0.0
IPIALES,2021,0.0,0.0,0.0,0.0
IPIALES,2022,0.0,0.0,0.0,0.0
IPIALES,2023,0.0,0.0,0.0,0.0
ISNOS,2017,0.0,0.0,0.0,0.0
ISNOS,2018,0.0,0.0,0.0,0.0
ISNOS,2019,0.0,0.0,0.0,0.0
ISNOS,2020,0.0,0.0,0.0,0.0
ISNOS,2021,0.0,0.0,0.0,0.0
ISNOS,2022,0.0,0.0,0.0,0.0
ISNOS,2023,0.0,0.0,0.0,0.0
ISTMINA,2017,0.0,0.0,0.0,0.0
ISTMINA,2018,0.0,0.0,0.0,0.0
ISTMINA,2019,0.0,0.0,0.0,0.0
ISTMINA,2020,0.0,0.0,0.0,0.0
ISTMINA,2021,0.0,0.0,0.0,0.0
ISTMINA,2022,0.0,0.0,0.0,0.0
ISTMINA,2023,0.0,0.0,0.0,0.0
ITAGÜÍ,2017,0.0,0.0,0.0,0.0
ITAGÜÍ,2018,0.0,0.0,0.0,0.0
ITAGÜÍ,2019,0.0,0.0,0.0,0.0
ITAGÜÍ,2020,0.0,0.0,0.0,0.0
ITAGÜÍ,2021,0.0,0.0,0.0,0.0
ITAGÜÍ,2022,0.0,0.0,0.0,0.0
ITAGÜÍ,2023,0.0,0.0,0.0,0.0
ITUANGO,2017,0.0,0.0,0.0,0.0
ITUANGO,2018,0.0,0.0,0.0,0.0
ITUANGO,2019,0.0,0.0,0.0,0.0
ITUANGO,2020,0.0,0.0,0.0,0.0
ITUANGO,2021,0.0,0.0,0.0,0.0
ITUANGO,2022,0.0,0.0,0.0,0.0
ITUANGO,2023,0.0,0.0,0.0,0.0
IZA,2017,86.28,0.0,0.0,0.0
IZA,2018,0.0,465681.8,0.0,0.0
IZA,2019,0.0,0.0,0.0,0.0
IZA,2020,0.0,0.0,0.0,0.0
IZA,2021,0.0,0.0,0.0,0.0
IZA,2022,0.0,0.0,0.0,0.0
IZA,2023,0.0,0.0,0.0,0.0
JAMBALÓ,2017,0.0,0.0,0.0,0.0
JAMBALÓ,2018,0.0,0.0,0.0,0.0
JAMBALÓ,2019,0.0,0.0,0.0,0.0
JAMBALÓ,2020,0.0,0.0,0.0,0.0
JAMBALÓ,2021,0.0,0.0,0.0,0.0
JAMBALÓ,2022,0.0,0.0,0.0,0.0
JAMBALÓ,2023,0.0,0.0,0.0,0.0
JAMUNDÍ,2017,0.0,0.0,0.0,0.0
JAMUNDÍ,2018,0.0,0.0,0.0,0.0
JAMUNDÍ,2019,0.0,0.0,0.0,0.0
JAMUNDÍ,2020,0.0,0.0,0.0,0.0
JAMUNDÍ,2021,0.0,0.0,0.0,0.0
JAMUNDÍ,2022,0.0,0.0,0.0,0.0
JAMUNDÍ,2023,0.0,0.0,0.0,0.0
JARDÍN,2017,0.0,0.0,0.0,0.0
JARDÍN,2018,0.0,0.0,0.0,0.0
JARDÍN,2019,0.0,0.0,0.0,0.0
JARDÍN,2020,0.0,0.0,0.0,0.0
JARDÍN,2021,0.0,0.0,0.0,0.0
JARDÍN,2022,0.0,0.0,0.0,0.0
JARDÍN,2023,0.0,0.0,0.0,0.0
JENESANO,2017,93.46,0.0,0.0,0.0
JENESANO,2018,0.0,329337.86,0.0,0.0
JENESANO,2019,0.0,0.0,0.0,0.0
JENESANO,2020,0.0,0.0,0.0,0.0
JENESANO,2021,0.0,0.0,0.0,0.0
JENESANO,2022,0.0,0.0,0.0,0.0
JENESANO,2023,0.0,0.0,0.0,0.0
JERICÓ,2017,0.0,0.0,0.0,0.0
JERICÓ,2017,0.0,0.0,0.0,0.0
JERICÓ,2017,0.0,0.0,0.0,0.0
JERICÓ,2017,0.0,0.0,0.0,0.0
JERICÓ,2017,0.0,0.0,0.0,0.0
JERICÓ,2017,0.0,0.0,0.0,0.0
JERICÓ,2017,0.0,0.0,0.0,0.0
JERICÓ,2017,0.0,0.0,0.0,0.0
JERICÓ,2017,80.71,0.0,0.0,0.0
JERICÓ,2017,80.71,0.0,0.0,0.0
JERICÓ,2017,80.71,0.0,0.0,0.0
JERICÓ,2017,80.71,0.0,0.0,0.0
JERICÓ,2017,80.71,0.0,0.0,0.0
JERICÓ,2017,80.71,0.0,0.0,0.0
JERICÓ,2017,80.71,0.0,0.0,0.0
JERICÓ,2017,80.71,0.0,0.0,0.0
JERICÓ,2018,0.0,0.0,0.0,0.0
JERICÓ,2018,0.0,0.0,0.0,0.0
JERICÓ,2018,0.0,0.0,0.0,0.0
JERICÓ,2018,0.0,0.0,0.0,0.0
JERICÓ,2018,0.0,420692.25,0.0,0.0
JERICÓ,2018,0.0,420692.25,0.0,0.0
JERICÓ,2018,0.0,420692.25,0.0,0.0
JERICÓ,2018,0.0,420692.25,0.0,0.0
JERICÓ,2018,0.0,0.0,0.0,0.0
JERICÓ,2018,0.0,0.0,0.0,0.0
JERICÓ,2018,0.0,0.0,0.0,0.0
JERICÓ,2018,0.0,0.0,0.0,0.0
JERICÓ,2018,0.0,420692.25,0.0,0.0
JERICÓ,2018,0.0,420692.25,0.0,0.0
JERICÓ,2018,0.0,420692.25,0.0,0.0
JERICÓ,2018,0.0,420692.25,0.0,0.0
JERICÓ,2019,0.0,0.0,0.0,0.0
JERICÓ,2019,0.0,0.0,0.0,0.0
JERICÓ,2019,0.0,0.0,0.0,0.0
JERICÓ,2019,0.0,0.0,0.0,0.0
JERICÓ,2019,0.0,0.0,0.0,0.0
JERICÓ,2019,0.0,0.0,0.0,0.0
JERICÓ,2019,0.0,0.0,0.0,0.0
JERICÓ,2019,0.0,0.0,0.0,0.0
JERICÓ,2019,0.0,0.0,0.0,0.0
JERICÓ,2019,0.0,0.0,0.0,0.0
JERICÓ,2019,0.0,0.0,0.0,0.0
JERICÓ,2019,0.0,0.0,0.0,0.0
JERICÓ,2019,0.0,0.0,0.0,0.0
JERICÓ,2019,0.0,0.0,0.0,0.0
JERICÓ,2019,0.0,0.0,0.0,0.0
JERICÓ,2019,0.0,0.0,0.0,0.0
JERICÓ,2020,0.0,0.0,0.0,0.0
JERICÓ,2020,0.0,0.0,0.0,0.0
JERICÓ,2020,0.0,0.0,0.0,0.0
JERICÓ,2020,0.0,0.0,0.0,0.0
JERICÓ,2020,0.0,0.0,0.0,0.0
JERICÓ,2020,0.0,0.0,0.0,0.0
JERICÓ,2020,0.0,0.0,0.0,0.0
JERICÓ,2020,0.0,0.0,0.0,0.0
JERICÓ,2020,0.0,0.0,0.0,0.0
JERICÓ,2020,0.0,0.0,0.0,0.0
JERICÓ,2020,0.0,0.0,0.0,0.0
JERICÓ,2020,0.0,0.0,0.0,0.0
JERICÓ,2020,0.0,0.0,0.0,0.0
JERICÓ,2020,0.0,0.0,0.0,0.0
JERICÓ,2020,0.0,0.0,0.0,0.0
JERICÓ,2020,0.0,0.0,0.0,0.0
JERICÓ,2021,0.0,0.0,0.0,0.0
JERICÓ,2021,0.0,0.0,0.0,0.0
JERICÓ,2021,0.0,0.0,0.0,0.0
JERICÓ,2021,0.0,0.0,0.0,0.0
JERICÓ,2021,0.0,0.0,0.0,0.0
JERICÓ,2021,0.0,0.0,0.0,0.0
JERICÓ,2021,0.0,0.0,0.0,0.0
JERICÓ,2021,0.0,0.0,0.0,0.0
JERICÓ,2021,0.0,0.0,0.0,0.0
JERICÓ,2021,0.0,0.0,0.0,0.0
JERICÓ,2021,0.0,0.0,0.0,0.0
JERICÓ,2021,0.0,0.0,0.0,0.0
JERICÓ,2021,0.0,0.0,0.0,0.0
JERICÓ,2021,0.0,0.0,0.0,0.0
JERICÓ,2021,0.0,0.0,0.0,0.0
JERICÓ,2021,0.0,0.0,0.0,0.0
JERICÓ,2022,0.0,0.0,0.0,0.0
JERICÓ,2022,0.0,0.0,0.0,0.0
JERICÓ,2022,0.0,0.0,0.0,0.0
JERICÓ,2022,0.0,0.0,0.0,0.0
JERICÓ,2022,0.0,0.0,0.0,0.0
JERICÓ,2022,0.0,0.0,0.0,0.0
JERICÓ,2022,0.0,0.0,0.0,0.0
JERICÓ,2022,0.0,0.0,0.0,0.0
JERICÓ,2022,0.0,0.0,0.0,0.0
JERICÓ,2022,0.0,0.0,0.0,0.0
JERICÓ,2022,0.0,0.0,0.0,0.0
JERICÓ,2022,0.0,0.0,0.0,0.0
JERICÓ,2022,0.0,0.0,0.0,0.0
JERICÓ,2022,0.0,0.0,0.0,0.0
JERICÓ,2022,0.0,0.0,0.0,0.0
JERICÓ,2022,0.0,0.0,0.0,0.0
JERICÓ,2023,0.0,0.0,0.0,0.0
JERICÓ,2023,0.0,0.0,0.0,0.0
JERICÓ,2023,0.0,0.0,0.0,0.0
JERICÓ,2023,0.0,0.0,0.0,0.0
JERICÓ,2023,0.0,0.0,0.0,0.0
JERICÓ,2023,0.0,0.0,0.0,0.0
JERICÓ,2023,0.0,0.0,0.0,0.0
JERICÓ,2023,0.0,0.0,0.0,0.0
JERICÓ,2023,0.0,0.0,0.0,0.0
JERICÓ,2023,0.0,0.0,0.0,0.0
JERICÓ,2023,0.0,0.0,0.0,0.0
JERICÓ,2023,0.0,0.0,0.0,0.0
JERICÓ,2023,0.0,0.0,0.0,0.0
JERICÓ,2023,0.0,0.0,0.0,0.0
JERICÓ,2023,0.0,0.0,0.0,0.0
JERICÓ,2023,0.0,0.0,0.0,0.0
JERUSALÉN,2017,86.02,0.0,0.0,0.0
JERUSALÉN,2018,0.0,208392.06,0.0,0.0
JERUSALÉN,2019,0.0,0.0,0.0,0.0
JERUSALÉN,2020,0.0,0.0,0.0,0.0
JERUSALÉN,2021,0.0,0.0,0.0,0.0
JERUSALÉN,2022,0.0,0.0,0.0,0.0
JERUSALÉN,2023,0.0,0.0,0.0,0.0
JESÚS MARÍA,2017,,,,
JESÚS MARÍA,2018,,,,
JESÚS MARÍA,2019,,,,
JESÚS MARÍA,2020,,,,
JESÚS MARÍA,2021,,,,
JESÚS MARÍA,2022,,,,
JESÚS MARÍA,2023,,,,
JORDÁN,2017,93.83,0.0,0.0,0.0
JORDÁN,2018,0.0,649962.35,0.0,0.0
JORDÁN,2019,0.0,0.0,0.0,0.0
JORDÁN,2020,0.0,0.0,0.0,0.0
JORDÁN,2021,0.0,0.0,0.0,0.0
JORDÁN,2022,0.0,0.0,0.0,0.0
JORDÁN,2023,0.0,0.0,0.0,0.0
JUAN DE ACOSTA,2017,89.69,334188.1,30.39,24.17
JUAN DE ACOSTA,2018,88.66,241351.89,30.65,24.14
JUAN DE ACOSTA,2019,87.8,214347.75,31.08,24.43
JUAN DE ACOSTA,2020,88.48,300657.84,30.61,24.23
JUAN DE ACOSTA,2021,88.75,314017.84,30.23,23.98
JUAN DE ACOSTA,2022,90.12,447573.3,30.03,23.81
JUAN DE ACOSTA,2023,88.97,275412.43,30.91,24.37
JUNÍN,2017,90.66,0.0,0.0,0.0
JUNÍN,2018,0.0,673515.22,0.0,0.0
JUNÍN,2019,0.0,0.0,0.0,0.0
JUNÍN,2020,0.0,0.0,0.0,0.0
JUNÍN,2021,0.0,0.0,0.0,0.0
JUNÍN,2022,0.0,0.0,0.0,0.0
JUNÍN,2023,0.0,0.0,0.0,0.0
JURADÓ,2017,0.0,0.0,0.0,0.0
JURADÓ,2018,0.0,0.0,0.0,0.0
JURADÓ,2019,0.0,0.0,0.0,0.0
JURADÓ,2020,0.0,0.0,0.0,0.0
JURADÓ,2021,0.0,0.0,0.0,0.0
JURADÓ,2022,0.0,0.0,0.0,0.0
JURADÓ,2023,0.0,0.0,0.0,0.0
LA APARTADA,2017,0.0,0.0,0.0,0.0
LA APARTADA,2018,0.0,0.0,0.0,0.0
LA APARTADA,2019,0.0,0.0,0.0,0.0
LA APARTADA,2020,0.0,0.0,0.0,0.0
LA APARTADA,2021,0.0,0.0,0.0,0.0
LA APARTADA,2022,0.0,0.0,0.0,0.0
LA APARTADA,2023,0.0,0.0,0.0,0.0
LA ARGENTINA,2017,0.0,0.0,0.0,0.0
LA ARGENTINA,2018,0.0,0.0,0.0,0.0
LA ARGENTINA,2019,0.0,0.0,0.0,0.0
LA ARGENTINA,2020,0.0,0.0,0.0,0.0
LA ARGENTINA,2021,0.0,0.0,0.0,0.0
LA ARGENTINA,2022,0.0,0.0,0.0,0.0
LA ARGENTINA,2023,0.0,0.0,0.0,0.0
LA BELLEZA,2017,88.63,0.0,0.0,0.0
LA BELLEZA,2018,0.0,749800.5,0.0,0.0
LA BELLEZA,2019,0.0,0.0,0.0,0.0
LA BELLEZA,2020,0.0,0.0,0.0,0.0
LA BELLEZA,2021,0.0,0.0,0.0,0.0
LA BELLEZA,2022,0.0,0.0,0.0,0.0
LA BELLEZA,2023,0.0,0.0,0.0,0.0
LA CALERA,2017,91.68,0.0,0.0,0.0
LA CALERA,2018,0.0,310410.35,0.0,0.0
LA CALERA,2019,0.0,0.0,0.0,0.0
LA CALERA,2020,0.0,0.0,0.0,0.0
LA CALERA,2021,0.0,0.0,0.0,0.0
LA CALERA,2022,0.0,0.0,0.0,0.0
LA CALERA,2023,0.0,0.0,0.0,0.0
LA CAPILLA,2017,,,,
LA CAPILLA,2018,,,,
LA CAPILLA,2019,,,,
LA CAPILLA,2020,,,,
LA CAPILLA,2021,,,,
LA CAPILLA,2022,,,,
LA CAPILLA,2023,,,,
LA CEJA,2017,,,,
LA CEJA,2018,,,,
LA CEJA,2019,,,,
LA CEJA,2020,,,,
LA CEJA,2021,,,,
LA CEJA,2022,,,,
LA CEJA,2023,,,,
LA CELIA,2017,0.0,0.0,0.0,0.0
LA CELIA,2018,0.0,0.0,0.0,0.0
LA CELIA,2019,0.0,0.0,0.0,0.0
LA CELIA,2020,0.0,0.0,0.0,0.0
LA CELIA,2021,0.0,0.0,0.0,0.0
LA CELIA,2022,0.0,0.0,0.0,0.0
LA CELIA,2023,0.0,0.0,0.0,0.0
LA CHORRERA,2017,95.69,0.0,0.0,0.0
LA CHORRERA,2018,0.0,720720.81,0.0,0.0
LA CHORRERA,2019,0.0,0.0,0.0,0.0
LA CHORRERA,2020,0.0,0.0,0.0,0.0
LA CHORRERA,2021,0.0,0.0,0.0,0.0
LA CHORRERA,2022,0.0,0.0,0.0,0.0
LA CHORRERA,2023,0.0,0.0,0.0,0.0
LA CRUZ,2017,0.0,0.0,0.0,0.0
LA CRUZ,2018,0.0,0.0,0.0,0.0
LA CRUZ,2019,0.0,0.0,0.0,0.0
LA CRUZ,2020,0.0,0.0,0.0,0.0
LA CRUZ,2021,0.0,0.0,0.0,0.0
LA CRUZ,2022,0.0,0.0,0.0,0.0
LA CRUZ,2023,0.0,0.0,0.0,0.0
LA CUMBRE,2017,0.0,0.0,0.0,0.0
LA CUMBRE,2018,0.0,0.0,0.0,0.0
LA CUMBRE,2019,0.0,0.0,0.0,0.0
LA CUMBRE,2020,0.0,0.0,0.0,0.0
LA CUMBRE,2021,0.0,0.0,0.0,0.0
LA CUMBRE,2022,0.0,0.0,0.0,0.0
LA CUMBRE,2023,0.0,0.0,0.0,0.0
LA DORADA,2017,95.04,0.0,0.0,0.0
LA DORADA,2018,0.0,229954.66,0.0,0.0
LA DORADA,2019,0.0,0.0,0.0,0.0
LA DORADA,2020,0.0,0.0,0.0,0.0
LA DORADA,2021,0.0,0.0,0.0,0.0
LA DORADA,2022,0.0,0.0,0.0,0.0
LA DORADA,2023,0.0,0.0,0.0,0.0
LA ESPERANZA,2017,85.8,0.0,0.0,0.0
LA ESPERANZA,2018,0.0,989394.8,0.0,0.0
LA ESPERANZA,2019,0.0,0.0,0.0,0.0
LA ESPERANZA,2020,0.0,0.0,0.0,0.0
LA ESPERANZA,2021,0.0,0.0,0.0,0.0
LA ESPERANZA,2022,0.0,0.0,0.0,0.0
LA ESPERANZA,2023,0.0,0.0,0.0,0.0
LA ESTRELLA,2017,,,,
LA ESTRELLA,2018,,,,
LA ESTRELLA,2019,,,,
LA ESTRELLA,2020,,,,
LA ESTRELLA,2021,,,,
LA ESTRELLA,2022,,,,
LA ESTRELLA,2023,,,,
LA FLORIDA,2017,0.0,0.0,0.0,0.0
LA FLORIDA,2018,0.0,0.0,0.0,0.0
LA FLORIDA,2019,0.0,0.0,0.0,0.0
LA FLORIDA,2020,0.0,0.0,0.0,0.0
LA FLORIDA,2021,0.0,0.0,0.0,0.0
LA FLORIDA,2022,0.0,0.0,0.0,0.0
LA FLORIDA,2023,0.0,0.0,0.0,0.0
LA GLORIA,2017,88.36,0.0,0.0,0.0
LA GLORIA,2018,0.0,838216.9,0.0,0.0
LA GLORIA,2019,0.0,0.0,0.0,0.0
LA GLORIA,2020,0.0,0.0,0.0,0.0
LA GLORIA,2021,0.0,0.0,0.0,0.0
LA GLORIA,2022,0.0,0.0,0.0,0.0
LA GLORIA,2023,0.0,0.0,0.0,0.0
LA GUADALUPE,2017,98.83,0.0,0.0,0.0
LA GUADALUPE,2018,0.0,880724.25,0.0,0.0
LA GUADALUPE,2019,0.0,0.0,0.0,0.0
LA GUADALUPE,2020,0.0,0.0,0.0,0.0
LA GUADALUPE,2021,0.0,0.0,0.0,0.0
LA GUADALUPE,2022,0.0,0.0,0.0,0.0
LA GUADALUPE,2023,0.0,0.0,0.0,0.0
LA JAGUA DE IBIRICO,2017,87.18,0.0,0.0,0.0
LA JAGUA DE IBIRICO,2018,0.0,445164.92,0.0,0.0
LA JAGUA DE IBIRICO,2019,0.0,0.0,0.0,0.0
LA JAGUA DE IBIRICO,2020,0.0,0.0,0.0,0.0
LA JAGUA DE IBIRICO,2021,0.0,0.0,0.0,0.0
LA JAGUA DE IBIRICO,2022,0.0,0.0,0.0,0.0
LA JAGUA DE IBIRICO,2023,0.0,0.0,0.0,0.0
LA JAGUA DEL PILAR,2017,76.3,0.0,0.0,0.0
LA JAGUA DEL PILAR,2018,0.0,914325.04,0.0,0.0
LA JAGUA DEL PILAR,2019,0.0,0.0,0.0,0.0
LA JAGUA DEL PILAR,2020,0.0,0.0,0.0,0.0
LA JAGUA DEL PILAR,2021,0.0,0.0,0.0,0.0
LA JAGUA DEL PILAR,2022,0.0,0.0,0.0,0.0
LA JAGUA DEL PILAR,2023,0.0,0.0,0.0,0.0
LA LLANADA,2017,0.0,0.0,0.0,0.0
LA LLANADA,2018,0.0,0.0,0.0,0.0
LA LLANADA,2019,0.0,0.0,0.0,0.0
LA LLANADA,2020,0.0,0.0,0.0,0.0
LA LLANADA,2021,0.0,0.0,0.0,0.0
LA LLANADA,2022,0.0,0.0,0.0,0.0
LA LLANADA,2023,0.0,0.0,0.0,0.0
LA MACARENA,2017,92.32,0.0,0.0,0.0
LA MACARENA,2018,0.0,681926.79,0.0,0.0
LA MACARENA,2019,0.0,0.0,0.0,0.0
LA MACARENA,2020,0.0,0.0,0.0,0.0
LA MACARENA,2021,0.0,0.0,0.0,0.0
LA MACARENA,2022,0.0,0.0,0.0,0.0
LA MACARENA,2023,0.0,0.0,0.0,0.0
LA MERCED,2017,,,,
LA MERCED,2018,,,,
LA MERCED,2019,,,,
LA MERCED,2020,,,,
LA MERCED,2021,,,,
LA MERCED,2022,,,,
LA MERCED,2023,,,,
LA MESA,2017,79.16,0.0,0.0,0.0
LA MESA,2018,0.0,1382319.52,0.0,0.0
LA MESA,2019,0.0,0.0,0.0,0.0
LA MESA,2020,0.0,0.0,0.0,0.0
LA MESA,2021,0.0,0.0,0.0,0.0
LA MESA,2022,0.0,0.0,0.0,0.0
LA MESA,2023,0.0,0.0,0.0,0.0
LA MONTAÑITA,2017,29.08,0.0,0.0,0.0
LA MONTAÑITA,2018,0.0,257686.5,0.0,0.0
LA MONTAÑITA,2019,0.0,0.0,0.0,0.0
LA MONTAÑITA,2020,0.0,0.0,0.0,0.0
LA MONTAÑITA,2021,0.0,0.0,0.0,0.0
LA MONTAÑITA,2022,0.0,0.0,0.0,0.0
LA MONTAÑITA,2023,0.0,0.0,0.0,0.0
LA PALMA,2017,92.9,0.0,0.0,0.0
LA PALMA,2018,0.0,451545.34,0.0,0.0
LA PALMA,2019,0.0,0.0,0.0,0.0
LA PALMA,2020,0.0,0.0,0.0,0.0
LA PALMA,2021,0.0,0.0,0.0,0.0
LA PALMA,2022,0.0,0.0,0.0,0.0
LA PALMA,2023,0.0,0.0,0.0,0.0
LA PAZ,2017,79.66,0.0,0.0,0.0
LA PAZ,2017,79.66,0.0,0.0,0.0
LA PAZ,2017,79.66,0.0,0.0,0.0
LA PAZ,2017,79.66,0.0,0.0,0.0
LA PAZ,2017,79.66,0.0,0.0,0.0
LA PAZ,2017,79.66,0.0,0.0,0.0
LA PAZ,2017,79.66,0.0,0.0,0.0
LA PAZ,2017,79.66,0.0,0.0,0.0
LA PAZ,2017,90.29,0.0,0.0,0.0
LA PAZ,2017,90.29,0.0,0.0,0.0
LA PAZ,2017,90.29,0.0,0.0,0.0
LA PAZ,2017,90.29,0.0,0.0,0.0
LA PAZ,2017,90.29,0.0,0.0,0.0
LA PAZ,2017,90.29,0.0,0.0,0.0
LA PAZ,2017,90.29,0.0,0.0,0.0
LA PAZ,2017,90.29,0.0,0.0,0.0
LA PAZ,2018,0.0,726432.97,0.0,0.0
LA PAZ,2018,0.0,726432.97,0.0,0.0
LA PAZ,2018,0.0,726432.97,0.0,0.0
LA PAZ,2018,0.0,726432.97,0.0,0.0
LA PAZ,2018,0.0,699473.1,0.0,0.0
LA PAZ,2018,0.0,699473.1,0.0,0.0
LA PAZ,2018,0.0,699473.1,0.0,0.0
LA PAZ,2018,0.0,699473.1,0.0,0.0
LA PAZ,2018,0.0,726432.97,0.0,0.0
LA PAZ,2018,0.0,726432.97,0.0,0.0
LA PAZ,2018,0.0,726432.97,0.0,0.0
LA PAZ,2018,0.0,726432.97,0.0,0.0
LA PAZ,2018,0.0,699473.1,0.0,0.0
LA PAZ,2018,0.0,699473.1,0.0,0.0
LA PAZ,2018,0.0,699473.1,0.0,0.0
LA PAZ,2018,0.0,699473.1,0.0,0.0
LA PAZ,2019,0.0,0.0,0.0,0.0
LA PAZ,2019,0.0,0.0,0.0,0.0
LA PAZ,2019,0.0,0.0,0.0,0.0
LA PAZ,2019,0.0,0.0,0.0,0.0
LA PAZ,2019,0.0,0.0,0.0,0.0
LA PAZ,2019,0.0,0.0,0.0,0.0
LA PAZ,2019,0.0,0.0,0.0,0.0
LA PAZ,2019,0.0,0.0,0.0,0.0
LA PAZ,2019,0.0,0.0,0.0,0.0
LA PAZ,2019,0.0,0.0,0.0,0.0
LA PAZ,2019,0.0,0.0,0.0,0.0
LA PAZ,2019,0.0,0.0,0.0,0.0
LA PAZ,2019,0.0,0.0,0.0,0.0
LA PAZ,2019,0.0,0.0,0.0,0.0
LA PAZ,2019,0.0,0.0,0.0,0.0
LA PAZ,2019,0.0,0.0,0.0,0.0
LA PAZ,2020,0.0,0.0,0.0,0.0
LA PAZ,2020,0.0,0.0,0.0,0.0
LA PAZ,2020,0.0,0.0,0.0,0.0
LA PAZ,2020,0.0,0.0,0.0,0.0
LA PAZ,2020,0.0,0.0,0.0,0.0
LA PAZ,2020,0.0,0.0,0.0,0.0
LA PAZ,2020,0.0,0.0,0.0,0.0
LA PAZ,2020,0.0,0.0,0.0,0.0
LA PAZ,2020,0.0,0.0,0.0,0.0
LA PAZ,2020,0.0,0.0,0.0,0.0
LA PAZ,2020,0.0,0.0,0.0,0.0
LA PAZ,2020,0.0,0.0,0.0,0.0
LA PAZ,2020,0.0,0.0,0.0,0.0
LA PAZ,2020,0.0,0.0,0.0,0.0
LA PAZ,2020,0.0,0.0,0.0,0.0
LA PAZ,2020,0.0,0.0,0.0,0.0
LA PAZ,2021,0.0,0.0,0.0,0.0
LA PAZ,2021,0.0,0.0,0.0,0.0
LA PAZ,2021,0.0,0.0,0.0,0.0
LA PAZ,2021,0.0,0.0,0.0,0.0
LA PAZ,2021,0.0,0.0,0.0,0.0
LA PAZ,2021,0.0,0.0,0.0,0.0
LA PAZ,2021,0.0,0.0,0.0,0.0
LA PAZ,2021,0.0,0.0,0.0,0.0
LA PAZ,2021,0.0,0.0,0.0,0.0
LA PAZ,2021,0.0,0.0,0.0,0.0
LA PAZ,2021,0.0,0.0,0.0,0.0
LA PAZ,2021,0.0,0.0,0.0,0.0
LA PAZ,2021,0.0,0.0,0.0,0.0
LA PAZ,2021,0.0,0.0,0.0,0.0
LA PAZ,2021,0.0,0.0,0.0,0.0
LA PAZ,2021,0.0,0.0,0.0,0.0
LA PAZ,2022,0.0,0.0,0.0,0.0
LA PAZ,2022,0.0,0.0,0.0,0.0
LA PAZ,2022,0.0,0.0,0.0,0.0
LA PAZ,2022,0.0,0.0,0.0,0.0
LA PAZ,2022,0.0,0.0,0.0,0.0
LA PAZ,2022,0.0,0.0,0.0,0.0
LA PAZ,2022,0.0,0.0,0.0,0.0
LA PAZ,2022,0.0,0.0,0.0,0.0
LA PAZ,2022,0.0,0.0,0.0,0.0
LA PAZ,2022,0.0,0.0,0.0,0.0
LA PAZ,2022,0.0,0.0,0.0,0.0
LA PAZ,2022,0.0,0.0,0.0,0.0
LA PAZ,2022,0.0,0.0,0.0,0.0
LA PAZ,2022,0.0,0.0,0.0,0.0
LA PAZ,2022,0.0,0.0,0.0,0.0
LA PAZ,2022,0.0,0.0,0.0,0.0
LA PAZ,2023,0.0,0.0,0.0,0.0
LA PAZ,2023,0.0,0.0,0.0,0.0
LA PAZ,2023,0.0,0.0,0.0,0.0
LA PAZ,2023,0.0,0.0,0.0,0.0
LA PAZ,2023,0.0,0.0,0.0,0.0
LA PAZ,2023,0.0,0.0,0.0,0.0
LA PAZ,2023,0.0,0.0,0.0,0.0
LA PAZ,2023,0.0,0.0,0.0,0.0
LA PAZ,2023,0.0,0.0,0.0,0.0
LA PAZ,2023,0.0,0.0,0.0,0.0
LA PAZ,2023,0.0,0.0,0.0,0.0
LA PAZ,2023,0.0,0.0,0.0,0.0
LA PAZ,2023,0.0,0.0,0.0,0.0
LA PAZ,2023,0.0,0.0,0.0,0.0
LA PAZ,2023,0.0,0.0,0.0,0.0
LA PAZ,2023,0.0,0.0,0.0,0.0
LA PEDRERA,2017,95.3,0.0,0.0,0.0
LA PEDRERA,2018,0.0,785315.06,0.0,0.0
LA PEDRERA,2019,0.0,0.0,0.0,0.0
LA PEDRERA,2020,0.0,0.0,0.0,0.0
LA PEDRERA,2021,0.0,0.0,0.0,0.0
LA PEDRERA,2022,0.0,0.0,0.0,0.0
LA PEDRERA,2023,0.0,0.0,0.0,0.0
LA PEÑA,2017,84.15,0.0,0.0,0.0
LA PEÑA,2018,0.0,858200.55,0.0,0.0
LA PEÑA,2019,0.0,0.0,0.0,0.0
LA PEÑA,2020,0.0,0.0,0.0,0.0
LA PEÑA,2021,0.0,0.0,0.0,0.0
LA PEÑA,2022,0.0,0.0,0.0,0.0
LA PEÑA,2023,0.0,0.0,0.0,0.0
LA PINTADA,2017,0.0,0.0,0.0,0.0
LA PINTADA,2018,0.0,0.0,0.0,0.0
LA PINTADA,2019,0.0,0.0,0.0,0.0
LA PINTADA,2020,0.0,0.0,0.0,0.0
LA PINTADA,2021,0.0,0.0,0.0,0.0
LA PINTADA,2022,0.0,0.0,0.0,0.0
LA PINTADA,2023,0.0,0.0,0.0,0.0
LA PLATA,2017,0.0,0.0,0.0,0.0
LA PLATA,2018,0.0,0.0,0.0,0.0
LA PLATA,2019,0.0,0.0,0.0,0.0
LA PLATA,2020,0.0,0.0,0.0,0.0
LA PLATA,2021,0.0,0.0,0.0,0.0
LA PLATA,2022,0.0,0.0,0.0,0.0
LA PLATA,2023,0.0,0.0,0.0,0.0
LA PLAYA,2017,94.01,0.0,0.0,0.0
LA PLAYA,2018,0.0,227452.14,0.0,0.0
LA PLAYA,2019,0.0,0.0,0.0,0.0
LA PLAYA,2020,0.0,0.0,0.0,0.0
LA PLAYA,2021,0.0,0.0,0.0,0.0
LA PLAYA,2022,0.0,0.0,0.0,0.0
LA PLAYA,2023,0.0,0.0,0.0,0.0
LA PRIMAVERA,2017,85.01,0.0,0.0,0.0
LA PRIMAVERA,2018,0.0,548815.69,0.0,0.0
LA PRIMAVERA,2019,0.0,0.0,0.0,0.0
LA PRIMAVERA,2020,0.0,0.0,0.0,0.0
LA PRIMAVERA,2021,0.0,0.0,0.0,0.0
LA PRIMAVERA,2022,0.0,0.0,0.0,0.0
LA PRIMAVERA,2023,0.0,0.0,0.0,0.0
LA SALINA,2017,83.39,0.0,0.0,0.0
LA SALINA,2018,0.0,775666.06,0.0,0.0
LA SALINA,2019,0.0,0.0,0.0,0.0
LA SALINA,2020,0.0,0.0,0.0,0.0
LA SALINA,2021,0.0,0.0,0.0,0.0
LA SALINA,2022,0.0,0.0,0.0,0.0
LA SALINA,2023,0.0,0.0,0.0,0.0
LA SIERRA,2017,0.0,0.0,0.0,0.0
LA SIERRA,2018,0.0,0.0,0.0,0.0
LA SIERRA,2019,0.0,0.0,0.0,0.0
LA SIERRA,2020,0.0,0.0,0.0,0.0
LA SIERRA,2021,0.0,0.0,0.0,0.0
LA SIERRA,2022,0.0,0.0,0.0,0.0
LA SIERRA,2023,0.0,0.0,0.0,0.0
LA TEBAIDA,2017,0.0,0.0,0.0,0.0
LA TEBAIDA,2018,0.0,0.0,0.0,0.0
LA TEBAIDA,2019,0.0,0.0,0.0,0.0
LA TEBAIDA,2020,0.0,0.0,0.0,0.0
LA TEBAIDA,2021,0.0,0.0,0.0,0.0
LA TEBAIDA,2022,0.0,0.0,0.0,0.0
LA TEBAIDA,2023,0.0,0.0,0.0,0.0
LA TOLA,2017,0.0,0.0,0.0,0.0
LA TOLA,2018,0.0,0.0,0.0,0.0
LA TOLA,2019,0.0,0.0,0.0,0.0
LA TOLA,2020,0.0,0.0,0.0,0.0
LA TOLA,2021,0.0,0.0,0.0,0.0
LA TOLA,2022,0.0,0.0,0.0,0.0
LA TOLA,2023,0.0,0.0,0.0,0.0
LA UNIÓN,2017,0.0,0.0,0.0,0.0
LA UNIÓN,2017,0.0,0.0,0.0,0.0
LA UNIÓN,2017,0.0,0.0,0.0,0.0
LA UNIÓN,2017,0.0,0.0,0.0,
LA UNIÓN,2017,0.0,0.0,0.0,0.0
LA UNIÓN,2017,0.0,0.0,0.0,0.0
LA UNIÓN,2017,0.0,0.0,0.0,0.0
LA UNIÓN,2017,0.0,0.0,0.0,
LA UNIÓN,2017,0.0,0.0,0.0,0.0
LA UNIÓN,2017,0.0,0.0,0.0,0.0
LA UNIÓN,2017,0.0,0.0,0.0,0.0
LA UNIÓN,2017,0.0,0.0,0.0,
LA UNIÓN,2017,0.0,0.0,,0.0
LA UNIÓN,2017,0.0,0.0,,0.0
LA UNIÓN,2017,0.0,0.0,,0.0
LA UNIÓN,2017,0.0,0.0,,
LA UNIÓN,2017,0.0,0.0,0.0,0.0
LA UNIÓN,2017,0.0,0.0,0.0,0.0
LA UNIÓN,2017,0.0,0.0,0.0,0.0
LA UNIÓN,2017,0.0,0.0,0.0,
LA UNIÓN,2017,0.0,0.0,0.0,0.0
LA UNIÓN,2017,0.0,0.0,0.0,0.0
LA UNIÓN,2017,0.0,0.0,0.0,0.0
LA UNIÓN,2017,0.0,0.0,0.0,
LA UNIÓN,2017,0.0,0.0,0.0,0.0
LA UNIÓN,2017,0.0,0.0,0.0,0.0
LA UNIÓN,2017,0.0,0.0,0.0,0.0
LA UNIÓN,2017,0.0,0.0,0.0,
LA UNIÓN,2017,0.0,0.0,,0.0
LA UNIÓN,2017,0.0,0.0,,0.0
LA UNIÓN,2017,0.0,0.0,,0.0
LA UNIÓN,2017,0.0,0.0,,
LA UNIÓN,2017,0.0,0.0,0.0,0.0
LA UNIÓN,2017,0.0,0.0,0.0,0.0
LA UNIÓN,2017,0.0,0.0,0.0,0.0
LA UNIÓN,2017,0.0,0.0,0.0,
LA UNIÓN,2017,0.0,0.0,0.0,0.0
LA UNIÓN,2017,0.0,0.0,0.0,0.0
LA UNIÓN,2017,0.0,0.0,0.0,0.0
LA UNIÓN,2017,0.0,0.0,0.0,
LA UNIÓN,2017,0.0,0.0,0.0,0.0
LA UNIÓN,2017,0.0,0.0,0.0,0.0
LA UNIÓN,2017,0.0,0.0,0.0,0.0
LA UNIÓN,2017,0.0,0.0,0.0,
LA UNIÓN,2017,0.0,0.0,,0.0
LA UNIÓN,2017,0.0,0.0,,0.0
LA UNIÓN,2017,0.0,0.0,,0.0
LA UNIÓN,2017,0.0,0.0,,
LA UNIÓN,2017,0.0,,0.0,0.0
LA UNIÓN,2017,0.0,,0.0,0.0
LA UNIÓN,2017,0.0,,0.0,0.0
LA UNIÓN,2017,0.0,,0.0,
LA UNIÓN,2017,0.0,,0.0,0.0
LA UNIÓN,2017,0.0,,0.0,0.0
LA UNIÓN,2017,0.0,,0.0,0.0
LA UNIÓN,2017,0.0,,0.0,
LA UNIÓN,2017,0.0,,0.0,0.0
LA UNIÓN,2017,0.0,,0.0,0.0
LA UNIÓN,2017,0.0,,0.0,0.0
LA UNIÓN,2017,0.0,,0.0,
LA UNIÓN,2017,0.0,,,0.0
LA UNIÓN,2017,0.0,,,0.0
LA UNIÓN,2017,0.0,,,0.0
LA UNIÓN,2017,0.0,,,
LA UNIÓN,2017,0.0,0.0,0.0,0.0
LA UNIÓN,2017,0.0,0.0,0.0,0.0
LA UNIÓN,2017,0.0,0.0,0.0,0.0
LA UNIÓN,2017,0.0,0.0,0.0,
LA UNIÓN,2017,0.0,0.0,0.0,0.0
LA UNIÓN,2017,0.0,0.0,0.0,0.0
LA UNIÓN,2017,0.0,0.0,0.0,0.0
LA UNIÓN,2017,0.0,0.0,0.0,
LA UNIÓN,2017,0.0,0.0,0.0,0.0
LA UNIÓN,2017,0.0,0.0,0.0,0.0
LA UNIÓN,2017,0.0,0.0,0.0,0.0
LA UNIÓN,2017,0.0,0.0,0.0,
LA UNIÓN,2017,0.0,0.0,,0.0
LA UNIÓN,2017,0.0,0.0,,0.0
LA UNIÓN,2017,0.0,0.0,,0.0
LA UNIÓN,2017,0.0,0.0,,
LA UNIÓN,2017,0.0,0.0,0.0,0.0
LA UNIÓN,2017,0.0,0.0,0.0,0.0
LA UNIÓN,2017,0.0,0.0,0.0,0.0
LA UNIÓN,2017,0.0,0.0,0.0,
LA UNIÓN,2017,0.0,0.0,0.0,0.0
LA UNIÓN,2017,0.0,0.0,0.0,0.0
LA UNIÓN,2017,0.0,0.0,0.0,0.0
LA UNIÓN,2017,0.0,0.0,0.0,
LA UNIÓN,2017,0.0,0.0,0.0,0.0
LA UNIÓN,2017,0.0,0.0,0.0,0.0
LA UNIÓN,2017,0.0,0.0,0.0,0.0
LA UNIÓN,2017,0.0,0.0,0.0,
LA UNIÓN,2017,0.0,0.0,,0.0
LA UNIÓN,2017,0.0,0.0,,0.0
LA UNIÓN,2017,0.0,0.0,,0.0
LA UNIÓN,2017,0.0,0.0,,
LA UNIÓN,2017,0.0,0.0,0.0,0.0
LA UNIÓN,2017,0.0,0.0,0.0,0.0
LA UNIÓN,2017,0.0,0.0,0.0,0.0
LA UNIÓN,2017,0.0,0.0,0.0,
LA UNIÓN,2017,0.0,0.0,0.0,0.0
LA UNIÓN,2017,0.0,0.0,0.0,0.0
LA UNIÓN,2017,0.0,0.0,0.0,0.0
LA UNIÓN,2017,0.0,0.0,0.0,
LA UNIÓN,2017,0.0,0.0,0.0,0.0
LA UNIÓN,2017,0.0,0.0,0.0,0.0
LA UNIÓN,2017,0.0,0.0,0.0,0.0
LA UNIÓN,2017,0.0,0.0,0.0,
LA UNIÓN,2017,0.0,0.0,,0.0
LA UNIÓN,2017,0.0,0.0,,0.0
LA UNIÓN,2017,0.0,0.0,,0.0
LA UNIÓN,2017,0.0,0.0,,
LA UNIÓN,2017,0.0,,0.0,0.0
LA UNIÓN,2017,0.0,,0.0,0.0
LA UNIÓN,2017,0.0,,0.0,0.0
LA UNIÓN,2017,0.0,,0.0,
LA UNIÓN,2017,0.0,,0.0,0.0
LA UNIÓN,2017,0.0,,0.0,0.0
LA UNIÓN,2017,0.0,,0.0,0.0
LA UNIÓN,2017,0.0,,0.0,
LA UNIÓN,2017,0.0,,0.0,0.0
LA UNIÓN,2017,0.0,,0.0,0.0
LA UNIÓN,2017,0.0,,0.0,0.0
LA UNIÓN,2017,0.0,,0.0,
LA UNIÓN,2017,0.0,,,0.0
LA UNIÓN,2017,0.0,,,0.0
LA UNIÓN,2017,0.0,,,0.0
LA UNIÓN,2017,0.0,,,
LA UNIÓN,2017,0.0,0.0,0.0,0.0
LA UNIÓN,2017,0.0,0.0,0.0,0.0
LA UNIÓN,2017,0.0,0.0,0.0,0.0
LA UNIÓN,2017,0.0,0.0,0.0,
LA UNIÓN,2017,0.0,0.0,0.0,0.0
LA UNIÓN,2017,0.0,0.0,0.0,0.0
LA UNIÓN,2017,0.0,0.0,0.0,0.0
LA UNIÓN,2017,0.0,0.0,0.0,
LA UNIÓN,2017,0.0,0.0,0.0,0.0
LA UNIÓN,2017,0.0,0.0,0.0,0.0
LA UNIÓN,2017,0.0,0.0,0.0,0.0
LA UNIÓN,2017,0.0,0.0,0.0,
LA UNIÓN,2017,0.0,0.0,,0.0
LA UNIÓN,2017,0.0,0.0,,0.0
LA UNIÓN,2017,0.0,0.0,,0.0
LA UNIÓN,2017,0.0,0.0,,
LA UNIÓN,2017,0.0,0.0,0.0,0.0
LA UNIÓN,2017,0.0,0.0,0.0,0.0
LA UNIÓN,2017,0.0,0.0,0.0,0.0
LA UNIÓN,2017,0.0,0.0,0.0,
LA UNIÓN,2017,0.0,0.0,0.0,0.0
LA UNIÓN,2017,0.0,0.0,0.0,0.0
LA UNIÓN,2017,0.0,0.0,0.0,0.0
LA UNIÓN,2017,0.0,0.0,0.0,
LA UNIÓN,2017,0.0,0.0,0.0,0.0
LA UNIÓN,2017,0.0,0.0,0.0,0.0
LA UNIÓN,2017,0.0,0.0,0.0,0.0
LA UNIÓN,2017,0.0,0.0,0.0,
LA UNIÓN,2017,0.0,0.0,,0.0
LA UNIÓN,2017,0.0,0.0,,0.0
LA UNIÓN,2017,0.0,0.0,,0.0
LA UNIÓN,2017,0.0,0.0,,
LA UNIÓN,2017,0.0,0.0,0.0,0.0
LA UNIÓN,2017,0.0,0.0,0.0,0.0
LA UNIÓN,2017,0.0,0.0,0.0,0.0
LA UNIÓN,2017,0.0,0.0,0.0,
LA UNIÓN,2017,0.0,0.0,0.0,0.0
LA UNIÓN,2017,0.0,0.0,0.0,0.0
LA UNIÓN,2017,0.0,0.0,0.0,0.0
LA UNIÓN,2017,0.0,0.0,0.0,
LA UNIÓN,2017,0.0,0.0,0.0,0.0
LA UNIÓN,2017,0.0,0.0,0.0,0.0
LA UNIÓN,2017,0.0,0.0,0.0,0.0
LA UNIÓN,2017,0.0,0.0,0.0,
LA UNIÓN,2017,0.0,0.0,,0.0
LA UNIÓN,2017,0.0,0.0,,0.0
LA UNIÓN,2017,0.0,0.0,,0.0
LA UNIÓN,2017,0.0,0.0,,
LA UNIÓN,2017,0.0,,0.0,0.0
LA UNIÓN,2017,0.0,,0.0,0.0
LA UNIÓN,2017,0.0,,0.0,0.0
LA UNIÓN,2017,0.0,,0.0,
LA UNIÓN,2017,0.0,,0.0,0.0
LA UNIÓN,2017,0.0,,0.0,0.0
LA UNIÓN,2017,0.0,,0.0,0.0
LA UNIÓN,2017,0.0,,0.0,
LA UNIÓN,2017,0.0,,0.0,0.0
LA UNIÓN,2017,0.0,,0.0,0.0
LA UNIÓN,2017,0.0,,0.0,0.0
LA UNIÓN,2017,0.0,,0.0,
LA UNIÓN,2017,0.0,,,0.0
LA UNIÓN,2017,0.0,,,0.0
LA UNIÓN,2017,0.0,,,0.0
LA UNIÓN,2017,0.0,,,
LA UNIÓN,2017,,0.0,0.0,0.0
LA UNIÓN,2017,,0.0,0.0,0.0
LA UNIÓN,2017,,0.0,0.0,0.0
LA UNIÓN,2017,,0.0,0.0,
LA UNIÓN,2017,,0.0,0.0,0.0
LA UNIÓN,2017,,0.0,0.0,0.0
LA UNIÓN,2017,,0.0,0.0,0.0
LA UNIÓN,2017,,0.0,0.0,
LA UNIÓN,2017,,0.0,0.0,0.0
LA UNIÓN,2017,,0.0,0.0,0.0
LA UNIÓN,2017,,0.0,0.0,0.0
LA UNIÓN,2017,,0.0,0.0,
LA UNIÓN,2017,,0.0,,0.0
LA UNIÓN,2017,,0.0,,0.0
LA UNIÓN,2017,,0.0,,0.0
LA UNIÓN,2017,,0.0,,
LA UNIÓN,2017,,0.0,0.0,0.0
LA UNIÓN,2017,,0.0,0.0,0.0
LA UNIÓN,2017,,0.0,0.0,0.0
LA UNIÓN,2017,,0.0,0.0,
LA UNIÓN,2017,,0.0,0.0,0.0
LA UNIÓN,2017,,0.0,0.0,0.0
LA UNIÓN,2017,,0.0,0.0,0.0
LA UNIÓN,2017,,0.0,0.0,
LA UNIÓN,2017,,0.0,0.0,0.0
LA UNIÓN,2017,,0.0,0.0,0.0
LA UNIÓN,2017,,0.0,0.0,0.0
LA UNIÓN,2017,,0.0,0.0,
LA UNIÓN,2017,,0.0,,0.0
LA UNIÓN,2017,,0.0,,0.0
LA UNIÓN,2017,,0.0,,0.0
LA UNIÓN,2017,,0.0,,
LA UNIÓN,2017,,0.0,0.0,0.0
LA UNIÓN,2017,,0.0,0.0,0.0
LA UNIÓN,2017,,0.0,0.0,0.0
LA UNIÓN,2017,,0.0,0.0,
LA UNIÓN,2017,,0.0,0.0,0.0
LA UNIÓN,2017,,0.0,0.0,0.0
LA UNIÓN,2017,,0.0,0.0,0.0
LA UNIÓN,2017,,0.0,0.0,
LA UNIÓN,2017,,0.0,0.0,0.0
LA UNIÓN,2017,,0.0,0.0,0.0
LA UNIÓN,2017,,0.0,0.0,0.0
LA UNIÓN,2017,,0.0,0.0,
LA UNIÓN,2017,,0.0,,0.0
LA UNIÓN,2017,,0.0,,0.0
LA UNIÓN,2017,,0.0,,0.0
LA UNIÓN,2017,,0.0,,
LA UNIÓN,2017,,,0.0,0.0
LA UNIÓN,2017,,,0.0,0.0
LA UNIÓN,2017,,,0.0,0.0
LA UNIÓN,2017,,,0.0,
LA UNIÓN,2017,,,0.0,0.0
LA UNIÓN,2017,,,0.0,0.0
LA UNIÓN,2017,,,0.0,0.0
LA UNIÓN,2017,,,0.0,
LA UNIÓN,2017,,,0.0,0.0
LA UNIÓN,2017,,,0.0,0.0
LA UNIÓN,2017,,,0.0,0.0
LA UNIÓN,2017,,,0.0,
LA UNIÓN,2017,,,,0.0
LA UNIÓN,2017,,,,0.0
LA UNIÓN,2017,,,,0.0
LA UNIÓN,2017,,,,
LA UNIÓN,2018,0.0,0.0,0.0,0.0
LA UNIÓN,2018,0.0,0.0,0.0,0.0
LA UNIÓN,2018,0.0,0.0,0.0,0.0
LA UNIÓN,2018,0.0,0.0,0.0,
LA UNIÓN,2018,0.0,0.0,0.0,0.0
LA UNIÓN,2018,0.0,0.0,0.0,0.0
LA UNIÓN,2018,0.0,0.0,0.0,0.0
LA UNIÓN,2018,0.0,0.0,0.0,
LA UNIÓN,2018,0.0,0.0,0.0,0.0
LA UNIÓN,2018,0.0,0.0,0.0,0.0
LA UNIÓN,2018,0.0,0.0,0.0,0.0
LA UNIÓN,2018,0.0,0.0,0.0,
LA UNIÓN,2018,0.0,0.0,,0.0
LA UNIÓN,2018,0.0,0.0,,0.0
LA UNIÓN,2018,0.0,0.0,,0.0
LA UNIÓN,2018,0.0,0.0,,
LA UNIÓN,2018,0.0,0.0,0.0,0.0
LA UNIÓN,2018,0.0,0.0,0.0,0.0
LA UNIÓN,2018,0.0,0.0,0.0,0.0
LA UNIÓN,2018,0.0,0.0,0.0,
LA UNIÓN,2018,0.0,0.0,0.0,0.0
LA UNIÓN,2018,0.0,0.0,0.0,0.0
LA UNIÓN,2018,0.0,0.0,0.0,0.0
LA UNIÓN,2018,0.0,0.0,0.0,
LA UNIÓN,2018,0.0,0.0,0.0,0.0
LA UNIÓN,2018,0.0,0.0,0.0,0.0
LA UNIÓN,2018,0.0,0.0,0.0,0.0
LA UNIÓN,2018,0.0,0.0,0.0,
LA UNIÓN,2018,0.0,0.0,,0.0
LA UNIÓN,2018,0.0,0.0,,0.0
LA UNIÓN,2018,0.0,0.0,,0.0
LA UNIÓN,2018,0.0,0.0,,
LA UNIÓN,2018,0.0,0.0,0.0,0.0
LA UNIÓN,2018,0.0,0.0,0.0,0.0
LA UNIÓN,2018,0.0,0.0,0.0,0.0
LA UNIÓN,2018,0.0,0.0,0.0,
LA UNIÓN,2018,0.0,0.0,0.0,0.0
LA UNIÓN,2018,0.0,0.0,0.0,0.0
LA UNIÓN,2018,0.0,0.0,0.0,0.0
LA UNIÓN,2018,0.0,0.0,0.0,
LA UNIÓN,2018,0.0,0.0,0.0,0.0
LA UNIÓN,2018,0.0,0.0,0.0,0.0
LA UNIÓN,2018,0.0,0.0,0.0,0.0
LA UNIÓN,2018,0.0,0.0,0.0,
LA UNIÓN,2018,0.0,0.0,,0.0
LA UNIÓN,2018,0.0,0.0,,0.0
LA UNIÓN,2018,0.0,0.0,,0.0
LA UNIÓN,2018,0.0,0.0,,
LA UNIÓN,2018,0.0,,0.0,0.0
LA UNIÓN,2018,0.0,,0.0,0.0
LA UNIÓN,2018,0.0,,0.0,0.0
LA UNIÓN,2018,0.0,,0.0,
LA UNIÓN,2018,0.0,,0.0,0.0
LA UNIÓN,2018,0.0,,0.0,0.0
LA UNIÓN,2018,0.0,,0.0,0.0
LA UNIÓN,2018,0.0,,0.0,
LA UNIÓN,2018,0.0,,0.0,0.0
LA UNIÓN,2018,0.0,,0.0,0.0
LA UNIÓN,2018,0.0,,0.0,0.0
LA UNIÓN,2018,0.0,,0.0,
LA UNIÓN,2018,0.0,,,0.0
LA UNIÓN,2018,0.0,,,0.0
LA UNIÓN,2018,0.0,,,0.0
LA UNIÓN,2018,0.0,,,
LA UNIÓN,2018,0.0,0.0,0.0,0.0
LA UNIÓN,2018,0.0,0.0,0.0,0.0
LA UNIÓN,2018,0.0,0.0,0.0,0.0
LA UNIÓN,2018,0.0,0.0,0.0,
LA UNIÓN,2018,0.0,0.0,0.0,0.0
LA UNIÓN,2018,0.0,0.0,0.0,0.0
LA UNIÓN,2018,0.0,0.0,0.0,0.0
LA UNIÓN,2018,0.0,0.0,0.0,
LA UNIÓN,2018,0.0,0.0,0.0,0.0
LA UNIÓN,2018,0.0,0.0,0.0,0.0
LA UNIÓN,2018,0.0,0.0,0.0,0.0
LA UNIÓN,2018,0.0,0.0,0.0,
LA UNIÓN,2018,0.0,0.0,,0.0
LA UNIÓN,2018,0.0,0.0,,0.0
LA UNIÓN,2018,0.0,0.0,,0.0
LA UNIÓN,2018,0.0,0.0,,
LA UNIÓN,2018,0.0,0.0,0.0,0.0
LA UNIÓN,2018,0.0,0.0,0.0,0.0
LA UNIÓN,2018,0.0,0.0,0.0,0.0
LA UNIÓN,2018,0.0,0.0,0.0,
LA UNIÓN,2018,0.0,0.0,0.0,0.0
LA UNIÓN,2018,0.0,0.0,0.0,0.0
LA UNIÓN,2018,0.0,0.0,0.0,0.0
LA UNIÓN,2018,0.0,0.0,0.0,
LA UNIÓN,2018,0.0,0.0,0.0,0.0
LA UNIÓN,2018,0.0,0.0,0.0,0.0
LA UNIÓN,2018,0.0,0.0,0.0,0.0
LA UNIÓN,2018,0.0,0.0,0.0,
LA UNIÓN,2018,0.0,0.0,,0.0
LA UNIÓN,2018,0.0,0.0,,0.0
LA UNIÓN,2018,0.0,0.0,,0.0
LA UNIÓN,2018,0.0,0.0,,
LA UNIÓN,2018,0.0,0.0,0.0,0.0
LA UNIÓN,2018,0.0,0.0,0.0,0.0
LA UNIÓN,2018,0.0,0.0,0.0,0.0
LA UNIÓN,2018,0.0,0.0,0.0,
LA UNIÓN,2018,0.0,0.0,0.0,0.0
LA UNIÓN,2018,0.0,0.0,0.0,0.0
LA UNIÓN,2018,0.0,0.0,0.0,0.0
LA UNIÓN,2018,0.0,0.0,0.0,
LA UNIÓN,2018,0.0,0.0,0.0,0.0
LA UNIÓN,2018,0.0,0.0,0.0,0.0
LA UNIÓN,2018,0.0,0.0,0.0,0.0
LA UNIÓN,2018,0.0,0.0,0.0,
LA UNIÓN,2018,0.0,0.0,,0.0
LA UNIÓN,2018,0.0,0.0,,0.0
LA UNIÓN,2018,0.0,0.0,,0.0
LA UNIÓN,2018,0.0,0.0,,
LA UNIÓN,2018,0.0,,0.0,0.0
LA UNIÓN,2018,0.0,,0.0,0.0
LA UNIÓN,2018,0.0,,0.0,0.0
LA UNIÓN,2018,0.0,,0.0,
LA UNIÓN,2018,0.0,,0.0,0.0
LA UNIÓN,2018,0.0,,0.0,0.0
LA UNIÓN,2018,0.0,,0.0,0.0
LA UNIÓN,2018,0.0,,0.0,
LA UNIÓN,2018,0.0,,0.0,0.0
LA UNIÓN,2018,0.0,,0.0,0.0
LA UNIÓN,2018,0.0,,0.0,0.0
LA UNIÓN,2018,0.0,,0.0,
LA UNIÓN,2018,0.0,,,0.0
LA UNIÓN,2018,0.0,,,0.0
LA UNIÓN,2018,0.0,,,0.0
LA UNIÓN,2018,0.0,,,
LA UNIÓN,2018,0.0,0.0,0.0,0.0
LA UNIÓN,2018,0.0,0.0,0.0,0.0
LA UNIÓN,2018,0.0,0.0,0.0,0.0
LA UNIÓN,2018,0.0,0.0,0.0,
LA UNIÓN,2018,0.0,0.0,0.0,0.0
LA UNIÓN,2018,0.0,0.0,0.0,0.0
LA UNIÓN,2018,0.0,0.0,0.0,0.0
LA UNIÓN,2018,0.0,0.0,0.0,
LA UNIÓN,2018,0.0,0.0,0.0,0.0
LA UNIÓN,2018,0.0,0.0,0.0,0.0
LA UNIÓN,2018,0.0,0.0,0.0,0.0
LA UNIÓN,2018,0.0,0.0,0.0,
LA UNIÓN,2018,0.0,0.0,,0.0
LA UNIÓN,2018,0.0,0.0,,0.0
LA UNIÓN,2018,0.0,0.0,,0.0
LA UNIÓN,2018,0.0,0.0,,
LA UNIÓN,2018,0.0,0.0,0.0,0.0
LA UNIÓN,2018,0.0,0.0,0.0,0.0
LA UNIÓN,2018,0.0,0.0,0.0,0.0
LA UNIÓN,2018,0.0,0.0,0.0,
LA UNIÓN,2018,0.0,0.0,0.0,0.0
LA UNIÓN,2018,0.0,0.0,0.0,0.0
LA UNIÓN,2018,0.0,0.0,0.0,0.0
LA UNIÓN,2018,0.0,0.0,0.0,
LA UNIÓN,2018,0.0,0.0,0.0,0.0
LA UNIÓN,2018,0.0,0.0,0.0,0.0
LA UNIÓN,2018,0.0,0.0,0.0,0.0
LA UNIÓN,2018,0.0,0.0,0.0,
LA UNIÓN,2018,0.0,0.0,,0.0
LA UNIÓN,2018,0.0,0.0,,0.0
LA UNIÓN,2018,0.0,0.0,,0.0
LA UNIÓN,2018,0.0,0.0,,
LA UNIÓN,2018,0.0,0.0,0.0,0.0
LA UNIÓN,2018,0.0,0.0,0.0,0.0
LA UNIÓN,2018,0.0,0.0,0.0,0.0
LA UNIÓN,2018,0.0,0.0,0.0,
LA UNIÓN,2018,0.0,0.0,0.0,0.0
LA UNIÓN,2018,0.0,0.0,0.0,0.0
LA UNIÓN,2018,0.0,0.0,0.0,0.0
LA UNIÓN,2018,0.0,0.0,0.0,
LA UNIÓN,2018,0.0,0.0,0.0,0.0
LA UNIÓN,2018,0.0,0.0,0.0,0.0
LA UNIÓN,2018,0.0,0.0,0.0,0.0
LA UNIÓN,2018,0.0,0.0,0.0,
LA UNIÓN,2018,0.0,0.0,,0.0
LA UNIÓN,2018,0.0,0.0,,0.0
LA UNIÓN,2018,0.0,0.0,,0.0
LA UNIÓN,2018,0.0,0.0,,
LA UNIÓN,2018,0.0,,0.0,0.0
LA UNIÓN,2018,0.0,,0.0,0.0
LA UNIÓN,2018,0.0,,0.0,0.0
LA UNIÓN,2018,0.0,,0.0,
LA UNIÓN,2018,0.0,,0.0,0.0
LA UNIÓN,2018,0.0,,0.0,0.0
LA UNIÓN,2018,0.0,,0.0,0.0
LA UNIÓN,2018,0.0,,0.0,
LA UNIÓN,2018,0.0,,0.0,0.0
LA UNIÓN,2018,0.0,,0.0,0.0
LA UNIÓN,2018,0.0,,0.0,0.0
LA UNIÓN,2018,0.0,,0.0,
LA UNIÓN,2018,0.0,,,0.0
LA UNIÓN,2018,0.0,,,0.0
LA UNIÓN,2018,0.0,,,0.0
LA UNIÓN,2018,0.0,,,
LA UNIÓN,2018,,0.0,0.0,0.0
LA UNIÓN,2018,,0.0,0.0,0.0
LA UNIÓN,2018,,0.0,0.0,0.0
LA UNIÓN,2018,,0.0,0.0,
LA UNIÓN,2018,,0.0,0.0,0.0
LA UNIÓN,2018,,0.0,0.0,0.0
LA UNIÓN,2018,,0.0,0.0,0.0
LA UNIÓN,2018,,0.0,0.0,
LA UNIÓN,2018,,0.0,0.0,0.0
LA UNIÓN,2018,,0.0,0.0,0.0
LA UNIÓN,2018,,0.0,0.0,0.0
LA UNIÓN,2018,,0.0,0.0,
LA UNIÓN,2018,,0.0,,0.0
LA UNIÓN,2018,,0.0,,0.0
LA UNIÓN,2018,,0.0,,0.0
LA UNIÓN,2018,,0.0,,
LA UNIÓN,2018,,0.0,0.0,0.0
LA UNIÓN,2018,,0.0,0.0,0.0
LA UNIÓN,2018,,0.0,0.0,0.0
LA UNIÓN,2018,,0.0,0.0,
LA UNIÓN,2018,,0.0,0.0,0.0
LA UNIÓN,2018,,0.0,0.0,0.0
LA UNIÓN,2018,,0.0,0.0,0.0
LA UNIÓN,2018,,0.0,0.0,
LA UNIÓN,2018,,0.0,0.0,0.0
LA UNIÓN,2018,,0.0,0.0,0.0
LA UNIÓN,2018,,0.0,0.0,0.0
LA UNIÓN,2018,,0.0,0.0,
LA UNIÓN,2018,,0.0,,0.0
LA UNIÓN,2018,,0.0,,0.0
LA UNIÓN,2018,,0.0,,0.0
LA UNIÓN,2018,,0.0,,
LA UNIÓN,2018,,0.0,0.0,0.0
LA UNIÓN,2018,,0.0,0.0,0.0
LA UNIÓN,2018,,0.0,0.0,0.0
LA UNIÓN,2018,,0.0,0.0,
LA UNIÓN,2018,,0.0,0.0,0.0
LA UNIÓN,2018,,0.0,0.0,0.0
LA UNIÓN,2018,,0.0,0.0,0.0
LA UNIÓN,2018,,0.0,0.0,
LA UNIÓN,2018,,0.0,0.0,0.0
LA UNIÓN,2018,,0.0,0.0,0.0
LA UNIÓN,2018,,0.0,0.0,0.0
LA UNIÓN,2018,,0.0,0.0,
LA UNIÓN,2018,,0.0,,0.0
LA UNIÓN,2018,,0.0,,0.0
LA UNIÓN,2018,,0.0,,0.0
LA UNIÓN,2018,,0.0,,
LA UNIÓN,2018,,,0.0,0.0
LA UNIÓN,2018,,,0.0,0.0
LA UNIÓN,2018,,,0.0,0.0
LA UNIÓN,2018,,,0.0,
LA UNIÓN,2018,,,0.0,0.0
LA UNIÓN,2018,,,0.0,0.0
LA UNIÓN,2018,,,0.0,0.0
LA UNIÓN,2018,,,0.0,
LA UNIÓN,2018,,,0.0,0.0
LA UNIÓN,2018,,,0.0,0.0
LA UNIÓN,2018,,,0.0,0.0
LA UNIÓN,2018,,,0.0,
LA UNIÓN,2018,,,,0.0
LA UNIÓN,2018,,,,0.0
LA UNIÓN,2018,,,,0.0
LA UNIÓN,2018,,,,
LA UNIÓN,2019,0.0,0.0,0.0,0.0
LA UNIÓN,2019,0.0,0.0,0.0,0.0
LA UNIÓN,2019,0.0,0.0,0.0,0.0
LA UNIÓN,2019,0.0,0.0,0.0,
LA UNIÓN,2019,0.0,0.0,0.0,0.0
LA UNIÓN,2019,0.0,0.0,0.0,0.0
LA UNIÓN,2019,0.0,0.0,0.0,0.0
LA UNIÓN,2019,0.0,0.0,0.0,
LA UNIÓN,2019,0.0,0.0,0.0,0.0
LA UNIÓN,2019,0.0,0.0,0.0,0.0
LA UNIÓN,2019,0.0,0.0,0.0,0.0
LA UNIÓN,2019,0.0,0.0,0.0,
LA UNIÓN,2019,0.0,0.0,,0.0
LA UNIÓN,2019,0.0,0.0,,0.0
LA UNIÓN,2019,0.0,0.0,,0.0
LA UNIÓN,2019,0.0,0.0,,
LA UNIÓN,2019,0.0,0.0,0.0,0.0
LA UNIÓN,2019,0.0,0.0,0.0,0.0
LA UNIÓN,2019,0.0,0.0,0.0,0.0
LA UNIÓN,2019,0.0,0.0,0.0,
LA UNIÓN,2019,0.0,0.0,0.0,0.0
LA UNIÓN,2019,0.0,0.0,0.0,0.0
LA UNIÓN,2019,0.0,0.0,0.0,0.0
LA UNIÓN,2019,0.0,0.0,0.0,
LA UNIÓN,2019,0.0,0.0,0.0,0.0
LA UNIÓN,2019,0.0,0.0,0.0,0.0
LA UNIÓN,2019,0.0,0.0,0.0,0.0
LA UNIÓN,2019,0.0,0.0,0.0,
LA UNIÓN,2019,0.0,0.0,,0.0
LA UNIÓN,2019,0.0,0.0,,0.0
LA UNIÓN,2019,0.0,0.0,,0.0
LA UNIÓN,2019,0.0,0.0,,
LA UNIÓN,2019,0.0,0.0,0.0,0.0
LA UNIÓN,2019,0.0,0.0,0.0,0.0
LA UNIÓN,2019,0.0,0.0,0.0,0.0
LA UNIÓN,2019,0.0,0.0,0.0,
LA UNIÓN,2019,0.0,0.0,0.0,0.0
LA UNIÓN,2019,0.0,0.0,0.0,0.0
LA UNIÓN,2019,0.0,0.0,0.0,0.0
LA UNIÓN,2019,0.0,0.0,0.0,
LA UNIÓN,2019,0.0,0.0,0.0,0.0
LA UNIÓN,2019,0.0,0.0,0.0,0.0
LA UNIÓN,2019,0.0,0.0,0.0,0.0
LA UNIÓN,2019,0.0,0.0,0.0,
LA UNIÓN,2019,0.0,0.0,,0.0
LA UNIÓN,2019,0.0,0.0,,0.0
LA UNIÓN,2019,0.0,0.0,,0.0
LA UNIÓN,2019,0.0,0.0,,
LA UNIÓN,2019,0.0,,0.0,0.0
LA UNIÓN,2019,0.0,,0.0,0.0
LA UNIÓN,2019,0.0,,0.0,0.0
LA UNIÓN,2019,0.0,,0.0,
LA UNIÓN,2019,0.0,,0.0,0.0
LA UNIÓN,2019,0.0,,0.0,0.0
LA UNIÓN,2019,0.0,,0.0,0.0
LA UNIÓN,2019,0.0,,0.0,
LA UNIÓN,2019,0.0,,0.0,0.0
LA UNIÓN,2019,0.0,,0.0,0.0
LA UNIÓN,2019,0.0,,0.0,0.0
LA UNIÓN,2019,0.0,,0.0,
LA UNIÓN,2019,0.0,,,0.0
LA UNIÓN,2019,0.0,,,0.0
LA UNIÓN,2019,0.0,,,0.0
LA UNIÓN,2019,0.0,,,
LA UNIÓN,2019,0.0,0.0,0.0,0.0
LA UNIÓN,2019,0.0,0.0,0.0,0.0
LA UNIÓN,2019,0.0,0.0,0.0,0.0
LA UNIÓN,2019,0.0,0.0,0.0,
LA UNIÓN,2019,0.0,0.0,0.0,0.0
LA UNIÓN,2019,0.0,0.0,0.0,0.0
LA UNIÓN,2019,0.0,0.0,0.0,0.0
LA UNIÓN,2019,0.0,0.0,0.0,
LA UNIÓN,2019,0.0,0.0,0.0,0.0
LA UNIÓN,2019,0.0,0.0,0.0,0.0
LA UNIÓN,2019,0.0,0.0,0.0,0.0
LA UNIÓN,2019,0.0,0.0,0.0,
LA UNIÓN,2019,0.0,0.0,,0.0
LA UNIÓN,2019,0.0,0.0,,0.0
LA UNIÓN,2019,0.0,0.0,,0.0
LA UNIÓN,2019,0.0,0.0,,
LA UNIÓN,2019,0.0,0.0,0.0,0.0
LA UNIÓN,2019,0.0,0.0,0.0,0.0
LA UNIÓN,2019,0.0,0.0,0.0,0.0
LA UNIÓN,2019,0.0,0.0,0.0,
LA UNIÓN,2019,0.0,0.0,0.0,0.0
LA UNIÓN,2019,0.0,0.0,0.0,0.0
LA UNIÓN,2019,0.0,0.0,0.0,0.0
LA UNIÓN,2019,0.0,0.0,0.0,
LA UNIÓN,2019,0.0,0.0,0.0,0.0
LA UNIÓN,2019,0.0,0.0,0.0,0.0
LA UNIÓN,2019,0.0,0.0,0.0,0.0
LA UNIÓN,2019,0.0,0.0,0.0,
LA UNIÓN,2019,0.0,0.0,,0.0
LA UNIÓN,2019,0.0,0.0,,0.0
LA UNIÓN,2019,0.0,0.0,,0.0
LA UNIÓN,2019,0.0,0.0,,
LA UNIÓN,2019,0.0,0.0,0.0,0.0
LA UNIÓN,2019,0.0,0.0,0.0,0.0
LA UNIÓN,2019,0.0,0.0,0.0,0.0
LA UNIÓN,2019,0.0,0.0,0.0,
LA UNIÓN,2019,0.0,0.0,0.0,0.0
LA UNIÓN,2019,0.0,0.0,0.0,0.0
LA UNIÓN,2019,0.0,0.0,0.0,0.0
LA UNIÓN,2019,0.0,0.0,0.0,
LA UNIÓN,2019,0.0,0.0,0.0,0.0
LA UNIÓN,2019,0.0,0.0,0.0,0.0
LA UNIÓN,2019,0.0,0.0,0.0,0.0
LA UNIÓN,2019,0.0,0.0,0.0,
LA UNIÓN,2019,0.0,0.0,,0.0
LA UNIÓN,2019,0.0,0.0,,0.0
LA UNIÓN,2019,0.0,0.0,,0.0
LA UNIÓN,2019,0.0,0.0,,
LA UNIÓN,2019,0.0,,0.0,0.0
LA UNIÓN,2019,0.0,,0.0,0.0
LA UNIÓN,2019,0.0,,0.0,0.0
LA UNIÓN,2019,0.0,,0.0,
LA UNIÓN,2019,0.0,,0.0,0.0
LA UNIÓN,2019,0.0,,0.0,0.0
LA UNIÓN,2019,0.0,,0.0,0.0
LA UNIÓN,2019,0.0,,0.0,
LA UNIÓN,2019,0.0,,0.0,0.0
LA UNIÓN,2019,0.0,,0.0,0.0
LA UNIÓN,2019,0.0,,0.0,0.0
LA UNIÓN,2019,0.0,,0.0,
LA UNIÓN,2019,0.0,,,0.0
LA UNIÓN,2019,0.0,,,0.0
LA UNIÓN,2019,0.0,,,0.0
LA UNIÓN,2019,0.0,,,
LA UNIÓN,2019,0.0,0.0,0.0,0.0
LA UNIÓN,2019,0.0,0.0,0.0,0.0
LA UNIÓN,2019,0.0,0.0,0.0,0.0
LA UNIÓN,2019,0.0,0.0,0.0,
LA UNIÓN,2019,0.0,0.0,0.0,0.0
LA UNIÓN,2019,0.0,0.0,0.0,0.0
LA UNIÓN,2019,0.0,0.0,0.0,0.0
LA UNIÓN,2019,0.0,0.0,0.0,
LA UNIÓN,2019,0.0,0.0,0.0,0.0
LA UNIÓN,2019,0.0,0.0,0.0,0.0
LA UNIÓN,2019,0.0,0.0,0.0,0.0
LA UNIÓN,2019,0.0,0.0,0.0,
LA UNIÓN,2019,0.0,0.0,,0.0
LA UNIÓN,2019,0.0,0.0,,0.0
LA UNIÓN,2019,0.0,0.0,,0.0
LA UNIÓN,2019,0.0,0.0,,
LA UNIÓN,2019,0.0,0.0,0.0,0.0
LA UNIÓN,2019,0.0,0.0,0.0,0.0
LA UNIÓN,2019,0.0,0.0,0.0,0.0
LA UNIÓN,2019,0.0,0.0,0.0,
LA UNIÓN,2019,0.0,0.0,0.0,0.0
LA UNIÓN,2019,0.0,0.0,0.0,0.0
LA UNIÓN,2019,0.0,0.0,0.0,0.0
LA UNIÓN,2019,0.0,0.0,0.0,
LA UNIÓN,2019,0.0,0.0,0.0,0.0
LA UNIÓN,2019,0.0,0.0,0.0,0.0
LA UNIÓN,2019,0.0,0.0,0.0,0.0
LA UNIÓN,2019,0.0,0.0,0.0,
LA UNIÓN,2019,0.0,0.0,,0.0
LA UNIÓN,2019,0.0,0.0,,0.0
LA UNIÓN,2019,0.0,0.0,,0.0
LA UNIÓN,2019,0.0,0.0,,
LA UNIÓN,2019,0.0,0.0,0.0,0.0
LA UNIÓN,2019,0.0,0.0,0.0,0.0
LA UNIÓN,2019,0.0,0.0,0.0,0.0
LA UNIÓN,2019,0.0,0.0,0.0,
LA UNIÓN,2019,0.0,0.0,0.0,0.0
LA UNIÓN,2019,0.0,0.0,0.0,0.0
LA UNIÓN,2019,0.0,0.0,0.0,0.0
LA UNIÓN,2019,0.0,0.0,0.0,
LA UNIÓN,2019,0.0,0.0,0.0,0.0
LA UNIÓN,2019,0.0,0.0,0.0,0.0
LA UNIÓN,2019,0.0,0.0,0.0,0.0
LA UNIÓN,2019,0.0,0.0,0.0,
LA UNIÓN,2019,0.0,0.0,,0.0
LA UNIÓN,2019,0.0,0.0,,0.0
LA UNIÓN,2019,0.0,0.0,,0.0
LA UNIÓN,2019,0.0,0.0,,
LA UNIÓN,2019,0.0,,0.0,0.0
LA UNIÓN,2019,0.0,,0.0,0.0
LA UNIÓN,2019,0.0,,0.0,0.0
LA UNIÓN,2019,0.0,,0.0,
LA UNIÓN,2019,0.0,,0.0,0.0
LA UNIÓN,2019,0.0,,0.0,0.0
LA UNIÓN,2019,0.0,,0.0,0.0
LA UNIÓN,2019,0.0,,0.0,
LA UNIÓN,2019,0.0,,0.0,0.0
LA UNIÓN,2019,0.0,,0.0,0.0
LA UNIÓN,2019,0.0,,0.0,0.0
LA UNIÓN,2019,0.0,,0.0,
LA UNIÓN,2019,0.0,,,0.0
LA UNIÓN,2019,0.0,,,0.0
LA UNIÓN,2019,0.0,,,0.0
LA UNIÓN,2019,0.0,,,
LA UNIÓN,2019,,0.0,0.0,0.0
LA UNIÓN,2019,,0.0,0.0,0.0
LA UNIÓN,2019,,0.0,0.0,0.0
LA UNIÓN,2019,,0.0,0.0,
LA UNIÓN,2019,,0.0,0.0,0.0
LA UNIÓN,2019,,0.0,0.0,0.0
LA UNIÓN,2019,,0.0,0.0,0.0
LA UNIÓN,2019,,0.0,0.0,
LA UNIÓN,2019,,0.0,0.0,0.0
LA UNIÓN,2019,,0.0,0.0,0.0
LA UNIÓN,2019,,0.0,0.0,0.0
LA UNIÓN,2019,,0.0,0.0,
LA UNIÓN,2019,,0.0,,0.0
LA UNIÓN,2019,,0.0,,0.0
LA UNIÓN,2019,,0.0,,0.0
LA UNIÓN,2019,,0.0,,
LA UNIÓN,2019,,0.0,0.0,0.0
LA UNIÓN,2019,,0.0,0.0,0.0
LA UNIÓN,2019,,0.0,0.0,0.0
LA UNIÓN,2019,,0.0,0.0,
LA UNIÓN,2019,,0.0,0.0,0.0
LA UNIÓN,2019,,0.0,0.0,0.0
LA UNIÓN,2019,,0.0,0.0,0.0
LA UNIÓN,2019,,0.0,0.0,
LA UNIÓN,2019,,0.0,0.0,0.0
LA UNIÓN,2019,,0.0,0.0,0.0
LA UNIÓN,2019,,0.0,0.0,0.0
LA UNIÓN,2019,,0.0,0.0,
LA UNIÓN,2019,,0.0,,0.0
LA UNIÓN,2019,,0.0,,0.0
LA UNIÓN,2019,,0.0,,0.0
LA UNIÓN,2019,,0.0,,
LA UNIÓN,2019,,0.0,0.0,0.0
LA UNIÓN,2019,,0.0,0.0,0.0
LA UNIÓN,2019,,0.0,0.0,0.0
LA UNIÓN,2019,,0.0,0.0,
LA UNIÓN,2019,,0.0,0.0,0.0
LA UNIÓN,2019,,0.0,0.0,0.0
LA UNIÓN,2019,,0.0,0.0,0.0
LA UNIÓN,2019,,0.0,0.0,
LA UNIÓN,2019,,0.0,0.0,0.0
LA UNIÓN,2019,,0.0,0.0,0.0
LA UNIÓN,2019,,0.0,0.0,0.0
LA UNIÓN,2019,,0.0,0.0,
LA UNIÓN,2019,,0.0,,0.0
LA UNIÓN,2019,,0.0,,0.0
LA UNIÓN,2019,,0.0,,0.0
LA UNIÓN,2019,,0.0,,
LA UNIÓN,2019,,,0.0,0.0
LA UNIÓN,2019,,,0.0,0.0
LA UNIÓN,2019,,,0.0,0.0
LA UNIÓN,2019,,,0.0,
LA UNIÓN,2019,,,0.0,0.0
LA UNIÓN,2019,,,0.0,0.0
LA UNIÓN,2019,,,0.0,0.0
LA UNIÓN,2019,,,0.0,
LA UNIÓN,2019,,,0.0,0.0
LA UNIÓN,2019,,,0.0,0.0
LA UNIÓN,2019,,,0.0,0.0
LA UNIÓN,2019,,,0.0,
LA UNIÓN,2019,,,,0.0
LA UNIÓN,2019,,,,0.0
LA UNIÓN,2019,,,,0.0
LA UNIÓN,2019,,,,
LA UNIÓN,2020,0.0,0.0,0.0,0.0
LA UNIÓN,2020,0.0,0.0,0.0,0.0
LA UNIÓN,2020,0.0,0.0,0.0,0.0
LA UNIÓN,2020,0.0,0.0,0.0,
LA UNIÓN,2020,0.0,0.0,0.0,0.0
LA UNIÓN,2020,0.0,0.0,0.0,0.0
LA UNIÓN,2020,0.0,0.0,0.0,0.0
LA UNIÓN,2020,0.0,0.0,0.0,
LA UNIÓN,2020,0.0,0.0,0.0,0.0
LA UNIÓN,2020,0.0,0.0,0.0,0.0
LA UNIÓN,2020,0.0,0.0,0.0,0.0
LA UNIÓN,2020,0.0,0.0,0.0,
LA UNIÓN,2020,0.0,0.0,,0.0
LA UNIÓN,2020,0.0,0.0,,0.0
LA UNIÓN,2020,0.0,0.0,,0.0
LA UNIÓN,2020,0.0,0.0,,
LA UNIÓN,2020,0.0,0.0,0.0,0.0
LA UNIÓN,2020,0.0,0.0,0.0,0.0
LA UNIÓN,2020,0.0,0.0,0.0,0.0
LA UNIÓN,2020,0.0,0.0,0.0,
LA UNIÓN,2020,0.0,0.0,0.0,0.0
LA UNIÓN,2020,0.0,0.0,0.0,0.0
LA UNIÓN,2020,0.0,0.0,0.0,0.0
LA UNIÓN,2020,0.0,0.0,0.0,
LA UNIÓN,2020,0.0,0.0,0.0,0.0
LA UNIÓN,2020,0.0,0.0,0.0,0.0
LA UNIÓN,2020,0.0,0.0,0.0,0.0
LA UNIÓN,2020,0.0,0.0,0.0,
LA UNIÓN,2020,0.0,0.0,,0.0
LA UNIÓN,2020,0.0,0.0,,0.0
LA UNIÓN,2020,0.0,0.0,,0.0
LA UNIÓN,2020,0.0,0.0,,
LA UNIÓN,2020,0.0,0.0,0.0,0.0
LA UNIÓN,2020,0.0,0.0,0.0,0.0
LA UNIÓN,2020,0.0,0.0,0.0,0.0
LA UNIÓN,2020,0.0,0.0,0.0,
LA UNIÓN,2020,0.0,0.0,0.0,0.0
LA UNIÓN,2020,0.0,0.0,0.0,0.0
LA UNIÓN,2020,0.0,0.0,0.0,0.0
LA UNIÓN,2020,0.0,0.0,0.0,
LA UNIÓN,2020,0.0,0.0,0.0,0.0
LA UNIÓN,2020,0.0,0.0,0.0,0.0
LA UNIÓN,2020,0.0,0.0,0.0,0.0
LA UNIÓN,2020,0.0,0.0,0.0,
LA UNIÓN,2020,0.0,0.0,,0.0
LA UNIÓN,2020,0.0,0.0,,0.0
LA UNIÓN,2020,0.0,0.0,,0.0
LA UNIÓN,2020,0.0,0.0,,
LA UNIÓN,2020,0.0,,0.0,0.0
LA UNIÓN,2020,0.0,,0.0,0.0
LA UNIÓN,2020,0.0,,0.0,0.0
LA UNIÓN,2020,0.0,,0.0,
LA UNIÓN,2020,0.0,,0.0,0.0
LA UNIÓN,2020,0.0,,0.0,0.0
LA UNIÓN,2020,0.0,,0.0,0.0
LA UNIÓN,2020,0.0,,0.0,
LA UNIÓN,2020,0.0,,0.0,0.0
LA UNIÓN,2020,0.0,,0.0,0.0
LA UNIÓN,2020,0.0,,0.0,0.0
LA UNIÓN,2020,0.0,,0.0,
LA UNIÓN,2020,0.0,,,0.0
LA UNIÓN,2020,0.0,,,0.0
LA UNIÓN,2020,0.0,,,0.0
LA UNIÓN,2020,0.0,,,
LA UNIÓN,2020,0.0,0.0,0.0,0.0
LA UNIÓN,2020,0.0,0.0,0.0,0.0
LA UNIÓN,2020,0.0,0.0,0.0,0.0
LA UNIÓN,2020,0.0,0.0,0.0,
LA UNIÓN,2020,0.0,0.0,0.0,0.0
LA UNIÓN,2020,0.0,0.0,0.0,0.0
LA UNIÓN,2020,0.0,0.0,0.0,0.0
LA UNIÓN,2020,0.0,0.0,0.0,
LA UNIÓN,2020,0.0,0.0,0.0,0.0
LA UNIÓN,2020,0.0,0.0,0.0,0.0
LA UNIÓN,2020,0.0,0.0,0.0,0.0
LA UNIÓN,2020,0.0,0.0,0.0,
LA UNIÓN,2020,0.0,0.0,,0.0
LA UNIÓN,2020,0.0,0.0,,0.0
LA UNIÓN,2020,0.0,0.0,,0.0
LA UNIÓN,2020,0.0,0.0,,
LA UNIÓN,2020,0.0,0.0,0.0,0.0
LA UNIÓN,2020,0.0,0.0,0.0,0.0
LA UNIÓN,2020,0.0,0.0,0.0,0.0
LA UNIÓN,2020,0.0,0.0,0.0,
LA UNIÓN,2020,0.0,0.0,0.0,0.0
LA UNIÓN,2020,0.0,0.0,0.0,0.0
LA UNIÓN,2020,0.0,0.0,0.0,0.0
LA UNIÓN,2020,0.0,0.0,0.0,
LA UNIÓN,2020,0.0,0.0,0.0,0.0
LA UNIÓN,2020,0.0,0.0,0.0,0.0
LA UNIÓN,2020,0.0,0.0,0.0,0.0
LA UNIÓN,2020,0.0,0.0,0.0,
LA UNIÓN,2020,0.0,0.0,,0.0
LA UNIÓN,2020,0.0,0.0,,0.0
LA UNIÓN,2020,0.0,0.0,,0.0
LA UNIÓN,2020,0.0,0.0,,
LA UNIÓN,2020,0.0,0.0,0.0,0.0
LA UNIÓN,2020,0.0,0.0,0.0,0.0
LA UNIÓN,2020,0.0,0.0,0.0,0.0
LA UNIÓN,2020,0.0,0.0,0.0,
LA UNIÓN,2020,0.0,0.0,0.0,0.0
LA UNIÓN,2020,0.0,0.0,0.0,0.0
LA UNIÓN,2020,0.0,0.0,0.0,0.0
LA UNIÓN,2020,0.0,0.0,0.0,
LA UNIÓN,2020,0.0,0.0,0.0,0.0
LA UNIÓN,2020,0.0,0.0,0.0,0.0
LA UNIÓN,2020,0.0,0.0,0.0,0.0
LA UNIÓN,2020,0.0,0.0,0.0,
LA UNIÓN,2020,0.0,0.0,,0.0
LA UNIÓN,2020,0.0,0.0,,0.0
LA UNIÓN,2020,0.0,0.0,,0.0
LA UNIÓN,2020,0.0,0.0,,
LA UNIÓN,2020,0.0,,0.0,0.0
LA UNIÓN,2020,0.0,,0.0,0.0
LA UNIÓN,2020,0.0,,0.0,0.0
LA UNIÓN,2020,0.0,,0.0,
LA UNIÓN,2020,0.0,,0.0,0.0
LA UNIÓN,2020,0.0,,0.0,0.0
LA UNIÓN,2020,0.0,,0.0,0.0
LA UNIÓN,2020,0.0,,0.0,
LA UNIÓN,2020,0.0,,0.0,0.0
LA UNIÓN,2020,0.0,,0.0,0.0
LA UNIÓN,2020,0.0,,0.0,0.0
LA UNIÓN,2020,0.0,,0.0,
LA UNIÓN,2020,0.0,,,0.0
LA UNIÓN,2020,0.0,,,0.0
LA UNIÓN,2020,0.0,,,0.0
LA UNIÓN,2020,0.0,,,
LA UNIÓN,2020,0.0,0.0,0.0,0.0
LA UNIÓN,2020,0.0,0.0,0.0,0.0
LA UNIÓN,2020,0.0,0.0,0.0,0.0
LA UNIÓN,2020,0.0,0.0,0.0,
LA UNIÓN,2020,0.0,0.0,0.0,0.0
LA UNIÓN,2020,0.0,0.0,0.0,0.0
LA UNIÓN,2020,0.0,0.0,0.0,0.0
LA UNIÓN,2020,0.0,0.0,0.0,
LA UNIÓN,2020,0.0,0.0,0.0,0.0
LA UNIÓN,2020,0.0,0.0,0.0,0.0
LA UNIÓN,2020,0.0,0.0,0.0,0.0
LA UNIÓN,2020,0.0,0.0,0.0,
LA UNIÓN,2020,0.0,0.0,,0.0
LA UNIÓN,2020,0.0,0.0,,0.0
LA UNIÓN,2020,0.0,0.0,,0.0
LA UNIÓN,2020,0.0,0.0,,
LA UNIÓN,2020,0.0,0.0,0.0,0.0
LA UNIÓN,2020,0.0,0.0,0.0,0.0
LA UNIÓN,2020,0.0,0.0,0.0,0.0
LA UNIÓN,2020,0.0,0.0,0.0,
LA UNIÓN,2020,0.0,0.0,0.0,0.0
LA UNIÓN,2020,0.0,0.0,0.0,0.0
LA UNIÓN,2020,0.0,0.0,0.0,0.0
LA UNIÓN,2020,0.0,0.0,0.0,
LA UNIÓN,2020,0.0,0.0,0.0,0.0
LA UNIÓN,2020,0.0,0.0,0.0,0.0
LA UNIÓN,2020,0.0,0.0,0.0,0.0
LA UNIÓN,2020,0.0,0.0,0.0,
LA UNIÓN,2020,0.0,0.0,,0.0
LA UNIÓN,2020,0.0,0.0,,0.0
LA UNIÓN,2020,0.0,0.0,,0.0
LA UNIÓN,2020,0.0,0.0,,
LA UNIÓN,2020,0.0,0.0,0.0,0.0
LA UNIÓN,2020,0.0,0.0,0.0,0.0
LA UNIÓN,2020,0.0,0.0,0.0,0.0
LA UNIÓN,2020,0.0,0.0,0.0,
LA UNIÓN,2020,0.0,0.0,0.0,0.0
LA UNIÓN,2020,0.0,0.0,0.0,0.0
LA UNIÓN,2020,0.0,0.0,0.0,0.0
LA UNIÓN,2020,0.0,0.0,0.0,
LA UNIÓN,2020,0.0,0.0,0.0,0.0
LA UNIÓN,2020,0.0,0.0,0.0,0.0
LA UNIÓN,2020,0.0,0.0,0.0,0.0
LA UNIÓN,2020,0.0,0.0,0.0,
LA UNIÓN,2020,0.0,0.0,,0.0
LA UNIÓN,2020,0.0,0.0,,0.0
LA UNIÓN,2020,0.0,0.0,,0.0
LA UNIÓN,2020,0.0,0.0,,
LA UNIÓN,2020,0.0,,0.0,0.0
LA UNIÓN,2020,0.0,,0.0,0.0
LA UNIÓN,2020,0.0,,0.0,0.0
LA UNIÓN,2020,0.0,,0.0,
LA UNIÓN,2020,0.0,,0.0,0.0
LA UNIÓN,2020,0.0,,0.0,0.0
LA UNIÓN,2020,0.0,,0.0,0.0
LA UNIÓN,2020,0.0,,0.0,
LA UNIÓN,2020,0.0,,0.0,0.0
LA UNIÓN,2020,0.0,,0.0,0.0
LA UNIÓN,2020,0.0,,0.0,0.0
LA UNIÓN,2020,0.0,,0.0,
LA UNIÓN,2020,0.0,,,0.0
LA UNIÓN,2020,0.0,,,0.0
LA UNIÓN,2020,0.0,,,0.0
LA UNIÓN,2020,0.0,,,
LA UNIÓN,2020,,0.0,0.0,0.0
LA UNIÓN,2020,,0.0,0.0,0.0
LA UNIÓN,2020,,0.0,0.0,0.0
LA UNIÓN,2020,,0.0,0.0,
LA UNIÓN,2020,,0.0,0.0,0.0
LA UNIÓN,2020,,0.0,0.0,0.0
LA UNIÓN,2020,,0.0,0.0,0.0
LA UNIÓN,2020,,0.0,0.0,
LA UNIÓN,2020,,0.0,0.0,0.0
LA UNIÓN,2020,,0.0,0.0,0.0
LA UNIÓN,2020,,0.0,0.0,0.0
LA UNIÓN,2020,,0.0,0.0,
LA UNIÓN,2020,,0.0,,0.0
LA UNIÓN,2020,,0.0,,0.0
LA UNIÓN,2020,,0.0,,0.0
LA UNIÓN,2020,,0.0,,
LA UNIÓN,2020,,0.0,0.0,0.0
LA UNIÓN,2020,,0.0,0.0,0.0
LA UNIÓN,2020,,0.0,0.0,0.0
LA UNIÓN,2020,,0.0,0.0,
LA UNIÓN,2020,,0.0,0.0,0.0
LA UNIÓN,2020,,0.0,0.0,0.0
LA UNIÓN,2020,,0.0,0.0,0.0
LA UNIÓN,2020,,0.0,0.0,
LA UNIÓN,2020,,0.0,0.0,0.0
LA UNIÓN,2020,,0.0,0.0,0.0
LA UNIÓN,2020,,0.0,0.0,0.0
LA UNIÓN,2020,,0.0,0.0,
LA UNIÓN,2020,,0.0,,0.0
LA UNIÓN,2020,,0.0,,0.0
LA UNIÓN,2020,,0.0,,0.0
LA UNIÓN,2020,,0.0,,
LA UNIÓN,2020,,0.0,0.0,0.0
LA UNIÓN,2020,,0.0,0.0,0.0
LA UNIÓN,2020,,0.0,0.0,0.0
LA UNIÓN,2020,,0.0,0.0,
LA UNIÓN,2020,,0.0,0.0,0.0
LA UNIÓN,2020,,0.0,0.0,0.0
LA UNIÓN,2020,,0.0,0.0,0.0
LA UNIÓN,2020,,0.0,0.0,
LA UNIÓN,2020,,0.0,0.0,0.0
LA UNIÓN,2020,,0.0,0.0,0.0
LA UNIÓN,2020,,0.0,0.0,0.0
LA UNIÓN,2020,,0.0,0.0,
LA UNIÓN,2020,,0.0,,0.0
LA UNIÓN,2020,,0.0,,0.0
LA UNIÓN,2020,,0.0,,0.0
LA UNIÓN,2020,,0.0,,
LA UNIÓN,2020,,,0.0,0.0
LA UNIÓN,2020,,,0.0,0.0
LA UNIÓN,2020,,,0.0,0.0
LA UNIÓN,2020,,,0.0,
LA UNIÓN,2020,,,0.0,0.0
LA UNIÓN,2020,,,0.0,0.0
LA UNIÓN,2020,,,0.0,0.0
LA UNIÓN,2020,,,0.0,
LA UNIÓN,2020,,,0.0,0.0
LA UNIÓN,2020,,,0.0,0.0
LA UNIÓN,2020,,,0.0,0.0
LA UNIÓN,2020,,,0.0,
LA UNIÓN,2020,,,,0.0
LA UNIÓN,2020,,,,0.0
LA UNIÓN,2020,,,,0.0
LA UNIÓN,2020,,,,
LA UNIÓN,2021,0.0,0.0,0.0,0.0
LA UNIÓN,2021,0.0,0.0,0.0,0.0
LA UNIÓN,2021,0.0,0.0,0.0,0.0
LA UNIÓN,2021,0.0,0.0,0.0,
LA UNIÓN,2021,0.0,0.0,0.0,0.0
LA UNIÓN,2021,0.0,0.0,0.0,0.0
LA UNIÓN,2021,0.0,0.0,0.0,0.0
LA UNIÓN,2021,0.0,0.0,0.0,
LA UNIÓN,2021,0.0,0.0,0.0,0.0
LA UNIÓN,2021,0.0,0.0,0.0,0.0
LA UNIÓN,2021,0.0,0.0,0.0,0.0
LA UNIÓN,2021,0.0,0.0,0.0,
LA UNIÓN,2021,0.0,0.0,,0.0
LA UNIÓN,2021,0.0,0.0,,0.0
LA UNIÓN,2021,0.0,0.0,,0.0
LA UNIÓN,2021,0.0,0.0,,
LA UNIÓN,2021,0.0,0.0,0.0,0.0
LA UNIÓN,2021,0.0,0.0,0.0,0.0
LA UNIÓN,2021,0.0,0.0,0.0,0.0
LA UNIÓN,2021,0.0,0.0,0.0,
LA UNIÓN,2021,0.0,0.0,0.0,0.0
LA UNIÓN,2021,0.0,0.0,0.0,0.0
LA UNIÓN,2021,0.0,0.0,0.0,0.0
LA UNIÓN,2021,0.0,0.0,0.0,
LA UNIÓN,2021,0.0,0.0,0.0,0.0
LA UNIÓN,2021,0.0,0.0,0.0,0.0
LA UNIÓN,2021,0.0,0.0,0.0,0.0
LA UNIÓN,2021,0.0,0.0,0.0,
LA UNIÓN,2021,0.0,0.0,,0.0
LA UNIÓN,2021,0.0,0.0,,0.0
LA UNIÓN,2021,0.0,0.0,,0.0
LA UNIÓN,2021,0.0,0.0,,
LA UNIÓN,2021,0.0,0.0,0.0,0.0
LA UNIÓN,2021,0.0,0.0,0.0,0.0
LA UNIÓN,2021,0.0,0.0,0.0,0.0
LA UNIÓN,2021,0.0,0.0,0.0,
LA UNIÓN,2021,0.0,0.0,0.0,0.0
LA UNIÓN,2021,0.0,0.0,0.0,0.0
LA UNIÓN,2021,0.0,0.0,0.0,0.0
LA UNIÓN,2021,0.0,0.0,0.0,
LA UNIÓN,2021,0.0,0.0,0.0,0.0
LA UNIÓN,2021,0.0,0.0,0.0,0.0
LA UNIÓN,2021,0.0,0.0,0.0,0.0
LA UNIÓN,2021,0.0,0.0,0.0,
LA UNIÓN,2021,0.0,0.0,,0.0
LA UNIÓN,2021,0.0,0.0,,0.0
LA UNIÓN,2021,0.0,0.0,,0.0
LA UNIÓN,2021,0.0,0.0,,
LA UNIÓN,2021,0.0,,0.0,0.0
LA UNIÓN,2021,0.0,,0.0,0.0
LA UNIÓN,2021,0.0,,0.0,0.0
LA UNIÓN,2021,0.0,,0.0,
LA UNIÓN,2021,0.0,,0.0,0.0
LA UNIÓN,2021,0.0,,0.0,0.0
LA UNIÓN,2021,0.0,,0.0,0.0
LA UNIÓN,2021,0.0,,0.0,
LA UNIÓN,2021,0.0,,0.0,0.0
LA UNIÓN,2021,0.0,,0.0,0.0
LA UNIÓN,2021,0.0,,0.0,0.0
LA UNIÓN,2021,0.0,,0.0,
LA UNIÓN,2021,0.0,,,0.0
LA UNIÓN,2021,0.0,,,0.0
LA UNIÓN,2021,0.0,,,0.0
LA UNIÓN,2021,0.0,,,
LA UNIÓN,2021,0.0,0.0,0.0,0.0
LA UNIÓN,2021,0.0,0.0,0.0,0.0
LA UNIÓN,2021,0.0,0.0,0.0,0.0
LA UNIÓN,2021,0.0,0.0,0.0,
LA UNIÓN,2021,0.0,0.0,0.0,0.0
LA UNIÓN,2021,0.0,0.0,0.0,0.0
LA UNIÓN,2021,0.0,0.0,0.0,0.0
LA UNIÓN,2021,0.0,0.0,0.0,
LA UNIÓN,2021,0.0,0.0,0.0,0.0
LA UNIÓN,2021,0.0,0.0,0.0,0.0
LA UNIÓN,2021,0.0,0.0,0.0,0.0
LA UNIÓN,2021,0.0,0.0,0.0,
LA UNIÓN,2021,0.0,0.0,,0.0
LA UNIÓN,2021,0.0,0.0,,0.0
LA UNIÓN,2021,0.0,0.0,,0.0
LA UNIÓN,2021,0.0,0.0,,
LA UNIÓN,2021,0.0,0.0,0.0,0.0
LA UNIÓN,2021,0.0,0.0,0.0,0.0
LA UNIÓN,2021,0.0,0.0,0.0,0.0
LA UNIÓN,2021,0.0,0.0,0.0,
LA UNIÓN,2021,0.0,0.0,0.0,0.0
LA UNIÓN,2021,0.0,0.0,0.0,0.0
LA UNIÓN,2021,0.0,0.0,0.0,0.0
LA UNIÓN,2021,0.0,0.0,0.0,
LA UNIÓN,2021,0.0,0.0,0.0,0.0
LA UNIÓN,2021,0.0,0.0,0.0,0.0
LA UNIÓN,2021,0.0,0.0,0.0,0.0
LA UNIÓN,2021,0.0,0.0,0.0,
LA UNIÓN,2021,0.0,0.0,,0.0
LA UNIÓN,2021,0.0,0.0,,0.0
LA UNIÓN,2021,0.0,0.0,,0.0
LA UNIÓN,2021,0.0,0.0,,
LA UNIÓN,2021,0.0,0.0,0.0,0.0
LA UNIÓN,2021,0.0,0.0,0.0,0.0
LA UNIÓN,2021,0.0,0.0,0.0,0.0
LA UNIÓN,2021,0.0,0.0,0.0,
LA UNIÓN,2021,0.0,0.0,0.0,0.0
LA UNIÓN,2021,0.0,0.0,0.0,0.0
LA UNIÓN,2021,0.0,0.0,0.0,0.0
LA UNIÓN,2021,0.0,0.0,0.0,
LA UNIÓN,2021,0.0,0.0,0.0,0.0
LA UNIÓN,2021,0.0,0.0,0.0,0.0
LA UNIÓN,2021,0.0,0.0,0.0,0.0
LA UNIÓN,2021,0.0,0.0,0.0,
LA UNIÓN,2021,0.0,0.0,,0.0
LA UNIÓN,2021,0.0,0.0,,0.0
LA UNIÓN,2021,0.0,0.0,,0.0
LA UNIÓN,2021,0.0,0.0,,
LA UNIÓN,2021,0.0,,0.0,0.0
LA UNIÓN,2021,0.0,,0.0,0.0
LA UNIÓN,2021,0.0,,0.0,0.0
LA UNIÓN,2021,0.0,,0.0,
LA UNIÓN,2021,0.0,,0.0,0.0
LA UNIÓN,2021,0.0,,0.0,0.0
LA UNIÓN,2021,0.0,,0.0,0.0
LA UNIÓN,2021,0.0,,0.0,
LA UNIÓN,2021,0.0,,0.0,0.0
LA UNIÓN,2021,0.0,,0.0,0.0
LA UNIÓN,2021,0.0,,0.0,0.0
LA UNIÓN,2021,0.0,,0.0,
LA UNIÓN,2021,0.0,,,0.0
LA UNIÓN,2021,0.0,,,0.0
LA UNIÓN,2021,0.0,,,0.0
LA UNIÓN,2021,0.0,,,
LA UNIÓN,2021,0.0,0.0,0.0,0.0
LA UNIÓN,2021,0.0,0.0,0.0,0.0
LA UNIÓN,2021,0.0,0.0,0.0,0.0
LA UNIÓN,2021,0.0,0.0,0.0,
LA UNIÓN,2021,0.0,0.0,0.0,0.0
LA UNIÓN,2021,0.0,0.0,0.0,0.0
LA UNIÓN,2021,0.0,0.0,0.0,0.0
LA UNIÓN,2021,0.0,0.0,0.0,
LA UNIÓN,2021,0.0,0.0,0.0,0.0
LA UNIÓN,2021,0.0,0.0,0.0,0.0
LA UNIÓN,2021,0.0,0.0,0.0,0.0
LA UNIÓN,2021,0.0,0.0,0.0,
LA UNIÓN,2021,0.0,0.0,,0.0
LA UNIÓN,2021,0.0,0.0,,0.0
LA UNIÓN,2021,0.0,0.0,,0.0
LA UNIÓN,2021,0.0,0.0,,
LA UNIÓN,2021,0.0,0.0,0.0,0.0
LA UNIÓN,2021,0.0,0.0,0.0,0.0
LA UNIÓN,2021,0.0,0.0,0.0,0.0
LA UNIÓN,2021,0.0,0.0,0.0,
LA UNIÓN,2021,0.0,0.0,0.0,0.0
LA UNIÓN,2021,0.0,0.0,0.0,0.0
LA UNIÓN,2021,0.0,0.0,0.0,0.0
LA UNIÓN,2021,0.0,0.0,0.0,
LA UNIÓN,2021,0.0,0.0,0.0,0.0
LA UNIÓN,2021,0.0,0.0,0.0,0.0
LA UNIÓN,2021,0.0,0.0,0.0,0.0
LA UNIÓN,2021,0.0,0.0,0.0,
LA UNIÓN,2021,0.0,0.0,,0.0
LA UNIÓN,2021,0.0,0.0,,0.0
LA UNIÓN,2021,0.0,0.0,,0.0
LA UNIÓN,2021,0.0,0.0,,
LA UNIÓN,2021,0.0,0.0,0.0,0.0
LA UNIÓN,2021,0.0,0.0,0.0,0.0
LA UNIÓN,2021,0.0,0.0,0.0,0.0
LA UNIÓN,2021,0.0,0.0,0.0,
LA UNIÓN,2021,0.0,0.0,0.0,0.0
LA UNIÓN,2021,0.0,0.0,0.0,0.0
LA UNIÓN,2021,0.0,0.0,0.0,0.0
LA UNIÓN,2021,0.0,0.0,0.0,
LA UNIÓN,2021,0.0,0.0,0.0,0.0
LA UNIÓN,2021,0.0,0.0,0.0,0.0
LA UNIÓN,2021,0.0,0.0,0.0,0.0
LA UNIÓN,2021,0.0,0.0,0.0,
LA UNIÓN,2021,0.0,0.0,,0.0
LA UNIÓN,2021,0.0,0.0,,0.0
LA UNIÓN,2021,0.0,0.0,,0.0
LA UNIÓN,2021,0.0,0.0,,
LA UNIÓN,2021,0.0,,0.0,0.0
LA UNIÓN,2021,0.0,,0.0,0.0
LA UNIÓN,2021,0.0,,0.0,0.0
LA UNIÓN,2021,0.0,,0.0,
LA UNIÓN,2021,0.0,,0.0,0.0
LA UNIÓN,2021,0.0,,0.0,0.0
LA UNIÓN,2021,0.0,,0.0,0.0
LA UNIÓN,2021,0.0,,0.0,
LA UNIÓN,2021,0.0,,0.0,0.0
LA UNIÓN,2021,0.0,,0.0,0.0
LA UNIÓN,2021,0.0,,0.0,0.0
LA UNIÓN,2021,0.0,,0.0,
LA UNIÓN,2021,0.0,,,0.0
LA UNIÓN,2021,0.0,,,0.0
LA UNIÓN,2021,0.0,,,0.0
LA UNIÓN,2021,0.0,,,
LA UNIÓN,2021,,0.0,0.0,0.0
LA UNIÓN,2021,,0.0,0.0,0.0
LA UNIÓN,2021,,0.0,0.0,0.0
LA UNIÓN,2021,,0.0,0.0,
LA UNIÓN,2021,,0.0,0.0,0.0
LA UNIÓN,2021,,0.0,0.0,0.0
LA UNIÓN,2021,,0.0,0.0,0.0
LA UNIÓN,2021,,0.0,0.0,
LA UNIÓN,2021,,0.0,0.0,0.0
LA UNIÓN,2021,,0.0,0.0,0.0
LA UNIÓN,2021,,0.0,0.0,0.0
LA UNIÓN,2021,,0.0,0.0,
LA UNIÓN,2021,,0.0,,0.0
LA UNIÓN,2021,,0.0,,0.0
LA UNIÓN,2021,,0.0,,0.0
LA UNIÓN,2021,,0.0,,
LA UNIÓN,2021,,0.0,0.0,0.0
LA UNIÓN,2021,,0.0,0.0,0.0
LA UNIÓN,2021,,0.0,0.0,0.0
LA UNIÓN,2021,,0.0,0.0,
LA UNIÓN,2021,,0.0,0.0,0.0
LA UNIÓN,2021,,0.0,0.0,0.0
LA UNIÓN,2021,,0.0,0.0,0.0
LA UNIÓN,2021,,0.0,0.0,
LA UNIÓN,2021,,0.0,0.0,0.0
LA UNIÓN,2021,,0.0,0.0,0.0
LA UNIÓN,2021,,0.0,0.0,0.0
LA UNIÓN,2021,,0.0,0.0,
LA UNIÓN,2021,,0.0,,0.0
LA UNIÓN,2021,,0.0,,0.0
LA UNIÓN,2021,,0.0,,0.0
LA UNIÓN,2021,,0.0,,
LA UNIÓN,2021,,0.0,0.0,0.0
LA UNIÓN,2021,,0.0,0.0,0.0
LA UNIÓN,2021,,0.0,0.0,0.0
LA UNIÓN,2021,,0.0,0.0,
LA UNIÓN,2021,,0.0,0.0,0.0
LA UNIÓN,2021,,0.0,0.0,0.0
LA UNIÓN,2021,,0.0,0.0,0.0
LA UNIÓN,2021,,0.0,0.0,
LA UNIÓN,2021,,0.0,0.0,0.0
LA UNIÓN,2021,,0.0,0.0,0.0
LA UNIÓN,2021,,0.0,0.0,0.0
LA UNIÓN,2021,,0.0,0.0,
LA UNIÓN,2021,,0.0,,0.0
LA UNIÓN,2021,,0.0,,0.0
LA UNIÓN,2021,,0.0,,0.0
LA UNIÓN,2021,,0.0,,
LA UNIÓN,2021,,,0.0,0.0
LA UNIÓN,2021,,,0.0,0.0
LA UNIÓN,2021,,,0.0,0.0
LA UNIÓN,2021,,,0.0,
LA UNIÓN,2021,,,0.0,0.0
LA UNIÓN,2021,,,0.0,0.0
LA UNIÓN,2021,,,0.0,0.0
LA UNIÓN,2021,,,0.0,
LA UNIÓN,2021,,,0.0,0.0
LA UNIÓN,2021,,,0.0,0.0
LA UNIÓN,2021,,,0.0,0.0
LA UNIÓN,2021,,,0.0,
LA UNIÓN,2021,,,,0.0
LA UNIÓN,2021,,,,0.0
LA UNIÓN,2021,,,,0.0
LA UNIÓN,2021,,,,
LA UNIÓN,2022,0.0,0.0,0.0,0.0
LA UNIÓN,2022,0.0,0.0,0.0,0.0
LA UNIÓN,2022,0.0,0.0,0.0,0.0
LA UNIÓN,2022,0.0,0.0,0.0,
LA UNIÓN,2022,0.0,0.0,0.0,0.0
LA UNIÓN,2022,0.0,0.0,0.0,0.0
LA UNIÓN,2022,0.0,0.0,0.0,0.0
LA UNIÓN,2022,0.0,0.0,0.0,
LA UNIÓN,2022,0.0,0.0,0.0,0.0
LA UNIÓN,2022,0.0,0.0,0.0,0.0
LA UNIÓN,2022,0.0,0.0,0.0,0.0
LA UNIÓN,2022,0.0,0.0,0.0,
LA UNIÓN,2022,0.0,0.0,,0.0
LA UNIÓN,2022,0.0,0.0,,0.0
LA UNIÓN,2022,0.0,0.0,,0.0
LA UNIÓN,2022,0.0,0.0,,
LA UNIÓN,2022,0.0,0.0,0.0,0.0
LA UNIÓN,2022,0.0,0.0,0.0,0.0
LA UNIÓN,2022,0.0,0.0,0.0,0.0
LA UNIÓN,2022,0.0,0.0,0.0,
LA UNIÓN,2022,0.0,0.0,0.0,0.0
LA UNIÓN,2022,0.0,0.0,0.0,0.0
LA UNIÓN,2022,0.0,0.0,0.0,0.0
LA UNIÓN,2022,0.0,0.0,0.0,
LA UNIÓN,2022,0.0,0.0,0.0,0.0
LA UNIÓN,2022,0.0,0.0,0.0,0.0
LA UNIÓN,2022,0.0,0.0,0.0,0.0
LA UNIÓN,2022,0.0,0.0,0.0,
LA UNIÓN,2022,0.0,0.0,,0.0
LA UNIÓN,2022,0.0,0.0,,0.0
LA UNIÓN,2022,0.0,0.0,,0.0
LA UNIÓN,2022,0.0,0.0,,
LA UNIÓN,2022,0.0,0.0,0.0,0.0
LA UNIÓN,2022,0.0,0.0,0.0,0.0
LA UNIÓN,2022,0.0,0.0,0.0,0.0
LA UNIÓN,2022,0.0,0.0,0.0,
LA UNIÓN,2022,0.0,0.0,0.0,0.0
LA UNIÓN,2022,0.0,0.0,0.0,0.0
LA UNIÓN,2022,0.0,0.0,0.0,0.0
LA UNIÓN,2022,0.0,0.0,0.0,
LA UNIÓN,2022,0.0,0.0,0.0,0.0
LA UNIÓN,2022,0.0,0.0,0.0,0.0
LA UNIÓN,2022,0.0,0.0,0.0,0.0
LA UNIÓN,2022,0.0,0.0,0.0,
LA UNIÓN,2022,0.0,0.0,,0.0
LA UNIÓN,2022,0.0,0.0,,0.0
LA UNIÓN,2022,0.0,0.0,,0.0
LA UNIÓN,2022,0.0,0.0,,
LA UNIÓN,2022,0.0,,0.0,0.0
LA UNIÓN,2022,0.0,,0.0,0.0
LA UNIÓN,2022,0.0,,0.0,0.0
LA UNIÓN,2022,0.0,,0.0,
LA UNIÓN,2022,0.0,,0.0,0.0
LA UNIÓN,2022,0.0,,0.0,0.0
LA UNIÓN,2022,0.0,,0.0,0.0
LA UNIÓN,2022,0.0,,0.0,
LA UNIÓN,2022,0.0,,0.0,0.0
LA UNIÓN,2022,0.0,,0.0,0.0
LA UNIÓN,2022,0.0,,0.0,0.0
LA UNIÓN,2022,0.0,,0.0,
LA UNIÓN,2022,0.0,,,0.0
LA UNIÓN,2022,0.0,,,0.0
LA UNIÓN,2022,0.0,,,0.0
LA UNIÓN,2022,0.0,,,
LA UNIÓN,2022,0.0,0.0,0.0,0.0
LA UNIÓN,2022,0.0,0.0,0.0,0.0
LA UNIÓN,2022,0.0,0.0,0.0,0.0
LA UNIÓN,2022,0.0,0.0,0.0,
LA UNIÓN,2022,0.0,0.0,0.0,0.0
LA UNIÓN,2022,0.0,0.0,0.0,0.0
LA UNIÓN,2022,0.0,0.0,0.0,0.0
LA UNIÓN,2022,0.0,0.0,0.0,
LA UNIÓN,2022,0.0,0.0,0.0,0.0
LA UNIÓN,2022,0.0,0.0,0.0,0.0
LA UNIÓN,2022,0.0,0.0,0.0,0.0
LA UNIÓN,2022,0.0,0.0,0.0,
LA UNIÓN,2022,0.0,0.0,,0.0
LA UNIÓN,2022,0.0,0.0,,0.0
LA UNIÓN,2022,0.0,0.0,,0.0
LA UNIÓN,2022,0.0,0.0,,
LA UNIÓN,2022,0.0,0.0,0.0,0.0
LA UNIÓN,2022,0.0,0.0,0.0,0.0
LA UNIÓN,2022,0.0,0.0,0.0,0.0
LA UNIÓN,2022,0.0,0.0,0.0,
LA UNIÓN,2022,0.0,0.0,0.0,0.0
LA UNIÓN,2022,0.0,0.0,0.0,0.0
LA UNIÓN,2022,0.0,0.0,0.0,0.0
LA UNIÓN,2022,0.0,0.0,0.0,
LA UNIÓN,2022,0.0,0.0,0.0,0.0
LA UNIÓN,2022,0.0,0.0,0.0,0.0
LA UNIÓN,2022,0.0,0.0,0.0,0.0
LA UNIÓN,2022,0.0,0.0,0.0,
LA UNIÓN,2022,0.0,0.0,,0.0
LA UNIÓN,2022,0.0,0.0,,0.0
LA UNIÓN,2022,0.0,0.0,,0.0
LA UNIÓN,2022,0.0,0.0,,
LA UNIÓN,2022,0.0,0.0,0.0,0.0
LA UNIÓN,2022,0.0,0.0,0.0,0.0
LA UNIÓN,2022,0.0,0.0,0.0,0.0
LA UNIÓN,2022,0.0,0.0,0.0,
LA UNIÓN,2022,0.0,0.0,0.0,0.0
LA UNIÓN,2022,0.0,0.0,0.0,0.0
LA UNIÓN,2022,0.0,0.0,0.0,0.0
LA UNIÓN,2022,0.0,0.0,0.0,
LA UNIÓN,2022,0.0,0.0,0.0,0.0
LA UNIÓN,2022,0.0,0.0,0.0,0.0
LA UNIÓN,2022,0.0,0.0,0.0,0.0
LA UNIÓN,2022,0.0,0.0,0.0,
LA UNIÓN,2022,0.0,0.0,,0.0
LA UNIÓN,2022,0.0,0.0,,0.0
LA UNIÓN,2022,0.0,0.0,,0.0
LA UNIÓN,2022,0.0,0.0,,
LA UNIÓN,2022,0.0,,0.0,0.0
LA UNIÓN,2022,0.0,,0.0,0.0
LA UNIÓN,2022,0.0,,0.0,0.0
LA UNIÓN,2022,0.0,,0.0,
LA UNIÓN,2022,0.0,,0.0,0.0
LA UNIÓN,2022,0.0,,0.0,0.0
LA UNIÓN,2022,0.0,,0.0,0.0
LA UNIÓN,2022,0.0,,0.0,
LA UNIÓN,2022,0.0,,0.0,0.0
LA UNIÓN,2022,0.0,,0.0,0.0
LA UNIÓN,2022,0.0,,0.0,0.0
LA UNIÓN,2022,0.0,,0.0,
LA UNIÓN,2022,0.0,,,0.0
LA UNIÓN,2022,0.0,,,0.0
LA UNIÓN,2022,0.0,,,0.0
LA UNIÓN,2022,0.0,,,
LA UNIÓN,2022,0.0,0.0,0.0,0.0
LA UNIÓN,2022,0.0,0.0,0.0,0.0
LA UNIÓN,2022,0.0,0.0,0.0,0.0
LA UNIÓN,2022,0.0,0.0,0.0,
LA UNIÓN,2022,0.0,0.0,0.0,0.0
LA UNIÓN,2022,0.0,0.0,0.0,0.0
LA UNIÓN,2022,0.0,0.0,0.0,0.0
LA UNIÓN,2022,0.0,0.0,0.0,
LA UNIÓN,2022,0.0,0.0,0.0,0.0
LA UNIÓN,2022,0.0,0.0,0.0,0.0
LA UNIÓN,2022,0.0,0.0,0.0,0.0
LA UNIÓN,2022,0.0,0.0,0.0,
LA UNIÓN,2022,0.0,0.0,,0.0
LA UNIÓN,2022,0.0,0.0,,0.0
LA UNIÓN,2022,0.0,0.0,,0.0
LA UNIÓN,2022,0.0,0.0,,
LA UNIÓN,2022,0.0,0.0,0.0,0.0
LA UNIÓN,2022,0.0,0.0,0.0,0.0
LA UNIÓN,2022,0.0,0.0,0.0,0.0
LA UNIÓN,2022,0.0,0.0,0.0,
LA UNIÓN,2022,0.0,0.0,0.0,0.0
LA UNIÓN,2022,0.0,0.0,0.0,0.0
LA UNIÓN,2022,0.0,0.0,0.0,0.0
LA UNIÓN,2022,0.0,0.0,0.0,
LA UNIÓN,2022,0.0,0.0,0.0,0.0
LA UNIÓN,2022,0.0,0.0,0.0,0.0
LA UNIÓN,2022,0.0,0.0,0.0,0.0
LA UNIÓN,2022,0.0,0.0,0.0,
LA UNIÓN,2022,0.0,0.0,,0.0
LA UNIÓN,2022,0.0,0.0,,0.0
LA UNIÓN,2022,0.0,0.0,,0.0
LA UNIÓN,2022,0.0,0.0,,
LA UNIÓN,2022,0.0,0.0,0.0,0.0
LA UNIÓN,2022,0.0,0.0,0.0,0.0
LA UNIÓN,2022,0.0,0.0,0.0,0.0
LA UNIÓN,2022,0.0,0.0,0.0,
LA UNIÓN,2022,0.0,0.0,0.0,0.0
LA UNIÓN,2022,0.0,0.0,0.0,0.0
LA UNIÓN,2022,0.0,0.0,0.0,0.0
LA UNIÓN,2022,0.0,0.0,0.0,
LA UNIÓN,2022,0.0,0.0,0.0,0.0
LA UNIÓN,2022,0.0,0.0,0.0,0.0
LA UNIÓN,2022,0.0,0.0,0.0,0.0
LA UNIÓN,2022,0.0,0.0,0.0,
LA UNIÓN,2022,0.0,0.0,,0.0
LA UNIÓN,2022,0.0,0.0,,0.0
LA UNIÓN,2022,0.0,0.0,,0.0
LA UNIÓN,2022,0.0,0.0,,
LA UNIÓN,2022,0.0,,0.0,0.0
LA UNIÓN,2022,0.0,,0.0,0.0
LA UNIÓN,2022,0.0,,0.0,0.0
LA UNIÓN,2022,0.0,,0.0,
LA UNIÓN,2022,0.0,,0.0,0.0
LA UNIÓN,2022,0.0,,0.0,0.0
LA UNIÓN,2022,0.0,,0.0,0.0
LA UNIÓN,2022,0.0,,0.0,
LA UNIÓN,2022,0.0,,0.0,0.0
LA UNIÓN,2022,0.0,,0.0,0.0
LA UNIÓN,2022,0.0,,0.0,0.0
LA UNIÓN,2022,0.0,,0.0,
LA UNIÓN,2022,0.0,,,0.0
LA UNIÓN,2022,0.0,,,0.0
LA UNIÓN,2022,0.0,,,0.0
LA UNIÓN,2022,0.0,,,
LA UNIÓN,2022,,0.0,0.0,0.0
LA UNIÓN,2022,,0.0,0.0,0.0
LA UNIÓN,2022,,0.0,0.0,0.0
LA UNIÓN,2022,,0.0,0.0,
LA UNIÓN,2022,,0.0,0.0,0.0
LA UNIÓN,2022,,0.0,0.0,0.0
LA UNIÓN,2022,,0.0,0.0,0.0
LA UNIÓN,2022,,0.0,0.0,
LA UNIÓN,2022,,0.0,0.0,0.0
LA UNIÓN,2022,,0.0,0.0,0.0
LA UNIÓN,2022,,0.0,0.0,0.0
LA UNIÓN,2022,,0.0,0.0,
LA UNIÓN,2022,,0.0,,0.0
LA UNIÓN,2022,,0.0,,0.0
LA UNIÓN,2022,,0.0,,0.0
LA UNIÓN,2022,,0.0,,
LA UNIÓN,2022,,0.0,0.0,0.0
LA UNIÓN,2022,,0.0,0.0,0.0
LA UNIÓN,2022,,0.0,0.0,0.0
LA UNIÓN,2022,,0.0,0.0,
LA UNIÓN,2022,,0.0,0.0,0.0
LA UNIÓN,2022,,0.0,0.0,0.0
LA UNIÓN,2022,,0.0,0.0,0.0
LA UNIÓN,2022,,0.0,0.0,
LA UNIÓN,2022,,0.0,0.0,0.0
LA UNIÓN,2022,,0.0,0.0,0.0
LA UNIÓN,2022,,0.0,0.0,0.0
LA UNIÓN,2022,,0.0,0.0,
LA UNIÓN,2022,,0.0,,0.0
LA UNIÓN,2022,,0.0,,0.0
LA UNIÓN,2022,,0.0,,0.0
LA UNIÓN,2022,,0.0,,
LA UNIÓN,2022,,0.0,0.0,0.0
LA UNIÓN,2022,,0.0,0.0,0.0
LA UNIÓN,2022,,0.0,0.0,0.0
LA UNIÓN,2022,,0.0,0.0,
LA UNIÓN,2022,,0.0,0.0,0.0
LA UNIÓN,2022,,0.0,0.0,0.0
LA UNIÓN,2022,,0.0,0.0,0.0
LA UNIÓN,2022,,0.0,0.0,
LA UNIÓN,2022,,0.0,0.0,0.0
LA UNIÓN,2022,,0.0,0.0,0.0
LA UNIÓN,2022,,0.0,0.0,0.0
LA UNIÓN,2022,,0.0,0.0,
LA UNIÓN,2022,,0.0,,0.0
LA UNIÓN,2022,,0.0,,0.0
LA UNIÓN,2022,,0.0,,0.0
LA UNIÓN,2022,,0.0,,
LA UNIÓN,2022,,,0.0,0.0
LA UNIÓN,2022,,,0.0,0.0
LA UNIÓN,2022,,,0.0,0.0
LA UNIÓN,2022,,,0.0,
LA UNIÓN,2022,,,0.0,0.0
LA UNIÓN,2022,,,0.0,0.0
LA UNIÓN,2022,,,0.0,0.0
LA UNIÓN,2022,,,0.0,
LA UNIÓN,2022,,,0.0,0.0
LA UNIÓN,2022,,,0.0,0.0
LA UNIÓN,2022,,,0.0,0.0
LA UNIÓN,2022,,,0.0,
LA UNIÓN,2022,,,,0.0
LA UNIÓN,2022,,,,0.0
LA UNIÓN,2022,,,,0.0
LA UNIÓN,2022,,,,
LA UNIÓN,2023,0.0,0.0,0.0,0.0
LA UNIÓN,2023,0.0,0.0,0.0,0.0
LA UNIÓN,2023,0.0,0.0,0.0,0.0
LA UNIÓN,2023,0.0,0.0,0.0,
LA UNIÓN,2023,0.0,0.0,0.0,0.0
LA UNIÓN,2023,0.0,0.0,0.0,0.0
LA UNIÓN,2023,0.0,0.0,0.0,0.0
LA UNIÓN,2023,0.0,0.0,0.0,
LA UNIÓN,2023,0.0,0.0,0.0,0.0
LA UNIÓN,2023,0.0,0.0,0.0,0.0
LA UNIÓN,2023,0.0,0.0,0.0,0.0
LA UNIÓN,2023,0.0,0.0,0.0,
LA UNIÓN,2023,0.0,0.0,,0.0
LA UNIÓN,2023,0.0,0.0,,0.0
LA UNIÓN,2023,0.0,0.0,,0.0
LA UNIÓN,2023,0.0,0.0,,
LA UNIÓN,2023,0.0,0.0,0.0,0.0
LA UNIÓN,2023,0.0,0.0,0.0,0.0
LA UNIÓN,2023,0.0,0.0,0.0,0.0
LA UNIÓN,2023,0.0,0.0,0.0,
LA UNIÓN,2023,0.0,0.0,0.0,0.0
LA UNIÓN,2023,0.0,0.0,0.0,0.0
LA UNIÓN,2023,0.0,0.0,0.0,0.0
LA UNIÓN,2023,0.0,0.0,0.0,
LA UNIÓN,2023,0.0,0.0,0.0,0.0
LA UNIÓN,2023,0.0,0.0,0.0,0.0
LA UNIÓN,2023,0.0,0.0,0.0,0.0
LA UNIÓN,2023,0.0,0.0,0.0,
LA UNIÓN,2023,0.0,0.0,,0.0
LA UNIÓN,2023,0.0,0.0,,0.0
LA UNIÓN,2023,0.0,0.0,,0.0
LA UNIÓN,2023,0.0,0.0,,
LA UNIÓN,2023,0.0,0.0,0.0,0.0
LA UNIÓN,2023,0.0,0.0,0.0,0.0
LA UNIÓN,2023,0.0,0.0,0.0,0.0
LA UNIÓN,2023,0.0,0.0,0.0,
LA UNIÓN,2023,0.0,0.0,0.0,0.0
LA UNIÓN,2023,0.0,0.0,0.0,0.0
LA UNIÓN,2023,0.0,0.0,0.0,0.0
LA UNIÓN,2023,0.0,0.0,0.0,
LA UNIÓN,2023,0.0,0.0,0.0,0.0
LA UNIÓN,2023,0.0,0.0,0.0,0.0
LA UNIÓN,2023,0.0,0.0,0.0,0.0
LA UNIÓN,2023,0.0,0.0,0.0,
LA UNIÓN,2023,0.0,0.0,,0.0
LA UNIÓN,2023,0.0,0.0,,0.0
LA UNIÓN,2023,0.0,0.0,,0.0
LA UNIÓN,2023,0.0,0.0,,
LA UNIÓN,2023,0.0,,0.0,0.0
LA UNIÓN,2023,0.0,,0.0,0.0
LA UNIÓN,2023,0.0,,0.0,0.0
LA UNIÓN,2023,0.0,,0.0,
LA UNIÓN,2023,0.0,,0.0,0.0
LA UNIÓN,2023,0.0,,0.0,0.0
LA UNIÓN,2023,0.0,,0.0,0.0
LA UNIÓN,2023,0.0,,0.0,
LA UNIÓN,2023,0.0,,0.0,0.0
LA UNIÓN,2023,0.0,,0.0,0.0
LA UNIÓN,2023,0.0,,0.0,0.0
LA UNIÓN,2023,0.0,,0.0,
LA UNIÓN,2023,0.0,,,0.0
LA UNIÓN,2023,0.0,,,0.0
LA UNIÓN,2023,0.0,,,0.0
LA UNIÓN,2023,0.0,,,
LA UNIÓN,2023,0.0,0.0,0.0,0.0
LA UNIÓN,2023,0.0,0.0,0.0,0.0
LA UNIÓN,2023,0.0,0.0,0.0,0.0
LA UNIÓN,2023,0.0,0.0,0.0,
LA UNIÓN,2023,0.0,0.0,0.0,0.0
LA UNIÓN,2023,0.0,0.0,0.0,0.0
LA UNIÓN,2023,0.0,0.0,0.0,0.0
LA UNIÓN,2023,0.0,0.0,0.0,
LA UNIÓN,2023,0.0,0.0,0.0,0.0
LA UNIÓN,2023,0.0,0.0,0.0,0.0
LA UNIÓN,2023,0.0,0.0,0.0,0.0
LA UNIÓN,2023,0.0,0.0,0.0,
LA UNIÓN,2023,0.0,0.0,,0.0
LA UNIÓN,2023,0.0,0.0,,0.0
LA UNIÓN,2023,0.0,0.0,,0.0
LA UNIÓN,2023,0.0,0.0,,
LA UNIÓN,2023,0.0,0.0,0.0,0.0
LA UNIÓN,2023,0.0,0.0,0.0,0.0
LA UNIÓN,2023,0.0,0.0,0.0,0.0
LA UNIÓN,2023,0.0,0.0,0.0,
LA UNIÓN,2023,0.0,0.0,0.0,0.0
LA UNIÓN,2023,0.0,0.0,0.0,0.0
LA UNIÓN,2023,0.0,0.0,0.0,0.0
LA UNIÓN,2023,0.0,0.0,0.0,
LA UNIÓN,2023,0.0,0.0,0.0,0.0
LA UNIÓN,2023,0.0,0.0,0.0,0.0
LA UNIÓN,2023,0.0,0.0,0.0,0.0
LA UNIÓN,2023,0.0,0.0,0.0,
LA UNIÓN,2023,0.0,0.0,,0.0
LA UNIÓN,2023,0.0,0.0,,0.0
LA UNIÓN,2023,0.0,0.0,,0.0
LA UNIÓN,2023,0.0,0.0,,
LA UNIÓN,2023,0.0,0.0,0.0,0.0
LA UNIÓN,2023,0.0,0.0,0.0,0.0
LA UNIÓN,2023,0.0,0.0,0.0,0.0
LA UNIÓN,2023,0.0,0.0,0.0,
LA UNIÓN,2023,0.0,0.0,0.0,0.0
LA UNIÓN,2023,0.0,0.0,0.0,0.0
LA UNIÓN,2023,0.0,0.0,0.0,0.0
LA UNIÓN,2023,0.0,0.0,0.0,
LA UNIÓN,2023,0.0,0.0,0.0,0.0
LA UNIÓN,2023,0.0,0.0,0.0,0.0
LA UNIÓN,2023,0.0,0.0,0.0,0.0
LA UNIÓN,2023,0.0,0.0,0.0,
LA UNIÓN,2023,0.0,0.0,,0.0
LA UNIÓN,2023,0.0,0.0,,0.0
LA UNIÓN,2023,0.0,0.0,,0.0
LA UNIÓN,2023,0.0,0.0,,
LA UNIÓN,2023,0.0,,0.0,0.0
LA UNIÓN,2023,0.0,,0.0,0.0
LA UNIÓN,2023,0.0,,0.0,0.0
LA UNIÓN,2023,0.0,,0.0,
LA UNIÓN,2023,0.0,,0.0,0.0
LA UNIÓN,2023,0.0,,0.0,0.0
LA UNIÓN,2023,0.0,,0.0,0.0
LA UNIÓN,2023,0.0,,0.0,
LA UNIÓN,2023,0.0,,0.0,0.0
LA UNIÓN,2023,0.0,,0.0,0.0
LA UNIÓN,2023,0.0,,0.0,0.0
LA UNIÓN,2023,0.0,,0.0,
LA UNIÓN,2023,0.0,,,0.0
LA UNIÓN,2023,0.0,,,0.0
LA UNIÓN,2023,0.0,,,0.0
LA UNIÓN,2023,0.0,,,
LA UNIÓN,2023,0.0,0.0,0.0,0.0
LA UNIÓN,2023,0.0,0.0,0.0,0.0
LA UNIÓN,2023,0.0,0.0,0.0,0.0
LA UNIÓN,2023,0.0,0.0,0.0,
LA UNIÓN,2023,0.0,0.0,0.0,0.0
LA UNIÓN,2023,0.0,0.0,0.0,0.0
LA UNIÓN,2023,0.0,0.0,0.0,0.0
LA UNIÓN,2023,0.0,0.0,0.0,
LA UNIÓN,2023,0.0,0.0,0.0,0.0
LA UNIÓN,2023,0.0,0.0,0.0,0.0
LA UNIÓN,2023,0.0,0.0,0.0,0.0
LA UNIÓN,2023,0.0,0.0,0.0,
LA UNIÓN,2023,0.0,0.0,,0.0
LA UNIÓN,2023,0.0,0.0,,0.0
LA UNIÓN,2023,0.0,0.0,,0.0
LA UNIÓN,2023,0.0,0.0,,
LA UNIÓN,2023,0.0,0.0,0.0,0.0
LA UNIÓN,2023,0.0,0.0,0.0,0.0
LA UNIÓN,2023,0.0,0.0,0.0,0.0
LA UNIÓN,2023,0.0,0.0,0.0,
LA UNIÓN,2023,0.0,0.0,0.0,0.0
LA UNIÓN,2023,0.0,0.0,0.0,0.0
LA UNIÓN,2023,0.0,0.0,0.0,0.0
LA UNIÓN,2023,0.0,0.0,0.0,
LA UNIÓN,2023,0.0,0.0,0.0,0.0
LA UNIÓN,2023,0.0,0.0,0.0,0.0
LA UNIÓN,2023,0.0,0.0,0.0,0.0
LA UNIÓN,2023,0.0,0.0,0.0,
LA UNIÓN,2023,0.0,0.0,,0.0
LA UNIÓN,2023,0.0,0.0,,0.0
LA UNIÓN,2023,0.0,0.0,,0.0
LA UNIÓN,2023,0.0,0.0,,
LA UNIÓN,2023,0.0,0.0,0.0,0.0
LA UNIÓN,2023,0.0,0.0,0.0,0.0
LA UNIÓN,2023,0.0,0.0,0.0,0.0
LA UNIÓN,2023,0.0,0.0,0.0,
LA UNIÓN,2023,0.0,0.0,0.0,0.0
LA UNIÓN,2023,0.0,0.0,0.0,0.0
LA UNIÓN,2023,0.0,0.0,0.0,0.0
LA UNIÓN,2023,0.0,0.0,0.0,
LA UNIÓN,2023,0.0,0.0,0.0,0.0
LA UNIÓN,2023,0.0,0.0,0.0,0.0
LA UNIÓN,2023,0.0,0.0,0.0,0.0
LA UNIÓN,2023,0.0,0.0,0.0,
LA UNIÓN,2023,0.0,0.0,,0.0
LA UNIÓN,2023,0.0,0.0,,0.0
LA UNIÓN,2023,0.0,0.0,,0.0
LA UNIÓN,2023,0.0,0.0,,
LA UNIÓN,2023,0.0,,0.0,0.0
LA UNIÓN,2023,0.0,,0.0,0.0
LA UNIÓN,2023,0.0,,0.0,0.0
LA UNIÓN,2023,0.0,,0.0,
LA UNIÓN,2023,0.0,,0.0,0.0
LA UNIÓN,2023,0.0,,0.0,0.0
LA UNIÓN,2023,0.0,,0.0,0.0
LA UNIÓN,2023,0.0,,0.0,
LA UNIÓN,2023,0.0,,0.0,0.0
LA UNIÓN,2023,0.0,,0.0,0.0
LA UNIÓN,2023,0.0,,0.0,0.0
LA UNIÓN,2023,0.0,,0.0,
LA UNIÓN,2023,0.0,,,0.0
LA UNIÓN,2023,0.0,,,0.0
LA UNIÓN,2023,0.0,,,0.0
LA UNIÓN,2023,0.0,,,
LA UNIÓN,2023,,0.0,0.0,0.0
LA UNIÓN,2023,,0.0,0.0,0.0
LA UNIÓN,2023,,0.0,0.0,0.0
LA UNIÓN,2023,,0.0,0.0,
LA UNIÓN,2023,,0.0,0.0,0.0
LA UNIÓN,2023,,0.0,0.0,0.0
LA UNIÓN,2023,,0.0,0.0,0.0
LA UNIÓN,2023,,0.0,0.0,
LA UNIÓN,2023,,0.0,0.0,0.0
LA UNIÓN,2023,,0.0,0.0,0.0
LA UNIÓN,2023,,0.0,0.0,0.0
LA UNIÓN,2023,,0.0,0.0,
LA UNIÓN,2023,,0.0,,0.0
LA UNIÓN,2023,,0.0,,0.0
LA UNIÓN,2023,,0.0,,0.0
LA UNIÓN,2023,,0.0,,
LA UNIÓN,2023,,0.0,0.0,0.0
LA UNIÓN,2023,,0.0,0.0,0.0
LA UNIÓN,2023,,0.0,0.0,0.0
LA UNIÓN,2023,,0.0,0.0,
LA UNIÓN,2023,,0.0,0.0,0.0
LA UNIÓN,2023,,0.0,0.0,0.0
LA UNIÓN,2023,,0.0,0.0,0.0
LA UNIÓN,2023,,0.0,0.0,
LA UNIÓN,2023,,0.0,0.0,0.0
LA UNIÓN,2023,,0.0,0.0,0.0
LA UNIÓN,2023,,0.0,0.0,0.0
LA UNIÓN,2023,,0.0,0.0,
LA UNIÓN,2023,,0.0,,0.0
LA UNIÓN,2023,,0.0,,0.0
LA UNIÓN,2023,,0.0,,0.0
LA UNIÓN,2023,,0.0,,
LA UNIÓN,2023,,0.0,0.0,0.0
LA UNIÓN,2023,,0.0,0.0,0.0
LA UNIÓN,2023,,0.0,0.0,0.0
LA UNIÓN,2023,,0.0,0.0,
LA UNIÓN,2023,,0.0,0.0,0.0
LA UNIÓN,2023,,0.0,0.0,0.0
LA UNIÓN,2023,,0.0,0.0,0.0
LA UNIÓN,2023,,0.0,0.0,
LA UNIÓN,2023,,0.0,0.0,0.0
LA UNIÓN,2023,,0.0,0.0,0.0
LA UNIÓN,2023,,0.0,0.0,0.0
LA UNIÓN,2023,,0.0,0.0,
LA UNIÓN,2023,,0.0,,0.0
LA UNIÓN,2023,,0.0,,0.0
LA UNIÓN,2023,,0.0,,0.0
LA UNIÓN,2023,,0.0,,
LA UNIÓN,2023,,,0.0,0.0
LA UNIÓN,2023,,,0.0,0.0
LA UNIÓN,2023,,,0.0,0.0
LA UNIÓN,2023,,,0.0,
LA UNIÓN,2023,,,0.0,0.0
LA UNIÓN,2023,,,0.0,0.0
LA UNIÓN,2023,,,0.0,0.0
LA UNIÓN,2023,,,0.0,
LA UNIÓN,2023,,,0.0,0.0
LA UNIÓN,2023,,,0.0,0.0
LA UNIÓN,2023,,,0.0,0.0
LA UNIÓN,2023,,,0.0,
LA UNIÓN,2023,,,,0.0
LA UNIÓN,2023,,,,0.0
LA UNIÓN,2023,,,,0.0
LA UNIÓN,2023,,,,
LA UVITA,2017,,,,
LA UVITA,2018,,,,
LA UVITA,2019,,,,
LA UVITA,2020,,,,
LA UVITA,2021,,,,
LA UVITA,2022,,,,
LA UVITA,2023,,,,
LA VEGA,2017,0.0,0.0,0.0,0.0
LA VEGA,2017,0.0,0.0,0.0,
LA VEGA,2017,0.0,0.0,,0.0
LA VEGA,2017,0.0,0.0,,
LA VEGA,2017,0.0,,0.0,0.0
LA VEGA,2017,0.0,,0.0,
LA VEGA,2017,0.0,,,0.0
LA VEGA,2017,0.0,,,
LA VEGA,2017,,0.0,0.0,0.0
LA VEGA,2017,,0.0,0.0,
LA VEGA,2017,,0.0,,0.0
LA VEGA,2017,,0.0,,
LA VEGA,2017,,,0.0,0.0
LA VEGA,2017,,,0.0,
LA VEGA,2017,,,,0.0
LA VEGA,2017,,,,
LA VEGA,2018,0.0,0.0,0.0,0.0
LA VEGA,2018,0.0,0.0,0.0,
LA VEGA,2018,0.0,0.0,,0.0
LA VEGA,2018,0.0,0.0,,
LA VEGA,2018,0.0,,0.0,0.0
LA VEGA,2018,0.0,,0.0,
LA VEGA,2018,0.0,,,0.0
LA VEGA,2018,0.0,,,
LA VEGA,2018,,0.0,0.0,0.0
LA VEGA,2018,,0.0,0.0,
LA VEGA,2018,,0.0,,0.0
LA VEGA,2018,,0.0,,
LA VEGA,2018,,,0.0,0.0
LA VEGA,2018,,,0.0,
LA VEGA,2018,,,,0.0
LA VEGA,2018,,,,
LA VEGA,2019,0.0,0.0,0.0,0.0
LA VEGA,2019,0.0,0.0,0.0,
LA VEGA,2019,0.0,0.0,,0.0
LA VEGA,2019,0.0,0.0,,
LA VEGA,2019,0.0,,0.0,0.0
LA VEGA,2019,0.0,,0.0,
LA VEGA,2019,0.0,,,0.0
LA VEGA,2019,0.0,,,
LA VEGA,2019,,0.0,0.0,0.0
LA VEGA,2019,,0.0,0.0,
LA VEGA,2019,,0.0,,0.0
LA VEGA,2019,,0.0,,
LA VEGA,2019,,,0.0,0.0
LA VEGA,2019,,,0.0,
LA VEGA,2019,,,,0.0
LA VEGA,2019,,,,
LA VEGA,2020,0.0,0.0,0.0,0.0
LA VEGA,2020,0.0,0.0,0.0,
LA VEGA,2020,0.0,0.0,,0.0
LA VEGA,2020,0.0,0.0,,
LA VEGA,2020,0.0,,0.0,0.0
LA VEGA,2020,0.0,,0.0,
LA VEGA,2020,0.0,,,0.0
LA VEGA,2020,0.0,,,
LA VEGA,2020,,0.0,0.0,0.0
LA VEGA,2020,,0.0,0.0,
LA VEGA,2020,,0.0,,0.0
LA VEGA,2020,,0.0,,
LA VEGA,2020,,,0.0,0.0
LA VEGA,2020,,,0.0,
LA VEGA,2020,,,,0.0
LA VEGA,2020,,,,
LA VEGA,2021,0.0,0.0,0.0,0.0
LA VEGA,2021,0.0,0.0,0.0,
LA VEGA,2021,0.0,0.0,,0.0
LA VEGA,2021,0.0,0.0,,
LA VEGA,2021,0.0,,0.0,0.0
LA VEGA,2021,0.0,,0.0,
LA VEGA,2021,0.0,,,0.0
LA VEGA,2021,0.0,,,
LA VEGA,2021,,0.0,0.0,0.0
LA VEGA,2021,,0.0,0.0,
LA VEGA,2021,,0.0,,0.0
LA VEGA,2021,,0.0,,
LA VEGA,2021,,,0.0,0.0
LA VEGA,2021,,,0.0,
LA VEGA,2021,,,,0.0
LA VEGA,2021,,,,
LA VEGA,2022,0.0,0.0,0.0,0.0
LA VEGA,2022,0.0,0.0,0.0,
LA VEGA,2022,0.0,0.0,,0.0
LA VEGA,2022,0.0,0.0,,
LA VEGA,2022,0.0,,0.0,0.0
LA VEGA,2022,0.0,,0.0,
LA VEGA,2022,0.0,,,0.0
LA VEGA,2022,0.0,,,
LA VEGA,2022,,0.0,0.0,0.0
LA VEGA,2022,,0.0,0.0,
LA VEGA,2022,,0.0,,0.0
LA VEGA,2022,,0.0,,
LA VEGA,2022,,,0.0,0.0
LA VEGA,2022,,,0.0,
LA VEGA,2022,,,,0.0
LA VEGA,2022,,,,
LA VEGA,2023,0.0,0.0,0.0,0.0
LA VEGA,2023,0.0,0.0,0.0,
LA VEGA,2023,0.0,0.0,,0.0
LA VEGA,2023,0.0,0.0,,
LA VEGA,2023,0.0,,0.0,0.0
LA VEGA,2023,0.0,,0.0,
LA VEGA,2023,0.0,,,0.0
LA VEGA,2023,0.0,,,
LA VEGA,2023,,0.0,0.0,0.0
LA VEGA,2023,,0.0,0.0,
LA VEGA,2023,,0.0,,0.0
LA VEGA,2023,,0.0,,
LA VEGA,2023,,,0.0,0.0
LA VEGA,2023,,,0.0,
LA VEGA,2023,,,,0.0
LA VEGA,2023,,,,
LA VICTORIA,2017,,,,
LA VICTORIA,2017,,,,0.0
LA VICTORIA,2017,,,,0.0
LA VICTORIA,2017,,,0.0,
LA VICTORIA,2017,,,0.0,0.0
LA VICTORIA,2017,,,0.0,0.0
LA VICTORIA,2017,,,0.0,
LA VICTORIA,2017,,,0.0,0.0
LA VICTORIA,2017,,,0.0,0.0
LA VICTORIA,2017,,0.0,,
LA VICTORIA,2017,,0.0,,0.0
LA VICTORIA,2017,,0.0,,0.0
LA VICTORIA,2017,,0.0,0.0,
LA VICTORIA,2017,,0.0,0.0,0.0
LA VICTORIA,2017,,0.0,0.0,0.0
LA VICTORIA,2017,,0.0,0.0,
LA VICTORIA,2017,,0.0,0.0,0.0
LA VICTORIA,2017,,0.0,0.0,0.0
LA VICTORIA,2017,,0.0,,
LA VICTORIA,2017,,0.0,,0.0
LA VICTORIA,2017,,0.0,,0.0
LA VICTORIA,2017,,0.0,0.0,
LA VICTORIA,2017,,0.0,0.0,0.0
LA VICTORIA,2017,,0.0,0.0,0.0
LA VICTORIA,2017,,0.0,0.0,
LA VICTORIA,2017,,0.0,0.0,0.0
LA VICTORIA,2017,,0.0,0.0,0.0
LA VICTORIA,2017,0.0,,,
LA VICTORIA,2017,0.0,,,0.0
LA VICTORIA,2017,0.0,,,0.0
LA VICTORIA,2017,0.0,,0.0,
LA VICTORIA,2017,0.0,,0.0,0.0
LA VICTORIA,2017,0.0,,0.0,0.0
LA VICTORIA,2017,0.0,,0.0,
LA VICTORIA,2017,0.0,,0.0,0.0
LA VICTORIA,2017,0.0,,0.0,0.0
LA VICTORIA,2017,0.0,0.0,,
LA VICTORIA,2017,0.0,0.0,,0.0
LA VICTORIA,2017,0.0,0.0,,0.0
LA VICTORIA,2017,0.0,0.0,0.0,
LA VICTORIA,2017,0.0,0.0,0.0,0.0
LA VICTORIA,2017,0.0,0.0,0.0,0.0
LA VICTORIA,2017,0.0,0.0,0.0,
LA VICTORIA,2017,0.0,0.0,0.0,0.0
LA VICTORIA,2017,0.0,0.0,0.0,0.0
LA VICTORIA,2017,0.0,0.0,,
LA VICTORIA,2017,0.0,0.0,,0.0
LA VICTORIA,2017,0.0,0.0,,0.0
LA VICTORIA,2017,0.0,0.0,0.0,
LA VICTORIA,2017,0.0,0.0,0.0,0.0
LA VICTORIA,2017,0.0,0.0,0.0,0.0
LA VICTORIA,2017,0.0,0.0,0.0,
LA VICTORIA,2017,0.0,0.0,0.0,0.0
LA VICTORIA,2017,0.0,0.0,0.0,0.0
LA VICTORIA,2017,95.43,,,
LA VICTORIA,2017,95.43,,,0.0
LA VICTORIA,2017,95.43,,,0.0
LA VICTORIA,2017,95.43,,0.0,
LA VICTORIA,2017,95.43,,0.0,0.0
LA VICTORIA,2017,95.43,,0.0,0.0
LA VICTORIA,2017,95.43,,0.0,
LA VICTORIA,2017,95.43,,0.0,0.0
LA VICTORIA,2017,95.43,,0.0,0.0
LA VICTORIA,2017,95.43,0.0,,
LA VICTORIA,2017,95.43,0.0,,0.0
LA VICTORIA,2017,95.43,0.0,,0.0
LA VICTORIA,2017,95.43,0.0,0.0,
LA VICTORIA,2017,95.43,0.0,0.0,0.0
LA VICTORIA,2017,95.43,0.0,0.0,0.0
LA VICTORIA,2017,95.43,0.0,0.0,
LA VICTORIA,2017,95.43,0.0,0.0,0.0
LA VICTORIA,2017,95.43,0.0,0.0,0.0
LA VICTORIA,2017,95.43,0.0,,
LA VICTORIA,2017,95.43,0.0,,0.0
LA VICTORIA,2017,95.43,0.0,,0.0
LA VICTORIA,2017,95.43,0.0,0.0,
LA VICTORIA,2017,95.43,0.0,0.0,0.0
LA VICTORIA,2017,95.43,0.0,0.0,0.0
LA VICTORIA,2017,95.43,0.0,0.0,
LA VICTORIA,2017,95.43,0.0,0.0,0.0
LA VICTORIA,2017,95.43,0.0,0.0,0.0
LA VICTORIA,2018,,,,
LA VICTORIA,2018,,,,0.0
LA VICTORIA,2018,,,,0.0
LA VICTORIA,2018,,,0.0,
LA VICTORIA,2018,,,0.0,0.0
LA VICTORIA,2018,,,0.0,0.0
LA VICTORIA,2018,,,0.0,
LA VICTORIA,2018,,,0.0,0.0
LA VICTORIA,2018,,,0.0,0.0
LA VICTORIA,2018,,0.0,,
LA VICTORIA,2018,,0.0,,0.0
LA VICTORIA,2018,,0.0,,0.0
LA VICTORIA,2018,,0.0,0.0,
LA VICTORIA,2018,,0.0,0.0,0.0
LA VICTORIA,2018,,0.0,0.0,0.0
LA VICTORIA,2018,,0.0,0.0,
LA VICTORIA,2018,,0.0,0.0,0.0
LA VICTORIA,2018,,0.0,0.0,0.0
LA VICTORIA,2018,,749020.43,,
LA VICTORIA,2018,,749020.43,,0.0
LA VICTORIA,2018,,749020.43,,0.0
LA VICTORIA,2018,,749020.43,0.0,
LA VICTORIA,2018,,749020.43,0.0,0.0
LA VICTORIA,2018,,749020.43,0.0,0.0
LA VICTORIA,2018,,749020.43,0.0,
LA VICTORIA,2018,,749020.43,0.0,0.0
LA VICTORIA,2018,,749020.43,0.0,0.0
LA VICTORIA,2018,0.0,,,
LA VICTORIA,2018,0.0,,,0.0
LA VICTORIA,2018,0.0,,,0.0
LA VICTORIA,2018,0.0,,0.0,
LA VICTORIA,2018,0.0,,0.0,0.0
LA VICTORIA,2018,0.0,,0.0,0.0
LA VICTORIA,2018,0.0,,0.0,
LA VICTORIA,2018,0.0,,0.0,0.0
LA VICTORIA,2018,0.0,,0.0,0.0
LA VICTORIA,2018,0.0,0.0,,
LA VICTORIA,2018,0.0,0.0,,0.0
LA VICTORIA,2018,0.0,0.0,,0.0
LA VICTORIA,2018,0.0,0.0,0.0,
LA VICTORIA,2018,0.0,0.0,0.0,0.0
LA VICTORIA,2018,0.0,0.0,0.0,0.0
LA VICTORIA,2018,0.0,0.0,0.0,
LA VICTORIA,2018,0.0,0.0,0.0,0.0
LA VICTORIA,2018,0.0,0.0,0.0,0.0
LA VICTORIA,2018,0.0,749020.43,,
LA VICTORIA,2018,0.0,749020.43,,0.0
LA VICTORIA,2018,0.0,749020.43,,0.0
LA VICTORIA,2018,0.0,749020.43,0.0,
LA VICTORIA,2018,0.0,749020.43,0.0,0.0
LA VICTORIA,2018,0.0,749020.43,0.0,0.0
LA VICTORIA,2018,0.0,749020.43,0.0,
LA VICTORIA,2018,0.0,749020.43,0.0,0.0
LA VICTORIA,2018,0.0,749020.43,0.0,0.0
LA VICTORIA,2018,0.0,,,
LA VICTORIA,2018,0.0,,,0.0
LA VICTORIA,2018,0.0,,,0.0
LA VICTORIA,2018,0.0,,0.0,
LA VICTORIA,2018,0.0,,0.0,0.0
LA VICTORIA,2018,0.0,,0.0,0.0
LA VICTORIA,2018,0.0,,0.0,
LA VICTORIA,2018,0.0,,0.0,0.0
LA VICTORIA,2018,0.0,,0.0,0.0
LA VICTORIA,2018,0.0,0.0,,
LA VICTORIA,2018,0.0,0.0,,0.0
LA VICTORIA,2018,0.0,0.0,,0.0
LA VICTORIA,2018,0.0,0.0,0.0,
LA VICTORIA,2018,0.0,0.0,0.0,0.0
LA VICTORIA,2018,0.0,0.0,0.0,0.0
LA VICTORIA,2018,0.0,0.0,0.0,
LA VICTORIA,2018,0.0,0.0,0.0,0.0
LA VICTORIA,2018,0.0,0.0,0.0,0.0
LA VICTORIA,2018,0.0,749020.43,,
LA VICTORIA,2018,0.0,749020.43,,0.0
LA VICTORIA,2018,0.0,749020.43,,0.0
LA VICTORIA,2018,0.0,749020.43,0.0,
LA VICTORIA,2018,0.0,749020.43,0.0,0.0
LA VICTORIA,2018,0.0,749020.43,0.0,0.0
LA VICTORIA,2018,0.0,749020.43,0.0,
LA VICTORIA,2018,0.0,749020.43,0.0,0.0
LA VICTORIA,2018,0.0,749020.43,0.0,0.0
LA VICTORIA,2019,,,,
LA VICTORIA,2019,,,,0.0
LA VICTORIA,2019,,,,0.0
LA VICTORIA,2019,,,0.0,
LA VICTORIA,2019,,,0.0,0.0
LA VICTORIA,2019,,,0.0,0.0
LA VICTORIA,2019,,,0.0,
LA VICTORIA,2019,,,0.0,0.0
LA VICTORIA,2019,,,0.0,0.0
LA VICTORIA,2019,,0.0,,
LA VICTORIA,2019,,0.0,,0.0
LA VICTORIA,2019,,0.0,,0.0
LA VICTORIA,2019,,0.0,0.0,
LA VICTORIA,2019,,0.0,0.0,0.0
LA VICTORIA,2019,,0.0,0.0,0.0
LA VICTORIA,2019,,0.0,0.0,
LA VICTORIA,2019,,0.0,0.0,0.0
LA VICTORIA,2019,,0.0,0.0,0.0
LA VICTORIA,2019,,0.0,,
LA VICTORIA,2019,,0.0,,0.0
LA VICTORIA,2019,,0.0,,0.0
LA VICTORIA,2019,,0.0,0.0,
LA VICTORIA,2019,,0.0,0.0,0.0
LA VICTORIA,2019,,0.0,0.0,0.0
LA VICTORIA,2019,,0.0,0.0,
LA VICTORIA,2019,,0.0,0.0,0.0
LA VICTORIA,2019,,0.0,0.0,0.0
LA VICTORIA,2019,0.0,,,
LA VICTORIA,2019,0.0,,,0.0
LA VICTORIA,2019,0.0,,,0.0
LA VICTORIA,2019,0.0,,0.0,
LA VICTORIA,2019,0.0,,0.0,0.0
LA VICTORIA,2019,0.0,,0.0,0.0
LA VICTORIA,2019,0.0,,0.0,
LA VICTORIA,2019,0.0,,0.0,0.0
LA VICTORIA,2019,0.0,,0.0,0.0
LA VICTORIA,2019,0.0,0.0,,
LA VICTORIA,2019,0.0,0.0,,0.0
LA VICTORIA,2019,0.0,0.0,,0.0
LA VICTORIA,2019,0.0,0.0,0.0,
LA VICTORIA,2019,0.0,0.0,0.0,0.0
LA VICTORIA,2019,0.0,0.0,0.0,0.0
LA VICTORIA,2019,0.0,0.0,0.0,
LA VICTORIA,2019,0.0,0.0,0.0,0.0
LA VICTORIA,2019,0.0,0.0,0.0,0.0
LA VICTORIA,2019,0.0,0.0,,
LA VICTORIA,2019,0.0,0.0,,0.0
LA VICTORIA,2019,0.0,0.0,,0.0
LA VICTORIA,2019,0.0,0.0,0.0,
LA VICTORIA,2019,0.0,0.0,0.0,0.0
LA VICTORIA,2019,0.0,0.0,0.0,0.0
LA VICTORIA,2019,0.0,0.0,0.0,
LA VICTORIA,2019,0.0,0.0,0.0,0.0
LA VICTORIA,2019,0.0,0.0,0.0,0.0
LA VICTORIA,2019,0.0,,,
LA VICTORIA,2019,0.0,,,0.0
LA VICTORIA,2019,0.0,,,0.0
LA VICTORIA,2019,0.0,,0.0,
LA VICTORIA,2019,0.0,,0.0,0.0
LA VICTORIA,2019,0.0,,0.0,0.0
LA VICTORIA,2019,0.0,,0.0,
LA VICTORIA,2019,0.0,,0.0,0.0
LA VICTORIA,2019,0.0,,0.0,0.0
LA VICTORIA,2019,0.0,0.0,,
LA VICTORIA,2019,0.0,0.0,,0.0
LA VICTORIA,2019,0.0,0.0,,0.0
LA VICTORIA,2019,0.0,0.0,0.0,
LA VICTORIA,2019,0.0,0.0,0.0,0.0
LA VICTORIA,2019,0.0,0.0,0.0,0.0
LA VICTORIA,2019,0.0,0.0,0.0,
LA VICTORIA,2019,0.0,0.0,0.0,0.0
LA VICTORIA,2019,0.0,0.0,0.0,0.0
LA VICTORIA,2019,0.0,0.0,,
LA VICTORIA,2019,0.0,0.0,,0.0
LA VICTORIA,2019,0.0,0.0,,0.0
LA VICTORIA,2019,0.0,0.0,0.0,
LA VICTORIA,2019,0.0,0.0,0.0,0.0
LA VICTORIA,2019,0.0,0.0,0.0,0.0
LA VICTORIA,2019,0.0,0.0,0.0,
LA VICTORIA,2019,0.0,0.0,0.0,0.0
LA VICTORIA,2019,0.0,0.0,0.0,0.0
LA VICTORIA,2020,,,,
LA VICTORIA,2020,,,,0.0
LA VICTORIA,2020,,,,0.0
LA VICTORIA,2020,,,0.0,
LA VICTORIA,2020,,,0.0,0.0
LA VICTORIA,2020,,,0.0,0.0
LA VICTORIA,2020,,,0.0,
LA VICTORIA,2020,,,0.0,0.0
LA VICTORIA,2020,,,0.0,0.0
LA VICTORIA,2020,,0.0,,
LA VICTORIA,2020,,0.0,,0.0
LA VICTORIA,2020,,0.0,,0.0
LA VICTORIA,2020,,0.0,0.0,
LA VICTORIA,2020,,0.0,0.0,0.0
LA VICTORIA,2020,,0.0,0.0,0.0
LA VICTORIA,2020,,0.0,0.0,
LA VICTORIA,2020,,0.0,0.0,0.0
LA VICTORIA,2020,,0.0,0.0,0.0
LA VICTORIA,2020,,0.0,,
LA VICTORIA,2020,,0.0,,0.0
LA VICTORIA,2020,,0.0,,0.0
LA VICTORIA,2020,,0.0,0.0,
LA VICTORIA,2020,,0.0,0.0,0.0
LA VICTORIA,2020,,0.0,0.0,0.0
LA VICTORIA,2020,,0.0,0.0,
LA VICTORIA,2020,,0.0,0.0,0.0
LA VICTORIA,2020,,0.0,0.0,0.0
LA VICTORIA,2020,0.0,,,
LA VICTORIA,2020,0.0,,,0.0
LA VICTORIA,2020,0.0,,,0.0
LA VICTORIA,2020,0.0,,0.0,
LA VICTORIA,2020,0.0,,0.0,0.0
LA VICTORIA,2020,0.0,,0.0,0.0
LA VICTORIA,2020,0.0,,0.0,
LA VICTORIA,2020,0.0,,0.0,0.0
LA VICTORIA,2020,0.0,,0.0,0.0
LA VICTORIA,2020,0.0,0.0,,
LA VICTORIA,2020,0.0,0.0,,0.0
LA VICTORIA,2020,0.0,0.0,,0.0
LA VICTORIA,2020,0.0,0.0,0.0,
LA VICTORIA,2020,0.0,0.0,0.0,0.0
LA VICTORIA,2020,0.0,0.0,0.0,0.0
LA VICTORIA,2020,0.0,0.0,0.0,
LA VICTORIA,2020,0.0,0.0,0.0,0.0
LA VICTORIA,2020,0.0,0.0,0.0,0.0
LA VICTORIA,2020,0.0,0.0,,
LA VICTORIA,2020,0.0,0.0,,0.0
LA VICTORIA,2020,0.0,0.0,,0.0
LA VICTORIA,2020,0.0,0.0,0.0,
LA VICTORIA,2020,0.0,0.0,0.0,0.0
LA VICTORIA,2020,0.0,0.0,0.0,0.0
LA VICTORIA,2020,0.0,0.0,0.0,
LA VICTORIA,2020,0.0,0.0,0.0,0.0
LA VICTORIA,2020,0.0,0.0,0.0,0.0
LA VICTORIA,2020,0.0,,,
LA VICTORIA,2020,0.0,,,0.0
LA VICTORIA,2020,0.0,,,0.0
LA VICTORIA,2020,0.0,,0.0,
LA VICTORIA,2020,0.0,,0.0,0.0
LA VICTORIA,2020,0.0,,0.0,0.0
LA VICTORIA,2020,0.0,,0.0,
LA VICTORIA,2020,0.0,,0.0,0.0
LA VICTORIA,2020,0.0,,0.0,0.0
LA VICTORIA,2020,0.0,0.0,,
LA VICTORIA,2020,0.0,0.0,,0.0
LA VICTORIA,2020,0.0,0.0,,0.0
LA VICTORIA,2020,0.0,0.0,0.0,
LA VICTORIA,2020,0.0,0.0,0.0,0.0
LA VICTORIA,2020,0.0,0.0,0.0,0.0
LA VICTORIA,2020,0.0,0.0,0.0,
LA VICTORIA,2020,0.0,0.0,0.0,0.0
LA VICTORIA,2020,0.0,0.0,0.0,0.0
LA VICTORIA,2020,0.0,0.0,,
LA VICTORIA,2020,0.0,0.0,,0.0
LA VICTORIA,2020,0.0,0.0,,0.0
LA VICTORIA,2020,0.0,0.0,0.0,
LA VICTORIA,2020,0.0,0.0,0.0,0.0
LA VICTORIA,2020,0.0,0.0,0.0,0.0
LA VICTORIA,2020,0.0,0.0,0.0,
LA VICTORIA,2020,0.0,0.0,0.0,0.0
LA VICTORIA,2020,0.0,0.0,0.0,0.0
LA VICTORIA,2021,,,,
LA VICTORIA,2021,,,,0.0
LA VICTORIA,2021,,,,0.0
LA VICTORIA,2021,,,0.0,
LA VICTORIA,2021,,,0.0,0.0
LA VICTORIA,2021,,,0.0,0.0
LA VICTORIA,2021,,,0.0,
LA VICTORIA,2021,,,0.0,0.0
LA VICTORIA,2021,,,0.0,0.0
LA VICTORIA,2021,,0.0,,
LA VICTORIA,2021,,0.0,,0.0
LA VICTORIA,2021,,0.0,,0.0
LA VICTORIA,2021,,0.0,0.0,
LA VICTORIA,2021,,0.0,0.0,0.0
LA VICTORIA,2021,,0.0,0.0,0.0
LA VICTORIA,2021,,0.0,0.0,
LA VICTORIA,2021,,0.0,0.0,0.0
LA VICTORIA,2021,,0.0,0.0,0.0
LA VICTORIA,2021,,0.0,,
LA VICTORIA,2021,,0.0,,0.0
LA VICTORIA,2021,,0.0,,0.0
LA VICTORIA,2021,,0.0,0.0,
LA VICTORIA,2021,,0.0,0.0,0.0
LA VICTORIA,2021,,0.0,0.0,0.0
LA VICTORIA,2021,,0.0,0.0,
LA VICTORIA,2021,,0.0,0.0,0.0
LA VICTORIA,2021,,0.0,0.0,0.0
LA VICTORIA,2021,0.0,,,
LA VICTORIA,2021,0.0,,,0.0
LA VICTORIA,2021,0.0,,,0.0
LA VICTORIA,2021,0.0,,0.0,
LA VICTORIA,2021,0.0,,0.0,0.0
LA VICTORIA,2021,0.0,,0.0,0.0
LA VICTORIA,2021,0.0,,0.0,
LA VICTORIA,2021,0.0,,0.0,0.0
LA VICTORIA,2021,0.0,,0.0,0.0
LA VICTORIA,2021,0.0,0.0,,
LA VICTORIA,2021,0.0,0.0,,0.0
LA VICTORIA,2021,0.0,0.0,,0.0
LA VICTORIA,2021,0.0,0.0,0.0,
LA VICTORIA,2021,0.0,0.0,0.0,0.0
LA VICTORIA,2021,0.0,0.0,0.0,0.0
LA VICTORIA,2021,0.0,0.0,0.0,
LA VICTORIA,2021,0.0,0.0,0.0,0.0
LA VICTORIA,2021,0.0,0.0,0.0,0.0
LA VICTORIA,2021,0.0,0.0,,
LA VICTORIA,2021,0.0,0.0,,0.0
LA VICTORIA,2021,0.0,0.0,,0.0
LA VICTORIA,2021,0.0,0.0,0.0,
LA VICTORIA,2021,0.0,0.0,0.0,0.0
LA VICTORIA,2021,0.0,0.0,0.0,0.0
LA VICTORIA,2021,0.0,0.0,0.0,
LA VICTORIA,2021,0.0,0.0,0.0,0.0
LA VICTORIA,2021,0.0,0.0,0.0,0.0
LA VICTORIA,2021,0.0,,,
LA VICTORIA,2021,0.0,,,0.0
LA VICTORIA,2021,0.0,,,0.0
LA VICTORIA,2021,0.0,,0.0,
LA VICTORIA,2021,0.0,,0.0,0.0
LA VICTORIA,2021,0.0,,0.0,0.0
LA VICTORIA,2021,0.0,,0.0,
LA VICTORIA,2021,0.0,,0.0,0.0
LA VICTORIA,2021,0.0,,0.0,0.0
LA VICTORIA,2021,0.0,0.0,,
LA VICTORIA,2021,0.0,0.0,,0.0
LA VICTORIA,2021,0.0,0.0,,0.0
LA VICTORIA,2021,0.0,0.0,0.0,
LA VICTORIA,2021,0.0,0.0,0.0,0.0
LA VICTORIA,2021,0.0,0.0,0.0,0.0
LA VICTORIA,2021,0.0,0.0,0.0,
LA VICTORIA,2021,0.0,0.0,0.0,0.0
LA VICTORIA,2021,0.0,0.0,0.0,0.0
LA VICTORIA,2021,0.0,0.0,,
LA VICTORIA,2021,0.0,0.0,,0.0
LA VICTORIA,2021,0.0,0.0,,0.0
LA VICTORIA,2021,0.0,0.0,0.0,
LA VICTORIA,2021,0.0,0.0,0.0,0.0
LA VICTORIA,2021,0.0,0.0,0.0,0.0
LA VICTORIA,2021,0.0,0.0,0.0,
LA VICTORIA,2021,0.0,0.0,0.0,0.0
LA VICTORIA,2021,0.0,0.0,0.0,0.0
LA VICTORIA,2022,,,,
LA VICTORIA,2022,,,,0.0
LA VICTORIA,2022,,,,0.0
LA VICTORIA,2022,,,0.0,
LA VICTORIA,2022,,,0.0,0.0
LA VICTORIA,2022,,,0.0,0.0
LA VICTORIA,2022,,,0.0,
LA VICTORIA,2022,,,0.0,0.0
LA VICTORIA,2022,,,0.0,0.0
LA VICTORIA,2022,,0.0,,
LA VICTORIA,2022,,0.0,,0.0
LA VICTORIA,2022,,0.0,,0.0
LA VICTORIA,2022,,0.0,0.0,
LA VICTORIA,2022,,0.0,0.0,0.0
LA VICTORIA,2022,,0.0,0.0,0.0
LA VICTORIA,2022,,0.0,0.0,
LA VICTORIA,2022,,0.0,0.0,0.0
LA VICTORIA,2022,,0.0,0.0,0.0
LA VICTORIA,2022,,0.0,,
LA VICTORIA,2022,,0.0,,0.0
LA VICTORIA,2022,,0.0,,0.0
LA VICTORIA,2022,,0.0,0.0,
LA VICTORIA,2022,,0.0,0.0,0.0
LA VICTORIA,2022,,0.0,0.0,0.0
LA VICTORIA,2022,,0.0,0.0,
LA VICTORIA,2022,,0.0,0.0,0.0
LA VICTORIA,2022,,0.0,0.0,0.0
LA VICTORIA,2022,0.0,,,
LA VICTORIA,2022,0.0,,,0.0
LA VICTORIA,2022,0.0,,,0.0
LA VICTORIA,2022,0.0,,0.0,
LA VICTORIA,2022,0.0,,0.0,0.0
LA VICTORIA,2022,0.0,,0.0,0.0
LA VICTORIA,2022,0.0,,0.0,
LA VICTORIA,2022,0.0,,0.0,0.0
LA VICTORIA,2022,0.0,,0.0,0.0
LA VICTORIA,2022,0.0,0.0,,
LA VICTORIA,2022,0.0,0.0,,0.0
LA VICTORIA,2022,0.0,0.0,,0.0
LA VICTORIA,2022,0.0,0.0,0.0,
LA VICTORIA,2022,0.0,0.0,0.0,0.0
LA VICTORIA,2022,0.0,0.0,0.0,0.0
LA VICTORIA,2022,0.0,0.0,0.0,
LA VICTORIA,2022,0.0,0.0,0.0,0.0
LA VICTORIA,2022,0.0,0.0,0.0,0.0
LA VICTORIA,2022,0.0,0.0,,
LA VICTORIA,2022,0.0,0.0,,0.0
LA VICTORIA,2022,0.0,0.0,,0.0
LA VICTORIA,2022,0.0,0.0,0.0,
LA VICTORIA,2022,0.0,0.0,0.0,0.0
LA VICTORIA,2022,0.0,0.0,0.0,0.0
LA VICTORIA,2022,0.0,0.0,0.0,
LA VICTORIA,2022,0.0,0.0,0.0,0.0
LA VICTORIA,2022,0.0,0.0,0.0,0.0
LA VICTORIA,2022,0.0,,,
LA VICTORIA,2022,0.0,,,0.0
LA VICTORIA,2022,0.0,,,0.0
LA VICTORIA,2022,0.0,,0.0,
LA VICTORIA,2022,0.0,,0.0,0.0
LA VICTORIA,2022,0.0,,0.0,0.0
LA VICTORIA,2022,0.0,,0.0,
LA VICTORIA,2022,0.0,,0.0,0.0
LA VICTORIA,2022,0.0,,0.0,0.0
LA VICTORIA,2022,0.0,0.0,,
LA VICTORIA,2022,0.0,0.0,,0.0
LA VICTORIA,2022,0.0,0.0,,0.0
LA VICTORIA,2022,0.0,0.0,0.0,
LA VICTORIA,2022,0.0,0.0,0.0,0.0
LA VICTORIA,2022,0.0,0.0,0.0,0.0
LA VICTORIA,2022,0.0,0.0,0.0,
LA VICTORIA,2022,0.0,0.0,0.0,0.0
LA VICTORIA,2022,0.0,0.0,0.0,0.0
LA VICTORIA,2022,0.0,0.0,,
LA VICTORIA,2022,0.0,0.0,,0.0
LA VICTORIA,2022,0.0,0.0,,0.0
LA VICTORIA,2022,0.0,0.0,0.0,
LA VICTORIA,2022,0.0,0.0,0.0,0.0
LA VICTORIA,2022,0.0,0.0,0.0,0.0
LA VICTORIA,2022,0.0,0.0,0.0,
LA VICTORIA,2022,0.0,0.0,0.0,0.0
LA VICTORIA,2022,0.0,0.0,0.0,0.0
LA VICTORIA,2023,,,,
LA VICTORIA,2023,,,,0.0
LA VICTORIA,2023,,,,0.0
LA VICTORIA,2023,,,0.0,
LA VICTORIA,2023,,,0.0,0.0
LA VICTORIA,2023,,,0.0,0.0
LA VICTORIA,2023,,,0.0,
LA VICTORIA,2023,,,0.0,0.0
LA VICTORIA,2023,,,0.0,0.0
LA VICTORIA,2023,,0.0,,
LA VICTORIA,2023,,0.0,,0.0
LA VICTORIA,2023,,0.0,,0.0
LA VICTORIA,2023,,0.0,0.0,
LA VICTORIA,2023,,0.0,0.0,0.0
LA VICTORIA,2023,,0.0,0.0,0.0
LA VICTORIA,2023,,0.0,0.0,
LA VICTORIA,2023,,0.0,0.0,0.0
LA VICTORIA,2023,,0.0,0.0,0.0
LA VICTORIA,2023,,0.0,,
LA VICTORIA,2023,,0.0,,0.0
LA VICTORIA,2023,,0.0,,0.0
LA VICTORIA,2023,,0.0,0.0,
LA VICTORIA,2023,,0.0,0.0,0.0
LA VICTORIA,2023,,0.0,0.0,0.0
LA VICTORIA,2023,,0.0,0.0,
LA VICTORIA,2023,,0.0,0.0,0.0
LA VICTORIA,2023,,0.0,0.0,0.0
LA VICTORIA,2023,0.0,,,
LA VICTORIA,2023,0.0,,,0.0
LA VICTORIA,2023,0.0,,,0.0
LA VICTORIA,2023,0.0,,0.0,
LA VICTORIA,2023,0.0,,0.0,0.0
LA VICTORIA,2023,0.0,,0.0,0.0
LA VICTORIA,2023,0.0,,0.0,
LA VICTORIA,2023,0.0,,0.0,0.0
LA VICTORIA,2023,0.0,,0.0,0.0
LA VICTORIA,2023,0.0,0.0,,
LA VICTORIA,2023,0.0,0.0,,0.0
LA VICTORIA,2023,0.0,0.0,,0.0
LA VICTORIA,2023,0.0,0.0,0.0,
LA VICTORIA,2023,0.0,0.0,0.0,0.0
LA VICTORIA,2023,0.0,0.0,0.0,0.0
LA VICTORIA,2023,0.0,0.0,0.0,
LA VICTORIA,2023,0.0,0.0,0.0,0.0
LA VICTORIA,2023,0.0,0.0,0.0,0.0
LA VICTORIA,2023,0.0,0.0,,
LA VICTORIA,2023,0.0,0.0,,0.0
LA VICTORIA,2023,0.0,0.0,,0.0
LA VICTORIA,2023,0.0,0.0,0.0,
LA VICTORIA,2023,0.0,0.0,0.0,0.0
LA VICTORIA,2023,0.0,0.0,0.0,0.0
LA VICTORIA,2023,0.0,0.0,0.0,
LA VICTORIA,2023,0.0,0.0,0.0,0.0
LA VICTORIA,2023,0.0,0.0,0.0,0.0
LA VICTORIA,2023,0.0,,,
LA VICTORIA,2023,0.0,,,0.0
LA VICTORIA,2023,0.0,,,0.0
LA VICTORIA,2023,0.0,,0.0,
LA VICTORIA,2023,0.0,,0.0,0.0
LA VICTORIA,2023,0.0,,0.0,0.0
LA VICTORIA,2023,0.0,,0.0,
LA VICTORIA,2023,0.0,,0.0,0.0
LA VICTORIA,2023,0.0,,0.0,0.0
LA VICTORIA,2023,0.0,0.0,,
LA VICTORIA,2023,0.0,0.0,,0.0
LA VICTORIA,2023,0.0,0.0,,0.0
LA VICTORIA,2023,0.0,0.0,0.0,
LA VICTORIA,2023,0.0,0.0,0.0,0.0
LA VICTORIA,2023,0.0,0.0,0.0,0.0
LA VICTORIA,2023,0.0,0.0,0.0,
LA VICTORIA,2023,0.0,0.0,0.0,0.0
LA VICTORIA,2023,0.0,0.0,0.0,0.0
LA VICTORIA,2023,0.0,0.0,,
LA VICTORIA,2023,0.0,0.0,,0.0
LA VICTORIA,2023,0.0,0.0,,0.0
LA VICTORIA,2023,0.0,0.0,0.0,
LA VICTORIA,2023,0.0,0.0,0.0,0.0
LA VICTORIA,2023,0.0,0.0,0.0,0.0
LA VICTORIA,2023,0.0,0.0,0.0,
LA VICTORIA,2023,0.0,0.0,0.0,0.0
LA VICTORIA,2023,0.0,0.0,0.0,0.0
LA VIRGINIA,2017,,,,
LA VIRGINIA,2018,,,,
LA VIRGINIA,2019,,,,
LA VIRGINIA,2020,,,,
LA VIRGINIA,2021,,,,
LA VIRGINIA,2022,,,,
LA VIRGINIA,2023,,,,
LABATECA,2017,91.85,0.0,0.0,0.0
LABATECA,2018,0.0,399168.0,0.0,0.0
LABATECA,2019,0.0,0.0,0.0,0.0
LABATECA,2020,0.0,0.0,0.0,0.0
LABATECA,2021,0.0,0.0,0.0,0.0
LABATECA,2022,0.0,0.0,0.0,0.0
LABATECA,2023,0.0,0.0,0.0,0.0
LABRANZAGRANDE,2017,85.18,0.0,0.0,0.0
LABRANZAGRANDE,2018,0.0,540923.18,0.0,0.0
LABRANZAGRANDE,2019,0.0,0.0,0.0,0.0
LABRANZAGRANDE,2020,0.0,0.0,0.0,0.0
LABRANZAGRANDE,2021,0.0,0.0,0.0,0.0
LABRANZAGRANDE,2022,0.0,0.0,0.0,0.0
LABRANZAGRANDE,2023,0.0,0.0,0.0,0.0
LANDÁZURI,2017,90.06,0.0,0.0,0.0
LANDÁZURI,2018,0.0,423021.03,0.0,0.0
LANDÁZURI,2019,0.0,0.0,0.0,0.0
LANDÁZURI,2020,0.0,0.0,0.0,0.0
LANDÁZURI,2021,0.0,0.0,0.0,0.0
LANDÁZURI,2022,0.0,0.0,0.0,0.0
LANDÁZURI,2023,0.0,0.0,0.0,0.0
LEBRIJA,2017,87.15,0.0,0.0,0.0
LEBRIJA,2018,0.0,1334413.2,0.0,0.0
LEBRIJA,2019,0.0,0.0,0.0,0.0
LEBRIJA,2020,0.0,0.0,0.0,0.0
LEBRIJA,2021,0.0,0.0,0.0,0.0
LEBRIJA,2022,0.0,0.0,0.0,0.0
LEBRIJA,2023,0.0,0.0,0.0,0.0
LEIVA,2017,0.0,0.0,0.0,0.0
LEIVA,2018,0.0,0.0,0.0,0.0
LEIVA,2019,0.0,0.0,0.0,0.0
LEIVA,2020,0.0,0.0,0.0,0.0
LEIVA,2021,0.0,0.0,0.0,0.0
LEIVA,2022,0.0,0.0,0.0,0.0
LEIVA,2023,0.0,0.0,0.0,0.0
LEJANÍAS,2017,89.71,0.0,0.0,0.0
LEJANÍAS,2018,0.0,595257.45,0.0,0.0
LEJANÍAS,2019,0.0,0.0,0.0,0.0
LEJANÍAS,2020,0.0,0.0,0.0,0.0
LEJANÍAS,2021,0.0,0.0,0.0,0.0
LEJANÍAS,2022,0.0,0.0,0.0,0.0
LEJANÍAS,2023,0.0,0.0,0.0,0.0
LENGUAZAQUE,2017,90.85,0.0,0.0,0.0
LENGUAZAQUE,2018,0.0,234392.55,0.0,0.0
LENGUAZAQUE,2019,0.0,0.0,0.0,0.0
LENGUAZAQUE,2020,0.0,0.0,0.0,0.0
LENGUAZAQUE,2021,0.0,0.0,0.0,0.0
LENGUAZAQUE,2022,0.0,0.0,0.0,0.0
LENGUAZAQUE,2023,0.0,0.0,0.0,0.0
LETICIA,2017,95.34,0.0,0.0,0.0
LETICIA,2018,0.0,758449.26,0.0,0.0
LETICIA,2019,0.0,0.0,0.0,0.0
LETICIA,2020,0.0,0.0,0.0,0.0
LETICIA,2021,0.0,0.0,0.0,0.0
LETICIA,2022,0.0,0.0,0.0,0.0
LETICIA,2023,0.0,0.0,0.0,0.0
LIBORINA,2017,0.0,0.0,0.0,0.0
LIBORINA,2018,0.0,0.0,0.0,0.0
LIBORINA,2019,0.0,0.0,0.0,0.0
LIBORINA,2020,0.0,0.0,0.0,0.0
LIBORINA,2021,0.0,0.0,0.0,0.0
LIBORINA,2022,0.0,0.0,0.0,0.0
LIBORINA,2023,0.0,0.0,0.0,0.0
LINARES,2017,0.0,0.0,0.0,0.0
LINARES,2018,0.0,0.0,0.0,0.0
LINARES,2019,0.0,0.0,0.0,0.0
LINARES,2020,0.0,0.0,0.0,0.0
LINARES,2021,0.0,0.0,0.0,0.0
LINARES,2022,0.0,0.0,0.0,0.0
LINARES,2023,0.0,0.0,0.0,0.0
LLORÓ,2017,0.0,0.0,0.0,0.0
LLORÓ,2018,0.0,0.0,0.0,0.0
LLORÓ,2019,0.0,0.0,0.0,0.0
LLORÓ,2020,0.0,0.0,0.0,0.0
LLORÓ,2021,0.0,0.0,0.0,0.0
LLORÓ,2022,0.0,0.0,0.0,0.0
LLORÓ,2023,0.0,0.0,0.0,0.0
LORICA,2017,0.0,0.0,0.0,0.0
LORICA,2018,0.0,0.0,0.0,0.0
LORICA,2019,0.0,0.0,0.0,0.0
LORICA,2020,0.0,0.0,0.0,0.0
LORICA,2021,0.0,0.0,0.0,0.0
LORICA,2022,0.0,0.0,0.0,0.0
LORICA,2023,0.0,0.0,0.0,0.0
LOS ANDES,2017,0.0,0.0,0.0,0.0
LOS ANDES,2018,0.0,0.0,0.0,0.0
LOS ANDES,2019,0.0,0.0,0.0,0.0
LOS ANDES,2020,0.0,0.0,0.0,0.0
LOS ANDES,2021,0.0,0.0,0.0,0.0
LOS ANDES,2022,0.0,0.0,0.0,0.0
LOS ANDES,2023,0.0,0.0,0.0,0.0
LOS CÓRDOBAS,2017,0.0,0.0,0.0,0.0
LOS CÓRDOBAS,2018,0.0,0.0,0.0,0.0
LOS CÓRDOBAS,2019,0.0,0.0,0.0,0.0
LOS CÓRDOBAS,2020,0.0,0.0,0.0,0.0
LOS CÓRDOBAS,2021,0.0,0.0,0.0,0.0
LOS CÓRDOBAS,2022,0.0,0.0,0.0,0.0
LOS CÓRDOBAS,2023,0.0,0.0,0.0,0.0
LOS PALMITOS,2017,0.0,0.0,0.0,0.0
LOS PALMITOS,2018,0.0,0.0,0.0,0.0
LOS PALMITOS,2019,0.0,0.0,0.0,0.0
LOS PALMITOS,2020,0.0,0.0,0.0,0.0
LOS PALMITOS,2021,0.0,0.0,0.0,0.0
LOS PALMITOS,2022,0.0,0.0,0.0,0.0
LOS PALMITOS,2023,0.0,0.0,0.0,0.0
LOS PATIOS,2017,79.86,0.0,0.0,0.0
LOS PATIOS,2018,0.0,130570.52,0.0,0.0
LOS PATIOS,2019,0.0,0.0,0.0,0.0
LOS PATIOS,2020,0.0,0.0,0.0,0.0
LOS PATIOS,2021,0.0,0.0,0.0,0.0
LOS PATIOS,2022,0.0,0.0,0.0,0.0
LOS PATIOS,2023,0.0,0.0,0.0,0.0
LOS SANTOS,2017,92.31,0.0,0.0,0.0
LOS SANTOS,2018,0.0,1469565.77,0.0,0.0
LOS SANTOS,2019,0.0,0.0,0.0,0.0
LOS SANTOS,2020,0.0,0.0,0.0,0.0
LOS SANTOS,2021,0.0,0.0,0.0,0.0
LOS SANTOS,2022,0.0,0.0,0.0,0.0
LOS SANTOS,2023,0.0,0.0,0.0,0.0
LOURDES,2017,81.56,0.0,0.0,0.0
LOURDES,2018,0.0,229703.28,0.0,0.0
LOURDES,2019,0.0,0.0,0.0,0.0
LOURDES,2020,0.0,0.0,0.0,0.0
LOURDES,2021,0.0,0.0,0.0,0.0
LOURDES,2022,0.0,0.0,0.0,0.0
LOURDES,2023,0.0,0.0,0.0,0.0
LURUACO,2017,44.43,167094.05,15.5,12.24
LURUACO,2018,43.98,120675.95,15.65,12.22
LURUACO,2019,43.61,107173.87,15.9,12.35
LURUACO,2020,43.91,150328.92,15.63,12.26
LURUACO,2021,44.02,157008.92,15.41,12.16
LURUACO,2022,44.61,223786.65,15.3,12.09
LURUACO,2023,44.12,137706.21,15.8,12.32
LÉRIDA,2017,81.29,0.0,0.0,0.0
LÉRIDA,2018,0.0,171620.38,0.0,0.0
LÉRIDA,2019,0.0,0.0,0.0,0.0
LÉRIDA,2020,0.0,0.0,0.0,0.0
LÉRIDA,2021,0.0,0.0,0.0,0.0
LÉRIDA,2022,0.0,0.0,0.0,0.0
LÉRIDA,2023,0.0,0.0,0.0,0.0
LÍBANO,2017,84.55,0.0,0.0,0.0
LÍBANO,2018,0.0,308765.19,0.0,0.0
LÍBANO,2019,0.0,0.0,0.0,0.0
LÍBANO,2020,0.0,0.0,0.0,0.0
LÍBANO,2021,0.0,0.0,0.0,0.0
LÍBANO,2022,0.0,0.0,0.0,0.0
LÍBANO,2023,0.0,0.0,0.0,0.0
LÓPEZ DE MICAY,2017,0.0,0.0,0.0,0.0
LÓPEZ DE MICAY,2018,0.0,0.0,0.0,0.0
LÓPEZ DE MICAY,2019,0.0,0.0,0.0,0.0
LÓPEZ DE MICAY,2020,0.0,0.0,0.0,0.0
LÓPEZ DE MICAY,2021,0.0,0.0,0.0,0.0
LÓPEZ DE MICAY,2022,0.0,0.0,0.0,0.0
LÓPEZ DE MICAY,2023,0.0,0.0,0.0,0.0
MACANAL,2017,90.96,0.0,0.0,0.0
MACANAL,2018,0.0,340986.48,0.0,0.0
MACANAL,2019,0.0,0.0,0.0,0.0
MACANAL,2020,0.0,0.0,0.0,0.0
MACANAL,2021,0.0,0.0,0.0,0.0
MACANAL,2022,0.0,0.0,0.0,0.0
MACANAL,2023,0.0,0.0,0.0,0.0
MACARAVITA,2017,82.31,0.0,0.0,0.0
MACARAVITA,2018,0.0,311731.2,0.0,0.0
MACARAVITA,2019,0.0,0.0,0.0,0.0
MACARAVITA,2020,0.0,0.0,0.0,0.0
MACARAVITA,2021,0.0,0.0,0.0,0.0
MACARAVITA,2022,0.0,0.0,0.0,0.0
MACARAVITA,2023,0.0,0.0,0.0,0.0
MACEO,2017,93.68,0.0,0.0,0.0
MACEO,2018,0.0,496881.43,0.0,0.0
MACEO,2019,0.0,0.0,0.0,0.0
MACEO,2020,0.0,0.0,0.0,0.0
MACEO,2021,0.0,0.0,0.0,0.0
MACEO,2022,0.0,0.0,0.0,0.0
MACEO,2023,0.0,0.0,0.0,0.0
MACHETÁ,2017,92.37,0.0,0.0,0.0
MACHETÁ,2018,0.0,355485.11,0.0,0.0
MACHETÁ,2019,0.0,0.0,0.0,0.0
MACHETÁ,2020,0.0,0.0,0.0,0.0
MACHETÁ,2021,0.0,0.0,0.0,0.0
MACHETÁ,2022,0.0,0.0,0.0,0.0
MACHETÁ,2023,0.0,0.0,0.0,0.0
MADRID,2017,,,,
MADRID,2018,,,,
MADRID,2019,,,,
MADRID,2020,,,,
MADRID,2021,,,,
MADRID,2022,,,,
MADRID,2023,,,,
MAGANGUÉ,2017,88.22,0.0,0.0,0.0
MAGANGUÉ,2018,0.0,444245.92,0.0,0.0
MAGANGUÉ,2019,0.0,0.0,0.0,0.0
MAGANGUÉ,2020,0.0,0.0,0.0,0.0
MAGANGUÉ,2021,0.0,0.0,0.0,0.0
MAGANGUÉ,2022,0.0,0.0,0.0,0.0
MAGANGUÉ,2023,0.0,0.0,0.0,0.0
MAGÜÍ,2017,0.0,0.0,0.0,0.0
MAGÜÍ,2018,0.0,0.0,0.0,0.0
MAGÜÍ,2019,0.0,0.0,0.0,0.0
MAGÜÍ,2020,0.0,0.0,0.0,0.0
MAGÜÍ,2021,0.0,0.0,0.0,0.0
MAGÜÍ,2022,0.0,0.0,0.0,0.0
MAGÜÍ,2023,0.0,0.0,0.0,0.0
MAHATES,2017,22.23,110346.41,7.89,6.03
MAHATES,2018,22.29,105363.02,7.88,6.0
MAHATES,2019,22.2,91199.93,7.95,6.08
MAHATES,2020,22.16,102147.34,7.87,6.03
MAHATES,2021,22.15,115491.35,7.82,5.98
MAHATES,2022,22.44,128631.25,7.75,5.94
MAHATES,2023,22.22,100874.96,8.01,6.08
MAICAO,2017,12.33,0.0,0.0,0.0
MAICAO,2018,0.0,38571.48,0.0,0.0
MAICAO,2019,0.0,0.0,0.0,0.0
MAICAO,2020,0.0,0.0,0.0,0.0
MAICAO,2021,0.0,0.0,0.0,0.0
MAICAO,2022,0.0,0.0,0.0,0.0
MAICAO,2023,0.0,0.0,0.0,0.0
MAJAGUAL,2017,95.19,0.0,0.0,0.0
MAJAGUAL,2018,0.0,695893.67,0.0,0.0
MAJAGUAL,2019,0.0,0.0,0.0,0.0
MAJAGUAL,2020,0.0,0.0,0.0,0.0
MAJAGUAL,2021,0.0,0.0,0.0,0.0
MAJAGUAL,2022,0.0,0.0,0.0,0.0
MAJAGUAL,2023,0.0,0.0,0.0,0.0
MALAMBO,2017,,,,
MALAMBO,2018,,,,
MALAMBO,2019,,,,
MALAMBO,2020,,,,
MALAMBO,2021,,,,
MALAMBO,2022,,,,
MALAMBO,2023,,,,
MALLAMA,2017,0.0,0.0,0.0,0.0
MALLAMA,2018,0.0,0.0,0.0,0.0
MALLAMA,2019,0.0,0.0,0.0,0.0
MALLAMA,2020,0.0,0.0,0.0,0.0
MALLAMA,2021,0.0,0.0,0.0,0.0
MALLAMA,2022,0.0,0.0,0.0,0.0
MALLAMA,2023,0.0,0.0,0.0,0.0
MANATÍ,2017,88.3,364759.5,31.63,24.97
MANATÍ,2018,88.14,303922.06,31.75,24.89
MANATÍ,2019,87.4,266313.21,32.24,25.25
MANATÍ,2020,87.5,313398.29,31.78,25.06
MANATÍ,2021,87.86,348982.62,31.44,24.79
MANATÍ,2022,88.87,438751.04,31.15,24.6
MANATÍ,2023,87.96,307207.63,32.22,25.19
MANAURE,2017,0.0,0.0,0.0,0.0
MANAURE,2018,0.0,0.0,0.0,0.0
MANAURE,2019,0.0,0.0,0.0,0.0
MANAURE,2020,0.0,0.0,0.0,0.0
MANAURE,2021,0.0,0.0,0.0,0.0
MANAURE,2022,0.0,0.0,0.0,0.0
MANAURE,2023,0.0,0.0,0.0,0.0
MANAURE BALCÓN DEL CESAR,2017,83.9,0.0,0.0,0.0
MANAURE BALCÓN DEL CESAR,2018,0.0,939681.67,0.0,0.0
MANAURE BALCÓN DEL CESAR,2019,0.0,0.0,0.0,0.0
MANAURE BALCÓN DEL CESAR,2020,0.0,0.0,0.0,0.0
MANAURE BALCÓN DEL CESAR,2021,0.0,0.0,0.0,0.0
MANAURE BALCÓN DEL CESAR,2022,0.0,0.0,0.0,0.0
MANAURE BALCÓN DEL CESAR,2023,0.0,0.0,0.0,0.0
MANIZALES,2017,0.0,0.0,0.0,0.0
MANIZALES,2018,0.0,0.0,0.0,0.0
MANIZALES,2019,0.0,0.0,0.0,0.0
MANIZALES,2020,0.0,0.0,0.0,0.0
MANIZALES,2021,0.0,0.0,0.0,0.0
MANIZALES,2022,0.0,0.0,0.0,0.0
MANIZALES,2023,0.0,0.0,0.0,0.0
MANTA,2017,,,,
MANTA,2018,,,,
MANTA,2019,,,,
MANTA,2020,,,,
MANTA,2021,,,,
MANTA,2022,,,,
MANTA,2023,,,,
MANZANARES,2017,0.0,0.0,0.0,0.0
MANZANARES,2018,0.0,0.0,0.0,0.0
MANZANARES,2019,0.0,0.0,0.0,0.0
MANZANARES,2020,0.0,0.0,0.0,0.0
MANZANARES,2021,0.0,0.0,0.0,0.0
MANZANARES,2022,0.0,0.0,0.0,0.0
MANZANARES,2023,0.0,0.0,0.0,0.0
MANÍ,2017,86.64,0.0,0.0,0.0
MANÍ,2018,0.0,511961.88,0.0,0.0
MANÍ,2019,0.0,0.0,0.0,0.0
MANÍ,2020,0.0,0.0,0.0,0.0
MANÍ,2021,0.0,0.0,0.0,0.0
MANÍ,2022,0.0,0.0,0.0,0.0
MANÍ,2023,0.0,0.0,0.0,0.0
MAPIRIPÁN,2017,91.56,0.0,0.0,0.0
MAPIRIPÁN,2018,0.0,614354.07,0.0,0.0
MAPIRIPÁN,2019,0.0,0.0,0.0,0.0
MAPIRIPÁN,2020,0.0,0.0,0.0,0.0
MAPIRIPÁN,2021,0.0,0.0,0.0,0.0
MAPIRIPÁN,2022,0.0,0.0,0.0,0.0
MAPIRIPÁN,2023,0.0,0.0,0.0,0.0
MARGARITA,2017,91.87,0.0,0.0,0.0
MARGARITA,2018,0.0,770702.2,0.0,0.0
MARGARITA,2019,0.0,0.0,0.0,0.0
MARGARITA,2020,0.0,0.0,0.0,0.0
MARGARITA,2021,0.0,0.0,0.0,0.0
MARGARITA,2022,0.0,0.0,0.0,0.0
MARGARITA,2023,0.0,0.0,0.0,0.0
MARINILLA,2017,0.0,0.0,0.0,0.0
MARINILLA,2018,0.0,0.0,0.0,0.0
MARINILLA,2019,0.0,0.0,0.0,0.0
MARINILLA,2020,0.0,0.0,0.0,0.0
MARINILLA,2021,0.0,0.0,0.0,0.0
MARINILLA,2022,0.0,0.0,0.0,0.0
MARINILLA,2023,0.0,0.0,0.0,0.0
MARIPÍ,2017,84.11,0.0,0.0,0.0
MARIPÍ,2018,0.0,745433.16,0.0,0.0
MARIPÍ,2019,0.0,0.0,0.0,0.0
MARIPÍ,2020,0.0,0.0,0.0,0.0
MARIPÍ,2021,0.0,0.0,0.0,0.0
MARIPÍ,2022,0.0,0.0,0.0,0.0
MARIPÍ,2023,0.0,0.0,0.0,0.0
MARMATO,2017,0.0,0.0,0.0,0.0
MARMATO,2018,0.0,0.0,0.0,0.0
MARMATO,2019,0.0,0.0,0.0,0.0
MARMATO,2020,0.0,0.0,0.0,0.0
MARMATO,2021,0.0,0.0,0.0,0.0
MARMATO,2022,0.0,0.0,0.0,0.0
MARMATO,2023,0.0,0.0,0.0,0.0
MARQUETALIA,2017,89.01,0.0,0.0,0.0
MARQUETALIA,2018,0.0,321315.68,0.0,0.0
MARQUETALIA,2019,0.0,0.0,0.0,0.0
MARQUETALIA,2020,0.0,0.0,0.0,0.0
MARQUETALIA,2021,0.0,0.0,0.0,0.0
MARQUETALIA,2022,0.0,0.0,0.0,0.0
MARQUETALIA,2023,0.0,0.0,0.0,0.0
MARSELLA,2017,0.0,0.0,0.0,0.0
MARSELLA,2018,0.0,0.0,0.0,0.0
MARSELLA,2019,0.0,0.0,0.0,0.0
MARSELLA,2020,0.0,0.0,0.0,0.0
MARSELLA,2021,0.0,0.0,0.0,0.0
MARSELLA,2022,0.0,0.0,0.0,0.0
MARSELLA,2023,0.0,0.0,0.0,0.0
MARULANDA,2017,0.0,0.0,0.0,0.0
MARULANDA,2018,0.0,0.0,0.0,0.0
MARULANDA,2019,0.0,0.0,0.0,0.0
MARULANDA,2020,0.0,0.0,0.0,0.0
MARULANDA,2021,0.0,0.0,0.0,0.0
MARULANDA,2022,0.0,0.0,0.0,0.0
MARULANDA,2023,0.0,0.0,0.0,0.0
MARÍA LA BAJA,2017,0.0,0.0,0.0,0.0
MARÍA LA BAJA,2018,0.0,0.0,0.0,0.0
MARÍA LA BAJA,2019,0.0,0.0,0.0,0.0
MARÍA LA BAJA,2020,0.0,0.0,0.0,0.0
MARÍA LA BAJA,2021,0.0,0.0,0.0,0.0
MARÍA LA BAJA,2022,0.0,0.0,0.0,0.0
MARÍA LA BAJA,2023,0.0,0.0,0.0,0.0
MATANZA,2017,86.91,0.0,0.0,0.0
MATANZA,2018,0.0,2378038.09,0.0,0.0
MATANZA,2019,0.0,0.0,0.0,0.0
MATANZA,2020,0.0,0.0,0.0,0.0
MATANZA,2021,0.0,0.0,0.0,0.0
MATANZA,2022,0.0,0.0,0.0,0.0
MATANZA,2023,0.0,0.0,0.0,0.0
MEDELLÍN,2017,0.0,0.0,0.0,0.0
MEDELLÍN,2018,0.0,0.0,0.0,0.0
MEDELLÍN,2019,0.0,0.0,0.0,0.0
MEDELLÍN,2020,0.0,0.0,0.0,0.0
MEDELLÍN,2021,0.0,0.0,0.0,0.0
MEDELLÍN,2022,0.0,0.0,0.0,0.0
MEDELLÍN,2023,0.0,0.0,0.0,0.0
MEDINA,2017,88.05,0.0,0.0,0.0
MEDINA,2018,0.0,449975.15,0.0,0.0
MEDINA,2019,0.0,0.0,0.0,0.0
MEDINA,2020,0.0,0.0,0.0,0.0
MEDINA,2021,0.0,0.0,0.0,0.0
MEDINA,2022,0.0,0.0,0.0,0.0
MEDINA,2023,0.0,0.0,0.0,0.0
MEDIO ATRATO,2017,0.0,0.0,0.0,0.0
MEDIO ATRATO,2018,0.0,0.0,0.0,0.0
MEDIO ATRATO,2019,0.0,0.0,0.0,0.0
MEDIO ATRATO,2020,0.0,0.0,0.0,0.0
MEDIO ATRATO,2021,0.0,0.0,0.0,0.0
MEDIO ATRATO,2022,0.0,0.0,0.0,0.0
MEDIO ATRATO,2023,0.0,0.0,0.0,0.0
MEDIO BAUDÓ,2017,0.0,0.0,0.0,0.0
MEDIO BAUDÓ,2018,0.0,0.0,0.0,0.0
MEDIO BAUDÓ,2019,0.0,0.0,0.0,0.0
MEDIO BAUDÓ,2020,0.0,0.0,0.0,0.0
MEDIO BAUDÓ,2021,0.0,0.0,0.0,0.0
MEDIO BAUDÓ,2022,0.0,0.0,0.0,0.0
MEDIO BAUDÓ,2023,0.0,0.0,0.0,0.0
MEDIO SAN JUAN,2017,0.0,0.0,0.0,0.0
MEDIO SAN JUAN,2018,0.0,0.0,0.0,0.0
MEDIO SAN JUAN,2019,0.0,0.0,0.0,0.0
MEDIO SAN JUAN,2020,0.0,0.0,0.0,0.0
MEDIO SAN JUAN,2021,0.0,0.0,0.0,0.0
MEDIO SAN JUAN,2022,0.0,0.0,0.0,0.0
MEDIO SAN JUAN,2023,0.0,0.0,0.0,0.0
MELGAR,2017,83.52,0.0,0.0,0.0
MELGAR,2018,0.0,1714502.66,0.0,0.0
MELGAR,2019,0.0,0.0,0.0,0.0
MELGAR,2020,0.0,0.0,0.0,0.0
MELGAR,2021,0.0,0.0,0.0,0.0
MELGAR,2022,0.0,0.0,0.0,0.0
MELGAR,2023,0.0,0.0,0.0,0.0
MERCADERES,2017,0.0,0.0,0.0,0.0
MERCADERES,2018,0.0,0.0,0.0,0.0
MERCADERES,2019,0.0,0.0,0.0,0.0
MERCADERES,2020,0.0,0.0,0.0,0.0
MERCADERES,2021,0.0,0.0,0.0,0.0
MERCADERES,2022,0.0,0.0,0.0,0.0
MERCADERES,2023,0.0,0.0,0.0,0.0
MESETAS,2017,90.83,0.0,0.0,0.0
MESETAS,2018,0.0,717401.21,0.0,0.0
MESETAS,2019,0.0,0.0,0.0,0.0
MESETAS,2020,0.0,0.0,0.0,0.0
MESETAS,2021,0.0,0.0,0.0,0.0
MESETAS,2022,0.0,0.0,0.0,0.0
MESETAS,2023,0.0,0.0,0.0,0.0
MILÁN,2017,0.0,0.0,0.0,0.0
MILÁN,2018,0.0,0.0,0.0,0.0
MILÁN,2019,0.0,0.0,0.0,0.0
MILÁN,2020,0.0,0.0,0.0,0.0
MILÁN,2021,0.0,0.0,0.0,0.0
MILÁN,2022,0.0,0.0,0.0,0.0
MILÁN,2023,0.0,0.0,0.0,0.0
MIRAFLORES,2017,91.9,0.0,0.0,0.0
MIRAFLORES,2017,91.9,0.0,0.0,0.0
MIRAFLORES,2017,91.9,0.0,0.0,0.0
MIRAFLORES,2017,91.9,0.0,0.0,0.0
MIRAFLORES,2017,91.9,0.0,0.0,0.0
MIRAFLORES,2017,91.9,0.0,0.0,0.0
MIRAFLORES,2017,91.9,0.0,0.0,0.0
MIRAFLORES,2017,91.9,0.0,0.0,0.0
MIRAFLORES,2017,94.59,0.0,0.0,0.0
MIRAFLORES,2017,94.59,0.0,0.0,0.0
MIRAFLORES,2017,94.59,0.0,0.0,0.0
MIRAFLORES,2017,94.59,0.0,0.0,0.0
MIRAFLORES,2017,94.59,0.0,0.0,0.0
MIRAFLORES,2017,94.59,0.0,0.0,0.0
MIRAFLORES,2017,94.59,0.0,0.0,0.0
MIRAFLORES,2017,94.59,0.0,0.0,0.0
MIRAFLORES,2018,0.0,553608.59,0.0,0.0
MIRAFLORES,2018,0.0,553608.59,0.0,0.0
MIRAFLORES,2018,0.0,553608.59,0.0,0.0
MIRAFLORES,2018,0.0,553608.59,0.0,0.0
MIRAFLORES,2018,0.0,672167.08,0.0,0.0
MIRAFLORES,2018,0.0,672167.08,0.0,0.0
MIRAFLORES,2018,0.0,672167.08,0.0,0.0
MIRAFLORES,2018,0.0,672167.08,0.0,0.0
MIRAFLORES,2018,0.0,553608.59,0.0,0.0
MIRAFLORES,2018,0.0,553608.59,0.0,0.0
MIRAFLORES,2018,0.0,553608.59,0.0,0.0
MIRAFLORES,2018,0.0,553608.59,0.0,0.0
MIRAFLORES,2018,0.0,672167.08,0.0,0.0
MIRAFLORES,2018,0.0,672167.08,0.0,0.0
MIRAFLORES,2018,0.0,672167.08,0.0,0.0
MIRAFLORES,2018,0.0,672167.08,0.0,0.0
MIRAFLORES,2019,0.0,0.0,0.0,0.0
MIRAFLORES,2019,0.0,0.0,0.0,0.0
MIRAFLORES,2019,0.0,0.0,0.0,0.0
MIRAFLORES,2019,0.0,0.0,0.0,0.0
MIRAFLORES,2019,0.0,0.0,0.0,0.0
MIRAFLORES,2019,0.0,0.0,0.0,0.0
MIRAFLORES,2019,0.0,0.0,0.0,0.0
MIRAFLORES,2019,0.0,0.0,0.0,0.0
MIRAFLORES,2019,0.0,0.0,0.0,0.0
MIRAFLORES,2019,0.0,0.0,0.0,0.0
MIRAFLORES,2019,0.0,0.0,0.0,0.0
MIRAFLORES,2019,0.0,0.0,0.0,0.0
MIRAFLORES,2019,0.0,0.0,0.0,0.0
MIRAFLORES,2019,0.0,0.0,0.0,0.0
MIRAFLORES,2019,0.0,0.0,0.0,0.0
MIRAFLORES,2019,0.0,0.0,0.0,0.0
MIRAFLORES,2020,0.0,0.0,0.0,0.0
MIRAFLORES,2020,0.0,0.0,0.0,0.0
MIRAFLORES,2020,0.0,0.0,0.0,0.0
MIRAFLORES,2020,0.0,0.0,0.0,0.0
MIRAFLORES,2020,0.0,0.0,0.0,0.0
MIRAFLORES,2020,0.0,0.0,0.0,0.0
MIRAFLORES,2020,0.0,0.0,0.0,0.0
MIRAFLORES,2020,0.0,0.0,0.0,0.0
MIRAFLORES,2020,0.0,0.0,0.0,0.0
MIRAFLORES,2020,0.0,0.0,0.0,0.0
MIRAFLORES,2020,0.0,0.0,0.0,0.0
MIRAFLORES,2020,0.0,0.0,0.0,0.0
MIRAFLORES,2020,0.0,0.0,0.0,0.0
MIRAFLORES,2020,0.0,0.0,0.0,0.0
MIRAFLORES,2020,0.0,0.0,0.0,0.0
MIRAFLORES,2020,0.0,0.0,0.0,0.0
MIRAFLORES,2021,0.0,0.0,0.0,0.0
MIRAFLORES,2021,0.0,0.0,0.0,0.0
MIRAFLORES,2021,0.0,0.0,0.0,0.0
MIRAFLORES,2021,0.0,0.0,0.0,0.0
MIRAFLORES,2021,0.0,0.0,0.0,0.0
MIRAFLORES,2021,0.0,0.0,0.0,0.0
MIRAFLORES,2021,0.0,0.0,0.0,0.0
MIRAFLORES,2021,0.0,0.0,0.0,0.0
MIRAFLORES,2021,0.0,0.0,0.0,0.0
MIRAFLORES,2021,0.0,0.0,0.0,0.0
MIRAFLORES,2021,0.0,0.0,0.0,0.0
MIRAFLORES,2021,0.0,0.0,0.0,0.0
MIRAFLORES,2021,0.0,0.0,0.0,0.0
MIRAFLORES,2021,0.0,0.0,0.0,0.0
MIRAFLORES,2021,0.0,0.0,0.0,0.0
MIRAFLORES,2021,0.0,0.0,0.0,0.0
MIRAFLORES,2022,0.0,0.0,0.0,0.0
MIRAFLORES,2022,0.0,0.0,0.0,0.0
MIRAFLORES,2022,0.0,0.0,0.0,0.0
MIRAFLORES,2022,0.0,0.0,0.0,0.0
MIRAFLORES,2022,0.0,0.0,0.0,0.0
MIRAFLORES,2022,0.0,0.0,0.0,0.0
MIRAFLORES,2022,0.0,0.0,0.0,0.0
MIRAFLORES,2022,0.0,0.0,0.0,0.0
MIRAFLORES,2022,0.0,0.0,0.0,0.0
MIRAFLORES,2022,0.0,0.0,0.0,0.0
MIRAFLORES,2022,0.0,0.0,0.0,0.0
MIRAFLORES,2022,0.0,0.0,0.0,0.0
MIRAFLORES,2022,0.0,0.0,0.0,0.0
MIRAFLORES,2022,0.0,0.0,0.0,0.0
MIRAFLORES,2022,0.0,0.0,0.0,0.0
MIRAFLORES,2022,0.0,0.0,0.0,0.0
MIRAFLORES,2023,0.0,0.0,0.0,0.0
MIRAFLORES,2023,0.0,0.0,0.0,0.0
MIRAFLORES,2023,0.0,0.0,0.0,0.0
MIRAFLORES,2023,0.0,0.0,0.0,0.0
MIRAFLORES,2023,0.0,0.0,0.0,0.0
MIRAFLORES,2023,0.0,0.0,0.0,0.0
MIRAFLORES,2023,0.0,0.0,0.0,0.0
MIRAFLORES,2023,0.0,0.0,0.0,0.0
MIRAFLORES,2023,0.0,0.0,0.0,0.0
MIRAFLORES,2023,0.0,0.0,0.0,0.0
MIRAFLORES,2023,0.0,0.0,0.0,0.0
MIRAFLORES,2023,0.0,0.0,0.0,0.0
MIRAFLORES,2023,0.0,0.0,0.0,0.0
MIRAFLORES,2023,0.0,0.0,0.0,0.0
MIRAFLORES,2023,0.0,0.0,0.0,0.0
MIRAFLORES,2023,0.0,0.0,0.0,0.0
MIRANDA,2017,0.0,0.0,0.0,0.0
MIRANDA,2018,0.0,0.0,0.0,0.0
MIRANDA,2019,0.0,0.0,0.0,0.0
MIRANDA,2020,0.0,0.0,0.0,0.0
MIRANDA,2021,0.0,0.0,0.0,0.0
MIRANDA,2022,0.0,0.0,0.0,0.0
MIRANDA,2023,0.0,0.0,0.0,0.0
MIRITÍ - PARANÁ,2017,95.46,0.0,0.0,0.0
MIRITÍ - PARANÁ,2018,0.0,747656.87,0.0,0.0
MIRITÍ - PARANÁ,2019,0.0,0.0,0.0,0.0
MIRITÍ - PARANÁ,2020,0.0,0.0,0.0,0.0
MIRITÍ - PARANÁ,2021,0.0,0.0,0.0,0.0
MIRITÍ - PARANÁ,2022,0.0,0.0,0.0,0.0
MIRITÍ - PARANÁ,2023,0.0,0.0,0.0,0.0
MISTRATÓ,2017,0.0,0.0,0.0,0.0
MISTRATÓ,2018,0.0,0.0,0.0,0.0
MISTRATÓ,2019,0.0,0.0,0.0,0.0
MISTRATÓ,2020,0.0,0.0,0.0,0.0
MISTRATÓ,2021,0.0,0.0,0.0,0.0
MISTRATÓ,2022,0.0,0.0,0.0,0.0
MISTRATÓ,2023,0.0,0.0,0.0,0.0
MITÚ,2017,95.02,0.0,0.0,0.0
MITÚ,2018,0.0,705789.08,0.0,0.0
MITÚ,2019,0.0,0.0,0.0,0.0
MITÚ,2020,0.0,0.0,0.0,0.0
MITÚ,2021,0.0,0.0,0.0,0.0
MITÚ,2022,0.0,0.0,0.0,0.0
MITÚ,2023,0.0,0.0,0.0,0.0
MOCOA,2017,0.0,0.0,0.0,0.0
MOCOA,2018,0.0,0.0,0.0,0.0
MOCOA,2019,0.0,0.0,0.0,0.0
MOCOA,2020,0.0,0.0,0.0,0.0
MOCOA,2021,0.0,0.0,0.0,0.0
MOCOA,2022,0.0,0.0,0.0,0.0
MOCOA,2023,0.0,0.0,0.0,0.0
MOGOTES,2017,92.05,0.0,0.0,0.0
MOGOTES,2018,0.0,771144.85,0.0,0.0
MOGOTES,2019,0.0,0.0,0.0,0.0
MOGOTES,2020,0.0,0.0,0.0,0.0
MOGOTES,2021,0.0,0.0,0.0,0.0
MOGOTES,2022,0.0,0.0,0.0,0.0
MOGOTES,2023,0.0,0.0,0.0,0.0
MOLAGAVITA,2017,88.77,0.0,0.0,0.0
MOLAGAVITA,2018,0.0,1022373.57,0.0,0.0
MOLAGAVITA,2019,0.0,0.0,0.0,0.0
MOLAGAVITA,2020,0.0,0.0,0.0,0.0
MOLAGAVITA,2021,0.0,0.0,0.0,0.0
MOLAGAVITA,2022,0.0,0.0,0.0,0.0
MOLAGAVITA,2023,0.0,0.0,0.0,0.0
MOMIL,2017,0.0,0.0,0.0,0.0
MOMIL,2018,0.0,0.0,0.0,0.0
MOMIL,2019,0.0,0.0,0.0,0.0
MOMIL,2020,0.0,0.0,0.0,0.0
MOMIL,2021,0.0,0.0,0.0,0.0
MOMIL,2022,0.0,0.0,0.0,0.0
MOMIL,2023,0.0,0.0,0.0,0.0
MONGUA,2017,84.91,0.0,0.0,0.0
MONGUA,2018,0.0,540923.18,0.0,0.0
MONGUA,2019,0.0,0.0,0.0,0.0
MONGUA,2020,0.0,0.0,0.0,0.0
MONGUA,2021,0.0,0.0,0.0,0.0
MONGUA,2022,0.0,0.0,0.0,0.0
MONGUA,2023,0.0,0.0,0.0,0.0
MONGUÍ,2017,89.06,0.0,0.0,0.0
MONGUÍ,2018,0.0,701051.97,0.0,0.0
MONGUÍ,2019,0.0,0.0,0.0,0.0
MONGUÍ,2020,0.0,0.0,0.0,0.0
MONGUÍ,2021,0.0,0.0,0.0,0.0
MONGUÍ,2022,0.0,0.0,0.0,0.0
MONGUÍ,2023,0.0,0.0,0.0,0.0
MONIQUIRÁ,2017,88.61,0.0,0.0,0.0
MONIQUIRÁ,2018,0.0,719943.19,0.0,0.0
MONIQUIRÁ,2019,0.0,0.0,0.0,0.0
MONIQUIRÁ,2020,0.0,0.0,0.0,0.0
MONIQUIRÁ,2021,0.0,0.0,0.0,0.0
MONIQUIRÁ,2022,0.0,0.0,0.0,0.0
MONIQUIRÁ,2023,0.0,0.0,0.0,0.0
MONTEBELLO,2017,0.0,0.0,0.0,0.0
MONTEBELLO,2018,0.0,0.0,0.0,0.0
MONTEBELLO,2019,0.0,0.0,0.0,0.0
MONTEBELLO,2020,0.0,0.0,0.0,0.0
MONTEBELLO,2021,0.0,0.0,0.0,0.0
MONTEBELLO,2022,0.0,0.0,0.0,0.0
MONTEBELLO,2023,0.0,0.0,0.0,0.0
MONTECRISTO,2017,94.24,0.0,0.0,0.0
MONTECRISTO,2018,0.0,1011989.68,0.0,0.0
MONTECRISTO,2019,0.0,0.0,0.0,0.0
MONTECRISTO,2020,0.0,0.0,0.0,0.0
MONTECRISTO,2021,0.0,0.0,0.0,0.0
MONTECRISTO,2022,0.0,0.0,0.0,0.0
MONTECRISTO,2023,0.0,0.0,0.0,0.0
MONTELÍBANO,2017,0.0,0.0,0.0,0.0
MONTELÍBANO,2018,0.0,0.0,0.0,0.0
MONTELÍBANO,2019,0.0,0.0,0.0,0.0
MONTELÍBANO,2020,0.0,0.0,0.0,0.0
MONTELÍBANO,2021,0.0,0.0,0.0,0.0
MONTELÍBANO,2022,0.0,0.0,0.0,0.0
MONTELÍBANO,2023,0.0,0.0,0.0,0.0
MONTENEGRO,2017,0.0,0.0,0.0,0.0
MONTENEGRO,2018,0.0,0.0,0.0,0.0
MONTENEGRO,2019,0.0,0.0,0.0,0.0
MONTENEGRO,2020,0.0,0.0,0.0,0.0
MONTENEGRO,2021,0.0,0.0,0.0,0.0
MONTENEGRO,2022,0.0,0.0,0.0,0.0
MONTENEGRO,2023,0.0,0.0,0.0,0.0
MONTERREY,2017,85.91,0.0,0.0,0.0
MONTERREY,2018,0.0,507468.23,0.0,0.0
MONTERREY,2019,0.0,0.0,0.0,0.0
MONTERREY,2020,0.0,0.0,0.0,0.0
MONTERREY,2021,0.0,0.0,0.0,0.0
MONTERREY,2022,0.0,0.0,0.0,0.0
MONTERREY,2023,0.0,0.0,0.0,0.0
MONTERÍA,2017,0.0,0.0,0.0,0.0
MONTERÍA,2018,0.0,0.0,0.0,0.0
MONTERÍA,2019,0.0,0.0,0.0,0.0
MONTERÍA,2020,0.0,0.0,0.0,0.0
MONTERÍA,2021,0.0,0.0,0.0,0.0
MONTERÍA,2022,0.0,0.0,0.0,0.0
MONTERÍA,2023,0.0,0.0,0.0,0.0
MORALES,2017,89.09,0.0,0.0,0.0
MORALES,2017,89.09,0.0,0.0,0.0
MORALES,2017,89.09,0.0,0.0,0.0
MORALES,2017,89.09,0.0,0.0,0.0
MORALES,2017,89.09,0.0,0.0,0.0
MORALES,2017,89.09,0.0,0.0,0.0
MORALES,2017,89.09,0.0,0.0,0.0
MORALES,2017,89.09,0.0,0.0,0.0
MORALES,2017,0.0,0.0,0.0,0.0
MORALES,2017,0.0,0.0,0.0,0.0
MORALES,2017,0.0,0.0,0.0,0.0
MORALES,2017,0.0,0.0,0.0,0.0
MORALES,2017,0.0,0.0,0.0,0.0
MORALES,2017,0.0,0.0,0.0,0.0
MORALES,2017,0.0,0.0,0.0,0.0
MORALES,2017,0.0,0.0,0.0,0.0
MORALES,2018,0.0,518622.98,0.0,0.0
MORALES,2018,0.0,518622.98,0.0,0.0
MORALES,2018,0.0,518622.98,0.0,0.0
MORALES,2018,0.0,518622.98,0.0,0.0
MORALES,2018,0.0,0.0,0.0,0.0
MORALES,2018,0.0,0.0,0.0,0.0
MORALES,2018,0.0,0.0,0.0,0.0
MORALES,2018,0.0,0.0,0.0,0.0
MORALES,2018,0.0,518622.98,0.0,0.0
MORALES,2018,0.0,518622.98,0.0,0.0
MORALES,2018,0.0,518622.98,0.0,0.0
MORALES,2018,0.0,518622.98,0.0,0.0
MORALES,2018,0.0,0.0,0.0,0.0
MORALES,2018,0.0,0.0,0.0,0.0
MORALES,2018,0.0,0.0,0.0,0.0
MORALES,2018,0.0,0.0,0.0,0.0
MORALES,2019,0.0,0.0,0.0,0.0
MORALES,2019,0.0,0.0,0.0,0.0
MORALES,2019,0.0,0.0,0.0,0.0
MORALES,2019,0.0,0.0,0.0,0.0
MORALES,2019,0.0,0.0,0.0,0.0
MORALES,2019,0.0,0.0,0.0,0.0
MORALES,2019,0.0,0.0,0.0,0.0
MORALES,2019,0.0,0.0,0.0,0.0
MORALES,2019,0.0,0.0,0.0,0.0
MORALES,2019,0.0,0.0,0.0,0.0
MORALES,2019,0.0,0.0,0.0,0.0
MORALES,2019,0.0,0.0,0.0,0.0
MORALES,2019,0.0,0.0,0.0,0.0
MORALES,2019,0.0,0.0,0.0,0.0
MORALES,2019,0.0,0.0,0.0,0.0
MORALES,2019,0.0,0.0,0.0,0.0
MORALES,2020,0.0,0.0,0.0,0.0
MORALES,2020,0.0,0.0,0.0,0.0
MORALES,2020,0.0,0.0,0.0,0.0
MORALES,2020,0.0,0.0,0.0,0.0
MORALES,2020,0.0,0.0,0.0,0.0
MORALES,2020,0.0,0.0,0.0,0.0
MORALES,2020,0.0,0.0,0.0,0.0
MORALES,2020,0.0,0.0,0.0,0.0
MORALES,2020,0.0,0.0,0.0,0.0
MORALES,2020,0.0,0.0,0.0,0.0
MORALES,2020,0.0,0.0,0.0,0.0
MORALES,2020,0.0,0.0,0.0,0.0
MORALES,2020,0.0,0.0,0.0,0.0
MORALES,2020,0.0,0.0,0.0,0.0
MORALES,2020,0.0,0.0,0.0,0.0
MORALES,2020,0.0,0.0,0.0,0.0
MORALES,2021,0.0,0.0,0.0,0.0
MORALES,2021,0.0,0.0,0.0,0.0
MORALES,2021,0.0,0.0,0.0,0.0
MORALES,2021,0.0,0.0,0.0,0.0
MORALES,2021,0.0,0.0,0.0,0.0
MORALES,2021,0.0,0.0,0.0,0.0
MORALES,2021,0.0,0.0,0.0,0.0
MORALES,2021,0.0,0.0,0.0,0.0
MORALES,2021,0.0,0.0,0.0,0.0
MORALES,2021,0.0,0.0,0.0,0.0
MORALES,2021,0.0,0.0,0.0,0.0
MORALES,2021,0.0,0.0,0.0,0.0
MORALES,2021,0.0,0.0,0.0,0.0
MORALES,2021,0.0,0.0,0.0,0.0
MORALES,2021,0.0,0.0,0.0,0.0
MORALES,2021,0.0,0.0,0.0,0.0
MORALES,2022,0.0,0.0,0.0,0.0
MORALES,2022,0.0,0.0,0.0,0.0
MORALES,2022,0.0,0.0,0.0,0.0
MORALES,2022,0.0,0.0,0.0,0.0
MORALES,2022,0.0,0.0,0.0,0.0
MORALES,2022,0.0,0.0,0.0,0.0
MORALES,2022,0.0,0.0,0.0,0.0
MORALES,2022,0.0,0.0,0.0,0.0
MORALES,2022,0.0,0.0,0.0,0.0
MORALES,2022,0.0,0.0,0.0,0.0
MORALES,2022,0.0,0.0,0.0,0.0
MORALES,2022,0.0,0.0,0.0,0.0
MORALES,2022,0.0,0.0,0.0,0.0
MORALES,2022,0.0,0.0,0.0,0.0
MORALES,2022,0.0,0.0,0.0,0.0
MORALES,2022,0.0,0.0,0.0,0.0
MORALES,2023,0.0,0.0,0.0,0.0
MORALES,2023,0.0,0.0,0.0,0.0
MORALES,2023,0.0,0.0,0.0,0.0
MORALES,2023,0.0,0.0,0.0,0.0
MORALES,2023,0.0,0.0,0.0,0.0
MORALES,2023,0.0,0.0,0.0,0.0
MORALES,2023,0.0,0.0,0.0,0.0
MORALES,2023,0.0,0.0,0.0,0.0
MORALES,2023,0.0,0.0,0.0,0.0
MORALES,2023,0.0,0.0,0.0,0.0
MORALES,2023,0.0,0.0,0.0,0.0
MORALES,2023,0.0,0.0,0.0,0.0
MORALES,2023,0.0,0.0,0.0,0.0
MORALES,2023,0.0,0.0,0.0,0.0
MORALES,2023,0.0,0.0,0.0,0.0
MORALES,2023,0.0,0.0,0.0,0.0
MORELIA,2017,0.0,0.0,0.0,0.0
MORELIA,2018,0.0,0.0,0.0,0.0
MORELIA,2019,0.0,0.0,0.0,0.0
MORELIA,2020,0.0,0.0,0.0,0.0
MORELIA,2021,0.0,0.0,0.0,0.0
MORELIA,2022,0.0,0.0,0.0,0.0
MORELIA,2023,0.0,0.0,0.0,0.0
MORICHAL,2017,94.44,0.0,0.0,0.0
MORICHAL,2018,0.0,651004.7,0.0,0.0
MORICHAL,2019,0.0,0.0,0.0,0.0
MORICHAL,2020,0.0,0.0,0.0,0.0
MORICHAL,2021,0.0,0.0,0.0,0.0
MORICHAL,2022,0.0,0.0,0.0,0.0
MORICHAL,2023,0.0,0.0,0.0,0.0
MORROA,2017,0.0,0.0,0.0,0.0
MORROA,2018,0.0,0.0,0.0,0.0
MORROA,2019,0.0,0.0,0.0,0.0
MORROA,2020,0.0,0.0,0.0,0.0
MORROA,2021,0.0,0.0,0.0,0.0
MORROA,2022,0.0,0.0,0.0,0.0
MORROA,2023,0.0,0.0,0.0,0.0
MOSQUERA,2017,,,,
MOSQUERA,2017,,,,0.0
MOSQUERA,2017,,,0.0,
MOSQUERA,2017,,,0.0,0.0
MOSQUERA,2017,,0.0,,
MOSQUERA,2017,,0.0,,0.0
MOSQUERA,2017,,0.0,0.0,
MOSQUERA,2017,,0.0,0.0,0.0
MOSQUERA,2017,0.0,,,
MOSQUERA,2017,0.0,,,0.0
MOSQUERA,2017,0.0,,0.0,
MOSQUERA,2017,0.0,,0.0,0.0
MOSQUERA,2017,0.0,0.0,,
MOSQUERA,2017,0.0,0.0,,0.0
MOSQUERA,2017,0.0,0.0,0.0,
MOSQUERA,2017,0.0,0.0,0.0,0.0
MOSQUERA,2018,,,,
MOSQUERA,2018,,,,0.0
MOSQUERA,2018,,,0.0,
MOSQUERA,2018,,,0.0,0.0
MOSQUERA,2018,,0.0,,
MOSQUERA,2018,,0.0,,0.0
MOSQUERA,2018,,0.0,0.0,
MOSQUERA,2018,,0.0,0.0,0.0
MOSQUERA,2018,0.0,,,
MOSQUERA,2018,0.0,,,0.0
MOSQUERA,2018,0.0,,0.0,
MOSQUERA,2018,0.0,,0.0,0.0
MOSQUERA,2018,0.0,0.0,,
MOSQUERA,2018,0.0,0.0,,0.0
MOSQUERA,2018,0.0,0.0,0.0,
MOSQUERA,2018,0.0,0.0,0.0,0.0
MOSQUERA,2019,,,,
MOSQUERA,2019,,,,0.0
MOSQUERA,2019,,,0.0,
MOSQUERA,2019,,,0.0,0.0
MOSQUERA,2019,,0.0,,
MOSQUERA,2019,,0.0,,0.0
MOSQUERA,2019,,0.0,0.0,
MOSQUERA,2019,,0.0,0.0,0.0
MOSQUERA,2019,0.0,,,
MOSQUERA,2019,0.0,,,0.0
MOSQUERA,2019,0.0,,0.0,
MOSQUERA,2019,0.0,,0.0,0.0
MOSQUERA,2019,0.0,0.0,,
MOSQUERA,2019,0.0,0.0,,0.0
MOSQUERA,2019,0.0,0.0,0.0,
MOSQUERA,2019,0.0,0.0,0.0,0.0
MOSQUERA,2020,,,,
MOSQUERA,2020,,,,0.0
MOSQUERA,2020,,,0.0,
MOSQUERA,2020,,,0.0,0.0
MOSQUERA,2020,,0.0,,
MOSQUERA,2020,,0.0,,0.0
MOSQUERA,2020,,0.0,0.0,
MOSQUERA,2020,,0.0,0.0,0.0
MOSQUERA,2020,0.0,,,
MOSQUERA,2020,0.0,,,0.0
MOSQUERA,2020,0.0,,0.0,
MOSQUERA,2020,0.0,,0.0,0.0
MOSQUERA,2020,0.0,0.0,,
MOSQUERA,2020,0.0,0.0,,0.0
MOSQUERA,2020,0.0,0.0,0.0,
MOSQUERA,2020,0.0,0.0,0.0,0.0
MOSQUERA,2021,,,,
MOSQUERA,2021,,,,0.0
MOSQUERA,2021,,,0.0,
MOSQUERA,2021,,,0.0,0.0
MOSQUERA,2021,,0.0,,
MOSQUERA,2021,,0.0,,0.0
MOSQUERA,2021,,0.0,0.0,
MOSQUERA,2021,,0.0,0.0,0.0
MOSQUERA,2021,0.0,,,
MOSQUERA,2021,0.0,,,0.0
MOSQUERA,2021,0.0,,0.0,
MOSQUERA,2021,0.0,,0.0,0.0
MOSQUERA,2021,0.0,0.0,,
MOSQUERA,2021,0.0,0.0,,0.0
MOSQUERA,2021,0.0,0.0,0.0,
MOSQUERA,2021,0.0,0.0,0.0,0.0
MOSQUERA,2022,,,,
MOSQUERA,2022,,,,0.0
MOSQUERA,2022,,,0.0,
MOSQUERA,2022,,,0.0,0.0
MOSQUERA,2022,,0.0,,
MOSQUERA,2022,,0.0,,0.0
MOSQUERA,2022,,0.0,0.0,
MOSQUERA,2022,,0.0,0.0,0.0
MOSQUERA,2022,0.0,,,
MOSQUERA,2022,0.0,,,0.0
MOSQUERA,2022,0.0,,0.0,
MOSQUERA,2022,0.0,,0.0,0.0
MOSQUERA,2022,0.0,0.0,,
MOSQUERA,2022,0.0,0.0,,0.0
MOSQUERA,2022,0.0,0.0,0.0,
MOSQUERA,2022,0.0,0.0,0.0,0.0
MOSQUERA,2023,,,,
MOSQUERA,2023,,,,0.0
MOSQUERA,2023,,,0.0,
MOSQUERA,2023,,,0.0,0.0
MOSQUERA,2023,,0.0,,
MOSQUERA,2023,,0.0,,0.0
MOSQUERA,2023,,0.0,0.0,
MOSQUERA,2023,,0.0,0.0,0.0
MOSQUERA,2023,0.0,,,
MOSQUERA,2023,0.0,,,0.0
MOSQUERA,2023,0.0,,0.0,
MOSQUERA,2023,0.0,,0.0,0.0
MOSQUERA,2023,0.0,0.0,,
MOSQUERA,2023,0.0,0.0,,0.0
MOSQUERA,2023,0.0,0.0,0.0,
MOSQUERA,2023,0.0,0.0,0.0,0.0
MOTAVITA,2017,93.84,0.0,0.0,0.0
MOTAVITA,2018,0.0,351404.19,0.0,0.0
MOTAVITA,2019,0.0,0.0,0.0,0.0
MOTAVITA,2020,0.0,0.0,0.0,0.0
MOTAVITA,2021,0.0,0.0,0.0,0.0
MOTAVITA,2022,0.0,0.0,0.0,0.0
MOTAVITA,2023,0.0,0.0,0.0,0.0
MOÑITOS,2017,0.0,0.0,0.0,0.0
MOÑITOS,2018,0.0,0.0,0.0,0.0
MOÑITOS,2019,0.0,0.0,0.0,0.0
MOÑITOS,2020,0.0,0.0,0.0,0.0
MOÑITOS,2021,0.0,0.0,0.0,0.0
MOÑITOS,2022,0.0,0.0,0.0,0.0
MOÑITOS,2023,0.0,0.0,0.0,0.0
MURILLO,2017,0.0,0.0,0.0,0.0
MURILLO,2018,0.0,0.0,0.0,0.0
MURILLO,2019,0.0,0.0,0.0,0.0
MURILLO,2020,0.0,0.0,0.0,0.0
MURILLO,2021,0.0,0.0,0.0,0.0
MURILLO,2022,0.0,0.0,0.0,0.0
MURILLO,2023,0.0,0.0,0.0,0.0
MURINDÓ,2017,0.0,0.0,0.0,0.0
MURINDÓ,2018,0.0,0.0,0.0,0.0
MURINDÓ,2019,0.0,0.0,0.0,0.0
MURINDÓ,2020,0.0,0.0,0.0,0.0
MURINDÓ,2021,0.0,0.0,0.0,0.0
MURINDÓ,2022,0.0,0.0,0.0,0.0
MURINDÓ,2023,0.0,0.0,0.0,0.0
MUTATÁ,2017,0.0,0.0,0.0,0.0
MUTATÁ,2018,0.0,0.0,0.0,0.0
MUTATÁ,2019,0.0,0.0,0.0,0.0
MUTATÁ,2020,0.0,0.0,0.0,0.0
MUTATÁ,2021,0.0,0.0,0.0,0.0
MUTATÁ,2022,0.0,0.0,0.0,0.0
MUTATÁ,2023,0.0,0.0,0.0,0.0
MUTISCUA,2017,90.84,0.0,0.0,0.0
MUTISCUA,2018,0.0,477022.69,0.0,0.0
MUTISCUA,2019,0.0,0.0,0.0,0.0
MUTISCUA,2020,0.0,0.0,0.0,0.0
MUTISCUA,2021,0.0,0.0,0.0,0.0
MUTISCUA,2022,0.0,0.0,0.0,0.0
MUTISCUA,2023,0.0,0.0,0.0,0.0
MUZO,2017,86.29,0.0,0.0,0.0
MUZO,2018,0.0,745433.16,0.0,0.0
MUZO,2019,0.0,0.0,0.0,0.0
MUZO,2020,0.0,0.0,0.0,0.0
MUZO,2021,0.0,0.0,0.0,0.0
MUZO,2022,0.0,0.0,0.0,0.0
MUZO,2023,0.0,0.0,0.0,0.0
MÁLAGA,2017,,,,
MÁLAGA,2018,,,,
MÁLAGA,2019,,,,
MÁLAGA,2020,,,,
MÁLAGA,2021,,,,
MÁLAGA,2022,,,,
MÁLAGA,2023,,,,
NARIÑO,2017,46.45,0.0,0.0,0.0
NARIÑO,2017,46.45,0.0,0.0,0.0
NARIÑO,2017,46.45,0.0,0.0,
NARIÑO,2017,46.45,0.0,0.0,0.0
NARIÑO,2017,46.45,0.0,0.0,0.0
NARIÑO,2017,46.45,0.0,0.0,
NARIÑO,2017,46.45,0.0,,0.0
NARIÑO,2017,46.45,0.0,,0.0
NARIÑO,2017,46.45,0.0,,
NARIÑO,2017,46.45,0.0,0.0,0.0
NARIÑO,2017,46.45,0.0,0.0,0.0
NARIÑO,2017,46.45,0.0,0.0,
NARIÑO,2017,46.45,0.0,0.0,0.0
NARIÑO,2017,46.45,0.0,0.0,0.0
NARIÑO,2017,46.45,0.0,0.0,
NARIÑO,2017,46.45,0.0,,0.0
NARIÑO,2017,46.45,0.0,,0.0
NARIÑO,2017,46.45,0.0,,
NARIÑO,2017,46.45,,0.0,0.0
NARIÑO,2017,46.45,,0.0,0.0
NARIÑO,2017,46.45,,0.0,
NARIÑO,2017,46.45,,0.0,0.0
NARIÑO,2017,46.45,,0.0,0.0
NARIÑO,2017,46.45,,0.0,
NARIÑO,2017,46.45,,,0.0
NARIÑO,2017,46.45,,,0.0
NARIÑO,2017,46.45,,,
NARIÑO,2017,85.77,0.0,0.0,0.0
NARIÑO,2017,85.77,0.0,0.0,0.0
NARIÑO,2017,85.77,0.0,0.0,
NARIÑO,2017,85.77,0.0,0.0,0.0
NARIÑO,2017,85.77,0.0,0.0,0.0
NARIÑO,2017,85.77,0.0,0.0,
NARIÑO,2017,85.77,0.0,,0.0
NARIÑO,2017,85.77,0.0,,0.0
NARIÑO,2017,85.77,0.0,,
NARIÑO,2017,85.77,0.0,0.0,0.0
NARIÑO,2017,85.77,0.0,0.0,0.0
NARIÑO,2017,85.77,0.0,0.0,
NARIÑO,2017,85.77,0.0,0.0,0.0
NARIÑO,2017,85.77,0.0,0.0,0.0
NARIÑO,2017,85.77,0.0,0.0,
NARIÑO,2017,85.77,0.0,,0.0
NARIÑO,2017,85.77,0.0,,0.0
NARIÑO,2017,85.77,0.0,,
NARIÑO,2017,85.77,,0.0,0.0
NARIÑO,2017,85.77,,0.0,0.0
NARIÑO,2017,85.77,,0.0,
NARIÑO,2017,85.77,,0.0,0.0
NARIÑO,2017,85.77,,0.0,0.0
NARIÑO,2017,85.77,,0.0,
NARIÑO,2017,85.77,,,0.0
NARIÑO,2017,85.77,,,0.0
NARIÑO,2017,85.77,,,
NARIÑO,2017,,0.0,0.0,0.0
NARIÑO,2017,,0.0,0.0,0.0
NARIÑO,2017,,0.0,0.0,
NARIÑO,2017,,0.0,0.0,0.0
NARIÑO,2017,,0.0,0.0,0.0
NARIÑO,2017,,0.0,0.0,
NARIÑO,2017,,0.0,,0.0
NARIÑO,2017,,0.0,,0.0
NARIÑO,2017,,0.0,,
NARIÑO,2017,,0.0,0.0,0.0
NARIÑO,2017,,0.0,0.0,0.0
NARIÑO,2017,,0.0,0.0,
NARIÑO,2017,,0.0,0.0,0.0
NARIÑO,2017,,0.0,0.0,0.0
NARIÑO,2017,,0.0,0.0,
NARIÑO,2017,,0.0,,0.0
NARIÑO,2017,,0.0,,0.0
NARIÑO,2017,,0.0,,
NARIÑO,2017,,,0.0,0.0
NARIÑO,2017,,,0.0,0.0
NARIÑO,2017,,,0.0,
NARIÑO,2017,,,0.0,0.0
NARIÑO,2017,,,0.0,0.0
NARIÑO,2017,,,0.0,
NARIÑO,2017,,,,0.0
NARIÑO,2017,,,,0.0
NARIÑO,2017,,,,
NARIÑO,2018,0.0,175246.42,0.0,0.0
NARIÑO,2018,0.0,175246.42,0.0,0.0
NARIÑO,2018,0.0,175246.42,0.0,
NARIÑO,2018,0.0,175246.42,0.0,0.0
NARIÑO,2018,0.0,175246.42,0.0,0.0
NARIÑO,2018,0.0,175246.42,0.0,
NARIÑO,2018,0.0,175246.42,,0.0
NARIÑO,2018,0.0,175246.42,,0.0
NARIÑO,2018,0.0,175246.42,,
NARIÑO,2018,0.0,208392.06,0.0,0.0
NARIÑO,2018,0.0,208392.06,0.0,0.0
NARIÑO,2018,0.0,208392.06,0.0,
NARIÑO,2018,0.0,208392.06,0.0,0.0
NARIÑO,2018,0.0,208392.06,0.0,0.0
NARIÑO,2018,0.0,208392.06,0.0,
NARIÑO,2018,0.0,208392.06,,0.0
NARIÑO,2018,0.0,208392.06,,0.0
NARIÑO,2018,0.0,208392.06,,
NARIÑO,2018,0.0,,0.0,0.0
NARIÑO,2018,0.0,,0.0,0.0
NARIÑO,2018,0.0,,0.0,
NARIÑO,2018,0.0,,0.0,0.0
NARIÑO,2018,0.0,,0.0,0.0
NARIÑO,2018,0.0,,0.0,
NARIÑO,2018,0.0,,,0.0
NARIÑO,2018,0.0,,,0.0
NARIÑO,2018,0.0,,,
NARIÑO,2018,0.0,175246.42,0.0,0.0
NARIÑO,2018,0.0,175246.42,0.0,0.0
NARIÑO,2018,0.0,175246.42,0.0,
NARIÑO,2018,0.0,175246.42,0.0,0.0
NARIÑO,2018,0.0,175246.42,0.0,0.0
NARIÑO,2018,0.0,175246.42,0.0,
NARIÑO,2018,0.0,175246.42,,0.0
NARIÑO,2018,0.0,175246.42,,0.0
NARIÑO,2018,0.0,175246.42,,
NARIÑO,2018,0.0,208392.06,0.0,0.0
NARIÑO,2018,0.0,208392.06,0.0,0.0
NARIÑO,2018,0.0,208392.06,0.0,
NARIÑO,2018,0.0,208392.06,0.0,0.0
NARIÑO,2018,0.0,208392.06,0.0,0.0
NARIÑO,2018,0.0,208392.06,0.0,
NARIÑO,2018,0.0,208392.06,,0.0
NARIÑO,2018,0.0,208392.06,,0.0
NARIÑO,2018,0.0,208392.06,,
NARIÑO,2018,0.0,,0.0,0.0
NARIÑO,2018,0.0,,0.0,0.0
NARIÑO,2018,0.0,,0.0,
NARIÑO,2018,0.0,,0.0,0.0
NARIÑO,2018,0.0,,0.0,0.0
NARIÑO,2018,0.0,,0.0,
NARIÑO,2018,0.0,,,0.0
NARIÑO,2018,0.0,,,0.0
NARIÑO,2018,0.0,,,
NARIÑO,2018,,175246.42,0.0,0.0
NARIÑO,2018,,175246.42,0.0,0.0
NARIÑO,2018,,175246.42,0.0,
NARIÑO,2018,,175246.42,0.0,0.0
NARIÑO,2018,,175246.42,0.0,0.0
NARIÑO,2018,,175246.42,0.0,
NARIÑO,2018,,175246.42,,0.0
NARIÑO,2018,,175246.42,,0.0
NARIÑO,2018,,175246.42,,
NARIÑO,2018,,208392.06,0.0,0.0
NARIÑO,2018,,208392.06,0.0,0.0
NARIÑO,2018,,208392.06,0.0,
NARIÑO,2018,,208392.06,0.0,0.0
NARIÑO,2018,,208392.06,0.0,0.0
NARIÑO,2018,,208392.06,0.0,
NARIÑO,2018,,208392.06,,0.0
NARIÑO,2018,,208392.06,,0.0
NARIÑO,2018,,208392.06,,
NARIÑO,2018,,,0.0,0.0
NARIÑO,2018,,,0.0,0.0
NARIÑO,2018,,,0.0,
NARIÑO,2018,,,0.0,0.0
NARIÑO,2018,,,0.0,0.0
NARIÑO,2018,,,0.0,
NARIÑO,2018,,,,0.0
NARIÑO,2018,,,,0.0
NARIÑO,2018,,,,
NARIÑO,2019,0.0,0.0,0.0,0.0
NARIÑO,2019,0.0,0.0,0.0,0.0
NARIÑO,2019,0.0,0.0,0.0,
NARIÑO,2019,0.0,0.0,0.0,0.0
NARIÑO,2019,0.0,0.0,0.0,0.0
NARIÑO,2019,0.0,0.0,0.0,
NARIÑO,2019,0.0,0.0,,0.0
NARIÑO,2019,0.0,0.0,,0.0
NARIÑO,2019,0.0,0.0,,
NARIÑO,2019,0.0,0.0,0.0,0.0
NARIÑO,2019,0.0,0.0,0.0,0.0
NARIÑO,2019,0.0,0.0,0.0,
NARIÑO,2019,0.0,0.0,0.0,0.0
NARIÑO,2019,0.0,0.0,0.0,0.0
NARIÑO,2019,0.0,0.0,0.0,
NARIÑO,2019,0.0,0.0,,0.0
NARIÑO,2019,0.0,0.0,,0.0
NARIÑO,2019,0.0,0.0,,
NARIÑO,2019,0.0,,0.0,0.0
NARIÑO,2019,0.0,,0.0,0.0
NARIÑO,2019,0.0,,0.0,
NARIÑO,2019,0.0,,0.0,0.0
NARIÑO,2019,0.0,,0.0,0.0
NARIÑO,2019,0.0,,0.0,
NARIÑO,2019,0.0,,,0.0
NARIÑO,2019,0.0,,,0.0
NARIÑO,2019,0.0,,,
NARIÑO,2019,0.0,0.0,0.0,0.0
NARIÑO,2019,0.0,0.0,0.0,0.0
NARIÑO,2019,0.0,0.0,0.0,
NARIÑO,2019,0.0,0.0,0.0,0.0
NARIÑO,2019,0.0,0.0,0.0,0.0
NARIÑO,2019,0.0,0.0,0.0,
NARIÑO,2019,0.0,0.0,,0.0
NARIÑO,2019,0.0,0.0,,0.0
NARIÑO,2019,0.0,0.0,,
NARIÑO,2019,0.0,0.0,0.0,0.0
NARIÑO,2019,0.0,0.0,0.0,0.0
NARIÑO,2019,0.0,0.0,0.0,
NARIÑO,2019,0.0,0.0,0.0,0.0
NARIÑO,2019,0.0,0.0,0.0,0.0
NARIÑO,2019,0.0,0.0,0.0,
NARIÑO,2019,0.0,0.0,,0.0
NARIÑO,2019,0.0,0.0,,0.0
NARIÑO,2019,0.0,0.0,,
NARIÑO,2019,0.0,,0.0,0.0
NARIÑO,2019,0.0,,0.0,0.0
NARIÑO,2019,0.0,,0.0,
NARIÑO,2019,0.0,,0.0,0.0
NARIÑO,2019,0.0,,0.0,0.0
NARIÑO,2019,0.0,,0.0,
NARIÑO,2019,0.0,,,0.0
NARIÑO,2019,0.0,,,0.0
NARIÑO,2019,0.0,,,
NARIÑO,2019,,0.0,0.0,0.0
NARIÑO,2019,,0.0,0.0,0.0
NARIÑO,2019,,0.0,0.0,
NARIÑO,2019,,0.0,0.0,0.0
NARIÑO,2019,,0.0,0.0,0.0
NARIÑO,2019,,0.0,0.0,
NARIÑO,2019,,0.0,,0.0
NARIÑO,2019,,0.0,,0.0
NARIÑO,2019,,0.0,,
NARIÑO,2019,,0.0,0.0,0.0
NARIÑO,2019,,0.0,0.0,0.0
NARIÑO,2019,,0.0,0.0,
NARIÑO,2019,,0.0,0.0,0.0
NARIÑO,2019,,0.0,0.0,0.0
NARIÑO,2019,,0.0,0.0,
NARIÑO,2019,,0.0,,0.0
NARIÑO,2019,,0.0,,0.0
NARIÑO,2019,,0.0,,
NARIÑO,2019,,,0.0,0.0
NARIÑO,2019,,,0.0,0.0
NARIÑO,2019,,,0.0,
NARIÑO,2019,,,0.0,0.0
NARIÑO,2019,,,0.0,0.0
NARIÑO,2019,,,0.0,
NARIÑO,2019,,,,0.0
NARIÑO,2019,,,,0.0
NARIÑO,2019,,,,
NARIÑO,2020,0.0,0.0,0.0,0.0
NARIÑO,2020,0.0,0.0,0.0,0.0
NARIÑO,2020,0.0,0.0,0.0,
NARIÑO,2020,0.0,0.0,0.0,0.0
NARIÑO,2020,0.0,0.0,0.0,0.0
NARIÑO,2020,0.0,0.0,0.0,
NARIÑO,2020,0.0,0.0,,0.0
NARIÑO,2020,0.0,0.0,,0.0
NARIÑO,2020,0.0,0.0,,
NARIÑO,2020,0.0,0.0,0.0,0.0
NARIÑO,2020,0.0,0.0,0.0,0.0
NARIÑO,2020,0.0,0.0,0.0,
NARIÑO,2020,0.0,0.0,0.0,0.0
NARIÑO,2020,0.0,0.0,0.0,0.0
NARIÑO,2020,0.0,0.0,0.0,
NARIÑO,2020,0.0,0.0,,0.0
NARIÑO,2020,0.0,0.0,,0.0
NARIÑO,2020,0.0,0.0,,
NARIÑO,2020,0.0,,0.0,0.0
NARIÑO,2020,0.0,,0.0,0.0
NARIÑO,2020,0.0,,0.0,
NARIÑO,2020,0.0,,0.0,0.0
NARIÑO,2020,0.0,,0.0,0.0
NARIÑO,2020,0.0,,0.0,
NARIÑO,2020,0.0,,,0.0
NARIÑO,2020,0.0,,,0.0
NARIÑO,2020,0.0,,,
NARIÑO,2020,0.0,0.0,0.0,0.0
NARIÑO,2020,0.0,0.0,0.0,0.0
NARIÑO,2020,0.0,0.0,0.0,
NARIÑO,2020,0.0,0.0,0.0,0.0
NARIÑO,2020,0.0,0.0,0.0,0.0
NARIÑO,2020,0.0,0.0,0.0,
NARIÑO,2020,0.0,0.0,,0.0
NARIÑO,2020,0.0,0.0,,0.0
NARIÑO,2020,0.0,0.0,,
NARIÑO,2020,0.0,0.0,0.0,0.0
NARIÑO,2020,0.0,0.0,0.0,0.0
NARIÑO,2020,0.0,0.0,0.0,
NARIÑO,2020,0.0,0.0,0.0,0.0
NARIÑO,2020,0.0,0.0,0.0,0.0
NARIÑO,2020,0.0,0.0,0.0,
NARIÑO,2020,0.0,0.0,,0.0
NARIÑO,2020,0.0,0.0,,0.0
NARIÑO,2020,0.0,0.0,,
NARIÑO,2020,0.0,,0.0,0.0
NARIÑO,2020,0.0,,0.0,0.0
NARIÑO,2020,0.0,,0.0,
NARIÑO,2020,0.0,,0.0,0.0
NARIÑO,2020,0.0,,0.0,0.0
NARIÑO,2020,0.0,,0.0,
NARIÑO,2020,0.0,,,0.0
NARIÑO,2020,0.0,,,0.0
NARIÑO,2020,0.0,,,
NARIÑO,2020,,0.0,0.0,0.0
NARIÑO,2020,,0.0,0.0,0.0
NARIÑO,2020,,0.0,0.0,
NARIÑO,2020,,0.0,0.0,0.0
NARIÑO,2020,,0.0,0.0,0.0
NARIÑO,2020,,0.0,0.0,
NARIÑO,2020,,0.0,,0.0
NARIÑO,2020,,0.0,,0.0
NARIÑO,2020,,0.0,,
NARIÑO,2020,,0.0,0.0,0.0
NARIÑO,2020,,0.0,0.0,0.0
NARIÑO,2020,,0.0,0.0,
NARIÑO,2020,,0.0,0.0,0.0
NARIÑO,2020,,0.0,0.0,0.0
NARIÑO,2020,,0.0,0.0,
NARIÑO,2020,,0.0,,0.0
NARIÑO,2020,,0.0,,0.0
NARIÑO,2020,,0.0,,
NARIÑO,2020,,,0.0,0.0
NARIÑO,2020,,,0.0,0.0
NARIÑO,2020,,,0.0,
NARIÑO,2020,,,0.0,0.0
NARIÑO,2020,,,0.0,0.0
NARIÑO,2020,,,0.0,
NARIÑO,2020,,,,0.0
NARIÑO,2020,,,,0.0
NARIÑO,2020,,,,
NARIÑO,2021,0.0,0.0,0.0,0.0
NARIÑO,2021,0.0,0.0,0.0,0.0
NARIÑO,2021,0.0,0.0,0.0,
NARIÑO,2021,0.0,0.0,0.0,0.0
NARIÑO,2021,0.0,0.0,0.0,0.0
NARIÑO,2021,0.0,0.0,0.0,
NARIÑO,2021,0.0,0.0,,0.0
NARIÑO,2021,0.0,0.0,,0.0
NARIÑO,2021,0.0,0.0,,
NARIÑO,2021,0.0,0.0,0.0,0.0
NARIÑO,2021,0.0,0.0,0.0,0.0
NARIÑO,2021,0.0,0.0,0.0,
NARIÑO,2021,0.0,0.0,0.0,0.0
NARIÑO,2021,0.0,0.0,0.0,0.0
NARIÑO,2021,0.0,0.0,0.0,
NARIÑO,2021,0.0,0.0,,0.0
NARIÑO,2021,0.0,0.0,,0.0
NARIÑO,2021,0.0,0.0,,
NARIÑO,2021,0.0,,0.0,0.0
NARIÑO,2021,0.0,,0.0,0.0
NARIÑO,2021,0.0,,0.0,
NARIÑO,2021,0.0,,0.0,0.0
NARIÑO,2021,0.0,,0.0,0.0
NARIÑO,2021,0.0,,0.0,
NARIÑO,2021,0.0,,,0.0
NARIÑO,2021,0.0,,,0.0
NARIÑO,2021,0.0,,,
NARIÑO,2021,0.0,0.0,0.0,0.0
NARIÑO,2021,0.0,0.0,0.0,0.0
NARIÑO,2021,0.0,0.0,0.0,
NARIÑO,2021,0.0,0.0,0.0,0.0
NARIÑO,2021,0.0,0.0,0.0,0.0
NARIÑO,2021,0.0,0.0,0.0,
NARIÑO,2021,0.0,0.0,,0.0
NARIÑO,2021,0.0,0.0,,0.0
NARIÑO,2021,0.0,0.0,,
NARIÑO,2021,0.0,0.0,0.0,0.0
NARIÑO,2021,0.0,0.0,0.0,0.0
NARIÑO,2021,0.0,0.0,0.0,
NARIÑO,2021,0.0,0.0,0.0,0.0
NARIÑO,2021,0.0,0.0,0.0,0.0
NARIÑO,2021,0.0,0.0,0.0,
NARIÑO,2021,0.0,0.0,,0.0
NARIÑO,2021,0.0,0.0,,0.0
NARIÑO,2021,0.0,0.0,,
NARIÑO,2021,0.0,,0.0,0.0
NARIÑO,2021,0.0,,0.0,0.0
NARIÑO,2021,0.0,,0.0,
NARIÑO,2021,0.0,,0.0,0.0
NARIÑO,2021,0.0,,0.0,0.0
NARIÑO,2021,0.0,,0.0,
NARIÑO,2021,0.0,,,0.0
NARIÑO,2021,0.0,,,0.0
NARIÑO,2021,0.0,,,
NARIÑO,2021,,0.0,0.0,0.0
NARIÑO,2021,,0.0,0.0,0.0
NARIÑO,2021,,0.0,0.0,
NARIÑO,2021,,0.0,0.0,0.0
NARIÑO,2021,,0.0,0.0,0.0
NARIÑO,2021,,0.0,0.0,
NARIÑO,2021,,0.0,,0.0
NARIÑO,2021,,0.0,,0.0
NARIÑO,2021,,0.0,,
NARIÑO,2021,,0.0,0.0,0.0
NARIÑO,2021,,0.0,0.0,0.0
NARIÑO,2021,,0.0,0.0,
NARIÑO,2021,,0.0,0.0,0.0
NARIÑO,2021,,0.0,0.0,0.0
NARIÑO,2021,,0.0,0.0,
NARIÑO,2021,,0.0,,0.0
NARIÑO,2021,,0.0,,0.0
NARIÑO,2021,,0.0,,
NARIÑO,2021,,,0.0,0.0
NARIÑO,2021,,,0.0,0.0
NARIÑO,2021,,,0.0,
NARIÑO,2021,,,0.0,0.0
NARIÑO,2021,,,0.0,0.0
NARIÑO,2021,,,0.0,
NARIÑO,2021,,,,0.0
NARIÑO,2021,,,,0.0
NARIÑO,2021,,,,
NARIÑO,2022,0.0,0.0,0.0,0.0
NARIÑO,2022,0.0,0.0,0.0,0.0
NARIÑO,2022,0.0,0.0,0.0,
NARIÑO,2022,0.0,0.0,0.0,0.0
NARIÑO,2022,0.0,0.0,0.0,0.0
NARIÑO,2022,0.0,0.0,0.0,
NARIÑO,2022,0.0,0.0,,0.0
NARIÑO,2022,0.0,0.0,,0.0
NARIÑO,2022,0.0,0.0,,
NARIÑO,2022,0.0,0.0,0.0,0.0
NARIÑO,2022,0.0,0.0,0.0,0.0
NARIÑO,2022,0.0,0.0,0.0,
NARIÑO,2022,0.0,0.0,0.0,0.0
NARIÑO,2022,0.0,0.0,0.0,0.0
NARIÑO,2022,0.0,0.0,0.0,
NARIÑO,2022,0.0,0.0,,0.0
NARIÑO,2022,0.0,0.0,,0.0
NARIÑO,2022,0.0,0.0,,
NARIÑO,2022,0.0,,0.0,0.0
NARIÑO,2022,0.0,,0.0,0.0
NARIÑO,2022,0.0,,0.0,
NARIÑO,2022,0.0,,0.0,0.0
NARIÑO,2022,0.0,,0.0,0.0
NARIÑO,2022,0.0,,0.0,
NARIÑO,2022,0.0,,,0.0
NARIÑO,2022,0.0,,,0.0
NARIÑO,2022,0.0,,,
NARIÑO,2022,0.0,0.0,0.0,0.0
NARIÑO,2022,0.0,0.0,0.0,0.0
NARIÑO,2022,0.0,0.0,0.0,
NARIÑO,2022,0.0,0.0,0.0,0.0
NARIÑO,2022,0.0,0.0,0.0,0.0
NARIÑO,2022,0.0,0.0,0.0,
NARIÑO,2022,0.0,0.0,,0.0
NARIÑO,2022,0.0,0.0,,0.0
NARIÑO,2022,0.0,0.0,,
NARIÑO,2022,0.0,0.0,0.0,0.0
NARIÑO,2022,0.0,0.0,0.0,0.0
NARIÑO,2022,0.0,0.0,0.0,
NARIÑO,2022,0.0,0.0,0.0,0.0
NARIÑO,2022,0.0,0.0,0.0,0.0
NARIÑO,2022,0.0,0.0,0.0,
NARIÑO,2022,0.0,0.0,,0.0
NARIÑO,2022,0.0,0.0,,0.0
NARIÑO,2022,0.0,0.0,,
NARIÑO,2022,0.0,,0.0,0.0
NARIÑO,2022,0.0,,0.0,0.0
NARIÑO,2022,0.0,,0.0,
NARIÑO,2022,0.0,,0.0,0.0
NARIÑO,2022,0.0,,0.0,0.0
NARIÑO,2022,0.0,,0.0,
NARIÑO,2022,0.0,,,0.0
NARIÑO,2022,0.0,,,0.0
NARIÑO,2022,0.0,,,
NARIÑO,2022,,0.0,0.0,0.0
NARIÑO,2022,,0.0,0.0,0.0
NARIÑO,2022,,0.0,0.0,
NARIÑO,2022,,0.0,0.0,0.0
NARIÑO,2022,,0.0,0.0,0.0
NARIÑO,2022,,0.0,0.0,
NARIÑO,2022,,0.0,,0.0
NARIÑO,2022,,0.0,,0.0
NARIÑO,2022,,0.0,,
NARIÑO,2022,,0.0,0.0,0.0
NARIÑO,2022,,0.0,0.0,0.0
NARIÑO,2022,,0.0,0.0,
NARIÑO,2022,,0.0,0.0,0.0
NARIÑO,2022,,0.0,0.0,0.0
NARIÑO,2022,,0.0,0.0,
NARIÑO,2022,,0.0,,0.0
NARIÑO,2022,,0.0,,0.0
NARIÑO,2022,,0.0,,
NARIÑO,2022,,,0.0,0.0
NARIÑO,2022,,,0.0,0.0
NARIÑO,2022,,,0.0,
NARIÑO,2022,,,0.0,0.0
NARIÑO,2022,,,0.0,0.0
NARIÑO,2022,,,0.0,
NARIÑO,2022,,,,0.0
NARIÑO,2022,,,,0.0
NARIÑO,2022,,,,
NARIÑO,2023,0.0,0.0,0.0,0.0
NARIÑO,2023,0.0,0.0,0.0,0.0
NARIÑO,2023,0.0,0.0,0.0,
NARIÑO,2023,0.0,0.0,0.0,0.0
NARIÑO,2023,0.0,0.0,0.0,0.0
NARIÑO,2023,0.0,0.0,0.0,
NARIÑO,2023,0.0,0.0,,0.0
NARIÑO,2023,0.0,0.0,,0.0
NARIÑO,2023,0.0,0.0,,
NARIÑO,2023,0.0,0.0,0.0,0.0
NARIÑO,2023,0.0,0.0,0.0,0.0
NARIÑO,2023,0.0,0.0,0.0,
NARIÑO,2023,0.0,0.0,0.0,0.0
NARIÑO,2023,0.0,0.0,0.0,0.0
NARIÑO,2023,0.0,0.0,0.0,
NARIÑO,2023,0.0,0.0,,0.0
NARIÑO,2023,0.0,0.0,,0.0
NARIÑO,2023,0.0,0.0,,
NARIÑO,2023,0.0,,0.0,0.0
NARIÑO,2023,0.0,,0.0,0.0
NARIÑO,2023,0.0,,0.0,
NARIÑO,2023,0.0,,0.0,0.0
NARIÑO,2023,0.0,,0.0,0.0
NARIÑO,2023,0.0,,0.0,
NARIÑO,2023,0.0,,,0.0
NARIÑO,2023,0.0,,,0.0
NARIÑO,2023,0.0,,,
NARIÑO,2023,0.0,0.0,0.0,0.0
NARIÑO,2023,0.0,0.0,0.0,0.0
NARIÑO,2023,0.0,0.0,0.0,
NARIÑO,2023,0.0,0.0,0.0,0.0
NARIÑO,2023,0.0,0.0,0.0,0.0
NARIÑO,2023,0.0,0.0,0.0,
NARIÑO,2023,0.0,0.0,,0.0
NARIÑO,2023,0.0,0.0,,0.0
NARIÑO,2023,0.0,0.0,,
NARIÑO,2023,0.0,0.0,0.0,0.0
NARIÑO,2023,0.0,0.0,0.0,0.0
NARIÑO,2023,0.0,0.0,0.0,
NARIÑO,2023,0.0,0.0,0.0,0.0
NARIÑO,2023,0.0,0.0,0.0,0.0
NARIÑO,2023,0.0,0.0,0.0,
NARIÑO,2023,0.0,0.0,,0.0
NARIÑO,2023,0.0,0.0,,0.0
NARIÑO,2023,0.0,0.0,,
NARIÑO,2023,0.0,,0.0,0.0
NARIÑO,2023,0.0,,0.0,0.0
NARIÑO,2023,0.0,,0.0,
NARIÑO,2023,0.0,,0.0,0.0
NARIÑO,2023,0.0,,0.0,0.0
NARIÑO,2023,0.0,,0.0,
NARIÑO,2023,0.0,,,0.0
NARIÑO,2023,0.0,,,0.0
NARIÑO,2023,0.0,,,
NARIÑO,2023,,0.0,0.0,0.0
NARIÑO,2023,,0.0,0.0,0.0
NARIÑO,2023,,0.0,0.0,
NARIÑO,2023,,0.0,0.0,0.0
NARIÑO,2023,,0.0,0.0,0.0
NARIÑO,2023,,0.0,0.0,
NARIÑO,2023,,0.0,,0.0
NARIÑO,2023,,0.0,,0.0
NARIÑO,2023,,0.0,,
NARIÑO,2023,,0.0,0.0,0.0
NARIÑO,2023,,0.0,0.0,0.0
NARIÑO,2023,,0.0,0.0,
NARIÑO,2023,,0.0,0.0,0.0
NARIÑO,2023,,0.0,0.0,0.0
NARIÑO,2023,,0.0,0.0,
NARIÑO,2023,,0.0,,0.0
NARIÑO,2023,,0.0,,0.0
NARIÑO,2023,,0.0,,
NARIÑO,2023,,,0.0,0.0
NARIÑO,2023,,,0.0,0.0
NARIÑO,2023,,,0.0,
NARIÑO,2023,,,0.0,0.0
NARIÑO,2023,,,0.0,0.0
NARIÑO,2023,,,0.0,
NARIÑO,2023,,,,0.0
NARIÑO,2023,,,,0.0
NARIÑO,2023,,,,
NATAGAIMA,2017,40.74,0.0,0.0,0.0
NATAGAIMA,2018,0.0,112768.96,0.0,0.0
NATAGAIMA,2019,0.0,0.0,0.0,0.0
NATAGAIMA,2020,0.0,0.0,0.0,0.0
NATAGAIMA,2021,0.0,0.0,0.0,0.0
NATAGAIMA,2022,0.0,0.0,0.0,0.0
NATAGAIMA,2023,0.0,0.0,0.0,0.0
NECHÍ,2017,95.52,0.0,0.0,0.0
NECHÍ,2018,0.0,558877.22,0.0,0.0
NECHÍ,2019,0.0,0.0,0.0,0.0
NECHÍ,2020,0.0,0.0,0.0,0.0
NECHÍ,2021,0.0,0.0,0.0,0.0
NECHÍ,2022,0.0,0.0,0.0,0.0
NECHÍ,2023,0.0,0.0,0.0,0.0
NECOCLÍ,2017,0.0,0.0,0.0,0.0
NECOCLÍ,2018,0.0,0.0,0.0,0.0
NECOCLÍ,2019,0.0,0.0,0.0,0.0
NECOCLÍ,2020,0.0,0.0,0.0,0.0
NECOCLÍ,2021,0.0,0.0,0.0,0.0
NECOCLÍ,2022,0.0,0.0,0.0,0.0
NECOCLÍ,2023,0.0,0.0,0.0,0.0
NEIRA,2017,0.0,0.0,0.0,0.0
NEIRA,2018,0.0,0.0,0.0,0.0
NEIRA,2019,0.0,0.0,0.0,0.0
NEIRA,2020,0.0,0.0,0.0,0.0
NEIRA,2021,0.0,0.0,0.0,0.0
NEIRA,2022,0.0,0.0,0.0,0.0
NEIRA,2023,0.0,0.0,0.0,0.0
NEIVA,2017,23.95,0.0,0.0,0.0
NEIVA,2018,0.0,199039.78,0.0,0.0
NEIVA,2019,0.0,0.0,0.0,0.0
NEIVA,2020,0.0,0.0,0.0,0.0
NEIVA,2021,0.0,0.0,0.0,0.0
NEIVA,2022,0.0,0.0,0.0,0.0
NEIVA,2023,0.0,0.0,0.0,0.0
NEMOCÓN,2017,89.19,0.0,0.0,0.0
NEMOCÓN,2018,0.0,424273.71,0.0,0.0
NEMOCÓN,2019,0.0,0.0,0.0,0.0
NEMOCÓN,2020,0.0,0.0,0.0,0.0
NEMOCÓN,2021,0.0,0.0,0.0,0.0
NEMOCÓN,2022,0.0,0.0,0.0,0.0
NEMOCÓN,2023,0.0,0.0,0.0,0.0
NILO,2017,81.84,0.0,0.0,0.0
NILO,2018,0.0,3078611.89,0.0,0.0
NILO,2019,0.0,0.0,0.0,0.0
NILO,2020,0.0,0.0,0.0,0.0
NILO,2021,0.0,0.0,0.0,0.0
NILO,2022,0.0,0.0,0.0,0.0
NILO,2023,0.0,0.0,0.0,0.0
NIMAIMA,2017,,,,
NIMAIMA,2018,,,,
NIMAIMA,2019,,,,
NIMAIMA,2020,,,,
NIMAIMA,2021,,,,
NIMAIMA,2022,,,,
NIMAIMA,2023,,,,
NOBSA,2017,,,,
NOBSA,2018,,,,
NOBSA,2019,,,,
NOBSA,2020,,,,
NOBSA,2021,,,,
NOBSA,2022,,,,
NOBSA,2023,,,,
NOCAIMA,2017,78.87,0.0,0.0,0.0
NOCAIMA,2018,0.0,858200.55,0.0,0.0
NOCAIMA,2019,0.0,0.0,0.0,0.0
NOCAIMA,2020,0.0,0.0,0.0,0.0
NOCAIMA,2021,0.0,0.0,0.0,0.0
NOCAIMA,2022,0.0,0.0,0.0,0.0
NOCAIMA,2023,0.0,0.0,0.0,0.0
NORCASIA,2017,94.58,0.0,0.0,0.0
NORCASIA,2018,0.0,246481.45,0.0,0.0
NORCASIA,2019,0.0,0.0,0.0,0.0
NORCASIA,2020,0.0,0.0,0.0,0.0
NORCASIA,2021,0.0,0.0,0.0,0.0
NORCASIA,2022,0.0,0.0,0.0,0.0
NORCASIA,2023,0.0,0.0,0.0,0.0
NOROSÍ,2017,91.19,0.0,0.0,0.0
NOROSÍ,2018,0.0,614562.81,0.0,0.0
NOROSÍ,2019,0.0,0.0,0.0,0.0
NOROSÍ,2020,0.0,0.0,0.0,0.0
NOROSÍ,2021,0.0,0.0,0.0,0.0
NOROSÍ,2022,0.0,0.0,0.0,0.0
NOROSÍ,2023,0.0,0.0,0.0,0.0
NUEVA GRANADA,2017,87.05,0.0,0.0,0.0
NUEVA GRANADA,2018,0.0,292904.05,0.0,0.0
NUEVA GRANADA,2019,0.0,0.0,0.0,0.0
NUEVA GRANADA,2020,0.0,0.0,0.0,0.0
NUEVA GRANADA,2021,0.0,0.0,0.0,0.0
NUEVA GRANADA,2022,0.0,0.0,0.0,0.0
NUEVA GRANADA,2023,0.0,0.0,0.0,0.0
NUEVO COLÓN,2017,,,,
NUEVO COLÓN,2018,,,,
NUEVO COLÓN,2019,,,,
NUEVO COLÓN,2020,,,,
NUEVO COLÓN,2021,,,,
NUEVO COLÓN,2022,,,,
NUEVO COLÓN,2023,,,,
NUNCHÍA,2017,82.81,0.0,0.0,0.0
NUNCHÍA,2018,0.0,367536.72,0.0,0.0
NUNCHÍA,2019,0.0,0.0,0.0,0.0
NUNCHÍA,2020,0.0,0.0,0.0,0.0
NUNCHÍA,2021,0.0,0.0,0.0,0.0
NUNCHÍA,2022,0.0,0.0,0.0,0.0
NUNCHÍA,2023,0.0,0.0,0.0,0.0
NUQUÍ,2017,0.0,0.0,0.0,0.0
NUQUÍ,2018,0.0,0.0,0.0,0.0
NUQUÍ,2019,0.0,0.0,0.0,0.0
NUQUÍ,2020,0.0,0.0,0.0,0.0
NUQUÍ,2021,0.0,0.0,0.0,0.0
NUQUÍ,2022,0.0,0.0,0.0,0.0
NUQUÍ,2023,0.0,0.0,0.0,0.0
NÁTAGA,2017,0.0,0.0,0.0,0.0
NÁTAGA,2018,0.0,0.0,0.0,0.0
NÁTAGA,2019,0.0,0.0,0.0,0.0
NÁTAGA,2020,0.0,0.0,0.0,0.0
NÁTAGA,2021,0.0,0.0,0.0,0.0
NÁTAGA,2022,0.0,0.0,0.0,0.0
NÁTAGA,2023,0.0,0.0,0.0,0.0
NÓVITA,2017,0.0,0.0,0.0,0.0
NÓVITA,2018,0.0,0.0,0.0,0.0
NÓVITA,2019,0.0,0.0,0.0,0.0
NÓVITA,2020,0.0,0.0,0.0,0.0
NÓVITA,2021,0.0,0.0,0.0,0.0
NÓVITA,2022,0.0,0.0,0.0,0.0
NÓVITA,2023,0.0,0.0,0.0,0.0
OBANDO,2017,0.0,0.0,0.0,0.0
OBANDO,2018,0.0,0.0,0.0,0.0
OBANDO,2019,0.0,0.0,0.0,0.0
OBANDO,2020,0.0,0.0,0.0,0.0
OBANDO,2021,0.0,0.0,0.0,0.0
OBANDO,2022,0.0,0.0,0.0,0.0
OBANDO,2023,0.0,0.0,0.0,0.0
OCAMONTE,2017,,,,
OCAMONTE,2018,,,,
OCAMONTE,2019,,,,
OCAMONTE,2020,,,,
OCAMONTE,2021,,,,
OCAMONTE,2022,,,,
OCAMONTE,2023,,,,
OCAÑA,2017,90.36,0.0,0.0,0.0
OCAÑA,2018,0.0,667773.76,0.0,0.0
OCAÑA,2019,0.0,0.0,0.0,0.0
OCAÑA,2020,0.0,0.0,0.0,0.0
OCAÑA,2021,0.0,0.0,0.0,0.0
OCAÑA,2022,0.0,0.0,0.0,0.0
OCAÑA,2023,0.0,0.0,0.0,0.0
OIBA,2017,96.06,0.0,0.0,0.0
OIBA,2018,0.0,432788.25,0.0,0.0
OIBA,2019,0.0,0.0,0.0,0.0
OIBA,2020,0.0,0.0,0.0,0.0
OIBA,2021,0.0,0.0,0.0,0.0
OIBA,2022,0.0,0.0,0.0,0.0
OIBA,2023,0.0,0.0,0.0,0.0
OICATÁ,2017,93.74,0.0,0.0,0.0
OICATÁ,2018,0.0,351404.19,0.0,0.0
OICATÁ,2019,0.0,0.0,0.0,0.0
OICATÁ,2020,0.0,0.0,0.0,0.0
OICATÁ,2021,0.0,0.0,0.0,0.0
OICATÁ,2022,0.0,0.0,0.0,0.0
OICATÁ,2023,0.0,0.0,0.0,0.0
OLAYA,2017,0.0,0.0,0.0,0.0
OLAYA,2018,0.0,0.0,0.0,0.0
OLAYA,2019,0.0,0.0,0.0,0.0
OLAYA,2020,0.0,0.0,0.0,0.0
OLAYA,2021,0.0,0.0,0.0,0.0
OLAYA,2022,0.0,0.0,0.0,0.0
OLAYA,2023,0.0,0.0,0.0,0.0
OLAYA HERRERA,2017,0.0,0.0,0.0,0.0
OLAYA HERRERA,2018,0.0,0.0,0.0,0.0
OLAYA HERRERA,2019,0.0,0.0,0.0,0.0
OLAYA HERRERA,2020,0.0,0.0,0.0,0.0
OLAYA HERRERA,2021,0.0,0.0,0.0,0.0
OLAYA HERRERA,2022,0.0,0.0,0.0,0.0
OLAYA HERRERA,2023,0.0,0.0,0.0,0.0
ONZAGA,2017,87.9,0.0,0.0,0.0
ONZAGA,2018,0.0,890738.24,0.0,0.0
ONZAGA,2019,0.0,0.0,0.0,0.0
ONZAGA,2020,0.0,0.0,0.0,0.0
ONZAGA,2021,0.0,0.0,0.0,0.0
ONZAGA,2022,0.0,0.0,0.0,0.0
ONZAGA,2023,0.0,0.0,0.0,0.0
OPORAPA,2017,0.0,0.0,0.0,0.0
OPORAPA,2018,0.0,0.0,0.0,0.0
OPORAPA,2019,0.0,0.0,0.0,0.0
OPORAPA,2020,0.0,0.0,0.0,0.0
OPORAPA,2021,0.0,0.0,0.0,0.0
OPORAPA,2022,0.0,0.0,0.0,0.0
OPORAPA,2023,0.0,0.0,0.0,0.0
ORITO,2017,0.0,0.0,0.0,0.0
ORITO,2018,0.0,0.0,0.0,0.0
ORITO,2019,0.0,0.0,0.0,0.0
ORITO,2020,0.0,0.0,0.0,0.0
ORITO,2021,0.0,0.0,0.0,0.0
ORITO,2022,0.0,0.0,0.0,0.0
ORITO,2023,0.0,0.0,0.0,0.0
OROCUÉ,2017,85.41,0.0,0.0,0.0
OROCUÉ,2018,0.0,459430.29,0.0,0.0
OROCUÉ,2019,0.0,0.0,0.0,0.0
OROCUÉ,2020,0.0,0.0,0.0,0.0
OROCUÉ,2021,0.0,0.0,0.0,0.0
OROCUÉ,2022,0.0,0.0,0.0,0.0
OROCUÉ,2023,0.0,0.0,0.0,0.0
ORTEGA,2017,0.0,0.0,0.0,0.0
ORTEGA,2018,0.0,0.0,0.0,0.0
ORTEGA,2019,0.0,0.0,0.0,0.0
ORTEGA,2020,0.0,0.0,0.0,0.0
ORTEGA,2021,0.0,0.0,0.0,0.0
ORTEGA,2022,0.0,0.0,0.0,0.0
ORTEGA,2023,0.0,0.0,0.0,0.0
OSPINA,2017,,,,
OSPINA,2018,,,,
OSPINA,2019,,,,
OSPINA,2020,,,,
OSPINA,2021,,,,
OSPINA,2022,,,,
OSPINA,2023,,,,
OTANCHE,2017,93.97,0.0,0.0,0.0
OTANCHE,2018,0.0,606237.44,0.0,0.0
OTANCHE,2019,0.0,0.0,0.0,0.0
OTANCHE,2020,0.0,0.0,0.0,0.0
OTANCHE,2021,0.0,0.0,0.0,0.0
OTANCHE,2022,0.0,0.0,0.0,0.0
OTANCHE,2023,0.0,0.0,0.0,0.0
OVEJAS,2017,22.3,0.0,0.0,0.0
OVEJAS,2018,0.0,78316.27,0.0,0.0
OVEJAS,2019,0.0,0.0,0.0,0.0
OVEJAS,2020,0.0,0.0,0.0,0.0
OVEJAS,2021,0.0,0.0,0.0,0.0
OVEJAS,2022,0.0,0.0,0.0,0.0
OVEJAS,2023,0.0,0.0,0.0,0.0
PACHAVITA,2017,93.91,0.0,0.0,0.0
PACHAVITA,2018,0.0,340986.48,0.0,0.0
PACHAVITA,2019,0.0,0.0,0.0,0.0
PACHAVITA,2020,0.0,0.0,0.0,0.0
PACHAVITA,2021,0.0,0.0,0.0,0.0
PACHAVITA,2022,0.0,0.0,0.0,0.0
PACHAVITA,2023,0.0,0.0,0.0,0.0
PACHO,2017,90.29,0.0,0.0,0.0
PACHO,2018,0.0,424273.71,0.0,0.0
PACHO,2019,0.0,0.0,0.0,0.0
PACHO,2020,0.0,0.0,0.0,0.0
PACHO,2021,0.0,0.0,0.0,0.0
PACHO,2022,0.0,0.0,0.0,0.0
PACHO,2023,0.0,0.0,0.0,0.0
PACOA,2017,95.19,0.0,0.0,0.0
PACOA,2018,0.0,730626.39,0.0,0.0
PACOA,2019,0.0,0.0,0.0,0.0
PACOA,2020,0.0,0.0,0.0,0.0
PACOA,2021,0.0,0.0,0.0,0.0
PACOA,2022,0.0,0.0,0.0,0.0
PACOA,2023,0.0,0.0,0.0,0.0
PADILLA,2017,0.0,0.0,0.0,0.0
PADILLA,2018,0.0,0.0,0.0,0.0
PADILLA,2019,0.0,0.0,0.0,0.0
PADILLA,2020,0.0,0.0,0.0,0.0
PADILLA,2021,0.0,0.0,0.0,0.0
PADILLA,2022,0.0,0.0,0.0,0.0
PADILLA,2023,0.0,0.0,0.0,0.0
PAICOL,2017,0.0,0.0,0.0,0.0
PAICOL,2018,0.0,0.0,0.0,0.0
PAICOL,2019,0.0,0.0,0.0,0.0
PAICOL,2020,0.0,0.0,0.0,0.0
PAICOL,2021,0.0,0.0,0.0,0.0
PAICOL,2022,0.0,0.0,0.0,0.0
PAICOL,2023,0.0,0.0,0.0,0.0
PAILITAS,2017,88.71,0.0,0.0,0.0
PAILITAS,2018,0.0,730781.46,0.0,0.0
PAILITAS,2019,0.0,0.0,0.0,0.0
PAILITAS,2020,0.0,0.0,0.0,0.0
PAILITAS,2021,0.0,0.0,0.0,0.0
PAILITAS,2022,0.0,0.0,0.0,0.0
PAILITAS,2023,0.0,0.0,0.0,0.0
PAIME,2017,86.95,0.0,0.0,0.0
PAIME,2018,0.0,697771.13,0.0,0.0
PAIME,2019,0.0,0.0,0.0,0.0
PAIME,2020,0.0,0.0,0.0,0.0
PAIME,2021,0.0,0.0,0.0,0.0
PAIME,2022,0.0,0.0,0.0,0.0
PAIME,2023,0.0,0.0,0.0,0.0
PAIPA,2017,86.54,0.0,0.0,0.0
PAIPA,2018,0.0,544649.03,0.0,0.0
PAIPA,2019,0.0,0.0,0.0,0.0
PAIPA,2020,0.0,0.0,0.0,0.0
PAIPA,2021,0.0,0.0,0.0,0.0
PAIPA,2022,0.0,0.0,0.0,0.0
PAIPA,2023,0.0,0.0,0.0,0.0
PAJARITO,2017,85.75,0.0,0.0,0.0
PAJARITO,2018,0.0,524329.64,0.0,0.0
PAJARITO,2019,0.0,0.0,0.0,0.0
PAJARITO,2020,0.0,0.0,0.0,0.0
PAJARITO,2021,0.0,0.0,0.0,0.0
PAJARITO,2022,0.0,0.0,0.0,0.0
PAJARITO,2023,0.0,0.0,0.0,0.0
PALERMO,2017,0.0,0.0,0.0,0.0
PALERMO,2018,0.0,0.0,0.0,0.0
PALERMO,2019,0.0,0.0,0.0,0.0
PALERMO,2020,0.0,0.0,0.0,0.0
PALERMO,2021,0.0,0.0,0.0,0.0
PALERMO,2022,0.0,0.0,0.0,0.0
PALERMO,2023,0.0,0.0,0.0,0.0
PALESTINA,2017,,,,
PALESTINA,2017,,,,0.0
PALESTINA,2017,,,0.0,
PALESTINA,2017,,,0.0,0.0
PALESTINA,2017,,0.0,,
PALESTINA,2017,,0.0,,0.0
PALESTINA,2017,,0.0,0.0,
PALESTINA,2017,,0.0,0.0,0.0
PALESTINA,2017,0.0,,,
PALESTINA,2017,0.0,,,0.0
PALESTINA,2017,0.0,,0.0,
PALESTINA,2017,0.0,,0.0,0.0
PALESTINA,2017,0.0,0.0,,
PALESTINA,2017,0.0,0.0,,0.0
PALESTINA,2017,0.0,0.0,0.0,
PALESTINA,2017,0.0,0.0,0.0,0.0
PALESTINA,2018,,,,
PALESTINA,2018,,,,0.0
PALESTINA,2018,,,0.0,
PALESTINA,2018,,,0.0,0.0
PALESTINA,2018,,0.0,,
PALESTINA,2018,,0.0,,0.0
PALESTINA,2018,,0.0,0.0,
PALESTINA,2018,,0.0,0.0,0.0
PALESTINA,2018,0.0,,,
PALESTINA,2018,0.0,,,0.0
PALESTINA,2018,0.0,,0.0,
PALESTINA,2018,0.0,,0.0,0.0
PALESTINA,2018,0.0,0.0,,
PALESTINA,2018,0.0,0.0,,0.0
PALESTINA,2018,0.0,0.0,0.0,
PALESTINA,2018,0.0,0.0,0.0,0.0
PALESTINA,2019,,,,
PALESTINA,2019,,,,0.0
PALESTINA,2019,,,0.0,
PALESTINA,2019,,,0.0,0.0
PALESTINA,2019,,0.0,,
PALESTINA,2019,,0.0,,0.0
PALESTINA,2019,,0.0,0.0,
PALESTINA,2019,,0.0,0.0,0.0
PALESTINA,2019,0.0,,,
PALESTINA,2019,0.0,,,0.0
PALESTINA,2019,0.0,,0.0,
PALESTINA,2019,0.0,,0.0,0.0
PALESTINA,2019,0.0,0.0,,
PALESTINA,2019,0.0,0.0,,0.0
PALESTINA,2019,0.0,0.0,0.0,
PALESTINA,2019,0.0,0.0,0.0,0.0
PALESTINA,2020,,,,
PALESTINA,2020,,,,0.0
PALESTINA,2020,,,0.0,
PALESTINA,2020,,,0.0,0.0
PALESTINA,2020,,0.0,,
PALESTINA,2020,,0.0,,0.0
PALESTINA,2020,,0.0,0.0,
PALESTINA,2020,,0.0,0.0,0.0
PALESTINA,2020,0.0,,,
PALESTINA,2020,0.0,,,0.0
PALESTINA,2020,0.0,,0.0,
PALESTINA,2020,0.0,,0.0,0.0
PALESTINA,2020,0.0,0.0,,
PALESTINA,2020,0.0,0.0,,0.0
PALESTINA,2020,0.0,0.0,0.0,
PALESTINA,2020,0.0,0.0,0.0,0.0
PALESTINA,2021,,,,
PALESTINA,2021,,,,0.0
PALESTINA,2021,,,0.0,
PALESTINA,2021,,,0.0,0.0
PALESTINA,2021,,0.0,,
PALESTINA,2021,,0.0,,0.0
PALESTINA,2021,,0.0,0.0,
PALESTINA,2021,,0.0,0.0,0.0
PALESTINA,2021,0.0,,,
PALESTINA,2021,0.0,,,0.0
PALESTINA,2021,0.0,,0.0,
PALESTINA,2021,0.0,,0.0,0.0
PALESTINA,2021,0.0,0.0,,
PALESTINA,2021,0.0,0.0,,0.0
PALESTINA,2021,0.0,0.0,0.0,
PALESTINA,2021,0.0,0.0,0.0,0.0
PALESTINA,2022,,,,
PALESTINA,2022,,,,0.0
PALESTINA,2022,,,0.0,
PALESTINA,2022,,,0.0,0.0
PALESTINA,2022,,0.0,,
PALESTINA,2022,,0.0,,0.0
PALESTINA,2022,,0.0,0.0,
PALESTINA,2022,,0.0,0.0,0.0
PALESTINA,2022,0.0,,,
PALESTINA,2022,0.0,,,0.0
PALESTINA,2022,0.0,,0.0,
PALESTINA,2022,0.0,,0.0,0.0
PALESTINA,2022,0.0,0.0,,
PALESTINA,2022,0.0,0.0,,0.0
PALESTINA,2022,0.0,0.0,0.0,
PALESTINA,2022,0.0,0.0,0.0,0.0
PALESTINA,2023,,,,
PALESTINA,2023,,,,0.0
PALESTINA,2023,,,0.0,
PALESTINA,2023,,,0.0,0.0
PALESTINA,2023,,0.0,,
PALESTINA,2023,,0.0,,0.0
PALESTINA,2023,,0.0,0.0,
PALESTINA,2023,,0.0,0.0,0.0
PALESTINA,2023,0.0,,,
PALESTINA,2023,0.0,,,0.0
PALESTINA,2023,0.0,,0.0,
PALESTINA,2023,0.0,,0.0,0.0
PALESTINA,2023,0.0,0.0,,
PALESTINA,2023,0.0,0.0,,0.0
PALESTINA,2023,0.0,0.0,0.0,
PALESTINA,2023,0.0,0.0,0.0,0.0
PALMAR,2017,89.06,0.0,0.0,0.0
PALMAR,2018,0.0,961463.94,0.0,0.0
PALMAR,2019,0.0,0.0,0.0,0.0
PALMAR,2020,0.0,0.0,0.0,0.0
PALMAR,2021,0.0,0.0,0.0,0.0
PALMAR,2022,0.0,0.0,0.0,0.0
PALMAR,2023,0.0,0.0,0.0,0.0
PALMAR DE VARELA,2017,89.97,550048.44,31.36,24.68
PALMAR DE VARELA,2018,89.85,469218.28,31.27,24.61
PALMAR DE VARELA,2019,89.57,434414.47,31.54,24.87
PALMAR DE VARELA,2020,89.68,546243.94,31.22,24.69
PALMAR DE VARELA,2021,89.56,547501.41,31.05,24.52
PALMAR DE VARELA,2022,90.39,689034.08,31.02,24.33
PALMAR DE VARELA,2023,89.82,469017.07,31.74,24.89
PALMAS DEL SOCORRO,2017,94.86,0.0,0.0,0.0
PALMAS DEL SOCORRO,2018,0.0,961463.94,0.0,0.0
PALMAS DEL SOCORRO,2019,0.0,0.0,0.0,0.0
PALMAS DEL SOCORRO,2020,0.0,0.0,0.0,0.0
PALMAS DEL SOCORRO,2021,0.0,0.0,0.0,0.0
PALMAS DEL SOCORRO,2022,0.0,0.0,0.0,0.0
PALMAS DEL SOCORRO,2023,0.0,0.0,0.0,0.0
PALMIRA,2017,0.0,0.0,0.0,0.0
PALMIRA,2018,0.0,0.0,0.0,0.0
PALMIRA,2019,0.0,0.0,0.0,0.0
PALMIRA,2020,0.0,0.0,0.0,0.0
PALMIRA,2021,0.0,0.0,0.0,0.0
PALMIRA,2022,0.0,0.0,0.0,0.0
PALMIRA,2023,0.0,0.0,0.0,0.0
PALMITO,2017,0.0,0.0,0.0,0.0
PALMITO,2018,0.0,0.0,0.0,0.0
PALMITO,2019,0.0,0.0,0.0,0.0
PALMITO,2020,0.0,0.0,0.0,0.0
PALMITO,2021,0.0,0.0,0.0,0.0
PALMITO,2022,0.0,0.0,0.0,0.0
PALMITO,2023,0.0,0.0,0.0,0.0
PALOCABILDO,2017,94.38,0.0,0.0,0.0
PALOCABILDO,2018,0.0,307920.13,0.0,0.0
PALOCABILDO,2019,0.0,0.0,0.0,0.0
PALOCABILDO,2020,0.0,0.0,0.0,0.0
PALOCABILDO,2021,0.0,0.0,0.0,0.0
PALOCABILDO,2022,0.0,0.0,0.0,0.0
PALOCABILDO,2023,0.0,0.0,0.0,0.0
PAMPLONA,2017,86.4,0.0,0.0,0.0
PAMPLONA,2018,0.0,425119.56,0.0,0.0
PAMPLONA,2019,0.0,0.0,0.0,0.0
PAMPLONA,2020,0.0,0.0,0.0,0.0
PAMPLONA,2021,0.0,0.0,0.0,0.0
PAMPLONA,2022,0.0,0.0,0.0,0.0
PAMPLONA,2023,0.0,0.0,0.0,0.0
PAMPLONITA,2017,90.09,0.0,0.0,0.0
PAMPLONITA,2018,0.0,274823.01,0.0,0.0
PAMPLONITA,2019,0.0,0.0,0.0,0.0
PAMPLONITA,2020,0.0,0.0,0.0,0.0
PAMPLONITA,2021,0.0,0.0,0.0,0.0
PAMPLONITA,2022,0.0,0.0,0.0,0.0
PAMPLONITA,2023,0.0,0.0,0.0,0.0
PANA PANA,2017,94.96,0.0,0.0,0.0
PANA PANA,2018,0.0,712972.44,0.0,0.0
PANA PANA,2019,0.0,0.0,0.0,0.0
PANA PANA,2020,0.0,0.0,0.0,0.0
PANA PANA,2021,0.0,0.0,0.0,0.0
PANA PANA,2022,0.0,0.0,0.0,0.0
PANA PANA,2023,0.0,0.0,0.0,0.0
PANDI,2017,79.16,0.0,0.0,0.0
PANDI,2018,0.0,3078611.89,0.0,0.0
PANDI,2019,0.0,0.0,0.0,0.0
PANDI,2020,0.0,0.0,0.0,0.0
PANDI,2021,0.0,0.0,0.0,0.0
PANDI,2022,0.0,0.0,0.0,0.0
PANDI,2023,0.0,0.0,0.0,0.0
PANQUEBA,2017,,,,
PANQUEBA,2018,,,,
PANQUEBA,2019,,,,
PANQUEBA,2020,,,,
PANQUEBA,2021,,,,
PANQUEBA,2022,,,,
PANQUEBA,2023,,,,
PAPUNAHUA,2017,94.91,0.0,0.0,0.0
PAPUNAHUA,2018,0.0,662530.64,0.0,0.0
PAPUNAHUA,2019,0.0,0.0,0.0,0.0
PAPUNAHUA,2020,0.0,0.0,0.0,0.0
PAPUNAHUA,2021,0.0,0.0,0.0,0.0
PAPUNAHUA,2022,0.0,0.0,0.0,0.0
PAPUNAHUA,2023,0.0,0.0,0.0,0.0
PARATEBUENO,2017,91.83,0.0,0.0,0.0
PARATEBUENO,2018,0.0,429535.82,0.0,0.0
PARATEBUENO,2019,0.0,0.0,0.0,0.0
PARATEBUENO,2020,0.0,0.0,0.0,0.0
PARATEBUENO,2021,0.0,0.0,0.0,0.0
PARATEBUENO,2022,0.0,0.0,0.0,0.0
PARATEBUENO,2023,0.0,0.0,0.0,0.0
PASCA,2017,89.7,0.0,0.0,0.0
PASCA,2018,0.0,574773.04,0.0,0.0
PASCA,2019,0.0,0.0,0.0,0.0
PASCA,2020,0.0,0.0,0.0,0.0
PASCA,2021,0.0,0.0,0.0,0.0
PASCA,2022,0.0,0.0,0.0,0.0
PASCA,2023,0.0,0.0,0.0,0.0
PASTO,2017,0.0,0.0,0.0,0.0
PASTO,2018,0.0,0.0,0.0,0.0
PASTO,2019,0.0,0.0,0.0,0.0
PASTO,2020,0.0,0.0,0.0,0.0
PASTO,2021,0.0,0.0,0.0,0.0
PASTO,2022,0.0,0.0,0.0,0.0
PASTO,2023,0.0,0.0,0.0,0.0
PATÍA,2017,0.0,0.0,0.0,0.0
PATÍA,2018,0.0,0.0,0.0,0.0
PATÍA,2019,0.0,0.0,0.0,0.0
PATÍA,2020,0.0,0.0,0.0,0.0
PATÍA,2021,0.0,0.0,0.0,0.0
PATÍA,2022,0.0,0.0,0.0,0.0
PATÍA,2023,0.0,0.0,0.0,0.0
PAUNA,2017,83.65,0.0,0.0,0.0
PAUNA,2018,0.0,745433.16,0.0,0.0
PAUNA,2019,0.0,0.0,0.0,0.0
PAUNA,2020,0.0,0.0,0.0,0.0
PAUNA,2021,0.0,0.0,0.0,0.0
PAUNA,2022,0.0,0.0,0.0,0.0
PAUNA,2023,0.0,0.0,0.0,0.0
PAYA,2017,86.94,0.0,0.0,0.0
PAYA,2018,0.0,487616.74,0.0,0.0
PAYA,2019,0.0,0.0,0.0,0.0
PAYA,2020,0.0,0.0,0.0,0.0
PAYA,2021,0.0,0.0,0.0,0.0
PAYA,2022,0.0,0.0,0.0,0.0
PAYA,2023,0.0,0.0,0.0,0.0
PAZ DE ARIPORO,2017,84.63,0.0,0.0,0.0
PAZ DE ARIPORO,2018,0.0,474273.2,0.0,0.0
PAZ DE ARIPORO,2019,0.0,0.0,0.0,0.0
PAZ DE ARIPORO,2020,0.0,0.0,0.0,0.0
PAZ DE ARIPORO,2021,0.0,0.0,0.0,0.0
PAZ DE ARIPORO,2022,0.0,0.0,0.0,0.0
PAZ DE ARIPORO,2023,0.0,0.0,0.0,0.0
PAZ DE RÍO,2017,,,,
PAZ DE RÍO,2018,,,,
PAZ DE RÍO,2019,,,,
PAZ DE RÍO,2020,,,,
PAZ DE RÍO,2021,,,,
PAZ DE RÍO,2022,,,,
PAZ DE RÍO,2023,,,,
PEDRAZA,2017,88.71,135442.65,24.02,18.63
PEDRAZA,2018,66.34,133737.73,24.11,18.6
PEDRAZA,2019,66.29,118768.64,24.17,18.78
PEDRAZA,2020,66.57,138590.56,23.79,18.6
PEDRAZA,2021,66.59,131998.49,23.65,18.48
PEDRAZA,2022,67.46,194233.12,23.38,18.33
PEDRAZA,2023,66.32,131829.83,24.32,18.78
PELAYA,2017,90.27,0.0,0.0,0.0
PELAYA,2018,0.0,831797.06,0.0,0.0
PELAYA,2019,0.0,0.0,0.0,0.0
PELAYA,2020,0.0,0.0,0.0,0.0
PELAYA,2021,0.0,0.0,0.0,0.0
PELAYA,2022,0.0,0.0,0.0,0.0
PELAYA,2023,0.0,0.0,0.0,0.0
PENSILVANIA,2017,36.95,0.0,0.0,0.0
PENSILVANIA,2018,0.0,134361.71,0.0,0.0
PENSILVANIA,2019,0.0,0.0,0.0,0.0
PENSILVANIA,2020,0.0,0.0,0.0,0.0
PENSILVANIA,2021,0.0,0.0,0.0,0.0
PENSILVANIA,2022,0.0,0.0,0.0,0.0
PENSILVANIA,2023,0.0,0.0,0.0,0.0
PEQUE,2017,0.0,0.0,0.0,0.0
PEQUE,2018,0.0,0.0,0.0,0.0
PEQUE,2019,0.0,0.0,0.0,0.0
PEQUE,2020,0.0,0.0,0.0,0.0
PEQUE,2021,0.0,0.0,0.0,0.0
PEQUE,2022,0.0,0.0,0.0,0.0
PEQUE,2023,0.0,0.0,0.0,0.0
PEREIRA,2017,0.0,0.0,0.0,0.0
PEREIRA,2018,0.0,0.0,0.0,0.0
PEREIRA,2019,0.0,0.0,0.0,0.0
PEREIRA,2020,0.0,0.0,0.0,0.0
PEREIRA,2021,0.0,0.0,0.0,0.0
PEREIRA,2022,0.0,0.0,0.0,0.0
PEREIRA,2023,0.0,0.0,0.0,0.0
PESCA,2017,92.04,0.0,0.0,0.0
PESCA,2018,0.0,589646.86,0.0,0.0
PESCA,2019,0.0,0.0,0.0,0.0
PESCA,2020,0.0,0.0,0.0,0.0
PESCA,2021,0.0,0.0,0.0,0.0
PESCA,2022,0.0,0.0,0.0,0.0
PESCA,2023,0.0,0.0,0.0,0.0
PEÑOL,2017,0.0,0.0,0.0,0.0
PEÑOL,2018,0.0,0.0,0.0,0.0
PEÑOL,2019,0.0,0.0,0.0,0.0
PEÑOL,2020,0.0,0.0,0.0,0.0
PEÑOL,2021,0.0,0.0,0.0,0.0
PEÑOL,2022,0.0,0.0,0.0,0.0
PEÑOL,2023,0.0,0.0,0.0,0.0
PIAMONTE,2017,0.0,0.0,0.0,0.0
PIAMONTE,2018,0.0,0.0,0.0,0.0
PIAMONTE,2019,0.0,0.0,0.0,0.0
PIAMONTE,2020,0.0,0.0,0.0,0.0
PIAMONTE,2021,0.0,0.0,0.0,0.0
PIAMONTE,2022,0.0,0.0,0.0,0.0
PIAMONTE,2023,0.0,0.0,0.0,0.0
PIEDECUESTA,2017,85.84,0.0,0.0,0.0
PIEDECUESTA,2018,0.0,2289169.19,0.0,0.0
PIEDECUESTA,2019,0.0,0.0,0.0,0.0
PIEDECUESTA,2020,0.0,0.0,0.0,0.0
PIEDECUESTA,2021,0.0,0.0,0.0,0.0
PIEDECUESTA,2022,0.0,0.0,0.0,0.0
PIEDECUESTA,2023,0.0,0.0,0.0,0.0
PIEDRAS,2017,85.39,0.0,0.0,0.0
PIEDRAS,2018,0.0,225245.98,0.0,0.0
PIEDRAS,2019,0.0,0.0,0.0,0.0
PIEDRAS,2020,0.0,0.0,0.0,0.0
PIEDRAS,2021,0.0,0.0,0.0,0.0
PIEDRAS,2022,0.0,0.0,0.0,0.0
PIEDRAS,2023,0.0,0.0,0.0,0.0
PIENDAMÓ - TUNÍA,2017,0.0,0.0,0.0,0.0
PIENDAMÓ - TUNÍA,2018,0.0,0.0,0.0,0.0
PIENDAMÓ - TUNÍA,2019,0.0,0.0,0.0,0.0
PIENDAMÓ - TUNÍA,2020,0.0,0.0,0.0,0.0
PIENDAMÓ - TUNÍA,2021,0.0,0.0,0.0,0.0
PIENDAMÓ - TUNÍA,2022,0.0,0.0,0.0,0.0
PIENDAMÓ - TUNÍA,2023,0.0,0.0,0.0,0.0
PIJAO,2017,0.0,0.0,0.0,0.0
PIJAO,2018,0.0,0.0,0.0,0.0
PIJAO,2019,0.0,0.0,0.0,0.0
PIJAO,2020,0.0,0.0,0.0,0.0
PIJAO,2021,0.0,0.0,0.0,0.0
PIJAO,2022,0.0,0.0,0.0,0.0
PIJAO,2023,0.0,0.0,0.0,0.0
PIJIÑO DEL CARMEN,2017,87.74,0.0,0.0,0.0
PIJIÑO DEL CARMEN,2018,0.0,393555.55,0.0,0.0
PIJIÑO DEL CARMEN,2019,0.0,0.0,0.0,0.0
PIJIÑO DEL CARMEN,2020,0.0,0.0,0.0,0.0
PIJIÑO DEL CARMEN,2021,0.0,0.0,0.0,0.0
PIJIÑO DEL CARMEN,2022,0.0,0.0,0.0,0.0
PIJIÑO DEL CARMEN,2023,0.0,0.0,0.0,0.0
PINCHOTE,2017,,,,
PINCHOTE,2018,,,,
PINCHOTE,2019,,,,
PINCHOTE,2020,,,,
PINCHOTE,2021,,,,
PINCHOTE,2022,,,,
PINCHOTE,2023,,,,
PINILLOS,2017,89.13,0.0,0.0,0.0
PINILLOS,2018,0.0,657006.43,0.0,0.0
PINILLOS,2019,0.0,0.0,0.0,0.0
PINILLOS,2020,0.0,0.0,0.0,0.0
PINILLOS,2021,0.0,0.0,0.0,0.0
PINILLOS,2022,0.0,0.0,0.0,0.0
PINILLOS,2023,0.0,0.0,0.0,0.0
PIOJÓ,2017,29.72,111396.03,10.29,8.09
PIOJÓ,2018,29.36,80450.63,10.39,8.08
PIOJÓ,2019,29.06,71449.25,10.54,8.17
PIOJÓ,2020,29.3,100219.28,10.37,8.11
PIOJÓ,2021,29.39,104672.61,10.23,8.03
PIOJÓ,2022,29.87,149191.1,10.16,7.98
PIOJÓ,2023,29.47,91804.14,10.48,8.15
PISBA,2017,89.3,0.0,0.0,0.0
PISBA,2018,0.0,496462.69,0.0,0.0
PISBA,2019,0.0,0.0,0.0,0.0
PISBA,2020,0.0,0.0,0.0,0.0
PISBA,2021,0.0,0.0,0.0,0.0
PISBA,2022,0.0,0.0,0.0,0.0
PISBA,2023,0.0,0.0,0.0,0.0
PITAL,2017,0.0,0.0,0.0,0.0
PITAL,2018,0.0,0.0,0.0,0.0
PITAL,2019,0.0,0.0,0.0,0.0
PITAL,2020,0.0,0.0,0.0,0.0
PITAL,2021,0.0,0.0,0.0,0.0
PITAL,2022,0.0,0.0,0.0,0.0
PITAL,2023,0.0,0.0,0.0,0.0
PITALITO,2017,0.0,0.0,0.0,0.0
PITALITO,2018,0.0,0.0,0.0,0.0
PITALITO,2019,0.0,0.0,0.0,0.0
PITALITO,2020,0.0,0.0,0.0,0.0
PITALITO,2021,0.0,0.0,0.0,0.0
PITALITO,2022,0.0,0.0,0.0,0.0
PITALITO,2023,0.0,0.0,0.0,0.0
PIVIJAY,2017,89.9,118727.3,11.33,8.66
PIVIJAY,2018,31.99,243900.27,11.41,8.65
PIVIJAY,2019,31.84,90864.56,11.46,8.76
PIVIJAY,2020,32.05,118715.69,11.25,8.65
PIVIJAY,2021,31.93,109487.91,11.26,8.62
PIVIJAY,2022,32.33,139808.22,11.16,8.53
PIVIJAY,2023,31.9,108968.83,11.56,8.77
PLANADAS,2017,0.0,0.0,0.0,0.0
PLANADAS,2018,0.0,0.0,0.0,0.0
PLANADAS,2019,0.0,0.0,0.0,0.0
PLANADAS,2020,0.0,0.0,0.0,0.0
PLANADAS,2021,0.0,0.0,0.0,0.0
PLANADAS,2022,0.0,0.0,0.0,0.0
PLANADAS,2023,0.0,0.0,0.0,0.0
PLANETA RICA,2017,0.0,0.0,0.0,0.0
PLANETA RICA,2018,0.0,0.0,0.0,0.0
PLANETA RICA,2019,0.0,0.0,0.0,0.0
PLANETA RICA,2020,0.0,0.0,0.0,0.0
PLANETA RICA,2021,0.0,0.0,0.0,0.0
PLANETA RICA,2022,0.0,0.0,0.0,0.0
PLANETA RICA,2023,0.0,0.0,0.0,0.0
PLATO,2017,88.86,0.0,0.0,0.0
PLATO,2018,0.0,319919.79,0.0,0.0
PLATO,2019,0.0,0.0,0.0,0.0
PLATO,2020,0.0,0.0,0.0,0.0
PLATO,2021,0.0,0.0,0.0,0.0
PLATO,2022,0.0,0.0,0.0,0.0
PLATO,2023,0.0,0.0,0.0,0.0
POLICARPA,2017,0.0,0.0,0.0,0.0
POLICARPA,2018,0.0,0.0,0.0,0.0
POLICARPA,2019,0.0,0.0,0.0,0.0
POLICARPA,2020,0.0,0.0,0.0,0.0
POLICARPA,2021,0.0,0.0,0.0,0.0
POLICARPA,2022,0.0,0.0,0.0,0.0
POLICARPA,2023,0.0,0.0,0.0,0.0
POLONUEVO,2017,,,,
POLONUEVO,2018,,,,
POLONUEVO,2019,,,,
POLONUEVO,2020,,,,
POLONUEVO,2021,,,,
POLONUEVO,2022,,,,
POLONUEVO,2023,,,,
PONEDERA,2017,91.34,470803.07,31.66,24.43
PONEDERA,2018,91.28,401841.67,31.61,24.37
PONEDERA,2019,90.99,370096.18,31.84,24.62
PONEDERA,2020,91.17,463881.84,31.46,24.42
PONEDERA,2021,91.1,460520.28,31.32,24.26
PONEDERA,2022,91.96,576138.87,31.19,24.07
PONEDERA,2023,91.16,404605.28,32.07,24.64
POPAYÁN,2017,0.0,0.0,0.0,0.0
POPAYÁN,2018,0.0,0.0,0.0,0.0
POPAYÁN,2019,0.0,0.0,0.0,0.0
POPAYÁN,2020,0.0,0.0,0.0,0.0
POPAYÁN,2021,0.0,0.0,0.0,0.0
POPAYÁN,2022,0.0,0.0,0.0,0.0
POPAYÁN,2023,0.0,0.0,0.0,0.0
PORE,2017,82.37,0.0,0.0,0.0
PORE,2018,0.0,286265.35,0.0,0.0
PORE,2019,0.0,0.0,0.0,0.0
PORE,2020,0.0,0.0,0.0,0.0
PORE,2021,0.0,0.0,0.0,0.0
PORE,2022,0.0,0.0,0.0,0.0
PORE,2023,0.0,0.0,0.0,0.0
POTOSÍ,2017,0.0,0.0,0.0,0.0
POTOSÍ,2018,0.0,0.0,0.0,0.0
POTOSÍ,2019,0.0,0.0,0.0,0.0
POTOSÍ,2020,0.0,0.0,0.0,0.0
POTOSÍ,2021,0.0,0.0,0.0,0.0
POTOSÍ,2022,0.0,0.0,0.0,0.0
POTOSÍ,2023,0.0,0.0,0.0,0.0
PRADERA,2017,0.0,0.0,0.0,0.0
PRADERA,2018,0.0,0.0,0.0,0.0
PRADERA,2019,0.0,0.0,0.0,0.0
PRADERA,2020,0.0,0.0,0.0,0.0
PRADERA,2021,0.0,0.0,0.0,0.0
PRADERA,2022,0.0,0.0,0.0,0.0
PRADERA,2023,0.0,0.0,0.0,0.0
PRADO,2017,82.9,0.0,0.0,0.0
PRADO,2018,0.0,608080.24,0.0,0.0
PRADO,2019,0.0,0.0,0.0,0.0
PRADO,2020,0.0,0.0,0.0,0.0
PRADO,2021,0.0,0.0,0.0,0.0
PRADO,2022,0.0,0.0,0.0,0.0
PRADO,2023,0.0,0.0,0.0,0.0
PROVIDENCIA,2017,0.0,0.0,0.0,0.0
PROVIDENCIA,2017,0.0,0.0,0.0,
PROVIDENCIA,2017,0.0,0.0,,0.0
PROVIDENCIA,2017,0.0,0.0,,
PROVIDENCIA,2017,0.0,,0.0,0.0
PROVIDENCIA,2017,0.0,,0.0,
PROVIDENCIA,2017,0.0,,,0.0
PROVIDENCIA,2017,0.0,,,
PROVIDENCIA,2017,,0.0,0.0,0.0
PROVIDENCIA,2017,,0.0,0.0,
PROVIDENCIA,2017,,0.0,,0.0
PROVIDENCIA,2017,,0.0,,
PROVIDENCIA,2017,,,0.0,0.0
PROVIDENCIA,2017,,,0.0,
PROVIDENCIA,2017,,,,0.0
PROVIDENCIA,2017,,,,
PROVIDENCIA,2018,0.0,0.0,0.0,0.0
PROVIDENCIA,2018,0.0,0.0,0.0,
PROVIDENCIA,2018,0.0,0.0,,0.0
PROVIDENCIA,2018,0.0,0.0,,
PROVIDENCIA,2018,0.0,,0.0,0.0
PROVIDENCIA,2018,0.0,,0.0,
PROVIDENCIA,2018,0.0,,,0.0
PROVIDENCIA,2018,0.0,,,
PROVIDENCIA,2018,,0.0,0.0,0.0
PROVIDENCIA,2018,,0.0,0.0,
PROVIDENCIA,2018,,0.0,,0.0
PROVIDENCIA,2018,,0.0,,
PROVIDENCIA,2018,,,0.0,0.0
PROVIDENCIA,2018,,,0.0,
PROVIDENCIA,2018,,,,0.0
PROVIDENCIA,2018,,,,
PROVIDENCIA,2019,0.0,0.0,0.0,0.0
PROVIDENCIA,2019,0.0,0.0,0.0,
PROVIDENCIA,2019,0.0,0.0,,0.0
PROVIDENCIA,2019,0.0,0.0,,
PROVIDENCIA,2019,0.0,,0.0,0.0
PROVIDENCIA,2019,0.0,,0.0,
PROVIDENCIA,2019,0.0,,,0.0
PROVIDENCIA,2019,0.0,,,
PROVIDENCIA,2019,,0.0,0.0,0.0
PROVIDENCIA,2019,,0.0,0.0,
PROVIDENCIA,2019,,0.0,,0.0
PROVIDENCIA,2019,,0.0,,
PROVIDENCIA,2019,,,0.0,0.0
PROVIDENCIA,2019,,,0.0,
PROVIDENCIA,2019,,,,0.0
PROVIDENCIA,2019,,,,
PROVIDENCIA,2020,0.0,0.0,0.0,0.0
PROVIDENCIA,2020,0.0,0.0,0.0,
PROVIDENCIA,2020,0.0,0.0,,0.0
PROVIDENCIA,2020,0.0,0.0,,
PROVIDENCIA,2020,0.0,,0.0,0.0
PROVIDENCIA,2020,0.0,,0.0,
PROVIDENCIA,2020,0.0,,,0.0
PROVIDENCIA,2020,0.0,,,
PROVIDENCIA,2020,,0.0,0.0,0.0
PROVIDENCIA,2020,,0.0,0.0,
PROVIDENCIA,2020,,0.0,,0.0
PROVIDENCIA,2020,,0.0,,
PROVIDENCIA,2020,,,0.0,0.0
PROVIDENCIA,2020,,,0.0,
PROVIDENCIA,2020,,,,0.0
PROVIDENCIA,2020,,,,
PROVIDENCIA,2021,0.0,0.0,0.0,0.0
PROVIDENCIA,2021,0.0,0.0,0.0,
PROVIDENCIA,2021,0.0,0.0,,0.0
PROVIDENCIA,2021,0.0,0.0,,
PROVIDENCIA,2021,0.0,,0.0,0.0
PROVIDENCIA,2021,0.0,,0.0,
PROVIDENCIA,2021,0.0,,,0.0
PROVIDENCIA,2021,0.0,,,
PROVIDENCIA,2021,,0.0,0.0,0.0
PROVIDENCIA,2021,,0.0,0.0,
PROVIDENCIA,2021,,0.0,,0.0
PROVIDENCIA,2021,,0.0,,
PROVIDENCIA,2021,,,0.0,0.0
PROVIDENCIA,2021,,,0.0,
PROVIDENCIA,2021,,,,0.0
PROVIDENCIA,2021,,,,
PROVIDENCIA,2022,0.0,0.0,0.0,0.0
PROVIDENCIA,2022,0.0,0.0,0.0,
PROVIDENCIA,2022,0.0,0.0,,0.0
PROVIDENCIA,2022,0.0,0.0,,
PROVIDENCIA,2022,0.0,,0.0,0.0
PROVIDENCIA,2022,0.0,,0.0,
PROVIDENCIA,2022,0.0,,,0.0
PROVIDENCIA,2022,0.0,,,
PROVIDENCIA,2022,,0.0,0.0,0.0
PROVIDENCIA,2022,,0.0,0.0,
PROVIDENCIA,2022,,0.0,,0.0
PROVIDENCIA,2022,,0.0,,
PROVIDENCIA,2022,,,0.0,0.0
PROVIDENCIA,2022,,,0.0,
PROVIDENCIA,2022,,,,0.0
PROVIDENCIA,2022,,,,
PROVIDENCIA,2023,0.0,0.0,0.0,0.0
PROVIDENCIA,2023,0.0,0.0,0.0,
PROVIDENCIA,2023,0.0,0.0,,0.0
PROVIDENCIA,2023,0.0,0.0,,
PROVIDENCIA,2023,0.0,,0.0,0.0
PROVIDENCIA,2023,0.0,,0.0,
PROVIDENCIA,2023,0.0,,,0.0
PROVIDENCIA,2023,0.0,,,
PROVIDENCIA,2023,,0.0,0.0,0.0
PROVIDENCIA,2023,,0.0,0.0,
PROVIDENCIA,2023,,0.0,,0.0
PROVIDENCIA,2023,,0.0,,
PROVIDENCIA,2023,,,0.0,0.0
PROVIDENCIA,2023,,,0.0,
PROVIDENCIA,2023,,,,0.0
PROVIDENCIA,2023,,,,
PUEBLO BELLO,2017,73.97,0.0,0.0,0.0
PUEBLO BELLO,2018,0.0,290904.07,0.0,0.0
PUEBLO BELLO,2019,0.0,0.0,0.0,0.0
PUEBLO BELLO,2020,0.0,0.0,0.0,0.0
PUEBLO BELLO,2021,0.0,0.0,0.0,0.0
PUEBLO BELLO,2022,0.0,0.0,0.0,0.0
PUEBLO BELLO,2023,0.0,0.0,0.0,0.0
PUEBLO NUEVO,2017,0.0,0.0,0.0,0.0
PUEBLO NUEVO,2018,0.0,0.0,0.0,0.0
PUEBLO NUEVO,2019,0.0,0.0,0.0,0.0
PUEBLO NUEVO,2020,0.0,0.0,0.0,0.0
PUEBLO NUEVO,2021,0.0,0.0,0.0,0.0
PUEBLO NUEVO,2022,0.0,0.0,0.0,0.0
PUEBLO NUEVO,2023,0.0,0.0,0.0,0.0
PUEBLO RICO,2017,0.0,0.0,0.0,0.0
PUEBLO RICO,2018,0.0,0.0,0.0,0.0
PUEBLO RICO,2019,0.0,0.0,0.0,0.0
PUEBLO RICO,2020,0.0,0.0,0.0,0.0
PUEBLO RICO,2021,0.0,0.0,0.0,0.0
PUEBLO RICO,2022,0.0,0.0,0.0,0.0
PUEBLO RICO,2023,0.0,0.0,0.0,0.0
PUEBLORRICO,2017,,,,
PUEBLORRICO,2018,,,,
PUEBLORRICO,2019,,,,
PUEBLORRICO,2020,,,,
PUEBLORRICO,2021,,,,
PUEBLORRICO,2022,,,,
PUEBLORRICO,2023,,,,
PUEBLOVIEJO,2017,88.91,0.0,0.0,0.0
PUEBLOVIEJO,2018,0.0,193009.91,0.0,0.0
PUEBLOVIEJO,2019,0.0,0.0,0.0,0.0
PUEBLOVIEJO,2020,0.0,0.0,0.0,0.0
PUEBLOVIEJO,2021,0.0,0.0,0.0,0.0
PUEBLOVIEJO,2022,0.0,0.0,0.0,0.0
PUEBLOVIEJO,2023,0.0,0.0,0.0,0.0
PUENTE NACIONAL,2017,88.99,0.0,0.0,0.0
PUENTE NACIONAL,2018,0.0,879696.39,0.0,0.0
PUENTE NACIONAL,2019,0.0,0.0,0.0,0.0
PUENTE NACIONAL,2020,0.0,0.0,0.0,0.0
PUENTE NACIONAL,2021,0.0,0.0,0.0,0.0
PUENTE NACIONAL,2022,0.0,0.0,0.0,0.0
PUENTE NACIONAL,2023,0.0,0.0,0.0,0.0
PUERRES,2017,0.0,0.0,0.0,0.0
PUERRES,2018,0.0,0.0,0.0,0.0
PUERRES,2019,0.0,0.0,0.0,0.0
PUERRES,2020,0.0,0.0,0.0,0.0
PUERRES,2021,0.0,0.0,0.0,0.0
PUERRES,2022,0.0,0.0,0.0,0.0
PUERRES,2023,0.0,0.0,0.0,0.0
PUERTO ALEGRÍA,2017,95.53,0.0,0.0,0.0
PUERTO ALEGRÍA,2018,0.0,743445.79,0.0,0.0
PUERTO ALEGRÍA,2019,0.0,0.0,0.0,0.0
PUERTO ALEGRÍA,2020,0.0,0.0,0.0,0.0
PUERTO ALEGRÍA,2021,0.0,0.0,0.0,0.0
PUERTO ALEGRÍA,2022,0.0,0.0,0.0,0.0
PUERTO ALEGRÍA,2023,0.0,0.0,0.0,0.0
PUERTO ARICA,2017,95.65,0.0,0.0,0.0
PUERTO ARICA,2018,0.0,721943.94,0.0,0.0
PUERTO ARICA,2019,0.0,0.0,0.0,0.0
PUERTO ARICA,2020,0.0,0.0,0.0,0.0
PUERTO ARICA,2021,0.0,0.0,0.0,0.0
PUERTO ARICA,2022,0.0,0.0,0.0,0.0
PUERTO ARICA,2023,0.0,0.0,0.0,0.0
PUERTO ASÍS,2017,0.0,0.0,0.0,0.0
PUERTO ASÍS,2018,0.0,0.0,0.0,0.0
PUERTO ASÍS,2019,0.0,0.0,0.0,0.0
PUERTO ASÍS,2020,0.0,0.0,0.0,0.0
PUERTO ASÍS,2021,0.0,0.0,0.0,0.0
PUERTO ASÍS,2022,0.0,0.0,0.0,0.0
PUERTO ASÍS,2023,0.0,0.0,0.0,0.0
PUERTO BERRÍO,2017,93.65,0.0,0.0,0.0
PUERTO BERRÍO,2018,0.0,201781.87,0.0,0.0
PUERTO BERRÍO,2019,0.0,0.0,0.0,0.0
PUERTO BERRÍO,2020,0.0,0.0,0.0,0.0
PUERTO BERRÍO,2021,0.0,0.0,0.0,0.0
PUERTO BERRÍO,2022,0.0,0.0,0.0,0.0
PUERTO BERRÍO,2023,0.0,0.0,0.0,0.0
PUERTO BOYACÁ,2017,94.65,0.0,0.0,0.0
PUERTO BOYACÁ,2018,0.0,274918.68,0.0,0.0
PUERTO BOYACÁ,2019,0.0,0.0,0.0,0.0
PUERTO BOYACÁ,2020,0.0,0.0,0.0,0.0
PUERTO BOYACÁ,2021,0.0,0.0,0.0,0.0
PUERTO BOYACÁ,2022,0.0,0.0,0.0,0.0
PUERTO BOYACÁ,2023,0.0,0.0,0.0,0.0
PUERTO CAICEDO,2017,0.0,0.0,0.0,0.0
PUERTO CAICEDO,2018,0.0,0.0,0.0,0.0
PUERTO CAICEDO,2019,0.0,0.0,0.0,0.0
PUERTO CAICEDO,2020,0.0,0.0,0.0,0.0
PUERTO CAICEDO,2021,0.0,0.0,0.0,0.0
PUERTO CAICEDO,2022,0.0,0.0,0.0,0.0
PUERTO CAICEDO,2023,0.0,0.0,0.0,0.0
PUERTO CARREÑO,2017,85.06,0.0,0.0,0.0
PUERTO CARREÑO,2018,0.0,565457.93,0.0,0.0
PUERTO CARREÑO,2019,0.0,0.0,0.0,0.0
PUERTO CARREÑO,2020,0.0,0.0,0.0,0.0
PUERTO CARREÑO,2021,0.0,0.0,0.0,0.0
PUERTO CARREÑO,2022,0.0,0.0,0.0,0.0
PUERTO CARREÑO,2023,0.0,0.0,0.0,0.0
PUERTO COLOMBIA,2017,87.19,356540.84,29.95,25.26
PUERTO COLOMBIA,2017,87.19,356540.84,29.95,0.0
PUERTO COLOMBIA,2017,87.19,356540.84,0.0,25.26
PUERTO COLOMBIA,2017,87.19,356540.84,0.0,0.0
PUERTO COLOMBIA,2017,87.19,0.0,29.95,25.26
PUERTO COLOMBIA,2017,87.19,0.0,29.95,0.0
PUERTO COLOMBIA,2017,87.19,0.0,0.0,25.26
PUERTO COLOMBIA,2017,87.19,0.0,0.0,0.0
PUERTO COLOMBIA,2017,95.16,356540.84,29.95,25.26
PUERTO COLOMBIA,2017,95.16,356540.84,29.95,0.0
PUERTO COLOMBIA,2017,95.16,356540.84,0.0,25.26
PUERTO COLOMBIA,2017,95.16,356540.84,0.0,0.0
PUERTO COLOMBIA,2017,95.16,0.0,29.95,25.26
PUERTO COLOMBIA,2017,95.16,0.0,29.95,0.0
PUERTO COLOMBIA,2017,95.16,0.0,0.0,25.26
PUERTO COLOMBIA,2017,95.16,0.0,0.0,0.0
PUERTO COLOMBIA,2018,87.11,270510.11,29.67,25.13
PUERTO COLOMBIA,2018,87.11,270510.11,29.67,0.0
PUERTO COLOMBIA,2018,87.11,270510.11,0.0,25.13
PUERTO COLOMBIA,2018,87.11,270510.11,0.0,0.0
PUERTO COLOMBIA,2018,87.11,768311.97,29.67,25.13
PUERTO COLOMBIA,2018,87.11,768311.97,29.67,0.0
PUERTO COLOMBIA,2018,87.11,768311.97,0.0,25.13
PUERTO COLOMBIA,2018,87.11,768311.97,0.0,0.0
PUERTO COLOMBIA,2018,0.0,270510.11,29.67,25.13
PUERTO COLOMBIA,2018,0.0,270510.11,29.67,0.0
PUERTO COLOMBIA,2018,0.0,270510.11,0.0,25.13
PUERTO COLOMBIA,2018,0.0,270510.11,0.0,0.0
PUERTO COLOMBIA,2018,0.0,768311.97,29.67,25.13
PUERTO COLOMBIA,2018,0.0,768311.97,29.67,0.0
PUERTO COLOMBIA,2018,0.0,768311.97,0.0,25.13
PUERTO COLOMBIA,2018,0.0,768311.97,0.0,0.0
PUERTO COLOMBIA,2019,87.47,295433.56,29.78,25.24
PUERTO COLOMBIA,2019,87.47,295433.56,29.78,0.0
PUERTO COLOMBIA,2019,87.47,295433.56,0.0,25.24
PUERTO COLOMBIA,2019,87.47,295433.56,0.0,0.0
PUERTO COLOMBIA,2019,87.47,0.0,29.78,25.24
PUERTO COLOMBIA,2019,87.47,0.0,29.78,0.0
PUERTO COLOMBIA,2019,87.47,0.0,0.0,25.24
PUERTO COLOMBIA,2019,87.47,0.0,0.0,0.0
PUERTO COLOMBIA,2019,0.0,295433.56,29.78,25.24
PUERTO COLOMBIA,2019,0.0,295433.56,29.78,0.0
PUERTO COLOMBIA,2019,0.0,295433.56,0.0,25.24
PUERTO COLOMBIA,2019,0.0,295433.56,0.0,0.0
PUERTO COLOMBIA,2019,0.0,0.0,29.78,25.24
PUERTO COLOMBIA,2019,0.0,0.0,29.78,0.0
PUERTO COLOMBIA,2019,0.0,0.0,0.0,25.24
PUERTO COLOMBIA,2019,0.0,0.0,0.0,0.0
PUERTO COLOMBIA,2020,87.42,400126.43,29.78,25.17
PUERTO COLOMBIA,2020,87.42,400126.43,29.78,0.0
PUERTO COLOMBIA,2020,87.42,400126.43,0.0,25.17
PUERTO COLOMBIA,2020,87.42,400126.43,0.0,0.0
PUERTO COLOMBIA,2020,87.42,0.0,29.78,25.17
PUERTO COLOMBIA,2020,87.42,0.0,29.78,0.0
PUERTO COLOMBIA,2020,87.42,0.0,0.0,25.17
PUERTO COLOMBIA,2020,87.42,0.0,0.0,0.0
PUERTO COLOMBIA,2020,0.0,400126.43,29.78,25.17
PUERTO COLOMBIA,2020,0.0,400126.43,29.78,0.0
PUERTO COLOMBIA,2020,0.0,400126.43,0.0,25.17
PUERTO COLOMBIA,2020,0.0,400126.43,0.0,0.0
PUERTO COLOMBIA,2020,0.0,0.0,29.78,25.17
PUERTO COLOMBIA,2020,0.0,0.0,29.78,0.0
PUERTO COLOMBIA,2020,0.0,0.0,0.0,25.17
PUERTO COLOMBIA,2020,0.0,0.0,0.0,0.0
PUERTO COLOMBIA,2021,86.9,374000.75,29.59,25.04
PUERTO COLOMBIA,2021,86.9,374000.75,29.59,0.0
PUERTO COLOMBIA,2021,86.9,374000.75,0.0,25.04
PUERTO COLOMBIA,2021,86.9,374000.75,0.0,0.0
PUERTO COLOMBIA,2021,86.9,0.0,29.59,25.04
PUERTO COLOMBIA,2021,86.9,0.0,29.59,0.0
PUERTO COLOMBIA,2021,86.9,0.0,0.0,25.04
PUERTO COLOMBIA,2021,86.9,0.0,0.0,0.0
PUERTO COLOMBIA,2021,0.0,374000.75,29.59,25.04
PUERTO COLOMBIA,2021,0.0,374000.75,29.59,0.0
PUERTO COLOMBIA,2021,0.0,374000.75,0.0,25.04
PUERTO COLOMBIA,2021,0.0,374000.75,0.0,0.0
PUERTO COLOMBIA,2021,0.0,0.0,29.59,25.04
PUERTO COLOMBIA,2021,0.0,0.0,29.59,0.0
PUERTO COLOMBIA,2021,0.0,0.0,0.0,25.04
PUERTO COLOMBIA,2021,0.0,0.0,0.0,0.0
PUERTO COLOMBIA,2022,87.44,539119.43,29.63,24.84
PUERTO COLOMBIA,2022,87.44,539119.43,29.63,0.0
PUERTO COLOMBIA,2022,87.44,539119.43,0.0,24.84
PUERTO COLOMBIA,2022,87.44,539119.43,0.0,0.0
PUERTO COLOMBIA,2022,87.44,0.0,29.63,24.84
PUERTO COLOMBIA,2022,87.44,0.0,29.63,0.0
PUERTO COLOMBIA,2022,87.44,0.0,0.0,24.84
PUERTO COLOMBIA,2022,87.44,0.0,0.0,0.0
PUERTO COLOMBIA,2022,0.0,539119.43,29.63,24.84
PUERTO COLOMBIA,2022,0.0,539119.43,29.63,0.0
PUERTO COLOMBIA,2022,0.0,539119.43,0.0,24.84
PUERTO COLOMBIA,2022,0.0,539119.43,0.0,0.0
PUERTO COLOMBIA,2022,0.0,0.0,29.63,24.84
PUERTO COLOMBIA,2022,0.0,0.0,29.63,0.0
PUERTO COLOMBIA,2022,0.0,0.0,0.0,24.84
PUERTO COLOMBIA,2022,0.0,0.0,0.0,0.0
PUERTO COLOMBIA,2023,87.38,321774.9,30.08,25.41
PUERTO COLOMBIA,2023,87.38,321774.9,30.08,0.0
PUERTO COLOMBIA,2023,87.38,321774.9,0.0,25.41
PUERTO COLOMBIA,2023,87.38,321774.9,0.0,0.0
PUERTO COLOMBIA,2023,87.38,0.0,30.08,25.41
PUERTO COLOMBIA,2023,87.38,0.0,30.08,0.0
PUERTO COLOMBIA,2023,87.38,0.0,0.0,25.41
PUERTO COLOMBIA,2023,87.38,0.0,0.0,0.0
PUERTO COLOMBIA,2023,0.0,321774.9,30.08,25.41
PUERTO COLOMBIA,2023,0.0,321774.9,30.08,0.0
PUERTO COLOMBIA,2023,0.0,321774.9,0.0,25.41
PUERTO COLOMBIA,2023,0.0,321774.9,0.0,0.0
PUERTO COLOMBIA,2023,0.0,0.0,30.08,25.41
PUERTO COLOMBIA,2023,0.0,0.0,30.08,0.0
PUERTO COLOMBIA,2023,0.0,0.0,0.0,25.41
PUERTO COLOMBIA,2023,0.0,0.0,0.0,0.0
PUERTO CONCORDIA,2017,91.61,0.0,0.0,0.0
PUERTO CONCORDIA,2018,0.0,622377.4,0.0,0.0
PUERTO CONCORDIA,2019,0.0,0.0,0.0,0.0
PUERTO CONCORDIA,2020,0.0,0.0,0.0,0.0
PUERTO CONCORDIA,2021,0.0,0.0,0.0,0.0
PUERTO CONCORDIA,2022,0.0,0.0,0.0,0.0
PUERTO CONCORDIA,2023,0.0,0.0,0.0,0.0
PUERTO ESCONDIDO,2017,0.0,0.0,0.0,0.0
PUERTO ESCONDIDO,2018,0.0,0.0,0.0,0.0
PUERTO ESCONDIDO,2019,0.0,0.0,0.0,0.0
PUERTO ESCONDIDO,2020,0.0,0.0,0.0,0.0
PUERTO ESCONDIDO,2021,0.0,0.0,0.0,0.0
PUERTO ESCONDIDO,2022,0.0,0.0,0.0,0.0
PUERTO ESCONDIDO,2023,0.0,0.0,0.0,0.0
PUERTO GAITÁN,2017,88.34,0.0,0.0,0.0
PUERTO GAITÁN,2018,0.0,524018.7,0.0,0.0
PUERTO GAITÁN,2019,0.0,0.0,0.0,0.0
PUERTO GAITÁN,2020,0.0,0.0,0.0,0.0
PUERTO GAITÁN,2021,0.0,0.0,0.0,0.0
PUERTO GAITÁN,2022,0.0,0.0,0.0,0.0
PUERTO GAITÁN,2023,0.0,0.0,0.0,0.0
PUERTO GUZMÁN,2017,0.0,0.0,0.0,0.0
PUERTO GUZMÁN,2018,0.0,0.0,0.0,0.0
PUERTO GUZMÁN,2019,0.0,0.0,0.0,0.0
PUERTO GUZMÁN,2020,0.0,0.0,0.0,0.0
PUERTO GUZMÁN,2021,0.0,0.0,0.0,0.0
PUERTO GUZMÁN,2022,0.0,0.0,0.0,0.0
PUERTO GUZMÁN,2023,0.0,0.0,0.0,0.0
PUERTO LEGUÍZAMO,2017,51.43,0.0,0.0,0.0
PUERTO LEGUÍZAMO,2018,0.0,441264.57,0.0,0.0
PUERTO LEGUÍZAMO,2019,0.0,0.0,0.0,0.0
PUERTO LEGUÍZAMO,2020,0.0,0.0,0.0,0.0
PUERTO LEGUÍZAMO,2021,0.0,0.0,0.0,0.0
PUERTO LEGUÍZAMO,2022,0.0,0.0,0.0,0.0
PUERTO LEGUÍZAMO,2023,0.0,0.0,0.0,0.0
PUERTO LIBERTADOR,2017,0.0,0.0,0.0,0.0
PUERTO LIBERTADOR,2018,0.0,0.0,0.0,0.0
PUERTO LIBERTADOR,2019,0.0,0.0,0.0,0.0
PUERTO LIBERTADOR,2020,0.0,0.0,0.0,0.0
PUERTO LIBERTADOR,2021,0.0,0.0,0.0,0.0
PUERTO LIBERTADOR,2022,0.0,0.0,0.0,0.0
PUERTO LIBERTADOR,2023,0.0,0.0,0.0,0.0
PUERTO LLERAS,2017,90.17,0.0,0.0,0.0
PUERTO LLERAS,2018,0.0,704116.98,0.0,0.0
PUERTO LLERAS,2019,0.0,0.0,0.0,0.0
PUERTO LLERAS,2020,0.0,0.0,0.0,0.0
PUERTO LLERAS,2021,0.0,0.0,0.0,0.0
PUERTO LLERAS,2022,0.0,0.0,0.0,0.0
PUERTO LLERAS,2023,0.0,0.0,0.0,0.0
PUERTO LÓPEZ,2017,88.59,0.0,0.0,0.0
PUERTO LÓPEZ,2018,0.0,536226.68,0.0,0.0
PUERTO LÓPEZ,2019,0.0,0.0,0.0,0.0
PUERTO LÓPEZ,2020,0.0,0.0,0.0,0.0
PUERTO LÓPEZ,2021,0.0,0.0,0.0,0.0
PUERTO LÓPEZ,2022,0.0,0.0,0.0,0.0
PUERTO LÓPEZ,2023,0.0,0.0,0.0,0.0
PUERTO NARE,2017,94.31,0.0,0.0,0.0
PUERTO NARE,2018,0.0,387120.76,0.0,0.0
PUERTO NARE,2019,0.0,0.0,0.0,0.0
PUERTO NARE,2020,0.0,0.0,0.0,0.0
PUERTO NARE,2021,0.0,0.0,0.0,0.0
PUERTO NARE,2022,0.0,0.0,0.0,0.0
PUERTO NARE,2023,0.0,0.0,0.0,0.0
PUERTO NARIÑO,2017,95.36,0.0,0.0,0.0
PUERTO NARIÑO,2018,0.0,713466.34,0.0,0.0
PUERTO NARIÑO,2019,0.0,0.0,0.0,0.0
PUERTO NARIÑO,2020,0.0,0.0,0.0,0.0
PUERTO NARIÑO,2021,0.0,0.0,0.0,0.0
PUERTO NARIÑO,2022,0.0,0.0,0.0,0.0
PUERTO NARIÑO,2023,0.0,0.0,0.0,0.0
PUERTO PARRA,2017,94.23,0.0,0.0,0.0
PUERTO PARRA,2018,0.0,264990.38,0.0,0.0
PUERTO PARRA,2019,0.0,0.0,0.0,0.0
PUERTO PARRA,2020,0.0,0.0,0.0,0.0
PUERTO PARRA,2021,0.0,0.0,0.0,0.0
PUERTO PARRA,2022,0.0,0.0,0.0,0.0
PUERTO PARRA,2023,0.0,0.0,0.0,0.0
PUERTO RICO,2017,60.56,0.0,0.0,0.0
PUERTO RICO,2017,60.56,0.0,0.0,0.0
PUERTO RICO,2017,60.56,0.0,0.0,0.0
PUERTO RICO,2017,60.56,0.0,0.0,0.0
PUERTO RICO,2017,60.56,0.0,0.0,0.0
PUERTO RICO,2017,60.56,0.0,0.0,0.0
PUERTO RICO,2017,60.56,0.0,0.0,0.0
PUERTO RICO,2017,60.56,0.0,0.0,0.0
PUERTO RICO,2017,92.21,0.0,0.0,0.0
PUERTO RICO,2017,92.21,0.0,0.0,0.0
PUERTO RICO,2017,92.21,0.0,0.0,0.0
PUERTO RICO,2017,92.21,0.0,0.0,0.0
PUERTO RICO,2017,92.21,0.0,0.0,0.0
PUERTO RICO,2017,92.21,0.0,0.0,0.0
PUERTO RICO,2017,92.21,0.0,0.0,0.0
PUERTO RICO,2017,92.21,0.0,0.0,0.0
PUERTO RICO,2018,0.0,380741.5,0.0,0.0
PUERTO RICO,2018,0.0,380741.5,0.0,0.0
PUERTO RICO,2018,0.0,380741.5,0.0,0.0
PUERTO RICO,2018,0.0,380741.5,0.0,0.0
PUERTO RICO,2018,0.0,654904.29,0.0,0.0
PUERTO RICO,2018,0.0,654904.29,0.0,0.0
PUERTO RICO,2018,0.0,654904.29,0.0,0.0
PUERTO RICO,2018,0.0,654904.29,0.0,0.0
PUERTO RICO,2018,0.0,380741.5,0.0,0.0
PUERTO RICO,2018,0.0,380741.5,0.0,0.0
PUERTO RICO,2018,0.0,380741.5,0.0,0.0
PUERTO RICO,2018,0.0,380741.5,0.0,0.0
PUERTO RICO,2018,0.0,654904.29,0.0,0.0
PUERTO RICO,2018,0.0,654904.29,0.0,0.0
PUERTO RICO,2018,0.0,654904.29,0.0,0.0
PUERTO RICO,2018,0.0,654904.29,0.0,0.0
PUERTO RICO,2019,0.0,0.0,0.0,0.0
PUERTO RICO,2019,0.0,0.0,0.0,0.0
PUERTO RICO,2019,0.0,0.0,0.0,0.0
PUERTO RICO,2019,0.0,0.0,0.0,0.0
PUERTO RICO,2019,0.0,0.0,0.0,0.0
PUERTO RICO,2019,0.0,0.0,0.0,0.0
PUERTO RICO,2019,0.0,0.0,0.0,0.0
PUERTO RICO,2019,0.0,0.0,0.0,0.0
PUERTO RICO,2019,0.0,0.0,0.0,0.0
PUERTO RICO,2019,0.0,0.0,0.0,0.0
PUERTO RICO,2019,0.0,0.0,0.0,0.0
PUERTO RICO,2019,0.0,0.0,0.0,0.0
PUERTO RICO,2019,0.0,0.0,0.0,0.0
PUERTO RICO,2019,0.0,0.0,0.0,0.0
PUERTO RICO,2019,0.0,0.0,0.0,0.0
PUERTO RICO,2019,0.0,0.0,0.0,0.0
PUERTO RICO,2020,0.0,0.0,0.0,0.0
PUERTO RICO,2020,0.0,0.0,0.0,0.0
PUERTO RICO,2020,0.0,0.0,0.0,0.0
PUERTO RICO,2020,0.0,0.0,0.0,0.0
PUERTO RICO,2020,0.0,0.0,0.0,0.0
PUERTO RICO,2020,0.0,0.0,0.0,0.0
PUERTO RICO,2020,0.0,0.0,0.0,0.0
PUERTO RICO,2020,0.0,0.0,0.0,0.0
PUERTO RICO,2020,0.0,0.0,0.0,0.0
PUERTO RICO,2020,0.0,0.0,0.0,0.0
PUERTO RICO,2020,0.0,0.0,0.0,0.0
PUERTO RICO,2020,0.0,0.0,0.0,0.0
PUERTO RICO,2020,0.0,0.0,0.0,0.0
PUERTO RICO,2020,0.0,0.0,0.0,0.0
PUERTO RICO,2020,0.0,0.0,0.0,0.0
PUERTO RICO,2020,0.0,0.0,0.0,0.0
PUERTO RICO,2021,0.0,0.0,0.0,0.0
PUERTO RICO,2021,0.0,0.0,0.0,0.0
PUERTO RICO,2021,0.0,0.0,0.0,0.0
PUERTO RICO,2021,0.0,0.0,0.0,0.0
PUERTO RICO,2021,0.0,0.0,0.0,0.0
PUERTO RICO,2021,0.0,0.0,0.0,0.0
PUERTO RICO,2021,0.0,0.0,0.0,0.0
PUERTO RICO,2021,0.0,0.0,0.0,0.0
PUERTO RICO,2021,0.0,0.0,0.0,0.0
PUERTO RICO,2021,0.0,0.0,0.0,0.0
PUERTO RICO,2021,0.0,0.0,0.0,0.0
PUERTO RICO,2021,0.0,0.0,0.0,0.0
PUERTO RICO,2021,0.0,0.0,0.0,0.0
PUERTO RICO,2021,0.0,0.0,0.0,0.0
PUERTO RICO,2021,0.0,0.0,0.0,0.0
PUERTO RICO,2021,0.0,0.0,0.0,0.0
PUERTO RICO,2022,0.0,0.0,0.0,0.0
PUERTO RICO,2022,0.0,0.0,0.0,0.0
PUERTO RICO,2022,0.0,0.0,0.0,0.0
PUERTO RICO,2022,0.0,0.0,0.0,0.0
PUERTO RICO,2022,0.0,0.0,0.0,0.0
PUERTO RICO,2022,0.0,0.0,0.0,0.0
PUERTO RICO,2022,0.0,0.0,0.0,0.0
PUERTO RICO,2022,0.0,0.0,0.0,0.0
PUERTO RICO,2022,0.0,0.0,0.0,0.0
PUERTO RICO,2022,0.0,0.0,0.0,0.0
PUERTO RICO,2022,0.0,0.0,0.0,0.0
PUERTO RICO,2022,0.0,0.0,0.0,0.0
PUERTO RICO,2022,0.0,0.0,0.0,0.0
PUERTO RICO,2022,0.0,0.0,0.0,0.0
PUERTO RICO,2022,0.0,0.0,0.0,0.0
PUERTO RICO,2022,0.0,0.0,0.0,0.0
PUERTO RICO,2023,0.0,0.0,0.0,0.0
PUERTO RICO,2023,0.0,0.0,0.0,0.0
PUERTO RICO,2023,0.0,0.0,0.0,0.0
PUERTO RICO,2023,0.0,0.0,0.0,0.0
PUERTO RICO,2023,0.0,0.0,0.0,0.0
PUERTO RICO,2023,0.0,0.0,0.0,0.0
PUERTO RICO,2023,0.0,0.0,0.0,0.0
PUERTO RICO,2023,0.0,0.0,0.0,0.0
PUERTO RICO,2023,0.0,0.0,0.0,0.0
PUERTO RICO,2023,0.0,0.0,0.0,0.0
PUERTO RICO,2023,0.0,0.0,0.0,0.0
PUERTO RICO,2023,0.0,0.0,0.0,0.0
PUERTO RICO,2023,0.0,0.0,0.0,0.0
PUERTO RICO,2023,0.0,0.0,0.0,0.0
PUERTO RICO,2023,0.0,0.0,0.0,0.0
PUERTO RICO,2023,0.0,0.0,0.0,0.0
PUERTO RONDÓN,2017,86.17,0.0,0.0,0.0
PUERTO RONDÓN,2018,0.0,439087.72,0.0,0.0
PUERTO RONDÓN,2019,0.0,0.0,0.0,0.0
PUERTO RONDÓN,2020,0.0,0.0,0.0,0.0
PUERTO RONDÓN,2021,0.0,0.0,0.0,0.0
PUERTO RONDÓN,2022,0.0,0.0,0.0,0.0
PUERTO RONDÓN,2023,0.0,0.0,0.0,0.0
PUERTO SALGAR,2017,94.9,0.0,0.0,0.0
PUERTO SALGAR,2018,0.0,245974.88,0.0,0.0
PUERTO SALGAR,2019,0.0,0.0,0.0,0.0
PUERTO SALGAR,2020,0.0,0.0,0.0,0.0
PUERTO SALGAR,2021,0.0,0.0,0.0,0.0
PUERTO SALGAR,2022,0.0,0.0,0.0,0.0
PUERTO SALGAR,2023,0.0,0.0,0.0,0.0
PUERTO SANTANDER,2017,95.65,0.0,0.0,0.0
PUERTO SANTANDER,2017,95.65,0.0,0.0,0.0
PUERTO SANTANDER,2017,95.65,0.0,0.0,0.0
PUERTO SANTANDER,2017,95.65,0.0,0.0,0.0
PUERTO SANTANDER,2017,95.65,0.0,0.0,0.0
PUERTO SANTANDER,2017,95.65,0.0,0.0,0.0
PUERTO SANTANDER,2017,95.65,0.0,0.0,0.0
PUERTO SANTANDER,2017,95.65,0.0,0.0,0.0
PUERTO SANTANDER,2017,95.55,0.0,0.0,0.0
PUERTO SANTANDER,2017,95.55,0.0,0.0,0.0
PUERTO SANTANDER,2017,95.55,0.0,0.0,0.0
PUERTO SANTANDER,2017,95.55,0.0,0.0,0.0
PUERTO SANTANDER,2017,95.55,0.0,0.0,0.0
PUERTO SANTANDER,2017,95.55,0.0,0.0,0.0
PUERTO SANTANDER,2017,95.55,0.0,0.0,0.0
PUERTO SANTANDER,2017,95.55,0.0,0.0,0.0
PUERTO SANTANDER,2018,0.0,1100115.82,0.0,0.0
PUERTO SANTANDER,2018,0.0,1100115.82,0.0,0.0
PUERTO SANTANDER,2018,0.0,1100115.82,0.0,0.0
PUERTO SANTANDER,2018,0.0,1100115.82,0.0,0.0
PUERTO SANTANDER,2018,0.0,745582.94,0.0,0.0
PUERTO SANTANDER,2018,0.0,745582.94,0.0,0.0
PUERTO SANTANDER,2018,0.0,745582.94,0.0,0.0
PUERTO SANTANDER,2018,0.0,745582.94,0.0,0.0
PUERTO SANTANDER,2018,0.0,1100115.82,0.0,0.0
PUERTO SANTANDER,2018,0.0,1100115.82,0.0,0.0
PUERTO SANTANDER,2018,0.0,1100115.82,0.0,0.0
PUERTO SANTANDER,2018,0.0,1100115.82,0.0,0.0
PUERTO SANTANDER,2018,0.0,745582.94,0.0,0.0
PUERTO SANTANDER,2018,0.0,745582.94,0.0,0.0
PUERTO SANTANDER,2018,0.0,745582.94,0.0,0.0
PUERTO SANTANDER,2018,0.0,745582.94,0.0,0.0
PUERTO SANTANDER,2019,0.0,0.0,0.0,0.0
PUERTO SANTANDER,2019,0.0,0.0,0.0,0.0
PUERTO SANTANDER,2019,0.0,0.0,0.0,0.0
PUERTO SANTANDER,2019,0.0,0.0,0.0,0.0
PUERTO SANTANDER,2019,0.0,0.0,0.0,0.0
PUERTO SANTANDER,2019,0.0,0.0,0.0,0.0
PUERTO SANTANDER,2019,0.0,0.0,0.0,0.0
PUERTO SANTANDER,2019,0.0,0.0,0.0,0.0
PUERTO SANTANDER,2019,0.0,0.0,0.0,0.0
PUERTO SANTANDER,2019,0.0,0.0,0.0,0.0
PUERTO SANTANDER,2019,0.0,0.0,0.0,0.0
PUERTO SANTANDER,2019,0.0,0.0,0.0,0.0
PUERTO SANTANDER,2019,0.0,0.0,0.0,0.0
PUERTO SANTANDER,2019,0.0,0.0,0.0,0.0
PUERTO SANTANDER,2019,0.0,0.0,0.0,0.0
PUERTO SANTANDER,2019,0.0,0.0,0.0,0.0
PUERTO SANTANDER,2020,0.0,0.0,0.0,0.0
PUERTO SANTANDER,2020,0.0,0.0,0.0,0.0
PUERTO SANTANDER,2020,0.0,0.0,0.0,0.0
PUERTO SANTANDER,2020,0.0,0.0,0.0,0.0
PUERTO SANTANDER,2020,0.0,0.0,0.0,0.0
PUERTO SANTANDER,2020,0.0,0.0,0.0,0.0
PUERTO SANTANDER,2020,0.0,0.0,0.0,0.0
PUERTO SANTANDER,2020,0.0,0.0,0.0,0.0
PUERTO SANTANDER,2020,0.0,0.0,0.0,0.0
PUERTO SANTANDER,2020,0.0,0.0,0.0,0.0
PUERTO SANTANDER,2020,0.0,0.0,0.0,0.0
PUERTO SANTANDER,2020,0.0,0.0,0.0,0.0
PUERTO SANTANDER,2020,0.0,0.0,0.0,0.0
PUERTO SANTANDER,2020,0.0,0.0,0.0,0.0
PUERTO SANTANDER,2020,0.0,0.0,0.0,0.0
PUERTO SANTANDER,2020,0.0,0.0,0.0,0.0
PUERTO SANTANDER,2021,0.0,0.0,0.0,0.0
PUERTO SANTANDER,2021,0.0,0.0,0.0,0.0
PUERTO SANTANDER,2021,0.0,0.0,0.0,0.0
PUERTO SANTANDER,2021,0.0,0.0,0.0,0.0
PUERTO SANTANDER,2021,0.0,0.0,0.0,0.0
PUERTO SANTANDER,2021,0.0,0.0,0.0,0.0
PUERTO SANTANDER,2021,0.0,0.0,0.0,0.0
PUERTO SANTANDER,2021,0.0,0.0,0.0,0.0
PUERTO SANTANDER,2021,0.0,0.0,0.0,0.0
PUERTO SANTANDER,2021,0.0,0.0,0.0,0.0
PUERTO SANTANDER,2021,0.0,0.0,0.0,0.0
PUERTO SANTANDER,2021,0.0,0.0,0.0,0.0
PUERTO SANTANDER,2021,0.0,0.0,0.0,0.0
PUERTO SANTANDER,2021,0.0,0.0,0.0,0.0
PUERTO SANTANDER,2021,0.0,0.0,0.0,0.0
PUERTO SANTANDER,2021,0.0,0.0,0.0,0.0
PUERTO SANTANDER,2022,0.0,0.0,0.0,0.0
PUERTO SANTANDER,2022,0.0,0.0,0.0,0.0
PUERTO SANTANDER,2022,0.0,0.0,0.0,0.0
PUERTO SANTANDER,2022,0.0,0.0,0.0,0.0
PUERTO SANTANDER,2022,0.0,0.0,0.0,0.0
PUERTO SANTANDER,2022,0.0,0.0,0.0,0.0
PUERTO SANTANDER,2022,0.0,0.0,0.0,0.0
PUERTO SANTANDER,2022,0.0,0.0,0.0,0.0
PUERTO SANTANDER,2022,0.0,0.0,0.0,0.0
PUERTO SANTANDER,2022,0.0,0.0,0.0,0.0
PUERTO SANTANDER,2022,0.0,0.0,0.0,0.0
PUERTO SANTANDER,2022,0.0,0.0,0.0,0.0
PUERTO SANTANDER,2022,0.0,0.0,0.0,0.0
PUERTO SANTANDER,2022,0.0,0.0,0.0,0.0
PUERTO SANTANDER,2022,0.0,0.0,0.0,0.0
PUERTO SANTANDER,2022,0.0,0.0,0.0,0.0
PUERTO SANTANDER,2023,0.0,0.0,0.0,0.0
PUERTO SANTANDER,2023,0.0,0.0,0.0,0.0
PUERTO SANTANDER,2023,0.0,0.0,0.0,0.0
PUERTO SANTANDER,2023,0.0,0.0,0.0,0.0
PUERTO SANTANDER,2023,0.0,0.0,0.0,0.0
PUERTO SANTANDER,2023,0.0,0.0,0.0,0.0
PUERTO SANTANDER,2023,0.0,0.0,0.0,0.0
PUERTO SANTANDER,2023,0.0,0.0,0.0,0.0
PUERTO SANTANDER,2023,0.0,0.0,0.0,0.0
PUERTO SANTANDER,2023,0.0,0.0,0.0,0.0
PUERTO SANTANDER,2023,0.0,0.0,0.0,0.0
PUERTO SANTANDER,2023,0.0,0.0,0.0,0.0
PUERTO SANTANDER,2023,0.0,0.0,0.0,0.0
PUERTO SANTANDER,2023,0.0,0.0,0.0,0.0
PUERTO SANTANDER,2023,0.0,0.0,0.0,0.0
PUERTO SANTANDER,2023,0.0,0.0,0.0,0.0
PUERTO TEJADA,2017,,,,
PUERTO TEJADA,2018,,,,
PUERTO TEJADA,2019,,,,
PUERTO TEJADA,2020,,,,
PUERTO TEJADA,2021,,,,
PUERTO TEJADA,2022,,,,
PUERTO TEJADA,2023,,,,
PUERTO TRIUNFO,2017,95.11,0.0,0.0,0.0
PUERTO TRIUNFO,2018,0.0,284678.53,0.0,0.0
PUERTO TRIUNFO,2019,0.0,0.0,0.0,0.0
PUERTO TRIUNFO,2020,0.0,0.0,0.0,0.0
PUERTO TRIUNFO,2021,0.0,0.0,0.0,0.0
PUERTO TRIUNFO,2022,0.0,0.0,0.0,0.0
PUERTO TRIUNFO,2023,0.0,0.0,0.0,0.0
PUERTO WILCHES,2017,92.31,0.0,0.0,0.0
PUERTO WILCHES,2018,0.0,509426.07,0.0,0.0
PUERTO WILCHES,2019,0.0,0.0,0.0,0.0
PUERTO WILCHES,2020,0.0,0.0,0.0,0.0
PUERTO WILCHES,2021,0.0,0.0,0.0,0.0
PUERTO WILCHES,2022,0.0,0.0,0.0,0.0
PUERTO WILCHES,2023,0.0,0.0,0.0,0.0
PULÍ,2017,84.12,0.0,0.0,0.0
PULÍ,2018,0.0,532523.44,0.0,0.0
PULÍ,2019,0.0,0.0,0.0,0.0
PULÍ,2020,0.0,0.0,0.0,0.0
PULÍ,2021,0.0,0.0,0.0,0.0
PULÍ,2022,0.0,0.0,0.0,0.0
PULÍ,2023,0.0,0.0,0.0,0.0
PUPIALES,2017,0.0,0.0,0.0,0.0
PUPIALES,2018,0.0,0.0,0.0,0.0
PUPIALES,2019,0.0,0.0,0.0,0.0
PUPIALES,2020,0.0,0.0,0.0,0.0
PUPIALES,2021,0.0,0.0,0.0,0.0
PUPIALES,2022,0.0,0.0,0.0,0.0
PUPIALES,2023,0.0,0.0,0.0,0.0
PURACÉ,2017,0.0,0.0,0.0,0.0
PURACÉ,2018,0.0,0.0,0.0,0.0
PURACÉ,2019,0.0,0.0,0.0,0.0
PURACÉ,2020,0.0,0.0,0.0,0.0
PURACÉ,2021,0.0,0.0,0.0,0.0
PURACÉ,2022,0.0,0.0,0.0,0.0
PURACÉ,2023,0.0,0.0,0.0,0.0
PURIFICACIÓN,2017,82.5,0.0,0.0,0.0
PURIFICACIÓN,2018,0.0,462614.79,0.0,0.0
PURIFICACIÓN,2019,0.0,0.0,0.0,0.0
PURIFICACIÓN,2020,0.0,0.0,0.0,0.0
PURIFICACIÓN,2021,0.0,0.0,0.0,0.0
PURIFICACIÓN,2022,0.0,0.0,0.0,0.0
PURIFICACIÓN,2023,0.0,0.0,0.0,0.0
PURÍSIMA DE LA CONCEPCIÓN,2017,0.0,0.0,0.0,0.0
PURÍSIMA DE LA CONCEPCIÓN,2018,0.0,0.0,0.0,0.0
PURÍSIMA DE LA CONCEPCIÓN,2019,0.0,0.0,0.0,0.0
PURÍSIMA DE LA CONCEPCIÓN,2020,0.0,0.0,0.0,0.0
PURÍSIMA DE LA CONCEPCIÓN,2021,0.0,0.0,0.0,0.0
PURÍSIMA DE LA CONCEPCIÓN,2022,0.0,0.0,0.0,0.0
PURÍSIMA DE LA CONCEPCIÓN,2023,0.0,0.0,0.0,0.0
PÁCORA,2017,0.0,0.0,0.0,0.0
PÁCORA,2018,0.0,0.0,0.0,0.0
PÁCORA,2019,0.0,0.0,0.0,0.0
PÁCORA,2020,0.0,0.0,0.0,0.0
PÁCORA,2021,0.0,0.0,0.0,0.0
PÁCORA,2022,0.0,0.0,0.0,0.0
PÁCORA,2023,0.0,0.0,0.0,0.0
PÁEZ,2017,92.23,0.0,0.0,0.0
PÁEZ,2017,92.23,0.0,0.0,0.0
PÁEZ,2017,92.23,0.0,0.0,0.0
PÁEZ,2017,92.23,0.0,0.0,0.0
PÁEZ,2017,92.23,0.0,0.0,0.0
PÁEZ,2017,92.23,0.0,0.0,0.0
PÁEZ,2017,92.23,0.0,0.0,0.0
PÁEZ,2017,92.23,0.0,0.0,0.0
PÁEZ,2017,0.0,0.0,0.0,0.0
PÁEZ,2017,0.0,0.0,0.0,0.0
PÁEZ,2017,0.0,0.0,0.0,0.0
PÁEZ,2017,0.0,0.0,0.0,0.0
PÁEZ,2017,0.0,0.0,0.0,0.0
PÁEZ,2017,0.0,0.0,0.0,0.0
PÁEZ,2017,0.0,0.0,0.0,0.0
PÁEZ,2017,0.0,0.0,0.0,0.0
PÁEZ,2018,0.0,553608.59,0.0,0.0
PÁEZ,2018,0.0,553608.59,0.0,0.0
PÁEZ,2018,0.0,553608.59,0.0,0.0
PÁEZ,2018,0.0,553608.59,0.0,0.0
PÁEZ,2018,0.0,0.0,0.0,0.0
PÁEZ,2018,0.0,0.0,0.0,0.0
PÁEZ,2018,0.0,0.0,0.0,0.0
PÁEZ,2018,0.0,0.0,0.0,0.0
PÁEZ,2018,0.0,553608.59,0.0,0.0
PÁEZ,2018,0.0,553608.59,0.0,0.0
PÁEZ,2018,0.0,553608.59,0.0,0.0
PÁEZ,2018,0.0,553608.59,0.0,0.0
PÁEZ,2018,0.0,0.0,0.0,0.0
PÁEZ,2018,0.0,0.0,0.0,0.0
PÁEZ,2018,0.0,0.0,0.0,0.0
PÁEZ,2018,0.0,0.0,0.0,0.0
PÁEZ,2019,0.0,0.0,0.0,0.0
PÁEZ,2019,0.0,0.0,0.0,0.0
PÁEZ,2019,0.0,0.0,0.0,0.0
PÁEZ,2019,0.0,0.0,0.0,0.0
PÁEZ,2019,0.0,0.0,0.0,0.0
PÁEZ,2019,0.0,0.0,0.0,0.0
PÁEZ,2019,0.0,0.0,0.0,0.0
PÁEZ,2019,0.0,0.0,0.0,0.0
PÁEZ,2019,0.0,0.0,0.0,0.0
PÁEZ,2019,0.0,0.0,0.0,0.0
PÁEZ,2019,0.0,0.0,0.0,0.0
PÁEZ,2019,0.0,0.0,0.0,0.0
PÁEZ,2019,0.0,0.0,0.0,0.0
PÁEZ,2019,0.0,0.0,0.0,0.0
PÁEZ,2019,0.0,0.0,0.0,0.0
PÁEZ,2019,0.0,0.0,0.0,0.0
PÁEZ,2020,0.0,0.0,0.0,0.0
PÁEZ,2020,0.0,0.0,0.0,0.0
PÁEZ,2020,0.0,0.0,0.0,0.0
PÁEZ,2020,0.0,0.0,0.0,0.0
PÁEZ,2020,0.0,0.0,0.0,0.0
PÁEZ,2020,0.0,0.0,0.0,0.0
PÁEZ,2020,0.0,0.0,0.0,0.0
PÁEZ,2020,0.0,0.0,0.0,0.0
PÁEZ,2020,0.0,0.0,0.0,0.0
PÁEZ,2020,0.0,0.0,0.0,0.0
PÁEZ,2020,0.0,0.0,0.0,0.0
PÁEZ,2020,0.0,0.0,0.0,0.0
PÁEZ,2020,0.0,0.0,0.0,0.0
PÁEZ,2020,0.0,0.0,0.0,0.0
PÁEZ,2020,0.0,0.0,0.0,0.0
PÁEZ,2020,0.0,0.0,0.0,0.0
PÁEZ,2021,0.0,0.0,0.0,0.0
PÁEZ,2021,0.0,0.0,0.0,0.0
PÁEZ,2021,0.0,0.0,0.0,0.0
PÁEZ,2021,0.0,0.0,0.0,0.0
PÁEZ,2021,0.0,0.0,0.0,0.0
PÁEZ,2021,0.0,0.0,0.0,0.0
PÁEZ,2021,0.0,0.0,0.0,0.0
PÁEZ,2021,0.0,0.0,0.0,0.0
PÁEZ,2021,0.0,0.0,0.0,0.0
PÁEZ,2021,0.0,0.0,0.0,0.0
PÁEZ,2021,0.0,0.0,0.0,0.0
PÁEZ,2021,0.0,0.0,0.0,0.0
PÁEZ,2021,0.0,0.0,0.0,0.0
PÁEZ,2021,0.0,0.0,0.0,0.0
PÁEZ,2021,0.0,0.0,0.0,0.0
PÁEZ,2021,0.0,0.0,0.0,0.0
PÁEZ,2022,0.0,0.0,0.0,0.0
PÁEZ,2022,0.0,0.0,0.0,0.0
PÁEZ,2022,0.0,0.0,0.0,0.0
PÁEZ,2022,0.0,0.0,0.0,0.0
PÁEZ,2022,0.0,0.0,0.0,0.0
PÁEZ,2022,0.0,0.0,0.0,0.0
PÁEZ,2022,0.0,0.0,0.0,0.0
PÁEZ,2022,0.0,0.0,0.0,0.0
PÁEZ,2022,0.0,0.0,0.0,0.0
PÁEZ,2022,0.0,0.0,0.0,0.0
PÁEZ,2022,0.0,0.0,0.0,0.0
PÁEZ,2022,0.0,0.0,0.0,0.0
PÁEZ,2022,0.0,0.0,0.0,0.0
PÁEZ,2022,0.0,0.0,0.0,0.0
PÁEZ,2022,0.0,0.0,0.0,0.0
PÁEZ,2022,0.0,0.0,0.0,0.0
PÁEZ,2023,0.0,0.0,0.0,0.0
PÁEZ,2023,0.0,0.0,0.0,0.0
PÁEZ,2023,0.0,0.0,0.0,0.0
PÁEZ,2023,0.0,0.0,0.0,0.0
PÁEZ,2023,0.0,0.0,0.0,0.0
PÁEZ,2023,0.0,0.0,0.0,0.0
PÁEZ,2023,0.0,0.0,0.0,0.0
PÁEZ,2023,0.0,0.0,0.0,0.0
PÁEZ,2023,0.0,0.0,0.0,0.0
PÁEZ,2023,0.0,0.0,0.0,0.0
PÁEZ,2023,0.0,0.0,0.0,0.0
PÁEZ,2023,0.0,0.0,0.0,0.0
PÁEZ,2023,0.0,0.0,0.0,0.0
PÁEZ,2023,0.0,0.0,0.0,0.0
PÁEZ,2023,0.0,0.0,0.0,0.0
PÁEZ,2023,0.0,0.0,0.0,0.0
PÁRAMO,2017,95.0,0.0,0.0,0.0
PÁRAMO,2018,0.0,493287.19,0.0,0.0
PÁRAMO,2019,0.0,0.0,0.0,0.0
PÁRAMO,2020,0.0,0.0,0.0,0.0
PÁRAMO,2021,0.0,0.0,0.0,0.0
PÁRAMO,2022,0.0,0.0,0.0,0.0
PÁRAMO,2023,0.0,0.0,0.0,0.0
QUEBRADANEGRA,2017,85.13,0.0,0.0,0.0
QUEBRADANEGRA,2018,0.0,858200.55,0.0,0.0
QUEBRADANEGRA,2019,0.0,0.0,0.0,0.0
QUEBRADANEGRA,2020,0.0,0.0,0.0,0.0
QUEBRADANEGRA,2021,0.0,0.0,0.0,0.0
QUEBRADANEGRA,2022,0.0,0.0,0.0,0.0
QUEBRADANEGRA,2023,0.0,0.0,0.0,0.0
QUETAME,2017,92.75,0.0,0.0,0.0
QUETAME,2018,0.0,423376.57,0.0,0.0
QUETAME,2019,0.0,0.0,0.0,0.0
QUETAME,2020,0.0,0.0,0.0,0.0
QUETAME,2021,0.0,0.0,0.0,0.0
QUETAME,2022,0.0,0.0,0.0,0.0
QUETAME,2023,0.0,0.0,0.0,0.0
QUIBDÓ,2017,0.0,0.0,0.0,0.0
QUIBDÓ,2018,0.0,0.0,0.0,0.0
QUIBDÓ,2019,0.0,0.0,0.0,0.0
QUIBDÓ,2020,0.0,0.0,0.0,0.0
QUIBDÓ,2021,0.0,0.0,0.0,0.0
QUIBDÓ,2022,0.0,0.0,0.0,0.0
QUIBDÓ,2023,0.0,0.0,0.0,0.0
QUIMBAYA,2017,0.0,0.0,0.0,0.0
QUIMBAYA,2018,0.0,0.0,0.0,0.0
QUIMBAYA,2019,0.0,0.0,0.0,0.0
QUIMBAYA,2020,0.0,0.0,0.0,0.0
QUIMBAYA,2021,0.0,0.0,0.0,0.0
QUIMBAYA,2022,0.0,0.0,0.0,0.0
QUIMBAYA,2023,0.0,0.0,0.0,0.0
QUINCHÍA,2017,0.0,0.0,0.0,0.0
QUINCHÍA,2018,0.0,0.0,0.0,0.0
QUINCHÍA,2019,0.0,0.0,0.0,0.0
QUINCHÍA,2020,0.0,0.0,0.0,0.0
QUINCHÍA,2021,0.0,0.0,0.0,0.0
QUINCHÍA,2022,0.0,0.0,0.0,0.0
QUINCHÍA,2023,0.0,0.0,0.0,0.0
QUIPILE,2017,,,,
QUIPILE,2018,,,,
QUIPILE,2019,,,,
QUIPILE,2020,,,,
QUIPILE,2021,,,,
QUIPILE,2022,,,,
QUIPILE,2023,,,,
QUÍPAMA,2017,93.07,0.0,0.0,0.0
QUÍPAMA,2018,0.0,595232.09,0.0,0.0
QUÍPAMA,2019,0.0,0.0,0.0,0.0
QUÍPAMA,2020,0.0,0.0,0.0,0.0
QUÍPAMA,2021,0.0,0.0,0.0,0.0
QUÍPAMA,2022,0.0,0.0,0.0,0.0
QUÍPAMA,2023,0.0,0.0,0.0,0.0
RAGONVALIA,2017,89.78,0.0,0.0,0.0
RAGONVALIA,2018,0.0,274823.01,0.0,0.0
RAGONVALIA,2019,0.0,0.0,0.0,0.0
RAGONVALIA,2020,0.0,0.0,0.0,0.0
RAGONVALIA,2021,0.0,0.0,0.0,0.0
RAGONVALIA,2022,0.0,0.0,0.0,0.0
RAGONVALIA,2023,0.0,0.0,0.0,0.0
RAMIRIQUÍ,2017,94.79,0.0,0.0,0.0
RAMIRIQUÍ,2018,0.0,329337.86,0.0,0.0
RAMIRIQUÍ,2019,0.0,0.0,0.0,0.0
RAMIRIQUÍ,2020,0.0,0.0,0.0,0.0
RAMIRIQUÍ,2021,0.0,0.0,0.0,0.0
RAMIRIQUÍ,2022,0.0,0.0,0.0,0.0
RAMIRIQUÍ,2023,0.0,0.0,0.0,0.0
RECETOR,2017,87.23,0.0,0.0,0.0
RECETOR,2018,0.0,699812.78,0.0,0.0
RECETOR,2019,0.0,0.0,0.0,0.0
RECETOR,2020,0.0,0.0,0.0,0.0
RECETOR,2021,0.0,0.0,0.0,0.0
RECETOR,2022,0.0,0.0,0.0,0.0
RECETOR,2023,0.0,0.0,0.0,0.0
REGIDOR,2017,91.24,0.0,0.0,0.0
REGIDOR,2018,0.0,665452.8,0.0,0.0
REGIDOR,2019,0.0,0.0,0.0,0.0
REGIDOR,2020,0.0,0.0,0.0,0.0
REGIDOR,2021,0.0,0.0,0.0,0.0
REGIDOR,2022,0.0,0.0,0.0,0.0
REGIDOR,2023,0.0,0.0,0.0,0.0
REMEDIOS,2017,94.32,0.0,0.0,0.0
REMEDIOS,2018,0.0,336276.53,0.0,0.0
REMEDIOS,2019,0.0,0.0,0.0,0.0
REMEDIOS,2020,0.0,0.0,0.0,0.0
REMEDIOS,2021,0.0,0.0,0.0,0.0
REMEDIOS,2022,0.0,0.0,0.0,0.0
REMEDIOS,2023,0.0,0.0,0.0,0.0
REMOLINO,2017,90.68,301573.09,31.39,24.68
REMOLINO,2018,90.41,224350.42,31.45,24.68
REMOLINO,2019,90.19,219432.33,31.69,24.95
REMOLINO,2020,90.54,320096.26,31.27,24.71
REMOLINO,2021,90.36,286350.9,31.14,24.61
REMOLINO,2022,90.84,387558.84,30.95,24.36
REMOLINO,2023,90.29,250061.33,31.91,24.98
REPELÓN,2017,44.25,182379.75,15.57,12.36
REPELÓN,2018,44.17,151961.03,15.63,12.32
REPELÓN,2019,43.83,133156.6,15.87,12.49
REPELÓN,2020,43.88,156699.15,15.64,12.4
REPELÓN,2021,44.04,174491.31,15.48,12.28
REPELÓN,2022,44.51,219375.52,15.34,12.19
REPELÓN,2023,44.09,153603.81,15.86,12.46
RESTREPO,2017,87.95,0.0,0.0,0.0
RESTREPO,2017,87.95,0.0,0.0,0.0
RESTREPO,2017,87.95,0.0,0.0,0.0
RESTREPO,2017,87.95,0.0,0.0,0.0
RESTREPO,2017,87.95,0.0,0.0,0.0
RESTREPO,2017,87.95,0.0,0.0,0.0
RESTREPO,2017,87.95,0.0,0.0,0.0
RESTREPO,2017,87.95,0.0,0.0,0.0
RESTREPO,2017,0.0,0.0,0.0,0.0
RESTREPO,2017,0.0,0.0,0.0,0.0
RESTREPO,2017,0.0,0.0,0.0,0.0
RESTREPO,2017,0.0,0.0,0.0,0.0
RESTREPO,2017,0.0,0.0,0.0,0.0
RESTREPO,2017,0.0,0.0,0.0,0.0
RESTREPO,2017,0.0,0.0,0.0,0.0
RESTREPO,2017,0.0,0.0,0.0,0.0
RESTREPO,2018,0.0,663713.75,0.0,0.0
RESTREPO,2018,0.0,663713.75,0.0,0.0
RESTREPO,2018,0.0,663713.75,0.0,0.0
RESTREPO,2018,0.0,663713.75,0.0,0.0
RESTREPO,2018,0.0,0.0,0.0,0.0
RESTREPO,2018,0.0,0.0,0.0,0.0
RESTREPO,2018,0.0,0.0,0.0,0.0
RESTREPO,2018,0.0,0.0,0.0,0.0
RESTREPO,2018,0.0,663713.75,0.0,0.0
RESTREPO,2018,0.0,663713.75,0.0,0.0
RESTREPO,2018,0.0,663713.75,0.0,0.0
RESTREPO,2018,0.0,663713.75,0.0,0.0
RESTREPO,2018,0.0,0.0,0.0,0.0
RESTREPO,2018,0.0,0.0,0.0,0.0
RESTREPO,2018,0.0,0.0,0.0,0.0
RESTREPO,2018,0.0,0.0,0.0,0.0
RESTREPO,2019,0.0,0.0,0.0,0.0
RESTREPO,2019,0.0,0.0,0.0,0.0
RESTREPO,2019,0.0,0.0,0.0,0.0
RESTREPO,2019,0.0,0.0,0.0,0.0
RESTREPO,2019,0.0,0.0,0.0,0.0
RESTREPO,2019,0.0,0.0,0.0,0.0
RESTREPO,2019,0.0,0.0,0.0,0.0
RESTREPO,2019,0.0,0.0,0.0,0.0
RESTREPO,2019,0.0,0.0,0.0,0.0
RESTREPO,2019,0.0,0.0,0.0,0.0
RESTREPO,2019,0.0,0.0,0.0,0.0
RESTREPO,2019,0.0,0.0,0.0,0.0
RESTREPO,2019,0.0,0.0,0.0,0.0
RESTREPO,2019,0.0,0.0,0.0,0.0
RESTREPO,2019,0.0,0.0,0.0,0.0
RESTREPO,2019,0.0,0.0,0.0,0.0
RESTREPO,2020,0.0,0.0,0.0,0.0
RESTREPO,2020,0.0,0.0,0.0,0.0
RESTREPO,2020,0.0,0.0,0.0,0.0
RESTREPO,2020,0.0,0.0,0.0,0.0
RESTREPO,2020,0.0,0.0,0.0,0.0
RESTREPO,2020,0.0,0.0,0.0,0.0
RESTREPO,2020,0.0,0.0,0.0,0.0
RESTREPO,2020,0.0,0.0,0.0,0.0
RESTREPO,2020,0.0,0.0,0.0,0.0
RESTREPO,2020,0.0,0.0,0.0,0.0
RESTREPO,2020,0.0,0.0,0.0,0.0
RESTREPO,2020,0.0,0.0,0.0,0.0
RESTREPO,2020,0.0,0.0,0.0,0.0
RESTREPO,2020,0.0,0.0,0.0,0.0
RESTREPO,2020,0.0,0.0,0.0,0.0
RESTREPO,2020,0.0,0.0,0.0,0.0
RESTREPO,2021,0.0,0.0,0.0,0.0
RESTREPO,2021,0.0,0.0,0.0,0.0
RESTREPO,2021,0.0,0.0,0.0,0.0
RESTREPO,2021,0.0,0.0,0.0,0.0
RESTREPO,2021,0.0,0.0,0.0,0.0
RESTREPO,2021,0.0,0.0,0.0,0.0
RESTREPO,2021,0.0,0.0,0.0,0.0
RESTREPO,2021,0.0,0.0,0.0,0.0
RESTREPO,2021,0.0,0.0,0.0,0.0
RESTREPO,2021,0.0,0.0,0.0,0.0
RESTREPO,2021,0.0,0.0,0.0,0.0
RESTREPO,2021,0.0,0.0,0.0,0.0
RESTREPO,2021,0.0,0.0,0.0,0.0
RESTREPO,2021,0.0,0.0,0.0,0.0
RESTREPO,2021,0.0,0.0,0.0,0.0
RESTREPO,2021,0.0,0.0,0.0,0.0
RESTREPO,2022,0.0,0.0,0.0,0.0
RESTREPO,2022,0.0,0.0,0.0,0.0
RESTREPO,2022,0.0,0.0,0.0,0.0
RESTREPO,2022,0.0,0.0,0.0,0.0
RESTREPO,2022,0.0,0.0,0.0,0.0
RESTREPO,2022,0.0,0.0,0.0,0.0
RESTREPO,2022,0.0,0.0,0.0,0.0
RESTREPO,2022,0.0,0.0,0.0,0.0
RESTREPO,2022,0.0,0.0,0.0,0.0
RESTREPO,2022,0.0,0.0,0.0,0.0
RESTREPO,2022,0.0,0.0,0.0,0.0
RESTREPO,2022,0.0,0.0,0.0,0.0
RESTREPO,2022,0.0,0.0,0.0,0.0
RESTREPO,2022,0.0,0.0,0.0,0.0
RESTREPO,2022,0.0,0.0,0.0,0.0
RESTREPO,2022,0.0,0.0,0.0,0.0
RESTREPO,2023,0.0,0.0,0.0,0.0
RESTREPO,2023,0.0,0.0,0.0,0.0
RESTREPO,2023,0.0,0.0,0.0,0.0
RESTREPO,2023,0.0,0.0,0.0,0.0
RESTREPO,2023,0.0,0.0,0.0,0.0
RESTREPO,2023,0.0,0.0,0.0,0.0
RESTREPO,2023,0.0,0.0,0.0,0.0
RESTREPO,2023,0.0,0.0,0.0,0.0
RESTREPO,2023,0.0,0.0,0.0,0.0
RESTREPO,2023,0.0,0.0,0.0,0.0
RESTREPO,2023,0.0,0.0,0.0,0.0
RESTREPO,2023,0.0,0.0,0.0,0.0
RESTREPO,2023,0.0,0.0,0.0,0.0
RESTREPO,2023,0.0,0.0,0.0,0.0
RESTREPO,2023,0.0,0.0,0.0,0.0
RESTREPO,2023,0.0,0.0,0.0,0.0
RETIRO,2017,0.0,0.0,0.0,0.0
RETIRO,2018,0.0,0.0,0.0,0.0
RETIRO,2019,0.0,0.0,0.0,0.0
RETIRO,2020,0.0,0.0,0.0,0.0
RETIRO,2021,0.0,0.0,0.0,0.0
RETIRO,2022,0.0,0.0,0.0,0.0
RETIRO,2023,0.0,0.0,0.0,0.0
RICAURTE,2017,85.01,0.0,0.0,0.0
RICAURTE,2017,85.01,0.0,0.0,0.0
RICAURTE,2017,85.01,0.0,0.0,0.0
RICAURTE,2017,85.01,0.0,0.0,0.0
RICAURTE,2017,85.01,0.0,0.0,0.0
RICAURTE,2017,85.01,0.0,0.0,0.0
RICAURTE,2017,85.01,0.0,0.0,0.0
RICAURTE,2017,85.01,0.0,0.0,0.0
RICAURTE,2017,0.0,0.0,0.0,0.0
RICAURTE,2017,0.0,0.0,0.0,0.0
RICAURTE,2017,0.0,0.0,0.0,0.0
RICAURTE,2017,0.0,0.0,0.0,0.0
RICAURTE,2017,0.0,0.0,0.0,0.0
RICAURTE,2017,0.0,0.0,0.0,0.0
RICAURTE,2017,0.0,0.0,0.0,0.0
RICAURTE,2017,0.0,0.0,0.0,0.0
RICAURTE,2018,0.0,350393.43,0.0,0.0
RICAURTE,2018,0.0,350393.43,0.0,0.0
RICAURTE,2018,0.0,350393.43,0.0,0.0
RICAURTE,2018,0.0,350393.43,0.0,0.0
RICAURTE,2018,0.0,0.0,0.0,0.0
RICAURTE,2018,0.0,0.0,0.0,0.0
RICAURTE,2018,0.0,0.0,0.0,0.0
RICAURTE,2018,0.0,0.0,0.0,0.0
RICAURTE,2018,0.0,350393.43,0.0,0.0
RICAURTE,2018,0.0,350393.43,0.0,0.0
RICAURTE,2018,0.0,350393.43,0.0,0.0
RICAURTE,2018,0.0,350393.43,0.0,0.0
RICAURTE,2018,0.0,0.0,0.0,0.0
RICAURTE,2018,0.0,0.0,0.0,0.0
RICAURTE,2018,0.0,0.0,0.0,0.0
RICAURTE,2018,0.0,0.0,0.0,0.0
RICAURTE,2019,0.0,0.0,0.0,0.0
RICAURTE,2019,0.0,0.0,0.0,0.0
RICAURTE,2019,0.0,0.0,0.0,0.0
RICAURTE,2019,0.0,0.0,0.0,0.0
RICAURTE,2019,0.0,0.0,0.0,0.0
RICAURTE,2019,0.0,0.0,0.0,0.0
RICAURTE,2019,0.0,0.0,0.0,0.0
RICAURTE,2019,0.0,0.0,0.0,0.0
RICAURTE,2019,0.0,0.0,0.0,0.0
RICAURTE,2019,0.0,0.0,0.0,0.0
RICAURTE,2019,0.0,0.0,0.0,0.0
RICAURTE,2019,0.0,0.0,0.0,0.0
RICAURTE,2019,0.0,0.0,0.0,0.0
RICAURTE,2019,0.0,0.0,0.0,0.0
RICAURTE,2019,0.0,0.0,0.0,0.0
RICAURTE,2019,0.0,0.0,0.0,0.0
RICAURTE,2020,0.0,0.0,0.0,0.0
RICAURTE,2020,0.0,0.0,0.0,0.0
RICAURTE,2020,0.0,0.0,0.0,0.0
RICAURTE,2020,0.0,0.0,0.0,0.0
RICAURTE,2020,0.0,0.0,0.0,0.0
RICAURTE,2020,0.0,0.0,0.0,0.0
RICAURTE,2020,0.0,0.0,0.0,0.0
RICAURTE,2020,0.0,0.0,0.0,0.0
RICAURTE,2020,0.0,0.0,0.0,0.0
RICAURTE,2020,0.0,0.0,0.0,0.0
RICAURTE,2020,0.0,0.0,0.0,0.0
RICAURTE,2020,0.0,0.0,0.0,0.0
RICAURTE,2020,0.0,0.0,0.0,0.0
RICAURTE,2020,0.0,0.0,0.0,0.0
RICAURTE,2020,0.0,0.0,0.0,0.0
RICAURTE,2020,0.0,0.0,0.0,0.0
RICAURTE,2021,0.0,0.0,0.0,0.0
RICAURTE,2021,0.0,0.0,0.0,0.0
RICAURTE,2021,0.0,0.0,0.0,0.0
RICAURTE,2021,0.0,0.0,0.0,0.0
RICAURTE,2021,0.0,0.0,0.0,0.0
RICAURTE,2021,0.0,0.0,0.0,0.0
RICAURTE,2021,0.0,0.0,0.0,0.0
RICAURTE,2021,0.0,0.0,0.0,0.0
RICAURTE,2021,0.0,0.0,0.0,0.0
RICAURTE,2021,0.0,0.0,0.0,0.0
RICAURTE,2021,0.0,0.0,0.0,0.0
RICAURTE,2021,0.0,0.0,0.0,0.0
RICAURTE,2021,0.0,0.0,0.0,0.0
RICAURTE,2021,0.0,0.0,0.0,0.0
RICAURTE,2021,0.0,0.0,0.0,0.0
RICAURTE,2021,0.0,0.0,0.0,0.0
RICAURTE,2022,0.0,0.0,0.0,0.0
RICAURTE,2022,0.0,0.0,0.0,0.0
RICAURTE,2022,0.0,0.0,0.0,0.0
RICAURTE,2022,0.0,0.0,0.0,0.0
RICAURTE,2022,0.0,0.0,0.0,0.0
RICAURTE,2022,0.0,0.0,0.0,0.0
RICAURTE,2022,0.0,0.0,0.0,0.0
RICAURTE,2022,0.0,0.0,0.0,0.0
RICAURTE,2022,0.0,0.0,0.0,0.0
RICAURTE,2022,0.0,0.0,0.0,0.0
RICAURTE,2022,0.0,0.0,0.0,0.0
RICAURTE,2022,0.0,0.0,0.0,0.0
RICAURTE,2022,0.0,0.0,0.0,0.0
RICAURTE,2022,0.0,0.0,0.0,0.0
RICAURTE,2022,0.0,0.0,0.0,0.0
RICAURTE,2022,0.0,0.0,0.0,0.0
RICAURTE,2023,0.0,0.0,0.0,0.0
RICAURTE,2023,0.0,0.0,0.0,0.0
RICAURTE,2023,0.0,0.0,0.0,0.0
RICAURTE,2023,0.0,0.0,0.0,0.0
RICAURTE,2023,0.0,0.0,0.0,0.0
RICAURTE,2023,0.0,0.0,0.0,0.0
RICAURTE,2023,0.0,0.0,0.0,0.0
RICAURTE,2023,0.0,0.0,0.0,0.0
RICAURTE,2023,0.0,0.0,0.0,0.0
RICAURTE,2023,0.0,0.0,0.0,0.0
RICAURTE,2023,0.0,0.0,0.0,0.0
RICAURTE,2023,0.0,0.0,0.0,0.0
RICAURTE,2023,0.0,0.0,0.0,0.0
RICAURTE,2023,0.0,0.0,0.0,0.0
RICAURTE,2023,0.0,0.0,0.0,0.0
RICAURTE,2023,0.0,0.0,0.0,0.0
RIOBLANCO,2017,0.0,0.0,0.0,0.0
RIOBLANCO,2018,0.0,0.0,0.0,0.0
RIOBLANCO,2019,0.0,0.0,0.0,0.0
RIOBLANCO,2020,0.0,0.0,0.0,0.0
RIOBLANCO,2021,0.0,0.0,0.0,0.0
RIOBLANCO,2022,0.0,0.0,0.0,0.0
RIOBLANCO,2023,0.0,0.0,0.0,0.0
RIOFRÍO,2017,0.0,0.0,0.0,0.0
RIOFRÍO,2018,0.0,0.0,0.0,0.0
RIOFRÍO,2019,0.0,0.0,0.0,0.0
RIOFRÍO,2020,0.0,0.0,0.0,0.0
RIOFRÍO,2021,0.0,0.0,0.0,0.0
RIOFRÍO,2022,0.0,0.0,0.0,0.0
RIOFRÍO,2023,0.0,0.0,0.0,0.0
RIOHACHA,2017,42.84,0.0,0.0,0.0
RIOHACHA,2018,0.0,251887.01,0.0,0.0
RIOHACHA,2019,0.0,0.0,0.0,0.0
RIOHACHA,2020,0.0,0.0,0.0,0.0
RIOHACHA,2021,0.0,0.0,0.0,0.0
RIOHACHA,2022,0.0,0.0,0.0,0.0
RIOHACHA,2023,0.0,0.0,0.0,0.0
RIONEGRO,2017,0.0,0.0,0.0,0.0
RIONEGRO,2017,0.0,0.0,0.0,0.0
RIONEGRO,2017,0.0,0.0,0.0,0.0
RIONEGRO,2017,0.0,0.0,0.0,0.0
RIONEGRO,2017,0.0,0.0,0.0,0.0
RIONEGRO,2017,0.0,0.0,0.0,0.0
RIONEGRO,2017,0.0,0.0,0.0,0.0
RIONEGRO,2017,0.0,0.0,0.0,0.0
RIONEGRO,2017,89.16,0.0,0.0,0.0
RIONEGRO,2017,89.16,0.0,0.0,0.0
RIONEGRO,2017,89.16,0.0,0.0,0.0
RIONEGRO,2017,89.16,0.0,0.0,0.0
RIONEGRO,2017,89.16,0.0,0.0,0.0
RIONEGRO,2017,89.16,0.0,0.0,0.0
RIONEGRO,2017,89.16,0.0,0.0,0.0
RIONEGRO,2017,89.16,0.0,0.0,0.0
RIONEGRO,2018,0.0,0.0,0.0,0.0
RIONEGRO,2018,0.0,0.0,0.0,0.0
RIONEGRO,2018,0.0,0.0,0.0,0.0
RIONEGRO,2018,0.0,0.0,0.0,0.0
RIONEGRO,2018,0.0,1092095.32,0.0,0.0
RIONEGRO,2018,0.0,1092095.32,0.0,0.0
RIONEGRO,2018,0.0,1092095.32,0.0,0.0
RIONEGRO,2018,0.0,1092095.32,0.0,0.0
RIONEGRO,2018,0.0,0.0,0.0,0.0
RIONEGRO,2018,0.0,0.0,0.0,0.0
RIONEGRO,2018,0.0,0.0,0.0,0.0
RIONEGRO,2018,0.0,0.0,0.0,0.0
RIONEGRO,2018,0.0,1092095.32,0.0,0.0
RIONEGRO,2018,0.0,1092095.32,0.0,0.0
RIONEGRO,2018,0.0,1092095.32,0.0,0.0
RIONEGRO,2018,0.0,1092095.32,0.0,0.0
RIONEGRO,2019,0.0,0.0,0.0,0.0
RIONEGRO,2019,0.0,0.0,0.0,0.0
RIONEGRO,2019,0.0,0.0,0.0,0.0
RIONEGRO,2019,0.0,0.0,0.0,0.0
RIONEGRO,2019,0.0,0.0,0.0,0.0
RIONEGRO,2019,0.0,0.0,0.0,0.0
RIONEGRO,2019,0.0,0.0,0.0,0.0
RIONEGRO,2019,0.0,0.0,0.0,0.0
RIONEGRO,2019,0.0,0.0,0.0,0.0
RIONEGRO,2019,0.0,0.0,0.0,0.0
RIONEGRO,2019,0.0,0.0,0.0,0.0
RIONEGRO,2019,0.0,0.0,0.0,0.0
RIONEGRO,2019,0.0,0.0,0.0,0.0
RIONEGRO,2019,0.0,0.0,0.0,0.0
RIONEGRO,2019,0.0,0.0,0.0,0.0
RIONEGRO,2019,0.0,0.0,0.0,0.0
RIONEGRO,2020,0.0,0.0,0.0,0.0
RIONEGRO,2020,0.0,0.0,0.0,0.0
RIONEGRO,2020,0.0,0.0,0.0,0.0
RIONEGRO,2020,0.0,0.0,0.0,0.0
RIONEGRO,2020,0.0,0.0,0.0,0.0
RIONEGRO,2020,0.0,0.0,0.0,0.0
RIONEGRO,2020,0.0,0.0,0.0,0.0
RIONEGRO,2020,0.0,0.0,0.0,0.0
RIONEGRO,2020,0.0,0.0,0.0,0.0
RIONEGRO,2020,0.0,0.0,0.0,0.0
RIONEGRO,2020,0.0,0.0,0.0,0.0
RIONEGRO,2020,0.0,0.0,0.0,0.0
RIONEGRO,2020,0.0,0.0,0.0,0.0
RIONEGRO,2020,0.0,0.0,0.0,0.0
RIONEGRO,2020,0.0,0.0,0.0,0.0
RIONEGRO,2020,0.0,0.0,0.0,0.0
RIONEGRO,2021,0.0,0.0,0.0,0.0
RIONEGRO,2021,0.0,0.0,0.0,0.0
RIONEGRO,2021,0.0,0.0,0.0,0.0
RIONEGRO,2021,0.0,0.0,0.0,0.0
RIONEGRO,2021,0.0,0.0,0.0,0.0
RIONEGRO,2021,0.0,0.0,0.0,0.0
RIONEGRO,2021,0.0,0.0,0.0,0.0
RIONEGRO,2021,0.0,0.0,0.0,0.0
RIONEGRO,2021,0.0,0.0,0.0,0.0
RIONEGRO,2021,0.0,0.0,0.0,0.0
RIONEGRO,2021,0.0,0.0,0.0,0.0
RIONEGRO,2021,0.0,0.0,0.0,0.0
RIONEGRO,2021,0.0,0.0,0.0,0.0
RIONEGRO,2021,0.0,0.0,0.0,0.0
RIONEGRO,2021,0.0,0.0,0.0,0.0
RIONEGRO,2021,0.0,0.0,0.0,0.0
RIONEGRO,2022,0.0,0.0,0.0,0.0
RIONEGRO,2022,0.0,0.0,0.0,0.0
RIONEGRO,2022,0.0,0.0,0.0,0.0
RIONEGRO,2022,0.0,0.0,0.0,0.0
RIONEGRO,2022,0.0,0.0,0.0,0.0
RIONEGRO,2022,0.0,0.0,0.0,0.0
RIONEGRO,2022,0.0,0.0,0.0,0.0
RIONEGRO,2022,0.0,0.0,0.0,0.0
RIONEGRO,2022,0.0,0.0,0.0,0.0
RIONEGRO,2022,0.0,0.0,0.0,0.0
RIONEGRO,2022,0.0,0.0,0.0,0.0
RIONEGRO,2022,0.0,0.0,0.0,0.0
RIONEGRO,2022,0.0,0.0,0.0,0.0
RIONEGRO,2022,0.0,0.0,0.0,0.0
RIONEGRO,2022,0.0,0.0,0.0,0.0
RIONEGRO,2022,0.0,0.0,0.0,0.0
RIONEGRO,2023,0.0,0.0,0.0,0.0
RIONEGRO,2023,0.0,0.0,0.0,0.0
RIONEGRO,2023,0.0,0.0,0.0,0.0
RIONEGRO,2023,0.0,0.0,0.0,0.0
RIONEGRO,2023,0.0,0.0,0.0,0.0
RIONEGRO,2023,0.0,0.0,0.0,0.0
RIONEGRO,2023,0.0,0.0,0.0,0.0
RIONEGRO,2023,0.0,0.0,0.0,0.0
RIONEGRO,2023,0.0,0.0,0.0,0.0
RIONEGRO,2023,0.0,0.0,0.0,0.0
RIONEGRO,2023,0.0,0.0,0.0,0.0
RIONEGRO,2023,0.0,0.0,0.0,0.0
RIONEGRO,2023,0.0,0.0,0.0,0.0
RIONEGRO,2023,0.0,0.0,0.0,0.0
RIONEGRO,2023,0.0,0.0,0.0,0.0
RIONEGRO,2023,0.0,0.0,0.0,0.0
RIOSUCIO,2017,0.0,0.0,0.0,0.0
RIOSUCIO,2017,0.0,0.0,0.0,0.0
RIOSUCIO,2017,0.0,0.0,0.0,0.0
RIOSUCIO,2017,0.0,0.0,0.0,0.0
RIOSUCIO,2017,0.0,0.0,0.0,0.0
RIOSUCIO,2017,0.0,0.0,0.0,0.0
RIOSUCIO,2017,0.0,0.0,0.0,0.0
RIOSUCIO,2017,0.0,0.0,0.0,0.0
RIOSUCIO,2017,0.0,0.0,0.0,0.0
RIOSUCIO,2017,0.0,0.0,0.0,0.0
RIOSUCIO,2017,0.0,0.0,0.0,0.0
RIOSUCIO,2017,0.0,0.0,0.0,0.0
RIOSUCIO,2017,0.0,0.0,0.0,0.0
RIOSUCIO,2017,0.0,0.0,0.0,0.0
RIOSUCIO,2017,0.0,0.0,0.0,0.0
RIOSUCIO,2017,0.0,0.0,0.0,0.0
RIOSUCIO,2018,0.0,0.0,0.0,0.0
RIOSUCIO,2018,0.0,0.0,0.0,0.0
RIOSUCIO,2018,0.0,0.0,0.0,0.0
RIOSUCIO,2018,0.0,0.0,0.0,0.0
RIOSUCIO,2018,0.0,0.0,0.0,0.0
RIOSUCIO,2018,0.0,0.0,0.0,0.0
RIOSUCIO,2018,0.0,0.0,0.0,0.0
RIOSUCIO,2018,0.0,0.0,0.0,0.0
RIOSUCIO,2018,0.0,0.0,0.0,0.0
RIOSUCIO,2018,0.0,0.0,0.0,0.0
RIOSUCIO,2018,0.0,0.0,0.0,0.0
RIOSUCIO,2018,0.0,0.0,0.0,0.0
RIOSUCIO,2018,0.0,0.0,0.0,0.0
RIOSUCIO,2018,0.0,0.0,0.0,0.0
RIOSUCIO,2018,0.0,0.0,0.0,0.0
RIOSUCIO,2018,0.0,0.0,0.0,0.0
RIOSUCIO,2019,0.0,0.0,0.0,0.0
RIOSUCIO,2019,0.0,0.0,0.0,0.0
RIOSUCIO,2019,0.0,0.0,0.0,0.0
RIOSUCIO,2019,0.0,0.0,0.0,0.0
RIOSUCIO,2019,0.0,0.0,0.0,0.0
RIOSUCIO,2019,0.0,0.0,0.0,0.0
RIOSUCIO,2019,0.0,0.0,0.0,0.0
RIOSUCIO,2019,0.0,0.0,0.0,0.0
RIOSUCIO,2019,0.0,0.0,0.0,0.0
RIOSUCIO,2019,0.0,0.0,0.0,0.0
RIOSUCIO,2019,0.0,0.0,0.0,0.0
RIOSUCIO,2019,0.0,0.0,0.0,0.0
RIOSUCIO,2019,0.0,0.0,0.0,0.0
RIOSUCIO,2019,0.0,0.0,0.0,0.0
RIOSUCIO,2019,0.0,0.0,0.0,0.0
RIOSUCIO,2019,0.0,0.0,0.0,0.0
RIOSUCIO,2020,0.0,0.0,0.0,0.0
RIOSUCIO,2020,0.0,0.0,0.0,0.0
RIOSUCIO,2020,0.0,0.0,0.0,0.0
RIOSUCIO,2020,0.0,0.0,0.0,0.0
RIOSUCIO,2020,0.0,0.0,0.0,0.0
RIOSUCIO,2020,0.0,0.0,0.0,0.0
RIOSUCIO,2020,0.0,0.0,0.0,0.0
RIOSUCIO,2020,0.0,0.0,0.0,0.0
RIOSUCIO,2020,0.0,0.0,0.0,0.0
RIOSUCIO,2020,0.0,0.0,0.0,0.0
RIOSUCIO,2020,0.0,0.0,0.0,0.0
RIOSUCIO,2020,0.0,0.0,0.0,0.0
RIOSUCIO,2020,0.0,0.0,0.0,0.0
RIOSUCIO,2020,0.0,0.0,0.0,0.0
RIOSUCIO,2020,0.0,0.0,0.0,0.0
RIOSUCIO,2020,0.0,0.0,0.0,0.0
RIOSUCIO,2021,0.0,0.0,0.0,0.0
RIOSUCIO,2021,0.0,0.0,0.0,0.0
RIOSUCIO,2021,0.0,0.0,0.0,0.0
RIOSUCIO,2021,0.0,0.0,0.0,0.0
RIOSUCIO,2021,0.0,0.0,0.0,0.0
RIOSUCIO,2021,0.0,0.0,0.0,0.0
RIOSUCIO,2021,0.0,0.0,0.0,0.0
RIOSUCIO,2021,0.0,0.0,0.0,0.0
RIOSUCIO,2021,0.0,0.0,0.0,0.0
RIOSUCIO,2021,0.0,0.0,0.0,0.0
RIOSUCIO,2021,0.0,0.0,0.0,0.0
RIOSUCIO,2021,0.0,0.0,0.0,0.0
RIOSUCIO,2021,0.0,0.0,0.0,0.0
RIOSUCIO,2021,0.0,0.0,0.0,0.0
RIOSUCIO,2021,0.0,0.0,0.0,0.0
RIOSUCIO,2021,0.0,0.0,0.0,0.0
RIOSUCIO,2022,0.0,0.0,0.0,0.0
RIOSUCIO,2022,0.0,0.0,0.0,0.0
RIOSUCIO,2022,0.0,0.0,0.0,0.0
RIOSUCIO,2022,0.0,0.0,0.0,0.0
RIOSUCIO,2022,0.0,0.0,0.0,0.0
RIOSUCIO,2022,0.0,0.0,0.0,0.0
RIOSUCIO,2022,0.0,0.0,0.0,0.0
RIOSUCIO,2022,0.0,0.0,0.0,0.0
RIOSUCIO,2022,0.0,0.0,0.0,0.0
RIOSUCIO,2022,0.0,0.0,0.0,0.0
RIOSUCIO,2022,0.0,0.0,0.0,0.0
RIOSUCIO,2022,0.0,0.0,0.0,0.0
RIOSUCIO,2022,0.0,0.0,0.0,0.0
RIOSUCIO,2022,0.0,0.0,0.0,0.0
RIOSUCIO,2022,0.0,0.0,0.0,0.0
RIOSUCIO,2022,0.0,0.0,0.0,0.0
RIOSUCIO,2023,0.0,0.0,0.0,0.0
RIOSUCIO,2023,0.0,0.0,0.0,0.0
RIOSUCIO,2023,0.0,0.0,0.0,0.0
RIOSUCIO,2023,0.0,0.0,0.0,0.0
RIOSUCIO,2023,0.0,0.0,0.0,0.0
RIOSUCIO,2023,0.0,0.0,0.0,0.0
RIOSUCIO,2023,0.0,0.0,0.0,0.0
RIOSUCIO,2023,0.0,0.0,0.0,0.0
RIOSUCIO,2023,0.0,0.0,0.0,0.0
RIOSUCIO,2023,0.0,0.0,0.0,0.0
RIOSUCIO,2023,0.0,0.0,0.0,0.0
RIOSUCIO,2023,0.0,0.0,0.0,0.0
RIOSUCIO,2023,0.0,0.0,0.0,0.0
RIOSUCIO,2023,0.0,0.0,0.0,0.0
RIOSUCIO,2023,0.0,0.0,0.0,0.0
RIOSUCIO,2023,0.0,0.0,0.0,0.0
RISARALDA,2017,0.0,0.0,0.0,0.0
RISARALDA,2018,0.0,0.0,0.0,0.0
RISARALDA,2019,0.0,0.0,0.0,0.0
RISARALDA,2020,0.0,0.0,0.0,0.0
RISARALDA,2021,0.0,0.0,0.0,0.0
RISARALDA,2022,0.0,0.0,0.0,0.0
RISARALDA,2023,0.0,0.0,0.0,0.0
RIVERA,2017,0.0,0.0,0.0,0.0
RIVERA,2018,0.0,0.0,0.0,0.0
RIVERA,2019,0.0,0.0,0.0,0.0
RIVERA,2020,0.0,0.0,0.0,0.0
RIVERA,2021,0.0,0.0,0.0,0.0
RIVERA,2022,0.0,0.0,0.0,0.0
RIVERA,2023,0.0,0.0,0.0,0.0
ROBERTO PAYÁN,2017,0.0,0.0,0.0,0.0
ROBERTO PAYÁN,2018,0.0,0.0,0.0,0.0
ROBERTO PAYÁN,2019,0.0,0.0,0.0,0.0
ROBERTO PAYÁN,2020,0.0,0.0,0.0,0.0
ROBERTO PAYÁN,2021,0.0,0.0,0.0,0.0
ROBERTO PAYÁN,2022,0.0,0.0,0.0,0.0
ROBERTO PAYÁN,2023,0.0,0.0,0.0,0.0
ROLDANILLO,2017,0.0,0.0,0.0,0.0
ROLDANILLO,2018,0.0,0.0,0.0,0.0
ROLDANILLO,2019,0.0,0.0,0.0,0.0
ROLDANILLO,2020,0.0,0.0,0.0,0.0
ROLDANILLO,2021,0.0,0.0,0.0,0.0
ROLDANILLO,2022,0.0,0.0,0.0,0.0
ROLDANILLO,2023,0.0,0.0,0.0,0.0
RONCESVALLES,2017,0.0,0.0,0.0,0.0
RONCESVALLES,2018,0.0,0.0,0.0,0.0
RONCESVALLES,2019,0.0,0.0,0.0,0.0
RONCESVALLES,2020,0.0,0.0,0.0,0.0
RONCESVALLES,2021,0.0,0.0,0.0,0.0
RONCESVALLES,2022,0.0,0.0,0.0,0.0
RONCESVALLES,2023,0.0,0.0,0.0,0.0
RONDÓN,2017,92.5,0.0,0.0,0.0
RONDÓN,2018,0.0,713611.92,0.0,0.0
RONDÓN,2019,0.0,0.0,0.0,0.0
RONDÓN,2020,0.0,0.0,0.0,0.0
RONDÓN,2021,0.0,0.0,0.0,0.0
RONDÓN,2022,0.0,0.0,0.0,0.0
RONDÓN,2023,0.0,0.0,0.0,0.0
ROSAS,2017,0.0,0.0,0.0,0.0
ROSAS,2018,0.0,0.0,0.0,0.0
ROSAS,2019,0.0,0.0,0.0,0.0
ROSAS,2020,0.0,0.0,0.0,0.0
ROSAS,2021,0.0,0.0,0.0,0.0
ROSAS,2022,0.0,0.0,0.0,0.0
ROSAS,2023,0.0,0.0,0.0,0.0
ROVIRA,2017,0.0,0.0,0.0,0.0
ROVIRA,2018,0.0,0.0,0.0,0.0
ROVIRA,2019,0.0,0.0,0.0,0.0
ROVIRA,2020,0.0,0.0,0.0,0.0
ROVIRA,2021,0.0,0.0,0.0,0.0
ROVIRA,2022,0.0,0.0,0.0,0.0
ROVIRA,2023,0.0,0.0,0.0,0.0
RÁQUIRA,2017,90.07,0.0,0.0,0.0
RÁQUIRA,2018,0.0,351191.14,0.0,0.0
RÁQUIRA,2019,0.0,0.0,0.0,0.0
RÁQUIRA,2020,0.0,0.0,0.0,0.0
RÁQUIRA,2021,0.0,0.0,0.0,0.0
RÁQUIRA,2022,0.0,0.0,0.0,0.0
RÁQUIRA,2023,0.0,0.0,0.0,0.0
RÍO DE ORO,2017,85.35,0.0,0.0,0.0
RÍO DE ORO,2018,0.0,691099.63,0.0,0.0
RÍO DE ORO,2019,0.0,0.0,0.0,0.0
RÍO DE ORO,2020,0.0,0.0,0.0,0.0
RÍO DE ORO,2021,0.0,0.0,0.0,0.0
RÍO DE ORO,2022,0.0,0.0,0.0,0.0
RÍO DE ORO,2023,0.0,0.0,0.0,0.0
RÍO IRÓ,2017,0.0,0.0,0.0,0.0
RÍO IRÓ,2018,0.0,0.0,0.0,0.0
RÍO IRÓ,2019,0.0,0.0,0.0,0.0
RÍO IRÓ,2020,0.0,0.0,0.0,0.0
RÍO IRÓ,2021,0.0,0.0,0.0,0.0
RÍO IRÓ,2022,0.0,0.0,0.0,0.0
RÍO IRÓ,2023,0.0,0.0,0.0,0.0
RÍO QUITO,2017,0.0,0.0,0.0,0.0
RÍO QUITO,2018,0.0,0.0,0.0,0.0
RÍO QUITO,2019,0.0,0.0,0.0,0.0
RÍO QUITO,2020,0.0,0.0,0.0,0.0
RÍO QUITO,2021,0.0,0.0,0.0,0.0
RÍO QUITO,2022,0.0,0.0,0.0,0.0
RÍO QUITO,2023,0.0,0.0,0.0,0.0
RÍO VIEJO,2017,90.93,0.0,0.0,0.0
RÍO VIEJO,2018,0.0,567457.15,0.0,0.0
RÍO VIEJO,2019,0.0,0.0,0.0,0.0
RÍO VIEJO,2020,0.0,0.0,0.0,0.0
RÍO VIEJO,2021,0.0,0.0,0.0,0.0
RÍO VIEJO,2022,0.0,0.0,0.0,0.0
RÍO VIEJO,2023,0.0,0.0,0.0,0.0
SABANA DE TORRES,2017,91.23,0.0,0.0,0.0
SABANA DE TORRES,2018,0.0,577780.56,0.0,0.0
SABANA DE TORRES,2019,0.0,0.0,0.0,0.0
SABANA DE TORRES,2020,0.0,0.0,0.0,0.0
SABANA DE TORRES,2021,0.0,0.0,0.0,0.0
SABANA DE TORRES,2022,0.0,0.0,0.0,0.0
SABANA DE TORRES,2023,0.0,0.0,0.0,0.0
SABANAGRANDE,2017,89.31,550048.44,31.1,24.81
SABANAGRANDE,2018,89.15,469218.28,31.01,24.74
SABANAGRANDE,2019,88.79,434414.47,31.27,25.0
SABANAGRANDE,2020,88.93,546243.94,30.96,24.81
SABANAGRANDE,2021,88.77,547501.41,30.79,24.64
SABANAGRANDE,2022,89.88,689034.08,30.76,24.44
SABANAGRANDE,2023,89.11,469017.07,31.47,25.03
SABANALARGA,2017,0.0,0.0,0.0,0.0
SABANALARGA,2017,0.0,0.0,0.0,24.19
SABANALARGA,2017,0.0,0.0,0.0,0.0
SABANALARGA,2017,0.0,0.0,30.95,0.0
SABANALARGA,2017,0.0,0.0,30.95,24.19
SABANALARGA,2017,0.0,0.0,30.95,0.0
SABANALARGA,2017,0.0,0.0,0.0,0.0
SABANALARGA,2017,0.0,0.0,0.0,24.19
SABANALARGA,2017,0.0,0.0,0.0,0.0
SABANALARGA,2017,0.0,442118.27,0.0,0.0
SABANALARGA,2017,0.0,442118.27,0.0,24.19
SABANALARGA,2017,0.0,442118.27,0.0,0.0
SABANALARGA,2017,0.0,442118.27,30.95,0.0
SABANALARGA,2017,0.0,442118.27,30.95,24.19
SABANALARGA,2017,0.0,442118.27,30.95,0.0
SABANALARGA,2017,0.0,442118.27,0.0,0.0
SABANALARGA,2017,0.0,442118.27,0.0,24.19
SABANALARGA,2017,0.0,442118.27,0.0,0.0
SABANALARGA,2017,0.0,0.0,0.0,0.0
SABANALARGA,2017,0.0,0.0,0.0,24.19
SABANALARGA,2017,0.0,0.0,0.0,0.0
SABANALARGA,2017,0.0,0.0,30.95,0.0
SABANALARGA,2017,0.0,0.0,30.95,24.19
SABANALARGA,2017,0.0,0.0,30.95,0.0
SABANALARGA,2017,0.0,0.0,0.0,0.0
SABANALARGA,2017,0.0,0.0,0.0,24.19
SABANALARGA,2017,0.0,0.0,0.0,0.0
SABANALARGA,2017,90.62,0.0,0.0,0.0
SABANALARGA,2017,90.62,0.0,0.0,24.19
SABANALARGA,2017,90.62,0.0,0.0,0.0
SABANALARGA,2017,90.62,0.0,30.95,0.0
SABANALARGA,2017,90.62,0.0,30.95,24.19
SABANALARGA,2017,90.62,0.0,30.95,0.0
SABANALARGA,2017,90.62,0.0,0.0,0.0
SABANALARGA,2017,90.62,0.0,0.0,24.19
SABANALARGA,2017,90.62,0.0,0.0,0.0
SABANALARGA,2017,90.62,442118.27,0.0,0.0
SABANALARGA,2017,90.62,442118.27,0.0,24.19
SABANALARGA,2017,90.62,442118.27,0.0,0.0
SABANALARGA,2017,90.62,442118.27,30.95,0.0
SABANALARGA,2017,90.62,442118.27,30.95,24.19
SABANALARGA,2017,90.62,442118.27,30.95,0.0
SABANALARGA,2017,90.62,442118.27,0.0,0.0
SABANALARGA,2017,90.62,442118.27,0.0,24.19
SABANALARGA,2017,90.62,442118.27,0.0,0.0
SABANALARGA,2017,90.62,0.0,0.0,0.0
SABANALARGA,2017,90.62,0.0,0.0,24.19
SABANALARGA,2017,90.62,0.0,0.0,0.0
SABANALARGA,2017,90.62,0.0,30.95,0.0
SABANALARGA,2017,90.62,0.0,30.95,24.19
SABANALARGA,2017,90.62,0.0,30.95,0.0
SABANALARGA,2017,90.62,0.0,0.0,0.0
SABANALARGA,2017,90.62,0.0,0.0,24.19
SABANALARGA,2017,90.62,0.0,0.0,0.0
SABANALARGA,2017,89.06,0.0,0.0,0.0
SABANALARGA,2017,89.06,0.0,0.0,24.19
SABANALARGA,2017,89.06,0.0,0.0,0.0
SABANALARGA,2017,89.06,0.0,30.95,0.0
SABANALARGA,2017,89.06,0.0,30.95,24.19
SABANALARGA,2017,89.06,0.0,30.95,0.0
SABANALARGA,2017,89.06,0.0,0.0,0.0
SABANALARGA,2017,89.06,0.0,0.0,24.19
SABANALARGA,2017,89.06,0.0,0.0,0.0
SABANALARGA,2017,89.06,442118.27,0.0,0.0
SABANALARGA,2017,89.06,442118.27,0.0,24.19
SABANALARGA,2017,89.06,442118.27,0.0,0.0
SABANALARGA,2017,89.06,442118.27,30.95,0.0
SABANALARGA,2017,89.06,442118.27,30.95,24.19
SABANALARGA,2017,89.06,442118.27,30.95,0.0
SABANALARGA,2017,89.06,442118.27,0.0,0.0
SABANALARGA,2017,89.06,442118.27,0.0,24.19
SABANALARGA,2017,89.06,442118.27,0.0,0.0
SABANALARGA,2017,89.06,0.0,0.0,0.0
SABANALARGA,2017,89.06,0.0,0.0,24.19
SABANALARGA,2017,89.06,0.0,0.0,0.0
SABANALARGA,2017,89.06,0.0,30.95,0.0
SABANALARGA,2017,89.06,0.0,30.95,24.19
SABANALARGA,2017,89.06,0.0,30.95,0.0
SABANALARGA,2017,89.06,0.0,0.0,0.0
SABANALARGA,2017,89.06,0.0,0.0,24.19
SABANALARGA,2017,89.06,0.0,0.0,0.0
SABANALARGA,2018,0.0,0.0,0.0,0.0
SABANALARGA,2018,0.0,0.0,0.0,24.15
SABANALARGA,2018,0.0,0.0,0.0,0.0
SABANALARGA,2018,0.0,0.0,31.06,0.0
SABANALARGA,2018,0.0,0.0,31.06,24.15
SABANALARGA,2018,0.0,0.0,31.06,0.0
SABANALARGA,2018,0.0,0.0,0.0,0.0
SABANALARGA,2018,0.0,0.0,0.0,24.15
SABANALARGA,2018,0.0,0.0,0.0,0.0
SABANALARGA,2018,0.0,355285.08,0.0,0.0
SABANALARGA,2018,0.0,355285.08,0.0,24.15
SABANALARGA,2018,0.0,355285.08,0.0,0.0
SABANALARGA,2018,0.0,355285.08,31.06,0.0
SABANALARGA,2018,0.0,355285.08,31.06,24.15
SABANALARGA,2018,0.0,355285.08,31.06,0.0
SABANALARGA,2018,0.0,355285.08,0.0,0.0
SABANALARGA,2018,0.0,355285.08,0.0,24.15
SABANALARGA,2018,0.0,355285.08,0.0,0.0
SABANALARGA,2018,0.0,405781.74,0.0,0.0
SABANALARGA,2018,0.0,405781.74,0.0,24.15
SABANALARGA,2018,0.0,405781.74,0.0,0.0
SABANALARGA,2018,0.0,405781.74,31.06,0.0
SABANALARGA,2018,0.0,405781.74,31.06,24.15
SABANALARGA,2018,0.0,405781.74,31.06,0.0
SABANALARGA,2018,0.0,405781.74,0.0,0.0
SABANALARGA,2018,0.0,405781.74,0.0,24.15
SABANALARGA,2018,0.0,405781.74,0.0,0.0
SABANALARGA,2018,90.12,0.0,0.0,0.0
SABANALARGA,2018,90.12,0.0,0.0,24.15
SABANALARGA,2018,90.12,0.0,0.0,0.0
SABANALARGA,2018,90.12,0.0,31.06,0.0
SABANALARGA,2018,90.12,0.0,31.06,24.15
SABANALARGA,2018,90.12,0.0,31.06,0.0
SABANALARGA,2018,90.12,0.0,0.0,0.0
SABANALARGA,2018,90.12,0.0,0.0,24.15
SABANALARGA,2018,90.12,0.0,0.0,0.0
SABANALARGA,2018,90.12,355285.08,0.0,0.0
SABANALARGA,2018,90.12,355285.08,0.0,24.15
SABANALARGA,2018,90.12,355285.08,0.0,0.0
SABANALARGA,2018,90.12,355285.08,31.06,0.0
SABANALARGA,2018,90.12,355285.08,31.06,24.15
SABANALARGA,2018,90.12,355285.08,31.06,0.0
SABANALARGA,2018,90.12,355285.08,0.0,0.0
SABANALARGA,2018,90.12,355285.08,0.0,24.15
SABANALARGA,2018,90.12,355285.08,0.0,0.0
SABANALARGA,2018,90.12,405781.74,0.0,0.0
SABANALARGA,2018,90.12,405781.74,0.0,24.15
SABANALARGA,2018,90.12,405781.74,0.0,0.0
SABANALARGA,2018,90.12,405781.74,31.06,0.0
SABANALARGA,2018,90.12,405781.74,31.06,24.15
SABANALARGA,2018,90.12,405781.74,31.06,0.0
SABANALARGA,2018,90.12,405781.74,0.0,0.0
SABANALARGA,2018,90.12,405781.74,0.0,24.15
SABANALARGA,2018,90.12,405781.74,0.0,0.0
SABANALARGA,2018,0.0,0.0,0.0,0.0
SABANALARGA,2018,0.0,0.0,0.0,24.15
SABANALARGA,2018,0.0,0.0,0.0,0.0
SABANALARGA,2018,0.0,0.0,31.06,0.0
SABANALARGA,2018,0.0,0.0,31.06,24.15
SABANALARGA,2018,0.0,0.0,31.06,0.0
SABANALARGA,2018,0.0,0.0,0.0,0.0
SABANALARGA,2018,0.0,0.0,0.0,24.15
SABANALARGA,2018,0.0,0.0,0.0,0.0
SABANALARGA,2018,0.0,355285.08,0.0,0.0
SABANALARGA,2018,0.0,355285.08,0.0,24.15
SABANALARGA,2018,0.0,355285.08,0.0,0.0
SABANALARGA,2018,0.0,355285.08,31.06,0.0
SABANALARGA,2018,0.0,355285.08,31.06,24.15
SABANALARGA,2018,0.0,355285.08,31.06,0.0
SABANALARGA,2018,0.0,355285.08,0.0,0.0
SABANALARGA,2018,0.0,355285.08,0.0,24.15
SABANALARGA,2018,0.0,355285.08,0.0,0.0
SABANALARGA,2018,0.0,405781.74,0.0,0.0
SABANALARGA,2018,0.0,405781.74,0.0,24.15
SABANALARGA,2018,0.0,405781.74,0.0,0.0
SABANALARGA,2018,0.0,405781.74,31.06,0.0
SABANALARGA,2018,0.0,405781.74,31.06,24.15
SABANALARGA,2018,0.0,405781.74,31.06,0.0
SABANALARGA,2018,0.0,405781.74,0.0,0.0
SABANALARGA,2018,0.0,405781.74,0.0,24.15
SABANALARGA,2018,0.0,405781.74,0.0,0.0
SABANALARGA,2019,0.0,0.0,0.0,0.0
SABANALARGA,2019,0.0,0.0,0.0,24.4
SABANALARGA,2019,0.0,0.0,0.0,0.0
SABANALARGA,2019,0.0,0.0,31.42,0.0
SABANALARGA,2019,0.0,0.0,31.42,24.4
SABANALARGA,2019,0.0,0.0,31.42,0.0
SABANALARGA,2019,0.0,0.0,0.0,0.0
SABANALARGA,2019,0.0,0.0,0.0,24.4
SABANALARGA,2019,0.0,0.0,0.0,0.0
SABANALARGA,2019,0.0,324381.11,0.0,0.0
SABANALARGA,2019,0.0,324381.11,0.0,24.4
SABANALARGA,2019,0.0,324381.11,0.0,0.0
SABANALARGA,2019,0.0,324381.11,31.42,0.0
SABANALARGA,2019,0.0,324381.11,31.42,24.4
SABANALARGA,2019,0.0,324381.11,31.42,0.0
SABANALARGA,2019,0.0,324381.11,0.0,0.0
SABANALARGA,2019,0.0,324381.11,0.0,24.4
SABANALARGA,2019,0.0,324381.11,0.0,0.0
SABANALARGA,2019,0.0,0.0,0.0,0.0
SABANALARGA,2019,0.0,0.0,0.0,24.4
SABANALARGA,2019,0.0,0.0,0.0,0.0
SABANALARGA,2019,0.0,0.0,31.42,0.0
SABANALARGA,2019,0.0,0.0,31.42,24.4
SABANALARGA,2019,0.0,0.0,31.42,0.0
SABANALARGA,2019,0.0,0.0,0.0,0.0
SABANALARGA,2019,0.0,0.0,0.0,24.4
SABANALARGA,2019,0.0,0.0,0.0,0.0
SABANALARGA,2019,89.59,0.0,0.0,0.0
SABANALARGA,2019,89.59,0.0,0.0,24.4
SABANALARGA,2019,89.59,0.0,0.0,0.0
SABANALARGA,2019,89.59,0.0,31.42,0.0
SABANALARGA,2019,89.59,0.0,31.42,24.4
SABANALARGA,2019,89.59,0.0,31.42,0.0
SABANALARGA,2019,89.59,0.0,0.0,0.0
SABANALARGA,2019,89.59,0.0,0.0,24.4
SABANALARGA,2019,89.59,0.0,0.0,0.0
SABANALARGA,2019,89.59,324381.11,0.0,0.0
SABANALARGA,2019,89.59,324381.11,0.0,24.4
SABANALARGA,2019,89.59,324381.11,0.0,0.0
SABANALARGA,2019,89.59,324381.11,31.42,0.0
SABANALARGA,2019,89.59,324381.11,31.42,24.4
SABANALARGA,2019,89.59,324381.11,31.42,0.0
SABANALARGA,2019,89.59,324381.11,0.0,0.0
SABANALARGA,2019,89.59,324381.11,0.0,24.4
SABANALARGA,2019,89.59,324381.11,0.0,0.0
SABANALARGA,2019,89.59,0.0,0.0,0.0
SABANALARGA,2019,89.59,0.0,0.0,24.4
SABANALARGA,2019,89.59,0.0,0.0,0.0
SABANALARGA,2019,89.59,0.0,31.42,0.0
SABANALARGA,2019,89.59,0.0,31.42,24.4
SABANALARGA,2019,89.59,0.0,31.42,0.0
SABANALARGA,2019,89.59,0.0,0.0,0.0
SABANALARGA,2019,89.59,0.0,0.0,24.4
SABANALARGA,2019,89.59,0.0,0.0,0.0
SABANALARGA,2019,0.0,0.0,0.0,0.0
SABANALARGA,2019,0.0,0.0,0.0,24.4
SABANALARGA,2019,0.0,0.0,0.0,0.0
SABANALARGA,2019,0.0,0.0,31.42,0.0
SABANALARGA,2019,0.0,0.0,31.42,24.4
SABANALARGA,2019,0.0,0.0,31.42,0.0
SABANALARGA,2019,0.0,0.0,0.0,0.0
SABANALARGA,2019,0.0,0.0,0.0,24.4
SABANALARGA,2019,0.0,0.0,0.0,0.0
SABANALARGA,2019,0.0,324381.11,0.0,0.0
SABANALARGA,2019,0.0,324381.11,0.0,24.4
SABANALARGA,2019,0.0,324381.11,0.0,0.0
SABANALARGA,2019,0.0,324381.11,31.42,0.0
SABANALARGA,2019,0.0,324381.11,31.42,24.4
SABANALARGA,2019,0.0,324381.11,31.42,0.0
SABANALARGA,2019,0.0,324381.11,0.0,0.0
SABANALARGA,2019,0.0,324381.11,0.0,24.4
SABANALARGA,2019,0.0,324381.11,0.0,0.0
SABANALARGA,2019,0.0,0.0,0.0,0.0
SABANALARGA,2019,0.0,0.0,0.0,24.4
SABANALARGA,2019,0.0,0.0,0.0,0.0
SABANALARGA,2019,0.0,0.0,31.42,0.0
SABANALARGA,2019,0.0,0.0,31.42,24.4
SABANALARGA,2019,0.0,0.0,31.42,0.0
SABANALARGA,2019,0.0,0.0,0.0,0.0
SABANALARGA,2019,0.0,0.0,0.0,24.4
SABANALARGA,2019,0.0,0.0,0.0,0.0
SABANALARGA,2020,0.0,0.0,0.0,0.0
SABANALARGA,2020,0.0,0.0,0.0,24.22
SABANALARGA,2020,0.0,0.0,0.0,0.0
SABANALARGA,2020,0.0,0.0,31.0,0.0
SABANALARGA,2020,0.0,0.0,31.0,24.22
SABANALARGA,2020,0.0,0.0,31.0,0.0
SABANALARGA,2020,0.0,0.0,0.0,0.0
SABANALARGA,2020,0.0,0.0,0.0,24.22
SABANALARGA,2020,0.0,0.0,0.0,0.0
SABANALARGA,2020,0.0,423450.89,0.0,0.0
SABANALARGA,2020,0.0,423450.89,0.0,24.22
SABANALARGA,2020,0.0,423450.89,0.0,0.0
SABANALARGA,2020,0.0,423450.89,31.0,0.0
SABANALARGA,2020,0.0,423450.89,31.0,24.22
SABANALARGA,2020,0.0,423450.89,31.0,0.0
SABANALARGA,2020,0.0,423450.89,0.0,0.0
SABANALARGA,2020,0.0,423450.89,0.0,24.22
SABANALARGA,2020,0.0,423450.89,0.0,0.0
SABANALARGA,2020,0.0,0.0,0.0,0.0
SABANALARGA,2020,0.0,0.0,0.0,24.22
SABANALARGA,2020,0.0,0.0,0.0,0.0
SABANALARGA,2020,0.0,0.0,31.0,0.0
SABANALARGA,2020,0.0,0.0,31.0,24.22
SABANALARGA,2020,0.0,0.0,31.0,0.0
SABANALARGA,2020,0.0,0.0,0.0,0.0
SABANALARGA,2020,0.0,0.0,0.0,24.22
SABANALARGA,2020,0.0,0.0,0.0,0.0
SABANALARGA,2020,89.94,0.0,0.0,0.0
SABANALARGA,2020,89.94,0.0,0.0,24.22
SABANALARGA,2020,89.94,0.0,0.0,0.0
SABANALARGA,2020,89.94,0.0,31.0,0.0
SABANALARGA,2020,89.94,0.0,31.0,24.22
SABANALARGA,2020,89.94,0.0,31.0,0.0
SABANALARGA,2020,89.94,0.0,0.0,0.0
SABANALARGA,2020,89.94,0.0,0.0,24.22
SABANALARGA,2020,89.94,0.0,0.0,0.0
SABANALARGA,2020,89.94,423450.89,0.0,0.0
SABANALARGA,2020,89.94,423450.89,0.0,24.22
SABANALARGA,2020,89.94,423450.89,0.0,0.0
SABANALARGA,2020,89.94,423450.89,31.0,0.0
SABANALARGA,2020,89.94,423450.89,31.0,24.22
SABANALARGA,2020,89.94,423450.89,31.0,0.0
SABANALARGA,2020,89.94,423450.89,0.0,0.0
SABANALARGA,2020,89.94,423450.89,0.0,24.22
SABANALARGA,2020,89.94,423450.89,0.0,0.0
SABANALARGA,2020,89.94,0.0,0.0,0.0
SABANALARGA,2020,89.94,0.0,0.0,24.22
SABANALARGA,2020,89.94,0.0,0.0,0.0
SABANALARGA,2020,89.94,0.0,31.0,0.0
SABANALARGA,2020,89.94,0.0,31.0,24.22
SABANALARGA,2020,89.94,0.0,31.0,0.0
SABANALARGA,2020,89.94,0.0,0.0,0.0
SABANALARGA,2020,89.94,0.0,0.0,24.22
SABANALARGA,2020,89.94,0.0,0.0,0.0
SABANALARGA,2020,0.0,0.0,0.0,0.0
SABANALARGA,2020,0.0,0.0,0.0,24.22
SABANALARGA,2020,0.0,0.0,0.0,0.0
SABANALARGA,2020,0.0,0.0,31.0,0.0
SABANALARGA,2020,0.0,0.0,31.0,24.22
SABANALARGA,2020,0.0,0.0,31.0,0.0
SABANALARGA,2020,0.0,0.0,0.0,0.0
SABANALARGA,2020,0.0,0.0,0.0,24.22
SABANALARGA,2020,0.0,0.0,0.0,0.0
SABANALARGA,2020,0.0,423450.89,0.0,0.0
SABANALARGA,2020,0.0,423450.89,0.0,24.22
SABANALARGA,2020,0.0,423450.89,0.0,0.0
SABANALARGA,2020,0.0,423450.89,31.0,0.0
SABANALARGA,2020,0.0,423450.89,31.0,24.22
SABANALARGA,2020,0.0,423450.89,31.0,0.0
SABANALARGA,2020,0.0,423450.89,0.0,0.0
SABANALARGA,2020,0.0,423450.89,0.0,24.22
SABANALARGA,2020,0.0,423450.89,0.0,0.0
SABANALARGA,2020,0.0,0.0,0.0,0.0
SABANALARGA,2020,0.0,0.0,0.0,24.22
SABANALARGA,2020,0.0,0.0,0.0,0.0
SABANALARGA,2020,0.0,0.0,31.0,0.0
SABANALARGA,2020,0.0,0.0,31.0,24.22
SABANALARGA,2020,0.0,0.0,31.0,0.0
SABANALARGA,2020,0.0,0.0,0.0,0.0
SABANALARGA,2020,0.0,0.0,0.0,24.22
SABANALARGA,2020,0.0,0.0,0.0,0.0
SABANALARGA,2021,0.0,0.0,0.0,0.0
SABANALARGA,2021,0.0,0.0,0.0,24.03
SABANALARGA,2021,0.0,0.0,0.0,0.0
SABANALARGA,2021,0.0,0.0,30.71,0.0
SABANALARGA,2021,0.0,0.0,30.71,24.03
SABANALARGA,2021,0.0,0.0,30.71,0.0
SABANALARGA,2021,0.0,0.0,0.0,0.0
SABANALARGA,2021,0.0,0.0,0.0,24.03
SABANALARGA,2021,0.0,0.0,0.0,0.0
SABANALARGA,2021,0.0,430759.63,0.0,0.0
SABANALARGA,2021,0.0,430759.63,0.0,24.03
SABANALARGA,2021,0.0,430759.63,0.0,0.0
SABANALARGA,2021,0.0,430759.63,30.71,0.0
SABANALARGA,2021,0.0,430759.63,30.71,24.03
SABANALARGA,2021,0.0,430759.63,30.71,0.0
SABANALARGA,2021,0.0,430759.63,0.0,0.0
SABANALARGA,2021,0.0,430759.63,0.0,24.03
SABANALARGA,2021,0.0,430759.63,0.0,0.0
SABANALARGA,2021,0.0,0.0,0.0,0.0
SABANALARGA,2021,0.0,0.0,0.0,24.03
SABANALARGA,2021,0.0,0.0,0.0,0.0
SABANALARGA,2021,0.0,0.0,30.71,0.0
SABANALARGA,2021,0.0,0.0,30.71,24.03
SABANALARGA,2021,0.0,0.0,30.71,0.0
SABANALARGA,2021,0.0,0.0,0.0,0.0
SABANALARGA,2021,0.0,0.0,0.0,24.03
SABANALARGA,2021,0.0,0.0,0.0,0.0
SABANALARGA,2021,89.98,0.0,0.0,0.0
SABANALARGA,2021,89.98,0.0,0.0,24.03
SABANALARGA,2021,89.98,0.0,0.0,0.0
SABANALARGA,2021,89.98,0.0,30.71,0.0
SABANALARGA,2021,89.98,0.0,30.71,24.03
SABANALARGA,2021,89.98,0.0,30.71,0.0
SABANALARGA,2021,89.98,0.0,0.0,0.0
SABANALARGA,2021,89.98,0.0,0.0,24.03
SABANALARGA,2021,89.98,0.0,0.0,0.0
SABANALARGA,2021,89.98,430759.63,0.0,0.0
SABANALARGA,2021,89.98,430759.63,0.0,24.03
SABANALARGA,2021,89.98,430759.63,0.0,0.0
SABANALARGA,2021,89.98,430759.63,30.71,0.0
SABANALARGA,2021,89.98,430759.63,30.71,24.03
SABANALARGA,2021,89.98,430759.63,30.71,0.0
SABANALARGA,2021,89.98,430759.63,0.0,0.0
SABANALARGA,2021,89.98,430759.63,0.0,24.03
SABANALARGA,2021,89.98,430759.63,0.0,0.0
SABANALARGA,2021,89.98,0.0,0.0,0.0
SABANALARGA,2021,89.98,0.0,0.0,24.03
SABANALARGA,2021,89.98,0.0,0.0,0.0
SABANALARGA,2021,89.98,0.0,30.71,0.0
SABANALARGA,2021,89.98,0.0,30.71,24.03
SABANALARGA,2021,89.98,0.0,30.71,0.0
SABANALARGA,2021,89.98,0.0,0.0,0.0
SABANALARGA,2021,89.98,0.0,0.0,24.03
SABANALARGA,2021,89.98,0.0,0.0,0.0
SABANALARGA,2021,0.0,0.0,0.0,0.0
SABANALARGA,2021,0.0,0.0,0.0,24.03
SABANALARGA,2021,0.0,0.0,0.0,0.0
SABANALARGA,2021,0.0,0.0,30.71,0.0
SABANALARGA,2021,0.0,0.0,30.71,24.03
SABANALARGA,2021,0.0,0.0,30.71,0.0
SABANALARGA,2021,0.0,0.0,0.0,0.0
SABANALARGA,2021,0.0,0.0,0.0,24.03
SABANALARGA,2021,0.0,0.0,0.0,0.0
SABANALARGA,2021,0.0,430759.63,0.0,0.0
SABANALARGA,2021,0.0,430759.63,0.0,24.03
SABANALARGA,2021,0.0,430759.63,0.0,0.0
SABANALARGA,2021,0.0,430759.63,30.71,0.0
SABANALARGA,2021,0.0,430759.63,30.71,24.03
SABANALARGA,2021,0.0,430759.63,30.71,0.0
SABANALARGA,2021,0.0,430759.63,0.0,0.0
SABANALARGA,2021,0.0,430759.63,0.0,24.03
SABANALARGA,2021,0.0,430759.63,0.0,0.0
SABANALARGA,2021,0.0,0.0,0.0,0.0
SABANALARGA,2021,0.0,0.0,0.0,24.03
SABANALARGA,2021,0.0,0.0,0.0,0.0
SABANALARGA,2021,0.0,0.0,30.71,0.0
SABANALARGA,2021,0.0,0.0,30.71,24.03
SABANALARGA,2021,0.0,0.0,30.71,0.0
SABANALARGA,2021,0.0,0.0,0.0,0.0
SABANALARGA,2021,0.0,0.0,0.0,24.03
SABANALARGA,2021,0.0,0.0,0.0,0.0
SABANALARGA,2022,0.0,0.0,0.0,0.0
SABANALARGA,2022,0.0,0.0,0.0,23.86
SABANALARGA,2022,0.0,0.0,0.0,0.0
SABANALARGA,2022,0.0,0.0,30.59,0.0
SABANALARGA,2022,0.0,0.0,30.59,23.86
SABANALARGA,2022,0.0,0.0,30.59,0.0
SABANALARGA,2022,0.0,0.0,0.0,0.0
SABANALARGA,2022,0.0,0.0,0.0,23.86
SABANALARGA,2022,0.0,0.0,0.0,0.0
SABANALARGA,2022,0.0,568303.69,0.0,0.0
SABANALARGA,2022,0.0,568303.69,0.0,23.86
SABANALARGA,2022,0.0,568303.69,0.0,0.0
SABANALARGA,2022,0.0,568303.69,30.59,0.0
SABANALARGA,2022,0.0,568303.69,30.59,23.86
SABANALARGA,2022,0.0,568303.69,30.59,0.0
SABANALARGA,2022,0.0,568303.69,0.0,0.0
SABANALARGA,2022,0.0,568303.69,0.0,23.86
SABANALARGA,2022,0.0,568303.69,0.0,0.0
SABANALARGA,2022,0.0,0.0,0.0,0.0
SABANALARGA,2022,0.0,0.0,0.0,23.86
SABANALARGA,2022,0.0,0.0,0.0,0.0
SABANALARGA,2022,0.0,0.0,30.59,0.0
SABANALARGA,2022,0.0,0.0,30.59,23.86
SABANALARGA,2022,0.0,0.0,30.59,0.0
SABANALARGA,2022,0.0,0.0,0.0,0.0
SABANALARGA,2022,0.0,0.0,0.0,23.86
SABANALARGA,2022,0.0,0.0,0.0,0.0
SABANALARGA,2022,91.05,0.0,0.0,0.0
SABANALARGA,2022,91.05,0.0,0.0,23.86
SABANALARGA,2022,91.05,0.0,0.0,0.0
SABANALARGA,2022,91.05,0.0,30.59,0.0
SABANALARGA,2022,91.05,0.0,30.59,23.86
SABANALARGA,2022,91.05,0.0,30.59,0.0
SABANALARGA,2022,91.05,0.0,0.0,0.0
SABANALARGA,2022,91.05,0.0,0.0,23.86
SABANALARGA,2022,91.05,0.0,0.0,0.0
SABANALARGA,2022,91.05,568303.69,0.0,0.0
SABANALARGA,2022,91.05,568303.69,0.0,23.86
SABANALARGA,2022,91.05,568303.69,0.0,0.0
SABANALARGA,2022,91.05,568303.69,30.59,0.0
SABANALARGA,2022,91.05,568303.69,30.59,23.86
SABANALARGA,2022,91.05,568303.69,30.59,0.0
SABANALARGA,2022,91.05,568303.69,0.0,0.0
SABANALARGA,2022,91.05,568303.69,0.0,23.86
SABANALARGA,2022,91.05,568303.69,0.0,0.0
SABANALARGA,2022,91.05,0.0,0.0,0.0
SABANALARGA,2022,91.05,0.0,0.0,23.86
SABANALARGA,2022,91.05,0.0,0.0,0.0
SABANALARGA,2022,91.05,0.0,30.59,0.0
SABANALARGA,2022,91.05,0.0,30.59,23.86
SABANALARGA,2022,91.05,0.0,30.59,0.0
SABANALARGA,2022,91.05,0.0,0.0,0.0
SABANALARGA,2022,91.05,0.0,0.0,23.86
SABANALARGA,2022,91.05,0.0,0.0,0.0
SABANALARGA,2022,0.0,0.0,0.0,0.0
SABANALARGA,2022,0.0,0.0,0.0,23.86
SABANALARGA,2022,0.0,0.0,0.0,0.0
SABANALARGA,2022,0.0,0.0,30.59,0.0
SABANALARGA,2022,0.0,0.0,30.59,23.86
SABANALARGA,2022,0.0,0.0,30.59,0.0
SABANALARGA,2022,0.0,0.0,0.0,0.0
SABANALARGA,2022,0.0,0.0,0.0,23.86
SABANALARGA,2022,0.0,0.0,0.0,0.0
SABANALARGA,2022,0.0,568303.69,0.0,0.0
SABANALARGA,2022,0.0,568303.69,0.0,23.86
SABANALARGA,2022,0.0,568303.69,0.0,0.0
SABANALARGA,2022,0.0,568303.69,30.59,0.0
SABANALARGA,2022,0.0,568303.69,30.59,23.86
SABANALARGA,2022,0.0,568303.69,30.59,0.0
SABANALARGA,2022,0.0,568303.69,0.0,0.0
SABANALARGA,2022,0.0,568303.69,0.0,23.86
SABANALARGA,2022,0.0,568303.69,0.0,0.0
SABANALARGA,2022,0.0,0.0,0.0,0.0
SABANALARGA,2022,0.0,0.0,0.0,23.86
SABANALARGA,2022,0.0,0.0,0.0,0.0
SABANALARGA,2022,0.0,0.0,30.59,0.0
SABANALARGA,2022,0.0,0.0,30.59,23.86
SABANALARGA,2022,0.0,0.0,30.59,0.0
SABANALARGA,2022,0.0,0.0,0.0,0.0
SABANALARGA,2022,0.0,0.0,0.0,23.86
SABANALARGA,2022,0.0,0.0,0.0,0.0
SABANALARGA,2023,0.0,0.0,0.0,0.0
SABANALARGA,2023,0.0,0.0,0.0,24.39
SABANALARGA,2023,0.0,0.0,0.0,0.0
SABANALARGA,2023,0.0,0.0,31.43,0.0
SABANALARGA,2023,0.0,0.0,31.43,24.39
SABANALARGA,2023,0.0,0.0,31.43,0.0
SABANALARGA,2023,0.0,0.0,0.0,0.0
SABANALARGA,2023,0.0,0.0,0.0,24.39
SABANALARGA,2023,0.0,0.0,0.0,0.0
SABANALARGA,2023,0.0,372214.75,0.0,0.0
SABANALARGA,2023,0.0,372214.75,0.0,24.39
SABANALARGA,2023,0.0,372214.75,0.0,0.0
SABANALARGA,2023,0.0,372214.75,31.43,0.0
SABANALARGA,2023,0.0,372214.75,31.43,24.39
SABANALARGA,2023,0.0,372214.75,31.43,0.0
SABANALARGA,2023,0.0,372214.75,0.0,0.0
SABANALARGA,2023,0.0,372214.75,0.0,24.39
SABANALARGA,2023,0.0,372214.75,0.0,0.0
SABANALARGA,2023,0.0,0.0,0.0,0.0
SABANALARGA,2023,0.0,0.0,0.0,24.39
SABANALARGA,2023,0.0,0.0,0.0,0.0
SABANALARGA,2023,0.0,0.0,31.43,0.0
SABANALARGA,2023,0.0,0.0,31.43,24.39
SABANALARGA,2023,0.0,0.0,31.43,0.0
SABANALARGA,2023,0.0,0.0,0.0,0.0
SABANALARGA,2023,0.0,0.0,0.0,24.39
SABANALARGA,2023,0.0,0.0,0.0,0.0
SABANALARGA,2023,90.23,0.0,0.0,0.0
SABANALARGA,2023,90.23,0.0,0.0,24.39
SABANALARGA,2023,90.23,0.0,0.0,0.0
SABANALARGA,2023,90.23,0.0,31.43,0.0
SABANALARGA,2023,90.23,0.0,31.43,24.39
SABANALARGA,2023,90.23,0.0,31.43,0.0
SABANALARGA,2023,90.23,0.0,0.0,0.0
SABANALARGA,2023,90.23,0.0,0.0,24.39
SABANALARGA,2023,90.23,0.0,0.0,0.0
SABANALARGA,2023,90.23,372214.75,0.0,0.0
SABANALARGA,2023,90.23,372214.75,0.0,24.39
SABANALARGA,2023,90.23,372214.75,0.0,0.0
SABANALARGA,2023,90.23,372214.75,31.43,0.0
SABANALARGA,2023,90.23,372214.75,31.43,24.39
SABANALARGA,2023,90.23,372214.75,31.43,0.0
SABANALARGA,2023,90.23,372214.75,0.0,0.0
SABANALARGA,2023,90.23,372214.75,0.0,24.39
SABANALARGA,2023,90.23,372214.75,0.0,0.0
SABANALARGA,2023,90.23,0.0,0.0,0.0
SABANALARGA,2023,90.23,0.0,0.0,24.39
SABANALARGA,2023,90.23,0.0,0.0,0.0
SABANALARGA,2023,90.23,0.0,31.43,0.0
SABANALARGA,2023,90.23,0.0,31.43,24.39
SABANALARGA,2023,90.23,0.0,31.43,0.0
SABANALARGA,2023,90.23,0.0,0.0,0.0
SABANALARGA,2023,90.23,0.0,0.0,24.39
SABANALARGA,2023,90.23,0.0,0.0,0.0
SABANALARGA,2023,0.0,0.0,0.0,0.0
SABANALARGA,2023,0.0,0.0,0.0,24.39
SABANALARGA,2023,0.0,0.0,0.0,0.0
SABANALARGA,2023,0.0,0.0,31.43,0.0
SABANALARGA,2023,0.0,0.0,31.43,24.39
SABANALARGA,2023,0.0,0.0,31.43,0.0
SABANALARGA,2023,0.0,0.0,0.0,0.0
SABANALARGA,2023,0.0,0.0,0.0,24.39
SABANALARGA,2023,0.0,0.0,0.0,0.0
SABANALARGA,2023,0.0,372214.75,0.0,0.0
SABANALARGA,2023,0.0,372214.75,0.0,24.39
SABANALARGA,2023,0.0,372214.75,0.0,0.0
SABANALARGA,2023,0.0,372214.75,31.43,0.0
SABANALARGA,2023,0.0,372214.75,31.43,24.39
SABANALARGA,2023,0.0,372214.75,31.43,0.0
SABANALARGA,2023,0.0,372214.75,0.0,0.0
SABANALARGA,2023,0.0,372214.75,0.0,24.39
SABANALARGA,2023,0.0,372214.75,0.0,0.0
SABANALARGA,2023,0.0,0.0,0.0,0.0
SABANALARGA,2023,0.0,0.0,0.0,24.39
SABANALARGA,2023,0.0,0.0,0.0,0.0
SABANALARGA,2023,0.0,0.0,31.43,0.0
SABANALARGA,2023,0.0,0.0,31.43,24.39
SABANALARGA,2023,0.0,0.0,31.43,0.0
SABANALARGA,2023,0.0,0.0,0.0,0.0
SABANALARGA,2023,0.0,0.0,0.0,24.39
SABANALARGA,2023,0.0,0.0,0.0,0.0
SABANAS DE SAN ÁNGEL,2017,87.82,0.0,0.0,0.0
SABANAS DE SAN ÁNGEL,2018,0.0,277005.03,0.0,0.0
SABANAS DE SAN ÁNGEL,2019,0.0,0.0,0.0,0.0
SABANAS DE SAN ÁNGEL,2020,0.0,0.0,0.0,0.0
SABANAS DE SAN ÁNGEL,2021,0.0,0.0,0.0,0.0
SABANAS DE SAN ÁNGEL,2022,0.0,0.0,0.0,0.0
SABANAS DE SAN ÁNGEL,2023,0.0,0.0,0.0,0.0
SABANETA,2017,,,,
SABANETA,2018,,,,
SABANETA,2019,,,,
SABANETA,2020,,,,
SABANETA,2021,,,,
SABANETA,2022,,,,
SABANETA,2023,,,,
SABOYÁ,2017,89.47,0.0,0.0,0.0
SABOYÁ,2018,0.0,351191.14,0.0,0.0
SABOYÁ,2019,0.0,0.0,0.0,0.0
SABOYÁ,2020,0.0,0.0,0.0,0.0
SABOYÁ,2021,0.0,0.0,0.0,0.0
SABOYÁ,2022,0.0,0.0,0.0,0.0
SABOYÁ,2023,0.0,0.0,0.0,0.0
SAHAGÚN,2017,0.0,0.0,0.0,0.0
SAHAGÚN,2018,0.0,0.0,0.0,0.0
SAHAGÚN,2019,0.0,0.0,0.0,0.0
SAHAGÚN,2020,0.0,0.0,0.0,0.0
SAHAGÚN,2021,0.0,0.0,0.0,0.0
SAHAGÚN,2022,0.0,0.0,0.0,0.0
SAHAGÚN,2023,0.0,0.0,0.0,0.0
SALADOBLANCO,2017,0.0,0.0,0.0,0.0
SALADOBLANCO,2018,0.0,0.0,0.0,0.0
SALADOBLANCO,2019,0.0,0.0,0.0,0.0
SALADOBLANCO,2020,0.0,0.0,0.0,0.0
SALADOBLANCO,2021,0.0,0.0,0.0,0.0
SALADOBLANCO,2022,0.0,0.0,0.0,0.0
SALADOBLANCO,2023,0.0,0.0,0.0,0.0
SALAMINA,2017,0.0,0.0,0.0,0.0
SALAMINA,2017,0.0,0.0,0.0,24.54
SALAMINA,2017,0.0,0.0,31.84,0.0
SALAMINA,2017,0.0,0.0,31.84,24.54
SALAMINA,2017,0.0,391557.7,0.0,0.0
SALAMINA,2017,0.0,391557.7,0.0,24.54
SALAMINA,2017,0.0,391557.7,31.84,0.0
SALAMINA,2017,0.0,391557.7,31.84,24.54
SALAMINA,2017,90.28,0.0,0.0,0.0
SALAMINA,2017,90.28,0.0,0.0,24.54
SALAMINA,2017,90.28,0.0,31.84,0.0
SALAMINA,2017,90.28,0.0,31.84,24.54
SALAMINA,2017,90.28,391557.7,0.0,0.0
SALAMINA,2017,90.28,391557.7,0.0,24.54
SALAMINA,2017,90.28,391557.7,31.84,0.0
SALAMINA,2017,90.28,391557.7,31.84,24.54
SALAMINA,2018,0.0,0.0,0.0,0.0
SALAMINA,2018,0.0,0.0,0.0,24.48
SALAMINA,2018,0.0,0.0,31.82,0.0
SALAMINA,2018,0.0,0.0,31.82,24.48
SALAMINA,2018,0.0,334465.05,0.0,0.0
SALAMINA,2018,0.0,334465.05,0.0,24.48
SALAMINA,2018,0.0,334465.05,31.82,0.0
SALAMINA,2018,0.0,334465.05,31.82,24.48
SALAMINA,2018,90.27,0.0,0.0,0.0
SALAMINA,2018,90.27,0.0,0.0,24.48
SALAMINA,2018,90.27,0.0,31.82,0.0
SALAMINA,2018,90.27,0.0,31.82,24.48
SALAMINA,2018,90.27,334465.05,0.0,0.0
SALAMINA,2018,90.27,334465.05,0.0,24.48
SALAMINA,2018,90.27,334465.05,31.82,0.0
SALAMINA,2018,90.27,334465.05,31.82,24.48
SALAMINA,2019,0.0,0.0,0.0,0.0
SALAMINA,2019,0.0,0.0,0.0,24.75
SALAMINA,2019,0.0,0.0,32.01,0.0
SALAMINA,2019,0.0,0.0,32.01,24.75
SALAMINA,2019,0.0,305777.88,0.0,0.0
SALAMINA,2019,0.0,305777.88,0.0,24.75
SALAMINA,2019,0.0,305777.88,32.01,0.0
SALAMINA,2019,0.0,305777.88,32.01,24.75
SALAMINA,2019,89.95,0.0,0.0,0.0
SALAMINA,2019,89.95,0.0,0.0,24.75
SALAMINA,2019,89.95,0.0,32.01,0.0
SALAMINA,2019,89.95,0.0,32.01,24.75
SALAMINA,2019,89.95,305777.88,0.0,0.0
SALAMINA,2019,89.95,305777.88,0.0,24.75
SALAMINA,2019,89.95,305777.88,32.01,0.0
SALAMINA,2019,89.95,305777.88,32.01,24.75
SALAMINA,2020,0.0,0.0,0.0,0.0
SALAMINA,2020,0.0,0.0,0.0,24.52
SALAMINA,2020,0.0,0.0,31.59,0.0
SALAMINA,2020,0.0,0.0,31.59,24.52
SALAMINA,2020,0.0,381519.74,0.0,0.0
SALAMINA,2020,0.0,381519.74,0.0,24.52
SALAMINA,2020,0.0,381519.74,31.59,0.0
SALAMINA,2020,0.0,381519.74,31.59,24.52
SALAMINA,2020,90.2,0.0,0.0,0.0
SALAMINA,2020,90.2,0.0,0.0,24.52
SALAMINA,2020,90.2,0.0,31.59,0.0
SALAMINA,2020,90.2,0.0,31.59,24.52
SALAMINA,2020,90.2,381519.74,0.0,0.0
SALAMINA,2020,90.2,381519.74,0.0,24.52
SALAMINA,2020,90.2,381519.74,31.59,0.0
SALAMINA,2020,90.2,381519.74,31.59,24.52
SALAMINA,2021,0.0,0.0,0.0,0.0
SALAMINA,2021,0.0,0.0,0.0,24.36
SALAMINA,2021,0.0,0.0,31.51,0.0
SALAMINA,2021,0.0,0.0,31.51,24.36
SALAMINA,2021,0.0,373539.16,0.0,0.0
SALAMINA,2021,0.0,373539.16,0.0,24.36
SALAMINA,2021,0.0,373539.16,31.51,0.0
SALAMINA,2021,0.0,373539.16,31.51,24.36
SALAMINA,2021,90.17,0.0,0.0,0.0
SALAMINA,2021,90.17,0.0,0.0,24.36
SALAMINA,2021,90.17,0.0,31.51,0.0
SALAMINA,2021,90.17,0.0,31.51,24.36
SALAMINA,2021,90.17,373539.16,0.0,0.0
SALAMINA,2021,90.17,373539.16,0.0,24.36
SALAMINA,2021,90.17,373539.16,31.51,0.0
SALAMINA,2021,90.17,373539.16,31.51,24.36
SALAMINA,2022,0.0,0.0,0.0,0.0
SALAMINA,2022,0.0,0.0,0.0,24.15
SALAMINA,2022,0.0,0.0,31.29,0.0
SALAMINA,2022,0.0,0.0,31.29,24.15
SALAMINA,2022,0.0,463243.66,0.0,0.0
SALAMINA,2022,0.0,463243.66,0.0,24.15
SALAMINA,2022,0.0,463243.66,31.29,0.0
SALAMINA,2022,0.0,463243.66,31.29,24.15
SALAMINA,2022,91.15,0.0,0.0,0.0
SALAMINA,2022,91.15,0.0,0.0,24.15
SALAMINA,2022,91.15,0.0,31.29,0.0
SALAMINA,2022,91.15,0.0,31.29,24.15
SALAMINA,2022,91.15,463243.66,0.0,0.0
SALAMINA,2022,91.15,463243.66,0.0,24.15
SALAMINA,2022,91.15,463243.66,31.29,0.0
SALAMINA,2022,91.15,463243.66,31.29,24.15
SALAMINA,2023,0.0,0.0,0.0,0.0
SALAMINA,2023,0.0,0.0,0.0,24.75
SALAMINA,2023,0.0,0.0,32.25,0.0
SALAMINA,2023,0.0,0.0,32.25,24.75
SALAMINA,2023,0.0,340193.49,0.0,0.0
SALAMINA,2023,0.0,340193.49,0.0,24.75
SALAMINA,2023,0.0,340193.49,32.25,0.0
SALAMINA,2023,0.0,340193.49,32.25,24.75
SALAMINA,2023,90.06,0.0,0.0,0.0
SALAMINA,2023,90.06,0.0,0.0,24.75
SALAMINA,2023,90.06,0.0,32.25,0.0
SALAMINA,2023,90.06,0.0,32.25,24.75
SALAMINA,2023,90.06,340193.49,0.0,0.0
SALAMINA,2023,90.06,340193.49,0.0,24.75
SALAMINA,2023,90.06,340193.49,32.25,0.0
SALAMINA,2023,90.06,340193.49,32.25,24.75
SALAZAR,2017,83.2,0.0,0.0,0.0
SALAZAR,2018,0.0,264870.44,0.0,0.0
SALAZAR,2019,0.0,0.0,0.0,0.0
SALAZAR,2020,0.0,0.0,0.0,0.0
SALAZAR,2021,0.0,0.0,0.0,0.0
SALAZAR,2022,0.0,0.0,0.0,0.0
SALAZAR,2023,0.0,0.0,0.0,0.0
SALDAÑA,2017,84.12,0.0,0.0,0.0
SALDAÑA,2018,0.0,151287.58,0.0,0.0
SALDAÑA,2019,0.0,0.0,0.0,0.0
SALDAÑA,2020,0.0,0.0,0.0,0.0
SALDAÑA,2021,0.0,0.0,0.0,0.0
SALDAÑA,2022,0.0,0.0,0.0,0.0
SALDAÑA,2023,0.0,0.0,0.0,0.0
SALENTO,2017,0.0,0.0,0.0,0.0
SALENTO,2018,0.0,0.0,0.0,0.0
SALENTO,2019,0.0,0.0,0.0,0.0
SALENTO,2020,0.0,0.0,0.0,0.0
SALENTO,2021,0.0,0.0,0.0,0.0
SALENTO,2022,0.0,0.0,0.0,0.0
SALENTO,2023,0.0,0.0,0.0,0.0
SALGAR,2017,0.0,0.0,0.0,0.0
SALGAR,2018,0.0,0.0,0.0,0.0
SALGAR,2019,0.0,0.0,0.0,0.0
SALGAR,2020,0.0,0.0,0.0,0.0
SALGAR,2021,0.0,0.0,0.0,0.0
SALGAR,2022,0.0,0.0,0.0,0.0
SALGAR,2023,0.0,0.0,0.0,0.0
SAMACÁ,2017,92.1,0.0,0.0,0.0
SAMACÁ,2018,0.0,351404.19,0.0,0.0
SAMACÁ,2019,0.0,0.0,0.0,0.0
SAMACÁ,2020,0.0,0.0,0.0,0.0
SAMACÁ,2021,0.0,0.0,0.0,0.0
SAMACÁ,2022,0.0,0.0,0.0,0.0
SAMACÁ,2023,0.0,0.0,0.0,0.0
SAMANIEGO,2017,0.0,0.0,0.0,0.0
SAMANIEGO,2018,0.0,0.0,0.0,0.0
SAMANIEGO,2019,0.0,0.0,0.0,0.0
SAMANIEGO,2020,0.0,0.0,0.0,0.0
SAMANIEGO,2021,0.0,0.0,0.0,0.0
SAMANIEGO,2022,0.0,0.0,0.0,0.0
SAMANIEGO,2023,0.0,0.0,0.0,0.0
SAMANÁ,2017,95.27,0.0,0.0,0.0
SAMANÁ,2018,0.0,323855.13,0.0,0.0
SAMANÁ,2019,0.0,0.0,0.0,0.0
SAMANÁ,2020,0.0,0.0,0.0,0.0
SAMANÁ,2021,0.0,0.0,0.0,0.0
SAMANÁ,2022,0.0,0.0,0.0,0.0
SAMANÁ,2023,0.0,0.0,0.0,0.0
SAMPUÉS,2017,0.0,0.0,0.0,0.0
SAMPUÉS,2018,0.0,0.0,0.0,0.0
SAMPUÉS,2019,0.0,0.0,0.0,0.0
SAMPUÉS,2020,0.0,0.0,0.0,0.0
SAMPUÉS,2021,0.0,0.0,0.0,0.0
SAMPUÉS,2022,0.0,0.0,0.0,0.0
SAMPUÉS,2023,0.0,0.0,0.0,0.0
SAN AGUSTÍN,2017,0.0,0.0,0.0,0.0
SAN AGUSTÍN,2018,0.0,0.0,0.0,0.0
SAN AGUSTÍN,2019,0.0,0.0,0.0,0.0
SAN AGUSTÍN,2020,0.0,0.0,0.0,0.0
SAN AGUSTÍN,2021,0.0,0.0,0.0,0.0
SAN AGUSTÍN,2022,0.0,0.0,0.0,0.0
SAN AGUSTÍN,2023,0.0,0.0,0.0,0.0
SAN ALBERTO,2017,88.66,0.0,0.0,0.0
SAN ALBERTO,2018,0.0,1115684.38,0.0,0.0
SAN ALBERTO,2019,0.0,0.0,0.0,0.0
SAN ALBERTO,2020,0.0,0.0,0.0,0.0
SAN ALBERTO,2021,0.0,0.0,0.0,0.0
SAN ALBERTO,2022,0.0,0.0,0.0,0.0
SAN ALBERTO,2023,0.0,0.0,0.0,0.0
SAN ANDRÉS,2017,88.57,0.0,0.0,0.0
SAN ANDRÉS,2017,88.57,0.0,0.0,
SAN ANDRÉS,2017,88.57,0.0,,0.0
SAN ANDRÉS,2017,88.57,0.0,,
SAN ANDRÉS,2017,88.57,,0.0,0.0
SAN ANDRÉS,2017,88.57,,0.0,
SAN ANDRÉS,2017,88.57,,,0.0
SAN ANDRÉS,2017,88.57,,,
SAN ANDRÉS,2017,,0.0,0.0,0.0
SAN ANDRÉS,2017,,0.0,0.0,
SAN ANDRÉS,2017,,0.0,,0.0
SAN ANDRÉS,2017,,0.0,,
SAN ANDRÉS,2017,,,0.0,0.0
SAN ANDRÉS,2017,,,0.0,
SAN ANDRÉS,2017,,,,0.0
SAN ANDRÉS,2017,,,,
SAN ANDRÉS,2018,0.0,995744.61,0.0,0.0
SAN ANDRÉS,2018,0.0,995744.61,0.0,
SAN ANDRÉS,2018,0.0,995744.61,,0.0
SAN ANDRÉS,2018,0.0,995744.61,,
SAN ANDRÉS,2018,0.0,,0.0,0.0
SAN ANDRÉS,2018,0.0,,0.0,
SAN ANDRÉS,2018,0.0,,,0.0
SAN ANDRÉS,2018,0.0,,,
SAN ANDRÉS,2018,,995744.61,0.0,0.0
SAN ANDRÉS,2018,,995744.61,0.0,
SAN ANDRÉS,2018,,995744.61,,0.0
SAN ANDRÉS,2018,,995744.61,,
SAN ANDRÉS,2018,,,0.0,0.0
SAN ANDRÉS,2018,,,0.0,
SAN ANDRÉS,2018,,,,0.0
SAN ANDRÉS,2018,,,,
SAN ANDRÉS,2019,0.0,0.0,0.0,0.0
SAN ANDRÉS,2019,0.0,0.0,0.0,
SAN ANDRÉS,2019,0.0,0.0,,0.0
SAN ANDRÉS,2019,0.0,0.0,,
SAN ANDRÉS,2019,0.0,,0.0,0.0
SAN ANDRÉS,2019,0.0,,0.0,
SAN ANDRÉS,2019,0.0,,,0.0
SAN ANDRÉS,2019,0.0,,,
SAN ANDRÉS,2019,,0.0,0.0,0.0
SAN ANDRÉS,2019,,0.0,0.0,
SAN ANDRÉS,2019,,0.0,,0.0
SAN ANDRÉS,2019,,0.0,,
SAN ANDRÉS,2019,,,0.0,0.0
SAN ANDRÉS,2019,,,0.0,
SAN ANDRÉS,2019,,,,0.0
SAN ANDRÉS,2019,,,,
SAN ANDRÉS,2020,0.0,0.0,0.0,0.0
SAN ANDRÉS,2020,0.0,0.0,0.0,
SAN ANDRÉS,2020,0.0,0.0,,0.0
SAN ANDRÉS,2020,0.0,0.0,,
SAN ANDRÉS,2020,0.0,,0.0,0.0
SAN ANDRÉS,2020,0.0,,0.0,
SAN ANDRÉS,2020,0.0,,,0.0
SAN ANDRÉS,2020,0.0,,,
SAN ANDRÉS,2020,,0.0,0.0,0.0
SAN ANDRÉS,2020,,0.0,0.0,
SAN ANDRÉS,2020,,0.0,,0.0
SAN ANDRÉS,2020,,0.0,,
SAN ANDRÉS,2020,,,0.0,0.0
SAN ANDRÉS,2020,,,0.0,
SAN ANDRÉS,2020,,,,0.0
SAN ANDRÉS,2020,,,,
SAN ANDRÉS,2021,0.0,0.0,0.0,0.0
SAN ANDRÉS,2021,0.0,0.0,0.0,
SAN ANDRÉS,2021,0.0,0.0,,0.0
SAN ANDRÉS,2021,0.0,0.0,,
SAN ANDRÉS,2021,0.0,,0.0,0.0
SAN ANDRÉS,2021,0.0,,0.0,
SAN ANDRÉS,2021,0.0,,,0.0
SAN ANDRÉS,2021,0.0,,,
SAN ANDRÉS,2021,,0.0,0.0,0.0
SAN ANDRÉS,2021,,0.0,0.0,
SAN ANDRÉS,2021,,0.0,,0.0
SAN ANDRÉS,2021,,0.0,,
SAN ANDRÉS,2021,,,0.0,0.0
SAN ANDRÉS,2021,,,0.0,
SAN ANDRÉS,2021,,,,0.0
SAN ANDRÉS,2021,,,,
SAN ANDRÉS,2022,0.0,0.0,0.0,0.0
SAN ANDRÉS,2022,0.0,0.0,0.0,
SAN ANDRÉS,2022,0.0,0.0,,0.0
SAN ANDRÉS,2022,0.0,0.0,,
SAN ANDRÉS,2022,0.0,,0.0,0.0
SAN ANDRÉS,2022,0.0,,0.0,
SAN ANDRÉS,2022,0.0,,,0.0
SAN ANDRÉS,2022,0.0,,,
SAN ANDRÉS,2022,,0.0,0.0,0.0
SAN ANDRÉS,2022,,0.0,0.0,
SAN ANDRÉS,2022,,0.0,,0.0
SAN ANDRÉS,2022,,0.0,,
SAN ANDRÉS,2022,,,0.0,0.0
SAN ANDRÉS,2022,,,0.0,
SAN ANDRÉS,2022,,,,0.0
SAN ANDRÉS,2022,,,,
SAN ANDRÉS,2023,0.0,0.0,0.0,0.0
SAN ANDRÉS,2023,0.0,0.0,0.0,
SAN ANDRÉS,2023,0.0,0.0,,0.0
SAN ANDRÉS,2023,0.0,0.0,,
SAN ANDRÉS,2023,0.0,,0.0,0.0
SAN ANDRÉS,2023,0.0,,0.0,
SAN ANDRÉS,2023,0.0,,,0.0
SAN ANDRÉS,2023,0.0,,,
SAN ANDRÉS,2023,,0.0,0.0,0.0
SAN ANDRÉS,2023,,0.0,0.0,
SAN ANDRÉS,2023,,0.0,,0.0
SAN ANDRÉS,2023,,0.0,,
SAN ANDRÉS,2023,,,0.0,0.0
SAN ANDRÉS,2023,,,0.0,
SAN ANDRÉS,2023,,,,0.0
SAN ANDRÉS,2023,,,,
SAN ANDRÉS DE CUERQUÍA,2017,0.0,0.0,0.0,0.0
SAN ANDRÉS DE CUERQUÍA,2018,0.0,0.0,0.0,0.0
SAN ANDRÉS DE CUERQUÍA,2019,0.0,0.0,0.0,0.0
SAN ANDRÉS DE CUERQUÍA,2020,0.0,0.0,0.0,0.0
SAN ANDRÉS DE CUERQUÍA,2021,0.0,0.0,0.0,0.0
SAN ANDRÉS DE CUERQUÍA,2022,0.0,0.0,0.0,0.0
SAN ANDRÉS DE CUERQUÍA,2023,0.0,0.0,0.0,0.0
SAN ANDRÉS DE SOTAVENTO,2017,0.0,0.0,0.0,0.0
SAN ANDRÉS DE SOTAVENTO,2018,0.0,0.0,0.0,0.0
SAN ANDRÉS DE SOTAVENTO,2019,0.0,0.0,0.0,0.0
SAN ANDRÉS DE SOTAVENTO,2020,0.0,0.0,0.0,0.0
SAN ANDRÉS DE SOTAVENTO,2021,0.0,0.0,0.0,0.0
SAN ANDRÉS DE SOTAVENTO,2022,0.0,0.0,0.0,0.0
SAN ANDRÉS DE SOTAVENTO,2023,0.0,0.0,0.0,0.0
SAN ANDRÉS DE TUMACO,2017,0.0,0.0,0.0,0.0
SAN ANDRÉS DE TUMACO,2018,0.0,0.0,0.0,0.0
SAN ANDRÉS DE TUMACO,2019,0.0,0.0,0.0,0.0
SAN ANDRÉS DE TUMACO,2020,0.0,0.0,0.0,0.0
SAN ANDRÉS DE TUMACO,2021,0.0,0.0,0.0,0.0
SAN ANDRÉS DE TUMACO,2022,0.0,0.0,0.0,0.0
SAN ANDRÉS DE TUMACO,2023,0.0,0.0,0.0,0.0
SAN ANTERO,2017,0.0,0.0,0.0,0.0
SAN ANTERO,2018,0.0,0.0,0.0,0.0
SAN ANTERO,2019,0.0,0.0,0.0,0.0
SAN ANTERO,2020,0.0,0.0,0.0,0.0
SAN ANTERO,2021,0.0,0.0,0.0,0.0
SAN ANTERO,2022,0.0,0.0,0.0,0.0
SAN ANTERO,2023,0.0,0.0,0.0,0.0
SAN ANTONIO,2017,0.0,0.0,0.0,0.0
SAN ANTONIO,2018,0.0,0.0,0.0,0.0
SAN ANTONIO,2019,0.0,0.0,0.0,0.0
SAN ANTONIO,2020,0.0,0.0,0.0,0.0
SAN ANTONIO,2021,0.0,0.0,0.0,0.0
SAN ANTONIO,2022,0.0,0.0,0.0,0.0
SAN ANTONIO,2023,0.0,0.0,0.0,0.0
SAN ANTONIO DEL TEQUENDAMA,2017,,,,
SAN ANTONIO DEL TEQUENDAMA,2018,,,,
SAN ANTONIO DEL TEQUENDAMA,2019,,,,
SAN ANTONIO DEL TEQUENDAMA,2020,,,,
SAN ANTONIO DEL TEQUENDAMA,2021,,,,
SAN ANTONIO DEL TEQUENDAMA,2022,,,,
SAN ANTONIO DEL TEQUENDAMA,2023,,,,
SAN BENITO,2017,,,,
SAN BENITO,2018,,,,
SAN BENITO,2019,,,,
SAN BENITO,2020,,,,
SAN BENITO,2021,,,,
SAN BENITO,2022,,,,
SAN BENITO,2023,,,,
SAN BENITO ABAD,2017,84.65,0.0,0.0,0.0
SAN BENITO ABAD,2018,0.0,529739.7,0.0,0.0
SAN BENITO ABAD,2019,0.0,0.0,0.0,0.0
SAN BENITO ABAD,2020,0.0,0.0,0.0,0.0
SAN BENITO ABAD,2021,0.0,0.0,0.0,0.0
SAN BENITO ABAD,2022,0.0,0.0,0.0,0.0
SAN BENITO ABAD,2023,0.0,0.0,0.0,0.0
SAN BERNARDO,2017,87.95,0.0,0.0,0.0
SAN BERNARDO,2017,87.95,0.0,0.0,
SAN BERNARDO,2017,87.95,0.0,,0.0
SAN BERNARDO,2017,87.95,0.0,,
SAN BERNARDO,2017,87.95,,0.0,0.0
SAN BERNARDO,2017,87.95,,0.0,
SAN BERNARDO,2017,87.95,,,0.0
SAN BERNARDO,2017,87.95,,,
SAN BERNARDO,2017,,0.0,0.0,0.0
SAN BERNARDO,2017,,0.0,0.0,
SAN BERNARDO,2017,,0.0,,0.0
SAN BERNARDO,2017,,0.0,,
SAN BERNARDO,2017,,,0.0,0.0
SAN BERNARDO,2017,,,0.0,
SAN BERNARDO,2017,,,,0.0
SAN BERNARDO,2017,,,,
SAN BERNARDO,2018,0.0,3078611.89,0.0,0.0
SAN BERNARDO,2018,0.0,3078611.89,0.0,
SAN BERNARDO,2018,0.0,3078611.89,,0.0
SAN BERNARDO,2018,0.0,3078611.89,,
SAN BERNARDO,2018,0.0,,0.0,0.0
SAN BERNARDO,2018,0.0,,0.0,
SAN BERNARDO,2018,0.0,,,0.0
SAN BERNARDO,2018,0.0,,,
SAN BERNARDO,2018,,3078611.89,0.0,0.0
SAN BERNARDO,2018,,3078611.89,0.0,
SAN BERNARDO,2018,,3078611.89,,0.0
SAN BERNARDO,2018,,3078611.89,,
SAN BERNARDO,2018,,,0.0,0.0
SAN BERNARDO,2018,,,0.0,
SAN BERNARDO,2018,,,,0.0
SAN BERNARDO,2018,,,,
SAN BERNARDO,2019,0.0,0.0,0.0,0.0
SAN BERNARDO,2019,0.0,0.0,0.0,
SAN BERNARDO,2019,0.0,0.0,,0.0
SAN BERNARDO,2019,0.0,0.0,,
SAN BERNARDO,2019,0.0,,0.0,0.0
SAN BERNARDO,2019,0.0,,0.0,
SAN BERNARDO,2019,0.0,,,0.0
SAN BERNARDO,2019,0.0,,,
SAN BERNARDO,2019,,0.0,0.0,0.0
SAN BERNARDO,2019,,0.0,0.0,
SAN BERNARDO,2019,,0.0,,0.0
SAN BERNARDO,2019,,0.0,,
SAN BERNARDO,2019,,,0.0,0.0
SAN BERNARDO,2019,,,0.0,
SAN BERNARDO,2019,,,,0.0
SAN BERNARDO,2019,,,,
SAN BERNARDO,2020,0.0,0.0,0.0,0.0
SAN BERNARDO,2020,0.0,0.0,0.0,
SAN BERNARDO,2020,0.0,0.0,,0.0
SAN BERNARDO,2020,0.0,0.0,,
SAN BERNARDO,2020,0.0,,0.0,0.0
SAN BERNARDO,2020,0.0,,0.0,
SAN BERNARDO,2020,0.0,,,0.0
SAN BERNARDO,2020,0.0,,,
SAN BERNARDO,2020,,0.0,0.0,0.0
SAN BERNARDO,2020,,0.0,0.0,
SAN BERNARDO,2020,,0.0,,0.0
SAN BERNARDO,2020,,0.0,,
SAN BERNARDO,2020,,,0.0,0.0
SAN BERNARDO,2020,,,0.0,
SAN BERNARDO,2020,,,,0.0
SAN BERNARDO,2020,,,,
SAN BERNARDO,2021,0.0,0.0,0.0,0.0
SAN BERNARDO,2021,0.0,0.0,0.0,
SAN BERNARDO,2021,0.0,0.0,,0.0
SAN BERNARDO,2021,0.0,0.0,,
SAN BERNARDO,2021,0.0,,0.0,0.0
SAN BERNARDO,2021,0.0,,0.0,
SAN BERNARDO,2021,0.0,,,0.0
SAN BERNARDO,2021,0.0,,,
SAN BERNARDO,2021,,0.0,0.0,0.0
SAN BERNARDO,2021,,0.0,0.0,
SAN BERNARDO,2021,,0.0,,0.0
SAN BERNARDO,2021,,0.0,,
SAN BERNARDO,2021,,,0.0,0.0
SAN BERNARDO,2021,,,0.0,
SAN BERNARDO,2021,,,,0.0
SAN BERNARDO,2021,,,,
SAN BERNARDO,2022,0.0,0.0,0.0,0.0
SAN BERNARDO,2022,0.0,0.0,0.0,
SAN BERNARDO,2022,0.0,0.0,,0.0
SAN BERNARDO,2022,0.0,0.0,,
SAN BERNARDO,2022,0.0,,0.0,0.0
SAN BERNARDO,2022,0.0,,0.0,
SAN BERNARDO,2022,0.0,,,0.0
SAN BERNARDO,2022,0.0,,,
SAN BERNARDO,2022,,0.0,0.0,0.0
SAN BERNARDO,2022,,0.0,0.0,
SAN BERNARDO,2022,,0.0,,0.0
SAN BERNARDO,2022,,0.0,,
SAN BERNARDO,2022,,,0.0,0.0
SAN BERNARDO,2022,,,0.0,
SAN BERNARDO,2022,,,,0.0
SAN BERNARDO,2022,,,,
SAN BERNARDO,2023,0.0,0.0,0.0,0.0
SAN BERNARDO,2023,0.0,0.0,0.0,
SAN BERNARDO,2023,0.0,0.0,,0.0
SAN BERNARDO,2023,0.0,0.0,,
SAN BERNARDO,2023,0.0,,0.0,0.0
SAN BERNARDO,2023,0.0,,0.0,
SAN BERNARDO,2023,0.0,,,0.0
SAN BERNARDO,2023,0.0,,,
SAN BERNARDO,2023,,0.0,0.0,0.0
SAN BERNARDO,2023,,0.0,0.0,
SAN BERNARDO,2023,,0.0,,0.0
SAN BERNARDO,2023,,0.0,,
SAN BERNARDO,2023,,,0.0,0.0
SAN BERNARDO,2023,,,0.0,
SAN BERNARDO,2023,,,,0.0
SAN BERNARDO,2023,,,,
SAN BERNARDO DEL VIENTO,2017,0.0,0.0,0.0,0.0
SAN BERNARDO DEL VIENTO,2018,0.0,0.0,0.0,0.0
SAN BERNARDO DEL VIENTO,2019,0.0,0.0,0.0,0.0
SAN BERNARDO DEL VIENTO,2020,0.0,0.0,0.0,0.0
SAN BERNARDO DEL VIENTO,2021,0.0,0.0,0.0,0.0
SAN BERNARDO DEL VIENTO,2022,0.0,0.0,0.0,0.0
SAN BERNARDO DEL VIENTO,2023,0.0,0.0,0.0,0.0
SAN CALIXTO,2017,94.29,0.0,0.0,0.0
SAN CALIXTO,2018,0.0,227452.14,0.0,0.0
SAN CALIXTO,2019,0.0,0.0,0.0,0.0
SAN CALIXTO,2020,0.0,0.0,0.0,0.0
SAN CALIXTO,2021,0.0,0.0,0.0,0.0
SAN CALIXTO,2022,0.0,0.0,0.0,0.0
SAN CALIXTO,2023,0.0,0.0,0.0,0.0
SAN CARLOS,2017,94.57,0.0,0.0,0.0
SAN CARLOS,2017,94.57,0.0,0.0,0.0
SAN CARLOS,2017,94.57,0.0,0.0,0.0
SAN CARLOS,2017,94.57,0.0,0.0,0.0
SAN CARLOS,2017,94.57,0.0,0.0,0.0
SAN CARLOS,2017,94.57,0.0,0.0,0.0
SAN CARLOS,2017,94.57,0.0,0.0,0.0
SAN CARLOS,2017,94.57,0.0,0.0,0.0
SAN CARLOS,2017,0.0,0.0,0.0,0.0
SAN CARLOS,2017,0.0,0.0,0.0,0.0
SAN CARLOS,2017,0.0,0.0,0.0,0.0
SAN CARLOS,2017,0.0,0.0,0.0,0.0
SAN CARLOS,2017,0.0,0.0,0.0,0.0
SAN CARLOS,2017,0.0,0.0,0.0,0.0
SAN CARLOS,2017,0.0,0.0,0.0,0.0
SAN CARLOS,2017,0.0,0.0,0.0,0.0
SAN CARLOS,2018,0.0,516880.65,0.0,0.0
SAN CARLOS,2018,0.0,516880.65,0.0,0.0
SAN CARLOS,2018,0.0,516880.65,0.0,0.0
SAN CARLOS,2018,0.0,516880.65,0.0,0.0
SAN CARLOS,2018,0.0,0.0,0.0,0.0
SAN CARLOS,2018,0.0,0.0,0.0,0.0
SAN CARLOS,2018,0.0,0.0,0.0,0.0
SAN CARLOS,2018,0.0,0.0,0.0,0.0
SAN CARLOS,2018,0.0,516880.65,0.0,0.0
SAN CARLOS,2018,0.0,516880.65,0.0,0.0
SAN CARLOS,2018,0.0,516880.65,0.0,0.0
SAN CARLOS,2018,0.0,516880.65,0.0,0.0
SAN CARLOS,2018,0.0,0.0,0.0,0.0
SAN CARLOS,2018,0.0,0.0,0.0,0.0
SAN CARLOS,2018,0.0,0.0,0.0,0.0
SAN CARLOS,2018,0.0,0.0,0.0,0.0
SAN CARLOS,2019,0.0,0.0,0.0,0.0
SAN CARLOS,2019,0.0,0.0,0.0,0.0
SAN CARLOS,2019,0.0,0.0,0.0,0.0
SAN CARLOS,2019,0.0,0.0,0.0,0.0
SAN CARLOS,2019,0.0,0.0,0.0,0.0
SAN CARLOS,2019,0.0,0.0,0.0,0.0
SAN CARLOS,2019,0.0,0.0,0.0,0.0
SAN CARLOS,2019,0.0,0.0,0.0,0.0
SAN CARLOS,2019,0.0,0.0,0.0,0.0
SAN CARLOS,2019,0.0,0.0,0.0,0.0
SAN CARLOS,2019,0.0,0.0,0.0,0.0
SAN CARLOS,2019,0.0,0.0,0.0,0.0
SAN CARLOS,2019,0.0,0.0,0.0,0.0
SAN CARLOS,2019,0.0,0.0,0.0,0.0
SAN CARLOS,2019,0.0,0.0,0.0,0.0
SAN CARLOS,2019,0.0,0.0,0.0,0.0
SAN CARLOS,2020,0.0,0.0,0.0,0.0
SAN CARLOS,2020,0.0,0.0,0.0,0.0
SAN CARLOS,2020,0.0,0.0,0.0,0.0
SAN CARLOS,2020,0.0,0.0,0.0,0.0
SAN CARLOS,2020,0.0,0.0,0.0,0.0
SAN CARLOS,2020,0.0,0.0,0.0,0.0
SAN CARLOS,2020,0.0,0.0,0.0,0.0
SAN CARLOS,2020,0.0,0.0,0.0,0.0
SAN CARLOS,2020,0.0,0.0,0.0,0.0
SAN CARLOS,2020,0.0,0.0,0.0,0.0
SAN CARLOS,2020,0.0,0.0,0.0,0.0
SAN CARLOS,2020,0.0,0.0,0.0,0.0
SAN CARLOS,2020,0.0,0.0,0.0,0.0
SAN CARLOS,2020,0.0,0.0,0.0,0.0
SAN CARLOS,2020,0.0,0.0,0.0,0.0
SAN CARLOS,2020,0.0,0.0,0.0,0.0
SAN CARLOS,2021,0.0,0.0,0.0,0.0
SAN CARLOS,2021,0.0,0.0,0.0,0.0
SAN CARLOS,2021,0.0,0.0,0.0,0.0
SAN CARLOS,2021,0.0,0.0,0.0,0.0
SAN CARLOS,2021,0.0,0.0,0.0,0.0
SAN CARLOS,2021,0.0,0.0,0.0,0.0
SAN CARLOS,2021,0.0,0.0,0.0,0.0
SAN CARLOS,2021,0.0,0.0,0.0,0.0
SAN CARLOS,2021,0.0,0.0,0.0,0.0
SAN CARLOS,2021,0.0,0.0,0.0,0.0
SAN CARLOS,2021,0.0,0.0,0.0,0.0
SAN CARLOS,2021,0.0,0.0,0.0,0.0
SAN CARLOS,2021,0.0,0.0,0.0,0.0
SAN CARLOS,2021,0.0,0.0,0.0,0.0
SAN CARLOS,2021,0.0,0.0,0.0,0.0
SAN CARLOS,2021,0.0,0.0,0.0,0.0
SAN CARLOS,2022,0.0,0.0,0.0,0.0
SAN CARLOS,2022,0.0,0.0,0.0,0.0
SAN CARLOS,2022,0.0,0.0,0.0,0.0
SAN CARLOS,2022,0.0,0.0,0.0,0.0
SAN CARLOS,2022,0.0,0.0,0.0,0.0
SAN CARLOS,2022,0.0,0.0,0.0,0.0
SAN CARLOS,2022,0.0,0.0,0.0,0.0
SAN CARLOS,2022,0.0,0.0,0.0,0.0
SAN CARLOS,2022,0.0,0.0,0.0,0.0
SAN CARLOS,2022,0.0,0.0,0.0,0.0
SAN CARLOS,2022,0.0,0.0,0.0,0.0
SAN CARLOS,2022,0.0,0.0,0.0,0.0
SAN CARLOS,2022,0.0,0.0,0.0,0.0
SAN CARLOS,2022,0.0,0.0,0.0,0.0
SAN CARLOS,2022,0.0,0.0,0.0,0.0
SAN CARLOS,2022,0.0,0.0,0.0,0.0
SAN CARLOS,2023,0.0,0.0,0.0,0.0
SAN CARLOS,2023,0.0,0.0,0.0,0.0
SAN CARLOS,2023,0.0,0.0,0.0,0.0
SAN CARLOS,2023,0.0,0.0,0.0,0.0
SAN CARLOS,2023,0.0,0.0,0.0,0.0
SAN CARLOS,2023,0.0,0.0,0.0,0.0
SAN CARLOS,2023,0.0,0.0,0.0,0.0
SAN CARLOS,2023,0.0,0.0,0.0,0.0
SAN CARLOS,2023,0.0,0.0,0.0,0.0
SAN CARLOS,2023,0.0,0.0,0.0,0.0
SAN CARLOS,2023,0.0,0.0,0.0,0.0
SAN CARLOS,2023,0.0,0.0,0.0,0.0
SAN CARLOS,2023,0.0,0.0,0.0,0.0
SAN CARLOS,2023,0.0,0.0,0.0,0.0
SAN CARLOS,2023,0.0,0.0,0.0,0.0
SAN CARLOS,2023,0.0,0.0,0.0,0.0
SAN CARLOS DE GUAROA,2017,89.63,0.0,0.0,0.0
SAN CARLOS DE GUAROA,2018,0.0,564789.53,0.0,0.0
SAN CARLOS DE GUAROA,2019,0.0,0.0,0.0,0.0
SAN CARLOS DE GUAROA,2020,0.0,0.0,0.0,0.0
SAN CARLOS DE GUAROA,2021,0.0,0.0,0.0,0.0
SAN CARLOS DE GUAROA,2022,0.0,0.0,0.0,0.0
SAN CARLOS DE GUAROA,2023,0.0,0.0,0.0,0.0
SAN CAYETANO,2017,87.66,0.0,0.0,0.0
SAN CAYETANO,2017,87.66,0.0,0.0,0.0
SAN CAYETANO,2017,87.66,0.0,0.0,0.0
SAN CAYETANO,2017,87.66,0.0,0.0,0.0
SAN CAYETANO,2017,87.66,0.0,0.0,0.0
SAN CAYETANO,2017,87.66,0.0,0.0,0.0
SAN CAYETANO,2017,87.66,0.0,0.0,0.0
SAN CAYETANO,2017,87.66,0.0,0.0,0.0
SAN CAYETANO,2017,80.76,0.0,0.0,0.0
SAN CAYETANO,2017,80.76,0.0,0.0,0.0
SAN CAYETANO,2017,80.76,0.0,0.0,0.0
SAN CAYETANO,2017,80.76,0.0,0.0,0.0
SAN CAYETANO,2017,80.76,0.0,0.0,0.0
SAN CAYETANO,2017,80.76,0.0,0.0,0.0
SAN CAYETANO,2017,80.76,0.0,0.0,0.0
SAN CAYETANO,2017,80.76,0.0,0.0,0.0
SAN CAYETANO,2018,0.0,680668.67,0.0,0.0
SAN CAYETANO,2018,0.0,680668.67,0.0,0.0
SAN CAYETANO,2018,0.0,680668.67,0.0,0.0
SAN CAYETANO,2018,0.0,680668.67,0.0,0.0
SAN CAYETANO,2018,0.0,130570.52,0.0,0.0
SAN CAYETANO,2018,0.0,130570.52,0.0,0.0
SAN CAYETANO,2018,0.0,130570.52,0.0,0.0
SAN CAYETANO,2018,0.0,130570.52,0.0,0.0
SAN CAYETANO,2018,0.0,680668.67,0.0,0.0
SAN CAYETANO,2018,0.0,680668.67,0.0,0.0
SAN CAYETANO,2018,0.0,680668.67,0.0,0.0
SAN CAYETANO,2018,0.0,680668.67,0.0,0.0
SAN CAYETANO,2018,0.0,130570.52,0.0,0.0
SAN CAYETANO,2018,0.0,130570.52,0.0,0.0
SAN CAYETANO,2018,0.0,130570.52,0.0,0.0
SAN CAYETANO,2018,0.0,130570.52,0.0,0.0
SAN CAYETANO,2019,0.0,0.0,0.0,0.0
SAN CAYETANO,2019,0.0,0.0,0.0,0.0
SAN CAYETANO,2019,0.0,0.0,0.0,0.0
SAN CAYETANO,2019,0.0,0.0,0.0,0.0
SAN CAYETANO,2019,0.0,0.0,0.0,0.0
SAN CAYETANO,2019,0.0,0.0,0.0,0.0
SAN CAYETANO,2019,0.0,0.0,0.0,0.0
SAN CAYETANO,2019,0.0,0.0,0.0,0.0
SAN CAYETANO,2019,0.0,0.0,0.0,0.0
SAN CAYETANO,2019,0.0,0.0,0.0,0.0
SAN CAYETANO,2019,0.0,0.0,0.0,0.0
SAN CAYETANO,2019,0.0,0.0,0.0,0.0
SAN CAYETANO,2019,0.0,0.0,0.0,0.0
SAN CAYETANO,2019,0.0,0.0,0.0,0.0
SAN CAYETANO,2019,0.0,0.0,0.0,0.0
SAN CAYETANO,2019,0.0,0.0,0.0,0.0
SAN CAYETANO,2020,0.0,0.0,0.0,0.0
SAN CAYETANO,2020,0.0,0.0,0.0,0.0
SAN CAYETANO,2020,0.0,0.0,0.0,0.0
SAN CAYETANO,2020,0.0,0.0,0.0,0.0
SAN CAYETANO,2020,0.0,0.0,0.0,0.0
SAN CAYETANO,2020,0.0,0.0,0.0,0.0
SAN CAYETANO,2020,0.0,0.0,0.0,0.0
SAN CAYETANO,2020,0.0,0.0,0.0,0.0
SAN CAYETANO,2020,0.0,0.0,0.0,0.0
SAN CAYETANO,2020,0.0,0.0,0.0,0.0
SAN CAYETANO,2020,0.0,0.0,0.0,0.0
SAN CAYETANO,2020,0.0,0.0,0.0,0.0
SAN CAYETANO,2020,0.0,0.0,0.0,0.0
SAN CAYETANO,2020,0.0,0.0,0.0,0.0
SAN CAYETANO,2020,0.0,0.0,0.0,0.0
SAN CAYETANO,2020,0.0,0.0,0.0,0.0
SAN CAYETANO,2021,0.0,0.0,0.0,0.0
SAN CAYETANO,2021,0.0,0.0,0.0,0.0
SAN CAYETANO,2021,0.0,0.0,0.0,0.0
SAN CAYETANO,2021,0.0,0.0,0.0,0.0
SAN CAYETANO,2021,0.0,0.0,0.0,0.0
SAN CAYETANO,2021,0.0,0.0,0.0,0.0
SAN CAYETANO,2021,0.0,0.0,0.0,0.0
SAN CAYETANO,2021,0.0,0.0,0.0,0.0
SAN CAYETANO,2021,0.0,0.0,0.0,0.0
SAN CAYETANO,2021,0.0,0.0,0.0,0.0
SAN CAYETANO,2021,0.0,0.0,0.0,0.0
SAN CAYETANO,2021,0.0,0.0,0.0,0.0
SAN CAYETANO,2021,0.0,0.0,0.0,0.0
SAN CAYETANO,2021,0.0,0.0,0.0,0.0
SAN CAYETANO,2021,0.0,0.0,0.0,0.0
SAN CAYETANO,2021,0.0,0.0,0.0,0.0
SAN CAYETANO,2022,0.0,0.0,0.0,0.0
SAN CAYETANO,2022,0.0,0.0,0.0,0.0
SAN CAYETANO,2022,0.0,0.0,0.0,0.0
SAN CAYETANO,2022,0.0,0.0,0.0,0.0
SAN CAYETANO,2022,0.0,0.0,0.0,0.0
SAN CAYETANO,2022,0.0,0.0,0.0,0.0
SAN CAYETANO,2022,0.0,0.0,0.0,0.0
SAN CAYETANO,2022,0.0,0.0,0.0,0.0
SAN CAYETANO,2022,0.0,0.0,0.0,0.0
SAN CAYETANO,2022,0.0,0.0,0.0,0.0
SAN CAYETANO,2022,0.0,0.0,0.0,0.0
SAN CAYETANO,2022,0.0,0.0,0.0,0.0
SAN CAYETANO,2022,0.0,0.0,0.0,0.0
SAN CAYETANO,2022,0.0,0.0,0.0,0.0
SAN CAYETANO,2022,0.0,0.0,0.0,0.0
SAN CAYETANO,2022,0.0,0.0,0.0,0.0
SAN CAYETANO,2023,0.0,0.0,0.0,0.0
SAN CAYETANO,2023,0.0,0.0,0.0,0.0
SAN CAYETANO,2023,0.0,0.0,0.0,0.0
SAN CAYETANO,2023,0.0,0.0,0.0,0.0
SAN CAYETANO,2023,0.0,0.0,0.0,0.0
SAN CAYETANO,2023,0.0,0.0,0.0,0.0
SAN CAYETANO,2023,0.0,0.0,0.0,0.0
SAN CAYETANO,2023,0.0,0.0,0.0,0.0
SAN CAYETANO,2023,0.0,0.0,0.0,0.0
SAN CAYETANO,2023,0.0,0.0,0.0,0.0
SAN CAYETANO,2023,0.0,0.0,0.0,0.0
SAN CAYETANO,2023,0.0,0.0,0.0,0.0
SAN CAYETANO,2023,0.0,0.0,0.0,0.0
SAN CAYETANO,2023,0.0,0.0,0.0,0.0
SAN CAYETANO,2023,0.0,0.0,0.0,0.0
SAN CAYETANO,2023,0.0,0.0,0.0,0.0
SAN CRISTÓBAL,2017,,,,
SAN CRISTÓBAL,2018,,,,
SAN CRISTÓBAL,2019,,,,
SAN CRISTÓBAL,2020,,,,
SAN CRISTÓBAL,2021,,,,
SAN CRISTÓBAL,2022,,,,
SAN CRISTÓBAL,2023,,,,
SAN DIEGO,2017,75.65,0.0,0.0,0.0
SAN DIEGO,2018,0.0,642497.62,0.0,0.0
SAN DIEGO,2019,0.0,0.0,0.0,0.0
SAN DIEGO,2020,0.0,0.0,0.0,0.0
SAN DIEGO,2021,0.0,0.0,0.0,0.0
SAN DIEGO,2022,0.0,0.0,0.0,0.0
SAN DIEGO,2023,0.0,0.0,0.0,0.0
SAN EDUARDO,2017,,,,
SAN EDUARDO,2018,,,,
SAN EDUARDO,2019,,,,
SAN EDUARDO,2020,,,,
SAN EDUARDO,2021,,,,
SAN EDUARDO,2022,,,,
SAN EDUARDO,2023,,,,
SAN ESTANISLAO,2017,0.0,0.0,0.0,0.0
SAN ESTANISLAO,2018,0.0,0.0,0.0,0.0
SAN ESTANISLAO,2019,0.0,0.0,0.0,0.0
SAN ESTANISLAO,2020,0.0,0.0,0.0,0.0
SAN ESTANISLAO,2021,0.0,0.0,0.0,0.0
SAN ESTANISLAO,2022,0.0,0.0,0.0,0.0
SAN ESTANISLAO,2023,0.0,0.0,0.0,0.0
SAN FELIPE,2017,98.23,0.0,0.0,0.0
SAN FELIPE,2018,0.0,893180.82,0.0,0.0
SAN FELIPE,2019,0.0,0.0,0.0,0.0
SAN FELIPE,2020,0.0,0.0,0.0,0.0
SAN FELIPE,2021,0.0,0.0,0.0,0.0
SAN FELIPE,2022,0.0,0.0,0.0,0.0
SAN FELIPE,2023,0.0,0.0,0.0,0.0
SAN FERNANDO,2017,91.36,0.0,0.0,0.0
SAN FERNANDO,2018,0.0,587939.77,0.0,0.0
SAN FERNANDO,2019,0.0,0.0,0.0,0.0
SAN FERNANDO,2020,0.0,0.0,0.0,0.0
SAN FERNANDO,2021,0.0,0.0,0.0,0.0
SAN FERNANDO,2022,0.0,0.0,0.0,0.0
SAN FERNANDO,2023,0.0,0.0,0.0,0.0
SAN FRANCISCO,2017,95.73,0.0,0.0,0.0
SAN FRANCISCO,2017,95.73,0.0,0.0,0.0
SAN FRANCISCO,2017,95.73,0.0,0.0,0.0
SAN FRANCISCO,2017,95.73,0.0,0.0,0.0
SAN FRANCISCO,2017,95.73,0.0,0.0,0.0
SAN FRANCISCO,2017,95.73,0.0,0.0,0.0
SAN FRANCISCO,2017,95.73,0.0,0.0,0.0
SAN FRANCISCO,2017,95.73,0.0,0.0,0.0
SAN FRANCISCO,2017,95.73,0.0,0.0,0.0
SAN FRANCISCO,2017,95.73,0.0,0.0,0.0
SAN FRANCISCO,2017,95.73,0.0,0.0,0.0
SAN FRANCISCO,2017,95.73,0.0,0.0,0.0
SAN FRANCISCO,2017,95.73,0.0,0.0,0.0
SAN FRANCISCO,2017,95.73,0.0,0.0,0.0
SAN FRANCISCO,2017,95.73,0.0,0.0,0.0
SAN FRANCISCO,2017,95.73,0.0,0.0,0.0
SAN FRANCISCO,2017,95.73,0.0,0.0,0.0
SAN FRANCISCO,2017,95.73,0.0,0.0,0.0
SAN FRANCISCO,2017,95.73,0.0,0.0,0.0
SAN FRANCISCO,2017,95.73,0.0,0.0,0.0
SAN FRANCISCO,2017,95.73,0.0,0.0,0.0
SAN FRANCISCO,2017,95.73,0.0,0.0,0.0
SAN FRANCISCO,2017,95.73,0.0,0.0,0.0
SAN FRANCISCO,2017,95.73,0.0,0.0,0.0
SAN FRANCISCO,2017,95.73,0.0,0.0,0.0
SAN FRANCISCO,2017,95.73,0.0,0.0,0.0
SAN FRANCISCO,2017,95.73,0.0,0.0,0.0
SAN FRANCISCO,2017,86.3,0.0,0.0,0.0
SAN FRANCISCO,2017,86.3,0.0,0.0,0.0
SAN FRANCISCO,2017,86.3,0.0,0.0,0.0
SAN FRANCISCO,2017,86.3,0.0,0.0,0.0
SAN FRANCISCO,2017,86.3,0.0,0.0,0.0
SAN FRANCISCO,2017,86.3,0.0,0.0,0.0
SAN FRANCISCO,2017,86.3,0.0,0.0,0.0
SAN FRANCISCO,2017,86.3,0.0,0.0,0.0
SAN FRANCISCO,2017,86.3,0.0,0.0,0.0
SAN FRANCISCO,2017,86.3,0.0,0.0,0.0
SAN FRANCISCO,2017,86.3,0.0,0.0,0.0
SAN FRANCISCO,2017,86.3,0.0,0.0,0.0
SAN FRANCISCO,2017,86.3,0.0,0.0,0.0
SAN FRANCISCO,2017,86.3,0.0,0.0,0.0
SAN FRANCISCO,2017,86.3,0.0,0.0,0.0
SAN FRANCISCO,2017,86.3,0.0,0.0,0.0
SAN FRANCISCO,2017,86.3,0.0,0.0,0.0
SAN FRANCISCO,2017,86.3,0.0,0.0,0.0
SAN FRANCISCO,2017,86.3,0.0,0.0,0.0
SAN FRANCISCO,2017,86.3,0.0,0.0,0.0
SAN FRANCISCO,2017,86.3,0.0,0.0,0.0
SAN FRANCISCO,2017,86.3,0.0,0.0,0.0
SAN FRANCISCO,2017,86.3,0.0,0.0,0.0
SAN FRANCISCO,2017,86.3,0.0,0.0,0.0
SAN FRANCISCO,2017,86.3,0.0,0.0,0.0
SAN FRANCISCO,2017,86.3,0.0,0.0,0.0
SAN FRANCISCO,2017,86.3,0.0,0.0,0.0
SAN FRANCISCO,2017,0.0,0.0,0.0,0.0
SAN FRANCISCO,2017,0.0,0.0,0.0,0.0
SAN FRANCISCO,2017,0.0,0.0,0.0,0.0
SAN FRANCISCO,2017,0.0,0.0,0.0,0.0
SAN FRANCISCO,2017,0.0,0.0,0.0,0.0
SAN FRANCISCO,2017,0.0,0.0,0.0,0.0
SAN FRANCISCO,2017,0.0,0.0,0.0,0.0
SAN FRANCISCO,2017,0.0,0.0,0.0,0.0
SAN FRANCISCO,2017,0.0,0.0,0.0,0.0
SAN FRANCISCO,2017,0.0,0.0,0.0,0.0
SAN FRANCISCO,2017,0.0,0.0,0.0,0.0
SAN FRANCISCO,2017,0.0,0.0,0.0,0.0
SAN FRANCISCO,2017,0.0,0.0,0.0,0.0
SAN FRANCISCO,2017,0.0,0.0,0.0,0.0
SAN FRANCISCO,2017,0.0,0.0,0.0,0.0
SAN FRANCISCO,2017,0.0,0.0,0.0,0.0
SAN FRANCISCO,2017,0.0,0.0,0.0,0.0
SAN FRANCISCO,2017,0.0,0.0,0.0,0.0
SAN FRANCISCO,2017,0.0,0.0,0.0,0.0
SAN FRANCISCO,2017,0.0,0.0,0.0,0.0
SAN FRANCISCO,2017,0.0,0.0,0.0,0.0
SAN FRANCISCO,2017,0.0,0.0,0.0,0.0
SAN FRANCISCO,2017,0.0,0.0,0.0,0.0
SAN FRANCISCO,2017,0.0,0.0,0.0,0.0
SAN FRANCISCO,2017,0.0,0.0,0.0,0.0
SAN FRANCISCO,2017,0.0,0.0,0.0,0.0
SAN FRANCISCO,2017,0.0,0.0,0.0,0.0
SAN FRANCISCO,2018,0.0,437541.44,0.0,0.0
SAN FRANCISCO,2018,0.0,437541.44,0.0,0.0
SAN FRANCISCO,2018,0.0,437541.44,0.0,0.0
SAN FRANCISCO,2018,0.0,437541.44,0.0,0.0
SAN FRANCISCO,2018,0.0,437541.44,0.0,0.0
SAN FRANCISCO,2018,0.0,437541.44,0.0,0.0
SAN FRANCISCO,2018,0.0,437541.44,0.0,0.0
SAN FRANCISCO,2018,0.0,437541.44,0.0,0.0
SAN FRANCISCO,2018,0.0,437541.44,0.0,0.0
SAN FRANCISCO,2018,0.0,611407.82,0.0,0.0
SAN FRANCISCO,2018,0.0,611407.82,0.0,0.0
SAN FRANCISCO,2018,0.0,611407.82,0.0,0.0
SAN FRANCISCO,2018,0.0,611407.82,0.0,0.0
SAN FRANCISCO,2018,0.0,611407.82,0.0,0.0
SAN FRANCISCO,2018,0.0,611407.82,0.0,0.0
SAN FRANCISCO,2018,0.0,611407.82,0.0,0.0
SAN FRANCISCO,2018,0.0,611407.82,0.0,0.0
SAN FRANCISCO,2018,0.0,611407.82,0.0,0.0
SAN FRANCISCO,2018,0.0,0.0,0.0,0.0
SAN FRANCISCO,2018,0.0,0.0,0.0,0.0
SAN FRANCISCO,2018,0.0,0.0,0.0,0.0
SAN FRANCISCO,2018,0.0,0.0,0.0,0.0
SAN FRANCISCO,2018,0.0,0.0,0.0,0.0
SAN FRANCISCO,2018,0.0,0.0,0.0,0.0
SAN FRANCISCO,2018,0.0,0.0,0.0,0.0
SAN FRANCISCO,2018,0.0,0.0,0.0,0.0
SAN FRANCISCO,2018,0.0,0.0,0.0,0.0
SAN FRANCISCO,2018,0.0,437541.44,0.0,0.0
SAN FRANCISCO,2018,0.0,437541.44,0.0,0.0
SAN FRANCISCO,2018,0.0,437541.44,0.0,0.0
SAN FRANCISCO,2018,0.0,437541.44,0.0,0.0
SAN FRANCISCO,2018,0.0,437541.44,0.0,0.0
SAN FRANCISCO,2018,0.0,437541.44,0.0,0.0
SAN FRANCISCO,2018,0.0,437541.44,0.0,0.0
SAN FRANCISCO,2018,0.0,437541.44,0.0,0.0
SAN FRANCISCO,2018,0.0,437541.44,0.0,0.0
SAN FRANCISCO,2018,0.0,611407.82,0.0,0.0
SAN FRANCISCO,2018,0.0,611407.82,0.0,0.0
SAN FRANCISCO,2018,0.0,611407.82,0.0,0.0
SAN FRANCISCO,2018,0.0,611407.82,0.0,0.0
SAN FRANCISCO,2018,0.0,611407.82,0.0,0.0
SAN FRANCISCO,2018,0.0,611407.82,0.0,0.0
SAN FRANCISCO,2018,0.0,611407.82,0.0,0.0
SAN FRANCISCO,2018,0.0,611407.82,0.0,0.0
SAN FRANCISCO,2018,0.0,611407.82,0.0,0.0
SAN FRANCISCO,2018,0.0,0.0,0.0,0.0
SAN FRANCISCO,2018,0.0,0.0,0.0,0.0
SAN FRANCISCO,2018,0.0,0.0,0.0,0.0
SAN FRANCISCO,2018,0.0,0.0,0.0,0.0
SAN FRANCISCO,2018,0.0,0.0,0.0,0.0
SAN FRANCISCO,2018,0.0,0.0,0.0,0.0
SAN FRANCISCO,2018,0.0,0.0,0.0,0.0
SAN FRANCISCO,2018,0.0,0.0,0.0,0.0
SAN FRANCISCO,2018,0.0,0.0,0.0,0.0
SAN FRANCISCO,2018,0.0,437541.44,0.0,0.0
SAN FRANCISCO,2018,0.0,437541.44,0.0,0.0
SAN FRANCISCO,2018,0.0,437541.44,0.0,0.0
SAN FRANCISCO,2018,0.0,437541.44,0.0,0.0
SAN FRANCISCO,2018,0.0,437541.44,0.0,0.0
SAN FRANCISCO,2018,0.0,437541.44,0.0,0.0
SAN FRANCISCO,2018,0.0,437541.44,0.0,0.0
SAN FRANCISCO,2018,0.0,437541.44,0.0,0.0
SAN FRANCISCO,2018,0.0,437541.44,0.0,0.0
SAN FRANCISCO,2018,0.0,611407.82,0.0,0.0
SAN FRANCISCO,2018,0.0,611407.82,0.0,0.0
SAN FRANCISCO,2018,0.0,611407.82,0.0,0.0
SAN FRANCISCO,2018,0.0,611407.82,0.0,0.0
SAN FRANCISCO,2018,0.0,611407.82,0.0,0.0
SAN FRANCISCO,2018,0.0,611407.82,0.0,0.0
SAN FRANCISCO,2018,0.0,611407.82,0.0,0.0
SAN FRANCISCO,2018,0.0,611407.82,0.0,0.0
SAN FRANCISCO,2018,0.0,611407.82,0.0,0.0
SAN FRANCISCO,2018,0.0,0.0,0.0,0.0
SAN FRANCISCO,2018,0.0,0.0,0.0,0.0
SAN FRANCISCO,2018,0.0,0.0,0.0,0.0
SAN FRANCISCO,2018,0.0,0.0,0.0,0.0
SAN FRANCISCO,2018,0.0,0.0,0.0,0.0
SAN FRANCISCO,2018,0.0,0.0,0.0,0.0
SAN FRANCISCO,2018,0.0,0.0,0.0,0.0
SAN FRANCISCO,2018,0.0,0.0,0.0,0.0
SAN FRANCISCO,2018,0.0,0.0,0.0,0.0
SAN FRANCISCO,2019,0.0,0.0,0.0,0.0
SAN FRANCISCO,2019,0.0,0.0,0.0,0.0
SAN FRANCISCO,2019,0.0,0.0,0.0,0.0
SAN FRANCISCO,2019,0.0,0.0,0.0,0.0
SAN FRANCISCO,2019,0.0,0.0,0.0,0.0
SAN FRANCISCO,2019,0.0,0.0,0.0,0.0
SAN FRANCISCO,2019,0.0,0.0,0.0,0.0
SAN FRANCISCO,2019,0.0,0.0,0.0,0.0
SAN FRANCISCO,2019,0.0,0.0,0.0,0.0
SAN FRANCISCO,2019,0.0,0.0,0.0,0.0
SAN FRANCISCO,2019,0.0,0.0,0.0,0.0
SAN FRANCISCO,2019,0.0,0.0,0.0,0.0
SAN FRANCISCO,2019,0.0,0.0,0.0,0.0
SAN FRANCISCO,2019,0.0,0.0,0.0,0.0
SAN FRANCISCO,2019,0.0,0.0,0.0,0.0
SAN FRANCISCO,2019,0.0,0.0,0.0,0.0
SAN FRANCISCO,2019,0.0,0.0,0.0,0.0
SAN FRANCISCO,2019,0.0,0.0,0.0,0.0
SAN FRANCISCO,2019,0.0,0.0,0.0,0.0
SAN FRANCISCO,2019,0.0,0.0,0.0,0.0
SAN FRANCISCO,2019,0.0,0.0,0.0,0.0
SAN FRANCISCO,2019,0.0,0.0,0.0,0.0
SAN FRANCISCO,2019,0.0,0.0,0.0,0.0
SAN FRANCISCO,2019,0.0,0.0,0.0,0.0
SAN FRANCISCO,2019,0.0,0.0,0.0,0.0
SAN FRANCISCO,2019,0.0,0.0,0.0,0.0
SAN FRANCISCO,2019,0.0,0.0,0.0,0.0
SAN FRANCISCO,2019,0.0,0.0,0.0,0.0
SAN FRANCISCO,2019,0.0,0.0,0.0,0.0
SAN FRANCISCO,2019,0.0,0.0,0.0,0.0
SAN FRANCISCO,2019,0.0,0.0,0.0,0.0
SAN FRANCISCO,2019,0.0,0.0,0.0,0.0
SAN FRANCISCO,2019,0.0,0.0,0.0,0.0
SAN FRANCISCO,2019,0.0,0.0,0.0,0.0
SAN FRANCISCO,2019,0.0,0.0,0.0,0.0
SAN FRANCISCO,2019,0.0,0.0,0.0,0.0
SAN FRANCISCO,2019,0.0,0.0,0.0,0.0
SAN FRANCISCO,2019,0.0,0.0,0.0,0.0
SAN FRANCISCO,2019,0.0,0.0,0.0,0.0
SAN FRANCISCO,2019,0.0,0.0,0.0,0.0
SAN FRANCISCO,2019,0.0,0.0,0.0,0.0
SAN FRANCISCO,2019,0.0,0.0,0.0,0.0
SAN FRANCISCO,2019,0.0,0.0,0.0,0.0
SAN FRANCISCO,2019,0.0,0.0,0.0,0.0
SAN FRANCISCO,2019,0.0,0.0,0.0,0.0
SAN FRANCISCO,2019,0.0,0.0,0.0,0.0
SAN FRANCISCO,2019,0.0,0.0,0.0,0.0
SAN FRANCISCO,2019,0.0,0.0,0.0,0.0
SAN FRANCISCO,2019,0.0,0.0,0.0,0.0
SAN FRANCISCO,2019,0.0,0.0,0.0,0.0
SAN FRANCISCO,2019,0.0,0.0,0.0,0.0
SAN FRANCISCO,2019,0.0,0.0,0.0,0.0
SAN FRANCISCO,2019,0.0,0.0,0.0,0.0
SAN FRANCISCO,2019,0.0,0.0,0.0,0.0
SAN FRANCISCO,2019,0.0,0.0,0.0,0.0
SAN FRANCISCO,2019,0.0,0.0,0.0,0.0
SAN FRANCISCO,2019,0.0,0.0,0.0,0.0
SAN FRANCISCO,2019,0.0,0.0,0.0,0.0
SAN FRANCISCO,2019,0.0,0.0,0.0,0.0
SAN FRANCISCO,2019,0.0,0.0,0.0,0.0
SAN FRANCISCO,2019,0.0,0.0,0.0,0.0
SAN FRANCISCO,2019,0.0,0.0,0.0,0.0
SAN FRANCISCO,2019,0.0,0.0,0.0,0.0
SAN FRANCISCO,2019,0.0,0.0,0.0,0.0
SAN FRANCISCO,2019,0.0,0.0,0.0,0.0
SAN FRANCISCO,2019,0.0,0.0,0.0,0.0
SAN FRANCISCO,2019,0.0,0.0,0.0,0.0
SAN FRANCISCO,2019,0.0,0.0,0.0,0.0
SAN FRANCISCO,2019,0.0,0.0,0.0,0.0
SAN FRANCISCO,2019,0.0,0.0,0.0,0.0
SAN FRANCISCO,2019,0.0,0.0,0.0,0.0
SAN FRANCISCO,2019,0.0,0.0,0.0,0.0
SAN FRANCISCO,2019,0.0,0.0,0.0,0.0
SAN FRANCISCO,2019,0.0,0.0,0.0,0.0
SAN FRANCISCO,2019,0.0,0.0,0.0,0.0
SAN FRANCISCO,2019,0.0,0.0,0.0,0.0
SAN FRANCISCO,2019,0.0,0.0,0.0,0.0
SAN FRANCISCO,2019,0.0,0.0,0.0,0.0
SAN FRANCISCO,2019,0.0,0.0,0.0,0.0
SAN FRANCISCO,2019,0.0,0.0,0.0,0.0
SAN FRANCISCO,2019,0.0,0.0,0.0,0.0
SAN FRANCISCO,2020,0.0,0.0,0.0,0.0
SAN FRANCISCO,2020,0.0,0.0,0.0,0.0
SAN FRANCISCO,2020,0.0,0.0,0.0,0.0
SAN FRANCISCO,2020,0.0,0.0,0.0,0.0
SAN FRANCISCO,2020,0.0,0.0,0.0,0.0
SAN FRANCISCO,2020,0.0,0.0,0.0,0.0
SAN FRANCISCO,2020,0.0,0.0,0.0,0.0
SAN FRANCISCO,2020,0.0,0.0,0.0,0.0
SAN FRANCISCO,2020,0.0,0.0,0.0,0.0
SAN FRANCISCO,2020,0.0,0.0,0.0,0.0
SAN FRANCISCO,2020,0.0,0.0,0.0,0.0
SAN FRANCISCO,2020,0.0,0.0,0.0,0.0
SAN FRANCISCO,2020,0.0,0.0,0.0,0.0
SAN FRANCISCO,2020,0.0,0.0,0.0,0.0
SAN FRANCISCO,2020,0.0,0.0,0.0,0.0
SAN FRANCISCO,2020,0.0,0.0,0.0,0.0
SAN FRANCISCO,2020,0.0,0.0,0.0,0.0
SAN FRANCISCO,2020,0.0,0.0,0.0,0.0
SAN FRANCISCO,2020,0.0,0.0,0.0,0.0
SAN FRANCISCO,2020,0.0,0.0,0.0,0.0
SAN FRANCISCO,2020,0.0,0.0,0.0,0.0
SAN FRANCISCO,2020,0.0,0.0,0.0,0.0
SAN FRANCISCO,2020,0.0,0.0,0.0,0.0
SAN FRANCISCO,2020,0.0,0.0,0.0,0.0
SAN FRANCISCO,2020,0.0,0.0,0.0,0.0
SAN FRANCISCO,2020,0.0,0.0,0.0,0.0
SAN FRANCISCO,2020,0.0,0.0,0.0,0.0
SAN FRANCISCO,2020,0.0,0.0,0.0,0.0
SAN FRANCISCO,2020,0.0,0.0,0.0,0.0
SAN FRANCISCO,2020,0.0,0.0,0.0,0.0
SAN FRANCISCO,2020,0.0,0.0,0.0,0.0
SAN FRANCISCO,2020,0.0,0.0,0.0,0.0
SAN FRANCISCO,2020,0.0,0.0,0.0,0.0
SAN FRANCISCO,2020,0.0,0.0,0.0,0.0
SAN FRANCISCO,2020,0.0,0.0,0.0,0.0
SAN FRANCISCO,2020,0.0,0.0,0.0,0.0
SAN FRANCISCO,2020,0.0,0.0,0.0,0.0
SAN FRANCISCO,2020,0.0,0.0,0.0,0.0
SAN FRANCISCO,2020,0.0,0.0,0.0,0.0
SAN FRANCISCO,2020,0.0,0.0,0.0,0.0
SAN FRANCISCO,2020,0.0,0.0,0.0,0.0
SAN FRANCISCO,2020,0.0,0.0,0.0,0.0
SAN FRANCISCO,2020,0.0,0.0,0.0,0.0
SAN FRANCISCO,2020,0.0,0.0,0.0,0.0
SAN FRANCISCO,2020,0.0,0.0,0.0,0.0
SAN FRANCISCO,2020,0.0,0.0,0.0,0.0
SAN FRANCISCO,2020,0.0,0.0,0.0,0.0
SAN FRANCISCO,2020,0.0,0.0,0.0,0.0
SAN FRANCISCO,2020,0.0,0.0,0.0,0.0
SAN FRANCISCO,2020,0.0,0.0,0.0,0.0
SAN FRANCISCO,2020,0.0,0.0,0.0,0.0
SAN FRANCISCO,2020,0.0,0.0,0.0,0.0
SAN FRANCISCO,2020,0.0,0.0,0.0,0.0
SAN FRANCISCO,2020,0.0,0.0,0.0,0.0
SAN FRANCISCO,2020,0.0,0.0,0.0,0.0
SAN FRANCISCO,2020,0.0,0.0,0.0,0.0
SAN FRANCISCO,2020,0.0,0.0,0.0,0.0
SAN FRANCISCO,2020,0.0,0.0,0.0,0.0
SAN FRANCISCO,2020,0.0,0.0,0.0,0.0
SAN FRANCISCO,2020,0.0,0.0,0.0,0.0
SAN FRANCISCO,2020,0.0,0.0,0.0,0.0
SAN FRANCISCO,2020,0.0,0.0,0.0,0.0
SAN FRANCISCO,2020,0.0,0.0,0.0,0.0
SAN FRANCISCO,2020,0.0,0.0,0.0,0.0
SAN FRANCISCO,2020,0.0,0.0,0.0,0.0
SAN FRANCISCO,2020,0.0,0.0,0.0,0.0
SAN FRANCISCO,2020,0.0,0.0,0.0,0.0
SAN FRANCISCO,2020,0.0,0.0,0.0,0.0
SAN FRANCISCO,2020,0.0,0.0,0.0,0.0
SAN FRANCISCO,2020,0.0,0.0,0.0,0.0
SAN FRANCISCO,2020,0.0,0.0,0.0,0.0
SAN FRANCISCO,2020,0.0,0.0,0.0,0.0
SAN FRANCISCO,2020,0.0,0.0,0.0,0.0
SAN FRANCISCO,2020,0.0,0.0,0.0,0.0
SAN FRANCISCO,2020,0.0,0.0,0.0,0.0
SAN FRANCISCO,2020,0.0,0.0,0.0,0.0
SAN FRANCISCO,2020,0.0,0.0,0.0,0.0
SAN FRANCISCO,2020,0.0,0.0,0.0,0.0
SAN FRANCISCO,2020,0.0,0.0,0.0,0.0
SAN FRANCISCO,2020,0.0,0.0,0.0,0.0
SAN FRANCISCO,2020,0.0,0.0,0.0,0.0
SAN FRANCISCO,2021,0.0,0.0,0.0,0.0
SAN FRANCISCO,2021,0.0,0.0,0.0,0.0
SAN FRANCISCO,2021,0.0,0.0,0.0,0.0
SAN FRANCISCO,2021,0.0,0.0,0.0,0.0
SAN FRANCISCO,2021,0.0,0.0,0.0,0.0
SAN FRANCISCO,2021,0.0,0.0,0.0,0.0
SAN FRANCISCO,2021,0.0,0.0,0.0,0.0
SAN FRANCISCO,2021,0.0,0.0,0.0,0.0
SAN FRANCISCO,2021,0.0,0.0,0.0,0.0
SAN FRANCISCO,2021,0.0,0.0,0.0,0.0
SAN FRANCISCO,2021,0.0,0.0,0.0,0.0
SAN FRANCISCO,2021,0.0,0.0,0.0,0.0
SAN FRANCISCO,2021,0.0,0.0,0.0,0.0
SAN FRANCISCO,2021,0.0,0.0,0.0,0.0
SAN FRANCISCO,2021,0.0,0.0,0.0,0.0
SAN FRANCISCO,2021,0.0,0.0,0.0,0.0
SAN FRANCISCO,2021,0.0,0.0,0.0,0.0
SAN FRANCISCO,2021,0.0,0.0,0.0,0.0
SAN FRANCISCO,2021,0.0,0.0,0.0,0.0
SAN FRANCISCO,2021,0.0,0.0,0.0,0.0
SAN FRANCISCO,2021,0.0,0.0,0.0,0.0
SAN FRANCISCO,2021,0.0,0.0,0.0,0.0
SAN FRANCISCO,2021,0.0,0.0,0.0,0.0
SAN FRANCISCO,2021,0.0,0.0,0.0,0.0
SAN FRANCISCO,2021,0.0,0.0,0.0,0.0
SAN FRANCISCO,2021,0.0,0.0,0.0,0.0
SAN FRANCISCO,2021,0.0,0.0,0.0,0.0
SAN FRANCISCO,2021,0.0,0.0,0.0,0.0
SAN FRANCISCO,2021,0.0,0.0,0.0,0.0
SAN FRANCISCO,2021,0.0,0.0,0.0,0.0
SAN FRANCISCO,2021,0.0,0.0,0.0,0.0
SAN FRANCISCO,2021,0.0,0.0,0.0,0.0
SAN FRANCISCO,2021,0.0,0.0,0.0,0.0
SAN FRANCISCO,2021,0.0,0.0,0.0,0.0
SAN FRANCISCO,2021,0.0,0.0,0.0,0.0
SAN FRANCISCO,2021,0.0,0.0,0.0,0.0
SAN FRANCISCO,2021,0.0,0.0,0.0,0.0
SAN FRANCISCO,2021,0.0,0.0,0.0,0.0
SAN FRANCISCO,2021,0.0,0.0,0.0,0.0
SAN FRANCISCO,2021,0.0,0.0,0.0,0.0
SAN FRANCISCO,2021,0.0,0.0,0.0,0.0
SAN FRANCISCO,2021,0.0,0.0,0.0,0.0
SAN FRANCISCO,2021,0.0,0.0,0.0,0.0
SAN FRANCISCO,2021,0.0,0.0,0.0,0.0
SAN FRANCISCO,2021,0.0,0.0,0.0,0.0
SAN FRANCISCO,2021,0.0,0.0,0.0,0.0
SAN FRANCISCO,2021,0.0,0.0,0.0,0.0
SAN FRANCISCO,2021,0.0,0.0,0.0,0.0
SAN FRANCISCO,2021,0.0,0.0,0.0,0.0
SAN FRANCISCO,2021,0.0,0.0,0.0,0.0
SAN FRANCISCO,2021,0.0,0.0,0.0,0.0
SAN FRANCISCO,2021,0.0,0.0,0.0,0.0
SAN FRANCISCO,2021,0.0,0.0,0.0,0.0
SAN FRANCISCO,2021,0.0,0.0,0.0,0.0
SAN FRANCISCO,2021,0.0,0.0,0.0,0.0
SAN FRANCISCO,2021,0.0,0.0,0.0,0.0
SAN FRANCISCO,2021,0.0,0.0,0.0,0.0
SAN FRANCISCO,2021,0.0,0.0,0.0,0.0
SAN FRANCISCO,2021,0.0,0.0,0.0,0.0
SAN FRANCISCO,2021,0.0,0.0,0.0,0.0
SAN FRANCISCO,2021,0.0,0.0,0.0,0.0
SAN FRANCISCO,2021,0.0,0.0,0.0,0.0
SAN FRANCISCO,2021,0.0,0.0,0.0,0.0
SAN FRANCISCO,2021,0.0,0.0,0.0,0.0
SAN FRANCISCO,2021,0.0,0.0,0.0,0.0
SAN FRANCISCO,2021,0.0,0.0,0.0,0.0
SAN FRANCISCO,2021,0.0,0.0,0.0,0.0
SAN FRANCISCO,2021,0.0,0.0,0.0,0.0
SAN FRANCISCO,2021,0.0,0.0,0.0,0.0
SAN FRANCISCO,2021,0.0,0.0,0.0,0.0
SAN FRANCISCO,2021,0.0,0.0,0.0,0.0
SAN FRANCISCO,2021,0.0,0.0,0.0,0.0
SAN FRANCISCO,2021,0.0,0.0,0.0,0.0
SAN FRANCISCO,2021,0.0,0.0,0.0,0.0
SAN FRANCISCO,2021,0.0,0.0,0.0,0.0
SAN FRANCISCO,2021,0.0,0.0,0.0,0.0
SAN FRANCISCO,2021,0.0,0.0,0.0,0.0
SAN FRANCISCO,2021,0.0,0.0,0.0,0.0
SAN FRANCISCO,2021,0.0,0.0,0.0,0.0
SAN FRANCISCO,2021,0.0,0.0,0.0,0.0
SAN FRANCISCO,2021,0.0,0.0,0.0,0.0
SAN FRANCISCO,2022,0.0,0.0,0.0,0.0
SAN FRANCISCO,2022,0.0,0.0,0.0,0.0
SAN FRANCISCO,2022,0.0,0.0,0.0,0.0
SAN FRANCISCO,2022,0.0,0.0,0.0,0.0
SAN FRANCISCO,2022,0.0,0.0,0.0,0.0
SAN FRANCISCO,2022,0.0,0.0,0.0,0.0
SAN FRANCISCO,2022,0.0,0.0,0.0,0.0
SAN FRANCISCO,2022,0.0,0.0,0.0,0.0
SAN FRANCISCO,2022,0.0,0.0,0.0,0.0
SAN FRANCISCO,2022,0.0,0.0,0.0,0.0
SAN FRANCISCO,2022,0.0,0.0,0.0,0.0
SAN FRANCISCO,2022,0.0,0.0,0.0,0.0
SAN FRANCISCO,2022,0.0,0.0,0.0,0.0
SAN FRANCISCO,2022,0.0,0.0,0.0,0.0
SAN FRANCISCO,2022,0.0,0.0,0.0,0.0
SAN FRANCISCO,2022,0.0,0.0,0.0,0.0
SAN FRANCISCO,2022,0.0,0.0,0.0,0.0
SAN FRANCISCO,2022,0.0,0.0,0.0,0.0
SAN FRANCISCO,2022,0.0,0.0,0.0,0.0
SAN FRANCISCO,2022,0.0,0.0,0.0,0.0
SAN FRANCISCO,2022,0.0,0.0,0.0,0.0
SAN FRANCISCO,2022,0.0,0.0,0.0,0.0
SAN FRANCISCO,2022,0.0,0.0,0.0,0.0
SAN FRANCISCO,2022,0.0,0.0,0.0,0.0
SAN FRANCISCO,2022,0.0,0.0,0.0,0.0
SAN FRANCISCO,2022,0.0,0.0,0.0,0.0
SAN FRANCISCO,2022,0.0,0.0,0.0,0.0
SAN FRANCISCO,2022,0.0,0.0,0.0,0.0
SAN FRANCISCO,2022,0.0,0.0,0.0,0.0
SAN FRANCISCO,2022,0.0,0.0,0.0,0.0
SAN FRANCISCO,2022,0.0,0.0,0.0,0.0
SAN FRANCISCO,2022,0.0,0.0,0.0,0.0
SAN FRANCISCO,2022,0.0,0.0,0.0,0.0
SAN FRANCISCO,2022,0.0,0.0,0.0,0.0
SAN FRANCISCO,2022,0.0,0.0,0.0,0.0
SAN FRANCISCO,2022,0.0,0.0,0.0,0.0
SAN FRANCISCO,2022,0.0,0.0,0.0,0.0
SAN FRANCISCO,2022,0.0,0.0,0.0,0.0
SAN FRANCISCO,2022,0.0,0.0,0.0,0.0
SAN FRANCISCO,2022,0.0,0.0,0.0,0.0
SAN FRANCISCO,2022,0.0,0.0,0.0,0.0
SAN FRANCISCO,2022,0.0,0.0,0.0,0.0
SAN FRANCISCO,2022,0.0,0.0,0.0,0.0
SAN FRANCISCO,2022,0.0,0.0,0.0,0.0
SAN FRANCISCO,2022,0.0,0.0,0.0,0.0
SAN FRANCISCO,2022,0.0,0.0,0.0,0.0
SAN FRANCISCO,2022,0.0,0.0,0.0,0.0
SAN FRANCISCO,2022,0.0,0.0,0.0,0.0
SAN FRANCISCO,2022,0.0,0.0,0.0,0.0
SAN FRANCISCO,2022,0.0,0.0,0.0,0.0
SAN FRANCISCO,2022,0.0,0.0,0.0,0.0
SAN FRANCISCO,2022,0.0,0.0,0.0,0.0
SAN FRANCISCO,2022,0.0,0.0,0.0,0.0
SAN FRANCISCO,2022,0.0,0.0,0.0,0.0
SAN FRANCISCO,2022,0.0,0.0,0.0,0.0
SAN FRANCISCO,2022,0.0,0.0,0.0,0.0
SAN FRANCISCO,2022,0.0,0.0,0.0,0.0
SAN FRANCISCO,2022,0.0,0.0,0.0,0.0
SAN FRANCISCO,2022,0.0,0.0,0.0,0.0
SAN FRANCISCO,2022,0.0,0.0,0.0,0.0
SAN FRANCISCO,2022,0.0,0.0,0.0,0.0
SAN FRANCISCO,2022,0.0,0.0,0.0,0.0
SAN FRANCISCO,2022,0.0,0.0,0.0,0.0
SAN FRANCISCO,2022,0.0,0.0,0.0,0.0
SAN FRANCISCO,2022,0.0,0.0,0.0,0.0
SAN FRANCISCO,2022,0.0,0.0,0.0,0.0
SAN FRANCISCO,2022,0.0,0.0,0.0,0.0
SAN FRANCISCO,2022,0.0,0.0,0.0,0.0
SAN FRANCISCO,2022,0.0,0.0,0.0,0.0
SAN FRANCISCO,2022,0.0,0.0,0.0,0.0
SAN FRANCISCO,2022,0.0,0.0,0.0,0.0
SAN FRANCISCO,2022,0.0,0.0,0.0,0.0
SAN FRANCISCO,2022,0.0,0.0,0.0,0.0
SAN FRANCISCO,2022,0.0,0.0,0.0,0.0
SAN FRANCISCO,2022,0.0,0.0,0.0,0.0
SAN FRANCISCO,2022,0.0,0.0,0.0,0.0
SAN FRANCISCO,2022,0.0,0.0,0.0,0.0
SAN FRANCISCO,2022,0.0,0.0,0.0,0.0
SAN FRANCISCO,2022,0.0,0.0,0.0,0.0
SAN FRANCISCO,2022,0.0,0.0,0.0,0.0
SAN FRANCISCO,2022,0.0,0.0,0.0,0.0
SAN FRANCISCO,2023,0.0,0.0,0.0,0.0
SAN FRANCISCO,2023,0.0,0.0,0.0,0.0
SAN FRANCISCO,2023,0.0,0.0,0.0,0.0
SAN FRANCISCO,2023,0.0,0.0,0.0,0.0
SAN FRANCISCO,2023,0.0,0.0,0.0,0.0
SAN FRANCISCO,2023,0.0,0.0,0.0,0.0
SAN FRANCISCO,2023,0.0,0.0,0.0,0.0
SAN FRANCISCO,2023,0.0,0.0,0.0,0.0
SAN FRANCISCO,2023,0.0,0.0,0.0,0.0
SAN FRANCISCO,2023,0.0,0.0,0.0,0.0
SAN FRANCISCO,2023,0.0,0.0,0.0,0.0
SAN FRANCISCO,2023,0.0,0.0,0.0,0.0
SAN FRANCISCO,2023,0.0,0.0,0.0,0.0
SAN FRANCISCO,2023,0.0,0.0,0.0,0.0
SAN FRANCISCO,2023,0.0,0.0,0.0,0.0
SAN FRANCISCO,2023,0.0,0.0,0.0,0.0
SAN FRANCISCO,2023,0.0,0.0,0.0,0.0
SAN FRANCISCO,2023,0.0,0.0,0.0,0.0
SAN FRANCISCO,2023,0.0,0.0,0.0,0.0
SAN FRANCISCO,2023,0.0,0.0,0.0,0.0
SAN FRANCISCO,2023,0.0,0.0,0.0,0.0
SAN FRANCISCO,2023,0.0,0.0,0.0,0.0
SAN FRANCISCO,2023,0.0,0.0,0.0,0.0
SAN FRANCISCO,2023,0.0,0.0,0.0,0.0
SAN FRANCISCO,2023,0.0,0.0,0.0,0.0
SAN FRANCISCO,2023,0.0,0.0,0.0,0.0
SAN FRANCISCO,2023,0.0,0.0,0.0,0.0
SAN FRANCISCO,2023,0.0,0.0,0.0,0.0
SAN FRANCISCO,2023,0.0,0.0,0.0,0.0
SAN FRANCISCO,2023,0.0,0.0,0.0,0.0
SAN FRANCISCO,2023,0.0,0.0,0.0,0.0
SAN FRANCISCO,2023,0.0,0.0,0.0,0.0
SAN FRANCISCO,2023,0.0,0.0,0.0,0.0
SAN FRANCISCO,2023,0.0,0.0,0.0,0.0
SAN FRANCISCO,2023,0.0,0.0,0.0,0.0
SAN FRANCISCO,2023,0.0,0.0,0.0,0.0
SAN FRANCISCO,2023,0.0,0.0,0.0,0.0
SAN FRANCISCO,2023,0.0,0.0,0.0,0.0
SAN FRANCISCO,2023,0.0,0.0,0.0,0.0
SAN FRANCISCO,2023,0.0,0.0,0.0,0.0
SAN FRANCISCO,2023,0.0,0.0,0.0,0.0
SAN FRANCISCO,2023,0.0,0.0,0.0,0.0
SAN FRANCISCO,2023,0.0,0.0,0.0,0.0
SAN FRANCISCO,2023,0.0,0.0,0.0,0.0
SAN FRANCISCO,2023,0.0,0.0,0.0,0.0
SAN FRANCISCO,2023,0.0,0.0,0.0,0.0
SAN FRANCISCO,2023,0.0,0.0,0.0,0.0
SAN FRANCISCO,2023,0.0,0.0,0.0,0.0
SAN FRANCISCO,2023,0.0,0.0,0.0,0.0
SAN FRANCISCO,2023,0.0,0.0,0.0,0.0
SAN FRANCISCO,2023,0.0,0.0,0.0,0.0
SAN FRANCISCO,2023,0.0,0.0,0.0,0.0
SAN FRANCISCO,2023,0.0,0.0,0.0,0.0
SAN FRANCISCO,2023,0.0,0.0,0.0,0.0
SAN FRANCISCO,2023,0.0,0.0,0.0,0.0
SAN FRANCISCO,2023,0.0,0.0,0.0,0.0
SAN FRANCISCO,2023,0.0,0.0,0.0,0.0
SAN FRANCISCO,2023,0.0,0.0,0.0,0.0
SAN FRANCISCO,2023,0.0,0.0,0.0,0.0
SAN FRANCISCO,2023,0.0,0.0,0.0,0.0
SAN FRANCISCO,2023,0.0,0.0,0.0,0.0
SAN FRANCISCO,2023,0.0,0.0,0.0,0.0
SAN FRANCISCO,2023,0.0,0.0,0.0,0.0
SAN FRANCISCO,2023,0.0,0.0,0.0,0.0
SAN FRANCISCO,2023,0.0,0.0,0.0,0.0
SAN FRANCISCO,2023,0.0,0.0,0.0,0.0
SAN FRANCISCO,2023,0.0,0.0,0.0,0.0
SAN FRANCISCO,2023,0.0,0.0,0.0,0.0
SAN FRANCISCO,2023,0.0,0.0,0.0,0.0
SAN FRANCISCO,2023,0.0,0.0,0.0,0.0
SAN FRANCISCO,2023,0.0,0.0,0.0,0.0
SAN FRANCISCO,2023,0.0,0.0,0.0,0.0
SAN FRANCISCO,2023,0.0,0.0,0.0,0.0
SAN FRANCISCO,2023,0.0,0.0,0.0,0.0
SAN FRANCISCO,2023,0.0,0.0,0.0,0.0
SAN FRANCISCO,2023,0.0,0.0,0.0,0.0
SAN FRANCISCO,2023,0.0,0.0,0.0,0.0
SAN FRANCISCO,2023,0.0,0.0,0.0,0.0
SAN FRANCISCO,2023,0.0,0.0,0.0,0.0
SAN FRANCISCO,2023,0.0,0.0,0.0,0.0
SAN FRANCISCO,2023,0.0,0.0,0.0,0.0
SAN GIL,2017,88.99,0.0,0.0,0.0
SAN GIL,2018,0.0,493287.19,0.0,0.0
SAN GIL,2019,0.0,0.0,0.0,0.0
SAN GIL,2020,0.0,0.0,0.0,0.0
SAN GIL,2021,0.0,0.0,0.0,0.0
SAN GIL,2022,0.0,0.0,0.0,0.0
SAN GIL,2023,0.0,0.0,0.0,0.0
SAN JACINTO,2017,44.51,0.0,0.0,0.0
SAN JACINTO,2018,0.0,191284.87,0.0,0.0
SAN JACINTO,2019,0.0,0.0,0.0,0.0
SAN JACINTO,2020,0.0,0.0,0.0,0.0
SAN JACINTO,2021,0.0,0.0,0.0,0.0
SAN JACINTO,2022,0.0,0.0,0.0,0.0
SAN JACINTO,2023,0.0,0.0,0.0,0.0
SAN JACINTO DEL CAUCA,2017,94.51,0.0,0.0,0.0
SAN JACINTO DEL CAUCA,2018,0.0,544265.56,0.0,0.0
SAN JACINTO DEL CAUCA,2019,0.0,0.0,0.0,0.0
SAN JACINTO DEL CAUCA,2020,0.0,0.0,0.0,0.0
SAN JACINTO DEL CAUCA,2021,0.0,0.0,0.0,0.0
SAN JACINTO DEL CAUCA,2022,0.0,0.0,0.0,0.0
SAN JACINTO DEL CAUCA,2023,0.0,0.0,0.0,0.0
SAN JERÓNIMO,2017,0.0,0.0,0.0,0.0
SAN JERÓNIMO,2018,0.0,0.0,0.0,0.0
SAN JERÓNIMO,2019,0.0,0.0,0.0,0.0
SAN JERÓNIMO,2020,0.0,0.0,0.0,0.0
SAN JERÓNIMO,2021,0.0,0.0,0.0,0.0
SAN JERÓNIMO,2022,0.0,0.0,0.0,0.0
SAN JERÓNIMO,2023,0.0,0.0,0.0,0.0
SAN JOAQUÍN,2017,89.71,0.0,0.0,0.0
SAN JOAQUÍN,2018,0.0,1049002.52,0.0,0.0
SAN JOAQUÍN,2019,0.0,0.0,0.0,0.0
SAN JOAQUÍN,2020,0.0,0.0,0.0,0.0
SAN JOAQUÍN,2021,0.0,0.0,0.0,0.0
SAN JOAQUÍN,2022,0.0,0.0,0.0,0.0
SAN JOAQUÍN,2023,0.0,0.0,0.0,0.0
SAN JOSÉ,2017,0.0,0.0,0.0,0.0
SAN JOSÉ,2018,0.0,0.0,0.0,0.0
SAN JOSÉ,2019,0.0,0.0,0.0,0.0
SAN JOSÉ,2020,0.0,0.0,0.0,0.0
SAN JOSÉ,2021,0.0,0.0,0.0,0.0
SAN JOSÉ,2022,0.0,0.0,0.0,0.0
SAN JOSÉ,2023,0.0,0.0,0.0,0.0
SAN JOSÉ DE CÚCUTA,2017,89.39,0.0,0.0,0.0
SAN JOSÉ DE CÚCUTA,2018,0.0,478679.67,0.0,0.0
SAN JOSÉ DE CÚCUTA,2019,0.0,0.0,0.0,0.0
SAN JOSÉ DE CÚCUTA,2020,0.0,0.0,0.0,0.0
SAN JOSÉ DE CÚCUTA,2021,0.0,0.0,0.0,0.0
SAN JOSÉ DE CÚCUTA,2022,0.0,0.0,0.0,0.0
SAN JOSÉ DE CÚCUTA,2023,0.0,0.0,0.0,0.0
SAN JOSÉ DE LA MONTAÑA,2017,0.0,0.0,0.0,0.0
SAN JOSÉ DE LA MONTAÑA,2018,0.0,0.0,0.0,0.0
SAN JOSÉ DE LA MONTAÑA,2019,0.0,0.0,0.0,0.0
SAN JOSÉ DE LA MONTAÑA,2020,0.0,0.0,0.0,0.0
SAN JOSÉ DE LA MONTAÑA,2021,0.0,0.0,0.0,0.0
SAN JOSÉ DE LA MONTAÑA,2022,0.0,0.0,0.0,0.0
SAN JOSÉ DE LA MONTAÑA,2023,0.0,0.0,0.0,0.0
SAN JOSÉ DE MIRANDA,2017,,,,
SAN JOSÉ DE MIRANDA,2018,,,,
SAN JOSÉ DE MIRANDA,2019,,,,
SAN JOSÉ DE MIRANDA,2020,,,,
SAN JOSÉ DE MIRANDA,2021,,,,
SAN JOSÉ DE MIRANDA,2022,,,,
SAN JOSÉ DE MIRANDA,2023,,,,
SAN JOSÉ DE PARE,2017,92.01,0.0,0.0,0.0
SAN JOSÉ DE PARE,2018,0.0,400436.78,0.0,0.0
SAN JOSÉ DE PARE,2019,0.0,0.0,0.0,0.0
SAN JOSÉ DE PARE,2020,0.0,0.0,0.0,0.0
SAN JOSÉ DE PARE,2021,0.0,0.0,0.0,0.0
SAN JOSÉ DE PARE,2022,0.0,0.0,0.0,0.0
SAN JOSÉ DE PARE,2023,0.0,0.0,0.0,0.0
SAN JOSÉ DE TOLUVIEJO,2017,0.0,0.0,0.0,0.0
SAN JOSÉ DE TOLUVIEJO,2018,0.0,0.0,0.0,0.0
SAN JOSÉ DE TOLUVIEJO,2019,0.0,0.0,0.0,0.0
SAN JOSÉ DE TOLUVIEJO,2020,0.0,0.0,0.0,0.0
SAN JOSÉ DE TOLUVIEJO,2021,0.0,0.0,0.0,0.0
SAN JOSÉ DE TOLUVIEJO,2022,0.0,0.0,0.0,0.0
SAN JOSÉ DE TOLUVIEJO,2023,0.0,0.0,0.0,0.0
SAN JOSÉ DE URÉ,2017,0.0,0.0,0.0,0.0
SAN JOSÉ DE URÉ,2018,0.0,0.0,0.0,0.0
SAN JOSÉ DE URÉ,2019,0.0,0.0,0.0,0.0
SAN JOSÉ DE URÉ,2020,0.0,0.0,0.0,0.0
SAN JOSÉ DE URÉ,2021,0.0,0.0,0.0,0.0
SAN JOSÉ DE URÉ,2022,0.0,0.0,0.0,0.0
SAN JOSÉ DE URÉ,2023,0.0,0.0,0.0,0.0
SAN JOSÉ DEL FRAGUA,2017,0.0,0.0,0.0,0.0
SAN JOSÉ DEL FRAGUA,2018,0.0,0.0,0.0,0.0
SAN JOSÉ DEL FRAGUA,2019,0.0,0.0,0.0,0.0
SAN JOSÉ DEL FRAGUA,2020,0.0,0.0,0.0,0.0
SAN JOSÉ DEL FRAGUA,2021,0.0,0.0,0.0,0.0
SAN JOSÉ DEL FRAGUA,2022,0.0,0.0,0.0,0.0
SAN JOSÉ DEL FRAGUA,2023,0.0,0.0,0.0,0.0
SAN JOSÉ DEL GUAVIARE,2017,93.53,0.0,0.0,0.0
SAN JOSÉ DEL GUAVIARE,2018,0.0,620883.14,0.0,0.0
SAN JOSÉ DEL GUAVIARE,2019,0.0,0.0,0.0,0.0
SAN JOSÉ DEL GUAVIARE,2020,0.0,0.0,0.0,0.0
SAN JOSÉ DEL GUAVIARE,2021,0.0,0.0,0.0,0.0
SAN JOSÉ DEL GUAVIARE,2022,0.0,0.0,0.0,0.0
SAN JOSÉ DEL GUAVIARE,2023,0.0,0.0,0.0,0.0
SAN JOSÉ DEL PALMAR,2017,0.0,0.0,0.0,0.0
SAN JOSÉ DEL PALMAR,2018,0.0,0.0,0.0,0.0
SAN JOSÉ DEL PALMAR,2019,0.0,0.0,0.0,0.0
SAN JOSÉ DEL PALMAR,2020,0.0,0.0,0.0,0.0
SAN JOSÉ DEL PALMAR,2021,0.0,0.0,0.0,0.0
SAN JOSÉ DEL PALMAR,2022,0.0,0.0,0.0,0.0
SAN JOSÉ DEL PALMAR,2023,0.0,0.0,0.0,0.0
SAN JUAN DE ARAMA,2017,89.83,0.0,0.0,0.0
SAN JUAN DE ARAMA,2018,0.0,619189.51,0.0,0.0
SAN JUAN DE ARAMA,2019,0.0,0.0,0.0,0.0
SAN JUAN DE ARAMA,2020,0.0,0.0,0.0,0.0
SAN JUAN DE ARAMA,2021,0.0,0.0,0.0,0.0
SAN JUAN DE ARAMA,2022,0.0,0.0,0.0,0.0
SAN JUAN DE ARAMA,2023,0.0,0.0,0.0,0.0
SAN JUAN DE BETULIA,2017,0.0,0.0,0.0,0.0
SAN JUAN DE BETULIA,2018,0.0,0.0,0.0,0.0
SAN JUAN DE BETULIA,2019,0.0,0.0,0.0,0.0
SAN JUAN DE BETULIA,2020,0.0,0.0,0.0,0.0
SAN JUAN DE BETULIA,2021,0.0,0.0,0.0,0.0
SAN JUAN DE BETULIA,2022,0.0,0.0,0.0,0.0
SAN JUAN DE BETULIA,2023,0.0,0.0,0.0,0.0
SAN JUAN DE RIOSECO,2017,86.02,0.0,0.0,0.0
SAN JUAN DE RIOSECO,2018,0.0,532523.44,0.0,0.0
SAN JUAN DE RIOSECO,2019,0.0,0.0,0.0,0.0
SAN JUAN DE RIOSECO,2020,0.0,0.0,0.0,0.0
SAN JUAN DE RIOSECO,2021,0.0,0.0,0.0,0.0
SAN JUAN DE RIOSECO,2022,0.0,0.0,0.0,0.0
SAN JUAN DE RIOSECO,2023,0.0,0.0,0.0,0.0
SAN JUAN DE URABÁ,2017,0.0,0.0,0.0,0.0
SAN JUAN DE URABÁ,2018,0.0,0.0,0.0,0.0
SAN JUAN DE URABÁ,2019,0.0,0.0,0.0,0.0
SAN JUAN DE URABÁ,2020,0.0,0.0,0.0,0.0
SAN JUAN DE URABÁ,2021,0.0,0.0,0.0,0.0
SAN JUAN DE URABÁ,2022,0.0,0.0,0.0,0.0
SAN JUAN DE URABÁ,2023,0.0,0.0,0.0,0.0
SAN JUAN DEL CESAR,2017,78.85,0.0,0.0,0.0
SAN JUAN DEL CESAR,2018,0.0,631312.18,0.0,0.0
SAN JUAN DEL CESAR,2019,0.0,0.0,0.0,0.0
SAN JUAN DEL CESAR,2020,0.0,0.0,0.0,0.0
SAN JUAN DEL CESAR,2021,0.0,0.0,0.0,0.0
SAN JUAN DEL CESAR,2022,0.0,0.0,0.0,0.0
SAN JUAN DEL CESAR,2023,0.0,0.0,0.0,0.0
SAN JUAN NEPOMUCENO,2017,74.16,0.0,0.0,0.0
SAN JUAN NEPOMUCENO,2018,0.0,294846.9,0.0,0.0
SAN JUAN NEPOMUCENO,2019,0.0,0.0,0.0,0.0
SAN JUAN NEPOMUCENO,2020,0.0,0.0,0.0,0.0
SAN JUAN NEPOMUCENO,2021,0.0,0.0,0.0,0.0
SAN JUAN NEPOMUCENO,2022,0.0,0.0,0.0,0.0
SAN JUAN NEPOMUCENO,2023,0.0,0.0,0.0,0.0
SAN JUANITO,2017,92.65,0.0,0.0,0.0
SAN JUANITO,2018,0.0,925291.92,0.0,0.0
SAN JUANITO,2019,0.0,0.0,0.0,0.0
SAN JUANITO,2020,0.0,0.0,0.0,0.0
SAN JUANITO,2021,0.0,0.0,0.0,0.0
SAN JUANITO,2022,0.0,0.0,0.0,0.0
SAN JUANITO,2023,0.0,0.0,0.0,0.0
SAN LORENZO,2017,0.0,0.0,0.0,0.0
SAN LORENZO,2018,0.0,0.0,0.0,0.0
SAN LORENZO,2019,0.0,0.0,0.0,0.0
SAN LORENZO,2020,0.0,0.0,0.0,0.0
SAN LORENZO,2021,0.0,0.0,0.0,0.0
SAN LORENZO,2022,0.0,0.0,0.0,0.0
SAN LORENZO,2023,0.0,0.0,0.0,0.0
SAN LUIS,2017,95.5,0.0,0.0,0.0
SAN LUIS,2017,95.5,0.0,0.0,0.0
SAN LUIS,2017,95.5,0.0,0.0,0.0
SAN LUIS,2017,95.5,0.0,0.0,0.0
SAN LUIS,2017,95.5,0.0,0.0,0.0
SAN LUIS,2017,95.5,0.0,0.0,0.0
SAN LUIS,2017,95.5,0.0,0.0,0.0
SAN LUIS,2017,95.5,0.0,0.0,0.0
SAN LUIS,2017,80.65,0.0,0.0,0.0
SAN LUIS,2017,80.65,0.0,0.0,0.0
SAN LUIS,2017,80.65,0.0,0.0,0.0
SAN LUIS,2017,80.65,0.0,0.0,0.0
SAN LUIS,2017,80.65,0.0,0.0,0.0
SAN LUIS,2017,80.65,0.0,0.0,0.0
SAN LUIS,2017,80.65,0.0,0.0,0.0
SAN LUIS,2017,80.65,0.0,0.0,0.0
SAN LUIS,2018,0.0,420816.53,0.0,0.0
SAN LUIS,2018,0.0,420816.53,0.0,0.0
SAN LUIS,2018,0.0,420816.53,0.0,0.0
SAN LUIS,2018,0.0,420816.53,0.0,0.0
SAN LUIS,2018,0.0,196933.61,0.0,0.0
SAN LUIS,2018,0.0,196933.61,0.0,0.0
SAN LUIS,2018,0.0,196933.61,0.0,0.0
SAN LUIS,2018,0.0,196933.61,0.0,0.0
SAN LUIS,2018,0.0,420816.53,0.0,0.0
SAN LUIS,2018,0.0,420816.53,0.0,0.0
SAN LUIS,2018,0.0,420816.53,0.0,0.0
SAN LUIS,2018,0.0,420816.53,0.0,0.0
SAN LUIS,2018,0.0,196933.61,0.0,0.0
SAN LUIS,2018,0.0,196933.61,0.0,0.0
SAN LUIS,2018,0.0,196933.61,0.0,0.0
SAN LUIS,2018,0.0,196933.61,0.0,0.0
SAN LUIS,2019,0.0,0.0,0.0,0.0
SAN LUIS,2019,0.0,0.0,0.0,0.0
SAN LUIS,2019,0.0,0.0,0.0,0.0
SAN LUIS,2019,0.0,0.0,0.0,0.0
SAN LUIS,2019,0.0,0.0,0.0,0.0
SAN LUIS,2019,0.0,0.0,0.0,0.0
SAN LUIS,2019,0.0,0.0,0.0,0.0
SAN LUIS,2019,0.0,0.0,0.0,0.0
SAN LUIS,2019,0.0,0.0,0.0,0.0
SAN LUIS,2019,0.0,0.0,0.0,0.0
SAN LUIS,2019,0.0,0.0,0.0,0.0
SAN LUIS,2019,0.0,0.0,0.0,0.0
SAN LUIS,2019,0.0,0.0,0.0,0.0
SAN LUIS,2019,0.0,0.0,0.0,0.0
SAN LUIS,2019,0.0,0.0,0.0,0.0
SAN LUIS,2019,0.0,0.0,0.0,0.0
SAN LUIS,2020,0.0,0.0,0.0,0.0
SAN LUIS,2020,0.0,0.0,0.0,0.0
SAN LUIS,2020,0.0,0.0,0.0,0.0
SAN LUIS,2020,0.0,0.0,0.0,0.0
SAN LUIS,2020,0.0,0.0,0.0,0.0
SAN LUIS,2020,0.0,0.0,0.0,0.0
SAN LUIS,2020,0.0,0.0,0.0,0.0
SAN LUIS,2020,0.0,0.0,0.0,0.0
SAN LUIS,2020,0.0,0.0,0.0,0.0
SAN LUIS,2020,0.0,0.0,0.0,0.0
SAN LUIS,2020,0.0,0.0,0.0,0.0
SAN LUIS,2020,0.0,0.0,0.0,0.0
SAN LUIS,2020,0.0,0.0,0.0,0.0
SAN LUIS,2020,0.0,0.0,0.0,0.0
SAN LUIS,2020,0.0,0.0,0.0,0.0
SAN LUIS,2020,0.0,0.0,0.0,0.0
SAN LUIS,2021,0.0,0.0,0.0,0.0
SAN LUIS,2021,0.0,0.0,0.0,0.0
SAN LUIS,2021,0.0,0.0,0.0,0.0
SAN LUIS,2021,0.0,0.0,0.0,0.0
SAN LUIS,2021,0.0,0.0,0.0,0.0
SAN LUIS,2021,0.0,0.0,0.0,0.0
SAN LUIS,2021,0.0,0.0,0.0,0.0
SAN LUIS,2021,0.0,0.0,0.0,0.0
SAN LUIS,2021,0.0,0.0,0.0,0.0
SAN LUIS,2021,0.0,0.0,0.0,0.0
SAN LUIS,2021,0.0,0.0,0.0,0.0
SAN LUIS,2021,0.0,0.0,0.0,0.0
SAN LUIS,2021,0.0,0.0,0.0,0.0
SAN LUIS,2021,0.0,0.0,0.0,0.0
SAN LUIS,2021,0.0,0.0,0.0,0.0
SAN LUIS,2021,0.0,0.0,0.0,0.0
SAN LUIS,2022,0.0,0.0,0.0,0.0
SAN LUIS,2022,0.0,0.0,0.0,0.0
SAN LUIS,2022,0.0,0.0,0.0,0.0
SAN LUIS,2022,0.0,0.0,0.0,0.0
SAN LUIS,2022,0.0,0.0,0.0,0.0
SAN LUIS,2022,0.0,0.0,0.0,0.0
SAN LUIS,2022,0.0,0.0,0.0,0.0
SAN LUIS,2022,0.0,0.0,0.0,0.0
SAN LUIS,2022,0.0,0.0,0.0,0.0
SAN LUIS,2022,0.0,0.0,0.0,0.0
SAN LUIS,2022,0.0,0.0,0.0,0.0
SAN LUIS,2022,0.0,0.0,0.0,0.0
SAN LUIS,2022,0.0,0.0,0.0,0.0
SAN LUIS,2022,0.0,0.0,0.0,0.0
SAN LUIS,2022,0.0,0.0,0.0,0.0
SAN LUIS,2022,0.0,0.0,0.0,0.0
SAN LUIS,2023,0.0,0.0,0.0,0.0
SAN LUIS,2023,0.0,0.0,0.0,0.0
SAN LUIS,2023,0.0,0.0,0.0,0.0
SAN LUIS,2023,0.0,0.0,0.0,0.0
SAN LUIS,2023,0.0,0.0,0.0,0.0
SAN LUIS,2023,0.0,0.0,0.0,0.0
SAN LUIS,2023,0.0,0.0,0.0,0.0
SAN LUIS,2023,0.0,0.0,0.0,0.0
SAN LUIS,2023,0.0,0.0,0.0,0.0
SAN LUIS,2023,0.0,0.0,0.0,0.0
SAN LUIS,2023,0.0,0.0,0.0,0.0
SAN LUIS,2023,0.0,0.0,0.0,0.0
SAN LUIS,2023,0.0,0.0,0.0,0.0
SAN LUIS,2023,0.0,0.0,0.0,0.0
SAN LUIS,2023,0.0,0.0,0.0,0.0
SAN LUIS,2023,0.0,0.0,0.0,0.0
SAN LUIS DE GACENO,2017,91.97,0.0,0.0,0.0
SAN LUIS DE GACENO,2018,0.0,405781.74,0.0,0.0
SAN LUIS DE GACENO,2019,0.0,0.0,0.0,0.0
SAN LUIS DE GACENO,2020,0.0,0.0,0.0,0.0
SAN LUIS DE GACENO,2021,0.0,0.0,0.0,0.0
SAN LUIS DE GACENO,2022,0.0,0.0,0.0,0.0
SAN LUIS DE GACENO,2023,0.0,0.0,0.0,0.0
SAN LUIS DE PALENQUE,2017,84.89,0.0,0.0,0.0
SAN LUIS DE PALENQUE,2018,0.0,431051.57,0.0,0.0
SAN LUIS DE PALENQUE,2019,0.0,0.0,0.0,0.0
SAN LUIS DE PALENQUE,2020,0.0,0.0,0.0,0.0
SAN LUIS DE PALENQUE,2021,0.0,0.0,0.0,0.0
SAN LUIS DE PALENQUE,2022,0.0,0.0,0.0,0.0
SAN LUIS DE PALENQUE,2023,0.0,0.0,0.0,0.0
SAN LUIS DE SINCÉ,2017,59.94,0.0,0.0,0.0
SAN LUIS DE SINCÉ,2018,0.0,233631.91,0.0,0.0
SAN LUIS DE SINCÉ,2019,0.0,0.0,0.0,0.0
SAN LUIS DE SINCÉ,2020,0.0,0.0,0.0,0.0
SAN LUIS DE SINCÉ,2021,0.0,0.0,0.0,0.0
SAN LUIS DE SINCÉ,2022,0.0,0.0,0.0,0.0
SAN LUIS DE SINCÉ,2023,0.0,0.0,0.0,0.0
SAN MARCOS,2017,36.8,0.0,0.0,0.0
SAN MARCOS,2018,0.0,168763.82,0.0,0.0
SAN MARCOS,2019,0.0,0.0,0.0,0.0
SAN MARCOS,2020,0.0,0.0,0.0,0.0
SAN MARCOS,2021,0.0,0.0,0.0,0.0
SAN MARCOS,2022,0.0,0.0,0.0,0.0
SAN MARCOS,2023,0.0,0.0,0.0,0.0
SAN MARTÍN,2017,87.93,0.0,0.0,0.0
SAN MARTÍN,2017,87.93,0.0,0.0,0.0
SAN MARTÍN,2017,87.93,0.0,0.0,0.0
SAN MARTÍN,2017,87.93,0.0,0.0,0.0
SAN MARTÍN,2017,87.93,0.0,0.0,0.0
SAN MARTÍN,2017,87.93,0.0,0.0,0.0
SAN MARTÍN,2017,87.93,0.0,0.0,0.0
SAN MARTÍN,2017,87.93,0.0,0.0,0.0
SAN MARTÍN,2017,89.3,0.0,0.0,0.0
SAN MARTÍN,2017,89.3,0.0,0.0,0.0
SAN MARTÍN,2017,89.3,0.0,0.0,0.0
SAN MARTÍN,2017,89.3,0.0,0.0,0.0
SAN MARTÍN,2017,89.3,0.0,0.0,0.0
SAN MARTÍN,2017,89.3,0.0,0.0,0.0
SAN MARTÍN,2017,89.3,0.0,0.0,0.0
SAN MARTÍN,2017,89.3,0.0,0.0,0.0
SAN MARTÍN,2018,0.0,925801.87,0.0,0.0
SAN MARTÍN,2018,0.0,925801.87,0.0,0.0
SAN MARTÍN,2018,0.0,925801.87,0.0,0.0
SAN MARTÍN,2018,0.0,925801.87,0.0,0.0
SAN MARTÍN,2018,0.0,603919.63,0.0,0.0
SAN MARTÍN,2018,0.0,603919.63,0.0,0.0
SAN MARTÍN,2018,0.0,603919.63,0.0,0.0
SAN MARTÍN,2018,0.0,603919.63,0.0,0.0
SAN MARTÍN,2018,0.0,925801.87,0.0,0.0
SAN MARTÍN,2018,0.0,925801.87,0.0,0.0
SAN MARTÍN,2018,0.0,925801.87,0.0,0.0
SAN MARTÍN,2018,0.0,925801.87,0.0,0.0
SAN MARTÍN,2018,0.0,603919.63,0.0,0.0
SAN MARTÍN,2018,0.0,603919.63,0.0,0.0
SAN MARTÍN,2018,0.0,603919.63,0.0,0.0
SAN MARTÍN,2018,0.0,603919.63,0.0,0.0
SAN MARTÍN,2019,0.0,0.0,0.0,0.0
SAN MARTÍN,2019,0.0,0.0,0.0,0.0
SAN MARTÍN,2019,0.0,0.0,0.0,0.0
SAN MARTÍN,2019,0.0,0.0,0.0,0.0
SAN MARTÍN,2019,0.0,0.0,0.0,0.0
SAN MARTÍN,2019,0.0,0.0,0.0,0.0
SAN MARTÍN,2019,0.0,0.0,0.0,0.0
SAN MARTÍN,2019,0.0,0.0,0.0,0.0
SAN MARTÍN,2019,0.0,0.0,0.0,0.0
SAN MARTÍN,2019,0.0,0.0,0.0,0.0
SAN MARTÍN,2019,0.0,0.0,0.0,0.0
SAN MARTÍN,2019,0.0,0.0,0.0,0.0
SAN MARTÍN,2019,0.0,0.0,0.0,0.0
SAN MARTÍN,2019,0.0,0.0,0.0,0.0
SAN MARTÍN,2019,0.0,0.0,0.0,0.0
SAN MARTÍN,2019,0.0,0.0,0.0,0.0
SAN MARTÍN,2020,0.0,0.0,0.0,0.0
SAN MARTÍN,2020,0.0,0.0,0.0,0.0
SAN MARTÍN,2020,0.0,0.0,0.0,0.0
SAN MARTÍN,2020,0.0,0.0,0.0,0.0
SAN MARTÍN,2020,0.0,0.0,0.0,0.0
SAN MARTÍN,2020,0.0,0.0,0.0,0.0
SAN MARTÍN,2020,0.0,0.0,0.0,0.0
SAN MARTÍN,2020,0.0,0.0,0.0,0.0
SAN MARTÍN,2020,0.0,0.0,0.0,0.0
SAN MARTÍN,2020,0.0,0.0,0.0,0.0
SAN MARTÍN,2020,0.0,0.0,0.0,0.0
SAN MARTÍN,2020,0.0,0.0,0.0,0.0
SAN MARTÍN,2020,0.0,0.0,0.0,0.0
SAN MARTÍN,2020,0.0,0.0,0.0,0.0
SAN MARTÍN,2020,0.0,0.0,0.0,0.0
SAN MARTÍN,2020,0.0,0.0,0.0,0.0
SAN MARTÍN,2021,0.0,0.0,0.0,0.0
SAN MARTÍN,2021,0.0,0.0,0.0,0.0
SAN MARTÍN,2021,0.0,0.0,0.0,0.0
SAN MARTÍN,2021,0.0,0.0,0.0,0.0
SAN MARTÍN,2021,0.0,0.0,0.0,0.0
SAN MARTÍN,2021,0.0,0.0,0.0,0.0
SAN MARTÍN,2021,0.0,0.0,0.0,0.0
SAN MARTÍN,2021,0.0,0.0,0.0,0.0
SAN MARTÍN,2021,0.0,0.0,0.0,0.0
SAN MARTÍN,2021,0.0,0.0,0.0,0.0
SAN MARTÍN,2021,0.0,0.0,0.0,0.0
SAN MARTÍN,2021,0.0,0.0,0.0,0.0
SAN MARTÍN,2021,0.0,0.0,0.0,0.0
SAN MARTÍN,2021,0.0,0.0,0.0,0.0
SAN MARTÍN,2021,0.0,0.0,0.0,0.0
SAN MARTÍN,2021,0.0,0.0,0.0,0.0
SAN MARTÍN,2022,0.0,0.0,0.0,0.0
SAN MARTÍN,2022,0.0,0.0,0.0,0.0
SAN MARTÍN,2022,0.0,0.0,0.0,0.0
SAN MARTÍN,2022,0.0,0.0,0.0,0.0
SAN MARTÍN,2022,0.0,0.0,0.0,0.0
SAN MARTÍN,2022,0.0,0.0,0.0,0.0
SAN MARTÍN,2022,0.0,0.0,0.0,0.0
SAN MARTÍN,2022,0.0,0.0,0.0,0.0
SAN MARTÍN,2022,0.0,0.0,0.0,0.0
SAN MARTÍN,2022,0.0,0.0,0.0,0.0
SAN MARTÍN,2022,0.0,0.0,0.0,0.0
SAN MARTÍN,2022,0.0,0.0,0.0,0.0
SAN MARTÍN,2022,0.0,0.0,0.0,0.0
SAN MARTÍN,2022,0.0,0.0,0.0,0.0
SAN MARTÍN,2022,0.0,0.0,0.0,0.0
SAN MARTÍN,2022,0.0,0.0,0.0,0.0
SAN MARTÍN,2023,0.0,0.0,0.0,0.0
SAN MARTÍN,2023,0.0,0.0,0.0,0.0
SAN MARTÍN,2023,0.0,0.0,0.0,0.0
SAN MARTÍN,2023,0.0,0.0,0.0,0.0
SAN MARTÍN,2023,0.0,0.0,0.0,0.0
SAN MARTÍN,2023,0.0,0.0,0.0,0.0
SAN MARTÍN,2023,0.0,0.0,0.0,0.0
SAN MARTÍN,2023,0.0,0.0,0.0,0.0
SAN MARTÍN,2023,0.0,0.0,0.0,0.0
SAN MARTÍN,2023,0.0,0.0,0.0,0.0
SAN MARTÍN,2023,0.0,0.0,0.0,0.0
SAN MARTÍN,2023,0.0,0.0,0.0,0.0
SAN MARTÍN,2023,0.0,0.0,0.0,0.0
SAN MARTÍN,2023,0.0,0.0,0.0,0.0
SAN MARTÍN,2023,0.0,0.0,0.0,0.0
SAN MARTÍN,2023,0.0,0.0,0.0,0.0
SAN MARTÍN DE LOBA,2017,91.68,0.0,0.0,0.0
SAN MARTÍN DE LOBA,2018,0.0,376722.15,0.0,0.0
SAN MARTÍN DE LOBA,2019,0.0,0.0,0.0,0.0
SAN MARTÍN DE LOBA,2020,0.0,0.0,0.0,0.0
SAN MARTÍN DE LOBA,2021,0.0,0.0,0.0,0.0
SAN MARTÍN DE LOBA,2022,0.0,0.0,0.0,0.0
SAN MARTÍN DE LOBA,2023,0.0,0.0,0.0,0.0
SAN MATEO,2017,83.42,0.0,0.0,0.0
SAN MATEO,2018,0.0,311731.2,0.0,0.0
SAN MATEO,2019,0.0,0.0,0.0,0.0
SAN MATEO,2020,0.0,0.0,0.0,0.0
SAN MATEO,2021,0.0,0.0,0.0,0.0
SAN MATEO,2022,0.0,0.0,0.0,0.0
SAN MATEO,2023,0.0,0.0,0.0,0.0
SAN MIGUEL,2017,,,,
SAN MIGUEL,2017,,,,0.0
SAN MIGUEL,2017,,,0.0,
SAN MIGUEL,2017,,,0.0,0.0
SAN MIGUEL,2017,,0.0,,
SAN MIGUEL,2017,,0.0,,0.0
SAN MIGUEL,2017,,0.0,0.0,
SAN MIGUEL,2017,,0.0,0.0,0.0
SAN MIGUEL,2017,0.0,,,
SAN MIGUEL,2017,0.0,,,0.0
SAN MIGUEL,2017,0.0,,0.0,
SAN MIGUEL,2017,0.0,,0.0,0.0
SAN MIGUEL,2017,0.0,0.0,,
SAN MIGUEL,2017,0.0,0.0,,0.0
SAN MIGUEL,2017,0.0,0.0,0.0,
SAN MIGUEL,2017,0.0,0.0,0.0,0.0
SAN MIGUEL,2018,,,,
SAN MIGUEL,2018,,,,0.0
SAN MIGUEL,2018,,,0.0,
SAN MIGUEL,2018,,,0.0,0.0
SAN MIGUEL,2018,,0.0,,
SAN MIGUEL,2018,,0.0,,0.0
SAN MIGUEL,2018,,0.0,0.0,
SAN MIGUEL,2018,,0.0,0.0,0.0
SAN MIGUEL,2018,0.0,,,
SAN MIGUEL,2018,0.0,,,0.0
SAN MIGUEL,2018,0.0,,0.0,
SAN MIGUEL,2018,0.0,,0.0,0.0
SAN MIGUEL,2018,0.0,0.0,,
SAN MIGUEL,2018,0.0,0.0,,0.0
SAN MIGUEL,2018,0.0,0.0,0.0,
SAN MIGUEL,2018,0.0,0.0,0.0,0.0
SAN MIGUEL,2019,,,,
SAN MIGUEL,2019,,,,0.0
SAN MIGUEL,2019,,,0.0,
SAN MIGUEL,2019,,,0.0,0.0
SAN MIGUEL,2019,,0.0,,
SAN MIGUEL,2019,,0.0,,0.0
SAN MIGUEL,2019,,0.0,0.0,
SAN MIGUEL,2019,,0.0,0.0,0.0
SAN MIGUEL,2019,0.0,,,
SAN MIGUEL,2019,0.0,,,0.0
SAN MIGUEL,2019,0.0,,0.0,
SAN MIGUEL,2019,0.0,,0.0,0.0
SAN MIGUEL,2019,0.0,0.0,,
SAN MIGUEL,2019,0.0,0.0,,0.0
SAN MIGUEL,2019,0.0,0.0,0.0,
SAN MIGUEL,2019,0.0,0.0,0.0,0.0
SAN MIGUEL,2020,,,,
SAN MIGUEL,2020,,,,0.0
SAN MIGUEL,2020,,,0.0,
SAN MIGUEL,2020,,,0.0,0.0
SAN MIGUEL,2020,,0.0,,
SAN MIGUEL,2020,,0.0,,0.0
SAN MIGUEL,2020,,0.0,0.0,
SAN MIGUEL,2020,,0.0,0.0,0.0
SAN MIGUEL,2020,0.0,,,
SAN MIGUEL,2020,0.0,,,0.0
SAN MIGUEL,2020,0.0,,0.0,
SAN MIGUEL,2020,0.0,,0.0,0.0
SAN MIGUEL,2020,0.0,0.0,,
SAN MIGUEL,2020,0.0,0.0,,0.0
SAN MIGUEL,2020,0.0,0.0,0.0,
SAN MIGUEL,2020,0.0,0.0,0.0,0.0
SAN MIGUEL,2021,,,,
SAN MIGUEL,2021,,,,0.0
SAN MIGUEL,2021,,,0.0,
SAN MIGUEL,2021,,,0.0,0.0
SAN MIGUEL,2021,,0.0,,
SAN MIGUEL,2021,,0.0,,0.0
SAN MIGUEL,2021,,0.0,0.0,
SAN MIGUEL,2021,,0.0,0.0,0.0
SAN MIGUEL,2021,0.0,,,
SAN MIGUEL,2021,0.0,,,0.0
SAN MIGUEL,2021,0.0,,0.0,
SAN MIGUEL,2021,0.0,,0.0,0.0
SAN MIGUEL,2021,0.0,0.0,,
SAN MIGUEL,2021,0.0,0.0,,0.0
SAN MIGUEL,2021,0.0,0.0,0.0,
SAN MIGUEL,2021,0.0,0.0,0.0,0.0
SAN MIGUEL,2022,,,,
SAN MIGUEL,2022,,,,0.0
SAN MIGUEL,2022,,,0.0,
SAN MIGUEL,2022,,,0.0,0.0
SAN MIGUEL,2022,,0.0,,
SAN MIGUEL,2022,,0.0,,0.0
SAN MIGUEL,2022,,0.0,0.0,
SAN MIGUEL,2022,,0.0,0.0,0.0
SAN MIGUEL,2022,0.0,,,
SAN MIGUEL,2022,0.0,,,0.0
SAN MIGUEL,2022,0.0,,0.0,
SAN MIGUEL,2022,0.0,,0.0,0.0
SAN MIGUEL,2022,0.0,0.0,,
SAN MIGUEL,2022,0.0,0.0,,0.0
SAN MIGUEL,2022,0.0,0.0,0.0,
SAN MIGUEL,2022,0.0,0.0,0.0,0.0
SAN MIGUEL,2023,,,,
SAN MIGUEL,2023,,,,0.0
SAN MIGUEL,2023,,,0.0,
SAN MIGUEL,2023,,,0.0,0.0
SAN MIGUEL,2023,,0.0,,
SAN MIGUEL,2023,,0.0,,0.0
SAN MIGUEL,2023,,0.0,0.0,
SAN MIGUEL,2023,,0.0,0.0,0.0
SAN MIGUEL,2023,0.0,,,
SAN MIGUEL,2023,0.0,,,0.0
SAN MIGUEL,2023,0.0,,0.0,
SAN MIGUEL,2023,0.0,,0.0,0.0
SAN MIGUEL,2023,0.0,0.0,,
SAN MIGUEL,2023,0.0,0.0,,0.0
SAN MIGUEL,2023,0.0,0.0,0.0,
SAN MIGUEL,2023,0.0,0.0,0.0,0.0
SAN MIGUEL DE SEMA,2017,,,,
SAN MIGUEL DE SEMA,2018,,,,
SAN MIGUEL DE SEMA,2019,,,,
SAN MIGUEL DE SEMA,2020,,,,
SAN MIGUEL DE SEMA,2021,,,,
SAN MIGUEL DE SEMA,2022,,,,
SAN MIGUEL DE SEMA,2023,,,,
SAN ONOFRE,2017,0.0,0.0,0.0,0.0
SAN ONOFRE,2018,0.0,0.0,0.0,0.0
SAN ONOFRE,2019,0.0,0.0,0.0,0.0
SAN ONOFRE,2020,0.0,0.0,0.0,0.0
SAN ONOFRE,2021,0.0,0.0,0.0,0.0
SAN ONOFRE,2022,0.0,0.0,0.0,0.0
SAN ONOFRE,2023,0.0,0.0,0.0,0.0
SAN PABLO,2017,93.09,0.0,0.0,0.0
SAN PABLO,2017,93.09,0.0,0.0,0.0
SAN PABLO,2017,93.09,0.0,0.0,0.0
SAN PABLO,2017,93.09,0.0,0.0,0.0
SAN PABLO,2017,93.09,0.0,0.0,0.0
SAN PABLO,2017,93.09,0.0,0.0,0.0
SAN PABLO,2017,93.09,0.0,0.0,0.0
SAN PABLO,2017,93.09,0.0,0.0,0.0
SAN PABLO,2017,0.0,0.0,0.0,0.0
SAN PABLO,2017,0.0,0.0,0.0,0.0
SAN PABLO,2017,0.0,0.0,0.0,0.0
SAN PABLO,2017,0.0,0.0,0.0,0.0
SAN PABLO,2017,0.0,0.0,0.0,0.0
SAN PABLO,2017,0.0,0.0,0.0,0.0
SAN PABLO,2017,0.0,0.0,0.0,0.0
SAN PABLO,2017,0.0,0.0,0.0,0.0
SAN PABLO,2018,0.0,546104.22,0.0,0.0
SAN PABLO,2018,0.0,546104.22,0.0,0.0
SAN PABLO,2018,0.0,546104.22,0.0,0.0
SAN PABLO,2018,0.0,546104.22,0.0,0.0
SAN PABLO,2018,0.0,0.0,0.0,0.0
SAN PABLO,2018,0.0,0.0,0.0,0.0
SAN PABLO,2018,0.0,0.0,0.0,0.0
SAN PABLO,2018,0.0,0.0,0.0,0.0
SAN PABLO,2018,0.0,546104.22,0.0,0.0
SAN PABLO,2018,0.0,546104.22,0.0,0.0
SAN PABLO,2018,0.0,546104.22,0.0,0.0
SAN PABLO,2018,0.0,546104.22,0.0,0.0
SAN PABLO,2018,0.0,0.0,0.0,0.0
SAN PABLO,2018,0.0,0.0,0.0,0.0
SAN PABLO,2018,0.0,0.0,0.0,0.0
SAN PABLO,2018,0.0,0.0,0.0,0.0
SAN PABLO,2019,0.0,0.0,0.0,0.0
SAN PABLO,2019,0.0,0.0,0.0,0.0
SAN PABLO,2019,0.0,0.0,0.0,0.0
SAN PABLO,2019,0.0,0.0,0.0,0.0
SAN PABLO,2019,0.0,0.0,0.0,0.0
SAN PABLO,2019,0.0,0.0,0.0,0.0
SAN PABLO,2019,0.0,0.0,0.0,0.0
SAN PABLO,2019,0.0,0.0,0.0,0.0
SAN PABLO,2019,0.0,0.0,0.0,0.0
SAN PABLO,2019,0.0,0.0,0.0,0.0
SAN PABLO,2019,0.0,0.0,0.0,0.0
SAN PABLO,2019,0.0,0.0,0.0,0.0
SAN PABLO,2019,0.0,0.0,0.0,0.0
SAN PABLO,2019,0.0,0.0,0.0,0.0
SAN PABLO,2019,0.0,0.0,0.0,0.0
SAN PABLO,2019,0.0,0.0,0.0,0.0
SAN PABLO,2020,0.0,0.0,0.0,0.0
SAN PABLO,2020,0.0,0.0,0.0,0.0
SAN PABLO,2020,0.0,0.0,0.0,0.0
SAN PABLO,2020,0.0,0.0,0.0,0.0
SAN PABLO,2020,0.0,0.0,0.0,0.0
SAN PABLO,2020,0.0,0.0,0.0,0.0
SAN PABLO,2020,0.0,0.0,0.0,0.0
SAN PABLO,2020,0.0,0.0,0.0,0.0
SAN PABLO,2020,0.0,0.0,0.0,0.0
SAN PABLO,2020,0.0,0.0,0.0,0.0
SAN PABLO,2020,0.0,0.0,0.0,0.0
SAN PABLO,2020,0.0,0.0,0.0,0.0
SAN PABLO,2020,0.0,0.0,0.0,0.0
SAN PABLO,2020,0.0,0.0,0.0,0.0
SAN PABLO,2020,0.0,0.0,0.0,0.0
SAN PABLO,2020,0.0,0.0,0.0,0.0
SAN PABLO,2021,0.0,0.0,0.0,0.0
SAN PABLO,2021,0.0,0.0,0.0,0.0
SAN PABLO,2021,0.0,0.0,0.0,0.0
SAN PABLO,2021,0.0,0.0,0.0,0.0
SAN PABLO,2021,0.0,0.0,0.0,0.0
SAN PABLO,2021,0.0,0.0,0.0,0.0
SAN PABLO,2021,0.0,0.0,0.0,0.0
SAN PABLO,2021,0.0,0.0,0.0,0.0
SAN PABLO,2021,0.0,0.0,0.0,0.0
SAN PABLO,2021,0.0,0.0,0.0,0.0
SAN PABLO,2021,0.0,0.0,0.0,0.0
SAN PABLO,2021,0.0,0.0,0.0,0.0
SAN PABLO,2021,0.0,0.0,0.0,0.0
SAN PABLO,2021,0.0,0.0,0.0,0.0
SAN PABLO,2021,0.0,0.0,0.0,0.0
SAN PABLO,2021,0.0,0.0,0.0,0.0
SAN PABLO,2022,0.0,0.0,0.0,0.0
SAN PABLO,2022,0.0,0.0,0.0,0.0
SAN PABLO,2022,0.0,0.0,0.0,0.0
SAN PABLO,2022,0.0,0.0,0.0,0.0
SAN PABLO,2022,0.0,0.0,0.0,0.0
SAN PABLO,2022,0.0,0.0,0.0,0.0
SAN PABLO,2022,0.0,0.0,0.0,0.0
SAN PABLO,2022,0.0,0.0,0.0,0.0
SAN PABLO,2022,0.0,0.0,0.0,0.0
SAN PABLO,2022,0.0,0.0,0.0,0.0
SAN PABLO,2022,0.0,0.0,0.0,0.0
SAN PABLO,2022,0.0,0.0,0.0,0.0
SAN PABLO,2022,0.0,0.0,0.0,0.0
SAN PABLO,2022,0.0,0.0,0.0,0.0
SAN PABLO,2022,0.0,0.0,0.0,0.0
SAN PABLO,2022,0.0,0.0,0.0,0.0
SAN PABLO,2023,0.0,0.0,0.0,0.0
SAN PABLO,2023,0.0,0.0,0.0,0.0
SAN PABLO,2023,0.0,0.0,0.0,0.0
SAN PABLO,2023,0.0,0.0,0.0,0.0
SAN PABLO,2023,0.0,0.0,0.0,0.0
SAN PABLO,2023,0.0,0.0,0.0,0.0
SAN PABLO,2023,0.0,0.0,0.0,0.0
SAN PABLO,2023,0.0,0.0,0.0,0.0
SAN PABLO,2023,0.0,0.0,0.0,0.0
SAN PABLO,2023,0.0,0.0,0.0,0.0
SAN PABLO,2023,0.0,0.0,0.0,0.0
SAN PABLO,2023,0.0,0.0,0.0,0.0
SAN PABLO,2023,0.0,0.0,0.0,0.0
SAN PABLO,2023,0.0,0.0,0.0,0.0
SAN PABLO,2023,0.0,0.0,0.0,0.0
SAN PABLO,2023,0.0,0.0,0.0,0.0
SAN PABLO DE BORBUR,2017,90.7,0.0,0.0,0.0
SAN PABLO DE BORBUR,2018,0.0,745433.16,0.0,0.0
SAN PABLO DE BORBUR,2019,0.0,0.0,0.0,0.0
SAN PABLO DE BORBUR,2020,0.0,0.0,0.0,0.0
SAN PABLO DE BORBUR,2021,0.0,0.0,0.0,0.0
SAN PABLO DE BORBUR,2022,0.0,0.0,0.0,0.0
SAN PABLO DE BORBUR,2023,0.0,0.0,0.0,0.0
SAN PEDRO,2017,89.66,0.0,0.0,0.0
SAN PEDRO,2017,89.66,0.0,0.0,0.0
SAN PEDRO,2017,89.66,0.0,0.0,0.0
SAN PEDRO,2017,89.66,0.0,0.0,0.0
SAN PEDRO,2017,89.66,0.0,0.0,0.0
SAN PEDRO,2017,89.66,0.0,0.0,0.0
SAN PEDRO,2017,89.66,0.0,0.0,0.0
SAN PEDRO,2017,89.66,0.0,0.0,0.0
SAN PEDRO,2017,0.0,0.0,0.0,0.0
SAN PEDRO,2017,0.0,0.0,0.0,0.0
SAN PEDRO,2017,0.0,0.0,0.0,0.0
SAN PEDRO,2017,0.0,0.0,0.0,0.0
SAN PEDRO,2017,0.0,0.0,0.0,0.0
SAN PEDRO,2017,0.0,0.0,0.0,0.0
SAN PEDRO,2017,0.0,0.0,0.0,0.0
SAN PEDRO,2017,0.0,0.0,0.0,0.0
SAN PEDRO,2018,0.0,350447.87,0.0,0.0
SAN PEDRO,2018,0.0,350447.87,0.0,0.0
SAN PEDRO,2018,0.0,350447.87,0.0,0.0
SAN PEDRO,2018,0.0,350447.87,0.0,0.0
SAN PEDRO,2018,0.0,0.0,0.0,0.0
SAN PEDRO,2018,0.0,0.0,0.0,0.0
SAN PEDRO,2018,0.0,0.0,0.0,0.0
SAN PEDRO,2018,0.0,0.0,0.0,0.0
SAN PEDRO,2018,0.0,350447.87,0.0,0.0
SAN PEDRO,2018,0.0,350447.87,0.0,0.0
SAN PEDRO,2018,0.0,350447.87,0.0,0.0
SAN PEDRO,2018,0.0,350447.87,0.0,0.0
SAN PEDRO,2018,0.0,0.0,0.0,0.0
SAN PEDRO,2018,0.0,0.0,0.0,0.0
SAN PEDRO,2018,0.0,0.0,0.0,0.0
SAN PEDRO,2018,0.0,0.0,0.0,0.0
SAN PEDRO,2019,0.0,0.0,0.0,0.0
SAN PEDRO,2019,0.0,0.0,0.0,0.0
SAN PEDRO,2019,0.0,0.0,0.0,0.0
SAN PEDRO,2019,0.0,0.0,0.0,0.0
SAN PEDRO,2019,0.0,0.0,0.0,0.0
SAN PEDRO,2019,0.0,0.0,0.0,0.0
SAN PEDRO,2019,0.0,0.0,0.0,0.0
SAN PEDRO,2019,0.0,0.0,0.0,0.0
SAN PEDRO,2019,0.0,0.0,0.0,0.0
SAN PEDRO,2019,0.0,0.0,0.0,0.0
SAN PEDRO,2019,0.0,0.0,0.0,0.0
SAN PEDRO,2019,0.0,0.0,0.0,0.0
SAN PEDRO,2019,0.0,0.0,0.0,0.0
SAN PEDRO,2019,0.0,0.0,0.0,0.0
SAN PEDRO,2019,0.0,0.0,0.0,0.0
SAN PEDRO,2019,0.0,0.0,0.0,0.0
SAN PEDRO,2020,0.0,0.0,0.0,0.0
SAN PEDRO,2020,0.0,0.0,0.0,0.0
SAN PEDRO,2020,0.0,0.0,0.0,0.0
SAN PEDRO,2020,0.0,0.0,0.0,0.0
SAN PEDRO,2020,0.0,0.0,0.0,0.0
SAN PEDRO,2020,0.0,0.0,0.0,0.0
SAN PEDRO,2020,0.0,0.0,0.0,0.0
SAN PEDRO,2020,0.0,0.0,0.0,0.0
SAN PEDRO,2020,0.0,0.0,0.0,0.0
SAN PEDRO,2020,0.0,0.0,0.0,0.0
SAN PEDRO,2020,0.0,0.0,0.0,0.0
SAN PEDRO,2020,0.0,0.0,0.0,0.0
SAN PEDRO,2020,0.0,0.0,0.0,0.0
SAN PEDRO,2020,0.0,0.0,0.0,0.0
SAN PEDRO,2020,0.0,0.0,0.0,0.0
SAN PEDRO,2020,0.0,0.0,0.0,0.0
SAN PEDRO,2021,0.0,0.0,0.0,0.0
SAN PEDRO,2021,0.0,0.0,0.0,0.0
SAN PEDRO,2021,0.0,0.0,0.0,0.0
SAN PEDRO,2021,0.0,0.0,0.0,0.0
SAN PEDRO,2021,0.0,0.0,0.0,0.0
SAN PEDRO,2021,0.0,0.0,0.0,0.0
SAN PEDRO,2021,0.0,0.0,0.0,0.0
SAN PEDRO,2021,0.0,0.0,0.0,0.0
SAN PEDRO,2021,0.0,0.0,0.0,0.0
SAN PEDRO,2021,0.0,0.0,0.0,0.0
SAN PEDRO,2021,0.0,0.0,0.0,0.0
SAN PEDRO,2021,0.0,0.0,0.0,0.0
SAN PEDRO,2021,0.0,0.0,0.0,0.0
SAN PEDRO,2021,0.0,0.0,0.0,0.0
SAN PEDRO,2021,0.0,0.0,0.0,0.0
SAN PEDRO,2021,0.0,0.0,0.0,0.0
SAN PEDRO,2022,0.0,0.0,0.0,0.0
SAN PEDRO,2022,0.0,0.0,0.0,0.0
SAN PEDRO,2022,0.0,0.0,0.0,0.0
SAN PEDRO,2022,0.0,0.0,0.0,0.0
SAN PEDRO,2022,0.0,0.0,0.0,0.0
SAN PEDRO,2022,0.0,0.0,0.0,0.0
SAN PEDRO,2022,0.0,0.0,0.0,0.0
SAN PEDRO,2022,0.0,0.0,0.0,0.0
SAN PEDRO,2022,0.0,0.0,0.0,0.0
SAN PEDRO,2022,0.0,0.0,0.0,0.0
SAN PEDRO,2022,0.0,0.0,0.0,0.0
SAN PEDRO,2022,0.0,0.0,0.0,0.0
SAN PEDRO,2022,0.0,0.0,0.0,0.0
SAN PEDRO,2022,0.0,0.0,0.0,0.0
SAN PEDRO,2022,0.0,0.0,0.0,0.0
SAN PEDRO,2022,0.0,0.0,0.0,0.0
SAN PEDRO,2023,0.0,0.0,0.0,0.0
SAN PEDRO,2023,0.0,0.0,0.0,0.0
SAN PEDRO,2023,0.0,0.0,0.0,0.0
SAN PEDRO,2023,0.0,0.0,0.0,0.0
SAN PEDRO,2023,0.0,0.0,0.0,0.0
SAN PEDRO,2023,0.0,0.0,0.0,0.0
SAN PEDRO,2023,0.0,0.0,0.0,0.0
SAN PEDRO,2023,0.0,0.0,0.0,0.0
SAN PEDRO,2023,0.0,0.0,0.0,0.0
SAN PEDRO,2023,0.0,0.0,0.0,0.0
SAN PEDRO,2023,0.0,0.0,0.0,0.0
SAN PEDRO,2023,0.0,0.0,0.0,0.0
SAN PEDRO,2023,0.0,0.0,0.0,0.0
SAN PEDRO,2023,0.0,0.0,0.0,0.0
SAN PEDRO,2023,0.0,0.0,0.0,0.0
SAN PEDRO,2023,0.0,0.0,0.0,0.0
SAN PEDRO DE CARTAGO,2017,,,,
SAN PEDRO DE CARTAGO,2018,,,,
SAN PEDRO DE CARTAGO,2019,,,,
SAN PEDRO DE CARTAGO,2020,,,,
SAN PEDRO DE CARTAGO,2021,,,,
SAN PEDRO DE CARTAGO,2022,,,,
SAN PEDRO DE CARTAGO,2023,,,,
SAN PEDRO DE LOS MILAGROS,2017,0.0,0.0,0.0,0.0
SAN PEDRO DE LOS MILAGROS,2018,0.0,0.0,0.0,0.0
SAN PEDRO DE LOS MILAGROS,2019,0.0,0.0,0.0,0.0
SAN PEDRO DE LOS MILAGROS,2020,0.0,0.0,0.0,0.0
SAN PEDRO DE LOS MILAGROS,2021,0.0,0.0,0.0,0.0
SAN PEDRO DE LOS MILAGROS,2022,0.0,0.0,0.0,0.0
SAN PEDRO DE LOS MILAGROS,2023,0.0,0.0,0.0,0.0
SAN PEDRO DE URABÁ,2017,0.0,0.0,0.0,0.0
SAN PEDRO DE URABÁ,2018,0.0,0.0,0.0,0.0
SAN PEDRO DE URABÁ,2019,0.0,0.0,0.0,0.0
SAN PEDRO DE URABÁ,2020,0.0,0.0,0.0,0.0
SAN PEDRO DE URABÁ,2021,0.0,0.0,0.0,0.0
SAN PEDRO DE URABÁ,2022,0.0,0.0,0.0,0.0
SAN PEDRO DE URABÁ,2023,0.0,0.0,0.0,0.0
SAN PELAYO,2017,0.0,0.0,0.0,0.0
SAN PELAYO,2018,0.0,0.0,0.0,0.0
SAN PELAYO,2019,0.0,0.0,0.0,0.0
SAN PELAYO,2020,0.0,0.0,0.0,0.0
SAN PELAYO,2021,0.0,0.0,0.0,0.0
SAN PELAYO,2022,0.0,0.0,0.0,0.0
SAN PELAYO,2023,0.0,0.0,0.0,0.0
SAN RAFAEL,2017,94.01,0.0,0.0,0.0
SAN RAFAEL,2018,0.0,492139.13,0.0,0.0
SAN RAFAEL,2019,0.0,0.0,0.0,0.0
SAN RAFAEL,2020,0.0,0.0,0.0,0.0
SAN RAFAEL,2021,0.0,0.0,0.0,0.0
SAN RAFAEL,2022,0.0,0.0,0.0,0.0
SAN RAFAEL,2023,0.0,0.0,0.0,0.0
SAN ROQUE,2017,94.37,0.0,0.0,0.0
SAN ROQUE,2018,0.0,449208.99,0.0,0.0
SAN ROQUE,2019,0.0,0.0,0.0,0.0
SAN ROQUE,2020,0.0,0.0,0.0,0.0
SAN ROQUE,2021,0.0,0.0,0.0,0.0
SAN ROQUE,2022,0.0,0.0,0.0,0.0
SAN ROQUE,2023,0.0,0.0,0.0,0.0
SAN SEBASTIÁN,2017,0.0,0.0,0.0,0.0
SAN SEBASTIÁN,2018,0.0,0.0,0.0,0.0
SAN SEBASTIÁN,2019,0.0,0.0,0.0,0.0
SAN SEBASTIÁN,2020,0.0,0.0,0.0,0.0
SAN SEBASTIÁN,2021,0.0,0.0,0.0,0.0
SAN SEBASTIÁN,2022,0.0,0.0,0.0,0.0
SAN SEBASTIÁN,2023,0.0,0.0,0.0,0.0
SAN SEBASTIÁN DE BUENAVISTA,2017,89.35,0.0,0.0,0.0
SAN SEBASTIÁN DE BUENAVISTA,2018,0.0,442981.08,0.0,0.0
SAN SEBASTIÁN DE BUENAVISTA,2019,0.0,0.0,0.0,0.0
SAN SEBASTIÁN DE BUENAVISTA,2020,0.0,0.0,0.0,0.0
SAN SEBASTIÁN DE BUENAVISTA,2021,0.0,0.0,0.0,0.0
SAN SEBASTIÁN DE BUENAVISTA,2022,0.0,0.0,0.0,0.0
SAN SEBASTIÁN DE BUENAVISTA,2023,0.0,0.0,0.0,0.0
SAN SEBASTIÁN DE MARIQUITA,2017,87.23,0.0,0.0,0.0
SAN SEBASTIÁN DE MARIQUITA,2018,0.0,125070.51,0.0,0.0
SAN SEBASTIÁN DE MARIQUITA,2019,0.0,0.0,0.0,0.0
SAN SEBASTIÁN DE MARIQUITA,2020,0.0,0.0,0.0,0.0
SAN SEBASTIÁN DE MARIQUITA,2021,0.0,0.0,0.0,0.0
SAN SEBASTIÁN DE MARIQUITA,2022,0.0,0.0,0.0,0.0
SAN SEBASTIÁN DE MARIQUITA,2023,0.0,0.0,0.0,0.0
SAN VICENTE DE CHUCURÍ,2017,91.31,0.0,0.0,0.0
SAN VICENTE DE CHUCURÍ,2018,0.0,664012.24,0.0,0.0
SAN VICENTE DE CHUCURÍ,2019,0.0,0.0,0.0,0.0
SAN VICENTE DE CHUCURÍ,2020,0.0,0.0,0.0,0.0
SAN VICENTE DE CHUCURÍ,2021,0.0,0.0,0.0,0.0
SAN VICENTE DE CHUCURÍ,2022,0.0,0.0,0.0,0.0
SAN VICENTE DE CHUCURÍ,2023,0.0,0.0,0.0,0.0
SAN VICENTE DEL CAGUÁN,2017,92.84,0.0,0.0,0.0
SAN VICENTE DEL CAGUÁN,2018,0.0,727144.81,0.0,0.0
SAN VICENTE DEL CAGUÁN,2019,0.0,0.0,0.0,0.0
SAN VICENTE DEL CAGUÁN,2020,0.0,0.0,0.0,0.0
SAN VICENTE DEL CAGUÁN,2021,0.0,0.0,0.0,0.0
SAN VICENTE DEL CAGUÁN,2022,0.0,0.0,0.0,0.0
SAN VICENTE DEL CAGUÁN,2023,0.0,0.0,0.0,0.0
SAN VICENTE FERRER,2017,0.0,0.0,0.0,0.0
SAN VICENTE FERRER,2018,0.0,0.0,0.0,0.0
SAN VICENTE FERRER,2019,0.0,0.0,0.0,0.0
SAN VICENTE FERRER,2020,0.0,0.0,0.0,0.0
SAN VICENTE FERRER,2021,0.0,0.0,0.0,0.0
SAN VICENTE FERRER,2022,0.0,0.0,0.0,0.0
SAN VICENTE FERRER,2023,0.0,0.0,0.0,0.0
SAN ZENÓN,2017,90.08,0.0,0.0,0.0
SAN ZENÓN,2018,0.0,447338.96,0.0,0.0
SAN ZENÓN,2019,0.0,0.0,0.0,0.0
SAN ZENÓN,2020,0.0,0.0,0.0,0.0
SAN ZENÓN,2021,0.0,0.0,0.0,0.0
SAN ZENÓN,2022,0.0,0.0,0.0,0.0
SAN ZENÓN,2023,0.0,0.0,0.0,0.0
SANDONÁ,2017,0.0,0.0,0.0,0.0
SANDONÁ,2018,0.0,0.0,0.0,0.0
SANDONÁ,2019,0.0,0.0,0.0,0.0
SANDONÁ,2020,0.0,0.0,0.0,0.0
SANDONÁ,2021,0.0,0.0,0.0,0.0
SANDONÁ,2022,0.0,0.0,0.0,0.0
SANDONÁ,2023,0.0,0.0,0.0,0.0
SANTA ANA,2017,87.68,0.0,0.0,0.0
SANTA ANA,2018,0.0,411304.24,0.0,0.0
SANTA ANA,2019,0.0,0.0,0.0,0.0
SANTA ANA,2020,0.0,0.0,0.0,0.0
SANTA ANA,2021,0.0,0.0,0.0,0.0
SANTA ANA,2022,0.0,0.0,0.0,0.0
SANTA ANA,2023,0.0,0.0,0.0,0.0
SANTA BÁRBARA,2017,0.0,0.0,0.0,0.0
SANTA BÁRBARA,2017,0.0,0.0,0.0,0.0
SANTA BÁRBARA,2017,0.0,0.0,0.0,0.0
SANTA BÁRBARA,2017,0.0,0.0,0.0,0.0
SANTA BÁRBARA,2017,0.0,0.0,0.0,0.0
SANTA BÁRBARA,2017,0.0,0.0,0.0,0.0
SANTA BÁRBARA,2017,0.0,0.0,0.0,0.0
SANTA BÁRBARA,2017,0.0,0.0,0.0,0.0
SANTA BÁRBARA,2017,0.0,0.0,0.0,0.0
SANTA BÁRBARA,2017,0.0,0.0,0.0,0.0
SANTA BÁRBARA,2017,0.0,0.0,0.0,0.0
SANTA BÁRBARA,2017,0.0,0.0,0.0,0.0
SANTA BÁRBARA,2017,0.0,0.0,0.0,0.0
SANTA BÁRBARA,2017,0.0,0.0,0.0,0.0
SANTA BÁRBARA,2017,0.0,0.0,0.0,0.0
SANTA BÁRBARA,2017,0.0,0.0,0.0,0.0
SANTA BÁRBARA,2017,0.0,0.0,0.0,0.0
SANTA BÁRBARA,2017,0.0,0.0,0.0,0.0
SANTA BÁRBARA,2017,0.0,0.0,0.0,0.0
SANTA BÁRBARA,2017,0.0,0.0,0.0,0.0
SANTA BÁRBARA,2017,0.0,0.0,0.0,0.0
SANTA BÁRBARA,2017,0.0,0.0,0.0,0.0
SANTA BÁRBARA,2017,0.0,0.0,0.0,0.0
SANTA BÁRBARA,2017,0.0,0.0,0.0,0.0
SANTA BÁRBARA,2017,0.0,0.0,0.0,0.0
SANTA BÁRBARA,2017,0.0,0.0,0.0,0.0
SANTA BÁRBARA,2017,0.0,0.0,0.0,0.0
SANTA BÁRBARA,2017,0.0,0.0,0.0,0.0
SANTA BÁRBARA,2017,0.0,0.0,0.0,0.0
SANTA BÁRBARA,2017,0.0,0.0,0.0,0.0
SANTA BÁRBARA,2017,0.0,0.0,0.0,0.0
SANTA BÁRBARA,2017,0.0,0.0,0.0,0.0
SANTA BÁRBARA,2017,0.0,0.0,0.0,0.0
SANTA BÁRBARA,2017,0.0,0.0,0.0,0.0
SANTA BÁRBARA,2017,0.0,0.0,0.0,0.0
SANTA BÁRBARA,2017,0.0,0.0,0.0,0.0
SANTA BÁRBARA,2017,0.0,0.0,0.0,0.0
SANTA BÁRBARA,2017,0.0,0.0,0.0,0.0
SANTA BÁRBARA,2017,0.0,0.0,0.0,0.0
SANTA BÁRBARA,2017,0.0,0.0,0.0,0.0
SANTA BÁRBARA,2017,0.0,0.0,0.0,0.0
SANTA BÁRBARA,2017,0.0,0.0,0.0,0.0
SANTA BÁRBARA,2017,0.0,0.0,0.0,0.0
SANTA BÁRBARA,2017,0.0,0.0,0.0,0.0
SANTA BÁRBARA,2017,0.0,0.0,0.0,0.0
SANTA BÁRBARA,2017,0.0,0.0,0.0,0.0
SANTA BÁRBARA,2017,0.0,0.0,0.0,0.0
SANTA BÁRBARA,2017,0.0,0.0,0.0,0.0
SANTA BÁRBARA,2017,0.0,0.0,0.0,0.0
SANTA BÁRBARA,2017,0.0,0.0,0.0,0.0
SANTA BÁRBARA,2017,0.0,0.0,0.0,0.0
SANTA BÁRBARA,2017,0.0,0.0,0.0,0.0
SANTA BÁRBARA,2017,0.0,0.0,0.0,0.0
SANTA BÁRBARA,2017,0.0,0.0,0.0,0.0
SANTA BÁRBARA,2017,87.33,0.0,0.0,0.0
SANTA BÁRBARA,2017,87.33,0.0,0.0,0.0
SANTA BÁRBARA,2017,87.33,0.0,0.0,0.0
SANTA BÁRBARA,2017,87.33,0.0,0.0,0.0
SANTA BÁRBARA,2017,87.33,0.0,0.0,0.0
SANTA BÁRBARA,2017,87.33,0.0,0.0,0.0
SANTA BÁRBARA,2017,87.33,0.0,0.0,0.0
SANTA BÁRBARA,2017,87.33,0.0,0.0,0.0
SANTA BÁRBARA,2017,87.33,0.0,0.0,0.0
SANTA BÁRBARA,2017,87.33,0.0,0.0,0.0
SANTA BÁRBARA,2017,87.33,0.0,0.0,0.0
SANTA BÁRBARA,2017,87.33,0.0,0.0,0.0
SANTA BÁRBARA,2017,87.33,0.0,0.0,0.0
SANTA BÁRBARA,2017,87.33,0.0,0.0,0.0
SANTA BÁRBARA,2017,87.33,0.0,0.0,0.0
SANTA BÁRBARA,2017,87.33,0.0,0.0,0.0
SANTA BÁRBARA,2017,87.33,0.0,0.0,0.0
SANTA BÁRBARA,2017,87.33,0.0,0.0,0.0
SANTA BÁRBARA,2017,87.33,0.0,0.0,0.0
SANTA BÁRBARA,2017,87.33,0.0,0.0,0.0
SANTA BÁRBARA,2017,87.33,0.0,0.0,0.0
SANTA BÁRBARA,2017,87.33,0.0,0.0,0.0
SANTA BÁRBARA,2017,87.33,0.0,0.0,0.0
SANTA BÁRBARA,2017,87.33,0.0,0.0,0.0
SANTA BÁRBARA,2017,87.33,0.0,0.0,0.0
SANTA BÁRBARA,2017,87.33,0.0,0.0,0.0
SANTA BÁRBARA,2017,87.33,0.0,0.0,0.0
SANTA BÁRBARA,2018,0.0,0.0,0.0,0.0
SANTA BÁRBARA,2018,0.0,0.0,0.0,0.0
SANTA BÁRBARA,2018,0.0,0.0,0.0,0.0
SANTA BÁRBARA,2018,0.0,0.0,0.0,0.0
SANTA BÁRBARA,2018,0.0,0.0,0.0,0.0
SANTA BÁRBARA,2018,0.0,0.0,0.0,0.0
SANTA BÁRBARA,2018,0.0,0.0,0.0,0.0
SANTA BÁRBARA,2018,0.0,0.0,0.0,0.0
SANTA BÁRBARA,2018,0.0,0.0,0.0,0.0
SANTA BÁRBARA,2018,0.0,0.0,0.0,0.0
SANTA BÁRBARA,2018,0.0,0.0,0.0,0.0
SANTA BÁRBARA,2018,0.0,0.0,0.0,0.0
SANTA BÁRBARA,2018,0.0,0.0,0.0,0.0
SANTA BÁRBARA,2018,0.0,0.0,0.0,0.0
SANTA BÁRBARA,2018,0.0,0.0,0.0,0.0
SANTA BÁRBARA,2018,0.0,0.0,0.0,0.0
SANTA BÁRBARA,2018,0.0,0.0,0.0,0.0
SANTA BÁRBARA,2018,0.0,0.0,0.0,0.0
SANTA BÁRBARA,2018,0.0,542461.81,0.0,0.0
SANTA BÁRBARA,2018,0.0,542461.81,0.0,0.0
SANTA BÁRBARA,2018,0.0,542461.81,0.0,0.0
SANTA BÁRBARA,2018,0.0,542461.81,0.0,0.0
SANTA BÁRBARA,2018,0.0,542461.81,0.0,0.0
SANTA BÁRBARA,2018,0.0,542461.81,0.0,0.0
SANTA BÁRBARA,2018,0.0,542461.81,0.0,0.0
SANTA BÁRBARA,2018,0.0,542461.81,0.0,0.0
SANTA BÁRBARA,2018,0.0,542461.81,0.0,0.0
SANTA BÁRBARA,2018,0.0,0.0,0.0,0.0
SANTA BÁRBARA,2018,0.0,0.0,0.0,0.0
SANTA BÁRBARA,2018,0.0,0.0,0.0,0.0
SANTA BÁRBARA,2018,0.0,0.0,0.0,0.0
SANTA BÁRBARA,2018,0.0,0.0,0.0,0.0
SANTA BÁRBARA,2018,0.0,0.0,0.0,0.0
SANTA BÁRBARA,2018,0.0,0.0,0.0,0.0
SANTA BÁRBARA,2018,0.0,0.0,0.0,0.0
SANTA BÁRBARA,2018,0.0,0.0,0.0,0.0
SANTA BÁRBARA,2018,0.0,0.0,0.0,0.0
SANTA BÁRBARA,2018,0.0,0.0,0.0,0.0
SANTA BÁRBARA,2018,0.0,0.0,0.0,0.0
SANTA BÁRBARA,2018,0.0,0.0,0.0,0.0
SANTA BÁRBARA,2018,0.0,0.0,0.0,0.0
SANTA BÁRBARA,2018,0.0,0.0,0.0,0.0
SANTA BÁRBARA,2018,0.0,0.0,0.0,0.0
SANTA BÁRBARA,2018,0.0,0.0,0.0,0.0
SANTA BÁRBARA,2018,0.0,0.0,0.0,0.0
SANTA BÁRBARA,2018,0.0,542461.81,0.0,0.0
SANTA BÁRBARA,2018,0.0,542461.81,0.0,0.0
SANTA BÁRBARA,2018,0.0,542461.81,0.0,0.0
SANTA BÁRBARA,2018,0.0,542461.81,0.0,0.0
SANTA BÁRBARA,2018,0.0,542461.81,0.0,0.0
SANTA BÁRBARA,2018,0.0,542461.81,0.0,0.0
SANTA BÁRBARA,2018,0.0,542461.81,0.0,0.0
SANTA BÁRBARA,2018,0.0,542461.81,0.0,0.0
SANTA BÁRBARA,2018,0.0,542461.81,0.0,0.0
SANTA BÁRBARA,2018,0.0,0.0,0.0,0.0
SANTA BÁRBARA,2018,0.0,0.0,0.0,0.0
SANTA BÁRBARA,2018,0.0,0.0,0.0,0.0
SANTA BÁRBARA,2018,0.0,0.0,0.0,0.0
SANTA BÁRBARA,2018,0.0,0.0,0.0,0.0
SANTA BÁRBARA,2018,0.0,0.0,0.0,0.0
SANTA BÁRBARA,2018,0.0,0.0,0.0,0.0
SANTA BÁRBARA,2018,0.0,0.0,0.0,0.0
SANTA BÁRBARA,2018,0.0,0.0,0.0,0.0
SANTA BÁRBARA,2018,0.0,0.0,0.0,0.0
SANTA BÁRBARA,2018,0.0,0.0,0.0,0.0
SANTA BÁRBARA,2018,0.0,0.0,0.0,0.0
SANTA BÁRBARA,2018,0.0,0.0,0.0,0.0
SANTA BÁRBARA,2018,0.0,0.0,0.0,0.0
SANTA BÁRBARA,2018,0.0,0.0,0.0,0.0
SANTA BÁRBARA,2018,0.0,0.0,0.0,0.0
SANTA BÁRBARA,2018,0.0,0.0,0.0,0.0
SANTA BÁRBARA,2018,0.0,0.0,0.0,0.0
SANTA BÁRBARA,2018,0.0,542461.81,0.0,0.0
SANTA BÁRBARA,2018,0.0,542461.81,0.0,0.0
SANTA BÁRBARA,2018,0.0,542461.81,0.0,0.0
SANTA BÁRBARA,2018,0.0,542461.81,0.0,0.0
SANTA BÁRBARA,2018,0.0,542461.81,0.0,0.0
SANTA BÁRBARA,2018,0.0,542461.81,0.0,0.0
SANTA BÁRBARA,2018,0.0,542461.81,0.0,0.0
SANTA BÁRBARA,2018,0.0,542461.81,0.0,0.0
SANTA BÁRBARA,2018,0.0,542461.81,0.0,0.0
SANTA BÁRBARA,2019,0.0,0.0,0.0,0.0
SANTA BÁRBARA,2019,0.0,0.0,0.0,0.0
SANTA BÁRBARA,2019,0.0,0.0,0.0,0.0
SANTA BÁRBARA,2019,0.0,0.0,0.0,0.0
SANTA BÁRBARA,2019,0.0,0.0,0.0,0.0
SANTA BÁRBARA,2019,0.0,0.0,0.0,0.0
SANTA BÁRBARA,2019,0.0,0.0,0.0,0.0
SANTA BÁRBARA,2019,0.0,0.0,0.0,0.0
SANTA BÁRBARA,2019,0.0,0.0,0.0,0.0
SANTA BÁRBARA,2019,0.0,0.0,0.0,0.0
SANTA BÁRBARA,2019,0.0,0.0,0.0,0.0
SANTA BÁRBARA,2019,0.0,0.0,0.0,0.0
SANTA BÁRBARA,2019,0.0,0.0,0.0,0.0
SANTA BÁRBARA,2019,0.0,0.0,0.0,0.0
SANTA BÁRBARA,2019,0.0,0.0,0.0,0.0
SANTA BÁRBARA,2019,0.0,0.0,0.0,0.0
SANTA BÁRBARA,2019,0.0,0.0,0.0,0.0
SANTA BÁRBARA,2019,0.0,0.0,0.0,0.0
SANTA BÁRBARA,2019,0.0,0.0,0.0,0.0
SANTA BÁRBARA,2019,0.0,0.0,0.0,0.0
SANTA BÁRBARA,2019,0.0,0.0,0.0,0.0
SANTA BÁRBARA,2019,0.0,0.0,0.0,0.0
SANTA BÁRBARA,2019,0.0,0.0,0.0,0.0
SANTA BÁRBARA,2019,0.0,0.0,0.0,0.0
SANTA BÁRBARA,2019,0.0,0.0,0.0,0.0
SANTA BÁRBARA,2019,0.0,0.0,0.0,0.0
SANTA BÁRBARA,2019,0.0,0.0,0.0,0.0
SANTA BÁRBARA,2019,0.0,0.0,0.0,0.0
SANTA BÁRBARA,2019,0.0,0.0,0.0,0.0
SANTA BÁRBARA,2019,0.0,0.0,0.0,0.0
SANTA BÁRBARA,2019,0.0,0.0,0.0,0.0
SANTA BÁRBARA,2019,0.0,0.0,0.0,0.0
SANTA BÁRBARA,2019,0.0,0.0,0.0,0.0
SANTA BÁRBARA,2019,0.0,0.0,0.0,0.0
SANTA BÁRBARA,2019,0.0,0.0,0.0,0.0
SANTA BÁRBARA,2019,0.0,0.0,0.0,0.0
SANTA BÁRBARA,2019,0.0,0.0,0.0,0.0
SANTA BÁRBARA,2019,0.0,0.0,0.0,0.0
SANTA BÁRBARA,2019,0.0,0.0,0.0,0.0
SANTA BÁRBARA,2019,0.0,0.0,0.0,0.0
SANTA BÁRBARA,2019,0.0,0.0,0.0,0.0
SANTA BÁRBARA,2019,0.0,0.0,0.0,0.0
SANTA BÁRBARA,2019,0.0,0.0,0.0,0.0
SANTA BÁRBARA,2019,0.0,0.0,0.0,0.0
SANTA BÁRBARA,2019,0.0,0.0,0.0,0.0
SANTA BÁRBARA,2019,0.0,0.0,0.0,0.0
SANTA BÁRBARA,2019,0.0,0.0,0.0,0.0
SANTA BÁRBARA,2019,0.0,0.0,0.0,0.0
SANTA BÁRBARA,2019,0.0,0.0,0.0,0.0
SANTA BÁRBARA,2019,0.0,0.0,0.0,0.0
SANTA BÁRBARA,2019,0.0,0.0,0.0,0.0
SANTA BÁRBARA,2019,0.0,0.0,0.0,0.0
SANTA BÁRBARA,2019,0.0,0.0,0.0,0.0
SANTA BÁRBARA,2019,0.0,0.0,0.0,0.0
SANTA BÁRBARA,2019,0.0,0.0,0.0,0.0
SANTA BÁRBARA,2019,0.0,0.0,0.0,0.0
SANTA BÁRBARA,2019,0.0,0.0,0.0,0.0
SANTA BÁRBARA,2019,0.0,0.0,0.0,0.0
SANTA BÁRBARA,2019,0.0,0.0,0.0,0.0
SANTA BÁRBARA,2019,0.0,0.0,0.0,0.0
SANTA BÁRBARA,2019,0.0,0.0,0.0,0.0
SANTA BÁRBARA,2019,0.0,0.0,0.0,0.0
SANTA BÁRBARA,2019,0.0,0.0,0.0,0.0
SANTA BÁRBARA,2019,0.0,0.0,0.0,0.0
SANTA BÁRBARA,2019,0.0,0.0,0.0,0.0
SANTA BÁRBARA,2019,0.0,0.0,0.0,0.0
SANTA BÁRBARA,2019,0.0,0.0,0.0,0.0
SANTA BÁRBARA,2019,0.0,0.0,0.0,0.0
SANTA BÁRBARA,2019,0.0,0.0,0.0,0.0
SANTA BÁRBARA,2019,0.0,0.0,0.0,0.0
SANTA BÁRBARA,2019,0.0,0.0,0.0,0.0
SANTA BÁRBARA,2019,0.0,0.0,0.0,0.0
SANTA BÁRBARA,2019,0.0,0.0,0.0,0.0
SANTA BÁRBARA,2019,0.0,0.0,0.0,0.0
SANTA BÁRBARA,2019,0.0,0.0,0.0,0.0
SANTA BÁRBARA,2019,0.0,0.0,0.0,0.0
SANTA BÁRBARA,2019,0.0,0.0,0.0,0.0
SANTA BÁRBARA,2019,0.0,0.0,0.0,0.0
SANTA BÁRBARA,2019,0.0,0.0,0.0,0.0
SANTA BÁRBARA,2019,0.0,0.0,0.0,0.0
SANTA BÁRBARA,2019,0.0,0.0,0.0,0.0
SANTA BÁRBARA,2020,0.0,0.0,0.0,0.0
SANTA BÁRBARA,2020,0.0,0.0,0.0,0.0
SANTA BÁRBARA,2020,0.0,0.0,0.0,0.0
SANTA BÁRBARA,2020,0.0,0.0,0.0,0.0
SANTA BÁRBARA,2020,0.0,0.0,0.0,0.0
SANTA BÁRBARA,2020,0.0,0.0,0.0,0.0
SANTA BÁRBARA,2020,0.0,0.0,0.0,0.0
SANTA BÁRBARA,2020,0.0,0.0,0.0,0.0
SANTA BÁRBARA,2020,0.0,0.0,0.0,0.0
SANTA BÁRBARA,2020,0.0,0.0,0.0,0.0
SANTA BÁRBARA,2020,0.0,0.0,0.0,0.0
SANTA BÁRBARA,2020,0.0,0.0,0.0,0.0
SANTA BÁRBARA,2020,0.0,0.0,0.0,0.0
SANTA BÁRBARA,2020,0.0,0.0,0.0,0.0
SANTA BÁRBARA,2020,0.0,0.0,0.0,0.0
SANTA BÁRBARA,2020,0.0,0.0,0.0,0.0
SANTA BÁRBARA,2020,0.0,0.0,0.0,0.0
SANTA BÁRBARA,2020,0.0,0.0,0.0,0.0
SANTA BÁRBARA,2020,0.0,0.0,0.0,0.0
SANTA BÁRBARA,2020,0.0,0.0,0.0,0.0
SANTA BÁRBARA,2020,0.0,0.0,0.0,0.0
SANTA BÁRBARA,2020,0.0,0.0,0.0,0.0
SANTA BÁRBARA,2020,0.0,0.0,0.0,0.0
SANTA BÁRBARA,2020,0.0,0.0,0.0,0.0
SANTA BÁRBARA,2020,0.0,0.0,0.0,0.0
SANTA BÁRBARA,2020,0.0,0.0,0.0,0.0
SANTA BÁRBARA,2020,0.0,0.0,0.0,0.0
SANTA BÁRBARA,2020,0.0,0.0,0.0,0.0
SANTA BÁRBARA,2020,0.0,0.0,0.0,0.0
SANTA BÁRBARA,2020,0.0,0.0,0.0,0.0
SANTA BÁRBARA,2020,0.0,0.0,0.0,0.0
SANTA BÁRBARA,2020,0.0,0.0,0.0,0.0
SANTA BÁRBARA,2020,0.0,0.0,0.0,0.0
SANTA BÁRBARA,2020,0.0,0.0,0.0,0.0
SANTA BÁRBARA,2020,0.0,0.0,0.0,0.0
SANTA BÁRBARA,2020,0.0,0.0,0.0,0.0
SANTA BÁRBARA,2020,0.0,0.0,0.0,0.0
SANTA BÁRBARA,2020,0.0,0.0,0.0,0.0
SANTA BÁRBARA,2020,0.0,0.0,0.0,0.0
SANTA BÁRBARA,2020,0.0,0.0,0.0,0.0
SANTA BÁRBARA,2020,0.0,0.0,0.0,0.0
SANTA BÁRBARA,2020,0.0,0.0,0.0,0.0
SANTA BÁRBARA,2020,0.0,0.0,0.0,0.0
SANTA BÁRBARA,2020,0.0,0.0,0.0,0.0
SANTA BÁRBARA,2020,0.0,0.0,0.0,0.0
SANTA BÁRBARA,2020,0.0,0.0,0.0,0.0
SANTA BÁRBARA,2020,0.0,0.0,0.0,0.0
SANTA BÁRBARA,2020,0.0,0.0,0.0,0.0
SANTA BÁRBARA,2020,0.0,0.0,0.0,0.0
SANTA BÁRBARA,2020,0.0,0.0,0.0,0.0
SANTA BÁRBARA,2020,0.0,0.0,0.0,0.0
SANTA BÁRBARA,2020,0.0,0.0,0.0,0.0
SANTA BÁRBARA,2020,0.0,0.0,0.0,0.0
SANTA BÁRBARA,2020,0.0,0.0,0.0,0.0
SANTA BÁRBARA,2020,0.0,0.0,0.0,0.0
SANTA BÁRBARA,2020,0.0,0.0,0.0,0.0
SANTA BÁRBARA,2020,0.0,0.0,0.0,0.0
SANTA BÁRBARA,2020,0.0,0.0,0.0,0.0
SANTA BÁRBARA,2020,0.0,0.0,0.0,0.0
SANTA BÁRBARA,2020,0.0,0.0,0.0,0.0
SANTA BÁRBARA,2020,0.0,0.0,0.0,0.0
SANTA BÁRBARA,2020,0.0,0.0,0.0,0.0
SANTA BÁRBARA,2020,0.0,0.0,0.0,0.0
SANTA BÁRBARA,2020,0.0,0.0,0.0,0.0
SANTA BÁRBARA,2020,0.0,0.0,0.0,0.0
SANTA BÁRBARA,2020,0.0,0.0,0.0,0.0
SANTA BÁRBARA,2020,0.0,0.0,0.0,0.0
SANTA BÁRBARA,2020,0.0,0.0,0.0,0.0
SANTA BÁRBARA,2020,0.0,0.0,0.0,0.0
SANTA BÁRBARA,2020,0.0,0.0,0.0,0.0
SANTA BÁRBARA,2020,0.0,0.0,0.0,0.0
SANTA BÁRBARA,2020,0.0,0.0,0.0,0.0
SANTA BÁRBARA,2020,0.0,0.0,0.0,0.0
SANTA BÁRBARA,2020,0.0,0.0,0.0,0.0
SANTA BÁRBARA,2020,0.0,0.0,0.0,0.0
SANTA BÁRBARA,2020,0.0,0.0,0.0,0.0
SANTA BÁRBARA,2020,0.0,0.0,0.0,0.0
SANTA BÁRBARA,2020,0.0,0.0,0.0,0.0
SANTA BÁRBARA,2020,0.0,0.0,0.0,0.0
SANTA BÁRBARA,2020,0.0,0.0,0.0,0.0
SANTA BÁRBARA,2020,0.0,0.0,0.0,0.0
SANTA BÁRBARA,2021,0.0,0.0,0.0,0.0
SANTA BÁRBARA,2021,0.0,0.0,0.0,0.0
SANTA BÁRBARA,2021,0.0,0.0,0.0,0.0
SANTA BÁRBARA,2021,0.0,0.0,0.0,0.0
SANTA BÁRBARA,2021,0.0,0.0,0.0,0.0
SANTA BÁRBARA,2021,0.0,0.0,0.0,0.0
SANTA BÁRBARA,2021,0.0,0.0,0.0,0.0
SANTA BÁRBARA,2021,0.0,0.0,0.0,0.0
SANTA BÁRBARA,2021,0.0,0.0,0.0,0.0
SANTA BÁRBARA,2021,0.0,0.0,0.0,0.0
SANTA BÁRBARA,2021,0.0,0.0,0.0,0.0
SANTA BÁRBARA,2021,0.0,0.0,0.0,0.0
SANTA BÁRBARA,2021,0.0,0.0,0.0,0.0
SANTA BÁRBARA,2021,0.0,0.0,0.0,0.0
SANTA BÁRBARA,2021,0.0,0.0,0.0,0.0
SANTA BÁRBARA,2021,0.0,0.0,0.0,0.0
SANTA BÁRBARA,2021,0.0,0.0,0.0,0.0
SANTA BÁRBARA,2021,0.0,0.0,0.0,0.0
SANTA BÁRBARA,2021,0.0,0.0,0.0,0.0
SANTA BÁRBARA,2021,0.0,0.0,0.0,0.0
SANTA BÁRBARA,2021,0.0,0.0,0.0,0.0
SANTA BÁRBARA,2021,0.0,0.0,0.0,0.0
SANTA BÁRBARA,2021,0.0,0.0,0.0,0.0
SANTA BÁRBARA,2021,0.0,0.0,0.0,0.0
SANTA BÁRBARA,2021,0.0,0.0,0.0,0.0
SANTA BÁRBARA,2021,0.0,0.0,0.0,0.0
SANTA BÁRBARA,2021,0.0,0.0,0.0,0.0
SANTA BÁRBARA,2021,0.0,0.0,0.0,0.0
SANTA BÁRBARA,2021,0.0,0.0,0.0,0.0
SANTA BÁRBARA,2021,0.0,0.0,0.0,0.0
SANTA BÁRBARA,2021,0.0,0.0,0.0,0.0
SANTA BÁRBARA,2021,0.0,0.0,0.0,0.0
SANTA BÁRBARA,2021,0.0,0.0,0.0,0.0
SANTA BÁRBARA,2021,0.0,0.0,0.0,0.0
SANTA BÁRBARA,2021,0.0,0.0,0.0,0.0
SANTA BÁRBARA,2021,0.0,0.0,0.0,0.0
SANTA BÁRBARA,2021,0.0,0.0,0.0,0.0
SANTA BÁRBARA,2021,0.0,0.0,0.0,0.0
SANTA BÁRBARA,2021,0.0,0.0,0.0,0.0
SANTA BÁRBARA,2021,0.0,0.0,0.0,0.0
SANTA BÁRBARA,2021,0.0,0.0,0.0,0.0
SANTA BÁRBARA,2021,0.0,0.0,0.0,0.0
SANTA BÁRBARA,2021,0.0,0.0,0.0,0.0
SANTA BÁRBARA,2021,0.0,0.0,0.0,0.0
SANTA BÁRBARA,2021,0.0,0.0,0.0,0.0
SANTA BÁRBARA,2021,0.0,0.0,0.0,0.0
SANTA BÁRBARA,2021,0.0,0.0,0.0,0.0
SANTA BÁRBARA,2021,0.0,0.0,0.0,0.0
SANTA BÁRBARA,2021,0.0,0.0,0.0,0.0
SANTA BÁRBARA,2021,0.0,0.0,0.0,0.0
SANTA BÁRBARA,2021,0.0,0.0,0.0,0.0
SANTA BÁRBARA,2021,0.0,0.0,0.0,0.0
SANTA BÁRBARA,2021,0.0,0.0,0.0,0.0
SANTA BÁRBARA,2021,0.0,0.0,0.0,0.0
SANTA BÁRBARA,2021,0.0,0.0,0.0,0.0
SANTA BÁRBARA,2021,0.0,0.0,0.0,0.0
SANTA BÁRBARA,2021,0.0,0.0,0.0,0.0
SANTA BÁRBARA,2021,0.0,0.0,0.0,0.0
SANTA BÁRBARA,2021,0.0,0.0,0.0,0.0
SANTA BÁRBARA,2021,0.0,0.0,0.0,0.0
SANTA BÁRBARA,2021,0.0,0.0,0.0,0.0
SANTA BÁRBARA,2021,0.0,0.0,0.0,0.0
SANTA BÁRBARA,2021,0.0,0.0,0.0,0.0
SANTA BÁRBARA,2021,0.0,0.0,0.0,0.0
SANTA BÁRBARA,2021,0.0,0.0,0.0,0.0
SANTA BÁRBARA,2021,0.0,0.0,0.0,0.0
SANTA BÁRBARA,2021,0.0,0.0,0.0,0.0
SANTA BÁRBARA,2021,0.0,0.0,0.0,0.0
SANTA BÁRBARA,2021,0.0,0.0,0.0,0.0
SANTA BÁRBARA,2021,0.0,0.0,0.0,0.0
SANTA BÁRBARA,2021,0.0,0.0,0.0,0.0
SANTA BÁRBARA,2021,0.0,0.0,0.0,0.0
SANTA BÁRBARA,2021,0.0,0.0,0.0,0.0
SANTA BÁRBARA,2021,0.0,0.0,0.0,0.0
SANTA BÁRBARA,2021,0.0,0.0,0.0,0.0
SANTA BÁRBARA,2021,0.0,0.0,0.0,0.0
SANTA BÁRBARA,2021,0.0,0.0,0.0,0.0
SANTA BÁRBARA,2021,0.0,0.0,0.0,0.0
SANTA BÁRBARA,2021,0.0,0.0,0.0,0.0
SANTA BÁRBARA,2021,0.0,0.0,0.0,0.0
SANTA BÁRBARA,2021,0.0,0.0,0.0,0.0
SANTA BÁRBARA,2022,0.0,0.0,0.0,0.0
SANTA BÁRBARA,2022,0.0,0.0,0.0,0.0
SANTA BÁRBARA,2022,0.0,0.0,0.0,0.0
SANTA BÁRBARA,2022,0.0,0.0,0.0,0.0
SANTA BÁRBARA,2022,0.0,0.0,0.0,0.0
SANTA BÁRBARA,2022,0.0,0.0,0.0,0.0
SANTA BÁRBARA,2022,0.0,0.0,0.0,0.0
SANTA BÁRBARA,2022,0.0,0.0,0.0,0.0
SANTA BÁRBARA,2022,0.0,0.0,0.0,0.0
SANTA BÁRBARA,2022,0.0,0.0,0.0,0.0
SANTA BÁRBARA,2022,0.0,0.0,0.0,0.0
SANTA BÁRBARA,2022,0.0,0.0,0.0,0.0
SANTA BÁRBARA,2022,0.0,0.0,0.0,0.0
SANTA BÁRBARA,2022,0.0,0.0,0.0,0.0
SANTA BÁRBARA,2022,0.0,0.0,0.0,0.0
SANTA BÁRBARA,2022,0.0,0.0,0.0,0.0
SANTA BÁRBARA,2022,0.0,0.0,0.0,0.0
SANTA BÁRBARA,2022,0.0,0.0,0.0,0.0
SANTA BÁRBARA,2022,0.0,0.0,0.0,0.0
SANTA BÁRBARA,2022,0.0,0.0,0.0,0.0
SANTA BÁRBARA,2022,0.0,0.0,0.0,0.0
SANTA BÁRBARA,2022,0.0,0.0,0.0,0.0
SANTA BÁRBARA,2022,0.0,0.0,0.0,0.0
SANTA BÁRBARA,2022,0.0,0.0,0.0,0.0
SANTA BÁRBARA,2022,0.0,0.0,0.0,0.0
SANTA BÁRBARA,2022,0.0,0.0,0.0,0.0
SANTA BÁRBARA,2022,0.0,0.0,0.0,0.0
SANTA BÁRBARA,2022,0.0,0.0,0.0,0.0
SANTA BÁRBARA,2022,0.0,0.0,0.0,0.0
SANTA BÁRBARA,2022,0.0,0.0,0.0,0.0
SANTA BÁRBARA,2022,0.0,0.0,0.0,0.0
SANTA BÁRBARA,2022,0.0,0.0,0.0,0.0
SANTA BÁRBARA,2022,0.0,0.0,0.0,0.0
SANTA BÁRBARA,2022,0.0,0.0,0.0,0.0
SANTA BÁRBARA,2022,0.0,0.0,0.0,0.0
SANTA BÁRBARA,2022,0.0,0.0,0.0,0.0
SANTA BÁRBARA,2022,0.0,0.0,0.0,0.0
SANTA BÁRBARA,2022,0.0,0.0,0.0,0.0
SANTA BÁRBARA,2022,0.0,0.0,0.0,0.0
SANTA BÁRBARA,2022,0.0,0.0,0.0,0.0
SANTA BÁRBARA,2022,0.0,0.0,0.0,0.0
SANTA BÁRBARA,2022,0.0,0.0,0.0,0.0
SANTA BÁRBARA,2022,0.0,0.0,0.0,0.0
SANTA BÁRBARA,2022,0.0,0.0,0.0,0.0
SANTA BÁRBARA,2022,0.0,0.0,0.0,0.0
SANTA BÁRBARA,2022,0.0,0.0,0.0,0.0
SANTA BÁRBARA,2022,0.0,0.0,0.0,0.0
SANTA BÁRBARA,2022,0.0,0.0,0.0,0.0
SANTA BÁRBARA,2022,0.0,0.0,0.0,0.0
SANTA BÁRBARA,2022,0.0,0.0,0.0,0.0
SANTA BÁRBARA,2022,0.0,0.0,0.0,0.0
SANTA BÁRBARA,2022,0.0,0.0,0.0,0.0
SANTA BÁRBARA,2022,0.0,0.0,0.0,0.0
SANTA BÁRBARA,2022,0.0,0.0,0.0,0.0
SANTA BÁRBARA,2022,0.0,0.0,0.0,0.0
SANTA BÁRBARA,2022,0.0,0.0,0.0,0.0
SANTA BÁRBARA,2022,0.0,0.0,0.0,0.0
SANTA BÁRBARA,2022,0.0,0.0,0.0,0.0
SANTA BÁRBARA,2022,0.0,0.0,0.0,0.0
SANTA BÁRBARA,2022,0.0,0.0,0.0,0.0
SANTA BÁRBARA,2022,0.0,0.0,0.0,0.0
SANTA BÁRBARA,2022,0.0,0.0,0.0,0.0
SANTA BÁRBARA,2022,0.0,0.0,0.0,0.0
SANTA BÁRBARA,2022,0.0,0.0,0.0,0.0
SANTA BÁRBARA,2022,0.0,0.0,0.0,0.0
SANTA BÁRBARA,2022,0.0,0.0,0.0,0.0
SANTA BÁRBARA,2022,0.0,0.0,0.0,0.0
SANTA BÁRBARA,2022,0.0,0.0,0.0,0.0
SANTA BÁRBARA,2022,0.0,0.0,0.0,0.0
SANTA BÁRBARA,2022,0.0,0.0,0.0,0.0
SANTA BÁRBARA,2022,0.0,0.0,0.0,0.0
SANTA BÁRBARA,2022,0.0,0.0,0.0,0.0
SANTA BÁRBARA,2022,0.0,0.0,0.0,0.0
SANTA BÁRBARA,2022,0.0,0.0,0.0,0.0
SANTA BÁRBARA,2022,0.0,0.0,0.0,0.0
SANTA BÁRBARA,2022,0.0,0.0,0.0,0.0
SANTA BÁRBARA,2022,0.0,0.0,0.0,0.0
SANTA BÁRBARA,2022,0.0,0.0,0.0,0.0
SANTA BÁRBARA,2022,0.0,0.0,0.0,0.0
SANTA BÁRBARA,2022,0.0,0.0,0.0,0.0
SANTA BÁRBARA,2022,0.0,0.0,0.0,0.0
SANTA BÁRBARA,2023,0.0,0.0,0.0,0.0
SANTA BÁRBARA,2023,0.0,0.0,0.0,0.0
SANTA BÁRBARA,2023,0.0,0.0,0.0,0.0
SANTA BÁRBARA,2023,0.0,0.0,0.0,0.0
SANTA BÁRBARA,2023,0.0,0.0,0.0,0.0
SANTA BÁRBARA,2023,0.0,0.0,0.0,0.0
SANTA BÁRBARA,2023,0.0,0.0,0.0,0.0
SANTA BÁRBARA,2023,0.0,0.0,0.0,0.0
SANTA BÁRBARA,2023,0.0,0.0,0.0,0.0
SANTA BÁRBARA,2023,0.0,0.0,0.0,0.0
SANTA BÁRBARA,2023,0.0,0.0,0.0,0.0
SANTA BÁRBARA,2023,0.0,0.0,0.0,0.0
SANTA BÁRBARA,2023,0.0,0.0,0.0,0.0
SANTA BÁRBARA,2023,0.0,0.0,0.0,0.0
SANTA BÁRBARA,2023,0.0,0.0,0.0,0.0
SANTA BÁRBARA,2023,0.0,0.0,0.0,0.0
SANTA BÁRBARA,2023,0.0,0.0,0.0,0.0
SANTA BÁRBARA,2023,0.0,0.0,0.0,0.0
SANTA BÁRBARA,2023,0.0,0.0,0.0,0.0
SANTA BÁRBARA,2023,0.0,0.0,0.0,0.0
SANTA BÁRBARA,2023,0.0,0.0,0.0,0.0
SANTA BÁRBARA,2023,0.0,0.0,0.0,0.0
SANTA BÁRBARA,2023,0.0,0.0,0.0,0.0
SANTA BÁRBARA,2023,0.0,0.0,0.0,0.0
SANTA BÁRBARA,2023,0.0,0.0,0.0,0.0
SANTA BÁRBARA,2023,0.0,0.0,0.0,0.0
SANTA BÁRBARA,2023,0.0,0.0,0.0,0.0
SANTA BÁRBARA,2023,0.0,0.0,0.0,0.0
SANTA BÁRBARA,2023,0.0,0.0,0.0,0.0
SANTA BÁRBARA,2023,0.0,0.0,0.0,0.0
SANTA BÁRBARA,2023,0.0,0.0,0.0,0.0
SANTA BÁRBARA,2023,0.0,0.0,0.0,0.0
SANTA BÁRBARA,2023,0.0,0.0,0.0,0.0
SANTA BÁRBARA,2023,0.0,0.0,0.0,0.0
SANTA BÁRBARA,2023,0.0,0.0,0.0,0.0
SANTA BÁRBARA,2023,0.0,0.0,0.0,0.0
SANTA BÁRBARA,2023,0.0,0.0,0.0,0.0
SANTA BÁRBARA,2023,0.0,0.0,0.0,0.0
SANTA BÁRBARA,2023,0.0,0.0,0.0,0.0
SANTA BÁRBARA,2023,0.0,0.0,0.0,0.0
SANTA BÁRBARA,2023,0.0,0.0,0.0,0.0
SANTA BÁRBARA,2023,0.0,0.0,0.0,0.0
SANTA BÁRBARA,2023,0.0,0.0,0.0,0.0
SANTA BÁRBARA,2023,0.0,0.0,0.0,0.0
SANTA BÁRBARA,2023,0.0,0.0,0.0,0.0
SANTA BÁRBARA,2023,0.0,0.0,0.0,0.0
SANTA BÁRBARA,2023,0.0,0.0,0.0,0.0
SANTA BÁRBARA,2023,0.0,0.0,0.0,0.0
SANTA BÁRBARA,2023,0.0,0.0,0.0,0.0
SANTA BÁRBARA,2023,0.0,0.0,0.0,0.0
SANTA BÁRBARA,2023,0.0,0.0,0.0,0.0
SANTA BÁRBARA,2023,0.0,0.0,0.0,0.0
SANTA BÁRBARA,2023,0.0,0.0,0.0,0.0
SANTA BÁRBARA,2023,0.0,0.0,0.0,0.0
SANTA BÁRBARA,2023,0.0,0.0,0.0,0.0
SANTA BÁRBARA,2023,0.0,0.0,0.0,0.0
SANTA BÁRBARA,2023,0.0,0.0,0.0,0.0
SANTA BÁRBARA,2023,0.0,0.0,0.0,0.0
SANTA BÁRBARA,2023,0.0,0.0,0.0,0.0
SANTA BÁRBARA,2023,0.0,0.0,0.0,0.0
SANTA BÁRBARA,2023,0.0,0.0,0.0,0.0
SANTA BÁRBARA,2023,0.0,0.0,0.0,0.0
SANTA BÁRBARA,2023,0.0,0.0,0.0,0.0
SANTA BÁRBARA,2023,0.0,0.0,0.0,0.0
SANTA BÁRBARA,2023,0.0,0.0,0.0,0.0
SANTA BÁRBARA,2023,0.0,0.0,0.0,0.0
SANTA BÁRBARA,2023,0.0,0.0,0.0,0.0
SANTA BÁRBARA,2023,0.0,0.0,0.0,0.0
SANTA BÁRBARA,2023,0.0,0.0,0.0,0.0
SANTA BÁRBARA,2023,0.0,0.0,0.0,0.0
SANTA BÁRBARA,2023,0.0,0.0,0.0,0.0
SANTA BÁRBARA,2023,0.0,0.0,0.0,0.0
SANTA BÁRBARA,2023,0.0,0.0,0.0,0.0
SANTA BÁRBARA,2023,0.0,0.0,0.0,0.0
SANTA BÁRBARA,2023,0.0,0.0,0.0,0.0
SANTA BÁRBARA,2023,0.0,0.0,0.0,0.0
SANTA BÁRBARA,2023,0.0,0.0,0.0,0.0
SANTA BÁRBARA,2023,0.0,0.0,0.0,0.0
SANTA BÁRBARA,2023,0.0,0.0,0.0,0.0
SANTA BÁRBARA,2023,0.0,0.0,0.0,0.0
SANTA BÁRBARA,2023,0.0,0.0,0.0,0.0
SANTA BÁRBARA DE PINTO,2017,88.21,0.0,0.0,0.0
SANTA BÁRBARA DE PINTO,2018,0.0,360572.05,0.0,0.0
SANTA BÁRBARA DE PINTO,2019,0.0,0.0,0.0,0.0
SANTA BÁRBARA DE PINTO,2020,0.0,0.0,0.0,0.0
SANTA BÁRBARA DE PINTO,2021,0.0,0.0,0.0,0.0
SANTA BÁRBARA DE PINTO,2022,0.0,0.0,0.0,0.0
SANTA BÁRBARA DE PINTO,2023,0.0,0.0,0.0,0.0
SANTA CATALINA,2017,0.0,0.0,0.0,0.0
SANTA CATALINA,2018,0.0,0.0,0.0,0.0
SANTA CATALINA,2019,0.0,0.0,0.0,0.0
SANTA CATALINA,2020,0.0,0.0,0.0,0.0
SANTA CATALINA,2021,0.0,0.0,0.0,0.0
SANTA CATALINA,2022,0.0,0.0,0.0,0.0
SANTA CATALINA,2023,0.0,0.0,0.0,0.0
SANTA CRUZ DE MOMPOX,2017,87.14,0.0,0.0,0.0
SANTA CRUZ DE MOMPOX,2018,0.0,511057.18,0.0,0.0
SANTA CRUZ DE MOMPOX,2019,0.0,0.0,0.0,0.0
SANTA CRUZ DE MOMPOX,2020,0.0,0.0,0.0,0.0
SANTA CRUZ DE MOMPOX,2021,0.0,0.0,0.0,0.0
SANTA CRUZ DE MOMPOX,2022,0.0,0.0,0.0,0.0
SANTA CRUZ DE MOMPOX,2023,0.0,0.0,0.0,0.0
SANTA FÉ DE ANTIOQUIA,2017,0.0,0.0,0.0,0.0
SANTA FÉ DE ANTIOQUIA,2018,0.0,0.0,0.0,0.0
SANTA FÉ DE ANTIOQUIA,2019,0.0,0.0,0.0,0.0
SANTA FÉ DE ANTIOQUIA,2020,0.0,0.0,0.0,0.0
SANTA FÉ DE ANTIOQUIA,2021,0.0,0.0,0.0,0.0
SANTA FÉ DE ANTIOQUIA,2022,0.0,0.0,0.0,0.0
SANTA FÉ DE ANTIOQUIA,2023,0.0,0.0,0.0,0.0
SANTA HELENA DEL OPÓN,2017,87.1,0.0,0.0,0.0
SANTA HELENA DEL OPÓN,2018,0.0,515327.47,0.0,0.0
SANTA HELENA DEL OPÓN,2019,0.0,0.0,0.0,0.0
SANTA HELENA DEL OPÓN,2020,0.0,0.0,0.0,0.0
SANTA HELENA DEL OPÓN,2021,0.0,0.0,0.0,0.0
SANTA HELENA DEL OPÓN,2022,0.0,0.0,0.0,0.0
SANTA HELENA DEL OPÓN,2023,0.0,0.0,0.0,0.0
SANTA ISABEL,2017,82.6,0.0,0.0,0.0
SANTA ISABEL,2018,0.0,308765.19,0.0,0.0
SANTA ISABEL,2019,0.0,0.0,0.0,0.0
SANTA ISABEL,2020,0.0,0.0,0.0,0.0
SANTA ISABEL,2021,0.0,0.0,0.0,0.0
SANTA ISABEL,2022,0.0,0.0,0.0,0.0
SANTA ISABEL,2023,0.0,0.0,0.0,0.0
SANTA LUCÍA,2017,,,,
SANTA LUCÍA,2018,,,,
SANTA LUCÍA,2019,,,,
SANTA LUCÍA,2020,,,,
SANTA LUCÍA,2021,,,,
SANTA LUCÍA,2022,,,,
SANTA LUCÍA,2023,,,,
SANTA MARTA,2017,71.53,0.0,0.0,0.0
SANTA MARTA,2018,0.0,573405.86,0.0,0.0
SANTA MARTA,2019,0.0,0.0,0.0,0.0
SANTA MARTA,2020,0.0,0.0,0.0,0.0
SANTA MARTA,2021,0.0,0.0,0.0,0.0
SANTA MARTA,2022,0.0,0.0,0.0,0.0
SANTA MARTA,2023,0.0,0.0,0.0,0.0
SANTA MARÍA,2017,87.94,0.0,0.0,0.0
SANTA MARÍA,2017,87.94,0.0,0.0,0.0
SANTA MARÍA,2017,87.94,0.0,0.0,0.0
SANTA MARÍA,2017,87.94,0.0,0.0,0.0
SANTA MARÍA,2017,87.94,0.0,0.0,0.0
SANTA MARÍA,2017,87.94,0.0,0.0,0.0
SANTA MARÍA,2017,87.94,0.0,0.0,0.0
SANTA MARÍA,2017,87.94,0.0,0.0,0.0
SANTA MARÍA,2017,0.0,0.0,0.0,0.0
SANTA MARÍA,2017,0.0,0.0,0.0,0.0
SANTA MARÍA,2017,0.0,0.0,0.0,0.0
SANTA MARÍA,2017,0.0,0.0,0.0,0.0
SANTA MARÍA,2017,0.0,0.0,0.0,0.0
SANTA MARÍA,2017,0.0,0.0,0.0,0.0
SANTA MARÍA,2017,0.0,0.0,0.0,0.0
SANTA MARÍA,2017,0.0,0.0,0.0,0.0
SANTA MARÍA,2018,0.0,428927.48,0.0,0.0
SANTA MARÍA,2018,0.0,428927.48,0.0,0.0
SANTA MARÍA,2018,0.0,428927.48,0.0,0.0
SANTA MARÍA,2018,0.0,428927.48,0.0,0.0
SANTA MARÍA,2018,0.0,0.0,0.0,0.0
SANTA MARÍA,2018,0.0,0.0,0.0,0.0
SANTA MARÍA,2018,0.0,0.0,0.0,0.0
SANTA MARÍA,2018,0.0,0.0,0.0,0.0
SANTA MARÍA,2018,0.0,428927.48,0.0,0.0
SANTA MARÍA,2018,0.0,428927.48,0.0,0.0
SANTA MARÍA,2018,0.0,428927.48,0.0,0.0
SANTA MARÍA,2018,0.0,428927.48,0.0,0.0
SANTA MARÍA,2018,0.0,0.0,0.0,0.0
SANTA MARÍA,2018,0.0,0.0,0.0,0.0
SANTA MARÍA,2018,0.0,0.0,0.0,0.0
SANTA MARÍA,2018,0.0,0.0,0.0,0.0
SANTA MARÍA,2019,0.0,0.0,0.0,0.0
SANTA MARÍA,2019,0.0,0.0,0.0,0.0
SANTA MARÍA,2019,0.0,0.0,0.0,0.0
SANTA MARÍA,2019,0.0,0.0,0.0,0.0
SANTA MARÍA,2019,0.0,0.0,0.0,0.0
SANTA MARÍA,2019,0.0,0.0,0.0,0.0
SANTA MARÍA,2019,0.0,0.0,0.0,0.0
SANTA MARÍA,2019,0.0,0.0,0.0,0.0
SANTA MARÍA,2019,0.0,0.0,0.0,0.0
SANTA MARÍA,2019,0.0,0.0,0.0,0.0
SANTA MARÍA,2019,0.0,0.0,0.0,0.0
SANTA MARÍA,2019,0.0,0.0,0.0,0.0
SANTA MARÍA,2019,0.0,0.0,0.0,0.0
SANTA MARÍA,2019,0.0,0.0,0.0,0.0
SANTA MARÍA,2019,0.0,0.0,0.0,0.0
SANTA MARÍA,2019,0.0,0.0,0.0,0.0
SANTA MARÍA,2020,0.0,0.0,0.0,0.0
SANTA MARÍA,2020,0.0,0.0,0.0,0.0
SANTA MARÍA,2020,0.0,0.0,0.0,0.0
SANTA MARÍA,2020,0.0,0.0,0.0,0.0
SANTA MARÍA,2020,0.0,0.0,0.0,0.0
SANTA MARÍA,2020,0.0,0.0,0.0,0.0
SANTA MARÍA,2020,0.0,0.0,0.0,0.0
SANTA MARÍA,2020,0.0,0.0,0.0,0.0
SANTA MARÍA,2020,0.0,0.0,0.0,0.0
SANTA MARÍA,2020,0.0,0.0,0.0,0.0
SANTA MARÍA,2020,0.0,0.0,0.0,0.0
SANTA MARÍA,2020,0.0,0.0,0.0,0.0
SANTA MARÍA,2020,0.0,0.0,0.0,0.0
SANTA MARÍA,2020,0.0,0.0,0.0,0.0
SANTA MARÍA,2020,0.0,0.0,0.0,0.0
SANTA MARÍA,2020,0.0,0.0,0.0,0.0
SANTA MARÍA,2021,0.0,0.0,0.0,0.0
SANTA MARÍA,2021,0.0,0.0,0.0,0.0
SANTA MARÍA,2021,0.0,0.0,0.0,0.0
SANTA MARÍA,2021,0.0,0.0,0.0,0.0
SANTA MARÍA,2021,0.0,0.0,0.0,0.0
SANTA MARÍA,2021,0.0,0.0,0.0,0.0
SANTA MARÍA,2021,0.0,0.0,0.0,0.0
SANTA MARÍA,2021,0.0,0.0,0.0,0.0
SANTA MARÍA,2021,0.0,0.0,0.0,0.0
SANTA MARÍA,2021,0.0,0.0,0.0,0.0
SANTA MARÍA,2021,0.0,0.0,0.0,0.0
SANTA MARÍA,2021,0.0,0.0,0.0,0.0
SANTA MARÍA,2021,0.0,0.0,0.0,0.0
SANTA MARÍA,2021,0.0,0.0,0.0,0.0
SANTA MARÍA,2021,0.0,0.0,0.0,0.0
SANTA MARÍA,2021,0.0,0.0,0.0,0.0
SANTA MARÍA,2022,0.0,0.0,0.0,0.0
SANTA MARÍA,2022,0.0,0.0,0.0,0.0
SANTA MARÍA,2022,0.0,0.0,0.0,0.0
SANTA MARÍA,2022,0.0,0.0,0.0,0.0
SANTA MARÍA,2022,0.0,0.0,0.0,0.0
SANTA MARÍA,2022,0.0,0.0,0.0,0.0
SANTA MARÍA,2022,0.0,0.0,0.0,0.0
SANTA MARÍA,2022,0.0,0.0,0.0,0.0
SANTA MARÍA,2022,0.0,0.0,0.0,0.0
SANTA MARÍA,2022,0.0,0.0,0.0,0.0
SANTA MARÍA,2022,0.0,0.0,0.0,0.0
SANTA MARÍA,2022,0.0,0.0,0.0,0.0
SANTA MARÍA,2022,0.0,0.0,0.0,0.0
SANTA MARÍA,2022,0.0,0.0,0.0,0.0
SANTA MARÍA,2022,0.0,0.0,0.0,0.0
SANTA MARÍA,2022,0.0,0.0,0.0,0.0
SANTA MARÍA,2023,0.0,0.0,0.0,0.0
SANTA MARÍA,2023,0.0,0.0,0.0,0.0
SANTA MARÍA,2023,0.0,0.0,0.0,0.0
SANTA MARÍA,2023,0.0,0.0,0.0,0.0
SANTA MARÍA,2023,0.0,0.0,0.0,0.0
SANTA MARÍA,2023,0.0,0.0,0.0,0.0
SANTA MARÍA,2023,0.0,0.0,0.0,0.0
SANTA MARÍA,2023,0.0,0.0,0.0,0.0
SANTA MARÍA,2023,0.0,0.0,0.0,0.0
SANTA MARÍA,2023,0.0,0.0,0.0,0.0
SANTA MARÍA,2023,0.0,0.0,0.0,0.0
SANTA MARÍA,2023,0.0,0.0,0.0,0.0
SANTA MARÍA,2023,0.0,0.0,0.0,0.0
SANTA MARÍA,2023,0.0,0.0,0.0,0.0
SANTA MARÍA,2023,0.0,0.0,0.0,0.0
SANTA MARÍA,2023,0.0,0.0,0.0,0.0
SANTA ROSA,2017,0.0,0.0,0.0,0.0
SANTA ROSA,2017,0.0,0.0,0.0,0.0
SANTA ROSA,2017,0.0,0.0,0.0,0.0
SANTA ROSA,2017,0.0,0.0,0.0,0.0
SANTA ROSA,2017,0.0,0.0,0.0,0.0
SANTA ROSA,2017,0.0,0.0,0.0,0.0
SANTA ROSA,2017,0.0,0.0,0.0,0.0
SANTA ROSA,2017,0.0,0.0,0.0,0.0
SANTA ROSA,2017,0.0,0.0,0.0,0.0
SANTA ROSA,2017,0.0,0.0,0.0,0.0
SANTA ROSA,2017,0.0,0.0,0.0,0.0
SANTA ROSA,2017,0.0,0.0,0.0,0.0
SANTA ROSA,2017,0.0,0.0,0.0,0.0
SANTA ROSA,2017,0.0,0.0,0.0,0.0
SANTA ROSA,2017,0.0,0.0,0.0,0.0
SANTA ROSA,2017,0.0,0.0,0.0,0.0
SANTA ROSA,2018,0.0,0.0,0.0,0.0
SANTA ROSA,2018,0.0,0.0,0.0,0.0
SANTA ROSA,2018,0.0,0.0,0.0,0.0
SANTA ROSA,2018,0.0,0.0,0.0,0.0
SANTA ROSA,2018,0.0,0.0,0.0,0.0
SANTA ROSA,2018,0.0,0.0,0.0,0.0
SANTA ROSA,2018,0.0,0.0,0.0,0.0
SANTA ROSA,2018,0.0,0.0,0.0,0.0
SANTA ROSA,2018,0.0,0.0,0.0,0.0
SANTA ROSA,2018,0.0,0.0,0.0,0.0
SANTA ROSA,2018,0.0,0.0,0.0,0.0
SANTA ROSA,2018,0.0,0.0,0.0,0.0
SANTA ROSA,2018,0.0,0.0,0.0,0.0
SANTA ROSA,2018,0.0,0.0,0.0,0.0
SANTA ROSA,2018,0.0,0.0,0.0,0.0
SANTA ROSA,2018,0.0,0.0,0.0,0.0
SANTA ROSA,2019,0.0,0.0,0.0,0.0
SANTA ROSA,2019,0.0,0.0,0.0,0.0
SANTA ROSA,2019,0.0,0.0,0.0,0.0
SANTA ROSA,2019,0.0,0.0,0.0,0.0
SANTA ROSA,2019,0.0,0.0,0.0,0.0
SANTA ROSA,2019,0.0,0.0,0.0,0.0
SANTA ROSA,2019,0.0,0.0,0.0,0.0
SANTA ROSA,2019,0.0,0.0,0.0,0.0
SANTA ROSA,2019,0.0,0.0,0.0,0.0
SANTA ROSA,2019,0.0,0.0,0.0,0.0
SANTA ROSA,2019,0.0,0.0,0.0,0.0
SANTA ROSA,2019,0.0,0.0,0.0,0.0
SANTA ROSA,2019,0.0,0.0,0.0,0.0
SANTA ROSA,2019,0.0,0.0,0.0,0.0
SANTA ROSA,2019,0.0,0.0,0.0,0.0
SANTA ROSA,2019,0.0,0.0,0.0,0.0
SANTA ROSA,2020,0.0,0.0,0.0,0.0
SANTA ROSA,2020,0.0,0.0,0.0,0.0
SANTA ROSA,2020,0.0,0.0,0.0,0.0
SANTA ROSA,2020,0.0,0.0,0.0,0.0
SANTA ROSA,2020,0.0,0.0,0.0,0.0
SANTA ROSA,2020,0.0,0.0,0.0,0.0
SANTA ROSA,2020,0.0,0.0,0.0,0.0
SANTA ROSA,2020,0.0,0.0,0.0,0.0
SANTA ROSA,2020,0.0,0.0,0.0,0.0
SANTA ROSA,2020,0.0,0.0,0.0,0.0
SANTA ROSA,2020,0.0,0.0,0.0,0.0
SANTA ROSA,2020,0.0,0.0,0.0,0.0
SANTA ROSA,2020,0.0,0.0,0.0,0.0
SANTA ROSA,2020,0.0,0.0,0.0,0.0
SANTA ROSA,2020,0.0,0.0,0.0,0.0
SANTA ROSA,2020,0.0,0.0,0.0,0.0
SANTA ROSA,2021,0.0,0.0,0.0,0.0
SANTA ROSA,2021,0.0,0.0,0.0,0.0
SANTA ROSA,2021,0.0,0.0,0.0,0.0
SANTA ROSA,2021,0.0,0.0,0.0,0.0
SANTA ROSA,2021,0.0,0.0,0.0,0.0
SANTA ROSA,2021,0.0,0.0,0.0,0.0
SANTA ROSA,2021,0.0,0.0,0.0,0.0
SANTA ROSA,2021,0.0,0.0,0.0,0.0
SANTA ROSA,2021,0.0,0.0,0.0,0.0
SANTA ROSA,2021,0.0,0.0,0.0,0.0
SANTA ROSA,2021,0.0,0.0,0.0,0.0
SANTA ROSA,2021,0.0,0.0,0.0,0.0
SANTA ROSA,2021,0.0,0.0,0.0,0.0
SANTA ROSA,2021,0.0,0.0,0.0,0.0
SANTA ROSA,2021,0.0,0.0,0.0,0.0
SANTA ROSA,2021,0.0,0.0,0.0,0.0
SANTA ROSA,2022,0.0,0.0,0.0,0.0
SANTA ROSA,2022,0.0,0.0,0.0,0.0
SANTA ROSA,2022,0.0,0.0,0.0,0.0
SANTA ROSA,2022,0.0,0.0,0.0,0.0
SANTA ROSA,2022,0.0,0.0,0.0,0.0
SANTA ROSA,2022,0.0,0.0,0.0,0.0
SANTA ROSA,2022,0.0,0.0,0.0,0.0
SANTA ROSA,2022,0.0,0.0,0.0,0.0
SANTA ROSA,2022,0.0,0.0,0.0,0.0
SANTA ROSA,2022,0.0,0.0,0.0,0.0
SANTA ROSA,2022,0.0,0.0,0.0,0.0
SANTA ROSA,2022,0.0,0.0,0.0,0.0
SANTA ROSA,2022,0.0,0.0,0.0,0.0
SANTA ROSA,2022,0.0,0.0,0.0,0.0
SANTA ROSA,2022,0.0,0.0,0.0,0.0
SANTA ROSA,2022,0.0,0.0,0.0,0.0
SANTA ROSA,2023,0.0,0.0,0.0,0.0
SANTA ROSA,2023,0.0,0.0,0.0,0.0
SANTA ROSA,2023,0.0,0.0,0.0,0.0
SANTA ROSA,2023,0.0,0.0,0.0,0.0
SANTA ROSA,2023,0.0,0.0,0.0,0.0
SANTA ROSA,2023,0.0,0.0,0.0,0.0
SANTA ROSA,2023,0.0,0.0,0.0,0.0
SANTA ROSA,2023,0.0,0.0,0.0,0.0
SANTA ROSA,2023,0.0,0.0,0.0,0.0
SANTA ROSA,2023,0.0,0.0,0.0,0.0
SANTA ROSA,2023,0.0,0.0,0.0,0.0
SANTA ROSA,2023,0.0,0.0,0.0,0.0
SANTA ROSA,2023,0.0,0.0,0.0,0.0
SANTA ROSA,2023,0.0,0.0,0.0,0.0
SANTA ROSA,2023,0.0,0.0,0.0,0.0
SANTA ROSA,2023,0.0,0.0,0.0,0.0
SANTA ROSA DE CABAL,2017,0.0,0.0,0.0,0.0
SANTA ROSA DE CABAL,2018,0.0,0.0,0.0,0.0
SANTA ROSA DE CABAL,2019,0.0,0.0,0.0,0.0
SANTA ROSA DE CABAL,2020,0.0,0.0,0.0,0.0
SANTA ROSA DE CABAL,2021,0.0,0.0,0.0,0.0
SANTA ROSA DE CABAL,2022,0.0,0.0,0.0,0.0
SANTA ROSA DE CABAL,2023,0.0,0.0,0.0,0.0
SANTA ROSA DE OSOS,2017,0.0,0.0,0.0,0.0
SANTA ROSA DE OSOS,2018,0.0,0.0,0.0,0.0
SANTA ROSA DE OSOS,2019,0.0,0.0,0.0,0.0
SANTA ROSA DE OSOS,2020,0.0,0.0,0.0,0.0
SANTA ROSA DE OSOS,2021,0.0,0.0,0.0,0.0
SANTA ROSA DE OSOS,2022,0.0,0.0,0.0,0.0
SANTA ROSA DE OSOS,2023,0.0,0.0,0.0,0.0
SANTA ROSA DE VITERBO,2017,84.37,0.0,0.0,0.0
SANTA ROSA DE VITERBO,2018,0.0,570971.44,0.0,0.0
SANTA ROSA DE VITERBO,2019,0.0,0.0,0.0,0.0
SANTA ROSA DE VITERBO,2020,0.0,0.0,0.0,0.0
SANTA ROSA DE VITERBO,2021,0.0,0.0,0.0,0.0
SANTA ROSA DE VITERBO,2022,0.0,0.0,0.0,0.0
SANTA ROSA DE VITERBO,2023,0.0,0.0,0.0,0.0
SANTA ROSA DEL SUR,2017,92.57,0.0,0.0,0.0
SANTA ROSA DEL SUR,2018,0.0,669499.19,0.0,0.0
SANTA ROSA DEL SUR,2019,0.0,0.0,0.0,0.0
SANTA ROSA DEL SUR,2020,0.0,0.0,0.0,0.0
SANTA ROSA DEL SUR,2021,0.0,0.0,0.0,0.0
SANTA ROSA DEL SUR,2022,0.0,0.0,0.0,0.0
SANTA ROSA DEL SUR,2023,0.0,0.0,0.0,0.0
SANTA ROSALÍA,2017,86.48,0.0,0.0,0.0
SANTA ROSALÍA,2018,0.0,568541.34,0.0,0.0
SANTA ROSALÍA,2019,0.0,0.0,0.0,0.0
SANTA ROSALÍA,2020,0.0,0.0,0.0,0.0
SANTA ROSALÍA,2021,0.0,0.0,0.0,0.0
SANTA ROSALÍA,2022,0.0,0.0,0.0,0.0
SANTA ROSALÍA,2023,0.0,0.0,0.0,0.0
SANTA SOFÍA,2017,88.64,0.0,0.0,0.0
SANTA SOFÍA,2018,0.0,351191.14,0.0,0.0
SANTA SOFÍA,2019,0.0,0.0,0.0,0.0
SANTA SOFÍA,2020,0.0,0.0,0.0,0.0
SANTA SOFÍA,2021,0.0,0.0,0.0,0.0
SANTA SOFÍA,2022,0.0,0.0,0.0,0.0
SANTA SOFÍA,2023,0.0,0.0,0.0,0.0
SANTACRUZ,2017,0.0,0.0,0.0,0.0
SANTACRUZ,2018,0.0,0.0,0.0,0.0
SANTACRUZ,2019,0.0,0.0,0.0,0.0
SANTACRUZ,2020,0.0,0.0,0.0,0.0
SANTACRUZ,2021,0.0,0.0,0.0,0.0
SANTACRUZ,2022,0.0,0.0,0.0,0.0
SANTACRUZ,2023,0.0,0.0,0.0,0.0
SANTANA,2017,95.46,0.0,0.0,0.0
SANTANA,2018,0.0,432788.25,0.0,0.0
SANTANA,2019,0.0,0.0,0.0,0.0
SANTANA,2020,0.0,0.0,0.0,0.0
SANTANA,2021,0.0,0.0,0.0,0.0
SANTANA,2022,0.0,0.0,0.0,0.0
SANTANA,2023,0.0,0.0,0.0,0.0
SANTANDER DE QUILICHAO,2017,0.0,0.0,0.0,0.0
SANTANDER DE QUILICHAO,2018,0.0,0.0,0.0,0.0
SANTANDER DE QUILICHAO,2019,0.0,0.0,0.0,0.0
SANTANDER DE QUILICHAO,2020,0.0,0.0,0.0,0.0
SANTANDER DE QUILICHAO,2021,0.0,0.0,0.0,0.0
SANTANDER DE QUILICHAO,2022,0.0,0.0,0.0,0.0
SANTANDER DE QUILICHAO,2023,0.0,0.0,0.0,0.0
SANTIAGO,2017,79.64,0.0,0.0,0.0
SANTIAGO,2017,79.64,0.0,0.0,0.0
SANTIAGO,2017,79.64,0.0,0.0,0.0
SANTIAGO,2017,79.64,0.0,0.0,0.0
SANTIAGO,2017,79.64,0.0,0.0,0.0
SANTIAGO,2017,79.64,0.0,0.0,0.0
SANTIAGO,2017,79.64,0.0,0.0,0.0
SANTIAGO,2017,79.64,0.0,0.0,0.0
SANTIAGO,2017,0.0,0.0,0.0,0.0
SANTIAGO,2017,0.0,0.0,0.0,0.0
SANTIAGO,2017,0.0,0.0,0.0,0.0
SANTIAGO,2017,0.0,0.0,0.0,0.0
SANTIAGO,2017,0.0,0.0,0.0,0.0
SANTIAGO,2017,0.0,0.0,0.0,0.0
SANTIAGO,2017,0.0,0.0,0.0,0.0
SANTIAGO,2017,0.0,0.0,0.0,0.0
SANTIAGO,2018,0.0,130570.52,0.0,0.0
SANTIAGO,2018,0.0,130570.52,0.0,0.0
SANTIAGO,2018,0.0,130570.52,0.0,0.0
SANTIAGO,2018,0.0,130570.52,0.0,0.0
SANTIAGO,2018,0.0,0.0,0.0,0.0
SANTIAGO,2018,0.0,0.0,0.0,0.0
SANTIAGO,2018,0.0,0.0,0.0,0.0
SANTIAGO,2018,0.0,0.0,0.0,0.0
SANTIAGO,2018,0.0,130570.52,0.0,0.0
SANTIAGO,2018,0.0,130570.52,0.0,0.0
SANTIAGO,2018,0.0,130570.52,0.0,0.0
SANTIAGO,2018,0.0,130570.52,0.0,0.0
SANTIAGO,2018,0.0,0.0,0.0,0.0
SANTIAGO,2018,0.0,0.0,0.0,0.0
SANTIAGO,2018,0.0,0.0,0.0,0.0
SANTIAGO,2018,0.0,0.0,0.0,0.0
SANTIAGO,2019,0.0,0.0,0.0,0.0
SANTIAGO,2019,0.0,0.0,0.0,0.0
SANTIAGO,2019,0.0,0.0,0.0,0.0
SANTIAGO,2019,0.0,0.0,0.0,0.0
SANTIAGO,2019,0.0,0.0,0.0,0.0
SANTIAGO,2019,0.0,0.0,0.0,0.0
SANTIAGO,2019,0.0,0.0,0.0,0.0
SANTIAGO,2019,0.0,0.0,0.0,0.0
SANTIAGO,2019,0.0,0.0,0.0,0.0
SANTIAGO,2019,0.0,0.0,0.0,0.0
SANTIAGO,2019,0.0,0.0,0.0,0.0
SANTIAGO,2019,0.0,0.0,0.0,0.0
SANTIAGO,2019,0.0,0.0,0.0,0.0
SANTIAGO,2019,0.0,0.0,0.0,0.0
SANTIAGO,2019,0.0,0.0,0.0,0.0
SANTIAGO,2019,0.0,0.0,0.0,0.0
SANTIAGO,2020,0.0,0.0,0.0,0.0
SANTIAGO,2020,0.0,0.0,0.0,0.0
SANTIAGO,2020,0.0,0.0,0.0,0.0
SANTIAGO,2020,0.0,0.0,0.0,0.0
SANTIAGO,2020,0.0,0.0,0.0,0.0
SANTIAGO,2020,0.0,0.0,0.0,0.0
SANTIAGO,2020,0.0,0.0,0.0,0.0
SANTIAGO,2020,0.0,0.0,0.0,0.0
SANTIAGO,2020,0.0,0.0,0.0,0.0
SANTIAGO,2020,0.0,0.0,0.0,0.0
SANTIAGO,2020,0.0,0.0,0.0,0.0
SANTIAGO,2020,0.0,0.0,0.0,0.0
SANTIAGO,2020,0.0,0.0,0.0,0.0
SANTIAGO,2020,0.0,0.0,0.0,0.0
SANTIAGO,2020,0.0,0.0,0.0,0.0
SANTIAGO,2020,0.0,0.0,0.0,0.0
SANTIAGO,2021,0.0,0.0,0.0,0.0
SANTIAGO,2021,0.0,0.0,0.0,0.0
SANTIAGO,2021,0.0,0.0,0.0,0.0
SANTIAGO,2021,0.0,0.0,0.0,0.0
SANTIAGO,2021,0.0,0.0,0.0,0.0
SANTIAGO,2021,0.0,0.0,0.0,0.0
SANTIAGO,2021,0.0,0.0,0.0,0.0
SANTIAGO,2021,0.0,0.0,0.0,0.0
SANTIAGO,2021,0.0,0.0,0.0,0.0
SANTIAGO,2021,0.0,0.0,0.0,0.0
SANTIAGO,2021,0.0,0.0,0.0,0.0
SANTIAGO,2021,0.0,0.0,0.0,0.0
SANTIAGO,2021,0.0,0.0,0.0,0.0
SANTIAGO,2021,0.0,0.0,0.0,0.0
SANTIAGO,2021,0.0,0.0,0.0,0.0
SANTIAGO,2021,0.0,0.0,0.0,0.0
SANTIAGO,2022,0.0,0.0,0.0,0.0
SANTIAGO,2022,0.0,0.0,0.0,0.0
SANTIAGO,2022,0.0,0.0,0.0,0.0
SANTIAGO,2022,0.0,0.0,0.0,0.0
SANTIAGO,2022,0.0,0.0,0.0,0.0
SANTIAGO,2022,0.0,0.0,0.0,0.0
SANTIAGO,2022,0.0,0.0,0.0,0.0
SANTIAGO,2022,0.0,0.0,0.0,0.0
SANTIAGO,2022,0.0,0.0,0.0,0.0
SANTIAGO,2022,0.0,0.0,0.0,0.0
SANTIAGO,2022,0.0,0.0,0.0,0.0
SANTIAGO,2022,0.0,0.0,0.0,0.0
SANTIAGO,2022,0.0,0.0,0.0,0.0
SANTIAGO,2022,0.0,0.0,0.0,0.0
SANTIAGO,2022,0.0,0.0,0.0,0.0
SANTIAGO,2022,0.0,0.0,0.0,0.0
SANTIAGO,2023,0.0,0.0,0.0,0.0
SANTIAGO,2023,0.0,0.0,0.0,0.0
SANTIAGO,2023,0.0,0.0,0.0,0.0
SANTIAGO,2023,0.0,0.0,0.0,0.0
SANTIAGO,2023,0.0,0.0,0.0,0.0
SANTIAGO,2023,0.0,0.0,0.0,0.0
SANTIAGO,2023,0.0,0.0,0.0,0.0
SANTIAGO,2023,0.0,0.0,0.0,0.0
SANTIAGO,2023,0.0,0.0,0.0,0.0
SANTIAGO,2023,0.0,0.0,0.0,0.0
SANTIAGO,2023,0.0,0.0,0.0,0.0
SANTIAGO,2023,0.0,0.0,0.0,0.0
SANTIAGO,2023,0.0,0.0,0.0,0.0
SANTIAGO,2023,0.0,0.0,0.0,0.0
SANTIAGO,2023,0.0,0.0,0.0,0.0
SANTIAGO,2023,0.0,0.0,0.0,0.0
SANTIAGO DE TOLÚ,2017,0.0,0.0,0.0,0.0
SANTIAGO DE TOLÚ,2018,0.0,0.0,0.0,0.0
SANTIAGO DE TOLÚ,2019,0.0,0.0,0.0,0.0
SANTIAGO DE TOLÚ,2020,0.0,0.0,0.0,0.0
SANTIAGO DE TOLÚ,2021,0.0,0.0,0.0,0.0
SANTIAGO DE TOLÚ,2022,0.0,0.0,0.0,0.0
SANTIAGO DE TOLÚ,2023,0.0,0.0,0.0,0.0
SANTO DOMINGO,2017,63.21,0.0,0.0,0.0
SANTO DOMINGO,2018,0.0,212269.42,0.0,0.0
SANTO DOMINGO,2019,0.0,0.0,0.0,0.0
SANTO DOMINGO,2020,0.0,0.0,0.0,0.0
SANTO DOMINGO,2021,0.0,0.0,0.0,0.0
SANTO DOMINGO,2022,0.0,0.0,0.0,0.0
SANTO DOMINGO,2023,0.0,0.0,0.0,0.0
SANTO TOMÁS,2017,,,,
SANTO TOMÁS,2018,,,,
SANTO TOMÁS,2019,,,,
SANTO TOMÁS,2020,,,,
SANTO TOMÁS,2021,,,,
SANTO TOMÁS,2022,,,,
SANTO TOMÁS,2023,,,,
SANTUARIO,2017,0.0,0.0,0.0,0.0
SANTUARIO,2018,0.0,0.0,0.0,0.0
SANTUARIO,2019,0.0,0.0,0.0,0.0
SANTUARIO,2020,0.0,0.0,0.0,0.0
SANTUARIO,2021,0.0,0.0,0.0,0.0
SANTUARIO,2022,0.0,0.0,0.0,0.0
SANTUARIO,2023,0.0,0.0,0.0,0.0
SAPUYES,2017,0.0,0.0,0.0,0.0
SAPUYES,2018,0.0,0.0,0.0,0.0
SAPUYES,2019,0.0,0.0,0.0,0.0
SAPUYES,2020,0.0,0.0,0.0,0.0
SAPUYES,2021,0.0,0.0,0.0,0.0
SAPUYES,2022,0.0,0.0,0.0,0.0
SAPUYES,2023,0.0,0.0,0.0,0.0
SARAVENA,2017,87.99,0.0,0.0,0.0
SARAVENA,2018,0.0,615176.68,0.0,0.0
SARAVENA,2019,0.0,0.0,0.0,0.0
SARAVENA,2020,0.0,0.0,0.0,0.0
SARAVENA,2021,0.0,0.0,0.0,0.0
SARAVENA,2022,0.0,0.0,0.0,0.0
SARAVENA,2023,0.0,0.0,0.0,0.0
SARDINATA,2017,89.86,0.0,0.0,0.0
SARDINATA,2018,0.0,265788.69,0.0,0.0
SARDINATA,2019,0.0,0.0,0.0,0.0
SARDINATA,2020,0.0,0.0,0.0,0.0
SARDINATA,2021,0.0,0.0,0.0,0.0
SARDINATA,2022,0.0,0.0,0.0,0.0
SARDINATA,2023,0.0,0.0,0.0,0.0
SASAIMA,2017,82.72,0.0,0.0,0.0
SASAIMA,2018,0.0,910099.73,0.0,0.0
SASAIMA,2019,0.0,0.0,0.0,0.0
SASAIMA,2020,0.0,0.0,0.0,0.0
SASAIMA,2021,0.0,0.0,0.0,0.0
SASAIMA,2022,0.0,0.0,0.0,0.0
SASAIMA,2023,0.0,0.0,0.0,0.0
SATIVANORTE,2017,82.89,0.0,0.0,0.0
SATIVANORTE,2018,0.0,497450.96,0.0,0.0
SATIVANORTE,2019,0.0,0.0,0.0,0.0
SATIVANORTE,2020,0.0,0.0,0.0,0.0
SATIVANORTE,2021,0.0,0.0,0.0,0.0
SATIVANORTE,2022,0.0,0.0,0.0,0.0
SATIVANORTE,2023,0.0,0.0,0.0,0.0
SATIVASUR,2017,,,,
SATIVASUR,2018,,,,
SATIVASUR,2019,,,,
SATIVASUR,2020,,,,
SATIVASUR,2021,,,,
SATIVASUR,2022,,,,
SATIVASUR,2023,,,,
SEGOVIA,2017,95.14,0.0,0.0,0.0
SEGOVIA,2018,0.0,515347.46,0.0,0.0
SEGOVIA,2019,0.0,0.0,0.0,0.0
SEGOVIA,2020,0.0,0.0,0.0,0.0
SEGOVIA,2021,0.0,0.0,0.0,0.0
SEGOVIA,2022,0.0,0.0,0.0,0.0
SEGOVIA,2023,0.0,0.0,0.0,0.0
SESQUILÉ,2017,92.83,0.0,0.0,0.0
SESQUILÉ,2018,0.0,355485.11,0.0,0.0
SESQUILÉ,2019,0.0,0.0,0.0,0.0
SESQUILÉ,2020,0.0,0.0,0.0,0.0
SESQUILÉ,2021,0.0,0.0,0.0,0.0
SESQUILÉ,2022,0.0,0.0,0.0,0.0
SESQUILÉ,2023,0.0,0.0,0.0,0.0
SEVILLA,2017,0.0,0.0,0.0,0.0
SEVILLA,2018,0.0,0.0,0.0,0.0
SEVILLA,2019,0.0,0.0,0.0,0.0
SEVILLA,2020,0.0,0.0,0.0,0.0
SEVILLA,2021,0.0,0.0,0.0,0.0
SEVILLA,2022,0.0,0.0,0.0,0.0
SEVILLA,2023,0.0,0.0,0.0,0.0
SIACHOQUE,2017,92.2,0.0,0.0,0.0
SIACHOQUE,2018,0.0,465681.8,0.0,0.0
SIACHOQUE,2019,0.0,0.0,0.0,0.0
SIACHOQUE,2020,0.0,0.0,0.0,0.0
SIACHOQUE,2021,0.0,0.0,0.0,0.0
SIACHOQUE,2022,0.0,0.0,0.0,0.0
SIACHOQUE,2023,0.0,0.0,0.0,0.0
SIBATÉ,2017,91.05,0.0,0.0,0.0
SIBATÉ,2018,0.0,569271.85,0.0,0.0
SIBATÉ,2019,0.0,0.0,0.0,0.0
SIBATÉ,2020,0.0,0.0,0.0,0.0
SIBATÉ,2021,0.0,0.0,0.0,0.0
SIBATÉ,2022,0.0,0.0,0.0,0.0
SIBATÉ,2023,0.0,0.0,0.0,0.0
SIBUNDOY,2017,0.0,0.0,0.0,0.0
SIBUNDOY,2018,0.0,0.0,0.0,0.0
SIBUNDOY,2019,0.0,0.0,0.0,0.0
SIBUNDOY,2020,0.0,0.0,0.0,0.0
SIBUNDOY,2021,0.0,0.0,0.0,0.0
SIBUNDOY,2022,0.0,0.0,0.0,0.0
SIBUNDOY,2023,0.0,0.0,0.0,0.0
SILOS,2017,92.22,0.0,0.0,0.0
SILOS,2018,0.0,472884.17,0.0,0.0
SILOS,2019,0.0,0.0,0.0,0.0
SILOS,2020,0.0,0.0,0.0,0.0
SILOS,2021,0.0,0.0,0.0,0.0
SILOS,2022,0.0,0.0,0.0,0.0
SILOS,2023,0.0,0.0,0.0,0.0
SILVANIA,2017,81.27,0.0,0.0,0.0
SILVANIA,2018,0.0,1802640.14,0.0,0.0
SILVANIA,2019,0.0,0.0,0.0,0.0
SILVANIA,2020,0.0,0.0,0.0,0.0
SILVANIA,2021,0.0,0.0,0.0,0.0
SILVANIA,2022,0.0,0.0,0.0,0.0
SILVANIA,2023,0.0,0.0,0.0,0.0
SILVIA,2017,0.0,0.0,0.0,0.0
SILVIA,2018,0.0,0.0,0.0,0.0
SILVIA,2019,0.0,0.0,0.0,0.0
SILVIA,2020,0.0,0.0,0.0,0.0
SILVIA,2021,0.0,0.0,0.0,0.0
SILVIA,2022,0.0,0.0,0.0,0.0
SILVIA,2023,0.0,0.0,0.0,0.0
SIMACOTA,2017,93.15,0.0,0.0,0.0
SIMACOTA,2018,0.0,627502.13,0.0,0.0
SIMACOTA,2019,0.0,0.0,0.0,0.0
SIMACOTA,2020,0.0,0.0,0.0,0.0
SIMACOTA,2021,0.0,0.0,0.0,0.0
SIMACOTA,2022,0.0,0.0,0.0,0.0
SIMACOTA,2023,0.0,0.0,0.0,0.0
SIMIJACA,2017,91.24,0.0,0.0,0.0
SIMIJACA,2018,0.0,548312.15,0.0,0.0
SIMIJACA,2019,0.0,0.0,0.0,0.0
SIMIJACA,2020,0.0,0.0,0.0,0.0
SIMIJACA,2021,0.0,0.0,0.0,0.0
SIMIJACA,2022,0.0,0.0,0.0,0.0
SIMIJACA,2023,0.0,0.0,0.0,0.0
SIMITÍ,2017,90.43,0.0,0.0,0.0
SIMITÍ,2018,0.0,392560.18,0.0,0.0
SIMITÍ,2019,0.0,0.0,0.0,0.0
SIMITÍ,2020,0.0,0.0,0.0,0.0
SIMITÍ,2021,0.0,0.0,0.0,0.0
SIMITÍ,2022,0.0,0.0,0.0,0.0
SIMITÍ,2023,0.0,0.0,0.0,0.0
SINCELEJO,2017,0.0,0.0,0.0,0.0
SINCELEJO,2018,0.0,0.0,0.0,0.0
SINCELEJO,2019,0.0,0.0,0.0,0.0
SINCELEJO,2020,0.0,0.0,0.0,0.0
SINCELEJO,2021,0.0,0.0,0.0,0.0
SINCELEJO,2022,0.0,0.0,0.0,0.0
SINCELEJO,2023,0.0,0.0,0.0,0.0
SIPÍ,2017,0.0,0.0,0.0,0.0
SIPÍ,2018,0.0,0.0,0.0,0.0
SIPÍ,2019,0.0,0.0,0.0,0.0
SIPÍ,2020,0.0,0.0,0.0,0.0
SIPÍ,2021,0.0,0.0,0.0,0.0
SIPÍ,2022,0.0,0.0,0.0,0.0
SIPÍ,2023,0.0,0.0,0.0,0.0
SITIONUEVO,2017,86.76,234420.07,30.2,25.81
SITIONUEVO,2018,86.59,169861.22,30.05,25.76
SITIONUEVO,2019,86.63,182808.49,30.22,25.93
SITIONUEVO,2020,86.83,275537.21,30.13,25.78
SITIONUEVO,2021,86.57,237516.86,29.97,25.7
SITIONUEVO,2022,86.94,348098.5,29.89,25.48
SITIONUEVO,2023,86.63,210118.59,30.44,26.02
SOACHA,2017,88.95,0.0,0.0,0.0
SOACHA,2018,0.0,569271.85,0.0,0.0
SOACHA,2019,0.0,0.0,0.0,0.0
SOACHA,2020,0.0,0.0,0.0,0.0
SOACHA,2021,0.0,0.0,0.0,0.0
SOACHA,2022,0.0,0.0,0.0,0.0
SOACHA,2023,0.0,0.0,0.0,0.0
SOATÁ,2017,81.24,0.0,0.0,0.0
SOATÁ,2018,0.0,420692.25,0.0,0.0
SOATÁ,2019,0.0,0.0,0.0,0.0
SOATÁ,2020,0.0,0.0,0.0,0.0
SOATÁ,2021,0.0,0.0,0.0,0.0
SOATÁ,2022,0.0,0.0,0.0,0.0
SOATÁ,2023,0.0,0.0,0.0,0.0
SOCHA,2017,87.1,0.0,0.0,0.0
SOCHA,2018,0.0,403303.37,0.0,0.0
SOCHA,2019,0.0,0.0,0.0,0.0
SOCHA,2020,0.0,0.0,0.0,0.0
SOCHA,2021,0.0,0.0,0.0,0.0
SOCHA,2022,0.0,0.0,0.0,0.0
SOCHA,2023,0.0,0.0,0.0,0.0
SOCORRO,2017,88.01,0.0,0.0,0.0
SOCORRO,2018,0.0,493287.19,0.0,0.0
SOCORRO,2019,0.0,0.0,0.0,0.0
SOCORRO,2020,0.0,0.0,0.0,0.0
SOCORRO,2021,0.0,0.0,0.0,0.0
SOCORRO,2022,0.0,0.0,0.0,0.0
SOCORRO,2023,0.0,0.0,0.0,0.0
SOCOTÁ,2017,86.3,0.0,0.0,0.0
SOCOTÁ,2018,0.0,406781.14,0.0,0.0
SOCOTÁ,2019,0.0,0.0,0.0,0.0
SOCOTÁ,2020,0.0,0.0,0.0,0.0
SOCOTÁ,2021,0.0,0.0,0.0,0.0
SOCOTÁ,2022,0.0,0.0,0.0,0.0
SOCOTÁ,2023,0.0,0.0,0.0,0.0
SOGAMOSO,2017,82.48,0.0,0.0,0.0
SOGAMOSO,2018,0.0,701051.97,0.0,0.0
SOGAMOSO,2019,0.0,0.0,0.0,0.0
SOGAMOSO,2020,0.0,0.0,0.0,0.0
SOGAMOSO,2021,0.0,0.0,0.0,0.0
SOGAMOSO,2022,0.0,0.0,0.0,0.0
SOGAMOSO,2023,0.0,0.0,0.0,0.0
SOLANO,2017,92.37,0.0,0.0,0.0
SOLANO,2018,0.0,728768.3,0.0,0.0
SOLANO,2019,0.0,0.0,0.0,0.0
SOLANO,2020,0.0,0.0,0.0,0.0
SOLANO,2021,0.0,0.0,0.0,0.0
SOLANO,2022,0.0,0.0,0.0,0.0
SOLANO,2023,0.0,0.0,0.0,0.0
SOLEDAD,2017,88.73,356540.84,30.88,24.83
SOLEDAD,2018,88.67,270510.11,30.6,24.73
SOLEDAD,2019,88.95,295433.56,30.71,24.82
SOLEDAD,2020,88.91,400126.43,30.71,24.76
SOLEDAD,2021,88.51,374000.75,30.53,24.66
SOLEDAD,2022,88.93,539119.43,30.57,24.5
SOLEDAD,2023,88.88,321774.9,31.01,24.96
SOLITA,2017,0.0,0.0,0.0,0.0
SOLITA,2018,0.0,0.0,0.0,0.0
SOLITA,2019,0.0,0.0,0.0,0.0
SOLITA,2020,0.0,0.0,0.0,0.0
SOLITA,2021,0.0,0.0,0.0,0.0
SOLITA,2022,0.0,0.0,0.0,0.0
SOLITA,2023,0.0,0.0,0.0,0.0
SOMONDOCO,2017,88.6,0.0,0.0,0.0
SOMONDOCO,2018,0.0,340986.48,0.0,0.0
SOMONDOCO,2019,0.0,0.0,0.0,0.0
SOMONDOCO,2020,0.0,0.0,0.0,0.0
SOMONDOCO,2021,0.0,0.0,0.0,0.0
SOMONDOCO,2022,0.0,0.0,0.0,0.0
SOMONDOCO,2023,0.0,0.0,0.0,0.0
SONSÓN,2017,39.47,0.0,0.0,0.0
SONSÓN,2018,0.0,158684.45,0.0,0.0
SONSÓN,2019,0.0,0.0,0.0,0.0
SONSÓN,2020,0.0,0.0,0.0,0.0
SONSÓN,2021,0.0,0.0,0.0,0.0
SONSÓN,2022,0.0,0.0,0.0,0.0
SONSÓN,2023,0.0,0.0,0.0,0.0
SOPETRÁN,2017,0.0,0.0,0.0,0.0
SOPETRÁN,2018,0.0,0.0,0.0,0.0
SOPETRÁN,2019,0.0,0.0,0.0,0.0
SOPETRÁN,2020,0.0,0.0,0.0,0.0
SOPETRÁN,2021,0.0,0.0,0.0,0.0
SOPETRÁN,2022,0.0,0.0,0.0,0.0
SOPETRÁN,2023,0.0,0.0,0.0,0.0
SOPLAVIENTO,2017,88.19,364759.5,31.51,25.13
SOPLAVIENTO,2018,88.03,303922.06,31.63,25.05
SOPLAVIENTO,2019,87.34,266313.21,32.12,25.39
SOPLAVIENTO,2020,87.43,313398.29,31.66,25.21
SOPLAVIENTO,2021,87.77,348982.62,31.31,24.96
SOPLAVIENTO,2022,88.71,438751.04,31.02,24.78
SOPLAVIENTO,2023,87.87,307207.63,32.1,25.33
SOPÓ,2017,,,,
SOPÓ,2018,,,,
SOPÓ,2019,,,,
SOPÓ,2020,,,,
SOPÓ,2021,,,,
SOPÓ,2022,,,,
SOPÓ,2023,,,,
SORA,2017,,,,
SORA,2018,,,,
SORA,2019,,,,
SORA,2020,,,,
SORA,2021,,,,
SORA,2022,,,,
SORA,2023,,,,
SORACÁ,2017,94.85,0.0,0.0,0.0
SORACÁ,2018,0.0,351404.19,0.0,0.0
SORACÁ,2019,0.0,0.0,0.0,0.0
SORACÁ,2020,0.0,0.0,0.0,0.0
SORACÁ,2021,0.0,0.0,0.0,0.0
SORACÁ,2022,0.0,0.0,0.0,0.0
SORACÁ,2023,0.0,0.0,0.0,0.0
SOTAQUIRÁ,2017,90.51,0.0,0.0,0.0
SOTAQUIRÁ,2018,0.0,485704.11,0.0,0.0
SOTAQUIRÁ,2019,0.0,0.0,0.0,0.0
SOTAQUIRÁ,2020,0.0,0.0,0.0,0.0
SOTAQUIRÁ,2021,0.0,0.0,0.0,0.0
SOTAQUIRÁ,2022,0.0,0.0,0.0,0.0
SOTAQUIRÁ,2023,0.0,0.0,0.0,0.0
SOTARÁ PAISPAMBA,2017,0.0,0.0,0.0,0.0
SOTARÁ PAISPAMBA,2018,0.0,0.0,0.0,0.0
SOTARÁ PAISPAMBA,2019,0.0,0.0,0.0,0.0
SOTARÁ PAISPAMBA,2020,0.0,0.0,0.0,0.0
SOTARÁ PAISPAMBA,2021,0.0,0.0,0.0,0.0
SOTARÁ PAISPAMBA,2022,0.0,0.0,0.0,0.0
SOTARÁ PAISPAMBA,2023,0.0,0.0,0.0,0.0
SUAITA,2017,93.04,0.0,0.0,0.0
SUAITA,2018,0.0,432788.25,0.0,0.0
SUAITA,2019,0.0,0.0,0.0,0.0
SUAITA,2020,0.0,0.0,0.0,0.0
SUAITA,2021,0.0,0.0,0.0,0.0
SUAITA,2022,0.0,0.0,0.0,0.0
SUAITA,2023,0.0,0.0,0.0,0.0
SUAN,2017,89.6,391557.7,31.81,24.78
SUAN,2018,89.59,334465.05,31.78,24.73
SUAN,2019,89.22,305777.88,31.99,24.98
SUAN,2020,89.5,381519.74,31.54,24.76
SUAN,2021,89.47,373539.16,31.45,24.62
SUAN,2022,90.6,463243.66,31.21,24.42
SUAN,2023,89.34,340193.49,32.24,24.98
SUAZA,2017,0.0,0.0,0.0,0.0
SUAZA,2018,0.0,0.0,0.0,0.0
SUAZA,2019,0.0,0.0,0.0,0.0
SUAZA,2020,0.0,0.0,0.0,0.0
SUAZA,2021,0.0,0.0,0.0,0.0
SUAZA,2022,0.0,0.0,0.0,0.0
SUAZA,2023,0.0,0.0,0.0,0.0
SUBACHOQUE,2017,91.05,0.0,0.0,0.0
SUBACHOQUE,2018,0.0,611407.82,0.0,0.0
SUBACHOQUE,2019,0.0,0.0,0.0,0.0
SUBACHOQUE,2020,0.0,0.0,0.0,0.0
SUBACHOQUE,2021,0.0,0.0,0.0,0.0
SUBACHOQUE,2022,0.0,0.0,0.0,0.0
SUBACHOQUE,2023,0.0,0.0,0.0,0.0
SUCRE,2017,0.0,0.0,0.0,0.0
SUCRE,2017,0.0,0.0,0.0,0.0
SUCRE,2017,0.0,0.0,0.0,0.0
SUCRE,2017,0.0,0.0,0.0,0.0
SUCRE,2017,0.0,0.0,0.0,0.0
SUCRE,2017,0.0,0.0,0.0,0.0
SUCRE,2017,0.0,0.0,0.0,0.0
SUCRE,2017,0.0,0.0,0.0,0.0
SUCRE,2017,0.0,0.0,0.0,0.0
SUCRE,2017,0.0,0.0,0.0,0.0
SUCRE,2017,0.0,0.0,0.0,0.0
SUCRE,2017,0.0,0.0,0.0,0.0
SUCRE,2017,0.0,0.0,0.0,0.0
SUCRE,2017,0.0,0.0,0.0,0.0
SUCRE,2017,0.0,0.0,0.0,0.0
SUCRE,2017,0.0,0.0,0.0,0.0
SUCRE,2017,0.0,0.0,0.0,0.0
SUCRE,2017,0.0,0.0,0.0,0.0
SUCRE,2017,0.0,0.0,0.0,0.0
SUCRE,2017,0.0,0.0,0.0,0.0
SUCRE,2017,0.0,0.0,0.0,0.0
SUCRE,2017,0.0,0.0,0.0,0.0
SUCRE,2017,0.0,0.0,0.0,0.0
SUCRE,2017,0.0,0.0,0.0,0.0
SUCRE,2017,0.0,0.0,0.0,0.0
SUCRE,2017,0.0,0.0,0.0,0.0
SUCRE,2017,0.0,0.0,0.0,0.0
SUCRE,2017,91.52,0.0,0.0,0.0
SUCRE,2017,91.52,0.0,0.0,0.0
SUCRE,2017,91.52,0.0,0.0,0.0
SUCRE,2017,91.52,0.0,0.0,0.0
SUCRE,2017,91.52,0.0,0.0,0.0
SUCRE,2017,91.52,0.0,0.0,0.0
SUCRE,2017,91.52,0.0,0.0,0.0
SUCRE,2017,91.52,0.0,0.0,0.0
SUCRE,2017,91.52,0.0,0.0,0.0
SUCRE,2017,91.52,0.0,0.0,0.0
SUCRE,2017,91.52,0.0,0.0,0.0
SUCRE,2017,91.52,0.0,0.0,0.0
SUCRE,2017,91.52,0.0,0.0,0.0
SUCRE,2017,91.52,0.0,0.0,0.0
SUCRE,2017,91.52,0.0,0.0,0.0
SUCRE,2017,91.52,0.0,0.0,0.0
SUCRE,2017,91.52,0.0,0.0,0.0
SUCRE,2017,91.52,0.0,0.0,0.0
SUCRE,2017,91.52,0.0,0.0,0.0
SUCRE,2017,91.52,0.0,0.0,0.0
SUCRE,2017,91.52,0.0,0.0,0.0
SUCRE,2017,91.52,0.0,0.0,0.0
SUCRE,2017,91.52,0.0,0.0,0.0
SUCRE,2017,91.52,0.0,0.0,0.0
SUCRE,2017,91.52,0.0,0.0,0.0
SUCRE,2017,91.52,0.0,0.0,0.0
SUCRE,2017,91.52,0.0,0.0,0.0
SUCRE,2017,91.39,0.0,0.0,0.0
SUCRE,2017,91.39,0.0,0.0,0.0
SUCRE,2017,91.39,0.0,0.0,0.0
SUCRE,2017,91.39,0.0,0.0,0.0
SUCRE,2017,91.39,0.0,0.0,0.0
SUCRE,2017,91.39,0.0,0.0,0.0
SUCRE,2017,91.39,0.0,0.0,0.0
SUCRE,2017,91.39,0.0,0.0,0.0
SUCRE,2017,91.39,0.0,0.0,0.0
SUCRE,2017,91.39,0.0,0.0,0.0
SUCRE,2017,91.39,0.0,0.0,0.0
SUCRE,2017,91.39,0.0,0.0,0.0
SUCRE,2017,91.39,0.0,0.0,0.0
SUCRE,2017,91.39,0.0,0.0,0.0
SUCRE,2017,91.39,0.0,0.0,0.0
SUCRE,2017,91.39,0.0,0.0,0.0
SUCRE,2017,91.39,0.0,0.0,0.0
SUCRE,2017,91.39,0.0,0.0,0.0
SUCRE,2017,91.39,0.0,0.0,0.0
SUCRE,2017,91.39,0.0,0.0,0.0
SUCRE,2017,91.39,0.0,0.0,0.0
SUCRE,2017,91.39,0.0,0.0,0.0
SUCRE,2017,91.39,0.0,0.0,0.0
SUCRE,2017,91.39,0.0,0.0,0.0
SUCRE,2017,91.39,0.0,0.0,0.0
SUCRE,2017,91.39,0.0,0.0,0.0
SUCRE,2017,91.39,0.0,0.0,0.0
SUCRE,2018,0.0,0.0,0.0,0.0
SUCRE,2018,0.0,0.0,0.0,0.0
SUCRE,2018,0.0,0.0,0.0,0.0
SUCRE,2018,0.0,0.0,0.0,0.0
SUCRE,2018,0.0,0.0,0.0,0.0
SUCRE,2018,0.0,0.0,0.0,0.0
SUCRE,2018,0.0,0.0,0.0,0.0
SUCRE,2018,0.0,0.0,0.0,0.0
SUCRE,2018,0.0,0.0,0.0,0.0
SUCRE,2018,0.0,736292.12,0.0,0.0
SUCRE,2018,0.0,736292.12,0.0,0.0
SUCRE,2018,0.0,736292.12,0.0,0.0
SUCRE,2018,0.0,736292.12,0.0,0.0
SUCRE,2018,0.0,736292.12,0.0,0.0
SUCRE,2018,0.0,736292.12,0.0,0.0
SUCRE,2018,0.0,736292.12,0.0,0.0
SUCRE,2018,0.0,736292.12,0.0,0.0
SUCRE,2018,0.0,736292.12,0.0,0.0
SUCRE,2018,0.0,704667.75,0.0,0.0
SUCRE,2018,0.0,704667.75,0.0,0.0
SUCRE,2018,0.0,704667.75,0.0,0.0
SUCRE,2018,0.0,704667.75,0.0,0.0
SUCRE,2018,0.0,704667.75,0.0,0.0
SUCRE,2018,0.0,704667.75,0.0,0.0
SUCRE,2018,0.0,704667.75,0.0,0.0
SUCRE,2018,0.0,704667.75,0.0,0.0
SUCRE,2018,0.0,704667.75,0.0,0.0
SUCRE,2018,0.0,0.0,0.0,0.0
SUCRE,2018,0.0,0.0,0.0,0.0
SUCRE,2018,0.0,0.0,0.0,0.0
SUCRE,2018,0.0,0.0,0.0,0.0
SUCRE,2018,0.0,0.0,0.0,0.0
SUCRE,2018,0.0,0.0,0.0,0.0
SUCRE,2018,0.0,0.0,0.0,0.0
SUCRE,2018,0.0,0.0,0.0,0.0
SUCRE,2018,0.0,0.0,0.0,0.0
SUCRE,2018,0.0,736292.12,0.0,0.0
SUCRE,2018,0.0,736292.12,0.0,0.0
SUCRE,2018,0.0,736292.12,0.0,0.0
SUCRE,2018,0.0,736292.12,0.0,0.0
SUCRE,2018,0.0,736292.12,0.0,0.0
SUCRE,2018,0.0,736292.12,0.0,0.0
SUCRE,2018,0.0,736292.12,0.0,0.0
SUCRE,2018,0.0,736292.12,0.0,0.0
SUCRE,2018,0.0,736292.12,0.0,0.0
SUCRE,2018,0.0,704667.75,0.0,0.0
SUCRE,2018,0.0,704667.75,0.0,0.0
SUCRE,2018,0.0,704667.75,0.0,0.0
SUCRE,2018,0.0,704667.75,0.0,0.0
SUCRE,2018,0.0,704667.75,0.0,0.0
SUCRE,2018,0.0,704667.75,0.0,0.0
SUCRE,2018,0.0,704667.75,0.0,0.0
SUCRE,2018,0.0,704667.75,0.0,0.0
SUCRE,2018,0.0,704667.75,0.0,0.0
SUCRE,2018,0.0,0.0,0.0,0.0
SUCRE,2018,0.0,0.0,0.0,0.0
SUCRE,2018,0.0,0.0,0.0,0.0
SUCRE,2018,0.0,0.0,0.0,0.0
SUCRE,2018,0.0,0.0,0.0,0.0
SUCRE,2018,0.0,0.0,0.0,0.0
SUCRE,2018,0.0,0.0,0.0,0.0
SUCRE,2018,0.0,0.0,0.0,0.0
SUCRE,2018,0.0,0.0,0.0,0.0
SUCRE,2018,0.0,736292.12,0.0,0.0
SUCRE,2018,0.0,736292.12,0.0,0.0
SUCRE,2018,0.0,736292.12,0.0,0.0
SUCRE,2018,0.0,736292.12,0.0,0.0
SUCRE,2018,0.0,736292.12,0.0,0.0
SUCRE,2018,0.0,736292.12,0.0,0.0
SUCRE,2018,0.0,736292.12,0.0,0.0
SUCRE,2018,0.0,736292.12,0.0,0.0
SUCRE,2018,0.0,736292.12,0.0,0.0
SUCRE,2018,0.0,704667.75,0.0,0.0
SUCRE,2018,0.0,704667.75,0.0,0.0
SUCRE,2018,0.0,704667.75,0.0,0.0
SUCRE,2018,0.0,704667.75,0.0,0.0
SUCRE,2018,0.0,704667.75,0.0,0.0
SUCRE,2018,0.0,704667.75,0.0,0.0
SUCRE,2018,0.0,704667.75,0.0,0.0
SUCRE,2018,0.0,704667.75,0.0,0.0
SUCRE,2018,0.0,704667.75,0.0,0.0
SUCRE,2019,0.0,0.0,0.0,0.0
SUCRE,2019,0.0,0.0,0.0,0.0
SUCRE,2019,0.0,0.0,0.0,0.0
SUCRE,2019,0.0,0.0,0.0,0.0
SUCRE,2019,0.0,0.0,0.0,0.0
SUCRE,2019,0.0,0.0,0.0,0.0
SUCRE,2019,0.0,0.0,0.0,0.0
SUCRE,2019,0.0,0.0,0.0,0.0
SUCRE,2019,0.0,0.0,0.0,0.0
SUCRE,2019,0.0,0.0,0.0,0.0
SUCRE,2019,0.0,0.0,0.0,0.0
SUCRE,2019,0.0,0.0,0.0,0.0
SUCRE,2019,0.0,0.0,0.0,0.0
SUCRE,2019,0.0,0.0,0.0,0.0
SUCRE,2019,0.0,0.0,0.0,0.0
SUCRE,2019,0.0,0.0,0.0,0.0
SUCRE,2019,0.0,0.0,0.0,0.0
SUCRE,2019,0.0,0.0,0.0,0.0
SUCRE,2019,0.0,0.0,0.0,0.0
SUCRE,2019,0.0,0.0,0.0,0.0
SUCRE,2019,0.0,0.0,0.0,0.0
SUCRE,2019,0.0,0.0,0.0,0.0
SUCRE,2019,0.0,0.0,0.0,0.0
SUCRE,2019,0.0,0.0,0.0,0.0
SUCRE,2019,0.0,0.0,0.0,0.0
SUCRE,2019,0.0,0.0,0.0,0.0
SUCRE,2019,0.0,0.0,0.0,0.0
SUCRE,2019,0.0,0.0,0.0,0.0
SUCRE,2019,0.0,0.0,0.0,0.0
SUCRE,2019,0.0,0.0,0.0,0.0
SUCRE,2019,0.0,0.0,0.0,0.0
SUCRE,2019,0.0,0.0,0.0,0.0
SUCRE,2019,0.0,0.0,0.0,0.0
SUCRE,2019,0.0,0.0,0.0,0.0
SUCRE,2019,0.0,0.0,0.0,0.0
SUCRE,2019,0.0,0.0,0.0,0.0
SUCRE,2019,0.0,0.0,0.0,0.0
SUCRE,2019,0.0,0.0,0.0,0.0
SUCRE,2019,0.0,0.0,0.0,0.0
SUCRE,2019,0.0,0.0,0.0,0.0
SUCRE,2019,0.0,0.0,0.0,0.0
SUCRE,2019,0.0,0.0,0.0,0.0
SUCRE,2019,0.0,0.0,0.0,0.0
SUCRE,2019,0.0,0.0,0.0,0.0
SUCRE,2019,0.0,0.0,0.0,0.0
SUCRE,2019,0.0,0.0,0.0,0.0
SUCRE,2019,0.0,0.0,0.0,0.0
SUCRE,2019,0.0,0.0,0.0,0.0
SUCRE,2019,0.0,0.0,0.0,0.0
SUCRE,2019,0.0,0.0,0.0,0.0
SUCRE,2019,0.0,0.0,0.0,0.0
SUCRE,2019,0.0,0.0,0.0,0.0
SUCRE,2019,0.0,0.0,0.0,0.0
SUCRE,2019,0.0,0.0,0.0,0.0
SUCRE,2019,0.0,0.0,0.0,0.0
SUCRE,2019,0.0,0.0,0.0,0.0
SUCRE,2019,0.0,0.0,0.0,0.0
SUCRE,2019,0.0,0.0,0.0,0.0
SUCRE,2019,0.0,0.0,0.0,0.0
SUCRE,2019,0.0,0.0,0.0,0.0
SUCRE,2019,0.0,0.0,0.0,0.0
SUCRE,2019,0.0,0.0,0.0,0.0
SUCRE,2019,0.0,0.0,0.0,0.0
SUCRE,2019,0.0,0.0,0.0,0.0
SUCRE,2019,0.0,0.0,0.0,0.0
SUCRE,2019,0.0,0.0,0.0,0.0
SUCRE,2019,0.0,0.0,0.0,0.0
SUCRE,2019,0.0,0.0,0.0,0.0
SUCRE,2019,0.0,0.0,0.0,0.0
SUCRE,2019,0.0,0.0,0.0,0.0
SUCRE,2019,0.0,0.0,0.0,0.0
SUCRE,2019,0.0,0.0,0.0,0.0
SUCRE,2019,0.0,0.0,0.0,0.0
SUCRE,2019,0.0,0.0,0.0,0.0
SUCRE,2019,0.0,0.0,0.0,0.0
SUCRE,2019,0.0,0.0,0.0,0.0
SUCRE,2019,0.0,0.0,0.0,0.0
SUCRE,2019,0.0,0.0,0.0,0.0
SUCRE,2019,0.0,0.0,0.0,0.0
SUCRE,2019,0.0,0.0,0.0,0.0
SUCRE,2019,0.0,0.0,0.0,0.0
SUCRE,2020,0.0,0.0,0.0,0.0
SUCRE,2020,0.0,0.0,0.0,0.0
SUCRE,2020,0.0,0.0,0.0,0.0
SUCRE,2020,0.0,0.0,0.0,0.0
SUCRE,2020,0.0,0.0,0.0,0.0
SUCRE,2020,0.0,0.0,0.0,0.0
SUCRE,2020,0.0,0.0,0.0,0.0
SUCRE,2020,0.0,0.0,0.0,0.0
SUCRE,2020,0.0,0.0,0.0,0.0
SUCRE,2020,0.0,0.0,0.0,0.0
SUCRE,2020,0.0,0.0,0.0,0.0
SUCRE,2020,0.0,0.0,0.0,0.0
SUCRE,2020,0.0,0.0,0.0,0.0
SUCRE,2020,0.0,0.0,0.0,0.0
SUCRE,2020,0.0,0.0,0.0,0.0
SUCRE,2020,0.0,0.0,0.0,0.0
SUCRE,2020,0.0,0.0,0.0,0.0
SUCRE,2020,0.0,0.0,0.0,0.0
SUCRE,2020,0.0,0.0,0.0,0.0
SUCRE,2020,0.0,0.0,0.0,0.0
SUCRE,2020,0.0,0.0,0.0,0.0
SUCRE,2020,0.0,0.0,0.0,0.0
SUCRE,2020,0.0,0.0,0.0,0.0
SUCRE,2020,0.0,0.0,0.0,0.0
SUCRE,2020,0.0,0.0,0.0,0.0
SUCRE,2020,0.0,0.0,0.0,0.0
SUCRE,2020,0.0,0.0,0.0,0.0
SUCRE,2020,0.0,0.0,0.0,0.0
SUCRE,2020,0.0,0.0,0.0,0.0
SUCRE,2020,0.0,0.0,0.0,0.0
SUCRE,2020,0.0,0.0,0.0,0.0
SUCRE,2020,0.0,0.0,0.0,0.0
SUCRE,2020,0.0,0.0,0.0,0.0
SUCRE,2020,0.0,0.0,0.0,0.0
SUCRE,2020,0.0,0.0,0.0,0.0
SUCRE,2020,0.0,0.0,0.0,0.0
SUCRE,2020,0.0,0.0,0.0,0.0
SUCRE,2020,0.0,0.0,0.0,0.0
SUCRE,2020,0.0,0.0,0.0,0.0
SUCRE,2020,0.0,0.0,0.0,0.0
SUCRE,2020,0.0,0.0,0.0,0.0
SUCRE,2020,0.0,0.0,0.0,0.0
SUCRE,2020,0.0,0.0,0.0,0.0
SUCRE,2020,0.0,0.0,0.0,0.0
SUCRE,2020,0.0,0.0,0.0,0.0
SUCRE,2020,0.0,0.0,0.0,0.0
SUCRE,2020,0.0,0.0,0.0,0.0
SUCRE,2020,0.0,0.0,0.0,0.0
SUCRE,2020,0.0,0.0,0.0,0.0
SUCRE,2020,0.0,0.0,0.0,0.0
SUCRE,2020,0.0,0.0,0.0,0.0
SUCRE,2020,0.0,0.0,0.0,0.0
SUCRE,2020,0.0,0.0,0.0,0.0
SUCRE,2020,0.0,0.0,0.0,0.0
SUCRE,2020,0.0,0.0,0.0,0.0
SUCRE,2020,0.0,0.0,0.0,0.0
SUCRE,2020,0.0,0.0,0.0,0.0
SUCRE,2020,0.0,0.0,0.0,0.0
SUCRE,2020,0.0,0.0,0.0,0.0
SUCRE,2020,0.0,0.0,0.0,0.0
SUCRE,2020,0.0,0.0,0.0,0.0
SUCRE,2020,0.0,0.0,0.0,0.0
SUCRE,2020,0.0,0.0,0.0,0.0
SUCRE,2020,0.0,0.0,0.0,0.0
SUCRE,2020,0.0,0.0,0.0,0.0
SUCRE,2020,0.0,0.0,0.0,0.0
SUCRE,2020,0.0,0.0,0.0,0.0
SUCRE,2020,0.0,0.0,0.0,0.0
SUCRE,2020,0.0,0.0,0.0,0.0
SUCRE,2020,0.0,0.0,0.0,0.0
SUCRE,2020,0.0,0.0,0.0,0.0
SUCRE,2020,0.0,0.0,0.0,0.0
SUCRE,2020,0.0,0.0,0.0,0.0
SUCRE,2020,0.0,0.0,0.0,0.0
SUCRE,2020,0.0,0.0,0.0,0.0
SUCRE,2020,0.0,0.0,0.0,0.0
SUCRE,2020,0.0,0.0,0.0,0.0
SUCRE,2020,0.0,0.0,0.0,0.0
SUCRE,2020,0.0,0.0,0.0,0.0
SUCRE,2020,0.0,0.0,0.0,0.0
SUCRE,2020,0.0,0.0,0.0,0.0
SUCRE,2021,0.0,0.0,0.0,0.0
SUCRE,2021,0.0,0.0,0.0,0.0
SUCRE,2021,0.0,0.0,0.0,0.0
SUCRE,2021,0.0,0.0,0.0,0.0
SUCRE,2021,0.0,0.0,0.0,0.0
SUCRE,2021,0.0,0.0,0.0,0.0
SUCRE,2021,0.0,0.0,0.0,0.0
SUCRE,2021,0.0,0.0,0.0,0.0
SUCRE,2021,0.0,0.0,0.0,0.0
SUCRE,2021,0.0,0.0,0.0,0.0
SUCRE,2021,0.0,0.0,0.0,0.0
SUCRE,2021,0.0,0.0,0.0,0.0
SUCRE,2021,0.0,0.0,0.0,0.0
SUCRE,2021,0.0,0.0,0.0,0.0
SUCRE,2021,0.0,0.0,0.0,0.0
SUCRE,2021,0.0,0.0,0.0,0.0
SUCRE,2021,0.0,0.0,0.0,0.0
SUCRE,2021,0.0,0.0,0.0,0.0
SUCRE,2021,0.0,0.0,0.0,0.0
SUCRE,2021,0.0,0.0,0.0,0.0
SUCRE,2021,0.0,0.0,0.0,0.0
SUCRE,2021,0.0,0.0,0.0,0.0
SUCRE,2021,0.0,0.0,0.0,0.0
SUCRE,2021,0.0,0.0,0.0,0.0
SUCRE,2021,0.0,0.0,0.0,0.0
SUCRE,2021,0.0,0.0,0.0,0.0
SUCRE,2021,0.0,0.0,0.0,0.0
SUCRE,2021,0.0,0.0,0.0,0.0
SUCRE,2021,0.0,0.0,0.0,0.0
SUCRE,2021,0.0,0.0,0.0,0.0
SUCRE,2021,0.0,0.0,0.0,0.0
SUCRE,2021,0.0,0.0,0.0,0.0
SUCRE,2021,0.0,0.0,0.0,0.0
SUCRE,2021,0.0,0.0,0.0,0.0
SUCRE,2021,0.0,0.0,0.0,0.0
SUCRE,2021,0.0,0.0,0.0,0.0
SUCRE,2021,0.0,0.0,0.0,0.0
SUCRE,2021,0.0,0.0,0.0,0.0
SUCRE,2021,0.0,0.0,0.0,0.0
SUCRE,2021,0.0,0.0,0.0,0.0
SUCRE,2021,0.0,0.0,0.0,0.0
SUCRE,2021,0.0,0.0,0.0,0.0
SUCRE,2021,0.0,0.0,0.0,0.0
SUCRE,2021,0.0,0.0,0.0,0.0
SUCRE,2021,0.0,0.0,0.0,0.0
SUCRE,2021,0.0,0.0,0.0,0.0
SUCRE,2021,0.0,0.0,0.0,0.0
SUCRE,2021,0.0,0.0,0.0,0.0
SUCRE,2021,0.0,0.0,0.0,0.0
SUCRE,2021,0.0,0.0,0.0,0.0
SUCRE,2021,0.0,0.0,0.0,0.0
SUCRE,2021,0.0,0.0,0.0,0.0
SUCRE,2021,0.0,0.0,0.0,0.0
SUCRE,2021,0.0,0.0,0.0,0.0
SUCRE,2021,0.0,0.0,0.0,0.0
SUCRE,2021,0.0,0.0,0.0,0.0
SUCRE,2021,0.0,0.0,0.0,0.0
SUCRE,2021,0.0,0.0,0.0,0.0
SUCRE,2021,0.0,0.0,0.0,0.0
SUCRE,2021,0.0,0.0,0.0,0.0
SUCRE,2021,0.0,0.0,0.0,0.0
SUCRE,2021,0.0,0.0,0.0,0.0
SUCRE,2021,0.0,0.0,0.0,0.0
SUCRE,2021,0.0,0.0,0.0,0.0
SUCRE,2021,0.0,0.0,0.0,0.0
SUCRE,2021,0.0,0.0,0.0,0.0
SUCRE,2021,0.0,0.0,0.0,0.0
SUCRE,2021,0.0,0.0,0.0,0.0
SUCRE,2021,0.0,0.0,0.0,0.0
SUCRE,2021,0.0,0.0,0.0,0.0
SUCRE,2021,0.0,0.0,0.0,0.0
SUCRE,2021,0.0,0.0,0.0,0.0
SUCRE,2021,0.0,0.0,0.0,0.0
SUCRE,2021,0.0,0.0,0.0,0.0
SUCRE,2021,0.0,0.0,0.0,0.0
SUCRE,2021,0.0,0.0,0.0,0.0
SUCRE,2021,0.0,0.0,0.0,0.0
SUCRE,2021,0.0,0.0,0.0,0.0
SUCRE,2021,0.0,0.0,0.0,0.0
SUCRE,2021,0.0,0.0,0.0,0.0
SUCRE,2021,0.0,0.0,0.0,0.0
SUCRE,2022,0.0,0.0,0.0,0.0
SUCRE,2022,0.0,0.0,0.0,0.0
SUCRE,2022,0.0,0.0,0.0,0.0
SUCRE,2022,0.0,0.0,0.0,0.0
SUCRE,2022,0.0,0.0,0.0,0.0
SUCRE,2022,0.0,0.0,0.0,0.0
SUCRE,2022,0.0,0.0,0.0,0.0
SUCRE,2022,0.0,0.0,0.0,0.0
SUCRE,2022,0.0,0.0,0.0,0.0
SUCRE,2022,0.0,0.0,0.0,0.0
SUCRE,2022,0.0,0.0,0.0,0.0
SUCRE,2022,0.0,0.0,0.0,0.0
SUCRE,2022,0.0,0.0,0.0,0.0
SUCRE,2022,0.0,0.0,0.0,0.0
SUCRE,2022,0.0,0.0,0.0,0.0
SUCRE,2022,0.0,0.0,0.0,0.0
SUCRE,2022,0.0,0.0,0.0,0.0
SUCRE,2022,0.0,0.0,0.0,0.0
SUCRE,2022,0.0,0.0,0.0,0.0
SUCRE,2022,0.0,0.0,0.0,0.0
SUCRE,2022,0.0,0.0,0.0,0.0
SUCRE,2022,0.0,0.0,0.0,0.0
SUCRE,2022,0.0,0.0,0.0,0.0
SUCRE,2022,0.0,0.0,0.0,0.0
SUCRE,2022,0.0,0.0,0.0,0.0
SUCRE,2022,0.0,0.0,0.0,0.0
SUCRE,2022,0.0,0.0,0.0,0.0
SUCRE,2022,0.0,0.0,0.0,0.0
SUCRE,2022,0.0,0.0,0.0,0.0
SUCRE,2022,0.0,0.0,0.0,0.0
SUCRE,2022,0.0,0.0,0.0,0.0
SUCRE,2022,0.0,0.0,0.0,0.0
SUCRE,2022,0.0,0.0,0.0,0.0
SUCRE,2022,0.0,0.0,0.0,0.0
SUCRE,2022,0.0,0.0,0.0,0.0
SUCRE,2022,0.0,0.0,0.0,0.0
SUCRE,2022,0.0,0.0,0.0,0.0
SUCRE,2022,0.0,0.0,0.0,0.0
SUCRE,2022,0.0,0.0,0.0,0.0
SUCRE,2022,0.0,0.0,0.0,0.0
SUCRE,2022,0.0,0.0,0.0,0.0
SUCRE,2022,0.0,0.0,0.0,0.0
SUCRE,2022,0.0,0.0,0.0,0.0
SUCRE,2022,0.0,0.0,0.0,0.0
SUCRE,2022,0.0,0.0,0.0,0.0
SUCRE,2022,0.0,0.0,0.0,0.0
SUCRE,2022,0.0,0.0,0.0,0.0
SUCRE,2022,0.0,0.0,0.0,0.0
SUCRE,2022,0.0,0.0,0.0,0.0
SUCRE,2022,0.0,0.0,0.0,0.0
SUCRE,2022,0.0,0.0,0.0,0.0
SUCRE,2022,0.0,0.0,0.0,0.0
SUCRE,2022,0.0,0.0,0.0,0.0
SUCRE,2022,0.0,0.0,0.0,0.0
SUCRE,2022,0.0,0.0,0.0,0.0
SUCRE,2022,0.0,0.0,0.0,0.0
SUCRE,2022,0.0,0.0,0.0,0.0
SUCRE,2022,0.0,0.0,0.0,0.0
SUCRE,2022,0.0,0.0,0.0,0.0
SUCRE,2022,0.0,0.0,0.0,0.0
SUCRE,2022,0.0,0.0,0.0,0.0
SUCRE,2022,0.0,0.0,0.0,0.0
SUCRE,2022,0.0,0.0,0.0,0.0
SUCRE,2022,0.0,0.0,0.0,0.0
SUCRE,2022,0.0,0.0,0.0,0.0
SUCRE,2022,0.0,0.0,0.0,0.0
SUCRE,2022,0.0,0.0,0.0,0.0
SUCRE,2022,0.0,0.0,0.0,0.0
SUCRE,2022,0.0,0.0,0.0,0.0
SUCRE,2022,0.0,0.0,0.0,0.0
SUCRE,2022,0.0,0.0,0.0,0.0
SUCRE,2022,0.0,0.0,0.0,0.0
SUCRE,2022,0.0,0.0,0.0,0.0
SUCRE,2022,0.0,0.0,0.0,0.0
SUCRE,2022,0.0,0.0,0.0,0.0
SUCRE,2022,0.0,0.0,0.0,0.0
SUCRE,2022,0.0,0.0,0.0,0.0
SUCRE,2022,0.0,0.0,0.0,0.0
SUCRE,2022,0.0,0.0,0.0,0.0
SUCRE,2022,0.0,0.0,0.0,0.0
SUCRE,2022,0.0,0.0,0.0,0.0
SUCRE,2023,0.0,0.0,0.0,0.0
SUCRE,2023,0.0,0.0,0.0,0.0
SUCRE,2023,0.0,0.0,0.0,0.0
SUCRE,2023,0.0,0.0,0.0,0.0
SUCRE,2023,0.0,0.0,0.0,0.0
SUCRE,2023,0.0,0.0,0.0,0.0
SUCRE,2023,0.0,0.0,0.0,0.0
SUCRE,2023,0.0,0.0,0.0,0.0
SUCRE,2023,0.0,0.0,0.0,0.0
SUCRE,2023,0.0,0.0,0.0,0.0
SUCRE,2023,0.0,0.0,0.0,0.0
SUCRE,2023,0.0,0.0,0.0,0.0
SUCRE,2023,0.0,0.0,0.0,0.0
SUCRE,2023,0.0,0.0,0.0,0.0
SUCRE,2023,0.0,0.0,0.0,0.0
SUCRE,2023,0.0,0.0,0.0,0.0
SUCRE,2023,0.0,0.0,0.0,0.0
SUCRE,2023,0.0,0.0,0.0,0.0
SUCRE,2023,0.0,0.0,0.0,0.0
SUCRE,2023,0.0,0.0,0.0,0.0
SUCRE,2023,0.0,0.0,0.0,0.0
SUCRE,2023,0.0,0.0,0.0,0.0
SUCRE,2023,0.0,0.0,0.0,0.0
SUCRE,2023,0.0,0.0,0.0,0.0
SUCRE,2023,0.0,0.0,0.0,0.0
SUCRE,2023,0.0,0.0,0.0,0.0
SUCRE,2023,0.0,0.0,0.0,0.0
SUCRE,2023,0.0,0.0,0.0,0.0
SUCRE,2023,0.0,0.0,0.0,0.0
SUCRE,2023,0.0,0.0,0.0,0.0
SUCRE,2023,0.0,0.0,0.0,0.0
SUCRE,2023,0.0,0.0,0.0,0.0
SUCRE,2023,0.0,0.0,0.0,0.0
SUCRE,2023,0.0,0.0,0.0,0.0
SUCRE,2023,0.0,0.0,0.0,0.0
SUCRE,2023,0.0,0.0,0.0,0.0
SUCRE,2023,0.0,0.0,0.0,0.0
SUCRE,2023,0.0,0.0,0.0,0.0
SUCRE,2023,0.0,0.0,0.0,0.0
SUCRE,2023,0.0,0.0,0.0,0.0
SUCRE,2023,0.0,0.0,0.0,0.0
SUCRE,2023,0.0,0.0,0.0,0.0
SUCRE,2023,0.0,0.0,0.0,0.0
SUCRE,2023,0.0,0.0,0.0,0.0
SUCRE,2023,0.0,0.0,0.0,0.0
SUCRE,2023,0.0,0.0,0.0,0.0
SUCRE,2023,0.0,0.0,0.0,0.0
SUCRE,2023,0.0,0.0,0.0,0.0
SUCRE,2023,0.0,0.0,0.0,0.0
SUCRE,2023,0.0,0.0,0.0,0.0
SUCRE,2023,0.0,0.0,0.0,0.0
SUCRE,2023,0.0,0.0,0.0,0.0
SUCRE,2023,0.0,0.0,0.0,0.0
SUCRE,2023,0.0,0.0,0.0,0.0
SUCRE,2023,0.0,0.0,0.0,0.0
SUCRE,2023,0.0,0.0,0.0,0.0
SUCRE,2023,0.0,0.0,0.0,0.0
SUCRE,2023,0.0,0.0,0.0,0.0
SUCRE,2023,0.0,0.0,0.0,0.0
SUCRE,2023,0.0,0.0,0.0,0.0
SUCRE,2023,0.0,0.0,0.0,0.0
SUCRE,2023,0.0,0.0,0.0,0.0
SUCRE,2023,0.0,0.0,0.0,0.0
SUCRE,2023,0.0,0.0,0.0,0.0
SUCRE,2023,0.0,0.0,0.0,0.0
SUCRE,2023,0.0,0.0,0.0,0.0
SUCRE,2023,0.0,0.0,0.0,0.0
SUCRE,2023,0.0,0.0,0.0,0.0
SUCRE,2023,0.0,0.0,0.0,0.0
SUCRE,2023,0.0,0.0,0.0,0.0
SUCRE,2023,0.0,0.0,0.0,0.0
SUCRE,2023,0.0,0.0,0.0,0.0
SUCRE,2023,0.0,0.0,0.0,0.0
SUCRE,2023,0.0,0.0,0.0,0.0
SUCRE,2023,0.0,0.0,0.0,0.0
SUCRE,2023,0.0,0.0,0.0,0.0
SUCRE,2023,0.0,0.0,0.0,0.0
SUCRE,2023,0.0,0.0,0.0,0.0
SUCRE,2023,0.0,0.0,0.0,0.0
SUCRE,2023,0.0,0.0,0.0,0.0
SUCRE,2023,0.0,0.0,0.0,0.0
SUESCA,2017,91.9,0.0,0.0,0.0
SUESCA,2018,0.0,355485.11,0.0,0.0
SUESCA,2019,0.0,0.0,0.0,0.0
SUESCA,2020,0.0,0.0,0.0,0.0
SUESCA,2021,0.0,0.0,0.0,0.0
SUESCA,2022,0.0,0.0,0.0,0.0
SUESCA,2023,0.0,0.0,0.0,0.0
SUPATÁ,2017,87.21,0.0,0.0,0.0
SUPATÁ,2018,0.0,645675.49,0.0,0.0
SUPATÁ,2019,0.0,0.0,0.0,0.0
SUPATÁ,2020,0.0,0.0,0.0,0.0
SUPATÁ,2021,0.0,0.0,0.0,0.0
SUPATÁ,2022,0.0,0.0,0.0,0.0
SUPATÁ,2023,0.0,0.0,0.0,0.0
SUPÍA,2017,0.0,0.0,0.0,0.0
SUPÍA,2018,0.0,0.0,0.0,0.0
SUPÍA,2019,0.0,0.0,0.0,0.0
SUPÍA,2020,0.0,0.0,0.0,0.0
SUPÍA,2021,0.0,0.0,0.0,0.0
SUPÍA,2022,0.0,0.0,0.0,0.0
SUPÍA,2023,0.0,0.0,0.0,0.0
SURATÁ,2017,88.01,0.0,0.0,0.0
SURATÁ,2018,0.0,1165871.54,0.0,0.0
SURATÁ,2019,0.0,0.0,0.0,0.0
SURATÁ,2020,0.0,0.0,0.0,0.0
SURATÁ,2021,0.0,0.0,0.0,0.0
SURATÁ,2022,0.0,0.0,0.0,0.0
SURATÁ,2023,0.0,0.0,0.0,0.0
SUSA,2017,,,,
SUSA,2018,,,,
SUSA,2019,,,,
SUSA,2020,,,,
SUSA,2021,,,,
SUSA,2022,,,,
SUSA,2023,,,,
SUSACÓN,2017,81.71,0.0,0.0,0.0
SUSACÓN,2018,0.0,497450.96,0.0,0.0
SUSACÓN,2019,0.0,0.0,0.0,0.0
SUSACÓN,2020,0.0,0.0,0.0,0.0
SUSACÓN,2021,0.0,0.0,0.0,0.0
SUSACÓN,2022,0.0,0.0,0.0,0.0
SUSACÓN,2023,0.0,0.0,0.0,0.0
SUTAMARCHÁN,2017,88.04,0.0,0.0,0.0
SUTAMARCHÁN,2018,0.0,351191.14,0.0,0.0
SUTAMARCHÁN,2019,0.0,0.0,0.0,0.0
SUTAMARCHÁN,2020,0.0,0.0,0.0,0.0
SUTAMARCHÁN,2021,0.0,0.0,0.0,0.0
SUTAMARCHÁN,2022,0.0,0.0,0.0,0.0
SUTAMARCHÁN,2023,0.0,0.0,0.0,0.0
SUTATAUSA,2017,,,,
SUTATAUSA,2018,,,,
SUTATAUSA,2019,,,,
SUTATAUSA,2020,,,,
SUTATAUSA,2021,,,,
SUTATAUSA,2022,,,,
SUTATAUSA,2023,,,,
SUTATENZA,2017,,,,
SUTATENZA,2018,,,,
SUTATENZA,2019,,,,
SUTATENZA,2020,,,,
SUTATENZA,2021,,,,
SUTATENZA,2022,,,,
SUTATENZA,2023,,,,
SUÁREZ,2017,0.0,0.0,0.0,0.0
SUÁREZ,2017,0.0,0.0,0.0,0.0
SUÁREZ,2017,0.0,0.0,0.0,0.0
SUÁREZ,2017,0.0,0.0,0.0,0.0
SUÁREZ,2017,0.0,0.0,0.0,0.0
SUÁREZ,2017,0.0,0.0,0.0,0.0
SUÁREZ,2017,0.0,0.0,0.0,0.0
SUÁREZ,2017,0.0,0.0,0.0,0.0
SUÁREZ,2017,85.1,0.0,0.0,0.0
SUÁREZ,2017,85.1,0.0,0.0,0.0
SUÁREZ,2017,85.1,0.0,0.0,0.0
SUÁREZ,2017,85.1,0.0,0.0,0.0
SUÁREZ,2017,85.1,0.0,0.0,0.0
SUÁREZ,2017,85.1,0.0,0.0,0.0
SUÁREZ,2017,85.1,0.0,0.0,0.0
SUÁREZ,2017,85.1,0.0,0.0,0.0
SUÁREZ,2018,0.0,0.0,0.0,0.0
SUÁREZ,2018,0.0,0.0,0.0,0.0
SUÁREZ,2018,0.0,0.0,0.0,0.0
SUÁREZ,2018,0.0,0.0,0.0,0.0
SUÁREZ,2018,0.0,439688.42,0.0,0.0
SUÁREZ,2018,0.0,439688.42,0.0,0.0
SUÁREZ,2018,0.0,439688.42,0.0,0.0
SUÁREZ,2018,0.0,439688.42,0.0,0.0
SUÁREZ,2018,0.0,0.0,0.0,0.0
SUÁREZ,2018,0.0,0.0,0.0,0.0
SUÁREZ,2018,0.0,0.0,0.0,0.0
SUÁREZ,2018,0.0,0.0,0.0,0.0
SUÁREZ,2018,0.0,439688.42,0.0,0.0
SUÁREZ,2018,0.0,439688.42,0.0,0.0
SUÁREZ,2018,0.0,439688.42,0.0,0.0
SUÁREZ,2018,0.0,439688.42,0.0,0.0
SUÁREZ,2019,0.0,0.0,0.0,0.0
SUÁREZ,2019,0.0,0.0,0.0,0.0
SUÁREZ,2019,0.0,0.0,0.0,0.0
SUÁREZ,2019,0.0,0.0,0.0,0.0
SUÁREZ,2019,0.0,0.0,0.0,0.0
SUÁREZ,2019,0.0,0.0,0.0,0.0
SUÁREZ,2019,0.0,0.0,0.0,0.0
SUÁREZ,2019,0.0,0.0,0.0,0.0
SUÁREZ,2019,0.0,0.0,0.0,0.0
SUÁREZ,2019,0.0,0.0,0.0,0.0
SUÁREZ,2019,0.0,0.0,0.0,0.0
SUÁREZ,2019,0.0,0.0,0.0,0.0
SUÁREZ,2019,0.0,0.0,0.0,0.0
SUÁREZ,2019,0.0,0.0,0.0,0.0
SUÁREZ,2019,0.0,0.0,0.0,0.0
SUÁREZ,2019,0.0,0.0,0.0,0.0
SUÁREZ,2020,0.0,0.0,0.0,0.0
SUÁREZ,2020,0.0,0.0,0.0,0.0
SUÁREZ,2020,0.0,0.0,0.0,0.0
SUÁREZ,2020,0.0,0.0,0.0,0.0
SUÁREZ,2020,0.0,0.0,0.0,0.0
SUÁREZ,2020,0.0,0.0,0.0,0.0
SUÁREZ,2020,0.0,0.0,0.0,0.0
SUÁREZ,2020,0.0,0.0,0.0,0.0
SUÁREZ,2020,0.0,0.0,0.0,0.0
SUÁREZ,2020,0.0,0.0,0.0,0.0
SUÁREZ,2020,0.0,0.0,0.0,0.0
SUÁREZ,2020,0.0,0.0,0.0,0.0
SUÁREZ,2020,0.0,0.0,0.0,0.0
SUÁREZ,2020,0.0,0.0,0.0,0.0
SUÁREZ,2020,0.0,0.0,0.0,0.0
SUÁREZ,2020,0.0,0.0,0.0,0.0
SUÁREZ,2021,0.0,0.0,0.0,0.0
SUÁREZ,2021,0.0,0.0,0.0,0.0
SUÁREZ,2021,0.0,0.0,0.0,0.0
SUÁREZ,2021,0.0,0.0,0.0,0.0
SUÁREZ,2021,0.0,0.0,0.0,0.0
SUÁREZ,2021,0.0,0.0,0.0,0.0
SUÁREZ,2021,0.0,0.0,0.0,0.0
SUÁREZ,2021,0.0,0.0,0.0,0.0
SUÁREZ,2021,0.0,0.0,0.0,0.0
SUÁREZ,2021,0.0,0.0,0.0,0.0
SUÁREZ,2021,0.0,0.0,0.0,0.0
SUÁREZ,2021,0.0,0.0,0.0,0.0
SUÁREZ,2021,0.0,0.0,0.0,0.0
SUÁREZ,2021,0.0,0.0,0.0,0.0
SUÁREZ,2021,0.0,0.0,0.0,0.0
SUÁREZ,2021,0.0,0.0,0.0,0.0
SUÁREZ,2022,0.0,0.0,0.0,0.0
SUÁREZ,2022,0.0,0.0,0.0,0.0
SUÁREZ,2022,0.0,0.0,0.0,0.0
SUÁREZ,2022,0.0,0.0,0.0,0.0
SUÁREZ,2022,0.0,0.0,0.0,0.0
SUÁREZ,2022,0.0,0.0,0.0,0.0
SUÁREZ,2022,0.0,0.0,0.0,0.0
SUÁREZ,2022,0.0,0.0,0.0,0.0
SUÁREZ,2022,0.0,0.0,0.0,0.0
SUÁREZ,2022,0.0,0.0,0.0,0.0
SUÁREZ,2022,0.0,0.0,0.0,0.0
SUÁREZ,2022,0.0,0.0,0.0,0.0
SUÁREZ,2022,0.0,0.0,0.0,0.0
SUÁREZ,2022,0.0,0.0,0.0,0.0
SUÁREZ,2022,0.0,0.0,0.0,0.0
SUÁREZ,2022,0.0,0.0,0.0,0.0
SUÁREZ,2023,0.0,0.0,0.0,0.0
SUÁREZ,2023,0.0,0.0,0.0,0.0
SUÁREZ,2023,0.0,0.0,0.0,0.0
SUÁREZ,2023,0.0,0.0,0.0,0.0
SUÁREZ,2023,0.0,0.0,0.0,0.0
SUÁREZ,2023,0.0,0.0,0.0,0.0
SUÁREZ,2023,0.0,0.0,0.0,0.0
SUÁREZ,2023,0.0,0.0,0.0,0.0
SUÁREZ,2023,0.0,0.0,0.0,0.0
SUÁREZ,2023,0.0,0.0,0.0,0.0
SUÁREZ,2023,0.0,0.0,0.0,0.0
SUÁREZ,2023,0.0,0.0,0.0,0.0
SUÁREZ,2023,0.0,0.0,0.0,0.0
SUÁREZ,2023,0.0,0.0,0.0,0.0
SUÁREZ,2023,0.0,0.0,0.0,0.0
SUÁREZ,2023,0.0,0.0,0.0,0.0
SÁCAMA,2017,86.82,0.0,0.0,0.0
SÁCAMA,2018,0.0,673721.16,0.0,0.0
SÁCAMA,2019,0.0,0.0,0.0,0.0
SÁCAMA,2020,0.0,0.0,0.0,0.0
SÁCAMA,2021,0.0,0.0,0.0,0.0
SÁCAMA,2022,0.0,0.0,0.0,0.0
SÁCAMA,2023,0.0,0.0,0.0,0.0
SÁCHICA,2017,,,,
SÁCHICA,2018,,,,
SÁCHICA,2019,,,,
SÁCHICA,2020,,,,
SÁCHICA,2021,,,,
SÁCHICA,2022,,,,
SÁCHICA,2023,,,,
TABIO,2017,90.76,0.0,0.0,0.0
TABIO,2018,0.0,367342.03,0.0,0.0
TABIO,2019,0.0,0.0,0.0,0.0
TABIO,2020,0.0,0.0,0.0,0.0
TABIO,2021,0.0,0.0,0.0,0.0
TABIO,2022,0.0,0.0,0.0,0.0
TABIO,2023,0.0,0.0,0.0,0.0
TADÓ,2017,0.0,0.0,0.0,0.0
TADÓ,2018,0.0,0.0,0.0,0.0
TADÓ,2019,0.0,0.0,0.0,0.0
TADÓ,2020,0.0,0.0,0.0,0.0
TADÓ,2021,0.0,0.0,0.0,0.0
TADÓ,2022,0.0,0.0,0.0,0.0
TADÓ,2023,0.0,0.0,0.0,0.0
TALAIGUA NUEVO,2017,87.4,0.0,0.0,0.0
TALAIGUA NUEVO,2018,0.0,413160.06,0.0,0.0
TALAIGUA NUEVO,2019,0.0,0.0,0.0,0.0
TALAIGUA NUEVO,2020,0.0,0.0,0.0,0.0
TALAIGUA NUEVO,2021,0.0,0.0,0.0,0.0
TALAIGUA NUEVO,2022,0.0,0.0,0.0,0.0
TALAIGUA NUEVO,2023,0.0,0.0,0.0,0.0
TAMALAMEQUE,2017,88.92,0.0,0.0,0.0
TAMALAMEQUE,2018,0.0,928714.78,0.0,0.0
TAMALAMEQUE,2019,0.0,0.0,0.0,0.0
TAMALAMEQUE,2020,0.0,0.0,0.0,0.0
TAMALAMEQUE,2021,0.0,0.0,0.0,0.0
TAMALAMEQUE,2022,0.0,0.0,0.0,0.0
TAMALAMEQUE,2023,0.0,0.0,0.0,0.0
TAME,2017,83.99,0.0,0.0,0.0
TAME,2018,0.0,430087.63,0.0,0.0
TAME,2019,0.0,0.0,0.0,0.0
TAME,2020,0.0,0.0,0.0,0.0
TAME,2021,0.0,0.0,0.0,0.0
TAME,2022,0.0,0.0,0.0,0.0
TAME,2023,0.0,0.0,0.0,0.0
TAMINANGO,2017,0.0,0.0,0.0,0.0
TAMINANGO,2018,0.0,0.0,0.0,0.0
TAMINANGO,2019,0.0,0.0,0.0,0.0
TAMINANGO,2020,0.0,0.0,0.0,0.0
TAMINANGO,2021,0.0,0.0,0.0,0.0
TAMINANGO,2022,0.0,0.0,0.0,0.0
TAMINANGO,2023,0.0,0.0,0.0,0.0
TANGUA,2017,0.0,0.0,0.0,0.0
TANGUA,2018,0.0,0.0,0.0,0.0
TANGUA,2019,0.0,0.0,0.0,0.0
TANGUA,2020,0.0,0.0,0.0,0.0
TANGUA,2021,0.0,0.0,0.0,0.0
TANGUA,2022,0.0,0.0,0.0,0.0
TANGUA,2023,0.0,0.0,0.0,0.0
TARAIRA,2017,95.39,0.0,0.0,0.0
TARAIRA,2018,0.0,776902.55,0.0,0.0
TARAIRA,2019,0.0,0.0,0.0,0.0
TARAIRA,2020,0.0,0.0,0.0,0.0
TARAIRA,2021,0.0,0.0,0.0,0.0
TARAIRA,2022,0.0,0.0,0.0,0.0
TARAIRA,2023,0.0,0.0,0.0,0.0
TARAPACÁ,2017,95.3,0.0,0.0,0.0
TARAPACÁ,2018,0.0,765066.67,0.0,0.0
TARAPACÁ,2019,0.0,0.0,0.0,0.0
TARAPACÁ,2020,0.0,0.0,0.0,0.0
TARAPACÁ,2021,0.0,0.0,0.0,0.0
TARAPACÁ,2022,0.0,0.0,0.0,0.0
TARAPACÁ,2023,0.0,0.0,0.0,0.0
TARAZÁ,2017,0.0,0.0,0.0,0.0
TARAZÁ,2018,0.0,0.0,0.0,0.0
TARAZÁ,2019,0.0,0.0,0.0,0.0
TARAZÁ,2020,0.0,0.0,0.0,0.0
TARAZÁ,2021,0.0,0.0,0.0,0.0
TARAZÁ,2022,0.0,0.0,0.0,0.0
TARAZÁ,2023,0.0,0.0,0.0,0.0
TARQUI,2017,0.0,0.0,0.0,0.0
TARQUI,2018,0.0,0.0,0.0,0.0
TARQUI,2019,0.0,0.0,0.0,0.0
TARQUI,2020,0.0,0.0,0.0,0.0
TARQUI,2021,0.0,0.0,0.0,0.0
TARQUI,2022,0.0,0.0,0.0,0.0
TARQUI,2023,0.0,0.0,0.0,0.0
TARSO,2017,,,,
TARSO,2018,,,,
TARSO,2019,,,,
TARSO,2020,,,,
TARSO,2021,,,,
TARSO,2022,,,,
TARSO,2023,,,,
TASCO,2017,83.01,0.0,0.0,0.0
TASCO,2018,0.0,455443.99,0.0,0.0
TASCO,2019,0.0,0.0,0.0,0.0
TASCO,2020,0.0,0.0,0.0,0.0
TASCO,2021,0.0,0.0,0.0,0.0
TASCO,2022,0.0,0.0,0.0,0.0
TASCO,2023,0.0,0.0,0.0,0.0
TAURAMENA,2017,87.93,0.0,0.0,0.0
TAURAMENA,2018,0.0,433883.57,0.0,0.0
TAURAMENA,2019,0.0,0.0,0.0,0.0
TAURAMENA,2020,0.0,0.0,0.0,0.0
TAURAMENA,2021,0.0,0.0,0.0,0.0
TAURAMENA,2022,0.0,0.0,0.0,0.0
TAURAMENA,2023,0.0,0.0,0.0,0.0
TAUSA,2017,91.4,0.0,0.0,0.0
TAUSA,2018,0.0,424273.71,0.0,0.0
TAUSA,2019,0.0,0.0,0.0,0.0
TAUSA,2020,0.0,0.0,0.0,0.0
TAUSA,2021,0.0,0.0,0.0,0.0
TAUSA,2022,0.0,0.0,0.0,0.0
TAUSA,2023,0.0,0.0,0.0,0.0
TELLO,2017,56.0,0.0,0.0,0.0
TELLO,2018,0.0,353062.75,0.0,0.0
TELLO,2019,0.0,0.0,0.0,0.0
TELLO,2020,0.0,0.0,0.0,0.0
TELLO,2021,0.0,0.0,0.0,0.0
TELLO,2022,0.0,0.0,0.0,0.0
TELLO,2023,0.0,0.0,0.0,0.0
TENA,2017,,,,
TENA,2018,,,,
TENA,2019,,,,
TENA,2020,,,,
TENA,2021,,,,
TENA,2022,,,,
TENA,2023,,,,
TENERIFE,2017,90.29,0.0,0.0,0.0
TENERIFE,2018,0.0,217186.52,0.0,0.0
TENERIFE,2019,0.0,0.0,0.0,0.0
TENERIFE,2020,0.0,0.0,0.0,0.0
TENERIFE,2021,0.0,0.0,0.0,0.0
TENERIFE,2022,0.0,0.0,0.0,0.0
TENERIFE,2023,0.0,0.0,0.0,0.0
TENJO,2017,92.26,0.0,0.0,0.0
TENJO,2018,0.0,577140.16,0.0,0.0
TENJO,2019,0.0,0.0,0.0,0.0
TENJO,2020,0.0,0.0,0.0,0.0
TENJO,2021,0.0,0.0,0.0,0.0
TENJO,2022,0.0,0.0,0.0,0.0
TENJO,2023,0.0,0.0,0.0,0.0
TENZA,2017,91.63,0.0,0.0,0.0
TENZA,2018,0.0,340986.48,0.0,0.0
TENZA,2019,0.0,0.0,0.0,0.0
TENZA,2020,0.0,0.0,0.0,0.0
TENZA,2021,0.0,0.0,0.0,0.0
TENZA,2022,0.0,0.0,0.0,0.0
TENZA,2023,0.0,0.0,0.0,0.0
TEORAMA,2017,95.14,0.0,0.0,0.0
TEORAMA,2018,0.0,213481.91,0.0,0.0
TEORAMA,2019,0.0,0.0,0.0,0.0
TEORAMA,2020,0.0,0.0,0.0,0.0
TEORAMA,2021,0.0,0.0,0.0,0.0
TEORAMA,2022,0.0,0.0,0.0,0.0
TEORAMA,2023,0.0,0.0,0.0,0.0
TERUEL,2017,0.0,0.0,0.0,0.0
TERUEL,2018,0.0,0.0,0.0,0.0
TERUEL,2019,0.0,0.0,0.0,0.0
TERUEL,2020,0.0,0.0,0.0,0.0
TERUEL,2021,0.0,0.0,0.0,0.0
TERUEL,2022,0.0,0.0,0.0,0.0
TERUEL,2023,0.0,0.0,0.0,0.0
TESALIA,2017,0.0,0.0,0.0,0.0
TESALIA,2018,0.0,0.0,0.0,0.0
TESALIA,2019,0.0,0.0,0.0,0.0
TESALIA,2020,0.0,0.0,0.0,0.0
TESALIA,2021,0.0,0.0,0.0,0.0
TESALIA,2022,0.0,0.0,0.0,0.0
TESALIA,2023,0.0,0.0,0.0,0.0
TIBACUY,2017,76.61,0.0,0.0,0.0
TIBACUY,2018,0.0,3078611.89,0.0,0.0
TIBACUY,2019,0.0,0.0,0.0,0.0
TIBACUY,2020,0.0,0.0,0.0,0.0
TIBACUY,2021,0.0,0.0,0.0,0.0
TIBACUY,2022,0.0,0.0,0.0,0.0
TIBACUY,2023,0.0,0.0,0.0,0.0
TIBANÁ,2017,93.03,0.0,0.0,0.0
TIBANÁ,2018,0.0,329337.86,0.0,0.0
TIBANÁ,2019,0.0,0.0,0.0,0.0
TIBANÁ,2020,0.0,0.0,0.0,0.0
TIBANÁ,2021,0.0,0.0,0.0,0.0
TIBANÁ,2022,0.0,0.0,0.0,0.0
TIBANÁ,2023,0.0,0.0,0.0,0.0
TIBASOSA,2017,80.77,0.0,0.0,0.0
TIBASOSA,2018,0.0,570971.44,0.0,0.0
TIBASOSA,2019,0.0,0.0,0.0,0.0
TIBASOSA,2020,0.0,0.0,0.0,0.0
TIBASOSA,2021,0.0,0.0,0.0,0.0
TIBASOSA,2022,0.0,0.0,0.0,0.0
TIBASOSA,2023,0.0,0.0,0.0,0.0
TIBIRITA,2017,90.38,0.0,0.0,0.0
TIBIRITA,2018,0.0,340986.48,0.0,0.0
TIBIRITA,2019,0.0,0.0,0.0,0.0
TIBIRITA,2020,0.0,0.0,0.0,0.0
TIBIRITA,2021,0.0,0.0,0.0,0.0
TIBIRITA,2022,0.0,0.0,0.0,0.0
TIBIRITA,2023,0.0,0.0,0.0,0.0
TIBÚ,2017,95.13,0.0,0.0,0.0
TIBÚ,2018,0.0,450630.8,0.0,0.0
TIBÚ,2019,0.0,0.0,0.0,0.0
TIBÚ,2020,0.0,0.0,0.0,0.0
TIBÚ,2021,0.0,0.0,0.0,0.0
TIBÚ,2022,0.0,0.0,0.0,0.0
TIBÚ,2023,0.0,0.0,0.0,0.0
TIERRALTA,2017,0.0,0.0,0.0,0.0
TIERRALTA,2018,0.0,0.0,0.0,0.0
TIERRALTA,2019,0.0,0.0,0.0,0.0
TIERRALTA,2020,0.0,0.0,0.0,0.0
TIERRALTA,2021,0.0,0.0,0.0,0.0
TIERRALTA,2022,0.0,0.0,0.0,0.0
TIERRALTA,2023,0.0,0.0,0.0,0.0
TIMANÁ,2017,0.0,0.0,0.0,0.0
TIMANÁ,2018,0.0,0.0,0.0,0.0
TIMANÁ,2019,0.0,0.0,0.0,0.0
TIMANÁ,2020,0.0,0.0,0.0,0.0
TIMANÁ,2021,0.0,0.0,0.0,0.0
TIMANÁ,2022,0.0,0.0,0.0,0.0
TIMANÁ,2023,0.0,0.0,0.0,0.0
TIMBIQUÍ,2017,0.0,0.0,0.0,0.0
TIMBIQUÍ,2018,0.0,0.0,0.0,0.0
TIMBIQUÍ,2019,0.0,0.0,0.0,0.0
TIMBIQUÍ,2020,0.0,0.0,0.0,0.0
TIMBIQUÍ,2021,0.0,0.0,0.0,0.0
TIMBIQUÍ,2022,0.0,0.0,0.0,0.0
TIMBIQUÍ,2023,0.0,0.0,0.0,0.0
TIMBÍO,2017,0.0,0.0,0.0,0.0
TIMBÍO,2018,0.0,0.0,0.0,0.0
TIMBÍO,2019,0.0,0.0,0.0,0.0
TIMBÍO,2020,0.0,0.0,0.0,0.0
TIMBÍO,2021,0.0,0.0,0.0,0.0
TIMBÍO,2022,0.0,0.0,0.0,0.0
TIMBÍO,2023,0.0,0.0,0.0,0.0
TINJACÁ,2017,90.3,0.0,0.0,0.0
TINJACÁ,2018,0.0,351191.14,0.0,0.0
TINJACÁ,2019,0.0,0.0,0.0,0.0
TINJACÁ,2020,0.0,0.0,0.0,0.0
TINJACÁ,2021,0.0,0.0,0.0,0.0
TINJACÁ,2022,0.0,0.0,0.0,0.0
TINJACÁ,2023,0.0,0.0,0.0,0.0
TIPACOQUE,2017,86.13,0.0,0.0,0.0
TIPACOQUE,2018,0.0,311731.2,0.0,0.0
TIPACOQUE,2019,0.0,0.0,0.0,0.0
TIPACOQUE,2020,0.0,0.0,0.0,0.0
TIPACOQUE,2021,0.0,0.0,0.0,0.0
TIPACOQUE,2022,0.0,0.0,0.0,0.0
TIPACOQUE,2023,0.0,0.0,0.0,0.0
TIQUISIO,2017,92.76,0.0,0.0,0.0
TIQUISIO,2018,0.0,1044222.9,0.0,0.0
TIQUISIO,2019,0.0,0.0,0.0,0.0
TIQUISIO,2020,0.0,0.0,0.0,0.0
TIQUISIO,2021,0.0,0.0,0.0,0.0
TIQUISIO,2022,0.0,0.0,0.0,0.0
TIQUISIO,2023,0.0,0.0,0.0,0.0
TITIRIBÍ,2017,0.0,0.0,0.0,0.0
TITIRIBÍ,2018,0.0,0.0,0.0,0.0
TITIRIBÍ,2019,0.0,0.0,0.0,0.0
TITIRIBÍ,2020,0.0,0.0,0.0,0.0
TITIRIBÍ,2021,0.0,0.0,0.0,0.0
TITIRIBÍ,2022,0.0,0.0,0.0,0.0
TITIRIBÍ,2023,0.0,0.0,0.0,0.0
TOCA,2017,89.71,0.0,0.0,0.0
TOCA,2018,0.0,465681.8,0.0,0.0
TOCA,2019,0.0,0.0,0.0,0.0
TOCA,2020,0.0,0.0,0.0,0.0
TOCA,2021,0.0,0.0,0.0,0.0
TOCA,2022,0.0,0.0,0.0,0.0
TOCA,2023,0.0,0.0,0.0,0.0
TOCAIMA,2017,84.66,0.0,0.0,0.0
TOCAIMA,2018,0.0,1802640.14,0.0,0.0
TOCAIMA,2019,0.0,0.0,0.0,0.0
TOCAIMA,2020,0.0,0.0,0.0,0.0
TOCAIMA,2021,0.0,0.0,0.0,0.0
TOCAIMA,2022,0.0,0.0,0.0,0.0
TOCAIMA,2023,0.0,0.0,0.0,0.0
TOCANCIPÁ,2017,86.96,0.0,0.0,0.0
TOCANCIPÁ,2018,0.0,424273.71,0.0,0.0
TOCANCIPÁ,2019,0.0,0.0,0.0,0.0
TOCANCIPÁ,2020,0.0,0.0,0.0,0.0
TOCANCIPÁ,2021,0.0,0.0,0.0,0.0
TOCANCIPÁ,2022,0.0,0.0,0.0,0.0
TOCANCIPÁ,2023,0.0,0.0,0.0,0.0
TOGÜÍ,2017,92.78,0.0,0.0,0.0
TOGÜÍ,2018,0.0,400436.78,0.0,0.0
TOGÜÍ,2019,0.0,0.0,0.0,0.0
TOGÜÍ,2020,0.0,0.0,0.0,0.0
TOGÜÍ,2021,0.0,0.0,0.0,0.0
TOGÜÍ,2022,0.0,0.0,0.0,0.0
TOGÜÍ,2023,0.0,0.0,0.0,0.0
TOLEDO,2017,0.0,0.0,0.0,0.0
TOLEDO,2017,0.0,0.0,0.0,0.0
TOLEDO,2017,0.0,0.0,0.0,0.0
TOLEDO,2017,0.0,0.0,0.0,0.0
TOLEDO,2017,0.0,0.0,0.0,0.0
TOLEDO,2017,0.0,0.0,0.0,0.0
TOLEDO,2017,0.0,0.0,0.0,0.0
TOLEDO,2017,0.0,0.0,0.0,0.0
TOLEDO,2017,90.89,0.0,0.0,0.0
TOLEDO,2017,90.89,0.0,0.0,0.0
TOLEDO,2017,90.89,0.0,0.0,0.0
TOLEDO,2017,90.89,0.0,0.0,0.0
TOLEDO,2017,90.89,0.0,0.0,0.0
TOLEDO,2017,90.89,0.0,0.0,0.0
TOLEDO,2017,90.89,0.0,0.0,0.0
TOLEDO,2017,90.89,0.0,0.0,0.0
TOLEDO,2018,0.0,0.0,0.0,0.0
TOLEDO,2018,0.0,0.0,0.0,0.0
TOLEDO,2018,0.0,0.0,0.0,0.0
TOLEDO,2018,0.0,0.0,0.0,0.0
TOLEDO,2018,0.0,967167.04,0.0,0.0
TOLEDO,2018,0.0,967167.04,0.0,0.0
TOLEDO,2018,0.0,967167.04,0.0,0.0
TOLEDO,2018,0.0,967167.04,0.0,0.0
TOLEDO,2018,0.0,0.0,0.0,0.0
TOLEDO,2018,0.0,0.0,0.0,0.0
TOLEDO,2018,0.0,0.0,0.0,0.0
TOLEDO,2018,0.0,0.0,0.0,0.0
TOLEDO,2018,0.0,967167.04,0.0,0.0
TOLEDO,2018,0.0,967167.04,0.0,0.0
TOLEDO,2018,0.0,967167.04,0.0,0.0
TOLEDO,2018,0.0,967167.04,0.0,0.0
TOLEDO,2019,0.0,0.0,0.0,0.0
TOLEDO,2019,0.0,0.0,0.0,0.0
TOLEDO,2019,0.0,0.0,0.0,0.0
TOLEDO,2019,0.0,0.0,0.0,0.0
TOLEDO,2019,0.0,0.0,0.0,0.0
TOLEDO,2019,0.0,0.0,0.0,0.0
TOLEDO,2019,0.0,0.0,0.0,0.0
TOLEDO,2019,0.0,0.0,0.0,0.0
TOLEDO,2019,0.0,0.0,0.0,0.0
TOLEDO,2019,0.0,0.0,0.0,0.0
TOLEDO,2019,0.0,0.0,0.0,0.0
TOLEDO,2019,0.0,0.0,0.0,0.0
TOLEDO,2019,0.0,0.0,0.0,0.0
TOLEDO,2019,0.0,0.0,0.0,0.0
TOLEDO,2019,0.0,0.0,0.0,0.0
TOLEDO,2019,0.0,0.0,0.0,0.0
TOLEDO,2020,0.0,0.0,0.0,0.0
TOLEDO,2020,0.0,0.0,0.0,0.0
TOLEDO,2020,0.0,0.0,0.0,0.0
TOLEDO,2020,0.0,0.0,0.0,0.0
TOLEDO,2020,0.0,0.0,0.0,0.0
TOLEDO,2020,0.0,0.0,0.0,0.0
TOLEDO,2020,0.0,0.0,0.0,0.0
TOLEDO,2020,0.0,0.0,0.0,0.0
TOLEDO,2020,0.0,0.0,0.0,0.0
TOLEDO,2020,0.0,0.0,0.0,0.0
TOLEDO,2020,0.0,0.0,0.0,0.0
TOLEDO,2020,0.0,0.0,0.0,0.0
TOLEDO,2020,0.0,0.0,0.0,0.0
TOLEDO,2020,0.0,0.0,0.0,0.0
TOLEDO,2020,0.0,0.0,0.0,0.0
TOLEDO,2020,0.0,0.0,0.0,0.0
TOLEDO,2021,0.0,0.0,0.0,0.0
TOLEDO,2021,0.0,0.0,0.0,0.0
TOLEDO,2021,0.0,0.0,0.0,0.0
TOLEDO,2021,0.0,0.0,0.0,0.0
TOLEDO,2021,0.0,0.0,0.0,0.0
TOLEDO,2021,0.0,0.0,0.0,0.0
TOLEDO,2021,0.0,0.0,0.0,0.0
TOLEDO,2021,0.0,0.0,0.0,0.0
TOLEDO,2021,0.0,0.0,0.0,0.0
TOLEDO,2021,0.0,0.0,0.0,0.0
TOLEDO,2021,0.0,0.0,0.0,0.0
TOLEDO,2021,0.0,0.0,0.0,0.0
TOLEDO,2021,0.0,0.0,0.0,0.0
TOLEDO,2021,0.0,0.0,0.0,0.0
TOLEDO,2021,0.0,0.0,0.0,0.0
TOLEDO,2021,0.0,0.0,0.0,0.0
TOLEDO,2022,0.0,0.0,0.0,0.0
TOLEDO,2022,0.0,0.0,0.0,0.0
TOLEDO,2022,0.0,0.0,0.0,0.0
TOLEDO,2022,0.0,0.0,0.0,0.0
TOLEDO,2022,0.0,0.0,0.0,0.0
TOLEDO,2022,0.0,0.0,0.0,0.0
TOLEDO,2022,0.0,0.0,0.0,0.0
TOLEDO,2022,0.0,0.0,0.0,0.0
TOLEDO,2022,0.0,0.0,0.0,0.0
TOLEDO,2022,0.0,0.0,0.0,0.0
TOLEDO,2022,0.0,0.0,0.0,0.0
TOLEDO,2022,0.0,0.0,0.0,0.0
TOLEDO,2022,0.0,0.0,0.0,0.0
TOLEDO,2022,0.0,0.0,0.0,0.0
TOLEDO,2022,0.0,0.0,0.0,0.0
TOLEDO,2022,0.0,0.0,0.0,0.0
TOLEDO,2023,0.0,0.0,0.0,0.0
TOLEDO,2023,0.0,0.0,0.0,0.0
TOLEDO,2023,0.0,0.0,0.0,0.0
TOLEDO,2023,0.0,0.0,0.0,0.0
TOLEDO,2023,0.0,0.0,0.0,0.0
TOLEDO,2023,0.0,0.0,0.0,0.0
TOLEDO,2023,0.0,0.0,0.0,0.0
TOLEDO,2023,0.0,0.0,0.0,0.0
TOLEDO,2023,0.0,0.0,0.0,0.0
TOLEDO,2023,0.0,0.0,0.0,0.0
TOLEDO,2023,0.0,0.0,0.0,0.0
TOLEDO,2023,0.0,0.0,0.0,0.0
TOLEDO,2023,0.0,0.0,0.0,0.0
TOLEDO,2023,0.0,0.0,0.0,0.0
TOLEDO,2023,0.0,0.0,0.0,0.0
TOLEDO,2023,0.0,0.0,0.0,0.0
TONA,2017,87.46,0.0,0.0,0.0
TONA,2018,0.0,1132507.53,0.0,0.0
TONA,2019,0.0,0.0,0.0,0.0
TONA,2020,0.0,0.0,0.0,0.0
TONA,2021,0.0,0.0,0.0,0.0
TONA,2022,0.0,0.0,0.0,0.0
TONA,2023,0.0,0.0,0.0,0.0
TOPAIPÍ,2017,,,,
TOPAIPÍ,2018,,,,
TOPAIPÍ,2019,,,,
TOPAIPÍ,2020,,,,
TOPAIPÍ,2021,,,,
TOPAIPÍ,2022,,,,
TOPAIPÍ,2023,,,,
TORIBÍO,2017,0.0,0.0,0.0,0.0
TORIBÍO,2018,0.0,0.0,0.0,0.0
TORIBÍO,2019,0.0,0.0,0.0,0.0
TORIBÍO,2020,0.0,0.0,0.0,0.0
TORIBÍO,2021,0.0,0.0,0.0,0.0
TORIBÍO,2022,0.0,0.0,0.0,0.0
TORIBÍO,2023,0.0,0.0,0.0,0.0
TORO,2017,0.0,0.0,0.0,0.0
TORO,2018,0.0,0.0,0.0,0.0
TORO,2019,0.0,0.0,0.0,0.0
TORO,2020,0.0,0.0,0.0,0.0
TORO,2021,0.0,0.0,0.0,0.0
TORO,2022,0.0,0.0,0.0,0.0
TORO,2023,0.0,0.0,0.0,0.0
TOTA,2017,91.06,0.0,0.0,0.0
TOTA,2018,0.0,465681.8,0.0,0.0
TOTA,2019,0.0,0.0,0.0,0.0
TOTA,2020,0.0,0.0,0.0,0.0
TOTA,2021,0.0,0.0,0.0,0.0
TOTA,2022,0.0,0.0,0.0,0.0
TOTA,2023,0.0,0.0,0.0,0.0
TOTORÓ,2017,0.0,0.0,0.0,0.0
TOTORÓ,2018,0.0,0.0,0.0,0.0
TOTORÓ,2019,0.0,0.0,0.0,0.0
TOTORÓ,2020,0.0,0.0,0.0,0.0
TOTORÓ,2021,0.0,0.0,0.0,0.0
TOTORÓ,2022,0.0,0.0,0.0,0.0
TOTORÓ,2023,0.0,0.0,0.0,0.0
TRINIDAD,2017,85.32,0.0,0.0,0.0
TRINIDAD,2018,0.0,481174.9,0.0,0.0
TRINIDAD,2019,0.0,0.0,0.0,0.0
TRINIDAD,2020,0.0,0.0,0.0,0.0
TRINIDAD,2021,0.0,0.0,0.0,0.0
TRINIDAD,2022,0.0,0.0,0.0,0.0
TRINIDAD,2023,0.0,0.0,0.0,0.0
TRUJILLO,2017,0.0,0.0,0.0,0.0
TRUJILLO,2018,0.0,0.0,0.0,0.0
TRUJILLO,2019,0.0,0.0,0.0,0.0
TRUJILLO,2020,0.0,0.0,0.0,0.0
TRUJILLO,2021,0.0,0.0,0.0,0.0
TRUJILLO,2022,0.0,0.0,0.0,0.0
TRUJILLO,2023,0.0,0.0,0.0,0.0
TUBARÁ,2017,89.38,219832.37,29.83,24.62
TUBARÁ,2018,88.83,147985.45,29.8,24.52
TUBARÁ,2019,88.9,154603.92,30.0,24.63
TUBARÁ,2020,89.03,239054.16,29.85,24.56
TUBARÁ,2021,88.85,224050.59,29.59,24.41
TUBARÁ,2022,89.3,370542.38,29.52,24.26
TUBARÁ,2023,89.13,202076.58,30.11,24.74
TUCHÍN,2017,,,,
TUCHÍN,2018,,,,
TUCHÍN,2019,,,,
TUCHÍN,2020,,,,
TUCHÍN,2021,,,,
TUCHÍN,2022,,,,
TUCHÍN,2023,,,,
TULUÁ,2017,0.0,0.0,0.0,0.0
TULUÁ,2018,0.0,0.0,0.0,0.0
TULUÁ,2019,0.0,0.0,0.0,0.0
TULUÁ,2020,0.0,0.0,0.0,0.0
TULUÁ,2021,0.0,0.0,0.0,0.0
TULUÁ,2022,0.0,0.0,0.0,0.0
TULUÁ,2023,0.0,0.0,0.0,0.0
TUNJA,2017,95.03,0.0,0.0,0.0
TUNJA,2018,0.0,351404.19,0.0,0.0
TUNJA,2019,0.0,0.0,0.0,0.0
TUNJA,2020,0.0,0.0,0.0,0.0
TUNJA,2021,0.0,0.0,0.0,0.0
TUNJA,2022,0.0,0.0,0.0,0.0
TUNJA,2023,0.0,0.0,0.0,0.0
TUNUNGUÁ,2017,,,,
TUNUNGUÁ,2018,,,,
TUNUNGUÁ,2019,,,,
TUNUNGUÁ,2020,,,,
TUNUNGUÁ,2021,,,,
TUNUNGUÁ,2022,,,,
TUNUNGUÁ,2023,,,,
TURBACO,2017,0.0,0.0,0.0,0.0
TURBACO,2018,0.0,0.0,0.0,0.0
TURBACO,2019,0.0,0.0,0.0,0.0
TURBACO,2020,0.0,0.0,0.0,0.0
TURBACO,2021,0.0,0.0,0.0,0.0
TURBACO,2022,0.0,0.0,0.0,0.0
TURBACO,2023,0.0,0.0,0.0,0.0
TURBANA,2017,0.0,0.0,0.0,0.0
TURBANA,2018,0.0,0.0,0.0,0.0
TURBANA,2019,0.0,0.0,0.0,0.0
TURBANA,2020,0.0,0.0,0.0,0.0
TURBANA,2021,0.0,0.0,0.0,0.0
TURBANA,2022,0.0,0.0,0.0,0.0
TURBANA,2023,0.0,0.0,0.0,0.0
TURBO,2017,0.0,0.0,0.0,0.0
TURBO,2018,0.0,0.0,0.0,0.0
TURBO,2019,0.0,0.0,0.0,0.0
TURBO,2020,0.0,0.0,0.0,0.0
TURBO,2021,0.0,0.0,0.0,0.0
TURBO,2022,0.0,0.0,0.0,0.0
TURBO,2023,0.0,0.0,0.0,0.0
TURMEQUÉ,2017,93.09,0.0,0.0,0.0
TURMEQUÉ,2018,0.0,329337.86,0.0,0.0
TURMEQUÉ,2019,0.0,0.0,0.0,0.0
TURMEQUÉ,2020,0.0,0.0,0.0,0.0
TURMEQUÉ,2021,0.0,0.0,0.0,0.0
TURMEQUÉ,2022,0.0,0.0,0.0,0.0
TURMEQUÉ,2023,0.0,0.0,0.0,0.0
TUTA,2017,90.32,0.0,0.0,0.0
TUTA,2018,0.0,465681.8,0.0,0.0
TUTA,2019,0.0,0.0,0.0,0.0
TUTA,2020,0.0,0.0,0.0,0.0
TUTA,2021,0.0,0.0,0.0,0.0
TUTA,2022,0.0,0.0,0.0,0.0
TUTA,2023,0.0,0.0,0.0,0.0
TUTAZÁ,2017,88.17,0.0,0.0,0.0
TUTAZÁ,2018,0.0,574209.67,0.0,0.0
TUTAZÁ,2019,0.0,0.0,0.0,0.0
TUTAZÁ,2020,0.0,0.0,0.0,0.0
TUTAZÁ,2021,0.0,0.0,0.0,0.0
TUTAZÁ,2022,0.0,0.0,0.0,0.0
TUTAZÁ,2023,0.0,0.0,0.0,0.0
TÁMARA,2017,86.24,0.0,0.0,0.0
TÁMARA,2018,0.0,456352.96,0.0,0.0
TÁMARA,2019,0.0,0.0,0.0,0.0
TÁMARA,2020,0.0,0.0,0.0,0.0
TÁMARA,2021,0.0,0.0,0.0,0.0
TÁMARA,2022,0.0,0.0,0.0,0.0
TÁMARA,2023,0.0,0.0,0.0,0.0
TÁMESIS,2017,0.0,0.0,0.0,0.0
TÁMESIS,2018,0.0,0.0,0.0,0.0
TÁMESIS,2019,0.0,0.0,0.0,0.0
TÁMESIS,2020,0.0,0.0,0.0,0.0
TÁMESIS,2021,0.0,0.0,0.0,0.0
TÁMESIS,2022,0.0,0.0,0.0,0.0
TÁMESIS,2023,0.0,0.0,0.0,0.0
TÓPAGA,2017,,,,
TÓPAGA,2018,,,,
TÓPAGA,2019,,,,
TÓPAGA,2020,,,,
TÓPAGA,2021,,,,
TÓPAGA,2022,,,,
TÓPAGA,2023,,,,
TÚQUERRES,2017,0.0,0.0,0.0,0.0
TÚQUERRES,2018,0.0,0.0,0.0,0.0
TÚQUERRES,2019,0.0,0.0,0.0,0.0
TÚQUERRES,2020,0.0,0.0,0.0,0.0
TÚQUERRES,2021,0.0,0.0,0.0,0.0
TÚQUERRES,2022,0.0,0.0,0.0,0.0
TÚQUERRES,2023,0.0,0.0,0.0,0.0
UBALÁ,2017,88.91,0.0,0.0,0.0
UBALÁ,2018,0.0,440500.34,0.0,0.0
UBALÁ,2019,0.0,0.0,0.0,0.0
UBALÁ,2020,0.0,0.0,0.0,0.0
UBALÁ,2021,0.0,0.0,0.0,0.0
UBALÁ,2022,0.0,0.0,0.0,0.0
UBALÁ,2023,0.0,0.0,0.0,0.0
UBAQUE,2017,85.06,0.0,0.0,0.0
UBAQUE,2018,0.0,287996.05,0.0,0.0
UBAQUE,2019,0.0,0.0,0.0,0.0
UBAQUE,2020,0.0,0.0,0.0,0.0
UBAQUE,2021,0.0,0.0,0.0,0.0
UBAQUE,2022,0.0,0.0,0.0,0.0
UBAQUE,2023,0.0,0.0,0.0,0.0
ULLOA,2017,,,,
ULLOA,2018,,,,
ULLOA,2019,,,,
ULLOA,2020,,,,
ULLOA,2021,,,,
ULLOA,2022,,,,
ULLOA,2023,,,,
UNE,2017,90.16,0.0,0.0,0.0
UNE,2018,0.0,423376.57,0.0,0.0
UNE,2019,0.0,0.0,0.0,0.0
UNE,2020,0.0,0.0,0.0,0.0
UNE,2021,0.0,0.0,0.0,0.0
UNE,2022,0.0,0.0,0.0,0.0
UNE,2023,0.0,0.0,0.0,0.0
UNGUÍA,2017,0.0,0.0,0.0,0.0
UNGUÍA,2018,0.0,0.0,0.0,0.0
UNGUÍA,2019,0.0,0.0,0.0,0.0
UNGUÍA,2020,0.0,0.0,0.0,0.0
UNGUÍA,2021,0.0,0.0,0.0,0.0
UNGUÍA,2022,0.0,0.0,0.0,0.0
UNGUÍA,2023,0.0,0.0,0.0,0.0
UNIÓN PANAMERICANA,2017,,,,
UNIÓN PANAMERICANA,2018,,,,
UNIÓN PANAMERICANA,2019,,,,
UNIÓN PANAMERICANA,2020,,,,
UNIÓN PANAMERICANA,2021,,,,
UNIÓN PANAMERICANA,2022,,,,
UNIÓN PANAMERICANA,2023,,,,
URAMITA,2017,0.0,0.0,0.0,0.0
URAMITA,2018,0.0,0.0,0.0,0.0
URAMITA,2019,0.0,0.0,0.0,0.0
URAMITA,2020,0.0,0.0,0.0,0.0
URAMITA,2021,0.0,0.0,0.0,0.0
URAMITA,2022,0.0,0.0,0.0,0.0
URAMITA,2023,0.0,0.0,0.0,0.0
URIBE,2017,90.02,0.0,0.0,0.0
URIBE,2018,0.0,699617.58,0.0,0.0
URIBE,2019,0.0,0.0,0.0,0.0
URIBE,2020,0.0,0.0,0.0,0.0
URIBE,2021,0.0,0.0,0.0,0.0
URIBE,2022,0.0,0.0,0.0,0.0
URIBE,2023,0.0,0.0,0.0,0.0
URIBIA,2017,0.0,0.0,0.0,0.0
URIBIA,2018,0.0,0.0,0.0,0.0
URIBIA,2019,0.0,0.0,0.0,0.0
URIBIA,2020,0.0,0.0,0.0,0.0
URIBIA,2021,0.0,0.0,0.0,0.0
URIBIA,2022,0.0,0.0,0.0,0.0
URIBIA,2023,0.0,0.0,0.0,0.0
URRAO,2017,0.0,0.0,0.0,0.0
URRAO,2018,0.0,0.0,0.0,0.0
URRAO,2019,0.0,0.0,0.0,0.0
URRAO,2020,0.0,0.0,0.0,0.0
URRAO,2021,0.0,0.0,0.0,0.0
URRAO,2022,0.0,0.0,0.0,0.0
URRAO,2023,0.0,0.0,0.0,0.0
URUMITA,2017,84.81,0.0,0.0,0.0
URUMITA,2018,0.0,952359.98,0.0,0.0
URUMITA,2019,0.0,0.0,0.0,0.0
URUMITA,2020,0.0,0.0,0.0,0.0
URUMITA,2021,0.0,0.0,0.0,0.0
URUMITA,2022,0.0,0.0,0.0,0.0
URUMITA,2023,0.0,0.0,0.0,0.0
USIACURÍ,2017,,,,
USIACURÍ,2018,,,,
USIACURÍ,2019,,,,
USIACURÍ,2020,,,,
USIACURÍ,2021,,,,
USIACURÍ,2022,,,,
USIACURÍ,2023,,,,
VALDIVIA,2017,0.0,0.0,0.0,0.0
VALDIVIA,2018,0.0,0.0,0.0,0.0
VALDIVIA,2019,0.0,0.0,0.0,0.0
VALDIVIA,2020,0.0,0.0,0.0,0.0
VALDIVIA,2021,0.0,0.0,0.0,0.0
VALDIVIA,2022,0.0,0.0,0.0,0.0
VALDIVIA,2023,0.0,0.0,0.0,0.0
VALENCIA,2017,0.0,0.0,0.0,0.0
VALENCIA,2018,0.0,0.0,0.0,0.0
VALENCIA,2019,0.0,0.0,0.0,0.0
VALENCIA,2020,0.0,0.0,0.0,0.0
VALENCIA,2021,0.0,0.0,0.0,0.0
VALENCIA,2022,0.0,0.0,0.0,0.0
VALENCIA,2023,0.0,0.0,0.0,0.0
VALLE DE SAN JOSÉ,2017,92.75,0.0,0.0,0.0
VALLE DE SAN JOSÉ,2018,0.0,493287.19,0.0,0.0
VALLE DE SAN JOSÉ,2019,0.0,0.0,0.0,0.0
VALLE DE SAN JOSÉ,2020,0.0,0.0,0.0,0.0
VALLE DE SAN JOSÉ,2021,0.0,0.0,0.0,0.0
VALLE DE SAN JOSÉ,2022,0.0,0.0,0.0,0.0
VALLE DE SAN JOSÉ,2023,0.0,0.0,0.0,0.0
VALLE DE SAN JUAN,2017,38.7,0.0,0.0,0.0
VALLE DE SAN JUAN,2018,0.0,109878.31,0.0,0.0
VALLE DE SAN JUAN,2019,0.0,0.0,0.0,0.0
VALLE DE SAN JUAN,2020,0.0,0.0,0.0,0.0
VALLE DE SAN JUAN,2021,0.0,0.0,0.0,0.0
VALLE DE SAN JUAN,2022,0.0,0.0,0.0,0.0
VALLE DE SAN JUAN,2023,0.0,0.0,0.0,0.0
VALLE DEL GUAMUEZ,2017,0.0,0.0,0.0,0.0
VALLE DEL GUAMUEZ,2018,0.0,0.0,0.0,0.0
VALLE DEL GUAMUEZ,2019,0.0,0.0,0.0,0.0
VALLE DEL GUAMUEZ,2020,0.0,0.0,0.0,0.0
VALLE DEL GUAMUEZ,2021,0.0,0.0,0.0,0.0
VALLE DEL GUAMUEZ,2022,0.0,0.0,0.0,0.0
VALLE DEL GUAMUEZ,2023,0.0,0.0,0.0,0.0
VALLEDUPAR,2017,75.12,0.0,0.0,0.0
VALLEDUPAR,2018,0.0,415441.57,0.0,0.0
VALLEDUPAR,2019,0.0,0.0,0.0,0.0
VALLEDUPAR,2020,0.0,0.0,0.0,0.0
VALLEDUPAR,2021,0.0,0.0,0.0,0.0
VALLEDUPAR,2022,0.0,0.0,0.0,0.0
VALLEDUPAR,2023,0.0,0.0,0.0,0.0
VALPARAÍSO,2017,0.0,0.0,0.0,0.0
VALPARAÍSO,2017,0.0,0.0,0.0,0.0
VALPARAÍSO,2017,0.0,0.0,0.0,0.0
VALPARAÍSO,2017,0.0,0.0,0.0,0.0
VALPARAÍSO,2017,0.0,0.0,0.0,0.0
VALPARAÍSO,2017,0.0,0.0,0.0,0.0
VALPARAÍSO,2017,0.0,0.0,0.0,0.0
VALPARAÍSO,2017,0.0,0.0,0.0,0.0
VALPARAÍSO,2017,0.0,0.0,0.0,0.0
VALPARAÍSO,2017,0.0,0.0,0.0,0.0
VALPARAÍSO,2017,0.0,0.0,0.0,0.0
VALPARAÍSO,2017,0.0,0.0,0.0,0.0
VALPARAÍSO,2017,0.0,0.0,0.0,0.0
VALPARAÍSO,2017,0.0,0.0,0.0,0.0
VALPARAÍSO,2017,0.0,0.0,0.0,0.0
VALPARAÍSO,2017,0.0,0.0,0.0,0.0
VALPARAÍSO,2018,0.0,0.0,0.0,0.0
VALPARAÍSO,2018,0.0,0.0,0.0,0.0
VALPARAÍSO,2018,0.0,0.0,0.0,0.0
VALPARAÍSO,2018,0.0,0.0,0.0,0.0
VALPARAÍSO,2018,0.0,0.0,0.0,0.0
VALPARAÍSO,2018,0.0,0.0,0.0,0.0
VALPARAÍSO,2018,0.0,0.0,0.0,0.0
VALPARAÍSO,2018,0.0,0.0,0.0,0.0
VALPARAÍSO,2018,0.0,0.0,0.0,0.0
VALPARAÍSO,2018,0.0,0.0,0.0,0.0
VALPARAÍSO,2018,0.0,0.0,0.0,0.0
VALPARAÍSO,2018,0.0,0.0,0.0,0.0
VALPARAÍSO,2018,0.0,0.0,0.0,0.0
VALPARAÍSO,2018,0.0,0.0,0.0,0.0
VALPARAÍSO,2018,0.0,0.0,0.0,0.0
VALPARAÍSO,2018,0.0,0.0,0.0,0.0
VALPARAÍSO,2019,0.0,0.0,0.0,0.0
VALPARAÍSO,2019,0.0,0.0,0.0,0.0
VALPARAÍSO,2019,0.0,0.0,0.0,0.0
VALPARAÍSO,2019,0.0,0.0,0.0,0.0
VALPARAÍSO,2019,0.0,0.0,0.0,0.0
VALPARAÍSO,2019,0.0,0.0,0.0,0.0
VALPARAÍSO,2019,0.0,0.0,0.0,0.0
VALPARAÍSO,2019,0.0,0.0,0.0,0.0
VALPARAÍSO,2019,0.0,0.0,0.0,0.0
VALPARAÍSO,2019,0.0,0.0,0.0,0.0
VALPARAÍSO,2019,0.0,0.0,0.0,0.0
VALPARAÍSO,2019,0.0,0.0,0.0,0.0
VALPARAÍSO,2019,0.0,0.0,0.0,0.0
VALPARAÍSO,2019,0.0,0.0,0.0,0.0
VALPARAÍSO,2019,0.0,0.0,0.0,0.0
VALPARAÍSO,2019,0.0,0.0,0.0,0.0
VALPARAÍSO,2020,0.0,0.0,0.0,0.0
VALPARAÍSO,2020,0.0,0.0,0.0,0.0
VALPARAÍSO,2020,0.0,0.0,0.0,0.0
VALPARAÍSO,2020,0.0,0.0,0.0,0.0
VALPARAÍSO,2020,0.0,0.0,0.0,0.0
VALPARAÍSO,2020,0.0,0.0,0.0,0.0
VALPARAÍSO,2020,0.0,0.0,0.0,0.0
VALPARAÍSO,2020,0.0,0.0,0.0,0.0
VALPARAÍSO,2020,0.0,0.0,0.0,0.0
VALPARAÍSO,2020,0.0,0.0,0.0,0.0
VALPARAÍSO,2020,0.0,0.0,0.0,0.0
VALPARAÍSO,2020,0.0,0.0,0.0,0.0
VALPARAÍSO,2020,0.0,0.0,0.0,0.0
VALPARAÍSO,2020,0.0,0.0,0.0,0.0
VALPARAÍSO,2020,0.0,0.0,0.0,0.0
VALPARAÍSO,2020,0.0,0.0,0.0,0.0
VALPARAÍSO,2021,0.0,0.0,0.0,0.0
VALPARAÍSO,2021,0.0,0.0,0.0,0.0
VALPARAÍSO,2021,0.0,0.0,0.0,0.0
VALPARAÍSO,2021,0.0,0.0,0.0,0.0
VALPARAÍSO,2021,0.0,0.0,0.0,0.0
VALPARAÍSO,2021,0.0,0.0,0.0,0.0
VALPARAÍSO,2021,0.0,0.0,0.0,0.0
VALPARAÍSO,2021,0.0,0.0,0.0,0.0
VALPARAÍSO,2021,0.0,0.0,0.0,0.0
VALPARAÍSO,2021,0.0,0.0,0.0,0.0
VALPARAÍSO,2021,0.0,0.0,0.0,0.0
VALPARAÍSO,2021,0.0,0.0,0.0,0.0
VALPARAÍSO,2021,0.0,0.0,0.0,0.0
VALPARAÍSO,2021,0.0,0.0,0.0,0.0
VALPARAÍSO,2021,0.0,0.0,0.0,0.0
VALPARAÍSO,2021,0.0,0.0,0.0,0.0
VALPARAÍSO,2022,0.0,0.0,0.0,0.0
VALPARAÍSO,2022,0.0,0.0,0.0,0.0
VALPARAÍSO,2022,0.0,0.0,0.0,0.0
VALPARAÍSO,2022,0.0,0.0,0.0,0.0
VALPARAÍSO,2022,0.0,0.0,0.0,0.0
VALPARAÍSO,2022,0.0,0.0,0.0,0.0
VALPARAÍSO,2022,0.0,0.0,0.0,0.0
VALPARAÍSO,2022,0.0,0.0,0.0,0.0
VALPARAÍSO,2022,0.0,0.0,0.0,0.0
VALPARAÍSO,2022,0.0,0.0,0.0,0.0
VALPARAÍSO,2022,0.0,0.0,0.0,0.0
VALPARAÍSO,2022,0.0,0.0,0.0,0.0
VALPARAÍSO,2022,0.0,0.0,0.0,0.0
VALPARAÍSO,2022,0.0,0.0,0.0,0.0
VALPARAÍSO,2022,0.0,0.0,0.0,0.0
VALPARAÍSO,2022,0.0,0.0,0.0,0.0
VALPARAÍSO,2023,0.0,0.0,0.0,0.0
VALPARAÍSO,2023,0.0,0.0,0.0,0.0
VALPARAÍSO,2023,0.0,0.0,0.0,0.0
VALPARAÍSO,2023,0.0,0.0,0.0,0.0
VALPARAÍSO,2023,0.0,0.0,0.0,0.0
VALPARAÍSO,2023,0.0,0.0,0.0,0.0
VALPARAÍSO,2023,0.0,0.0,0.0,0.0
VALPARAÍSO,2023,0.0,0.0,0.0,0.0
VALPARAÍSO,2023,0.0,0.0,0.0,0.0
VALPARAÍSO,2023,0.0,0.0,0.0,0.0
VALPARAÍSO,2023,0.0,0.0,0.0,0.0
VALPARAÍSO,2023,0.0,0.0,0.0,0.0
VALPARAÍSO,2023,0.0,0.0,0.0,0.0
VALPARAÍSO,2023,0.0,0.0,0.0,0.0
VALPARAÍSO,2023,0.0,0.0,0.0,0.0
VALPARAÍSO,2023,0.0,0.0,0.0,0.0
VEGACHÍ,2017,93.59,0.0,0.0,0.0
VEGACHÍ,2018,0.0,385754.46,0.0,0.0
VEGACHÍ,2019,0.0,0.0,0.0,0.0
VEGACHÍ,2020,0.0,0.0,0.0,0.0
VEGACHÍ,2021,0.0,0.0,0.0,0.0
VEGACHÍ,2022,0.0,0.0,0.0,0.0
VEGACHÍ,2023,0.0,0.0,0.0,0.0
VENADILLO,2017,79.91,0.0,0.0,0.0
VENADILLO,2018,0.0,205906.59,0.0,0.0
VENADILLO,2019,0.0,0.0,0.0,0.0
VENADILLO,2020,0.0,0.0,0.0,0.0
VENADILLO,2021,0.0,0.0,0.0,0.0
VENADILLO,2022,0.0,0.0,0.0,0.0
VENADILLO,2023,0.0,0.0,0.0,0.0
VENECIA,2017,0.0,0.0,0.0,0.0
VENECIA,2017,0.0,0.0,0.0,
VENECIA,2017,0.0,0.0,,0.0
VENECIA,2017,0.0,0.0,,
VENECIA,2017,0.0,,0.0,0.0
VENECIA,2017,0.0,,0.0,
VENECIA,2017,0.0,,,0.0
VENECIA,2017,0.0,,,
VENECIA,2017,,0.0,0.0,0.0
VENECIA,2017,,0.0,0.0,
VENECIA,2017,,0.0,,0.0
VENECIA,2017,,0.0,,
VENECIA,2017,,,0.0,0.0
VENECIA,2017,,,0.0,
VENECIA,2017,,,,0.0
VENECIA,2017,,,,
VENECIA,2018,0.0,0.0,0.0,0.0
VENECIA,2018,0.0,0.0,0.0,
VENECIA,2018,0.0,0.0,,0.0
VENECIA,2018,0.0,0.0,,
VENECIA,2018,0.0,,0.0,0.0
VENECIA,2018,0.0,,0.0,
VENECIA,2018,0.0,,,0.0
VENECIA,2018,0.0,,,
VENECIA,2018,,0.0,0.0,0.0
VENECIA,2018,,0.0,0.0,
VENECIA,2018,,0.0,,0.0
VENECIA,2018,,0.0,,
VENECIA,2018,,,0.0,0.0
VENECIA,2018,,,0.0,
VENECIA,2018,,,,0.0
VENECIA,2018,,,,
VENECIA,2019,0.0,0.0,0.0,0.0
VENECIA,2019,0.0,0.0,0.0,
VENECIA,2019,0.0,0.0,,0.0
VENECIA,2019,0.0,0.0,,
VENECIA,2019,0.0,,0.0,0.0
VENECIA,2019,0.0,,0.0,
VENECIA,2019,0.0,,,0.0
VENECIA,2019,0.0,,,
VENECIA,2019,,0.0,0.0,0.0
VENECIA,2019,,0.0,0.0,
VENECIA,2019,,0.0,,0.0
VENECIA,2019,,0.0,,
VENECIA,2019,,,0.0,0.0
VENECIA,2019,,,0.0,
VENECIA,2019,,,,0.0
VENECIA,2019,,,,
VENECIA,2020,0.0,0.0,0.0,0.0
VENECIA,2020,0.0,0.0,0.0,
VENECIA,2020,0.0,0.0,,0.0
VENECIA,2020,0.0,0.0,,
VENECIA,2020,0.0,,0.0,0.0
VENECIA,2020,0.0,,0.0,
VENECIA,2020,0.0,,,0.0
VENECIA,2020,0.0,,,
VENECIA,2020,,0.0,0.0,0.0
VENECIA,2020,,0.0,0.0,
VENECIA,2020,,0.0,,0.0
VENECIA,2020,,0.0,,
VENECIA,2020,,,0.0,0.0
VENECIA,2020,,,0.0,
VENECIA,2020,,,,0.0
VENECIA,2020,,,,
VENECIA,2021,0.0,0.0,0.0,0.0
VENECIA,2021,0.0,0.0,0.0,
VENECIA,2021,0.0,0.0,,0.0
VENECIA,2021,0.0,0.0,,
VENECIA,2021,0.0,,0.0,0.0
VENECIA,2021,0.0,,0.0,
VENECIA,2021,0.0,,,0.0
VENECIA,2021,0.0,,,
VENECIA,2021,,0.0,0.0,0.0
VENECIA,2021,,0.0,0.0,
VENECIA,2021,,0.0,,0.0
VENECIA,2021,,0.0,,
VENECIA,2021,,,0.0,0.0
VENECIA,2021,,,0.0,
VENECIA,2021,,,,0.0
VENECIA,2021,,,,
VENECIA,2022,0.0,0.0,0.0,0.0
VENECIA,2022,0.0,0.0,0.0,
VENECIA,2022,0.0,0.0,,0.0
VENECIA,2022,0.0,0.0,,
VENECIA,2022,0.0,,0.0,0.0
VENECIA,2022,0.0,,0.0,
VENECIA,2022,0.0,,,0.0
VENECIA,2022,0.0,,,
VENECIA,2022,,0.0,0.0,0.0
VENECIA,2022,,0.0,0.0,
VENECIA,2022,,0.0,,0.0
VENECIA,2022,,0.0,,
VENECIA,2022,,,0.0,0.0
VENECIA,2022,,,0.0,
VENECIA,2022,,,,0.0
VENECIA,2022,,,,
VENECIA,2023,0.0,0.0,0.0,0.0
VENECIA,2023,0.0,0.0,0.0,
VENECIA,2023,0.0,0.0,,0.0
VENECIA,2023,0.0,0.0,,
VENECIA,2023,0.0,,0.0,0.0
VENECIA,2023,0.0,,0.0,
VENECIA,2023,0.0,,,0.0
VENECIA,2023,0.0,,,
VENECIA,2023,,0.0,0.0,0.0
VENECIA,2023,,0.0,0.0,
VENECIA,2023,,0.0,,0.0
VENECIA,2023,,0.0,,
VENECIA,2023,,,0.0,0.0
VENECIA,2023,,,0.0,
VENECIA,2023,,,,0.0
VENECIA,2023,,,,
VENTAQUEMADA,2017,92.54,0.0,0.0,0.0
VENTAQUEMADA,2018,0.0,329337.86,0.0,0.0
VENTAQUEMADA,2019,0.0,0.0,0.0,0.0
VENTAQUEMADA,2020,0.0,0.0,0.0,0.0
VENTAQUEMADA,2021,0.0,0.0,0.0,0.0
VENTAQUEMADA,2022,0.0,0.0,0.0,0.0
VENTAQUEMADA,2023,0.0,0.0,0.0,0.0
VERGARA,2017,80.62,0.0,0.0,0.0
VERGARA,2018,0.0,645675.49,0.0,0.0
VERGARA,2019,0.0,0.0,0.0,0.0
VERGARA,2020,0.0,0.0,0.0,0.0
VERGARA,2021,0.0,0.0,0.0,0.0
VERGARA,2022,0.0,0.0,0.0,0.0
VERGARA,2023,0.0,0.0,0.0,0.0
VERSALLES,2017,0.0,0.0,0.0,0.0
VERSALLES,2018,0.0,0.0,0.0,0.0
VERSALLES,2019,0.0,0.0,0.0,0.0
VERSALLES,2020,0.0,0.0,0.0,0.0
VERSALLES,2021,0.0,0.0,0.0,0.0
VERSALLES,2022,0.0,0.0,0.0,0.0
VERSALLES,2023,0.0,0.0,0.0,0.0
VETAS,2017,88.35,0.0,0.0,0.0
VETAS,2018,0.0,477022.69,0.0,0.0
VETAS,2019,0.0,0.0,0.0,0.0
VETAS,2020,0.0,0.0,0.0,0.0
VETAS,2021,0.0,0.0,0.0,0.0
VETAS,2022,0.0,0.0,0.0,0.0
VETAS,2023,0.0,0.0,0.0,0.0
VIANÍ,2017,,,,
VIANÍ,2018,,,,
VIANÍ,2019,,,,
VIANÍ,2020,,,,
VIANÍ,2021,,,,
VIANÍ,2022,,,,
VIANÍ,2023,,,,
VICTORIA,2017,92.01,0.0,0.0,0.0
VICTORIA,2018,0.0,205164.49,0.0,0.0
VICTORIA,2019,0.0,0.0,0.0,0.0
VICTORIA,2020,0.0,0.0,0.0,0.0
VICTORIA,2021,0.0,0.0,0.0,0.0
VICTORIA,2022,0.0,0.0,0.0,0.0
VICTORIA,2023,0.0,0.0,0.0,0.0
VIGÍA DEL FUERTE,2017,0.0,0.0,0.0,0.0
VIGÍA DEL FUERTE,2018,0.0,0.0,0.0,0.0
VIGÍA DEL FUERTE,2019,0.0,0.0,0.0,0.0
VIGÍA DEL FUERTE,2020,0.0,0.0,0.0,0.0
VIGÍA DEL FUERTE,2021,0.0,0.0,0.0,0.0
VIGÍA DEL FUERTE,2022,0.0,0.0,0.0,0.0
VIGÍA DEL FUERTE,2023,0.0,0.0,0.0,0.0
VIJES,2017,0.0,0.0,0.0,0.0
VIJES,2018,0.0,0.0,0.0,0.0
VIJES,2019,0.0,0.0,0.0,0.0
VIJES,2020,0.0,0.0,0.0,0.0
VIJES,2021,0.0,0.0,0.0,0.0
VIJES,2022,0.0,0.0,0.0,0.0
VIJES,2023,0.0,0.0,0.0,0.0
VILLA CARO,2017,87.66,0.0,0.0,0.0
VILLA CARO,2018,0.0,376186.78,0.0,0.0
VILLA CARO,2019,0.0,0.0,0.0,0.0
VILLA CARO,2020,0.0,0.0,0.0,0.0
VILLA CARO,2021,0.0,0.0,0.0,0.0
VILLA CARO,2022,0.0,0.0,0.0,0.0
VILLA CARO,2023,0.0,0.0,0.0,0.0
VILLA DE LEYVA,2017,90.43,0.0,0.0,0.0
VILLA DE LEYVA,2018,0.0,351404.19,0.0,0.0
VILLA DE LEYVA,2019,0.0,0.0,0.0,0.0
VILLA DE LEYVA,2020,0.0,0.0,0.0,0.0
VILLA DE LEYVA,2021,0.0,0.0,0.0,0.0
VILLA DE LEYVA,2022,0.0,0.0,0.0,0.0
VILLA DE LEYVA,2023,0.0,0.0,0.0,0.0
VILLA DE SAN DIEGO DE UBATÉ,2017,89.85,0.0,0.0,0.0
VILLA DE SAN DIEGO DE UBATÉ,2018,0.0,234392.55,0.0,0.0
VILLA DE SAN DIEGO DE UBATÉ,2019,0.0,0.0,0.0,0.0
VILLA DE SAN DIEGO DE UBATÉ,2020,0.0,0.0,0.0,0.0
VILLA DE SAN DIEGO DE UBATÉ,2021,0.0,0.0,0.0,0.0
VILLA DE SAN DIEGO DE UBATÉ,2022,0.0,0.0,0.0,0.0
VILLA DE SAN DIEGO DE UBATÉ,2023,0.0,0.0,0.0,0.0
VILLA DEL ROSARIO,2017,82.53,0.0,0.0,0.0
VILLA DEL ROSARIO,2018,0.0,274823.01,0.0,0.0
VILLA DEL ROSARIO,2019,0.0,0.0,0.0,0.0
VILLA DEL ROSARIO,2020,0.0,0.0,0.0,0.0
VILLA DEL ROSARIO,2021,0.0,0.0,0.0,0.0
VILLA DEL ROSARIO,2022,0.0,0.0,0.0,0.0
VILLA DEL ROSARIO,2023,0.0,0.0,0.0,0.0
VILLA RICA,2017,,,,
VILLA RICA,2018,,,,
VILLA RICA,2019,,,,
VILLA RICA,2020,,,,
VILLA RICA,2021,,,,
VILLA RICA,2022,,,,
VILLA RICA,2023,,,,
VILLAGARZÓN,2017,0.0,0.0,0.0,0.0
VILLAGARZÓN,2018,0.0,0.0,0.0,0.0
VILLAGARZÓN,2019,0.0,0.0,0.0,0.0
VILLAGARZÓN,2020,0.0,0.0,0.0,0.0
VILLAGARZÓN,2021,0.0,0.0,0.0,0.0
VILLAGARZÓN,2022,0.0,0.0,0.0,0.0
VILLAGARZÓN,2023,0.0,0.0,0.0,0.0
VILLAGÓMEZ,2017,85.38,0.0,0.0,0.0
VILLAGÓMEZ,2018,0.0,671723.31,0.0,0.0
VILLAGÓMEZ,2019,0.0,0.0,0.0,0.0
VILLAGÓMEZ,2020,0.0,0.0,0.0,0.0
VILLAGÓMEZ,2021,0.0,0.0,0.0,0.0
VILLAGÓMEZ,2022,0.0,0.0,0.0,0.0
VILLAGÓMEZ,2023,0.0,0.0,0.0,0.0
VILLAHERMOSA,2017,43.6,0.0,0.0,0.0
VILLAHERMOSA,2018,0.0,153960.07,0.0,0.0
VILLAHERMOSA,2019,0.0,0.0,0.0,0.0
VILLAHERMOSA,2020,0.0,0.0,0.0,0.0
VILLAHERMOSA,2021,0.0,0.0,0.0,0.0
VILLAHERMOSA,2022,0.0,0.0,0.0,0.0
VILLAHERMOSA,2023,0.0,0.0,0.0,0.0
VILLAMARÍA,2017,0.0,0.0,0.0,0.0
VILLAMARÍA,2018,0.0,0.0,0.0,0.0
VILLAMARÍA,2019,0.0,0.0,0.0,0.0
VILLAMARÍA,2020,0.0,0.0,0.0,0.0
VILLAMARÍA,2021,0.0,0.0,0.0,0.0
VILLAMARÍA,2022,0.0,0.0,0.0,0.0
VILLAMARÍA,2023,0.0,0.0,0.0,0.0
VILLANUEVA,2017,0.0,0.0,0.0,0.0
VILLANUEVA,2017,0.0,0.0,0.0,0.0
VILLANUEVA,2017,0.0,0.0,0.0,
VILLANUEVA,2017,0.0,0.0,0.0,0.0
VILLANUEVA,2017,0.0,0.0,0.0,0.0
VILLANUEVA,2017,0.0,0.0,0.0,0.0
VILLANUEVA,2017,0.0,0.0,0.0,
VILLANUEVA,2017,0.0,0.0,0.0,0.0
VILLANUEVA,2017,0.0,0.0,,0.0
VILLANUEVA,2017,0.0,0.0,,0.0
VILLANUEVA,2017,0.0,0.0,,
VILLANUEVA,2017,0.0,0.0,,0.0
VILLANUEVA,2017,0.0,0.0,0.0,0.0
VILLANUEVA,2017,0.0,0.0,0.0,0.0
VILLANUEVA,2017,0.0,0.0,0.0,
VILLANUEVA,2017,0.0,0.0,0.0,0.0
VILLANUEVA,2017,0.0,0.0,0.0,0.0
VILLANUEVA,2017,0.0,0.0,0.0,0.0
VILLANUEVA,2017,0.0,0.0,0.0,
VILLANUEVA,2017,0.0,0.0,0.0,0.0
VILLANUEVA,2017,0.0,0.0,0.0,0.0
VILLANUEVA,2017,0.0,0.0,0.0,0.0
VILLANUEVA,2017,0.0,0.0,0.0,
VILLANUEVA,2017,0.0,0.0,0.0,0.0
VILLANUEVA,2017,0.0,0.0,,0.0
VILLANUEVA,2017,0.0,0.0,,0.0
VILLANUEVA,2017,0.0,0.0,,
VILLANUEVA,2017,0.0,0.0,,0.0
VILLANUEVA,2017,0.0,0.0,0.0,0.0
VILLANUEVA,2017,0.0,0.0,0.0,0.0
VILLANUEVA,2017,0.0,0.0,0.0,
VILLANUEVA,2017,0.0,0.0,0.0,0.0
VILLANUEVA,2017,0.0,,0.0,0.0
VILLANUEVA,2017,0.0,,0.0,0.0
VILLANUEVA,2017,0.0,,0.0,
VILLANUEVA,2017,0.0,,0.0,0.0
VILLANUEVA,2017,0.0,,0.0,0.0
VILLANUEVA,2017,0.0,,0.0,0.0
VILLANUEVA,2017,0.0,,0.0,
VILLANUEVA,2017,0.0,,0.0,0.0
VILLANUEVA,2017,0.0,,,0.0
VILLANUEVA,2017,0.0,,,0.0
VILLANUEVA,2017,0.0,,,
VILLANUEVA,2017,0.0,,,0.0
VILLANUEVA,2017,0.0,,0.0,0.0
VILLANUEVA,2017,0.0,,0.0,0.0
VILLANUEVA,2017,0.0,,0.0,
VILLANUEVA,2017,0.0,,0.0,0.0
VILLANUEVA,2017,0.0,0.0,0.0,0.0
VILLANUEVA,2017,0.0,0.0,0.0,0.0
VILLANUEVA,2017,0.0,0.0,0.0,
VILLANUEVA,2017,0.0,0.0,0.0,0.0
VILLANUEVA,2017,0.0,0.0,0.0,0.0
VILLANUEVA,2017,0.0,0.0,0.0,0.0
VILLANUEVA,2017,0.0,0.0,0.0,
VILLANUEVA,2017,0.0,0.0,0.0,0.0
VILLANUEVA,2017,0.0,0.0,,0.0
VILLANUEVA,2017,0.0,0.0,,0.0
VILLANUEVA,2017,0.0,0.0,,
VILLANUEVA,2017,0.0,0.0,,0.0
VILLANUEVA,2017,0.0,0.0,0.0,0.0
VILLANUEVA,2017,0.0,0.0,0.0,0.0
VILLANUEVA,2017,0.0,0.0,0.0,
VILLANUEVA,2017,0.0,0.0,0.0,0.0
VILLANUEVA,2017,79.7,0.0,0.0,0.0
VILLANUEVA,2017,79.7,0.0,0.0,0.0
VILLANUEVA,2017,79.7,0.0,0.0,
VILLANUEVA,2017,79.7,0.0,0.0,0.0
VILLANUEVA,2017,79.7,0.0,0.0,0.0
VILLANUEVA,2017,79.7,0.0,0.0,0.0
VILLANUEVA,2017,79.7,0.0,0.0,
VILLANUEVA,2017,79.7,0.0,0.0,0.0
VILLANUEVA,2017,79.7,0.0,,0.0
VILLANUEVA,2017,79.7,0.0,,0.0
VILLANUEVA,2017,79.7,0.0,,
VILLANUEVA,2017,79.7,0.0,,0.0
VILLANUEVA,2017,79.7,0.0,0.0,0.0
VILLANUEVA,2017,79.7,0.0,0.0,0.0
VILLANUEVA,2017,79.7,0.0,0.0,
VILLANUEVA,2017,79.7,0.0,0.0,0.0
VILLANUEVA,2017,79.7,0.0,0.0,0.0
VILLANUEVA,2017,79.7,0.0,0.0,0.0
VILLANUEVA,2017,79.7,0.0,0.0,
VILLANUEVA,2017,79.7,0.0,0.0,0.0
VILLANUEVA,2017,79.7,0.0,0.0,0.0
VILLANUEVA,2017,79.7,0.0,0.0,0.0
VILLANUEVA,2017,79.7,0.0,0.0,
VILLANUEVA,2017,79.7,0.0,0.0,0.0
VILLANUEVA,2017,79.7,0.0,,0.0
VILLANUEVA,2017,79.7,0.0,,0.0
VILLANUEVA,2017,79.7,0.0,,
VILLANUEVA,2017,79.7,0.0,,0.0
VILLANUEVA,2017,79.7,0.0,0.0,0.0
VILLANUEVA,2017,79.7,0.0,0.0,0.0
VILLANUEVA,2017,79.7,0.0,0.0,
VILLANUEVA,2017,79.7,0.0,0.0,0.0
VILLANUEVA,2017,79.7,,0.0,0.0
VILLANUEVA,2017,79.7,,0.0,0.0
VILLANUEVA,2017,79.7,,0.0,
VILLANUEVA,2017,79.7,,0.0,0.0
VILLANUEVA,2017,79.7,,0.0,0.0
VILLANUEVA,2017,79.7,,0.0,0.0
VILLANUEVA,2017,79.7,,0.0,
VILLANUEVA,2017,79.7,,0.0,0.0
VILLANUEVA,2017,79.7,,,0.0
VILLANUEVA,2017,79.7,,,0.0
VILLANUEVA,2017,79.7,,,
VILLANUEVA,2017,79.7,,,0.0
VILLANUEVA,2017,79.7,,0.0,0.0
VILLANUEVA,2017,79.7,,0.0,0.0
VILLANUEVA,2017,79.7,,0.0,
VILLANUEVA,2017,79.7,,0.0,0.0
VILLANUEVA,2017,79.7,0.0,0.0,0.0
VILLANUEVA,2017,79.7,0.0,0.0,0.0
VILLANUEVA,2017,79.7,0.0,0.0,
VILLANUEVA,2017,79.7,0.0,0.0,0.0
VILLANUEVA,2017,79.7,0.0,0.0,0.0
VILLANUEVA,2017,79.7,0.0,0.0,0.0
VILLANUEVA,2017,79.7,0.0,0.0,
VILLANUEVA,2017,79.7,0.0,0.0,0.0
VILLANUEVA,2017,79.7,0.0,,0.0
VILLANUEVA,2017,79.7,0.0,,0.0
VILLANUEVA,2017,79.7,0.0,,
VILLANUEVA,2017,79.7,0.0,,0.0
VILLANUEVA,2017,79.7,0.0,0.0,0.0
VILLANUEVA,2017,79.7,0.0,0.0,0.0
VILLANUEVA,2017,79.7,0.0,0.0,
VILLANUEVA,2017,79.7,0.0,0.0,0.0
VILLANUEVA,2017,,0.0,0.0,0.0
VILLANUEVA,2017,,0.0,0.0,0.0
VILLANUEVA,2017,,0.0,0.0,
VILLANUEVA,2017,,0.0,0.0,0.0
VILLANUEVA,2017,,0.0,0.0,0.0
VILLANUEVA,2017,,0.0,0.0,0.0
VILLANUEVA,2017,,0.0,0.0,
VILLANUEVA,2017,,0.0,0.0,0.0
VILLANUEVA,2017,,0.0,,0.0
VILLANUEVA,2017,,0.0,,0.0
VILLANUEVA,2017,,0.0,,
VILLANUEVA,2017,,0.0,,0.0
VILLANUEVA,2017,,0.0,0.0,0.0
VILLANUEVA,2017,,0.0,0.0,0.0
VILLANUEVA,2017,,0.0,0.0,
VILLANUEVA,2017,,0.0,0.0,0.0
VILLANUEVA,2017,,0.0,0.0,0.0
VILLANUEVA,2017,,0.0,0.0,0.0
VILLANUEVA,2017,,0.0,0.0,
VILLANUEVA,2017,,0.0,0.0,0.0
VILLANUEVA,2017,,0.0,0.0,0.0
VILLANUEVA,2017,,0.0,0.0,0.0
VILLANUEVA,2017,,0.0,0.0,
VILLANUEVA,2017,,0.0,0.0,0.0
VILLANUEVA,2017,,0.0,,0.0
VILLANUEVA,2017,,0.0,,0.0
VILLANUEVA,2017,,0.0,,
VILLANUEVA,2017,,0.0,,0.0
VILLANUEVA,2017,,0.0,0.0,0.0
VILLANUEVA,2017,,0.0,0.0,0.0
VILLANUEVA,2017,,0.0,0.0,
VILLANUEVA,2017,,0.0,0.0,0.0
VILLANUEVA,2017,,,0.0,0.0
VILLANUEVA,2017,,,0.0,0.0
VILLANUEVA,2017,,,0.0,
VILLANUEVA,2017,,,0.0,0.0
VILLANUEVA,2017,,,0.0,0.0
VILLANUEVA,2017,,,0.0,0.0
VILLANUEVA,2017,,,0.0,
VILLANUEVA,2017,,,0.0,0.0
VILLANUEVA,2017,,,,0.0
VILLANUEVA,2017,,,,0.0
VILLANUEVA,2017,,,,
VILLANUEVA,2017,,,,0.0
VILLANUEVA,2017,,,0.0,0.0
VILLANUEVA,2017,,,0.0,0.0
VILLANUEVA,2017,,,0.0,
VILLANUEVA,2017,,,0.0,0.0
VILLANUEVA,2017,,0.0,0.0,0.0
VILLANUEVA,2017,,0.0,0.0,0.0
VILLANUEVA,2017,,0.0,0.0,
VILLANUEVA,2017,,0.0,0.0,0.0
VILLANUEVA,2017,,0.0,0.0,0.0
VILLANUEVA,2017,,0.0,0.0,0.0
VILLANUEVA,2017,,0.0,0.0,
VILLANUEVA,2017,,0.0,0.0,0.0
VILLANUEVA,2017,,0.0,,0.0
VILLANUEVA,2017,,0.0,,0.0
VILLANUEVA,2017,,0.0,,
VILLANUEVA,2017,,0.0,,0.0
VILLANUEVA,2017,,0.0,0.0,0.0
VILLANUEVA,2017,,0.0,0.0,0.0
VILLANUEVA,2017,,0.0,0.0,
VILLANUEVA,2017,,0.0,0.0,0.0
VILLANUEVA,2017,90.27,0.0,0.0,0.0
VILLANUEVA,2017,90.27,0.0,0.0,0.0
VILLANUEVA,2017,90.27,0.0,0.0,
VILLANUEVA,2017,90.27,0.0,0.0,0.0
VILLANUEVA,2017,90.27,0.0,0.0,0.0
VILLANUEVA,2017,90.27,0.0,0.0,0.0
VILLANUEVA,2017,90.27,0.0,0.0,
VILLANUEVA,2017,90.27,0.0,0.0,0.0
VILLANUEVA,2017,90.27,0.0,,0.0
VILLANUEVA,2017,90.27,0.0,,0.0
VILLANUEVA,2017,90.27,0.0,,
VILLANUEVA,2017,90.27,0.0,,0.0
VILLANUEVA,2017,90.27,0.0,0.0,0.0
VILLANUEVA,2017,90.27,0.0,0.0,0.0
VILLANUEVA,2017,90.27,0.0,0.0,
VILLANUEVA,2017,90.27,0.0,0.0,0.0
VILLANUEVA,2017,90.27,0.0,0.0,0.0
VILLANUEVA,2017,90.27,0.0,0.0,0.0
VILLANUEVA,2017,90.27,0.0,0.0,
VILLANUEVA,2017,90.27,0.0,0.0,0.0
VILLANUEVA,2017,90.27,0.0,0.0,0.0
VILLANUEVA,2017,90.27,0.0,0.0,0.0
VILLANUEVA,2017,90.27,0.0,0.0,
VILLANUEVA,2017,90.27,0.0,0.0,0.0
VILLANUEVA,2017,90.27,0.0,,0.0
VILLANUEVA,2017,90.27,0.0,,0.0
VILLANUEVA,2017,90.27,0.0,,
VILLANUEVA,2017,90.27,0.0,,0.0
VILLANUEVA,2017,90.27,0.0,0.0,0.0
VILLANUEVA,2017,90.27,0.0,0.0,0.0
VILLANUEVA,2017,90.27,0.0,0.0,
VILLANUEVA,2017,90.27,0.0,0.0,0.0
VILLANUEVA,2017,90.27,,0.0,0.0
VILLANUEVA,2017,90.27,,0.0,0.0
VILLANUEVA,2017,90.27,,0.0,
VILLANUEVA,2017,90.27,,0.0,0.0
VILLANUEVA,2017,90.27,,0.0,0.0
VILLANUEVA,2017,90.27,,0.0,0.0
VILLANUEVA,2017,90.27,,0.0,
VILLANUEVA,2017,90.27,,0.0,0.0
VILLANUEVA,2017,90.27,,,0.0
VILLANUEVA,2017,90.27,,,0.0
VILLANUEVA,2017,90.27,,,
VILLANUEVA,2017,90.27,,,0.0
VILLANUEVA,2017,90.27,,0.0,0.0
VILLANUEVA,2017,90.27,,0.0,0.0
VILLANUEVA,2017,90.27,,0.0,
VILLANUEVA,2017,90.27,,0.0,0.0
VILLANUEVA,2017,90.27,0.0,0.0,0.0
VILLANUEVA,2017,90.27,0.0,0.0,0.0
VILLANUEVA,2017,90.27,0.0,0.0,
VILLANUEVA,2017,90.27,0.0,0.0,0.0
VILLANUEVA,2017,90.27,0.0,0.0,0.0
VILLANUEVA,2017,90.27,0.0,0.0,0.0
VILLANUEVA,2017,90.27,0.0,0.0,
VILLANUEVA,2017,90.27,0.0,0.0,0.0
VILLANUEVA,2017,90.27,0.0,,0.0
VILLANUEVA,2017,90.27,0.0,,0.0
VILLANUEVA,2017,90.27,0.0,,
VILLANUEVA,2017,90.27,0.0,,0.0
VILLANUEVA,2017,90.27,0.0,0.0,0.0
VILLANUEVA,2017,90.27,0.0,0.0,0.0
VILLANUEVA,2017,90.27,0.0,0.0,
VILLANUEVA,2017,90.27,0.0,0.0,0.0
VILLANUEVA,2018,0.0,0.0,0.0,0.0
VILLANUEVA,2018,0.0,0.0,0.0,0.0
VILLANUEVA,2018,0.0,0.0,0.0,
VILLANUEVA,2018,0.0,0.0,0.0,0.0
VILLANUEVA,2018,0.0,0.0,0.0,0.0
VILLANUEVA,2018,0.0,0.0,0.0,0.0
VILLANUEVA,2018,0.0,0.0,0.0,
VILLANUEVA,2018,0.0,0.0,0.0,0.0
VILLANUEVA,2018,0.0,0.0,,0.0
VILLANUEVA,2018,0.0,0.0,,0.0
VILLANUEVA,2018,0.0,0.0,,
VILLANUEVA,2018,0.0,0.0,,0.0
VILLANUEVA,2018,0.0,0.0,0.0,0.0
VILLANUEVA,2018,0.0,0.0,0.0,0.0
VILLANUEVA,2018,0.0,0.0,0.0,
VILLANUEVA,2018,0.0,0.0,0.0,0.0
VILLANUEVA,2018,0.0,478987.4,0.0,0.0
VILLANUEVA,2018,0.0,478987.4,0.0,0.0
VILLANUEVA,2018,0.0,478987.4,0.0,
VILLANUEVA,2018,0.0,478987.4,0.0,0.0
VILLANUEVA,2018,0.0,478987.4,0.0,0.0
VILLANUEVA,2018,0.0,478987.4,0.0,0.0
VILLANUEVA,2018,0.0,478987.4,0.0,
VILLANUEVA,2018,0.0,478987.4,0.0,0.0
VILLANUEVA,2018,0.0,478987.4,,0.0
VILLANUEVA,2018,0.0,478987.4,,0.0
VILLANUEVA,2018,0.0,478987.4,,
VILLANUEVA,2018,0.0,478987.4,,0.0
VILLANUEVA,2018,0.0,478987.4,0.0,0.0
VILLANUEVA,2018,0.0,478987.4,0.0,0.0
VILLANUEVA,2018,0.0,478987.4,0.0,
VILLANUEVA,2018,0.0,478987.4,0.0,0.0
VILLANUEVA,2018,0.0,,0.0,0.0
VILLANUEVA,2018,0.0,,0.0,0.0
VILLANUEVA,2018,0.0,,0.0,
VILLANUEVA,2018,0.0,,0.0,0.0
VILLANUEVA,2018,0.0,,0.0,0.0
VILLANUEVA,2018,0.0,,0.0,0.0
VILLANUEVA,2018,0.0,,0.0,
VILLANUEVA,2018,0.0,,0.0,0.0
VILLANUEVA,2018,0.0,,,0.0
VILLANUEVA,2018,0.0,,,0.0
VILLANUEVA,2018,0.0,,,
VILLANUEVA,2018,0.0,,,0.0
VILLANUEVA,2018,0.0,,0.0,0.0
VILLANUEVA,2018,0.0,,0.0,0.0
VILLANUEVA,2018,0.0,,0.0,
VILLANUEVA,2018,0.0,,0.0,0.0
VILLANUEVA,2018,0.0,602378.14,0.0,0.0
VILLANUEVA,2018,0.0,602378.14,0.0,0.0
VILLANUEVA,2018,0.0,602378.14,0.0,
VILLANUEVA,2018,0.0,602378.14,0.0,0.0
VILLANUEVA,2018,0.0,602378.14,0.0,0.0
VILLANUEVA,2018,0.0,602378.14,0.0,0.0
VILLANUEVA,2018,0.0,602378.14,0.0,
VILLANUEVA,2018,0.0,602378.14,0.0,0.0
VILLANUEVA,2018,0.0,602378.14,,0.0
VILLANUEVA,2018,0.0,602378.14,,0.0
VILLANUEVA,2018,0.0,602378.14,,
VILLANUEVA,2018,0.0,602378.14,,0.0
VILLANUEVA,2018,0.0,602378.14,0.0,0.0
VILLANUEVA,2018,0.0,602378.14,0.0,0.0
VILLANUEVA,2018,0.0,602378.14,0.0,
VILLANUEVA,2018,0.0,602378.14,0.0,0.0
VILLANUEVA,2018,0.0,0.0,0.0,0.0
VILLANUEVA,2018,0.0,0.0,0.0,0.0
VILLANUEVA,2018,0.0,0.0,0.0,
VILLANUEVA,2018,0.0,0.0,0.0,0.0
VILLANUEVA,2018,0.0,0.0,0.0,0.0
VILLANUEVA,2018,0.0,0.0,0.0,0.0
VILLANUEVA,2018,0.0,0.0,0.0,
VILLANUEVA,2018,0.0,0.0,0.0,0.0
VILLANUEVA,2018,0.0,0.0,,0.0
VILLANUEVA,2018,0.0,0.0,,0.0
VILLANUEVA,2018,0.0,0.0,,
VILLANUEVA,2018,0.0,0.0,,0.0
VILLANUEVA,2018,0.0,0.0,0.0,0.0
VILLANUEVA,2018,0.0,0.0,0.0,0.0
VILLANUEVA,2018,0.0,0.0,0.0,
VILLANUEVA,2018,0.0,0.0,0.0,0.0
VILLANUEVA,2018,0.0,478987.4,0.0,0.0
VILLANUEVA,2018,0.0,478987.4,0.0,0.0
VILLANUEVA,2018,0.0,478987.4,0.0,
VILLANUEVA,2018,0.0,478987.4,0.0,0.0
VILLANUEVA,2018,0.0,478987.4,0.0,0.0
VILLANUEVA,2018,0.0,478987.4,0.0,0.0
VILLANUEVA,2018,0.0,478987.4,0.0,
VILLANUEVA,2018,0.0,478987.4,0.0,0.0
VILLANUEVA,2018,0.0,478987.4,,0.0
VILLANUEVA,2018,0.0,478987.4,,0.0
VILLANUEVA,2018,0.0,478987.4,,
VILLANUEVA,2018,0.0,478987.4,,0.0
VILLANUEVA,2018,0.0,478987.4,0.0,0.0
VILLANUEVA,2018,0.0,478987.4,0.0,0.0
VILLANUEVA,2018,0.0,478987.4,0.0,
VILLANUEVA,2018,0.0,478987.4,0.0,0.0
VILLANUEVA,2018,0.0,,0.0,0.0
VILLANUEVA,2018,0.0,,0.0,0.0
VILLANUEVA,2018,0.0,,0.0,
VILLANUEVA,2018,0.0,,0.0,0.0
VILLANUEVA,2018,0.0,,0.0,0.0
VILLANUEVA,2018,0.0,,0.0,0.0
VILLANUEVA,2018,0.0,,0.0,
VILLANUEVA,2018,0.0,,0.0,0.0
VILLANUEVA,2018,0.0,,,0.0
VILLANUEVA,2018,0.0,,,0.0
VILLANUEVA,2018,0.0,,,
VILLANUEVA,2018,0.0,,,0.0
VILLANUEVA,2018,0.0,,0.0,0.0
VILLANUEVA,2018,0.0,,0.0,0.0
VILLANUEVA,2018,0.0,,0.0,
VILLANUEVA,2018,0.0,,0.0,0.0
VILLANUEVA,2018,0.0,602378.14,0.0,0.0
VILLANUEVA,2018,0.0,602378.14,0.0,0.0
VILLANUEVA,2018,0.0,602378.14,0.0,
VILLANUEVA,2018,0.0,602378.14,0.0,0.0
VILLANUEVA,2018,0.0,602378.14,0.0,0.0
VILLANUEVA,2018,0.0,602378.14,0.0,0.0
VILLANUEVA,2018,0.0,602378.14,0.0,
VILLANUEVA,2018,0.0,602378.14,0.0,0.0
VILLANUEVA,2018,0.0,602378.14,,0.0
VILLANUEVA,2018,0.0,602378.14,,0.0
VILLANUEVA,2018,0.0,602378.14,,
VILLANUEVA,2018,0.0,602378.14,,0.0
VILLANUEVA,2018,0.0,602378.14,0.0,0.0
VILLANUEVA,2018,0.0,602378.14,0.0,0.0
VILLANUEVA,2018,0.0,602378.14,0.0,
VILLANUEVA,2018,0.0,602378.14,0.0,0.0
VILLANUEVA,2018,,0.0,0.0,0.0
VILLANUEVA,2018,,0.0,0.0,0.0
VILLANUEVA,2018,,0.0,0.0,
VILLANUEVA,2018,,0.0,0.0,0.0
VILLANUEVA,2018,,0.0,0.0,0.0
VILLANUEVA,2018,,0.0,0.0,0.0
VILLANUEVA,2018,,0.0,0.0,
VILLANUEVA,2018,,0.0,0.0,0.0
VILLANUEVA,2018,,0.0,,0.0
VILLANUEVA,2018,,0.0,,0.0
VILLANUEVA,2018,,0.0,,
VILLANUEVA,2018,,0.0,,0.0
VILLANUEVA,2018,,0.0,0.0,0.0
VILLANUEVA,2018,,0.0,0.0,0.0
VILLANUEVA,2018,,0.0,0.0,
VILLANUEVA,2018,,0.0,0.0,0.0
VILLANUEVA,2018,,478987.4,0.0,0.0
VILLANUEVA,2018,,478987.4,0.0,0.0
VILLANUEVA,2018,,478987.4,0.0,
VILLANUEVA,2018,,478987.4,0.0,0.0
VILLANUEVA,2018,,478987.4,0.0,0.0
VILLANUEVA,2018,,478987.4,0.0,0.0
VILLANUEVA,2018,,478987.4,0.0,
VILLANUEVA,2018,,478987.4,0.0,0.0
VILLANUEVA,2018,,478987.4,,0.0
VILLANUEVA,2018,,478987.4,,0.0
VILLANUEVA,2018,,478987.4,,
VILLANUEVA,2018,,478987.4,,0.0
VILLANUEVA,2018,,478987.4,0.0,0.0
VILLANUEVA,2018,,478987.4,0.0,0.0
VILLANUEVA,2018,,478987.4,0.0,
VILLANUEVA,2018,,478987.4,0.0,0.0
VILLANUEVA,2018,,,0.0,0.0
VILLANUEVA,2018,,,0.0,0.0
VILLANUEVA,2018,,,0.0,
VILLANUEVA,2018,,,0.0,0.0
VILLANUEVA,2018,,,0.0,0.0
VILLANUEVA,2018,,,0.0,0.0
VILLANUEVA,2018,,,0.0,
VILLANUEVA,2018,,,0.0,0.0
VILLANUEVA,2018,,,,0.0
VILLANUEVA,2018,,,,0.0
VILLANUEVA,2018,,,,
VILLANUEVA,2018,,,,0.0
VILLANUEVA,2018,,,0.0,0.0
VILLANUEVA,2018,,,0.0,0.0
VILLANUEVA,2018,,,0.0,
VILLANUEVA,2018,,,0.0,0.0
VILLANUEVA,2018,,602378.14,0.0,0.0
VILLANUEVA,2018,,602378.14,0.0,0.0
VILLANUEVA,2018,,602378.14,0.0,
VILLANUEVA,2018,,602378.14,0.0,0.0
VILLANUEVA,2018,,602378.14,0.0,0.0
VILLANUEVA,2018,,602378.14,0.0,0.0
VILLANUEVA,2018,,602378.14,0.0,
VILLANUEVA,2018,,602378.14,0.0,0.0
VILLANUEVA,2018,,602378.14,,0.0
VILLANUEVA,2018,,602378.14,,0.0
VILLANUEVA,2018,,602378.14,,
VILLANUEVA,2018,,602378.14,,0.0
VILLANUEVA,2018,,602378.14,0.0,0.0
VILLANUEVA,2018,,602378.14,0.0,0.0
VILLANUEVA,2018,,602378.14,0.0,
VILLANUEVA,2018,,602378.14,0.0,0.0
VILLANUEVA,2018,0.0,0.0,0.0,0.0
VILLANUEVA,2018,0.0,0.0,0.0,0.0
VILLANUEVA,2018,0.0,0.0,0.0,
VILLANUEVA,2018,0.0,0.0,0.0,0.0
VILLANUEVA,2018,0.0,0.0,0.0,0.0
VILLANUEVA,2018,0.0,0.0,0.0,0.0
VILLANUEVA,2018,0.0,0.0,0.0,
VILLANUEVA,2018,0.0,0.0,0.0,0.0
VILLANUEVA,2018,0.0,0.0,,0.0
VILLANUEVA,2018,0.0,0.0,,0.0
VILLANUEVA,2018,0.0,0.0,,
VILLANUEVA,2018,0.0,0.0,,0.0
VILLANUEVA,2018,0.0,0.0,0.0,0.0
VILLANUEVA,2018,0.0,0.0,0.0,0.0
VILLANUEVA,2018,0.0,0.0,0.0,
VILLANUEVA,2018,0.0,0.0,0.0,0.0
VILLANUEVA,2018,0.0,478987.4,0.0,0.0
VILLANUEVA,2018,0.0,478987.4,0.0,0.0
VILLANUEVA,2018,0.0,478987.4,0.0,
VILLANUEVA,2018,0.0,478987.4,0.0,0.0
VILLANUEVA,2018,0.0,478987.4,0.0,0.0
VILLANUEVA,2018,0.0,478987.4,0.0,0.0
VILLANUEVA,2018,0.0,478987.4,0.0,
VILLANUEVA,2018,0.0,478987.4,0.0,0.0
VILLANUEVA,2018,0.0,478987.4,,0.0
VILLANUEVA,2018,0.0,478987.4,,0.0
VILLANUEVA,2018,0.0,478987.4,,
VILLANUEVA,2018,0.0,478987.4,,0.0
VILLANUEVA,2018,0.0,478987.4,0.0,0.0
VILLANUEVA,2018,0.0,478987.4,0.0,0.0
VILLANUEVA,2018,0.0,478987.4,0.0,
VILLANUEVA,2018,0.0,478987.4,0.0,0.0
VILLANUEVA,2018,0.0,,0.0,0.0
VILLANUEVA,2018,0.0,,0.0,0.0
VILLANUEVA,2018,0.0,,0.0,
VILLANUEVA,2018,0.0,,0.0,0.0
VILLANUEVA,2018,0.0,,0.0,0.0
VILLANUEVA,2018,0.0,,0.0,0.0
VILLANUEVA,2018,0.0,,0.0,
VILLANUEVA,2018,0.0,,0.0,0.0
VILLANUEVA,2018,0.0,,,0.0
VILLANUEVA,2018,0.0,,,0.0
VILLANUEVA,2018,0.0,,,
VILLANUEVA,2018,0.0,,,0.0
VILLANUEVA,2018,0.0,,0.0,0.0
VILLANUEVA,2018,0.0,,0.0,0.0
VILLANUEVA,2018,0.0,,0.0,
VILLANUEVA,2018,0.0,,0.0,0.0
VILLANUEVA,2018,0.0,602378.14,0.0,0.0
VILLANUEVA,2018,0.0,602378.14,0.0,0.0
VILLANUEVA,2018,0.0,602378.14,0.0,
VILLANUEVA,2018,0.0,602378.14,0.0,0.0
VILLANUEVA,2018,0.0,602378.14,0.0,0.0
VILLANUEVA,2018,0.0,602378.14,0.0,0.0
VILLANUEVA,2018,0.0,602378.14,0.0,
VILLANUEVA,2018,0.0,602378.14,0.0,0.0
VILLANUEVA,2018,0.0,602378.14,,0.0
VILLANUEVA,2018,0.0,602378.14,,0.0
VILLANUEVA,2018,0.0,602378.14,,
VILLANUEVA,2018,0.0,602378.14,,0.0
VILLANUEVA,2018,0.0,602378.14,0.0,0.0
VILLANUEVA,2018,0.0,602378.14,0.0,0.0
VILLANUEVA,2018,0.0,602378.14,0.0,
VILLANUEVA,2018,0.0,602378.14,0.0,0.0
VILLANUEVA,2019,0.0,0.0,0.0,0.0
VILLANUEVA,2019,0.0,0.0,0.0,0.0
VILLANUEVA,2019,0.0,0.0,0.0,
VILLANUEVA,2019,0.0,0.0,0.0,0.0
VILLANUEVA,2019,0.0,0.0,0.0,0.0
VILLANUEVA,2019,0.0,0.0,0.0,0.0
VILLANUEVA,2019,0.0,0.0,0.0,
VILLANUEVA,2019,0.0,0.0,0.0,0.0
VILLANUEVA,2019,0.0,0.0,,0.0
VILLANUEVA,2019,0.0,0.0,,0.0
VILLANUEVA,2019,0.0,0.0,,
VILLANUEVA,2019,0.0,0.0,,0.0
VILLANUEVA,2019,0.0,0.0,0.0,0.0
VILLANUEVA,2019,0.0,0.0,0.0,0.0
VILLANUEVA,2019,0.0,0.0,0.0,
VILLANUEVA,2019,0.0,0.0,0.0,0.0
VILLANUEVA,2019,0.0,0.0,0.0,0.0
VILLANUEVA,2019,0.0,0.0,0.0,0.0
VILLANUEVA,2019,0.0,0.0,0.0,
VILLANUEVA,2019,0.0,0.0,0.0,0.0
VILLANUEVA,2019,0.0,0.0,0.0,0.0
VILLANUEVA,2019,0.0,0.0,0.0,0.0
VILLANUEVA,2019,0.0,0.0,0.0,
VILLANUEVA,2019,0.0,0.0,0.0,0.0
VILLANUEVA,2019,0.0,0.0,,0.0
VILLANUEVA,2019,0.0,0.0,,0.0
VILLANUEVA,2019,0.0,0.0,,
VILLANUEVA,2019,0.0,0.0,,0.0
VILLANUEVA,2019,0.0,0.0,0.0,0.0
VILLANUEVA,2019,0.0,0.0,0.0,0.0
VILLANUEVA,2019,0.0,0.0,0.0,
VILLANUEVA,2019,0.0,0.0,0.0,0.0
VILLANUEVA,2019,0.0,,0.0,0.0
VILLANUEVA,2019,0.0,,0.0,0.0
VILLANUEVA,2019,0.0,,0.0,
VILLANUEVA,2019,0.0,,0.0,0.0
VILLANUEVA,2019,0.0,,0.0,0.0
VILLANUEVA,2019,0.0,,0.0,0.0
VILLANUEVA,2019,0.0,,0.0,
VILLANUEVA,2019,0.0,,0.0,0.0
VILLANUEVA,2019,0.0,,,0.0
VILLANUEVA,2019,0.0,,,0.0
VILLANUEVA,2019,0.0,,,
VILLANUEVA,2019,0.0,,,0.0
VILLANUEVA,2019,0.0,,0.0,0.0
VILLANUEVA,2019,0.0,,0.0,0.0
VILLANUEVA,2019,0.0,,0.0,
VILLANUEVA,2019,0.0,,0.0,0.0
VILLANUEVA,2019,0.0,0.0,0.0,0.0
VILLANUEVA,2019,0.0,0.0,0.0,0.0
VILLANUEVA,2019,0.0,0.0,0.0,
VILLANUEVA,2019,0.0,0.0,0.0,0.0
VILLANUEVA,2019,0.0,0.0,0.0,0.0
VILLANUEVA,2019,0.0,0.0,0.0,0.0
VILLANUEVA,2019,0.0,0.0,0.0,
VILLANUEVA,2019,0.0,0.0,0.0,0.0
VILLANUEVA,2019,0.0,0.0,,0.0
VILLANUEVA,2019,0.0,0.0,,0.0
VILLANUEVA,2019,0.0,0.0,,
VILLANUEVA,2019,0.0,0.0,,0.0
VILLANUEVA,2019,0.0,0.0,0.0,0.0
VILLANUEVA,2019,0.0,0.0,0.0,0.0
VILLANUEVA,2019,0.0,0.0,0.0,
VILLANUEVA,2019,0.0,0.0,0.0,0.0
VILLANUEVA,2019,0.0,0.0,0.0,0.0
VILLANUEVA,2019,0.0,0.0,0.0,0.0
VILLANUEVA,2019,0.0,0.0,0.0,
VILLANUEVA,2019,0.0,0.0,0.0,0.0
VILLANUEVA,2019,0.0,0.0,0.0,0.0
VILLANUEVA,2019,0.0,0.0,0.0,0.0
VILLANUEVA,2019,0.0,0.0,0.0,
VILLANUEVA,2019,0.0,0.0,0.0,0.0
VILLANUEVA,2019,0.0,0.0,,0.0
VILLANUEVA,2019,0.0,0.0,,0.0
VILLANUEVA,2019,0.0,0.0,,
VILLANUEVA,2019,0.0,0.0,,0.0
VILLANUEVA,2019,0.0,0.0,0.0,0.0
VILLANUEVA,2019,0.0,0.0,0.0,0.0
VILLANUEVA,2019,0.0,0.0,0.0,
VILLANUEVA,2019,0.0,0.0,0.0,0.0
VILLANUEVA,2019,0.0,0.0,0.0,0.0
VILLANUEVA,2019,0.0,0.0,0.0,0.0
VILLANUEVA,2019,0.0,0.0,0.0,
VILLANUEVA,2019,0.0,0.0,0.0,0.0
VILLANUEVA,2019,0.0,0.0,0.0,0.0
VILLANUEVA,2019,0.0,0.0,0.0,0.0
VILLANUEVA,2019,0.0,0.0,0.0,
VILLANUEVA,2019,0.0,0.0,0.0,0.0
VILLANUEVA,2019,0.0,0.0,,0.0
VILLANUEVA,2019,0.0,0.0,,0.0
VILLANUEVA,2019,0.0,0.0,,
VILLANUEVA,2019,0.0,0.0,,0.0
VILLANUEVA,2019,0.0,0.0,0.0,0.0
VILLANUEVA,2019,0.0,0.0,0.0,0.0
VILLANUEVA,2019,0.0,0.0,0.0,
VILLANUEVA,2019,0.0,0.0,0.0,0.0
VILLANUEVA,2019,0.0,,0.0,0.0
VILLANUEVA,2019,0.0,,0.0,0.0
VILLANUEVA,2019,0.0,,0.0,
VILLANUEVA,2019,0.0,,0.0,0.0
VILLANUEVA,2019,0.0,,0.0,0.0
VILLANUEVA,2019,0.0,,0.0,0.0
VILLANUEVA,2019,0.0,,0.0,
VILLANUEVA,2019,0.0,,0.0,0.0
VILLANUEVA,2019,0.0,,,0.0
VILLANUEVA,2019,0.0,,,0.0
VILLANUEVA,2019,0.0,,,
VILLANUEVA,2019,0.0,,,0.0
VILLANUEVA,2019,0.0,,0.0,0.0
VILLANUEVA,2019,0.0,,0.0,0.0
VILLANUEVA,2019,0.0,,0.0,
VILLANUEVA,2019,0.0,,0.0,0.0
VILLANUEVA,2019,0.0,0.0,0.0,0.0
VILLANUEVA,2019,0.0,0.0,0.0,0.0
VILLANUEVA,2019,0.0,0.0,0.0,
VILLANUEVA,2019,0.0,0.0,0.0,0.0
VILLANUEVA,2019,0.0,0.0,0.0,0.0
VILLANUEVA,2019,0.0,0.0,0.0,0.0
VILLANUEVA,2019,0.0,0.0,0.0,
VILLANUEVA,2019,0.0,0.0,0.0,0.0
VILLANUEVA,2019,0.0,0.0,,0.0
VILLANUEVA,2019,0.0,0.0,,0.0
VILLANUEVA,2019,0.0,0.0,,
VILLANUEVA,2019,0.0,0.0,,0.0
VILLANUEVA,2019,0.0,0.0,0.0,0.0
VILLANUEVA,2019,0.0,0.0,0.0,0.0
VILLANUEVA,2019,0.0,0.0,0.0,
VILLANUEVA,2019,0.0,0.0,0.0,0.0
VILLANUEVA,2019,,0.0,0.0,0.0
VILLANUEVA,2019,,0.0,0.0,0.0
VILLANUEVA,2019,,0.0,0.0,
VILLANUEVA,2019,,0.0,0.0,0.0
VILLANUEVA,2019,,0.0,0.0,0.0
VILLANUEVA,2019,,0.0,0.0,0.0
VILLANUEVA,2019,,0.0,0.0,
VILLANUEVA,2019,,0.0,0.0,0.0
VILLANUEVA,2019,,0.0,,0.0
VILLANUEVA,2019,,0.0,,0.0
VILLANUEVA,2019,,0.0,,
VILLANUEVA,2019,,0.0,,0.0
VILLANUEVA,2019,,0.0,0.0,0.0
VILLANUEVA,2019,,0.0,0.0,0.0
VILLANUEVA,2019,,0.0,0.0,
VILLANUEVA,2019,,0.0,0.0,0.0
VILLANUEVA,2019,,0.0,0.0,0.0
VILLANUEVA,2019,,0.0,0.0,0.0
VILLANUEVA,2019,,0.0,0.0,
VILLANUEVA,2019,,0.0,0.0,0.0
VILLANUEVA,2019,,0.0,0.0,0.0
VILLANUEVA,2019,,0.0,0.0,0.0
VILLANUEVA,2019,,0.0,0.0,
VILLANUEVA,2019,,0.0,0.0,0.0
VILLANUEVA,2019,,0.0,,0.0
VILLANUEVA,2019,,0.0,,0.0
VILLANUEVA,2019,,0.0,,
VILLANUEVA,2019,,0.0,,0.0
VILLANUEVA,2019,,0.0,0.0,0.0
VILLANUEVA,2019,,0.0,0.0,0.0
VILLANUEVA,2019,,0.0,0.0,
VILLANUEVA,2019,,0.0,0.0,0.0
VILLANUEVA,2019,,,0.0,0.0
VILLANUEVA,2019,,,0.0,0.0
VILLANUEVA,2019,,,0.0,
VILLANUEVA,2019,,,0.0,0.0
VILLANUEVA,2019,,,0.0,0.0
VILLANUEVA,2019,,,0.0,0.0
VILLANUEVA,2019,,,0.0,
VILLANUEVA,2019,,,0.0,0.0
VILLANUEVA,2019,,,,0.0
VILLANUEVA,2019,,,,0.0
VILLANUEVA,2019,,,,
VILLANUEVA,2019,,,,0.0
VILLANUEVA,2019,,,0.0,0.0
VILLANUEVA,2019,,,0.0,0.0
VILLANUEVA,2019,,,0.0,
VILLANUEVA,2019,,,0.0,0.0
VILLANUEVA,2019,,0.0,0.0,0.0
VILLANUEVA,2019,,0.0,0.0,0.0
VILLANUEVA,2019,,0.0,0.0,
VILLANUEVA,2019,,0.0,0.0,0.0
VILLANUEVA,2019,,0.0,0.0,0.0
VILLANUEVA,2019,,0.0,0.0,0.0
VILLANUEVA,2019,,0.0,0.0,
VILLANUEVA,2019,,0.0,0.0,0.0
VILLANUEVA,2019,,0.0,,0.0
VILLANUEVA,2019,,0.0,,0.0
VILLANUEVA,2019,,0.0,,
VILLANUEVA,2019,,0.0,,0.0
VILLANUEVA,2019,,0.0,0.0,0.0
VILLANUEVA,2019,,0.0,0.0,0.0
VILLANUEVA,2019,,0.0,0.0,
VILLANUEVA,2019,,0.0,0.0,0.0
VILLANUEVA,2019,0.0,0.0,0.0,0.0
VILLANUEVA,2019,0.0,0.0,0.0,0.0
VILLANUEVA,2019,0.0,0.0,0.0,
VILLANUEVA,2019,0.0,0.0,0.0,0.0
VILLANUEVA,2019,0.0,0.0,0.0,0.0
VILLANUEVA,2019,0.0,0.0,0.0,0.0
VILLANUEVA,2019,0.0,0.0,0.0,
VILLANUEVA,2019,0.0,0.0,0.0,0.0
VILLANUEVA,2019,0.0,0.0,,0.0
VILLANUEVA,2019,0.0,0.0,,0.0
VILLANUEVA,2019,0.0,0.0,,
VILLANUEVA,2019,0.0,0.0,,0.0
VILLANUEVA,2019,0.0,0.0,0.0,0.0
VILLANUEVA,2019,0.0,0.0,0.0,0.0
VILLANUEVA,2019,0.0,0.0,0.0,
VILLANUEVA,2019,0.0,0.0,0.0,0.0
VILLANUEVA,2019,0.0,0.0,0.0,0.0
VILLANUEVA,2019,0.0,0.0,0.0,0.0
VILLANUEVA,2019,0.0,0.0,0.0,
VILLANUEVA,2019,0.0,0.0,0.0,0.0
VILLANUEVA,2019,0.0,0.0,0.0,0.0
VILLANUEVA,2019,0.0,0.0,0.0,0.0
VILLANUEVA,2019,0.0,0.0,0.0,
VILLANUEVA,2019,0.0,0.0,0.0,0.0
VILLANUEVA,2019,0.0,0.0,,0.0
VILLANUEVA,2019,0.0,0.0,,0.0
VILLANUEVA,2019,0.0,0.0,,
VILLANUEVA,2019,0.0,0.0,,0.0
VILLANUEVA,2019,0.0,0.0,0.0,0.0
VILLANUEVA,2019,0.0,0.0,0.0,0.0
VILLANUEVA,2019,0.0,0.0,0.0,
VILLANUEVA,2019,0.0,0.0,0.0,0.0
VILLANUEVA,2019,0.0,,0.0,0.0
VILLANUEVA,2019,0.0,,0.0,0.0
VILLANUEVA,2019,0.0,,0.0,
VILLANUEVA,2019,0.0,,0.0,0.0
VILLANUEVA,2019,0.0,,0.0,0.0
VILLANUEVA,2019,0.0,,0.0,0.0
VILLANUEVA,2019,0.0,,0.0,
VILLANUEVA,2019,0.0,,0.0,0.0
VILLANUEVA,2019,0.0,,,0.0
VILLANUEVA,2019,0.0,,,0.0
VILLANUEVA,2019,0.0,,,
VILLANUEVA,2019,0.0,,,0.0
VILLANUEVA,2019,0.0,,0.0,0.0
VILLANUEVA,2019,0.0,,0.0,0.0
VILLANUEVA,2019,0.0,,0.0,
VILLANUEVA,2019,0.0,,0.0,0.0
VILLANUEVA,2019,0.0,0.0,0.0,0.0
VILLANUEVA,2019,0.0,0.0,0.0,0.0
VILLANUEVA,2019,0.0,0.0,0.0,
VILLANUEVA,2019,0.0,0.0,0.0,0.0
VILLANUEVA,2019,0.0,0.0,0.0,0.0
VILLANUEVA,2019,0.0,0.0,0.0,0.0
VILLANUEVA,2019,0.0,0.0,0.0,
VILLANUEVA,2019,0.0,0.0,0.0,0.0
VILLANUEVA,2019,0.0,0.0,,0.0
VILLANUEVA,2019,0.0,0.0,,0.0
VILLANUEVA,2019,0.0,0.0,,
VILLANUEVA,2019,0.0,0.0,,0.0
VILLANUEVA,2019,0.0,0.0,0.0,0.0
VILLANUEVA,2019,0.0,0.0,0.0,0.0
VILLANUEVA,2019,0.0,0.0,0.0,
VILLANUEVA,2019,0.0,0.0,0.0,0.0
VILLANUEVA,2020,0.0,0.0,0.0,0.0
VILLANUEVA,2020,0.0,0.0,0.0,0.0
VILLANUEVA,2020,0.0,0.0,0.0,
VILLANUEVA,2020,0.0,0.0,0.0,0.0
VILLANUEVA,2020,0.0,0.0,0.0,0.0
VILLANUEVA,2020,0.0,0.0,0.0,0.0
VILLANUEVA,2020,0.0,0.0,0.0,
VILLANUEVA,2020,0.0,0.0,0.0,0.0
VILLANUEVA,2020,0.0,0.0,,0.0
VILLANUEVA,2020,0.0,0.0,,0.0
VILLANUEVA,2020,0.0,0.0,,
VILLANUEVA,2020,0.0,0.0,,0.0
VILLANUEVA,2020,0.0,0.0,0.0,0.0
VILLANUEVA,2020,0.0,0.0,0.0,0.0
VILLANUEVA,2020,0.0,0.0,0.0,
VILLANUEVA,2020,0.0,0.0,0.0,0.0
VILLANUEVA,2020,0.0,0.0,0.0,0.0
VILLANUEVA,2020,0.0,0.0,0.0,0.0
VILLANUEVA,2020,0.0,0.0,0.0,
VILLANUEVA,2020,0.0,0.0,0.0,0.0
VILLANUEVA,2020,0.0,0.0,0.0,0.0
VILLANUEVA,2020,0.0,0.0,0.0,0.0
VILLANUEVA,2020,0.0,0.0,0.0,
VILLANUEVA,2020,0.0,0.0,0.0,0.0
VILLANUEVA,2020,0.0,0.0,,0.0
VILLANUEVA,2020,0.0,0.0,,0.0
VILLANUEVA,2020,0.0,0.0,,
VILLANUEVA,2020,0.0,0.0,,0.0
VILLANUEVA,2020,0.0,0.0,0.0,0.0
VILLANUEVA,2020,0.0,0.0,0.0,0.0
VILLANUEVA,2020,0.0,0.0,0.0,
VILLANUEVA,2020,0.0,0.0,0.0,0.0
VILLANUEVA,2020,0.0,,0.0,0.0
VILLANUEVA,2020,0.0,,0.0,0.0
VILLANUEVA,2020,0.0,,0.0,
VILLANUEVA,2020,0.0,,0.0,0.0
VILLANUEVA,2020,0.0,,0.0,0.0
VILLANUEVA,2020,0.0,,0.0,0.0
VILLANUEVA,2020,0.0,,0.0,
VILLANUEVA,2020,0.0,,0.0,0.0
VILLANUEVA,2020,0.0,,,0.0
VILLANUEVA,2020,0.0,,,0.0
VILLANUEVA,2020,0.0,,,
VILLANUEVA,2020,0.0,,,0.0
VILLANUEVA,2020,0.0,,0.0,0.0
VILLANUEVA,2020,0.0,,0.0,0.0
VILLANUEVA,2020,0.0,,0.0,
VILLANUEVA,2020,0.0,,0.0,0.0
VILLANUEVA,2020,0.0,0.0,0.0,0.0
VILLANUEVA,2020,0.0,0.0,0.0,0.0
VILLANUEVA,2020,0.0,0.0,0.0,
VILLANUEVA,2020,0.0,0.0,0.0,0.0
VILLANUEVA,2020,0.0,0.0,0.0,0.0
VILLANUEVA,2020,0.0,0.0,0.0,0.0
VILLANUEVA,2020,0.0,0.0,0.0,
VILLANUEVA,2020,0.0,0.0,0.0,0.0
VILLANUEVA,2020,0.0,0.0,,0.0
VILLANUEVA,2020,0.0,0.0,,0.0
VILLANUEVA,2020,0.0,0.0,,
VILLANUEVA,2020,0.0,0.0,,0.0
VILLANUEVA,2020,0.0,0.0,0.0,0.0
VILLANUEVA,2020,0.0,0.0,0.0,0.0
VILLANUEVA,2020,0.0,0.0,0.0,
VILLANUEVA,2020,0.0,0.0,0.0,0.0
VILLANUEVA,2020,0.0,0.0,0.0,0.0
VILLANUEVA,2020,0.0,0.0,0.0,0.0
VILLANUEVA,2020,0.0,0.0,0.0,
VILLANUEVA,2020,0.0,0.0,0.0,0.0
VILLANUEVA,2020,0.0,0.0,0.0,0.0
VILLANUEVA,2020,0.0,0.0,0.0,0.0
VILLANUEVA,2020,0.0,0.0,0.0,
VILLANUEVA,2020,0.0,0.0,0.0,0.0
VILLANUEVA,2020,0.0,0.0,,0.0
VILLANUEVA,2020,0.0,0.0,,0.0
VILLANUEVA,2020,0.0,0.0,,
VILLANUEVA,2020,0.0,0.0,,0.0
VILLANUEVA,2020,0.0,0.0,0.0,0.0
VILLANUEVA,2020,0.0,0.0,0.0,0.0
VILLANUEVA,2020,0.0,0.0,0.0,
VILLANUEVA,2020,0.0,0.0,0.0,0.0
VILLANUEVA,2020,0.0,0.0,0.0,0.0
VILLANUEVA,2020,0.0,0.0,0.0,0.0
VILLANUEVA,2020,0.0,0.0,0.0,
VILLANUEVA,2020,0.0,0.0,0.0,0.0
VILLANUEVA,2020,0.0,0.0,0.0,0.0
VILLANUEVA,2020,0.0,0.0,0.0,0.0
VILLANUEVA,2020,0.0,0.0,0.0,
VILLANUEVA,2020,0.0,0.0,0.0,0.0
VILLANUEVA,2020,0.0,0.0,,0.0
VILLANUEVA,2020,0.0,0.0,,0.0
VILLANUEVA,2020,0.0,0.0,,
VILLANUEVA,2020,0.0,0.0,,0.0
VILLANUEVA,2020,0.0,0.0,0.0,0.0
VILLANUEVA,2020,0.0,0.0,0.0,0.0
VILLANUEVA,2020,0.0,0.0,0.0,
VILLANUEVA,2020,0.0,0.0,0.0,0.0
VILLANUEVA,2020,0.0,,0.0,0.0
VILLANUEVA,2020,0.0,,0.0,0.0
VILLANUEVA,2020,0.0,,0.0,
VILLANUEVA,2020,0.0,,0.0,0.0
VILLANUEVA,2020,0.0,,0.0,0.0
VILLANUEVA,2020,0.0,,0.0,0.0
VILLANUEVA,2020,0.0,,0.0,
VILLANUEVA,2020,0.0,,0.0,0.0
VILLANUEVA,2020,0.0,,,0.0
VILLANUEVA,2020,0.0,,,0.0
VILLANUEVA,2020,0.0,,,
VILLANUEVA,2020,0.0,,,0.0
VILLANUEVA,2020,0.0,,0.0,0.0
VILLANUEVA,2020,0.0,,0.0,0.0
VILLANUEVA,2020,0.0,,0.0,
VILLANUEVA,2020,0.0,,0.0,0.0
VILLANUEVA,2020,0.0,0.0,0.0,0.0
VILLANUEVA,2020,0.0,0.0,0.0,0.0
VILLANUEVA,2020,0.0,0.0,0.0,
VILLANUEVA,2020,0.0,0.0,0.0,0.0
VILLANUEVA,2020,0.0,0.0,0.0,0.0
VILLANUEVA,2020,0.0,0.0,0.0,0.0
VILLANUEVA,2020,0.0,0.0,0.0,
VILLANUEVA,2020,0.0,0.0,0.0,0.0
VILLANUEVA,2020,0.0,0.0,,0.0
VILLANUEVA,2020,0.0,0.0,,0.0
VILLANUEVA,2020,0.0,0.0,,
VILLANUEVA,2020,0.0,0.0,,0.0
VILLANUEVA,2020,0.0,0.0,0.0,0.0
VILLANUEVA,2020,0.0,0.0,0.0,0.0
VILLANUEVA,2020,0.0,0.0,0.0,
VILLANUEVA,2020,0.0,0.0,0.0,0.0
VILLANUEVA,2020,,0.0,0.0,0.0
VILLANUEVA,2020,,0.0,0.0,0.0
VILLANUEVA,2020,,0.0,0.0,
VILLANUEVA,2020,,0.0,0.0,0.0
VILLANUEVA,2020,,0.0,0.0,0.0
VILLANUEVA,2020,,0.0,0.0,0.0
VILLANUEVA,2020,,0.0,0.0,
VILLANUEVA,2020,,0.0,0.0,0.0
VILLANUEVA,2020,,0.0,,0.0
VILLANUEVA,2020,,0.0,,0.0
VILLANUEVA,2020,,0.0,,
VILLANUEVA,2020,,0.0,,0.0
VILLANUEVA,2020,,0.0,0.0,0.0
VILLANUEVA,2020,,0.0,0.0,0.0
VILLANUEVA,2020,,0.0,0.0,
VILLANUEVA,2020,,0.0,0.0,0.0
VILLANUEVA,2020,,0.0,0.0,0.0
VILLANUEVA,2020,,0.0,0.0,0.0
VILLANUEVA,2020,,0.0,0.0,
VILLANUEVA,2020,,0.0,0.0,0.0
VILLANUEVA,2020,,0.0,0.0,0.0
VILLANUEVA,2020,,0.0,0.0,0.0
VILLANUEVA,2020,,0.0,0.0,
VILLANUEVA,2020,,0.0,0.0,0.0
VILLANUEVA,2020,,0.0,,0.0
VILLANUEVA,2020,,0.0,,0.0
VILLANUEVA,2020,,0.0,,
VILLANUEVA,2020,,0.0,,0.0
VILLANUEVA,2020,,0.0,0.0,0.0
VILLANUEVA,2020,,0.0,0.0,0.0
VILLANUEVA,2020,,0.0,0.0,
VILLANUEVA,2020,,0.0,0.0,0.0
VILLANUEVA,2020,,,0.0,0.0
VILLANUEVA,2020,,,0.0,0.0
VILLANUEVA,2020,,,0.0,
VILLANUEVA,2020,,,0.0,0.0
VILLANUEVA,2020,,,0.0,0.0
VILLANUEVA,2020,,,0.0,0.0
VILLANUEVA,2020,,,0.0,
VILLANUEVA,2020,,,0.0,0.0
VILLANUEVA,2020,,,,0.0
VILLANUEVA,2020,,,,0.0
VILLANUEVA,2020,,,,
VILLANUEVA,2020,,,,0.0
VILLANUEVA,2020,,,0.0,0.0
VILLANUEVA,2020,,,0.0,0.0
VILLANUEVA,2020,,,0.0,
VILLANUEVA,2020,,,0.0,0.0
VILLANUEVA,2020,,0.0,0.0,0.0
VILLANUEVA,2020,,0.0,0.0,0.0
VILLANUEVA,2020,,0.0,0.0,
VILLANUEVA,2020,,0.0,0.0,0.0
VILLANUEVA,2020,,0.0,0.0,0.0
VILLANUEVA,2020,,0.0,0.0,0.0
VILLANUEVA,2020,,0.0,0.0,
VILLANUEVA,2020,,0.0,0.0,0.0
VILLANUEVA,2020,,0.0,,0.0
VILLANUEVA,2020,,0.0,,0.0
VILLANUEVA,2020,,0.0,,
VILLANUEVA,2020,,0.0,,0.0
VILLANUEVA,2020,,0.0,0.0,0.0
VILLANUEVA,2020,,0.0,0.0,0.0
VILLANUEVA,2020,,0.0,0.0,
VILLANUEVA,2020,,0.0,0.0,0.0
VILLANUEVA,2020,0.0,0.0,0.0,0.0
VILLANUEVA,2020,0.0,0.0,0.0,0.0
VILLANUEVA,2020,0.0,0.0,0.0,
VILLANUEVA,2020,0.0,0.0,0.0,0.0
VILLANUEVA,2020,0.0,0.0,0.0,0.0
VILLANUEVA,2020,0.0,0.0,0.0,0.0
VILLANUEVA,2020,0.0,0.0,0.0,
VILLANUEVA,2020,0.0,0.0,0.0,0.0
VILLANUEVA,2020,0.0,0.0,,0.0
VILLANUEVA,2020,0.0,0.0,,0.0
VILLANUEVA,2020,0.0,0.0,,
VILLANUEVA,2020,0.0,0.0,,0.0
VILLANUEVA,2020,0.0,0.0,0.0,0.0
VILLANUEVA,2020,0.0,0.0,0.0,0.0
VILLANUEVA,2020,0.0,0.0,0.0,
VILLANUEVA,2020,0.0,0.0,0.0,0.0
VILLANUEVA,2020,0.0,0.0,0.0,0.0
VILLANUEVA,2020,0.0,0.0,0.0,0.0
VILLANUEVA,2020,0.0,0.0,0.0,
VILLANUEVA,2020,0.0,0.0,0.0,0.0
VILLANUEVA,2020,0.0,0.0,0.0,0.0
VILLANUEVA,2020,0.0,0.0,0.0,0.0
VILLANUEVA,2020,0.0,0.0,0.0,
VILLANUEVA,2020,0.0,0.0,0.0,0.0
VILLANUEVA,2020,0.0,0.0,,0.0
VILLANUEVA,2020,0.0,0.0,,0.0
VILLANUEVA,2020,0.0,0.0,,
VILLANUEVA,2020,0.0,0.0,,0.0
VILLANUEVA,2020,0.0,0.0,0.0,0.0
VILLANUEVA,2020,0.0,0.0,0.0,0.0
VILLANUEVA,2020,0.0,0.0,0.0,
VILLANUEVA,2020,0.0,0.0,0.0,0.0
VILLANUEVA,2020,0.0,,0.0,0.0
VILLANUEVA,2020,0.0,,0.0,0.0
VILLANUEVA,2020,0.0,,0.0,
VILLANUEVA,2020,0.0,,0.0,0.0
VILLANUEVA,2020,0.0,,0.0,0.0
VILLANUEVA,2020,0.0,,0.0,0.0
VILLANUEVA,2020,0.0,,0.0,
VILLANUEVA,2020,0.0,,0.0,0.0
VILLANUEVA,2020,0.0,,,0.0
VILLANUEVA,2020,0.0,,,0.0
VILLANUEVA,2020,0.0,,,
VILLANUEVA,2020,0.0,,,0.0
VILLANUEVA,2020,0.0,,0.0,0.0
VILLANUEVA,2020,0.0,,0.0,0.0
VILLANUEVA,2020,0.0,,0.0,
VILLANUEVA,2020,0.0,,0.0,0.0
VILLANUEVA,2020,0.0,0.0,0.0,0.0
VILLANUEVA,2020,0.0,0.0,0.0,0.0
VILLANUEVA,2020,0.0,0.0,0.0,
VILLANUEVA,2020,0.0,0.0,0.0,0.0
VILLANUEVA,2020,0.0,0.0,0.0,0.0
VILLANUEVA,2020,0.0,0.0,0.0,0.0
VILLANUEVA,2020,0.0,0.0,0.0,
VILLANUEVA,2020,0.0,0.0,0.0,0.0
VILLANUEVA,2020,0.0,0.0,,0.0
VILLANUEVA,2020,0.0,0.0,,0.0
VILLANUEVA,2020,0.0,0.0,,
VILLANUEVA,2020,0.0,0.0,,0.0
VILLANUEVA,2020,0.0,0.0,0.0,0.0
VILLANUEVA,2020,0.0,0.0,0.0,0.0
VILLANUEVA,2020,0.0,0.0,0.0,
VILLANUEVA,2020,0.0,0.0,0.0,0.0
VILLANUEVA,2021,0.0,0.0,0.0,0.0
VILLANUEVA,2021,0.0,0.0,0.0,0.0
VILLANUEVA,2021,0.0,0.0,0.0,
VILLANUEVA,2021,0.0,0.0,0.0,0.0
VILLANUEVA,2021,0.0,0.0,0.0,0.0
VILLANUEVA,2021,0.0,0.0,0.0,0.0
VILLANUEVA,2021,0.0,0.0,0.0,
VILLANUEVA,2021,0.0,0.0,0.0,0.0
VILLANUEVA,2021,0.0,0.0,,0.0
VILLANUEVA,2021,0.0,0.0,,0.0
VILLANUEVA,2021,0.0,0.0,,
VILLANUEVA,2021,0.0,0.0,,0.0
VILLANUEVA,2021,0.0,0.0,0.0,0.0
VILLANUEVA,2021,0.0,0.0,0.0,0.0
VILLANUEVA,2021,0.0,0.0,0.0,
VILLANUEVA,2021,0.0,0.0,0.0,0.0
VILLANUEVA,2021,0.0,0.0,0.0,0.0
VILLANUEVA,2021,0.0,0.0,0.0,0.0
VILLANUEVA,2021,0.0,0.0,0.0,
VILLANUEVA,2021,0.0,0.0,0.0,0.0
VILLANUEVA,2021,0.0,0.0,0.0,0.0
VILLANUEVA,2021,0.0,0.0,0.0,0.0
VILLANUEVA,2021,0.0,0.0,0.0,
VILLANUEVA,2021,0.0,0.0,0.0,0.0
VILLANUEVA,2021,0.0,0.0,,0.0
VILLANUEVA,2021,0.0,0.0,,0.0
VILLANUEVA,2021,0.0,0.0,,
VILLANUEVA,2021,0.0,0.0,,0.0
VILLANUEVA,2021,0.0,0.0,0.0,0.0
VILLANUEVA,2021,0.0,0.0,0.0,0.0
VILLANUEVA,2021,0.0,0.0,0.0,
VILLANUEVA,2021,0.0,0.0,0.0,0.0
VILLANUEVA,2021,0.0,,0.0,0.0
VILLANUEVA,2021,0.0,,0.0,0.0
VILLANUEVA,2021,0.0,,0.0,
VILLANUEVA,2021,0.0,,0.0,0.0
VILLANUEVA,2021,0.0,,0.0,0.0
VILLANUEVA,2021,0.0,,0.0,0.0
VILLANUEVA,2021,0.0,,0.0,
VILLANUEVA,2021,0.0,,0.0,0.0
VILLANUEVA,2021,0.0,,,0.0
VILLANUEVA,2021,0.0,,,0.0
VILLANUEVA,2021,0.0,,,
VILLANUEVA,2021,0.0,,,0.0
VILLANUEVA,2021,0.0,,0.0,0.0
VILLANUEVA,2021,0.0,,0.0,0.0
VILLANUEVA,2021,0.0,,0.0,
VILLANUEVA,2021,0.0,,0.0,0.0
VILLANUEVA,2021,0.0,0.0,0.0,0.0
VILLANUEVA,2021,0.0,0.0,0.0,0.0
VILLANUEVA,2021,0.0,0.0,0.0,
VILLANUEVA,2021,0.0,0.0,0.0,0.0
VILLANUEVA,2021,0.0,0.0,0.0,0.0
VILLANUEVA,2021,0.0,0.0,0.0,0.0
VILLANUEVA,2021,0.0,0.0,0.0,
VILLANUEVA,2021,0.0,0.0,0.0,0.0
VILLANUEVA,2021,0.0,0.0,,0.0
VILLANUEVA,2021,0.0,0.0,,0.0
VILLANUEVA,2021,0.0,0.0,,
VILLANUEVA,2021,0.0,0.0,,0.0
VILLANUEVA,2021,0.0,0.0,0.0,0.0
VILLANUEVA,2021,0.0,0.0,0.0,0.0
VILLANUEVA,2021,0.0,0.0,0.0,
VILLANUEVA,2021,0.0,0.0,0.0,0.0
VILLANUEVA,2021,0.0,0.0,0.0,0.0
VILLANUEVA,2021,0.0,0.0,0.0,0.0
VILLANUEVA,2021,0.0,0.0,0.0,
VILLANUEVA,2021,0.0,0.0,0.0,0.0
VILLANUEVA,2021,0.0,0.0,0.0,0.0
VILLANUEVA,2021,0.0,0.0,0.0,0.0
VILLANUEVA,2021,0.0,0.0,0.0,
VILLANUEVA,2021,0.0,0.0,0.0,0.0
VILLANUEVA,2021,0.0,0.0,,0.0
VILLANUEVA,2021,0.0,0.0,,0.0
VILLANUEVA,2021,0.0,0.0,,
VILLANUEVA,2021,0.0,0.0,,0.0
VILLANUEVA,2021,0.0,0.0,0.0,0.0
VILLANUEVA,2021,0.0,0.0,0.0,0.0
VILLANUEVA,2021,0.0,0.0,0.0,
VILLANUEVA,2021,0.0,0.0,0.0,0.0
VILLANUEVA,2021,0.0,0.0,0.0,0.0
VILLANUEVA,2021,0.0,0.0,0.0,0.0
VILLANUEVA,2021,0.0,0.0,0.0,
VILLANUEVA,2021,0.0,0.0,0.0,0.0
VILLANUEVA,2021,0.0,0.0,0.0,0.0
VILLANUEVA,2021,0.0,0.0,0.0,0.0
VILLANUEVA,2021,0.0,0.0,0.0,
VILLANUEVA,2021,0.0,0.0,0.0,0.0
VILLANUEVA,2021,0.0,0.0,,0.0
VILLANUEVA,2021,0.0,0.0,,0.0
VILLANUEVA,2021,0.0,0.0,,
VILLANUEVA,2021,0.0,0.0,,0.0
VILLANUEVA,2021,0.0,0.0,0.0,0.0
VILLANUEVA,2021,0.0,0.0,0.0,0.0
VILLANUEVA,2021,0.0,0.0,0.0,
VILLANUEVA,2021,0.0,0.0,0.0,0.0
VILLANUEVA,2021,0.0,,0.0,0.0
VILLANUEVA,2021,0.0,,0.0,0.0
VILLANUEVA,2021,0.0,,0.0,
VILLANUEVA,2021,0.0,,0.0,0.0
VILLANUEVA,2021,0.0,,0.0,0.0
VILLANUEVA,2021,0.0,,0.0,0.0
VILLANUEVA,2021,0.0,,0.0,
VILLANUEVA,2021,0.0,,0.0,0.0
VILLANUEVA,2021,0.0,,,0.0
VILLANUEVA,2021,0.0,,,0.0
VILLANUEVA,2021,0.0,,,
VILLANUEVA,2021,0.0,,,0.0
VILLANUEVA,2021,0.0,,0.0,0.0
VILLANUEVA,2021,0.0,,0.0,0.0
VILLANUEVA,2021,0.0,,0.0,
VILLANUEVA,2021,0.0,,0.0,0.0
VILLANUEVA,2021,0.0,0.0,0.0,0.0
VILLANUEVA,2021,0.0,0.0,0.0,0.0
VILLANUEVA,2021,0.0,0.0,0.0,
VILLANUEVA,2021,0.0,0.0,0.0,0.0
VILLANUEVA,2021,0.0,0.0,0.0,0.0
VILLANUEVA,2021,0.0,0.0,0.0,0.0
VILLANUEVA,2021,0.0,0.0,0.0,
VILLANUEVA,2021,0.0,0.0,0.0,0.0
VILLANUEVA,2021,0.0,0.0,,0.0
VILLANUEVA,2021,0.0,0.0,,0.0
VILLANUEVA,2021,0.0,0.0,,
VILLANUEVA,2021,0.0,0.0,,0.0
VILLANUEVA,2021,0.0,0.0,0.0,0.0
VILLANUEVA,2021,0.0,0.0,0.0,0.0
VILLANUEVA,2021,0.0,0.0,0.0,
VILLANUEVA,2021,0.0,0.0,0.0,0.0
VILLANUEVA,2021,,0.0,0.0,0.0
VILLANUEVA,2021,,0.0,0.0,0.0
VILLANUEVA,2021,,0.0,0.0,
VILLANUEVA,2021,,0.0,0.0,0.0
VILLANUEVA,2021,,0.0,0.0,0.0
VILLANUEVA,2021,,0.0,0.0,0.0
VILLANUEVA,2021,,0.0,0.0,
VILLANUEVA,2021,,0.0,0.0,0.0
VILLANUEVA,2021,,0.0,,0.0
VILLANUEVA,2021,,0.0,,0.0
VILLANUEVA,2021,,0.0,,
VILLANUEVA,2021,,0.0,,0.0
VILLANUEVA,2021,,0.0,0.0,0.0
VILLANUEVA,2021,,0.0,0.0,0.0
VILLANUEVA,2021,,0.0,0.0,
VILLANUEVA,2021,,0.0,0.0,0.0
VILLANUEVA,2021,,0.0,0.0,0.0
VILLANUEVA,2021,,0.0,0.0,0.0
VILLANUEVA,2021,,0.0,0.0,
VILLANUEVA,2021,,0.0,0.0,0.0
VILLANUEVA,2021,,0.0,0.0,0.0
VILLANUEVA,2021,,0.0,0.0,0.0
VILLANUEVA,2021,,0.0,0.0,
VILLANUEVA,2021,,0.0,0.0,0.0
VILLANUEVA,2021,,0.0,,0.0
VILLANUEVA,2021,,0.0,,0.0
VILLANUEVA,2021,,0.0,,
VILLANUEVA,2021,,0.0,,0.0
VILLANUEVA,2021,,0.0,0.0,0.0
VILLANUEVA,2021,,0.0,0.0,0.0
VILLANUEVA,2021,,0.0,0.0,
VILLANUEVA,2021,,0.0,0.0,0.0
VILLANUEVA,2021,,,0.0,0.0
VILLANUEVA,2021,,,0.0,0.0
VILLANUEVA,2021,,,0.0,
VILLANUEVA,2021,,,0.0,0.0
VILLANUEVA,2021,,,0.0,0.0
VILLANUEVA,2021,,,0.0,0.0
VILLANUEVA,2021,,,0.0,
VILLANUEVA,2021,,,0.0,0.0
VILLANUEVA,2021,,,,0.0
VILLANUEVA,2021,,,,0.0
VILLANUEVA,2021,,,,
VILLANUEVA,2021,,,,0.0
VILLANUEVA,2021,,,0.0,0.0
VILLANUEVA,2021,,,0.0,0.0
VILLANUEVA,2021,,,0.0,
VILLANUEVA,2021,,,0.0,0.0
VILLANUEVA,2021,,0.0,0.0,0.0
VILLANUEVA,2021,,0.0,0.0,0.0
VILLANUEVA,2021,,0.0,0.0,
VILLANUEVA,2021,,0.0,0.0,0.0
VILLANUEVA,2021,,0.0,0.0,0.0
VILLANUEVA,2021,,0.0,0.0,0.0
VILLANUEVA,2021,,0.0,0.0,
VILLANUEVA,2021,,0.0,0.0,0.0
VILLANUEVA,2021,,0.0,,0.0
VILLANUEVA,2021,,0.0,,0.0
VILLANUEVA,2021,,0.0,,
VILLANUEVA,2021,,0.0,,0.0
VILLANUEVA,2021,,0.0,0.0,0.0
VILLANUEVA,2021,,0.0,0.0,0.0
VILLANUEVA,2021,,0.0,0.0,
VILLANUEVA,2021,,0.0,0.0,0.0
VILLANUEVA,2021,0.0,0.0,0.0,0.0
VILLANUEVA,2021,0.0,0.0,0.0,0.0
VILLANUEVA,2021,0.0,0.0,0.0,
VILLANUEVA,2021,0.0,0.0,0.0,0.0
VILLANUEVA,2021,0.0,0.0,0.0,0.0
VILLANUEVA,2021,0.0,0.0,0.0,0.0
VILLANUEVA,2021,0.0,0.0,0.0,
VILLANUEVA,2021,0.0,0.0,0.0,0.0
VILLANUEVA,2021,0.0,0.0,,0.0
VILLANUEVA,2021,0.0,0.0,,0.0
VILLANUEVA,2021,0.0,0.0,,
VILLANUEVA,2021,0.0,0.0,,0.0
VILLANUEVA,2021,0.0,0.0,0.0,0.0
VILLANUEVA,2021,0.0,0.0,0.0,0.0
VILLANUEVA,2021,0.0,0.0,0.0,
VILLANUEVA,2021,0.0,0.0,0.0,0.0
VILLANUEVA,2021,0.0,0.0,0.0,0.0
VILLANUEVA,2021,0.0,0.0,0.0,0.0
VILLANUEVA,2021,0.0,0.0,0.0,
VILLANUEVA,2021,0.0,0.0,0.0,0.0
VILLANUEVA,2021,0.0,0.0,0.0,0.0
VILLANUEVA,2021,0.0,0.0,0.0,0.0
VILLANUEVA,2021,0.0,0.0,0.0,
VILLANUEVA,2021,0.0,0.0,0.0,0.0
VILLANUEVA,2021,0.0,0.0,,0.0
VILLANUEVA,2021,0.0,0.0,,0.0
VILLANUEVA,2021,0.0,0.0,,
VILLANUEVA,2021,0.0,0.0,,0.0
VILLANUEVA,2021,0.0,0.0,0.0,0.0
VILLANUEVA,2021,0.0,0.0,0.0,0.0
VILLANUEVA,2021,0.0,0.0,0.0,
VILLANUEVA,2021,0.0,0.0,0.0,0.0
VILLANUEVA,2021,0.0,,0.0,0.0
VILLANUEVA,2021,0.0,,0.0,0.0
VILLANUEVA,2021,0.0,,0.0,
VILLANUEVA,2021,0.0,,0.0,0.0
VILLANUEVA,2021,0.0,,0.0,0.0
VILLANUEVA,2021,0.0,,0.0,0.0
VILLANUEVA,2021,0.0,,0.0,
VILLANUEVA,2021,0.0,,0.0,0.0
VILLANUEVA,2021,0.0,,,0.0
VILLANUEVA,2021,0.0,,,0.0
VILLANUEVA,2021,0.0,,,
VILLANUEVA,2021,0.0,,,0.0
VILLANUEVA,2021,0.0,,0.0,0.0
VILLANUEVA,2021,0.0,,0.0,0.0
VILLANUEVA,2021,0.0,,0.0,
VILLANUEVA,2021,0.0,,0.0,0.0
VILLANUEVA,2021,0.0,0.0,0.0,0.0
VILLANUEVA,2021,0.0,0.0,0.0,0.0
VILLANUEVA,2021,0.0,0.0,0.0,
VILLANUEVA,2021,0.0,0.0,0.0,0.0
VILLANUEVA,2021,0.0,0.0,0.0,0.0
VILLANUEVA,2021,0.0,0.0,0.0,0.0
VILLANUEVA,2021,0.0,0.0,0.0,
VILLANUEVA,2021,0.0,0.0,0.0,0.0
VILLANUEVA,2021,0.0,0.0,,0.0
VILLANUEVA,2021,0.0,0.0,,0.0
VILLANUEVA,2021,0.0,0.0,,
VILLANUEVA,2021,0.0,0.0,,0.0
VILLANUEVA,2021,0.0,0.0,0.0,0.0
VILLANUEVA,2021,0.0,0.0,0.0,0.0
VILLANUEVA,2021,0.0,0.0,0.0,
VILLANUEVA,2021,0.0,0.0,0.0,0.0
VILLANUEVA,2022,0.0,0.0,0.0,0.0
VILLANUEVA,2022,0.0,0.0,0.0,0.0
VILLANUEVA,2022,0.0,0.0,0.0,
VILLANUEVA,2022,0.0,0.0,0.0,0.0
VILLANUEVA,2022,0.0,0.0,0.0,0.0
VILLANUEVA,2022,0.0,0.0,0.0,0.0
VILLANUEVA,2022,0.0,0.0,0.0,
VILLANUEVA,2022,0.0,0.0,0.0,0.0
VILLANUEVA,2022,0.0,0.0,,0.0
VILLANUEVA,2022,0.0,0.0,,0.0
VILLANUEVA,2022,0.0,0.0,,
VILLANUEVA,2022,0.0,0.0,,0.0
VILLANUEVA,2022,0.0,0.0,0.0,0.0
VILLANUEVA,2022,0.0,0.0,0.0,0.0
VILLANUEVA,2022,0.0,0.0,0.0,
VILLANUEVA,2022,0.0,0.0,0.0,0.0
VILLANUEVA,2022,0.0,0.0,0.0,0.0
VILLANUEVA,2022,0.0,0.0,0.0,0.0
VILLANUEVA,2022,0.0,0.0,0.0,
VILLANUEVA,2022,0.0,0.0,0.0,0.0
VILLANUEVA,2022,0.0,0.0,0.0,0.0
VILLANUEVA,2022,0.0,0.0,0.0,0.0
VILLANUEVA,2022,0.0,0.0,0.0,
VILLANUEVA,2022,0.0,0.0,0.0,0.0
VILLANUEVA,2022,0.0,0.0,,0.0
VILLANUEVA,2022,0.0,0.0,,0.0
VILLANUEVA,2022,0.0,0.0,,
VILLANUEVA,2022,0.0,0.0,,0.0
VILLANUEVA,2022,0.0,0.0,0.0,0.0
VILLANUEVA,2022,0.0,0.0,0.0,0.0
VILLANUEVA,2022,0.0,0.0,0.0,
VILLANUEVA,2022,0.0,0.0,0.0,0.0
VILLANUEVA,2022,0.0,,0.0,0.0
VILLANUEVA,2022,0.0,,0.0,0.0
VILLANUEVA,2022,0.0,,0.0,
VILLANUEVA,2022,0.0,,0.0,0.0
VILLANUEVA,2022,0.0,,0.0,0.0
VILLANUEVA,2022,0.0,,0.0,0.0
VILLANUEVA,2022,0.0,,0.0,
VILLANUEVA,2022,0.0,,0.0,0.0
VILLANUEVA,2022,0.0,,,0.0
VILLANUEVA,2022,0.0,,,0.0
VILLANUEVA,2022,0.0,,,
VILLANUEVA,2022,0.0,,,0.0
VILLANUEVA,2022,0.0,,0.0,0.0
VILLANUEVA,2022,0.0,,0.0,0.0
VILLANUEVA,2022,0.0,,0.0,
VILLANUEVA,2022,0.0,,0.0,0.0
VILLANUEVA,2022,0.0,0.0,0.0,0.0
VILLANUEVA,2022,0.0,0.0,0.0,0.0
VILLANUEVA,2022,0.0,0.0,0.0,
VILLANUEVA,2022,0.0,0.0,0.0,0.0
VILLANUEVA,2022,0.0,0.0,0.0,0.0
VILLANUEVA,2022,0.0,0.0,0.0,0.0
VILLANUEVA,2022,0.0,0.0,0.0,
VILLANUEVA,2022,0.0,0.0,0.0,0.0
VILLANUEVA,2022,0.0,0.0,,0.0
VILLANUEVA,2022,0.0,0.0,,0.0
VILLANUEVA,2022,0.0,0.0,,
VILLANUEVA,2022,0.0,0.0,,0.0
VILLANUEVA,2022,0.0,0.0,0.0,0.0
VILLANUEVA,2022,0.0,0.0,0.0,0.0
VILLANUEVA,2022,0.0,0.0,0.0,
VILLANUEVA,2022,0.0,0.0,0.0,0.0
VILLANUEVA,2022,0.0,0.0,0.0,0.0
VILLANUEVA,2022,0.0,0.0,0.0,0.0
VILLANUEVA,2022,0.0,0.0,0.0,
VILLANUEVA,2022,0.0,0.0,0.0,0.0
VILLANUEVA,2022,0.0,0.0,0.0,0.0
VILLANUEVA,2022,0.0,0.0,0.0,0.0
VILLANUEVA,2022,0.0,0.0,0.0,
VILLANUEVA,2022,0.0,0.0,0.0,0.0
VILLANUEVA,2022,0.0,0.0,,0.0
VILLANUEVA,2022,0.0,0.0,,0.0
VILLANUEVA,2022,0.0,0.0,,
VILLANUEVA,2022,0.0,0.0,,0.0
VILLANUEVA,2022,0.0,0.0,0.0,0.0
VILLANUEVA,2022,0.0,0.0,0.0,0.0
VILLANUEVA,2022,0.0,0.0,0.0,
VILLANUEVA,2022,0.0,0.0,0.0,0.0
VILLANUEVA,2022,0.0,0.0,0.0,0.0
VILLANUEVA,2022,0.0,0.0,0.0,0.0
VILLANUEVA,2022,0.0,0.0,0.0,
VILLANUEVA,2022,0.0,0.0,0.0,0.0
VILLANUEVA,2022,0.0,0.0,0.0,0.0
VILLANUEVA,2022,0.0,0.0,0.0,0.0
VILLANUEVA,2022,0.0,0.0,0.0,
VILLANUEVA,2022,0.0,0.0,0.0,0.0
VILLANUEVA,2022,0.0,0.0,,0.0
VILLANUEVA,2022,0.0,0.0,,0.0
VILLANUEVA,2022,0.0,0.0,,
VILLANUEVA,2022,0.0,0.0,,0.0
VILLANUEVA,2022,0.0,0.0,0.0,0.0
VILLANUEVA,2022,0.0,0.0,0.0,0.0
VILLANUEVA,2022,0.0,0.0,0.0,
VILLANUEVA,2022,0.0,0.0,0.0,0.0
VILLANUEVA,2022,0.0,,0.0,0.0
VILLANUEVA,2022,0.0,,0.0,0.0
VILLANUEVA,2022,0.0,,0.0,
VILLANUEVA,2022,0.0,,0.0,0.0
VILLANUEVA,2022,0.0,,0.0,0.0
VILLANUEVA,2022,0.0,,0.0,0.0
VILLANUEVA,2022,0.0,,0.0,
VILLANUEVA,2022,0.0,,0.0,0.0
VILLANUEVA,2022,0.0,,,0.0
VILLANUEVA,2022,0.0,,,0.0
VILLANUEVA,2022,0.0,,,
VILLANUEVA,2022,0.0,,,0.0
VILLANUEVA,2022,0.0,,0.0,0.0
VILLANUEVA,2022,0.0,,0.0,0.0
VILLANUEVA,2022,0.0,,0.0,
VILLANUEVA,2022,0.0,,0.0,0.0
VILLANUEVA,2022,0.0,0.0,0.0,0.0
VILLANUEVA,2022,0.0,0.0,0.0,0.0
VILLANUEVA,2022,0.0,0.0,0.0,
VILLANUEVA,2022,0.0,0.0,0.0,0.0
VILLANUEVA,2022,0.0,0.0,0.0,0.0
VILLANUEVA,2022,0.0,0.0,0.0,0.0
VILLANUEVA,2022,0.0,0.0,0.0,
VILLANUEVA,2022,0.0,0.0,0.0,0.0
VILLANUEVA,2022,0.0,0.0,,0.0
VILLANUEVA,2022,0.0,0.0,,0.0
VILLANUEVA,2022,0.0,0.0,,
VILLANUEVA,2022,0.0,0.0,,0.0
VILLANUEVA,2022,0.0,0.0,0.0,0.0
VILLANUEVA,2022,0.0,0.0,0.0,0.0
VILLANUEVA,2022,0.0,0.0,0.0,
VILLANUEVA,2022,0.0,0.0,0.0,0.0
VILLANUEVA,2022,,0.0,0.0,0.0
VILLANUEVA,2022,,0.0,0.0,0.0
VILLANUEVA,2022,,0.0,0.0,
VILLANUEVA,2022,,0.0,0.0,0.0
VILLANUEVA,2022,,0.0,0.0,0.0
VILLANUEVA,2022,,0.0,0.0,0.0
VILLANUEVA,2022,,0.0,0.0,
VILLANUEVA,2022,,0.0,0.0,0.0
VILLANUEVA,2022,,0.0,,0.0
VILLANUEVA,2022,,0.0,,0.0
VILLANUEVA,2022,,0.0,,
VILLANUEVA,2022,,0.0,,0.0
VILLANUEVA,2022,,0.0,0.0,0.0
VILLANUEVA,2022,,0.0,0.0,0.0
VILLANUEVA,2022,,0.0,0.0,
VILLANUEVA,2022,,0.0,0.0,0.0
VILLANUEVA,2022,,0.0,0.0,0.0
VILLANUEVA,2022,,0.0,0.0,0.0
VILLANUEVA,2022,,0.0,0.0,
VILLANUEVA,2022,,0.0,0.0,0.0
VILLANUEVA,2022,,0.0,0.0,0.0
VILLANUEVA,2022,,0.0,0.0,0.0
VILLANUEVA,2022,,0.0,0.0,
VILLANUEVA,2022,,0.0,0.0,0.0
VILLANUEVA,2022,,0.0,,0.0
VILLANUEVA,2022,,0.0,,0.0
VILLANUEVA,2022,,0.0,,
VILLANUEVA,2022,,0.0,,0.0
VILLANUEVA,2022,,0.0,0.0,0.0
VILLANUEVA,2022,,0.0,0.0,0.0
VILLANUEVA,2022,,0.0,0.0,
VILLANUEVA,2022,,0.0,0.0,0.0
VILLANUEVA,2022,,,0.0,0.0
VILLANUEVA,2022,,,0.0,0.0
VILLANUEVA,2022,,,0.0,
VILLANUEVA,2022,,,0.0,0.0
VILLANUEVA,2022,,,0.0,0.0
VILLANUEVA,2022,,,0.0,0.0
VILLANUEVA,2022,,,0.0,
VILLANUEVA,2022,,,0.0,0.0
VILLANUEVA,2022,,,,0.0
VILLANUEVA,2022,,,,0.0
VILLANUEVA,2022,,,,
VILLANUEVA,2022,,,,0.0
VILLANUEVA,2022,,,0.0,0.0
VILLANUEVA,2022,,,0.0,0.0
VILLANUEVA,2022,,,0.0,
VILLANUEVA,2022,,,0.0,0.0
VILLANUEVA,2022,,0.0,0.0,0.0
VILLANUEVA,2022,,0.0,0.0,0.0
VILLANUEVA,2022,,0.0,0.0,
VILLANUEVA,2022,,0.0,0.0,0.0
VILLANUEVA,2022,,0.0,0.0,0.0
VILLANUEVA,2022,,0.0,0.0,0.0
VILLANUEVA,2022,,0.0,0.0,
VILLANUEVA,2022,,0.0,0.0,0.0
VILLANUEVA,2022,,0.0,,0.0
VILLANUEVA,2022,,0.0,,0.0
VILLANUEVA,2022,,0.0,,
VILLANUEVA,2022,,0.0,,0.0
VILLANUEVA,2022,,0.0,0.0,0.0
VILLANUEVA,2022,,0.0,0.0,0.0
VILLANUEVA,2022,,0.0,0.0,
VILLANUEVA,2022,,0.0,0.0,0.0
VILLANUEVA,2022,0.0,0.0,0.0,0.0
VILLANUEVA,2022,0.0,0.0,0.0,0.0
VILLANUEVA,2022,0.0,0.0,0.0,
VILLANUEVA,2022,0.0,0.0,0.0,0.0
VILLANUEVA,2022,0.0,0.0,0.0,0.0
VILLANUEVA,2022,0.0,0.0,0.0,0.0
VILLANUEVA,2022,0.0,0.0,0.0,
VILLANUEVA,2022,0.0,0.0,0.0,0.0
VILLANUEVA,2022,0.0,0.0,,0.0
VILLANUEVA,2022,0.0,0.0,,0.0
VILLANUEVA,2022,0.0,0.0,,
VILLANUEVA,2022,0.0,0.0,,0.0
VILLANUEVA,2022,0.0,0.0,0.0,0.0
VILLANUEVA,2022,0.0,0.0,0.0,0.0
VILLANUEVA,2022,0.0,0.0,0.0,
VILLANUEVA,2022,0.0,0.0,0.0,0.0
VILLANUEVA,2022,0.0,0.0,0.0,0.0
VILLANUEVA,2022,0.0,0.0,0.0,0.0
VILLANUEVA,2022,0.0,0.0,0.0,
VILLANUEVA,2022,0.0,0.0,0.0,0.0
VILLANUEVA,2022,0.0,0.0,0.0,0.0
VILLANUEVA,2022,0.0,0.0,0.0,0.0
VILLANUEVA,2022,0.0,0.0,0.0,
VILLANUEVA,2022,0.0,0.0,0.0,0.0
VILLANUEVA,2022,0.0,0.0,,0.0
VILLANUEVA,2022,0.0,0.0,,0.0
VILLANUEVA,2022,0.0,0.0,,
VILLANUEVA,2022,0.0,0.0,,0.0
VILLANUEVA,2022,0.0,0.0,0.0,0.0
VILLANUEVA,2022,0.0,0.0,0.0,0.0
VILLANUEVA,2022,0.0,0.0,0.0,
VILLANUEVA,2022,0.0,0.0,0.0,0.0
VILLANUEVA,2022,0.0,,0.0,0.0
VILLANUEVA,2022,0.0,,0.0,0.0
VILLANUEVA,2022,0.0,,0.0,
VILLANUEVA,2022,0.0,,0.0,0.0
VILLANUEVA,2022,0.0,,0.0,0.0
VILLANUEVA,2022,0.0,,0.0,0.0
VILLANUEVA,2022,0.0,,0.0,
VILLANUEVA,2022,0.0,,0.0,0.0
VILLANUEVA,2022,0.0,,,0.0
VILLANUEVA,2022,0.0,,,0.0
VILLANUEVA,2022,0.0,,,
VILLANUEVA,2022,0.0,,,0.0
VILLANUEVA,2022,0.0,,0.0,0.0
VILLANUEVA,2022,0.0,,0.0,0.0
VILLANUEVA,2022,0.0,,0.0,
VILLANUEVA,2022,0.0,,0.0,0.0
VILLANUEVA,2022,0.0,0.0,0.0,0.0
VILLANUEVA,2022,0.0,0.0,0.0,0.0
VILLANUEVA,2022,0.0,0.0,0.0,
VILLANUEVA,2022,0.0,0.0,0.0,0.0
VILLANUEVA,2022,0.0,0.0,0.0,0.0
VILLANUEVA,2022,0.0,0.0,0.0,0.0
VILLANUEVA,2022,0.0,0.0,0.0,
VILLANUEVA,2022,0.0,0.0,0.0,0.0
VILLANUEVA,2022,0.0,0.0,,0.0
VILLANUEVA,2022,0.0,0.0,,0.0
VILLANUEVA,2022,0.0,0.0,,
VILLANUEVA,2022,0.0,0.0,,0.0
VILLANUEVA,2022,0.0,0.0,0.0,0.0
VILLANUEVA,2022,0.0,0.0,0.0,0.0
VILLANUEVA,2022,0.0,0.0,0.0,
VILLANUEVA,2022,0.0,0.0,0.0,0.0
VILLANUEVA,2023,0.0,0.0,0.0,0.0
VILLANUEVA,2023,0.0,0.0,0.0,0.0
VILLANUEVA,2023,0.0,0.0,0.0,
VILLANUEVA,2023,0.0,0.0,0.0,0.0
VILLANUEVA,2023,0.0,0.0,0.0,0.0
VILLANUEVA,2023,0.0,0.0,0.0,0.0
VILLANUEVA,2023,0.0,0.0,0.0,
VILLANUEVA,2023,0.0,0.0,0.0,0.0
VILLANUEVA,2023,0.0,0.0,,0.0
VILLANUEVA,2023,0.0,0.0,,0.0
VILLANUEVA,2023,0.0,0.0,,
VILLANUEVA,2023,0.0,0.0,,0.0
VILLANUEVA,2023,0.0,0.0,0.0,0.0
VILLANUEVA,2023,0.0,0.0,0.0,0.0
VILLANUEVA,2023,0.0,0.0,0.0,
VILLANUEVA,2023,0.0,0.0,0.0,0.0
VILLANUEVA,2023,0.0,0.0,0.0,0.0
VILLANUEVA,2023,0.0,0.0,0.0,0.0
VILLANUEVA,2023,0.0,0.0,0.0,
VILLANUEVA,2023,0.0,0.0,0.0,0.0
VILLANUEVA,2023,0.0,0.0,0.0,0.0
VILLANUEVA,2023,0.0,0.0,0.0,0.0
VILLANUEVA,2023,0.0,0.0,0.0,
VILLANUEVA,2023,0.0,0.0,0.0,0.0
VILLANUEVA,2023,0.0,0.0,,0.0
VILLANUEVA,2023,0.0,0.0,,0.0
VILLANUEVA,2023,0.0,0.0,,
VILLANUEVA,2023,0.0,0.0,,0.0
VILLANUEVA,2023,0.0,0.0,0.0,0.0
VILLANUEVA,2023,0.0,0.0,0.0,0.0
VILLANUEVA,2023,0.0,0.0,0.0,
VILLANUEVA,2023,0.0,0.0,0.0,0.0
VILLANUEVA,2023,0.0,,0.0,0.0
VILLANUEVA,2023,0.0,,0.0,0.0
VILLANUEVA,2023,0.0,,0.0,
VILLANUEVA,2023,0.0,,0.0,0.0
VILLANUEVA,2023,0.0,,0.0,0.0
VILLANUEVA,2023,0.0,,0.0,0.0
VILLANUEVA,2023,0.0,,0.0,
VILLANUEVA,2023,0.0,,0.0,0.0
VILLANUEVA,2023,0.0,,,0.0
VILLANUEVA,2023,0.0,,,0.0
VILLANUEVA,2023,0.0,,,
VILLANUEVA,2023,0.0,,,0.0
VILLANUEVA,2023,0.0,,0.0,0.0
VILLANUEVA,2023,0.0,,0.0,0.0
VILLANUEVA,2023,0.0,,0.0,
VILLANUEVA,2023,0.0,,0.0,0.0
VILLANUEVA,2023,0.0,0.0,0.0,0.0
VILLANUEVA,2023,0.0,0.0,0.0,0.0
VILLANUEVA,2023,0.0,0.0,0.0,
VILLANUEVA,2023,0.0,0.0,0.0,0.0
VILLANUEVA,2023,0.0,0.0,0.0,0.0
VILLANUEVA,2023,0.0,0.0,0.0,0.0
VILLANUEVA,2023,0.0,0.0,0.0,
VILLANUEVA,2023,0.0,0.0,0.0,0.0
VILLANUEVA,2023,0.0,0.0,,0.0
VILLANUEVA,2023,0.0,0.0,,0.0
VILLANUEVA,2023,0.0,0.0,,
VILLANUEVA,2023,0.0,0.0,,0.0
VILLANUEVA,2023,0.0,0.0,0.0,0.0
VILLANUEVA,2023,0.0,0.0,0.0,0.0
VILLANUEVA,2023,0.0,0.0,0.0,
VILLANUEVA,2023,0.0,0.0,0.0,0.0
VILLANUEVA,2023,0.0,0.0,0.0,0.0
VILLANUEVA,2023,0.0,0.0,0.0,0.0
VILLANUEVA,2023,0.0,0.0,0.0,
VILLANUEVA,2023,0.0,0.0,0.0,0.0
VILLANUEVA,2023,0.0,0.0,0.0,0.0
VILLANUEVA,2023,0.0,0.0,0.0,0.0
VILLANUEVA,2023,0.0,0.0,0.0,
VILLANUEVA,2023,0.0,0.0,0.0,0.0
VILLANUEVA,2023,0.0,0.0,,0.0
VILLANUEVA,2023,0.0,0.0,,0.0
VILLANUEVA,2023,0.0,0.0,,
VILLANUEVA,2023,0.0,0.0,,0.0
VILLANUEVA,2023,0.0,0.0,0.0,0.0
VILLANUEVA,2023,0.0,0.0,0.0,0.0
VILLANUEVA,2023,0.0,0.0,0.0,
VILLANUEVA,2023,0.0,0.0,0.0,0.0
VILLANUEVA,2023,0.0,0.0,0.0,0.0
VILLANUEVA,2023,0.0,0.0,0.0,0.0
VILLANUEVA,2023,0.0,0.0,0.0,
VILLANUEVA,2023,0.0,0.0,0.0,0.0
VILLANUEVA,2023,0.0,0.0,0.0,0.0
VILLANUEVA,2023,0.0,0.0,0.0,0.0
VILLANUEVA,2023,0.0,0.0,0.0,
VILLANUEVA,2023,0.0,0.0,0.0,0.0
VILLANUEVA,2023,0.0,0.0,,0.0
VILLANUEVA,2023,0.0,0.0,,0.0
VILLANUEVA,2023,0.0,0.0,,
VILLANUEVA,2023,0.0,0.0,,0.0
VILLANUEVA,2023,0.0,0.0,0.0,0.0
VILLANUEVA,2023,0.0,0.0,0.0,0.0
VILLANUEVA,2023,0.0,0.0,0.0,
VILLANUEVA,2023,0.0,0.0,0.0,0.0
VILLANUEVA,2023,0.0,,0.0,0.0
VILLANUEVA,2023,0.0,,0.0,0.0
VILLANUEVA,2023,0.0,,0.0,
VILLANUEVA,2023,0.0,,0.0,0.0
VILLANUEVA,2023,0.0,,0.0,0.0
VILLANUEVA,2023,0.0,,0.0,0.0
VILLANUEVA,2023,0.0,,0.0,
VILLANUEVA,2023,0.0,,0.0,0.0
VILLANUEVA,2023,0.0,,,0.0
VILLANUEVA,2023,0.0,,,0.0
VILLANUEVA,2023,0.0,,,
VILLANUEVA,2023,0.0,,,0.0
VILLANUEVA,2023,0.0,,0.0,0.0
VILLANUEVA,2023,0.0,,0.0,0.0
VILLANUEVA,2023,0.0,,0.0,
VILLANUEVA,2023,0.0,,0.0,0.0
VILLANUEVA,2023,0.0,0.0,0.0,0.0
VILLANUEVA,2023,0.0,0.0,0.0,0.0
VILLANUEVA,2023,0.0,0.0,0.0,
VILLANUEVA,2023,0.0,0.0,0.0,0.0
VILLANUEVA,2023,0.0,0.0,0.0,0.0
VILLANUEVA,2023,0.0,0.0,0.0,0.0
VILLANUEVA,2023,0.0,0.0,0.0,
VILLANUEVA,2023,0.0,0.0,0.0,0.0
VILLANUEVA,2023,0.0,0.0,,0.0
VILLANUEVA,2023,0.0,0.0,,0.0
VILLANUEVA,2023,0.0,0.0,,
VILLANUEVA,2023,0.0,0.0,,0.0
VILLANUEVA,2023,0.0,0.0,0.0,0.0
VILLANUEVA,2023,0.0,0.0,0.0,0.0
VILLANUEVA,2023,0.0,0.0,0.0,
VILLANUEVA,2023,0.0,0.0,0.0,0.0
VILLANUEVA,2023,,0.0,0.0,0.0
VILLANUEVA,2023,,0.0,0.0,0.0
VILLANUEVA,2023,,0.0,0.0,
VILLANUEVA,2023,,0.0,0.0,0.0
VILLANUEVA,2023,,0.0,0.0,0.0
VILLANUEVA,2023,,0.0,0.0,0.0
VILLANUEVA,2023,,0.0,0.0,
VILLANUEVA,2023,,0.0,0.0,0.0
VILLANUEVA,2023,,0.0,,0.0
VILLANUEVA,2023,,0.0,,0.0
VILLANUEVA,2023,,0.0,,
VILLANUEVA,2023,,0.0,,0.0
VILLANUEVA,2023,,0.0,0.0,0.0
VILLANUEVA,2023,,0.0,0.0,0.0
VILLANUEVA,2023,,0.0,0.0,
VILLANUEVA,2023,,0.0,0.0,0.0
VILLANUEVA,2023,,0.0,0.0,0.0
VILLANUEVA,2023,,0.0,0.0,0.0
VILLANUEVA,2023,,0.0,0.0,
VILLANUEVA,2023,,0.0,0.0,0.0
VILLANUEVA,2023,,0.0,0.0,0.0
VILLANUEVA,2023,,0.0,0.0,0.0
VILLANUEVA,2023,,0.0,0.0,
VILLANUEVA,2023,,0.0,0.0,0.0
VILLANUEVA,2023,,0.0,,0.0
VILLANUEVA,2023,,0.0,,0.0
VILLANUEVA,2023,,0.0,,
VILLANUEVA,2023,,0.0,,0.0
VILLANUEVA,2023,,0.0,0.0,0.0
VILLANUEVA,2023,,0.0,0.0,0.0
VILLANUEVA,2023,,0.0,0.0,
VILLANUEVA,2023,,0.0,0.0,0.0
VILLANUEVA,2023,,,0.0,0.0
VILLANUEVA,2023,,,0.0,0.0
VILLANUEVA,2023,,,0.0,
VILLANUEVA,2023,,,0.0,0.0
VILLANUEVA,2023,,,0.0,0.0
VILLANUEVA,2023,,,0.0,0.0
VILLANUEVA,2023,,,0.0,
VILLANUEVA,2023,,,0.0,0.0
VILLANUEVA,2023,,,,0.0
VILLANUEVA,2023,,,,0.0
VILLANUEVA,2023,,,,
VILLANUEVA,2023,,,,0.0
VILLANUEVA,2023,,,0.0,0.0
VILLANUEVA,2023,,,0.0,0.0
VILLANUEVA,2023,,,0.0,
VILLANUEVA,2023,,,0.0,0.0
VILLANUEVA,2023,,0.0,0.0,0.0
VILLANUEVA,2023,,0.0,0.0,0.0
VILLANUEVA,2023,,0.0,0.0,
VILLANUEVA,2023,,0.0,0.0,0.0
VILLANUEVA,2023,,0.0,0.0,0.0
VILLANUEVA,2023,,0.0,0.0,0.0
VILLANUEVA,2023,,0.0,0.0,
VILLANUEVA,2023,,0.0,0.0,0.0
VILLANUEVA,2023,,0.0,,0.0
VILLANUEVA,2023,,0.0,,0.0
VILLANUEVA,2023,,0.0,,
VILLANUEVA,2023,,0.0,,0.0
VILLANUEVA,2023,,0.0,0.0,0.0
VILLANUEVA,2023,,0.0,0.0,0.0
VILLANUEVA,2023,,0.0,0.0,
VILLANUEVA,2023,,0.0,0.0,0.0
VILLANUEVA,2023,0.0,0.0,0.0,0.0
VILLANUEVA,2023,0.0,0.0,0.0,0.0
VILLANUEVA,2023,0.0,0.0,0.0,
VILLANUEVA,2023,0.0,0.0,0.0,0.0
VILLANUEVA,2023,0.0,0.0,0.0,0.0
VILLANUEVA,2023,0.0,0.0,0.0,0.0
VILLANUEVA,2023,0.0,0.0,0.0,
VILLANUEVA,2023,0.0,0.0,0.0,0.0
VILLANUEVA,2023,0.0,0.0,,0.0
VILLANUEVA,2023,0.0,0.0,,0.0
VILLANUEVA,2023,0.0,0.0,,
VILLANUEVA,2023,0.0,0.0,,0.0
VILLANUEVA,2023,0.0,0.0,0.0,0.0
VILLANUEVA,2023,0.0,0.0,0.0,0.0
VILLANUEVA,2023,0.0,0.0,0.0,
VILLANUEVA,2023,0.0,0.0,0.0,0.0
VILLANUEVA,2023,0.0,0.0,0.0,0.0
VILLANUEVA,2023,0.0,0.0,0.0,0.0
VILLANUEVA,2023,0.0,0.0,0.0,
VILLANUEVA,2023,0.0,0.0,0.0,0.0
VILLANUEVA,2023,0.0,0.0,0.0,0.0
VILLANUEVA,2023,0.0,0.0,0.0,0.0
VILLANUEVA,2023,0.0,0.0,0.0,
VILLANUEVA,2023,0.0,0.0,0.0,0.0
VILLANUEVA,2023,0.0,0.0,,0.0
VILLANUEVA,2023,0.0,0.0,,0.0
VILLANUEVA,2023,0.0,0.0,,
VILLANUEVA,2023,0.0,0.0,,0.0
VILLANUEVA,2023,0.0,0.0,0.0,0.0
VILLANUEVA,2023,0.0,0.0,0.0,0.0
VILLANUEVA,2023,0.0,0.0,0.0,
VILLANUEVA,2023,0.0,0.0,0.0,0.0
VILLANUEVA,2023,0.0,,0.0,0.0
VILLANUEVA,2023,0.0,,0.0,0.0
VILLANUEVA,2023,0.0,,0.0,
VILLANUEVA,2023,0.0,,0.0,0.0
VILLANUEVA,2023,0.0,,0.0,0.0
VILLANUEVA,2023,0.0,,0.0,0.0
VILLANUEVA,2023,0.0,,0.0,
VILLANUEVA,2023,0.0,,0.0,0.0
VILLANUEVA,2023,0.0,,,0.0
VILLANUEVA,2023,0.0,,,0.0
VILLANUEVA,2023,0.0,,,
VILLANUEVA,2023,0.0,,,0.0
VILLANUEVA,2023,0.0,,0.0,0.0
VILLANUEVA,2023,0.0,,0.0,0.0
VILLANUEVA,2023,0.0,,0.0,
VILLANUEVA,2023,0.0,,0.0,0.0
VILLANUEVA,2023,0.0,0.0,0.0,0.0
VILLANUEVA,2023,0.0,0.0,0.0,0.0
VILLANUEVA,2023,0.0,0.0,0.0,
VILLANUEVA,2023,0.0,0.0,0.0,0.0
VILLANUEVA,2023,0.0,0.0,0.0,0.0
VILLANUEVA,2023,0.0,0.0,0.0,0.0
VILLANUEVA,2023,0.0,0.0,0.0,
VILLANUEVA,2023,0.0,0.0,0.0,0.0
VILLANUEVA,2023,0.0,0.0,,0.0
VILLANUEVA,2023,0.0,0.0,,0.0
VILLANUEVA,2023,0.0,0.0,,
VILLANUEVA,2023,0.0,0.0,,0.0
VILLANUEVA,2023,0.0,0.0,0.0,0.0
VILLANUEVA,2023,0.0,0.0,0.0,0.0
VILLANUEVA,2023,0.0,0.0,0.0,
VILLANUEVA,2023,0.0,0.0,0.0,0.0
VILLAPINZÓN,2017,93.59,0.0,0.0,0.0
VILLAPINZÓN,2018,0.0,294938.83,0.0,0.0
VILLAPINZÓN,2019,0.0,0.0,0.0,0.0
VILLAPINZÓN,2020,0.0,0.0,0.0,0.0
VILLAPINZÓN,2021,0.0,0.0,0.0,0.0
VILLAPINZÓN,2022,0.0,0.0,0.0,0.0
VILLAPINZÓN,2023,0.0,0.0,0.0,0.0
VILLARRICA,2017,84.4,0.0,0.0,0.0
VILLARRICA,2018,0.0,1603891.72,0.0,0.0
VILLARRICA,2019,0.0,0.0,0.0,0.0
VILLARRICA,2020,0.0,0.0,0.0,0.0
VILLARRICA,2021,0.0,0.0,0.0,0.0
VILLARRICA,2022,0.0,0.0,0.0,0.0
VILLARRICA,2023,0.0,0.0,0.0,0.0
VILLAVICENCIO,2017,89.71,0.0,0.0,0.0
VILLAVICENCIO,2018,0.0,546231.77,0.0,0.0
VILLAVICENCIO,2019,0.0,0.0,0.0,0.0
VILLAVICENCIO,2020,0.0,0.0,0.0,0.0
VILLAVICENCIO,2021,0.0,0.0,0.0,0.0
VILLAVICENCIO,2022,0.0,0.0,0.0,0.0
VILLAVICENCIO,2023,0.0,0.0,0.0,0.0
VILLAVIEJA,2017,46.24,0.0,0.0,0.0
VILLAVIEJA,2018,0.0,215810.16,0.0,0.0
VILLAVIEJA,2019,0.0,0.0,0.0,0.0
VILLAVIEJA,2020,0.0,0.0,0.0,0.0
VILLAVIEJA,2021,0.0,0.0,0.0,0.0
VILLAVIEJA,2022,0.0,0.0,0.0,0.0
VILLAVIEJA,2023,0.0,0.0,0.0,0.0
VILLETA,2017,82.5,0.0,0.0,0.0
VILLETA,2018,0.0,858200.55,0.0,0.0
VILLETA,2019,0.0,0.0,0.0,0.0
VILLETA,2020,0.0,0.0,0.0,0.0
VILLETA,2021,0.0,0.0,0.0,0.0
VILLETA,2022,0.0,0.0,0.0,0.0
VILLETA,2023,0.0,0.0,0.0,0.0
VIOTÁ,2017,81.83,0.0,0.0,0.0
VIOTÁ,2018,0.0,1802640.14,0.0,0.0
VIOTÁ,2019,0.0,0.0,0.0,0.0
VIOTÁ,2020,0.0,0.0,0.0,0.0
VIOTÁ,2021,0.0,0.0,0.0,0.0
VIOTÁ,2022,0.0,0.0,0.0,0.0
VIOTÁ,2023,0.0,0.0,0.0,0.0
VIRACACHÁ,2017,,,,
VIRACACHÁ,2018,,,,
VIRACACHÁ,2019,,,,
VIRACACHÁ,2020,,,,
VIRACACHÁ,2021,,,,
VIRACACHÁ,2022,,,,
VIRACACHÁ,2023,,,,
VISTAHERMOSA,2017,90.92,0.0,0.0,0.0
VISTAHERMOSA,2018,0.0,685474.44,0.0,0.0
VISTAHERMOSA,2019,0.0,0.0,0.0,0.0
VISTAHERMOSA,2020,0.0,0.0,0.0,0.0
VISTAHERMOSA,2021,0.0,0.0,0.0,0.0
VISTAHERMOSA,2022,0.0,0.0,0.0,0.0
VISTAHERMOSA,2023,0.0,0.0,0.0,0.0
VITERBO,2017,0.0,0.0,0.0,0.0
VITERBO,2018,0.0,0.0,0.0,0.0
VITERBO,2019,0.0,0.0,0.0,0.0
VITERBO,2020,0.0,0.0,0.0,0.0
VITERBO,2021,0.0,0.0,0.0,0.0
VITERBO,2022,0.0,0.0,0.0,0.0
VITERBO,2023,0.0,0.0,0.0,0.0
VÉLEZ,2017,88.65,0.0,0.0,0.0
VÉLEZ,2018,0.0,642725.46,0.0,0.0
VÉLEZ,2019,0.0,0.0,0.0,0.0
VÉLEZ,2020,0.0,0.0,0.0,0.0
VÉLEZ,2021,0.0,0.0,0.0,0.0
VÉLEZ,2022,0.0,0.0,0.0,0.0
VÉLEZ,2023,0.0,0.0,0.0,0.0
YACOPÍ,2017,93.56,0.0,0.0,0.0
YACOPÍ,2018,0.0,410304.98,0.0,0.0
YACOPÍ,2019,0.0,0.0,0.0,0.0
YACOPÍ,2020,0.0,0.0,0.0,0.0
YACOPÍ,2021,0.0,0.0,0.0,0.0
YACOPÍ,2022,0.0,0.0,0.0,0.0
YACOPÍ,2023,0.0,0.0,0.0,0.0
YACUANQUER,2017,,,,
YACUANQUER,2018,,,,
YACUANQUER,2019,,,,
YACUANQUER,2020,,,,
YACUANQUER,2021,,,,
YACUANQUER,2022,,,,
YACUANQUER,2023,,,,
YAGUARÁ,2017,0.0,0.0,0.0,0.0
YAGUARÁ,2018,0.0,0.0,0.0,0.0
YAGUARÁ,2019,0.0,0.0,0.0,0.0
YAGUARÁ,2020,0.0,0.0,0.0,0.0
YAGUARÁ,2021,0.0,0.0,0.0,0.0
YAGUARÁ,2022,0.0,0.0,0.0,0.0
YAGUARÁ,2023,0.0,0.0,0.0,0.0
YALÍ,2017,93.62,0.0,0.0,0.0
YALÍ,2018,0.0,544570.92,0.0,0.0
YALÍ,2019,0.0,0.0,0.0,0.0
YALÍ,2020,0.0,0.0,0.0,0.0
YALÍ,2021,0.0,0.0,0.0,0.0
YALÍ,2022,0.0,0.0,0.0,0.0
YALÍ,2023,0.0,0.0,0.0,0.0
YARUMAL,2017,0.0,0.0,0.0,0.0
YARUMAL,2018,0.0,0.0,0.0,0.0
YARUMAL,2019,0.0,0.0,0.0,0.0
YARUMAL,2020,0.0,0.0,0.0,0.0
YARUMAL,2021,0.0,0.0,0.0,0.0
YARUMAL,2022,0.0,0.0,0.0,0.0
YARUMAL,2023,0.0,0.0,0.0,0.0
YAVARATÉ,2017,95.2,0.0,0.0,0.0
YAVARATÉ,2018,0.0,746388.16,0.0,0.0
YAVARATÉ,2019,0.0,0.0,0.0,0.0
YAVARATÉ,2020,0.0,0.0,0.0,0.0
YAVARATÉ,2021,0.0,0.0,0.0,0.0
YAVARATÉ,2022,0.0,0.0,0.0,0.0
YAVARATÉ,2023,0.0,0.0,0.0,0.0
YOLOMBÓ,2017,95.41,0.0,0.0,0.0
YOLOMBÓ,2018,0.0,324315.72,0.0,0.0
YOLOMBÓ,2019,0.0,0.0,0.0,0.0
YOLOMBÓ,2020,0.0,0.0,0.0,0.0
YOLOMBÓ,2021,0.0,0.0,0.0,0.0
YOLOMBÓ,2022,0.0,0.0,0.0,0.0
YOLOMBÓ,2023,0.0,0.0,0.0,0.0
YONDÓ,2017,93.92,0.0,0.0,0.0
YONDÓ,2018,0.0,535579.16,0.0,0.0
YONDÓ,2019,0.0,0.0,0.0,0.0
YONDÓ,2020,0.0,0.0,0.0,0.0
YONDÓ,2021,0.0,0.0,0.0,0.0
YONDÓ,2022,0.0,0.0,0.0,0.0
YONDÓ,2023,0.0,0.0,0.0,0.0
YOPAL,2017,83.5,0.0,0.0,0.0
YOPAL,2018,0.0,430812.27,0.0,0.0
YOPAL,2019,0.0,0.0,0.0,0.0
YOPAL,2020,0.0,0.0,0.0,0.0
YOPAL,2021,0.0,0.0,0.0,0.0
YOPAL,2022,0.0,0.0,0.0,0.0
YOPAL,2023,0.0,0.0,0.0,0.0
YOTOCO,2017,0.0,0.0,0.0,0.0
YOTOCO,2018,0.0,0.0,0.0,0.0
YOTOCO,2019,0.0,0.0,0.0,0.0
YOTOCO,2020,0.0,0.0,0.0,0.0
YOTOCO,2021,0.0,0.0,0.0,0.0
YOTOCO,2022,0.0,0.0,0.0,0.0
YOTOCO,2023,0.0,0.0,0.0,0.0
YUMBO,2017,0.0,0.0,0.0,0.0
YUMBO,2018,0.0,0.0,0.0,0.0
YUMBO,2019,0.0,0.0,0.0,0.0
YUMBO,2020,0.0,0.0,0.0,0.0
YUMBO,2021,0.0,0.0,0.0,0.0
YUMBO,2022,0.0,0.0,0.0,0.0
YUMBO,2023,0.0,0.0,0.0,0.0
ZAMBRANO,2017,87.6,0.0,0.0,0.0
ZAMBRANO,2018,0.0,198665.56,0.0,0.0
ZAMBRANO,2019,0.0,0.0,0.0,0.0
ZAMBRANO,2020,0.0,0.0,0.0,0.0
ZAMBRANO,2021,0.0,0.0,0.0,0.0
ZAMBRANO,2022,0.0,0.0,0.0,0.0
ZAMBRANO,2023,0.0,0.0,0.0,0.0
ZAPATOCA,2017,94.15,0.0,0.0,0.0
ZAPATOCA,2018,0.0,1308138.61,0.0,0.0
ZAPATOCA,2019,0.0,0.0,0.0,0.0
ZAPATOCA,2020,0.0,0.0,0.0,0.0
ZAPATOCA,2021,0.0,0.0,0.0,0.0
ZAPATOCA,2022,0.0,0.0,0.0,0.0
ZAPATOCA,2023,0.0,0.0,0.0,0.0
ZAPAYÁN,2017,89.41,191667.16,15.84,12.04
ZAPAYÁN,2018,44.88,236433.01,15.84,12.0
ZAPAYÁN,2019,44.84,166306.98,15.95,12.15
ZAPAYÁN,2020,44.86,194606.56,15.71,12.03
ZAPAYÁN,2021,44.84,203584.44,15.6,11.94
ZAPAYÁN,2022,45.31,243869.33,15.51,11.84
ZAPAYÁN,2023,44.88,197099.7,16.06,12.16
ZARAGOZA,2017,95.43,0.0,0.0,0.0
ZARAGOZA,2018,0.0,395712.89,0.0,0.0
ZARAGOZA,2019,0.0,0.0,0.0,0.0
ZARAGOZA,2020,0.0,0.0,0.0,0.0
ZARAGOZA,2021,0.0,0.0,0.0,0.0
ZARAGOZA,2022,0.0,0.0,0.0,0.0
ZARAGOZA,2023,0.0,0.0,0.0,0.0
ZARZAL,2017,0.0,0.0,0.0,0.0
ZARZAL,2018,0.0,0.0,0.0,0.0
ZARZAL,2019,0.0,0.0,0.0,0.0
ZARZAL,2020,0.0,0.0,0.0,0.0
ZARZAL,2021,0.0,0.0,0.0,0.0
ZARZAL,2022,0.0,0.0,0.0,0.0
ZARZAL,2023,0.0,0.0,0.0,0.0
ZETAQUIRA,2017,90.55,0.0,0.0,0.0
ZETAQUIRA,2018,0.0,713611.92,0.0,0.0
ZETAQUIRA,2019,0.0,0.0,0.0,0.0
ZETAQUIRA,2020,0.0,0.0,0.0,0.0
ZETAQUIRA,2021,0.0,0.0,0.0,0.0
ZETAQUIRA,2022,0.0,0.0,0.0,0.0
ZETAQUIRA,2023,0.0,0.0,0.0,0.0
ZIPACÓN,2017,86.01,0.0,0.0,0.0
ZIPACÓN,2018,0.0,961998.91,0.0,0.0
ZIPACÓN,2019,0.0,0.0,0.0,0.0
ZIPACÓN,2020,0.0,0.0,0.0,0.0
ZIPACÓN,2021,0.0,0.0,0.0,0.0
ZIPACÓN,2022,0.0,0.0,0.0,0.0
ZIPACÓN,2023,0.0,0.0,0.0,0.0
ZIPAQUIRÁ,2017,86.5,0.0,0.0,0.0
ZIPAQUIRÁ,2018,0.0,424273.71,0.0,0.0
ZIPAQUIRÁ,2019,0.0,0.0,0.0,0.0
ZIPAQUIRÁ,2020,0.0,0.0,0.0,0.0
ZIPAQUIRÁ,2021,0.0,0.0,0.0,0.0
ZIPAQUIRÁ,2022,0.0,0.0,0.0,0.0
ZIPAQUIRÁ,2023,0.0,0.0,0.0,0.0
ZONA BANANERA,2017,81.69,0.0,0.0,0.0
ZONA BANANERA,2018,0.0,537139.92,0.0,0.0
ZONA BANANERA,2019,0.0,0.0,0.0,0.0
ZONA BANANERA,2020,0.0,0.0,0.0,0.0
ZONA BANANERA,2021,0.0,0.0,0.0,0.0
ZONA BANANERA,2022,0.0,0.0,0.0,0.0
ZONA BANANERA,2023,0.0,0.0,0.0,0.0
ÁBREGO,2017,89.83,0.0,0.0,0.0
ÁBREGO,2018,0.0,550849.25,0.0,0.0
ÁBREGO,2019,0.0,0.0,0.0,0.0
ÁBREGO,2020,0.0,0.0,0.0,0.0
ÁBREGO,2021,0.0,0.0,0.0,0.0
ÁBREGO,2022,0.0,0.0,0.0,0.0
ÁBREGO,2023,0.0,0.0,0.0,0.0
ÍQUIRA,2017,0.0,0.0,0.0,0.0
ÍQUIRA,2018,0.0,0.0,0.0,0.0
ÍQUIRA,2019,0.0,0.0,0.0,0.0
ÍQUIRA,2020,0.0,0.0,0.0,0.0
ÍQUIRA,2021,0.0,0.0,0.0,0.0
ÍQUIRA,2022,0.0,0.0,0.0,0.0
ÍQUIRA,2023,0.0,0.0,0.0,0.0
ÚMBITA,2017,92.52,0.0,0.0,0.0
ÚMBITA,2018,0.0,340986.48,0.0,0.0
ÚMBITA,2019,0.0,0.0,0.0,0.0
ÚMBITA,2020,0.0,0.0,0.0,0.0
ÚMBITA,2021,0.0,0.0,0.0,0.0
ÚMBITA,2022,0.0,0.0,0.0,0.0
ÚMBITA,2023,0.0,0.0,0.0,0.0
ÚTICA,2017,89.76,0.0,0.0,0.0
ÚTICA,2018,0.0,858200.55,0.0,0.0
ÚTICA,2019,0.0,0.0,0.0,0.0
ÚTICA,2020,0.0,0.0,0.0,0.0
ÚTICA,2021,0.0,0.0,0.0,0.0
ÚTICA,2022,0.0,0.0,0.0,0.0
ÚTICA,2023,0.0,0.0,0.0,0.0
