municipio,año,periodo,temp_media,humedad,precipitacion
BARANOA,2017,1,26.90306679861888,87.99012511117118,38.230000004172325
BARANOA,2017,2,27.375314331054707,87.08365631103516,186.3800000026822
BARANOA,2017,3,27.491560145786853,85.51247787475586,143.26000090315938
BARANOA,2017,4,28.25757860456196,87.3087215423584,279.1599998995662
BARANOA,2017,5,27.527520206996392,91.29583386012486,364.78999695181847
BARANOA,2017,6,27.489451708112465,91.57820456368583,325.0999993085861
BARANOA,2017,7,27.413776288713745,91.92748287745884,238.73000184446573
BARANOA,2017,8,27.288514164515927,93.25903756277901,310.23000115156174
BARANOA,2017,9,27.03669346400671,93.95962006705147,270.6300016492605
BARANOA,2017,10,26.769173104422457,94.87499182564872,309.7900011241436
BARANOA,2017,11,27.00847178867887,93.77760369437081,295.1900004297495
BARANOA,2017,12,26.479134041922453,94.40619959150042,283.0499995946884
BARANOA,2017,13,26.882251818426745,90.57895818249932,159.27000187337399
BARANOA,2018,1,26.81798285122577,91.6661711067989,74.21999877132475
BARANOA,2018,2,27.141193280901245,83.70044299534389,0.6100000180304047
BARANOA,2018,3,27.394740404401524,87.42167445591518,8.770000176504254
BARANOA,2018,4,27.58077774047854,87.58892985752651,90.41000029072165
BARANOA,2018,5,27.06788242885047,91.75370952061245,324.8399974703789
BARANOA,2018,6,27.402969796316984,92.12083625793457,273.3600022494793
BARANOA,2018,7,27.43353042602541,91.07329668317523,116.70000003650784
BARANOA,2018,8,27.476033782959007,91.86095809936523,163.66999774053693
BARANOA,2018,9,27.27013985770091,92.92471122741699,219.92000105977058
BARANOA,2018,10,26.925687953404037,94.24663734436035,355.24999698996544
BARANOA,2018,11,26.60924355643138,93.65927914210728,224.55999985337257
BARANOA,2018,12,26.938941846575073,93.33652632577079,127.41000089980662
BARANOA,2018,13,26.905938720703144,89.91791316441127,2.510000050067901
BARANOA,2019,1,26.80992726293106,88.40025145432045,118.41000193357468
BARANOA,2019,2,27.45373251778741,86.3767751966204,113.5200001001358
BARANOA,2019,3,27.505668531145393,85.49825368608747,41.63000022247434
BARANOA,2019,4,28.032634081159337,86.7098366873605,77.58000011742115
BARANOA,2019,5,28.090172794887014,87.97534533909389,306.77999838627875
BARANOA,2019,6,27.478135681152363,91.92778887067523,300.1600031852722
BARANOA,2019,7,28.090301949637297,89.51113646371024,136.60000302642584
BARANOA,2019,8,27.872403172084287,91.79050881522042,187.6899995803833
BARANOA,2019,9,27.605354200090698,93.29074505397251,281.9300002157688
BARANOA,2019,10,26.913392094203424,94.32297216142926,277.72999930381775
BARANOA,2019,11,26.33442513602122,94.77273777553013,349.7800031900406
BARANOA,2019,12,26.82474452427457,92.92469269888741,343.8900002390146
BARANOA,2019,13,27.26763196672714,92.61376871381488,246.92999997921288
BARANOA,2020,1,27.15978686992941,87.84422801091121,28.47999998368323
BARANOA,2020,2,27.632867431640644,86.21425819396973,110.07000000029802
BARANOA,2020,3,27.43780779157368,85.19356754847935,102.80000001192093
BARANOA,2020,4,28.18283724103657,86.42797797066825,78.43000086024404
BARANOA,2020,5,28.576977212088472,87.57242665972028,197.13000002503395
BARANOA,2020,6,27.649664633614695,90.6635434286935,379.4799978733063
BARANOA,2020,7,27.29018609183177,91.48245811462402,298.90000095777214
BARANOA,2020,8,27.379179164341537,93.56631660461426,224.23000040650368
BARANOA,2020,9,26.76524723597937,94.11125700814384,404.9800003170967
BARANOA,2020,10,26.66851959228518,94.52493095397949,418.010000705719
BARANOA,2020,11,26.134415653773736,93.92731475830078,392.63000002503395
BARANOA,2020,12,25.855223410470163,94.14801733834403,319.51000288128853
BARANOA,2020,13,26.499875095912408,92.19226946149554,164.77000004053116
BARANOA,2020,14,26.521653747558616,90.27071952819824,39.0
BARANOA,2021,1,27.009339359828424,87.64010047912598,40.04000097513199
BARANOA,2021,2,27.67205963134768,85.75867325919015,147.57000094652176
BARANOA,2021,3,27.511402021135627,84.15958431788853,132.83999998494983
BARANOA,2021,4,27.448740713936964,88.38417298453194,190.99999993667006
BARANOA,2021,5,27.280464063371948,89.21697044372559,194.65000399947166
BARANOA,2021,6,27.05694732666018,91.14154706682477,366.9700001478195
BARANOA,2021,7,26.980260467529316,91.98742539542062,256.3399994149804
BARANOA,2021,8,27.08102188110354,91.99444144112724,256.28999857604504
BARANOA,2021,9,26.366769409179707,94.22322763715472,444.4299968481064
BARANOA,2021,10,26.796524483816984,93.14270155770438,286.88999949768186
BARANOA,2021,11,26.33740059988841,93.78765187944684,358.7700027227402
BARANOA,2021,12,26.530353437151245,93.40439632960728,229.4100041091442
BARANOA,2021,13,26.866573979304405,91.28664838350736,76.80999996885657
BARANOA,2021,14,26.812824503580742,88.73914845784505,17.0
BARANOA,2022,1,26.82930799211777,88.59259605407715,198.44000286608934
BARANOA,2022,2,27.28082536969868,85.58803830827985,83.33000010251999
BARANOA,2022,3,27.738884953090142,86.94763674054828,158.99000097066164
BARANOA,2022,4,27.52713001796179,88.81022616795131,227.59000140428543
BARANOA,2022,5,27.270310974121113,91.4297297341483,250.32999855279922
BARANOA,2022,6,26.749581909179707,92.86189542497907,458.11999917030334
BARANOA,2022,7,27.160393742152642,93.29742813110352,308.3199996352196
BARANOA,2022,8,27.07850309099472,93.78088787623814,455.23000079393387
BARANOA,2022,9,26.96498859950476,94.79662840706962,368.80999743938446
BARANOA,2022,10,26.299982779366648,94.78753689357212,350.79999828338623
BARANOA,2022,11,26.14248482840404,95.09026309422084,387.00000262260437
BARANOA,2022,12,25.952032797677195,94.45142936706543,324.09999710321426
BARANOA,2022,13,26.446364514581106,91.20864631389749,56.550000943243504
BARANOA,2023,1,26.80728792463032,89.31498609270368,60.13999983668327
BARANOA,2023,2,26.916281454903757,83.26703534807477,16.0
BARANOA,2023,3,27.03582371303015,88.0662201472691,97.37000115215778
BARANOA,2023,4,27.62958025251118,85.21705300467355,178.73999901115894
BARANOA,2023,5,28.052698843819776,89.6531799861363,195.21999795734882
BARANOA,2023,6,27.751264735630595,92.38792364937919,404.340000718832
BARANOA,2023,7,28.037841687883667,91.95152991158622,277.40999898314476
BARANOA,2023,8,28.36359776088172,92.46134294782367,166.27999971620739
BARANOA,2023,9,27.66915337698802,94.30933734348842,226.630000770092
BARANOA,2023,10,27.673372977120554,94.66727638244629,275.6600003838539
BARANOA,2023,11,26.87189745221821,94.97186606270927,360.7199994325638
BARANOA,2023,12,27.232822309221557,93.91924830845424,163.4100034236908
BARANOA,2023,13,27.646693473026694,90.54993491337217,273.2500002402812
BARRANQUILLA,2017,1,26.71568341936386,84.23349625723702,13.0
BARRANQUILLA,2017,2,27.08412268502374,83.16409819466728,82.0
BARRANQUILLA,2017,3,27.351595633370554,82.51141248430524,34.21000036038458
BARRANQUILLA,2017,4,28.36382882254466,83.51306070600238,92.84000058658421
BARRANQUILLA,2017,5,28.353155844552195,86.76950018746513,256.819997664541
BARRANQUILLA,2017,6,28.35886699131559,86.90263720921108,205.26000018790364
BARRANQUILLA,2017,7,28.314740208217096,87.6779065813337,115.41000037267804
BARRANQUILLA,2017,8,28.089503043038526,89.3683591570173,183.14000022038817
BARRANQUILLA,2017,9,27.964204951695056,91.0048441205706,178.43000169470906
BARRANQUILLA,2017,10,27.914245496477417,90.82644626072475,262.93999898433685
BARRANQUILLA,2017,11,27.925486864362465,89.6013537815639,153.37999811954796
BARRANQUILLA,2017,12,27.416422053745833,89.29883193969727,197.24000019580126
BARRANQUILLA,2017,13,27.61947863348601,84.71373038456358,41.41999990493059
BARRANQUILLA,2018,1,27.528505206930244,84.80143237936086,20.50000008381903
BARRANQUILLA,2018,2,26.83402295793808,80.9226403917585,0.0
BARRANQUILLA,2018,3,27.227425602504205,83.4083251953125,1.1999999973922963
BARRANQUILLA,2018,4,27.591158621651804,83.73745100838798,35.56000076234341
BARRANQUILLA,2018,5,27.755804225376693,86.90121023995536,205.66000042296946
BARRANQUILLA,2018,6,28.27149462018696,87.17315346854073,158.94999966397882
BARRANQUILLA,2018,7,27.96958040509907,87.89500999450684,60.709999687969685
BARRANQUILLA,2018,8,27.7921092442104,89.28620774405343,76.70000034756958
BARRANQUILLA,2018,9,27.82632707868305,90.40752955845424,131.59000009298325
BARRANQUILLA,2018,10,27.754736110142318,90.94199698311942,232.57999861240387
BARRANQUILLA,2018,11,27.417607879638688,89.52870150974819,167.21999926120043
BARRANQUILLA,2018,12,27.667240033830932,88.6916446685791,51.82000016234815
BARRANQUILLA,2018,13,27.154703303745833,84.84055355616978,0.2899999916553497
BARRANQUILLA,2019,1,26.718374528556055,84.04571270120555,12.770000064745545
BARRANQUILLA,2019,2,27.003444017682778,83.37645149230957,2.889999995008111
BARRANQUILLA,2019,3,26.871344866071446,83.13116564069476,3.949999872595072
BARRANQUILLA,2019,4,27.863031005859394,83.60775293622699,28.770000176504254
BARRANQUILLA,2019,5,28.3258622305734,84.80462455749512,164.64999949000776
BARRANQUILLA,2019,6,28.225742776053316,88.18605559212821,237.56000079587102
BARRANQUILLA,2019,7,28.280575234549406,87.56993402753558,40.87000082060695
BARRANQUILLA,2019,8,28.118283299037408,90.2551656450544,77.74000051245093
BARRANQUILLA,2019,9,28.182145690917988,90.38356699262347,148.94000041298568
BARRANQUILLA,2019,10,27.673466709681936,91.56949969700405,215.80000007152557
BARRANQUILLA,2019,11,27.400946371895945,90.34924425397601,307.56000089645386
BARRANQUILLA,2019,12,27.707356480189755,88.40409197126117,90.38000033609569
BARRANQUILLA,2019,13,27.89889460972379,87.62477711268834,56.77000021748245
BARRANQUILLA,2020,1,27.234108323317326,83.41848637507512,21.24000001884997
BARRANQUILLA,2020,2,27.423814937046615,82.67171342032296,43.0
BARRANQUILLA,2020,3,27.092935725620833,82.5530640738351,10.25
BARRANQUILLA,2020,4,27.91364386422296,83.51096507481166,10.269999971613288
BARRANQUILLA,2020,5,28.57212655203685,84.58962603977749,75.29000002145767
BARRANQUILLA,2020,6,28.37214976719449,87.51022257123675,290.50999999046326
BARRANQUILLA,2020,7,28.037988281250023,88.33794239589146,188.99000183306634
BARRANQUILLA,2020,8,28.09514443533763,90.6490843636649,141.4099986385554
BARRANQUILLA,2020,9,27.573814828055266,91.78197751726422,299.90000036358833
BARRANQUILLA,2020,10,27.632034737723234,92.14943558829171,322.9700038433075
BARRANQUILLA,2020,11,27.380219486781552,89.91610745021275,256.8500002399087
BARRANQUILLA,2020,12,27.07749546595984,89.24204744611468,236.40000154078007
BARRANQUILLA,2020,13,27.39483413696291,86.46540015084403,60.110000263899565
BARRANQUILLA,2020,14,27.04956970214846,83.5305347442627,14.0
BARRANQUILLA,2021,1,26.944444274902363,83.37344796316964,10.480000011622906
BARRANQUILLA,2021,2,27.415940856933613,81.58685084751674,14.800000004470348
BARRANQUILLA,2021,3,27.16872449602401,81.38553701128278,19.939999962225556
BARRANQUILLA,2021,4,27.657355063302195,84.86104365757534,79.91999984905124
BARRANQUILLA,2021,5,27.889960043770945,84.84652927943638,60.61999970301986
BARRANQUILLA,2021,6,27.89121616908484,87.32094138009208,243.3400000333786
BARRANQUILLA,2021,7,27.79075121198383,88.14747619628906,143.8999992068857
BARRANQUILLA,2021,8,27.74955629621235,89.86224474225726,159.87000142596662
BARRANQUILLA,2021,9,27.353504071916877,91.01992470877511,353.1700032055378
BARRANQUILLA,2021,10,27.73063158307759,90.37453515189034,244.60999973118305
BARRANQUILLA,2021,11,27.25308489118305,90.21411269051688,307.8200003504753
BARRANQUILLA,2021,12,27.55701708112446,87.15762519836426,101.19000047072768
BARRANQUILLA,2021,13,27.316617290790283,85.76503137441782,24.459999864920974
BARRANQUILLA,2021,14,27.12507527669273,84.2665506998698,0.0
BARRANQUILLA,2022,1,26.862304033551915,83.15967232840401,29.230000004172325
BARRANQUILLA,2022,2,27.290893445696167,80.48012706211635,23.790000962093472
BARRANQUILLA,2022,3,27.662094007219604,81.82392856052944,63.720002816990025
BARRANQUILLA,2022,4,27.77917687552318,84.65938540867397,114.63999987393618
BARRANQUILLA,2022,5,28.055265590122787,86.25105149405343,186.92999997735023
BARRANQUILLA,2022,6,27.624569920131158,88.73963873726981,377.10999685525894
BARRANQUILLA,2022,7,27.86053237915041,88.97304044451032,227.16000250726938
BARRANQUILLA,2022,8,27.683668845040476,90.48420061383929,272.84999933838844
BARRANQUILLA,2022,9,27.724691554478255,90.83268111092704,245.15999805927277
BARRANQUILLA,2022,10,27.130949728829542,92.3011120387486,276.0499979555607
BARRANQUILLA,2022,11,27.047924477713472,91.39153970990863,360.7200025320053
BARRANQUILLA,2022,12,26.9510208129883,89.37862314496722,288.30000040493906
BARRANQUILLA,2022,13,26.973083706559827,84.51222229003906,8.879999995231628
BARRANQUILLA,2023,1,27.011740439278757,83.6100082397461,18.72999992966652
BARRANQUILLA,2023,2,26.518991088867207,81.1663646697998,0.0
BARRANQUILLA,2023,3,27.035095650809176,83.63574872698102,36.30999987758696
BARRANQUILLA,2023,4,27.429751150948675,82.39258139474052,71.29000043310225
BARRANQUILLA,2023,5,28.357547106061684,86.04522596086774,107.15000136755407
BARRANQUILLA,2023,6,28.613722011021228,87.881192616054,312.280000641942
BARRANQUILLA,2023,7,28.711241476876417,88.46080262320382,152.72000051289797
BARRANQUILLA,2023,8,28.672199140276252,90.0985472542899,72.15000046230853
BARRANQUILLA,2023,9,28.518282100132552,90.96524947030204,131.00999804586172
BARRANQUILLA,2023,10,28.56227373395649,90.88095201764789,178.77999883890152
BARRANQUILLA,2023,11,27.783646065848238,91.6006303514753,343.29999792575836
BARRANQUILLA,2023,12,28.242147064209004,88.35164288112095,125.990000564605
BARRANQUILLA,2023,13,27.910812588395768,86.95908724028489,78.91999983787537
CAMPO DE LA CRUZ,2017,1,28.435072108677474,86.38597297668457,29.19000005722046
CAMPO DE LA CRUZ,2017,2,29.07117723737446,84.71317291259766,116.65000000596046
CAMPO DE LA CRUZ,2017,3,28.89836654663088,83.04699979509626,143.75999996811152
CAMPO DE LA CRUZ,2017,4,29.482185799734953,84.76413590567452,232.5599987320602
CAMPO DE LA CRUZ,2017,5,28.42859257289344,88.45117024012974,255.01000395417213
CAMPO DE LA CRUZ,2017,6,28.4157414027623,88.9023917061942,212.5100009739399
CAMPO DE LA CRUZ,2017,7,28.64048047746933,89.2554520198277,169.77999997138977
CAMPO DE LA CRUZ,2017,8,28.338238198416597,91.22970771789551,205.02999904751778
CAMPO DE LA CRUZ,2017,9,27.626220049176915,92.79043252127511,206.26999701559544
CAMPO DE LA CRUZ,2017,10,27.45188293457033,93.01033537728446,161.35999953746796
CAMPO DE LA CRUZ,2017,11,27.93922358921598,91.31198310852051,238.5100046545267
CAMPO DE LA CRUZ,2017,12,27.49529636928015,91.31981141226632,191.48999574780464
CAMPO DE LA CRUZ,2017,13,28.248669012661658,88.43423119906721,189.98000214993954
CAMPO DE LA CRUZ,2018,1,28.023426660998133,89.48679141340584,64.89999977685511
CAMPO DE LA CRUZ,2018,2,28.639424896240257,82.56444658551898,0.7100000120699403
CAMPO DE LA CRUZ,2018,3,28.984226117815314,84.4229313986642,11.439999932423234
CAMPO DE LA CRUZ,2018,4,28.933957127162408,85.32346616472516,79.30000048317015
CAMPO DE LA CRUZ,2018,5,28.021764918736064,88.81998062133789,222.41999995708466
CAMPO DE LA CRUZ,2018,6,28.266679382324238,90.03674425397601,188.97999877482653
CAMPO DE LA CRUZ,2018,7,28.7228109087263,88.68582916259766,80.32999960891902
CAMPO DE LA CRUZ,2018,8,28.703597913469604,89.49709865025112,117.15000058710575
CAMPO DE LA CRUZ,2018,9,28.343882860456212,90.81113134111676,143.48999947309494
CAMPO DE LA CRUZ,2018,10,27.65790764944896,92.27710560389927,234.51000064611435
CAMPO DE LA CRUZ,2018,11,27.281844438825352,91.85635021754673,167.84999957680702
CAMPO DE LA CRUZ,2018,12,28.089903041294665,90.73694801330566,99.09000066295266
CAMPO DE LA CRUZ,2018,13,28.273418862479097,88.8484559740339,2.789999971166252
CAMPO DE LA CRUZ,2019,1,28.32180491480336,86.65363232842807,135.65000215172768
CAMPO DE LA CRUZ,2019,2,29.1179639543806,83.51062338692802,137.56000101566315
CAMPO DE LA CRUZ,2019,3,29.215709032331212,82.62765230451312,56.9400007147342
CAMPO DE LA CRUZ,2019,4,29.411623164585677,83.80391447884696,89.21999987214804
CAMPO DE LA CRUZ,2019,5,29.046110316685287,85.87101772853306,263.8099994249642
CAMPO DE LA CRUZ,2019,6,28.218726457868325,90.04364177158901,199.5399999320507
CAMPO DE LA CRUZ,2019,7,29.482483891078424,87.43034335545131,117.9700025767088
CAMPO DE LA CRUZ,2019,8,29.111181422642318,89.1907433101109,152.91999938338995
CAMPO DE LA CRUZ,2019,9,28.630317034040196,91.09414454868862,219.26999950408936
CAMPO DE LA CRUZ,2019,10,27.540084729875854,92.78408023289272,204.67000061273575
CAMPO DE LA CRUZ,2019,11,26.841174970354377,93.34562982831683,205.64000058174133
CAMPO DE LA CRUZ,2019,12,27.6610411507743,91.26337405613491,314.3399997726083
CAMPO DE LA CRUZ,2019,13,28.43068684169226,90.36798095703125,238.68999619595706
CAMPO DE LA CRUZ,2020,1,28.48830390343301,86.57295139019305,35.709999987855554
CAMPO DE LA CRUZ,2020,2,29.19254292079383,84.28898702348981,85.09000191092491
CAMPO DE LA CRUZ,2020,3,29.012153516496948,83.13232830592564,125.74000188708305
CAMPO DE LA CRUZ,2020,4,29.598152051653205,83.87534768240792,87.17999996617436
CAMPO DE LA CRUZ,2020,5,29.792355564662408,84.8451589856829,151.14999958127737
CAMPO DE LA CRUZ,2020,6,28.611224474225743,87.8351560320173,213.3200020492077
CAMPO DE LA CRUZ,2020,7,28.453151048932778,88.82203837803432,200.0400000642985
CAMPO DE LA CRUZ,2020,8,28.27074966430666,91.62102835518974,163.29999840259552
CAMPO DE LA CRUZ,2020,9,27.511930084228535,92.09429332188198,264.56999979168177
CAMPO DE LA CRUZ,2020,10,27.22739726475309,92.73405347551618,258.04999911785126
CAMPO DE LA CRUZ,2020,11,26.70039465767999,92.56776945931571,338.4600073695183
CAMPO DE LA CRUZ,2020,12,26.401351274762856,92.25190544128418,270.8299988210201
CAMPO DE LA CRUZ,2020,13,27.330714525495278,91.31669807434082,144.1000004708767
CAMPO DE LA CRUZ,2020,14,27.702226257324245,88.91594505310059,33.0
CAMPO DE LA CRUZ,2021,1,28.53361391339985,85.99353381565639,36.47000002861023
CAMPO DE LA CRUZ,2021,2,29.265005275181384,83.54952948434013,183.76000000536442
CAMPO DE LA CRUZ,2021,3,29.068038286481602,82.62531525748116,149.03000190854073
CAMPO DE LA CRUZ,2021,4,28.724134063720722,85.53504153660366,154.10999912023544
CAMPO DE LA CRUZ,2021,5,28.500245666503925,86.80385099138532,167.53000044822693
CAMPO DE LA CRUZ,2021,6,28.029759979248066,88.81051635742188,208.14000016450882
CAMPO DE LA CRUZ,2021,7,27.963984789167146,89.77677917480469,190.54000111296773
CAMPO DE LA CRUZ,2021,8,28.200673675537132,89.63689776829311,174.84000058472157
CAMPO DE LA CRUZ,2021,9,26.964253452846005,92.84629494803292,303.17999590933323
CAMPO DE LA CRUZ,2021,10,27.292099979945615,92.26818929399762,171.21000013500452
CAMPO DE LA CRUZ,2021,11,26.80085852486749,92.18393652779716,203.15999880433083
CAMPO DE LA CRUZ,2021,12,27.34719783238004,91.93681907653809,179.31000052392483
CAMPO DE LA CRUZ,2021,13,28.183963834322437,89.83079264714168,80.26000025495887
CAMPO DE LA CRUZ,2021,14,28.15454508463543,87.90770975748698,19.0
CAMPO DE LA CRUZ,2022,1,28.19378433227541,87.7088236127581,228.25000190734863
CAMPO DE LA CRUZ,2022,2,28.683989824567544,85.156005859375,67.70999993383884
CAMPO DE LA CRUZ,2022,3,29.142515890938913,84.52003206525531,147.40000001341105
CAMPO DE LA CRUZ,2022,4,28.76912187848774,85.62875311715263,207.89000012725592
CAMPO DE LA CRUZ,2022,5,28.192354365757556,88.96584865025112,171.72999960184097
CAMPO DE LA CRUZ,2022,6,27.57186878749304,90.625333241054,303.4800024032593
CAMPO DE LA CRUZ,2022,7,27.79076102120538,91.5905088697161,186.32000145316124
CAMPO DE LA CRUZ,2022,8,27.944821929931663,91.9004135131836,297.8500001132488
CAMPO DE LA CRUZ,2022,9,27.823474775041866,93.03001867021833,238.42999675869942
CAMPO DE LA CRUZ,2022,10,27.067709132603255,92.6872125353132,249.49999820813537
CAMPO DE LA CRUZ,2022,11,26.63272792271207,93.43588611057827,248.72999906539917
CAMPO DE LA CRUZ,2022,12,26.54551249912809,92.68243190220424,211.15999941527843
CAMPO DE LA CRUZ,2022,13,27.606341868433482,90.46864318847656,53.91999997198582
CAMPO DE LA CRUZ,2023,1,28.05693588256838,87.83929879324776,55.56999986618757
CAMPO DE LA CRUZ,2023,2,28.613502393450073,81.7685410635812,36.03999999910593
CAMPO DE LA CRUZ,2023,3,28.534716905866368,85.1861139025007,84.04999991692603
CAMPO DE LA CRUZ,2023,4,29.09548176356726,83.02700860159737,189.7000019773841
CAMPO DE LA CRUZ,2023,5,29.470335170200915,86.39804404122489,164.19999976083636
CAMPO DE LA CRUZ,2023,6,28.62401351928713,89.87660952976772,220.8500011563301
CAMPO DE LA CRUZ,2023,7,29.080940682547453,89.61078207833427,206.4999981224537
CAMPO DE LA CRUZ,2023,8,29.70432761056085,89.29823848179409,118.37999969907105
CAMPO DE LA CRUZ,2023,9,28.636551339285734,91.6361380985805,175.819999858737
CAMPO DE LA CRUZ,2023,10,28.468870871407667,92.44793728419712,192.4600003361702
CAMPO DE LA CRUZ,2023,11,27.601995631626693,92.62398529052734,238.4799997806549
CAMPO DE LA CRUZ,2023,12,27.839571162632552,91.98882702418736,125.10000105947256
CAMPO DE LA CRUZ,2023,13,29.010800276131484,88.03903145625674,225.98999997973442
CANDELARIA,2017,1,28.065748378208728,87.77165739876884,29.19000005722046
CANDELARIA,2017,2,28.674451991489978,86.15391404288155,116.65000000596046
CANDELARIA,2017,3,28.5217839922224,84.55987576075962,143.75999996811152
CANDELARIA,2017,4,29.10000000000002,86.25282314845494,232.5599987320602
CANDELARIA,2017,5,28.118268585205094,89.8578575679234,255.01000395417213
CANDELARIA,2017,6,28.12834974016464,90.32927131652832,212.5100009739399
CANDELARIA,2017,7,28.35821958269393,90.69521795000348,169.77999997138977
CANDELARIA,2017,8,28.074359784807502,92.61393656049457,205.02999904751778
CANDELARIA,2017,9,27.38754152570454,94.11464772905622,206.26999701559544
CANDELARIA,2017,10,27.2041216169085,94.3021820613316,161.35999953746796
CANDELARIA,2017,11,27.646280452183337,92.62358883449009,238.5100046545267
CANDELARIA,2017,12,27.19827423095705,92.59394373212542,191.48999574780464
CANDELARIA,2017,13,27.89791996396823,89.77061830717942,189.98000214993954
CANDELARIA,2018,1,27.672719705515917,90.77267719137258,64.89999977685511
CANDELARIA,2018,2,28.261916460309727,84.07433319091797,0.7100000120699403
CANDELARIA,2018,3,28.603255571637852,85.89039393833706,11.439999932423234
CANDELARIA,2018,4,28.575742885044658,86.79278237479073,79.30000048317015
CANDELARIA,2018,5,27.72893785749165,90.21340996878487,222.41999995708466
CANDELARIA,2018,6,27.985338374546615,91.4258392878941,188.97999877482653
CANDELARIA,2018,7,28.436477552141476,90.14339937482562,80.32999960891902
CANDELARIA,2018,8,28.423295593261738,90.93738065447126,117.15000058710575
CANDELARIA,2018,9,28.073247528076195,92.19998822893415,143.48999947309494
CANDELARIA,2018,10,27.401610129220163,93.59379032679966,234.51000064611435
CANDELARIA,2018,11,27.019500078473794,93.1516889844622,167.84999957680702
CANDELARIA,2018,12,27.76685594831196,92.03120722089496,99.09000066295266
CANDELARIA,2018,13,27.922513035365533,90.1727534702846,2.789999971166252
CANDELARIA,2019,1,27.95801644160832,88.0314967714507,135.65000215172768
CANDELARIA,2019,2,28.718486676897335,84.98956707545689,137.56000101566315
CANDELARIA,2019,3,28.823691122872507,84.1523083278111,56.9400007147342
CANDELARIA,2019,4,29.03091419764929,85.3211236681257,89.21999987214804
CANDELARIA,2019,5,28.706094905308337,87.35849516732353,263.8099994249642
CANDELARIA,2019,6,27.938780539376413,91.43138776506696,199.5399999320507
CANDELARIA,2019,7,29.161395917620002,88.92789077758789,117.9700025767088
CANDELARIA,2019,8,28.812420872279596,90.64092527117047,152.91999938338995
CANDELARIA,2019,9,28.347152056012852,92.47446496146065,219.26999950408936
CANDELARIA,2019,10,27.28982424054829,94.0854663848877,204.67000061273575
CANDELARIA,2019,11,26.599561854771224,94.59413828168597,205.64000058174133
CANDELARIA,2019,12,27.358102961948962,92.54186030796596,314.3399997726083
CANDELARIA,2019,13,28.073008837018712,91.64404296875,238.68999619595706
CANDELARIA,2020,1,28.116671987680306,87.95309066772461,35.709999987855554
CANDELARIA,2020,2,28.789503805977976,85.7424795968192,85.09000191092491
CANDELARIA,2020,3,28.628717585972396,84.63976124354771,125.74000188708305
CANDELARIA,2020,4,29.20824475969589,85.38898686000279,87.17999996617436
CANDELARIA,2020,5,29.417757197788802,86.36446734837124,151.14999958127737
CANDELARIA,2020,6,28.312827410016762,89.29323359898159,213.3200020492077
CANDELARIA,2020,7,28.178174591064472,90.27390589032855,200.0400000642985
CANDELARIA,2020,8,28.009926278250582,92.99255643572126,163.29999840259552
CANDELARIA,2020,9,27.279722922188917,93.44286101205009,264.56999979168177
CANDELARIA,2020,10,26.99204951695035,94.03815868922642,258.04999911785126
CANDELARIA,2020,11,26.46605780465264,93.842771257673,338.4600073695183
CANDELARIA,2020,12,26.156170872279596,93.49970081874302,270.8299988210201
CANDELARIA,2020,13,27.023383985246948,92.56300054277692,144.1000004708767
CANDELARIA,2020,14,27.369809722900413,90.22646522521973,33.0
CANDELARIA,2021,1,28.159520176478818,87.391355242048,36.47000002861023
CANDELARIA,2021,2,28.860037558419386,85.02865627833775,183.76000000536442
CANDELARIA,2021,3,28.6852236066546,84.15372903006417,149.03000190854073
CANDELARIA,2021,4,28.3777922494071,87.00134631565639,154.10999912023544
CANDELARIA,2021,5,28.18840288434712,88.26647594996861,167.53000044822693
CANDELARIA,2021,6,27.761184038434727,90.24254199436733,208.14000016450882
CANDELARIA,2021,7,27.713023485456212,91.20084708077567,190.54000111296773
CANDELARIA,2021,8,27.942920575823127,91.0725656236921,174.84000058472157
CANDELARIA,2021,9,26.75460641043529,94.16736602783203,303.17999590933323
CANDELARIA,2021,10,27.05002365112307,93.58177947998047,171.21000013500452
CANDELARIA,2021,11,26.55759746006559,93.46462712969098,203.15999880433083
CANDELARIA,2021,12,27.055242701939196,93.18851007734027,179.31000052392483
CANDELARIA,2021,13,27.83580815241889,91.12144822340746,80.26000025495887
CANDELARIA,2021,14,27.80091247558596,89.2495600382487,19.0
CANDELARIA,2022,1,27.835147748674682,89.0514406476702,228.25000190734863
CANDELARIA,2022,2,28.304966408865813,86.58277974809918,67.70999993383884
CANDELARIA,2022,3,28.75556553431922,85.98619897024972,147.40000001341105
CANDELARIA,2022,4,28.41990759713311,87.09074102129254,207.89000012725592
CANDELARIA,2022,5,27.8935496738979,90.35723658970424,171.72999960184097
CANDELARIA,2022,6,27.323364693777922,91.99757548740932,303.4800024032593
CANDELARIA,2022,7,27.5472977774484,92.95532253810337,186.32000145316124
CANDELARIA,2022,8,27.698656245640368,93.26290621076312,297.8500001132488
CANDELARIA,2022,9,27.57560119628908,94.34584753853935,238.42999675869942
CANDELARIA,2022,10,26.83663112095426,93.98838942391532,249.49999820813537
CANDELARIA,2022,11,26.39802158900672,94.67743083408901,248.72999906539917
CANDELARIA,2022,12,26.290608978271507,93.91122436523438,211.15999941527843
CANDELARIA,2022,13,27.284267241379332,91.73837674897293,53.91999997198582
CANDELARIA,2023,1,27.704591914585677,89.17797333853585,55.56999986618757
CANDELARIA,2023,2,28.237468610491096,83.3045289175851,36.03999999910593
CANDELARIA,2023,3,28.174663979666597,86.62979752676827,84.04999991692603
CANDELARIA,2023,4,28.73078362601146,84.5718857901437,189.7000019773841
CANDELARIA,2023,5,29.112980324881438,87.87114225115094,164.19999976083636
CANDELARIA,2023,6,28.32721099853518,91.27197647094727,220.8500011563301
CANDELARIA,2023,7,28.77878886631559,91.03905432564872,206.4999981224537
CANDELARIA,2023,8,29.378687068394274,90.74494225638253,118.37999969907105
CANDELARIA,2023,9,28.35226266043529,92.99769265311105,175.819999858737
CANDELARIA,2023,10,28.17509885515488,93.75797462463379,192.4600003361702
CANDELARIA,2023,11,27.324296569824238,93.89315414428711,238.4799997806549
CANDELARIA,2023,12,27.52693328857424,93.24131829398019,125.10000105947256
CANDELARIA,2023,13,28.62558425377157,89.3882020095299,225.98999997973442
GALAPA,2017,1,26.603471374511738,86.64205006190709,13.0
GALAPA,2017,2,27.04423839024137,85.52317346845355,82.0
GALAPA,2017,3,27.32716086251397,84.90784536089215,34.21000036038458
GALAPA,2017,4,28.202710723876972,85.88588987077985,92.84000058658421
GALAPA,2017,5,28.09395533970426,88.95697566441127,256.819997664541
GALAPA,2017,6,27.94191240583149,89.37826020377022,205.26000018790364
GALAPA,2017,7,27.73149915422714,90.36404200962612,115.41000037267804
GALAPA,2017,8,27.396585627964583,92.08247947692871,183.14000022038817
GALAPA,2017,9,27.19518596104215,93.63248688834054,178.43000169470906
GALAPA,2017,10,27.14651369367329,93.44945771353585,262.93999898433685
GALAPA,2017,11,27.222021811349073,92.21090725490025,153.37999811954796
GALAPA,2017,12,26.901116398402642,91.67178535461426,197.24000019580126
GALAPA,2017,13,27.23012169147362,87.35002662395608,41.41999990493059
GALAPA,2018,1,27.308567652209074,87.15088337865369,20.50000008381903
GALAPA,2018,2,26.82210693359377,83.57242665972028,0.0
GALAPA,2018,3,27.221516091483004,85.68916702270508,1.1999999973922963
GALAPA,2018,4,27.51779654366631,86.07543509347099,35.56000076234341
GALAPA,2018,5,27.563345663888132,89.06201526096889,205.66000042296946
GALAPA,2018,6,27.86816231863841,89.60286712646484,158.94999966397882
GALAPA,2018,7,27.431753867013136,90.54302651541573,60.709999687969685
GALAPA,2018,8,27.13101021902904,92.00399426051548,76.70000034756958
GALAPA,2018,9,27.0721750531878,93.10954557146344,131.59000009298325
GALAPA,2018,10,27.00511648995538,93.55383627755302,232.57999861240387
GALAPA,2018,11,26.77093712942943,92.15569986615863,167.21999926120043
GALAPA,2018,12,27.106741659981882,91.15316963195801,51.82000016234815
GALAPA,2018,13,26.813463374546615,87.47749301365444,0.2899999916553497
GALAPA,2019,1,26.588377012055513,86.50073031721443,12.770000064745545
GALAPA,2019,2,26.964619663783502,85.71721185956683,2.889999995008111
GALAPA,2019,3,26.90767168317524,85.44664546421596,3.949999872595072
GALAPA,2019,4,27.75636389596124,85.95641354152134,28.770000176504254
GALAPA,2019,5,28.06979958670482,87.2235883985247,164.64999949000776
GALAPA,2019,6,27.839452907017318,90.47479629516602,237.56000079587102
GALAPA,2019,7,27.70809598650253,90.24919319152832,40.87000082060695
GALAPA,2019,8,27.4223468235561,92.84202657427106,77.74000051245093
GALAPA,2019,9,27.391153499058333,93.0866870880127,148.94000041298568
GALAPA,2019,10,26.935483006068658,94.1044739314488,215.80000007152557
GALAPA,2019,11,26.75270015171598,92.8795463017055,307.56000089645386
GALAPA,2019,12,27.134686497279596,90.91307149614606,90.38000033609569
GALAPA,2019,13,27.460638209751693,89.91720526559013,56.77000021748245
GALAPA,2020,1,27.046910564716065,85.94825832660382,21.24000001884997
GALAPA,2020,2,27.33100880214148,85.10746574401855,43.0
GALAPA,2020,3,27.09719619750979,84.94178853716168,10.25
GALAPA,2020,4,27.80160184587753,85.8660945892334,10.269999971613288
GALAPA,2020,5,28.28611254010884,87.02637617928642,75.29000002145767
GALAPA,2020,6,27.976332964215974,89.87406131199428,290.50999999046326
GALAPA,2020,7,27.50555899483819,90.90856415884835,188.99000183306634
GALAPA,2020,8,27.41195504324779,93.17830984933036,141.4099986385554
GALAPA,2020,9,26.865015738351023,94.30416815621513,299.90000036358833
GALAPA,2020,10,26.904683140346005,94.6136245727539,322.9700038433075
GALAPA,2020,11,26.73366753714427,92.50957543509347,256.8500002399087
GALAPA,2020,12,26.582365744454542,91.65484809875488,236.40000154078007
GALAPA,2020,13,27.00895734514511,88.91719354901996,60.110000263899565
GALAPA,2020,14,26.800786590576195,86.17990112304688,14.0
GALAPA,2021,1,26.811498260498066,85.87474278041294,10.480000011622906
GALAPA,2021,2,27.345638166155158,84.13912391662598,14.800000004470348
GALAPA,2021,3,27.171907588413802,83.92845235552106,19.939999962225556
GALAPA,2021,4,27.56300615583149,87.07436915806362,79.91999984905124
GALAPA,2021,5,27.662612806047726,87.2998376573835,60.61999970301986
GALAPA,2021,6,27.513473946707613,89.76586614336286,243.3400000333786
GALAPA,2021,7,27.26206577845984,90.79404013497489,143.8999992068857
GALAPA,2021,8,27.08698534284321,92.52652958461216,159.87000142596662
GALAPA,2021,9,26.658029174804707,93.64862850734166,353.1700032055378
GALAPA,2021,10,26.98969530378071,93.04783984592983,244.60999973118305
GALAPA,2021,11,26.64237856183735,92.72842761448452,307.8200003504753
GALAPA,2021,12,27.0201365879604,89.78221402849469,101.19000047072768
GALAPA,2021,13,26.965007253793587,88.26104648296649,24.459999864920974
GALAPA,2021,14,26.878818766276066,86.79660288492839,0.0
GALAPA,2022,1,26.732962363106882,85.69686726161412,29.230000004172325
GALAPA,2022,2,27.224994005475743,83.17790985107422,23.790000962093472
GALAPA,2022,3,27.60026103428434,84.30938475472587,63.720002816990025
GALAPA,2022,4,27.678338623046894,86.89196831839425,114.63999987393618
GALAPA,2022,5,27.821650804792153,88.51488767351422,186.92999997735023
GALAPA,2022,6,27.30021765572686,90.99185371398926,377.10999685525894
GALAPA,2022,7,27.338134656633667,91.50392668587821,227.16000250726938
GALAPA,2022,8,27.034443882533502,93.06236757550921,272.84999933838844
GALAPA,2022,9,27.001996067592092,93.48401260375977,245.15999805927277
GALAPA,2022,10,26.46710684640069,94.73208372933524,276.0499979555607
GALAPA,2022,11,26.462307957240533,93.7638966696603,360.7200025320053
GALAPA,2022,12,26.49169856480192,91.73032651628766,288.30000040493906
GALAPA,2022,13,26.669845791520768,87.16315696979392,8.879999995231628
GALAPA,2023,1,26.861388506208165,86.09823635646275,18.72999992966652
GALAPA,2023,2,26.542008972167988,83.78072929382324,0.0
GALAPA,2023,3,27.051703752790196,85.8885018484933,36.30999987758696
GALAPA,2023,4,27.37020045689176,84.90859685625348,71.29000043310225
GALAPA,2023,5,28.084036581856882,88.3252558026995,107.15000136755407
GALAPA,2023,6,28.176829637799965,90.23176574707031,312.280000641942
GALAPA,2023,7,28.085464913504488,91.04689080374581,152.72000051289797
GALAPA,2023,8,27.902323477608835,92.71935789925712,72.15000046230853
GALAPA,2023,9,27.690021405901245,93.59795134408134,131.00999804586172
GALAPA,2023,10,27.715830012730212,93.49699865068708,178.77999883890152
GALAPA,2023,11,27.106166730608276,93.95469774518695,343.29999792575836
GALAPA,2023,12,27.623494720459007,90.84563773018974,125.990000564605
GALAPA,2023,13,27.489512160728733,89.30844905458648,78.91999983787537
JUAN DE ACOSTA,2017,1,26.713546098981602,86.85930415562221,29.319999992847443
JUAN DE ACOSTA,2017,2,27.324027906145393,85.88271631513324,137.48000000417233
JUAN DE ACOSTA,2017,3,27.704487827846002,82.91184071132115,153.98999997973442
JUAN DE ACOSTA,2017,4,28.317751639229925,85.54835673740932,174.49999928474426
JUAN DE ACOSTA,2017,5,27.664383915492486,89.56242942810059,218.75000012665987
JUAN DE ACOSTA,2017,6,27.56380887712753,90.48642975943429,223.5300023779273
JUAN DE ACOSTA,2017,7,27.449593026297453,91.00963892255511,133.42000144720078
JUAN DE ACOSTA,2017,8,27.3357864379883,92.56317847115653,170.84999899566174
JUAN DE ACOSTA,2017,9,27.062923867361906,93.49912915910993,163.56000038981438
JUAN DE ACOSTA,2017,10,26.866787392752535,93.40633773803711,173.68000020831823
JUAN DE ACOSTA,2017,11,27.10341578892301,92.47189222063336,205.15999868512154
JUAN DE ACOSTA,2017,12,26.541739218575632,92.83036858694894,211.93000215291977
JUAN DE ACOSTA,2017,13,26.971021665375826,88.96088540965113,118.51999597251415
JUAN DE ACOSTA,2018,1,27.0922280147158,89.12195587158203,35.24999972619116
JUAN DE ACOSTA,2018,2,27.33086220877513,81.03772245134626,0.9099999964237209
JUAN DE ACOSTA,2018,3,27.57750309535437,85.18360110691616,10.919999998062847
JUAN DE ACOSTA,2018,4,27.822906930106047,85.20790890284947,52.560000233352184
JUAN DE ACOSTA,2018,5,27.38867503574918,88.80157279968262,139.6000007390976
JUAN DE ACOSTA,2018,6,27.46389160156252,91.13830920628139,123.91000224649906
JUAN DE ACOSTA,2018,7,27.57254943847658,89.56149918692452,50.06999975070357
JUAN DE ACOSTA,2018,8,28.02291041782926,88.76052529471261,65.99000111036003
JUAN DE ACOSTA,2018,9,27.912254224504768,89.44326346261161,102.22999965958297
JUAN DE ACOSTA,2018,10,27.007119206019826,92.92713737487793,197.8100004941225
JUAN DE ACOSTA,2018,11,26.704206085205097,92.03940773010254,166.09000074118376
JUAN DE ACOSTA,2018,12,27.059960392543267,92.06900950840541,72.76999970711768
JUAN DE ACOSTA,2018,13,27.201292746407667,87.27774429321289,1.4899999927729366
JUAN DE ACOSTA,2019,1,27.191228090483584,85.86457719474004,88.08000001311302
JUAN DE ACOSTA,2019,2,27.749227142334,83.80948965890067,101.18000085651875
JUAN DE ACOSTA,2019,3,27.694012669154596,83.13493347167969,51.34999980777502
JUAN DE ACOSTA,2019,4,28.283829171316984,83.81143188476562,63.959999807178974
JUAN DE ACOSTA,2019,5,28.33167582920621,85.32291739327567,139.24999913573265
JUAN DE ACOSTA,2019,6,27.61955359322686,90.07104900905064,134.2499993443489
JUAN DE ACOSTA,2019,7,28.622516523088745,86.02721187046596,94.38999989442527
JUAN DE ACOSTA,2019,8,28.613319287981323,87.39378329685756,122.17000345513225
JUAN DE ACOSTA,2019,9,27.986262076241644,90.74292101178851,123.32999864965677
JUAN DE ACOSTA,2019,10,27.26792842320035,91.56134223937988,148.08000073768198
JUAN DE ACOSTA,2019,11,26.553999110630595,92.94750458853585,179.5499992966652
JUAN DE ACOSTA,2019,12,27.082729230608283,91.17190660749164,103.67000096291304
JUAN DE ACOSTA,2019,13,27.86733888898579,89.57200077601841,105.71000054478645
JUAN DE ACOSTA,2020,1,27.828136502779465,83.92609992394081,27.519999958574772
JUAN DE ACOSTA,2020,2,28.1208936418806,83.03420284816197,68.0
JUAN DE ACOSTA,2020,3,27.895232500348786,82.38188225882394,31.719999998807907
JUAN DE ACOSTA,2020,4,28.610049547467927,83.02197456359863,120.91000194288792
JUAN DE ACOSTA,2020,5,28.937787083217092,84.3680226462228,165.12000341713428
JUAN DE ACOSTA,2020,6,27.877965000697564,88.18380410330636,204.61999961733818
JUAN DE ACOSTA,2020,7,27.400907679966537,90.4651745387486,166.32000026106834
JUAN DE ACOSTA,2020,8,27.442472621372783,93.00112669808524,116.85999942943454
JUAN DE ACOSTA,2020,9,26.769601440429707,93.05302429199219,204.85999846458435
JUAN DE ACOSTA,2020,10,26.64471697126118,93.27623994009835,238.12999868392944
JUAN DE ACOSTA,2020,11,26.321006120954255,92.59877095903668,215.5500018298626
JUAN DE ACOSTA,2020,12,26.07615160260884,91.98189353942871,223.58000208437443
JUAN DE ACOSTA,2020,13,26.66663567679271,90.68334197998047,180.02999982982874
JUAN DE ACOSTA,2020,14,26.51650009155275,88.41219711303711,43.0
JUAN DE ACOSTA,2021,1,26.96539840698244,86.13867269243512,37.75999999046326
JUAN DE ACOSTA,2021,2,27.703513990129757,83.81632341657367,218.87000092864037
JUAN DE ACOSTA,2021,3,27.624558476039358,82.41759654453823,79.24000088125467
JUAN DE ACOSTA,2021,4,27.854172733851858,85.44709069388253,162.27999970316887
JUAN DE ACOSTA,2021,5,27.760666329520113,85.79896191188267,109.55000016093254
JUAN DE ACOSTA,2021,6,27.214961896623908,89.42269624982562,178.370001912117
JUAN DE ACOSTA,2021,7,27.06819850376676,90.82921954563686,184.59000051021576
JUAN DE ACOSTA,2021,8,27.092616925920776,90.81743512834821,159.0400001052767
JUAN DE ACOSTA,2021,9,26.47713895525253,93.38313211713519,267.37999957054853
JUAN DE ACOSTA,2021,10,26.843147713797453,91.87111691066197,145.99999889731407
JUAN DE ACOSTA,2021,11,26.43674294607982,92.04646301269531,207.390000551939
JUAN DE ACOSTA,2021,12,26.629612949916314,91.97776848929269,172.46999990940094
JUAN DE ACOSTA,2021,13,26.752032705453743,89.96470935528095,110.4900000654161
JUAN DE ACOSTA,2021,14,26.656233723958355,87.7986831665039,1.0
JUAN DE ACOSTA,2022,1,26.7704799107143,86.51523235866001,210.24000191316009
JUAN DE ACOSTA,2022,2,27.308263397216816,83.27891758510044,76.49000090360641
JUAN DE ACOSTA,2022,3,27.729216330392042,85.00450079781669,213.1400010883808
JUAN DE ACOSTA,2022,4,27.712226758684455,85.71227318899972,147.46000063419342
JUAN DE ACOSTA,2022,5,27.42151903424946,90.22848320007324,184.01999932527542
JUAN DE ACOSTA,2022,6,26.765021623883943,92.0116547175816,280.21000123023987
JUAN DE ACOSTA,2022,7,27.08702566964288,92.73187283107212,199.28999835252762
JUAN DE ACOSTA,2022,8,26.985116032191705,93.62913731166294,264.80999916791916
JUAN DE ACOSTA,2022,9,26.968492126464863,93.88138743809291,219.09000116586685
JUAN DE ACOSTA,2022,10,26.291942487444214,93.36890111650739,189.290000282228
JUAN DE ACOSTA,2022,11,26.294490160260896,93.09244809831891,233.15999907255173
JUAN DE ACOSTA,2022,12,26.129859815325073,93.09574099949428,262.39999809861183
JUAN DE ACOSTA,2022,13,26.539468909954227,89.10109815926387,112.11000183969736
JUAN DE ACOSTA,2023,1,26.95573468889511,87.20853178841728,53.05999997258186
JUAN DE ACOSTA,2023,2,26.82385079520091,81.89449855259487,63.10999999940395
JUAN DE ACOSTA,2023,3,27.148914773123625,86.33390508379254,128.50000009313226
JUAN DE ACOSTA,2023,4,27.6955276489258,83.17187990461078,249.47000369429588
JUAN DE ACOSTA,2023,5,28.295407322474908,87.46418217250279,129.03000010550022
JUAN DE ACOSTA,2023,6,27.859193965366927,90.53699329921177,244.2499995753169
JUAN DE ACOSTA,2023,7,28.04179970877513,91.00518417358398,253.140000551939
JUAN DE ACOSTA,2023,8,28.829060581752252,89.38869285583496,61.09000004269183
JUAN DE ACOSTA,2023,9,27.864835902622783,92.37625639779228,163.260000301525
JUAN DE ACOSTA,2023,10,27.806093379429427,93.31569153921944,164.52000168710947
JUAN DE ACOSTA,2023,11,26.994416809082043,92.77108219691685,206.36999729275703
JUAN DE ACOSTA,2023,12,27.347642517089866,92.32316289629254,96.62000066787004
JUAN DE ACOSTA,2023,13,27.62832189099544,88.82075105864426,103.47000104933977
LURUACO,2017,1,26.96512502034508,87.59422032795256,14.789999999933773
LURUACO,2017,2,27.545978558252756,86.62728736514136,68.9466666786207
LURUACO,2017,3,27.827197314065625,84.22586780124242,101.57999994564388
LURUACO,2017,4,28.496473112560476,86.37213028801811,129.8866650586327
LURUACO,2017,5,27.780197518969363,90.07036405896383,260.7633328040441
LURUACO,2017,6,27.67840492611842,90.77432977585566,247.05333407388792
LURUACO,2017,7,27.552481587727893,91.27722316318088,164.69000143226648
LURUACO,2017,8,27.42574178302101,92.73225378611731,212.4766657617357
LURUACO,2017,9,27.14291691855781,93.60831563434904,199.25000150832867
LURUACO,2017,10,26.928054397825232,93.87776505001008,206.8833352724711
LURUACO,2017,11,27.177825213235547,92.98840144323924,192.50333313312797
LURUACO,2017,12,26.643490576365668,93.37912541344052,180.30333387851715
LURUACO,2017,13,27.087777534572584,89.76068486473113,83.93666483792994
LURUACO,2018,1,27.166886229533365,90.1048733356812,48.23999902047217
LURUACO,2018,2,27.467712959410676,82.58786728268578,0.8100000077651599
LURUACO,2018,3,27.720501987517846,86.21856737893725,10.20333344923953
LURUACO,2018,4,27.93765417432031,86.24163436889648,65.17666722461581
LURUACO,2018,5,27.437878757052975,89.72658883957637,201.34666593207254
LURUACO,2018,6,27.584864007859032,91.34195681980678,173.72666880488396
LURUACO,2018,7,27.650297994462296,90.11239297049386,72.27999982030856
LURUACO,2018,8,27.958417632087844,89.92732644459558,98.54999963401093
LURUACO,2018,9,27.802714950319338,90.75188485402909,141.46000062343148
LURUACO,2018,10,27.078657313755606,93.38981879703582,250.2899991704358
LURUACO,2018,11,26.779739694746734,92.6816711728535,185.58000026146573
LURUACO,2018,12,27.14411539955747,92.58659281049457,90.98333313999076
LURUACO,2018,13,27.264984809027798,88.5119834778801,1.8299999949004908
LURUACO,2019,1,27.250282585757926,87.09784716025166,48.35666657156415
LURUACO,2019,2,27.85218479217048,85.12190836951847,52.79333381520377
LURUACO,2019,3,27.842082686651345,84.36601690262083,30.77666656465994
LURUACO,2019,4,28.393648311070052,85.10569290887743,51.49999977648258
LURUACO,2019,5,28.42115772792273,86.42563801720028,168.09333121590316
LURUACO,2019,6,27.710645233638726,90.61233823261564,189.5533332824707
LURUACO,2019,7,28.579151407877628,87.42793609982445,82.12666683561272
LURUACO,2019,8,28.483082435244633,89.04457431369357,117.34333437060317
LURUACO,2019,9,27.9618225218758,91.67392558143253,157.53000011046728
LURUACO,2019,10,27.247024790445984,92.55253628322056,191.29666788462134
LURUACO,2019,11,26.578742569211954,93.58063373868427,236.29333372910818
LURUACO,2019,12,27.112241908482165,91.90272149585542,90.2433341725005
LURUACO,2019,13,27.813497464619015,90.75126917400057,70.11666674104829
LURUACO,2020,1,27.78598774967032,85.71427894657494,15.00666664313111
LURUACO,2020,2,28.161036367265034,84.58977105882433,34.023333333432674
LURUACO,2020,3,27.95050068204367,83.80516463991195,16.246666683091057
LURUACO,2020,4,28.669543444921125,84.52733775547573,70.08333441242576
LURUACO,2020,5,28.993516964382618,85.70618169269865,115.79000142878957
LURUACO,2020,6,27.943069591219484,89.05158545478942,242.23999840683408
LURUACO,2020,7,27.48139712621298,90.79521279107955,197.68000066590807
LURUACO,2020,8,27.521859741210957,93.08870064266145,152.6499991234806
LURUACO,2020,9,26.862356591603145,93.3648852090987,271.5666661593649
LURUACO,2020,10,26.752575174967472,93.68813593425448,266.4233330090841
LURUACO,2020,11,26.358966657850498,93.11194768027654,243.4100024998188
LURUACO,2020,12,26.110698893713597,92.77381890917582,228.2233359383212
LURUACO,2020,13,26.746126520066053,91.3277345687624,107.77666647897827
LURUACO,2020,14,26.676474507649758,89.29171477423773,21.5
LURUACO,2021,1,27.16896809169226,87.03201860094828,20.18666665421592
LURUACO,2021,2,27.90755191379125,84.93221437363398,110.27000043789546
LURUACO,2021,3,27.799454292418485,83.51217278980073,42.773333716309736
LURUACO,2021,4,27.90155981154672,86.62431544349307,130.85333298270902
LURUACO,2021,5,27.75983587598046,87.09398666260735,124.58333432343271
LURUACO,2021,6,27.292586626325356,89.98127080523777,208.07000103261737
LURUACO,2021,7,27.153089262947226,91.18744147769988,198.173333880802
LURUACO,2021,8,27.19349901714025,91.26846034943112,187.28999980207948
LURUACO,2021,9,26.527590748620433,93.61822985089013,326.3966649737623
LURUACO,2021,10,26.920165967184424,92.40508164299858,192.96333319155704
LURUACO,2021,11,26.50886603461374,92.72397840590705,257.85000186496313
LURUACO,2021,12,26.711466786218097,92.54494370354546,139.4500001238452
LURUACO,2021,13,26.93592035016445,90.5990863050151,66.43000005806486
LURUACO,2021,14,26.868499868887465,88.44673241509331,0.5
LURUACO,2022,1,26.97403397333056,87.55263934059748,105.30666762507624
LURUACO,2022,2,27.495212324838807,84.54710018824017,40.43666709131665
LURUACO,2022,3,27.933106328570677,85.9620495145283,119.59000062694153
LURUACO,2022,4,27.83062975444493,86.91726778423977,162.33666692839728
LURUACO,2022,5,27.52617204454213,90.52917065696111,205.28999856445523
LURUACO,2022,6,26.898364548456126,92.11340083773175,339.51333430078296
LURUACO,2022,7,27.233974287245037,92.76647386096772,235.63333282868066
LURUACO,2022,8,27.115828268868604,93.5590758247981,293.2833319173919
LURUACO,2022,9,27.0768386719719,94.09791186499217,239.4966675043106
LURUACO,2022,10,26.392461213611448,93.82994797116234,243.12666552265486
LURUACO,2022,11,26.356436060345384,93.76550580584812,269.27333341704474
LURUACO,2022,12,26.190539780874115,93.55777440752301,266.96666624148685
LURUACO,2022,13,26.669797384327882,90.03189645233739,57.42333429141177
LURUACO,2023,1,27.08869923182899,88.20442381359283,35.58666651116477
LURUACO,2023,2,27.04905253819059,82.99550943526012,31.573333332935967
LURUACO,2023,3,27.311943369063147,87.12941272675046,85.45666733798053
LURUACO,2023,4,27.865020703512545,84.2618910774352,158.39333519173994
LURUACO,2023,5,28.384336756146165,88.26739069015261,125.09333222938909
LURUACO,2023,6,27.96914450024804,91.04492302546426,248.7799999250306
LURUACO,2023,7,28.165924447680293,91.28151672605485,230.39666670891972
LURUACO,2023,8,28.79492255316842,90.50221349322608,87.32000026996765
LURUACO,2023,9,27.902285875592934,93.00587757050046,179.3833343775736
LURUACO,2023,10,27.859846036396345,93.75954095144121,201.56666826208433
LURUACO,2023,11,27.064736332969087,93.52864304799881,257.8199985027313
LURUACO,2023,12,27.435360935756158,92.91678776816717,106.7166679335965
LURUACO,2023,13,27.788259022445995,89.66406761549442,60.563334089393415
MALAMBO,2017,1,27.09079041253955,86.66342944190616,21.410000001390777
MALAMBO,2017,2,27.557715715680825,85.488644917806,116.7933333342274
MALAMBO,2017,3,27.794489251999657,84.437010992141,70.5600005413095
MALAMBO,2017,4,28.65525788806736,85.45347604297456,154.94666702424487
MALAMBO,2017,5,28.337343924386182,88.52372759864444,292.80999742696685
MALAMBO,2017,6,28.219031633649575,88.91885266985211,245.20666656146446
MALAMBO,2017,7,28.04185983567013,89.77284758431571,156.5166675299406
MALAMBO,2017,8,27.767312440418088,91.43764777410597,225.5033338641127
MALAMBO,2017,9,27.52993963332406,92.81911495753697,209.16333501289287
MALAMBO,2017,10,27.39597236996608,93.152834211077,278.5566663642724
MALAMBO,2017,11,27.519160933721654,92.14716112046015,200.64999888961515
MALAMBO,2017,12,27.123929050990537,92.00559243701753,225.84333332876366
MALAMBO,2017,13,27.479421541060553,88.05998028283831,80.70333389441171
MALAMBO,2018,1,27.5224390490302,88.10516769584568,38.4066663129876
MALAMBO,2018,2,27.328637513660272,83.25569906688872,0.203333339343468
MALAMBO,2018,3,27.695234825497607,85.50845373244512,3.723333390429615
MALAMBO,2018,4,27.967082323346848,85.66001837594169,53.84333393846949
MALAMBO,2018,5,27.82360084170389,88.72806676228842,245.38666610543928
MALAMBO,2018,6,28.140368398030628,89.2198897770473,197.08666719247898
MALAMBO,2018,7,27.850575474330377,89.61919766380673,79.3733331374824
MALAMBO,2018,8,27.653222837902273,90.95755595252628,105.6899994785587
MALAMBO,2018,9,27.52850240071617,92.17282912844703,161.03333374857903
MALAMBO,2018,10,27.356899879092282,93.02221316382999,273.4699980715911
MALAMBO,2018,11,27.0842349461147,92.07493881952196,186.33333279192448
MALAMBO,2018,12,27.413345591227245,91.3599044254848,77.0166670748343
MALAMBO,2018,13,27.21349287487214,87.94629914419991,1.0300000111262
MALAMBO,2019,1,27.043974637437167,86.7168715904499,47.98333402102192
MALAMBO,2019,2,27.527023388090612,85.40982573372978,39.766666696717344
MALAMBO,2019,3,27.524730028424973,84.78028242928642,16.50999998922149
MALAMBO,2019,4,28.276231384277366,85.32304900033134,45.04000015680988
MALAMBO,2019,5,28.50857514880955,86.4381665729341,212.02666578876475
MALAMBO,2019,6,28.147428131103545,89.70082373846144,258.42666825900477
MALAMBO,2019,7,28.256208583286853,88.95670663742793,72.78000155587992
MALAMBO,2019,8,27.980208696637863,91.45045780000233,114.39000020176172
MALAMBO,2019,9,27.85638035365515,92.2626716977074,193.27000034724674
MALAMBO,2019,10,27.306746237618608,93.38295228140694,236.4433331489563
MALAMBO,2019,11,26.977111525762673,92.86120124090284,321.6333349943161
MALAMBO,2019,12,27.39025795346217,91.08695393516903,174.88333363706866
MALAMBO,2019,13,27.76106778099426,90.2871619633266,120.15666680472593
MALAMBO,2020,1,27.465551092685818,86.20131888756386,23.653333340461053
MALAMBO,2020,2,27.83051180158345,84.98833556402296,65.356666666766
MALAMBO,2020,3,27.623895082019647,84.38003966921852,41.10000000397364
MALAMBO,2020,4,28.35743847801574,85.18505868457612,32.99000026782354
MALAMBO,2020,5,28.81693801879885,86.19366682143438,115.9033333559831
MALAMBO,2020,6,28.297769891648095,88.94033677237374,320.16666595141095
MALAMBO,2020,7,27.85130280994236,89.95914413815453,225.6266682079683
MALAMBO,2020,8,27.807050868443106,92.19095747811454,169.01666589453816
MALAMBO,2020,9,27.22394787016372,93.26229540506998,334.9266670147578
MALAMBO,2020,10,27.20780298142208,93.75596246265229,354.65000279744464
MALAMBO,2020,11,26.89861795334591,92.37225532531738,302.11000016828376
MALAMBO,2020,12,26.695983777727424,91.92101723807198,264.10333532094955
MALAMBO,2020,13,27.199047161283975,89.54135649544853,94.9966668561101
MALAMBO,2020,14,27.077306365966834,87.17373530069986,22.333333333333332
MALAMBO,2021,1,27.26384288242887,86.06596256437756,20.33333366612593
MALAMBO,2021,2,27.86276597522556,84.21061942690895,59.05666698515415
MALAMBO,2021,3,27.70591234479634,83.40488370259604,57.573333303133644
MALAMBO,2021,4,27.94775543212893,86.51271865481422,116.94666654492418
MALAMBO,2021,5,27.960942658923948,86.8620376586914,105.29666780183713
MALAMBO,2021,6,27.78337522234238,89.03454380943661,284.5500000715256
MALAMBO,2021,7,27.58364057995027,90.07101721990675,181.3799992762506
MALAMBO,2021,8,27.489238811674596,91.34519913083031,192.01000047599277
MALAMBO,2021,9,26.9458311898368,92.92280460539318,383.590001086394
MALAMBO,2021,10,27.30090012323291,92.38748277936664,258.70333298668265
MALAMBO,2021,11,26.907075500488304,92.47588248479936,324.8033344745636
MALAMBO,2021,12,27.212875983828614,90.52197529020764,143.9300016835332
MALAMBO,2021,13,27.2975524119842,88.83983827248598,41.909999899566174
MALAMBO,2021,14,27.22673611111115,87.07669321695964,5.666666666666667
MALAMBO,2022,1,27.149167814708914,86.25092797052294,85.633334291478
MALAMBO,2022,2,27.64287065778462,83.56790179298038,43.63666734223565
MALAMBO,2022,3,28.063069552467006,84.49352782113212,95.47666886821389
MALAMBO,2022,4,28.052651614234584,86.53166362217495,152.2900003840526
MALAMBO,2022,5,28.066143471854097,88.28916295369467,208.06333283583322
MALAMBO,2022,6,27.545646195184638,90.31589217413038,404.11333096027374
MALAMBO,2022,7,27.700323268345446,90.90408906482514,254.21333488325277
MALAMBO,2022,8,27.45366457984564,92.21317481994629,333.64333315690357
MALAMBO,2022,9,27.388742792038716,92.98732058207193,286.37666451931
MALAMBO,2022,10,26.789771743047826,93.92976679120746,300.96666473150253
MALAMBO,2022,11,26.725539325532488,93.51378059387207,369.480002562205
MALAMBO,2022,12,26.670655277797177,92.05405771164668,300.23333263769746
MALAMBO,2022,13,26.964932356209616,88.12960324342222,24.770000311235588
MALAMBO,2023,1,27.226236870175345,86.72668193635486,32.53333323200544
MALAMBO,2023,2,27.063890802292622,83.246615364438,5.333333333333333
MALAMBO,2023,3,27.4605050586519,85.82187452770415,56.663333635777235
MALAMBO,2023,4,27.883673967633957,84.21083059765044,107.10666662578781
MALAMBO,2023,5,28.50473120553155,87.63235882350376,136.50666689748564
MALAMBO,2023,6,28.468555341448127,89.6956901550293,342.9666673342387
MALAMBO,2023,7,28.492648969377818,90.20519892374674,194.28333333631358
MALAMBO,2023,8,28.46664599464055,91.59218987964448,103.5266668802748
MALAMBO,2023,9,28.077896372477237,92.9036700839088,162.88333228727183
MALAMBO,2023,10,28.081170109340146,93.11943753560385,211.073332687219
MALAMBO,2023,11,27.399757821219335,93.59479586283365,349.1066650946935
MALAMBO,2023,12,27.85799942016604,91.34366416931152,138.46333485096693
MALAMBO,2023,13,27.912879715842788,89.2702574455875,143.69666663867733
MANATÍ,2017,1,28.066104234967934,86.54088837759835,108.18999999761581
MANATÍ,2017,2,29.013318634033222,84.28858511788505,163.05999997258186
MANATÍ,2017,3,29.101964024135064,82.17697007315499,187.8799996972084
MANATÍ,2017,4,29.302323368617486,85.06519753592355,204.69999957084656
MANATÍ,2017,5,28.387470136369995,87.45060430254254,221.84000121429563
MANATÍ,2017,6,28.472239794049962,88.43322127205985,223.61000069975853
MANATÍ,2017,7,28.45952758789064,89.77296175275531,154.75999969244003
MANATÍ,2017,8,28.35442995343891,91.06579698835101,188.40999966859818
MANATÍ,2017,9,27.980525316510896,91.66741616385323,177.40000046044588
MANATÍ,2017,10,27.66946291242329,91.44323921203613,167.1499993801117
MANATÍ,2017,11,27.89276548113143,90.80327960423061,236.25000005960464
MANATÍ,2017,12,27.366935076032377,90.5611103602818,215.76999953389168
MANATÍ,2017,13,27.860782176050666,88.67868436616043,167.08000038936734
MANATÍ,2018,1,27.734867701037192,88.81556912126213,55.06000008620322
MANATÍ,2018,2,28.71378533499583,82.1670229775565,1.6599999964237209
MANATÍ,2018,3,28.948694937569773,84.07171249389648,23.930000014603138
MANATÍ,2018,4,28.74659336635046,85.2808644430978,98.25000040233135
MANATÍ,2018,5,27.929382215227417,87.81786373683384,182.430002450943
MANATÍ,2018,6,28.324439893450073,89.12658963884626,144.71000101044774
MANATÍ,2018,7,28.567444283621672,89.26113074166435,81.09000057540834
MANATÍ,2018,8,28.905453164236906,89.30689811706543,106.92000004649162
MANATÍ,2018,9,28.604786900111627,90.19718660627093,134.67999994568527
MANATÍ,2018,10,27.875878361293267,91.25463621956962,182.63999880850315
MANATÍ,2018,11,27.601376015799406,90.40515490940639,167.2500014603138
MANATÍ,2018,12,27.89905155726843,90.36187090192523,102.36000049300492
MANATÍ,2018,13,28.341285596575073,87.686461857387,2.950000002980232
MANATÍ,2019,1,28.519822429788544,85.66307383570178,206.48000198602676
MANATÍ,2019,2,29.23994053431921,82.95048223223004,203.63999992609024
MANATÍ,2019,3,29.147769818987182,82.45992197309222,129.68999966979027
MANATÍ,2019,4,29.27291695731029,83.82475362505231,154.71000009775162
MANATÍ,2019,5,29.04417354038785,85.87967491149902,194.97000060975552
MANATÍ,2019,6,28.42556697300504,88.62277575901577,157.35999804735184
MANATÍ,2019,7,29.60658798217775,87.30560520717076,125.95999919995666
MANATÍ,2019,8,29.485814121791314,88.4640189579555,146.3899996969849
MANATÍ,2019,9,28.934700448172453,90.231171471732,176.59999688714743
MANATÍ,2019,10,28.097641427176363,90.44348989214215,162.89000081270933
MANATÍ,2019,11,27.348109000069766,91.11530794416156,155.58000138401985
MANATÍ,2019,12,27.90363028390069,89.98714937482562,197.4800001680851
MANATÍ,2019,13,28.620241873604932,89.26396560668945,173.59000125527382
MANATÍ,2020,1,28.90498093825122,84.75962653526894,85.97000193595886
MANATÍ,2020,2,29.459687260219045,83.18283598763603,137.12999999523163
MANATÍ,2020,3,29.369696371895945,81.96199090140206,91.43999987840652
MANATÍ,2020,4,29.843622371128642,82.67773764474052,180.07000102102757
MANATÍ,2020,5,29.73992309570314,84.88665798732212,250.9299999475479
MANATÍ,2020,6,28.640144784109953,87.01760537283761,201.12000046670437
MANATÍ,2020,7,28.42399913242887,88.87279946463448,193.1199989616871
MANATÍ,2020,8,28.435950578962068,91.08681542532784,130.50000083446503
MANATÍ,2020,9,27.724269212995274,91.06038420540946,207.16999673843384
MANATÍ,2020,10,27.496338871547174,91.40479823521206,225.0799998641014
MANATÍ,2020,11,27.161768668038516,90.65644945417132,240.34000125527382
MANATÍ,2020,12,26.88926195417133,90.09589113507953,205.69000202417374
MANATÍ,2020,13,27.526765986851306,89.54121480669293,317.04000198841095
MANATÍ,2020,14,27.4505210876465,87.89392852783203,49.0
MANATÍ,2021,1,28.43943121773858,85.59380694798061,52.89999985694885
MANATÍ,2021,2,29.35200980050225,82.86882155282157,334.2800037562847
MANATÍ,2021,3,29.097900281633667,82.38614763532367,168.5999999642372
MANATÍ,2021,4,28.622726876395102,85.1642826625279,245.42000132799149
MANATÍ,2021,5,28.33077992030554,86.5943739754813,192.149998575449
MANATÍ,2021,6,27.934456307547453,88.4941817692348,196.16000199317932
MANATÍ,2021,7,28.022159467424682,89.37743159702846,175.83000010252
MANATÍ,2021,8,28.102565656389526,89.90536635262626,168.9099989309907
MANATÍ,2021,9,27.38429903302876,91.37009075709751,223.74000307917595
MANATÍ,2021,10,27.71888994489399,90.292726789202,136.10000163316727
MANATÍ,2021,11,27.247051674979087,90.03890609741211,185.21000081300735
MANATÍ,2021,12,27.45018702915738,90.61822836739677,223.6900008916855
MANATÍ,2021,13,27.747022540752724,89.54355122492863,198.9100003838539
MANATÍ,2021,14,27.913440958658878,88.10164133707683,1.0
MANATÍ,2022,1,27.89801559448244,86.78284318106515,486.3100009858608
MANATÍ,2022,2,28.601978737967375,84.08463968549457,131.13999998569489
MANATÍ,2022,3,28.700874219621955,85.20768056597028,316.18000281602144
MANATÍ,2022,4,28.379834202357717,85.48777825491769,204.85999989509583
MANATÍ,2022,5,28.28003245762418,87.972350529262,190.61000329256058
MANATÍ,2022,6,27.60563049316408,89.26815087454659,254.99000096321106
MANATÍ,2022,7,28.046746281215142,90.61642946515765,176.11000061035156
MANATÍ,2022,8,28.010151890346002,91.5728394644601,229.27999965846539
MANATÍ,2022,9,27.969840349469884,92.01751354762486,205.84999895095825
MANATÍ,2022,10,27.225005994524288,91.42794908796039,199.90999872982502
MANATÍ,2022,11,27.11280157906671,90.89565249851772,217.76999831199646
MANATÍ,2022,12,26.960034942626972,90.70969772338867,232.34000140428543
MANATÍ,2022,13,27.562262383822752,89.20652613146552,257.55000483989716
MANATÍ,2023,1,28.038195364815866,87.16420800345284,125.93999588489532
MANATÍ,2023,2,28.449442618233835,81.92853709629604,103.39000189304352
MANATÍ,2023,3,28.368225533621672,85.1330999646868,193.3700036406517
MANATÍ,2023,4,28.939564732142873,83.23313413347516,442.51999974250793
MANATÍ,2023,5,29.32299085344589,86.47595187595913,148.18000151962042
MANATÍ,2023,6,28.670263998849066,88.89548083714077,200.55999994277954
MANATÍ,2023,7,29.07443226405554,89.5226857321603,216.53000020980835
MANATÍ,2023,8,29.90658776419505,89.35867500305176,100.0099993404001
MANATÍ,2023,9,28.817592511858276,91.294372013637,178.39999720454216
MANATÍ,2023,10,28.651076616559727,91.66963277544293,170.6900001168251
MANATÍ,2023,11,27.854630497523736,90.73873765127999,180.8799995481968
MANATÍ,2023,12,28.21614663260325,90.21767507280622,90.64999926835299
MANATÍ,2023,13,28.817665573646305,87.89067025020205,205.00000002980232
PALMAR DE VARELA,2017,1,27.74051164899555,88.50207574026925,38.230000004172325
PALMAR DE VARELA,2017,2,28.251960100446446,87.47557640075684,186.3800000026822
PALMAR DE VARELA,2017,3,28.364956883021787,85.94310706002372,143.26000090315938
PALMAR DE VARELA,2017,4,29.17187325613841,86.7715402330671,279.1599998995662
PALMAR DE VARELA,2017,5,28.38947775704522,89.24706540788922,364.78999695181847
PALMAR DE VARELA,2017,6,28.31977451869422,89.38742664882115,325.0999993085861
PALMAR DE VARELA,2017,7,28.199840436662964,89.78977285112653,238.73000184446573
PALMAR DE VARELA,2017,8,28.047535378592375,91.0446447644915,310.23000115156174
PALMAR DE VARELA,2017,9,27.751510511125854,91.96764728001186,270.6300016492605
PALMAR DE VARELA,2017,10,27.467698669433613,93.03670883178711,309.7900011241436
PALMAR DE VARELA,2017,11,27.72028612409321,92.62630680629185,295.1900004297495
PALMAR DE VARELA,2017,12,27.1991407121931,93.22034699576241,283.0499995946884
PALMAR DE VARELA,2017,13,27.640427898538544,90.54160992852573,159.27000187337399
PALMAR DE VARELA,2018,1,27.611265721814405,91.03902751001819,74.21999877132475
PALMAR DE VARELA,2018,2,28.001613507952033,85.17330605643136,0.6100000180304047
PALMAR DE VARELA,2018,3,28.28314688546319,87.26720155988421,8.770000176504254
PALMAR DE VARELA,2018,4,28.475645228794665,86.97598947797503,90.41000029072165
PALMAR DE VARELA,2018,5,27.90830110822407,89.56659698486328,324.8399974703789
PALMAR DE VARELA,2018,6,28.234271349225743,89.75727190290179,273.3600022494793
PALMAR DE VARELA,2018,7,28.229737854003925,89.19518715994698,116.70000003650784
PALMAR DE VARELA,2018,8,28.24570345197407,90.07228742327008,163.66999774053693
PALMAR DE VARELA,2018,9,28.000854928152922,91.24224472045898,219.92000105977058
PALMAR DE VARELA,2018,10,27.636512647356323,92.59148216247559,355.24999698996544
PALMAR DE VARELA,2018,11,27.313671548025972,92.53568867274693,224.55999985337257
PALMAR DE VARELA,2018,12,27.66725420270649,92.48503249032157,127.41000089980662
PALMAR DE VARELA,2018,13,27.681092289515927,90.09782491411481,2.510000050067901
PALMAR DE VARELA,2019,1,27.626458740234398,88.81318980249866,118.41000193357468
PALMAR DE VARELA,2019,2,28.315338025774288,87.02325684683663,113.5200001001358
PALMAR DE VARELA,2019,3,28.402659715924962,85.96492031642369,41.63000022247434
PALMAR DE VARELA,2019,4,28.929253605433892,86.38623319353376,77.58000011742115
PALMAR DE VARELA,2019,5,28.963510676792712,86.98380415780204,306.77999838627875
PALMAR DE VARELA,2019,6,28.305799647739978,89.62325041634696,300.1600031852722
PALMAR DE VARELA,2019,7,28.901021030971002,88.11587878635952,136.60000302642584
PALMAR DE VARELA,2019,8,28.642945861816425,90.00947380065918,187.6899995803833
PALMAR DE VARELA,2019,9,28.346606554303868,91.47678211757115,281.9300002157688
PALMAR DE VARELA,2019,10,27.61910182407926,92.62895502362933,277.72999930381775
PALMAR DE VARELA,2019,11,27.02068045479913,93.28910228184291,349.7800031900406
PALMAR DE VARELA,2019,12,27.536318533761182,92.20031465802874,343.8900002390146
PALMAR DE VARELA,2019,13,28.023189435686408,91.95042092459542,246.92999997921288
PALMAR DE VARELA,2020,1,27.969603083683914,88.42761905376727,28.47999998368323
PALMAR DE VARELA,2020,2,28.495778111049127,86.9275482722691,110.07000000029802
PALMAR DE VARELA,2020,3,28.321127646310007,85.77258818490165,102.80000001192093
PALMAR DE VARELA,2020,4,29.088699776785734,86.20570891244071,78.43000086024404
PALMAR DE VARELA,2020,5,29.467921556745274,86.71428789411273,197.13000002503395
PALMAR DE VARELA,2020,6,28.48439886910577,88.75539370945522,379.4799978733063
PALMAR DE VARELA,2020,7,28.078710719517318,89.4579748426165,298.90000095777214
PALMAR DE VARELA,2020,8,28.133021654401524,91.21196011134556,224.23000040650368
PALMAR DE VARELA,2020,9,27.4861895969936,92.02257183619908,404.9800003170967
PALMAR DE VARELA,2020,10,27.381684330531552,92.75250680106026,418.010000705719
PALMAR DE VARELA,2020,11,26.821405029296894,92.69971956525531,392.63000002503395
PALMAR DE VARELA,2020,12,26.541802978515648,93.03579602922711,319.51000288128853
PALMAR DE VARELA,2020,13,27.23421630859377,91.66658646719796,164.77000004053116
PALMAR DE VARELA,2020,14,27.298177337646507,90.24662399291992,39.0
PALMAR DE VARELA,2021,1,27.84426215035577,88.23756490434918,40.04000097513199
PALMAR DE VARELA,2021,2,28.56835000174388,86.53557450430733,147.57000094652176
PALMAR DE VARELA,2021,3,28.417271096365813,84.98401042393276,132.83999998494983
PALMAR DE VARELA,2021,4,28.31817289079941,87.4844948904855,190.99999993667006
PALMAR DE VARELA,2021,5,28.125357382638132,87.81196212768555,194.65000399947166
PALMAR DE VARELA,2021,6,27.863335091727134,89.09255463736397,366.9700001478195
PALMAR DE VARELA,2021,7,27.758682686941984,89.8502630506243,256.3399994149804
PALMAR DE VARELA,2021,8,27.83219680786135,90.20734569004604,256.28999857604504
PALMAR DE VARELA,2021,9,27.06627971104215,92.1809504372733,444.4299968481064
PALMAR DE VARELA,2021,10,27.494847324916314,91.87890815734863,286.88999949768186
PALMAR DE VARELA,2021,11,27.03456104823523,92.65156200953892,358.7700027227402
PALMAR DE VARELA,2021,12,27.23587842668808,92.53723880222866,229.4100041091442
PALMAR DE VARELA,2021,13,27.626187603290283,91.02524889432468,76.80999996885657
PALMAR DE VARELA,2021,14,27.593382771809917,89.1700668334961,17.0
PALMAR DE VARELA,2022,1,27.655596487862745,88.90255928039551,198.44000286608934
PALMAR DE VARELA,2022,2,28.14323414393835,86.43482208251953,83.33000010251999
PALMAR DE VARELA,2022,3,28.633828735351585,86.91037232535226,158.99000097066164
PALMAR DE VARELA,2022,4,28.40011640276229,87.78832898821149,227.59000140428543
PALMAR DE VARELA,2022,5,28.117976488385903,89.33318219866071,250.32999855279922
PALMAR DE VARELA,2022,6,27.569775063650972,90.2689961024693,458.11999917030334
PALMAR DE VARELA,2022,7,27.955321066720163,90.73837607247489,308.3199996352196
PALMAR DE VARELA,2022,8,27.826814814976302,91.41683006286621,455.23000079393387
PALMAR DE VARELA,2022,9,27.71391067504885,92.55728585379464,368.80999743938446
PALMAR DE VARELA,2022,10,27.001495797293547,92.991455078125,350.79999828338623
PALMAR DE VARELA,2022,11,26.851080649239698,93.53513281685966,387.00000262260437
PALMAR DE VARELA,2022,12,26.656630815778474,93.2533152444022,324.09999710321426
PALMAR DE VARELA,2022,13,27.22359934839711,90.96677109290813,56.550000943243504
PALMAR DE VARELA,2023,1,27.62637209211079,89.40988404410226,60.13999983668327
PALMAR DE VARELA,2023,2,27.76699763706754,84.86038943699428,16.0
PALMAR DE VARELA,2023,3,27.914829690115816,87.6929566519601,97.37000115215778
PALMAR DE VARELA,2023,4,28.518934413364978,85.33830860682896,178.73999901115894
PALMAR DE VARELA,2023,5,28.926784406389533,88.12150246756417,195.21999795734882
PALMAR DE VARELA,2023,6,28.595324271065863,89.94225393022809,404.340000718832
PALMAR DE VARELA,2023,7,28.851243591308613,89.80624880109515,277.40999898314476
PALMAR DE VARELA,2023,8,29.15048206874304,90.49805750165667,166.27999971620739
PALMAR DE VARELA,2023,9,28.411377389090422,92.20727729797363,226.630000770092
PALMAR DE VARELA,2023,10,28.394186728341257,92.89438002450126,275.6600003838539
PALMAR DE VARELA,2023,11,27.587950461251413,93.44462639944894,360.7199994325638
PALMAR DE VARELA,2023,12,27.966444723946726,92.88668414524624,163.4100034236908
PALMAR DE VARELA,2023,13,28.42733312146419,90.52172378013874,273.2500002402812
PIOJÓ,2017,1,26.87609386141341,87.38224033577733,9.961666664591542
PIOJÓ,2017,2,27.45777298861713,86.4171277606298,46.118888897476374
PIOJÓ,2017,3,27.75832438796919,83.89507627739478,79.06500003680034
PIOJÓ,2017,4,28.416991412450418,86.17558837567687,115.07222103741435
PIOJÓ,2017,5,27.72053654181266,90.00317499877283,250.76111059056387
PIOJÓ,2017,6,27.624460141620965,90.7453526693677,236.63277894479256
PIOJÓ,2017,7,27.506626625666577,91.2422167258288,157.22833480492787
PIOJÓ,2017,8,27.384321033134686,92.7197939958522,204.28888812219654
PIOJÓ,2017,9,27.107400613613255,93.60119551199455,193.30166781390156
PIOJÓ,2017,10,26.89439195501743,93.80372484398899,201.0994457387262
PIOJÓ,2017,11,27.138909286418315,92.88199855663159,172.61277725851093
PIOJÓ,2017,12,26.595877079232057,93.28179598611499,161.57444489002228
PIOJÓ,2017,13,27.03173176849485,89.56227448951847,66.450554256086
PIOJÓ,2018,1,27.112924876401884,89.90734232857461,46.07499923494955
PIOJÓ,2018,2,27.394886069323043,82.16386698162744,0.8266666715067839
PIOJÓ,2018,3,27.645688891536995,85.97383754467839,10.322777859452696
PIOJÓ,2018,4,27.869665390095417,86.00933383759998,63.07388931637009
PIOJÓ,2018,5,27.390644489268173,89.58717688303146,191.05555516260642
PIOJÓ,2018,6,27.52938202146503,91.33898090180897,165.42389107247195
PIOJÓ,2018,7,27.606317845097315,90.0088370186942,68.57833314845684
PIOJÓ,2018,8,27.939716573240908,89.69952869919872,93.12333330167112
PIOJÓ,2018,9,27.794846783996274,90.49674658800559,134.9216670051769
PIOJÓ,2018,10,27.042063831147722,93.30699320192691,241.54333276329217
PIOJÓ,2018,11,26.740353813373243,92.54905068937433,182.33166705403065
PIOJÓ,2018,12,27.098965934470876,92.47655950273786,87.94777764235106
PIOJÓ,2018,13,27.21383361412737,88.2177312235353,1.7733333321219236
PIOJÓ,2019,1,27.193901477097587,86.7952908629202,33.72722217330226
PIOJÓ,2019,2,27.784661219359737,84.78900770157102,36.607778074564756
PIOJÓ,2019,3,27.7646915011936,84.05000882426268,24.205555450516165
PIOJÓ,2019,4,28.32695741199314,84.80795121571374,45.57666648179293
PIOJÓ,2019,5,28.363748350597593,86.18720675271655,154.78610945337763
PIOJÓ,2019,6,27.660905557460914,90.54152937793228,180.33611112833023
PIOJÓ,2019,7,28.552868991427975,87.13462805369544,69.17055571217227
PIOJÓ,2019,8,28.4756047808935,88.72313851654214,105.64777866512951
PIOJÓ,2019,9,27.940263346515657,91.49832568092951,149.32999963230557
PIOJÓ,2019,10,27.226189943343893,92.36967459179107,184.09388978724127
PIOJÓ,2019,11,26.550134963585617,93.46893269170529,226.83611137337155
PIOJÓ,2019,12,27.078446233840243,91.74428079998681,76.73111166335919
PIOJÓ,2019,13,27.78595581458362,90.51338800299105,55.04888883398638
PIOJÓ,2020,1,27.747853927394964,85.29571502772492,10.842222193325007
PIOJÓ,2020,2,28.10364138083486,84.20662224986566,22.686111111193895
PIOJÓ,2020,3,27.889353547272872,83.4464374219299,11.075555565732495
PIOJÓ,2020,4,28.609153295446358,84.18393670944941,52.05444515744845
PIOJÓ,2020,5,28.940228691302934,85.41564909112516,95.01166752863813
PIOJÓ,2020,6,27.896917647911785,88.89665483545375,226.4699987658748
PIOJÓ,2020,7,27.438633057932403,90.74247048393127,189.20333388861684
PIOJÓ,2020,8,27.483507319859115,93.09931065796545,146.68499933238382
PIOJÓ,2020,9,26.823345761576686,93.32312921998361,260.4488881075824
PIOJÓ,2020,10,26.709617808508515,93.62057018784618,250.20777720875213
PIOJÓ,2020,11,26.32760056187869,93.00883602969861,223.51666873693466
PIOJÓ,2020,12,26.077893506408394,92.6243603216908,218.44944689891958
PIOJÓ,2020,13,26.699108620295473,91.18498161356285,80.56888872605782
PIOJÓ,2020,14,26.61024797227649,89.0801259500009,14.333333333333332
PIOJÓ,2021,1,27.087809135800338,86.78491012129203,14.115555546901845
PIOJÓ,2021,2,27.819914915700462,84.62912229507688,74.12000028623476
PIOJÓ,2021,3,27.717151331018535,83.20126500205389,30.851111348856378
PIOJÓ,2021,4,27.848029194180956,86.37856198870948,109.09111080235904
PIOJÓ,2021,5,27.7201650427763,86.83922706079231,116.57777858332352
PIOJÓ,2021,6,27.247075108119446,89.89176897523264,196.37000069574074
PIOJÓ,2021,7,27.110389943602247,91.13469949348894,183.90944488512145
PIOJÓ,2021,8,27.1504985587307,91.17861703337816,181.83166646764235
PIOJÓ,2021,9,26.497371705877743,93.5902804218272,316.5605541622197
PIOJÓ,2021,10,26.88418975910815,92.28856172511188,185.13611061898646
PIOJÓ,2021,11,26.47053621887532,92.58677939763145,249.44000149876982
PIOJÓ,2021,12,26.669089395028607,92.42750635096635,123.45333339991393
PIOJÓ,2021,13,26.86884560435588,90.44492416164475,50.02333338641458
PIOJÓ,2021,14,26.793104873468895,88.2550840024595,0.3333333333333333
PIOJÓ,2022,1,26.894122120690746,87.29350007274164,70.29555619646001
PIOJÓ,2022,2,27.41503043603647,84.21111749719691,28.445555834858506
PIOJÓ,2022,3,27.848957881221093,85.72499887779277,88.43166711843676
PIOJÓ,2022,4,27.765870444484513,86.6733494511357,155.10722270332002
PIOJÓ,2022,5,27.469965951909483,90.50398809443075,201.49499881709062
PIOJÓ,2022,6,26.84151835365903,92.14186001328564,329.6294453497286
PIOJÓ,2022,7,27.17885970261995,92.79918637351385,229.57611023717456
PIOJÓ,2022,8,27.06914709182015,93.60091399137306,278.5377767406128
PIOJÓ,2022,9,27.03140231743063,94.08396343453221,225.34555653731027
PIOJÓ,2022,10,26.351248435368635,93.75606476314485,234.15388817257352
PIOJÓ,2022,11,26.31795815765545,93.65154967736945,263.00444440267705
PIOJÓ,2022,12,26.150437543758027,93.47823451814197,259.7055544323391
PIOJÓ,2022,13,26.607735153724427,89.81969284310956,39.28777839271007
PIOJÓ,2023,1,27.020926775251137,87.96500666179354,28.748888775430345
PIOJÓ,2023,2,26.9629210335868,82.65113296710625,21.079444444013966
PIOJÓ,2023,3,27.234590532413893,86.94231079747438,67.13055607421255
PIOJÓ,2023,4,27.788902981066848,83.97815084709691,126.32277917641181
PIOJÓ,2023,5,28.32705711889522,88.11513695893464,114.24944366542277
PIOJÓ,2023,6,27.914337674902885,90.98752983537301,224.2749998746095
PIOJÓ,2023,7,28.11387597139552,91.24524030735884,205.43722234611158
PIOJÓ,2023,8,28.770358163339147,90.29430073531216,82.69833348139568
PIOJÓ,2023,9,27.870374843052478,92.90462549401339,176.69611180546107
PIOJÓ,2023,10,27.826389062467722,93.68723576661772,195.39222374724017
PIOJÓ,2023,11,27.02522658494417,93.39639134886404,249.2449981768926
PIOJÓ,2023,12,27.389243243989515,92.80245118923288,100.2838899769165
PIOJÓ,2023,13,27.723149516177536,89.45678437136752,44.96444497712784
POLONUEVO,2017,1,27.425473058791408,87.7992122286842,38.230000004172325
POLONUEVO,2017,2,27.91939915248329,86.79737817673457,186.3800000026822
POLONUEVO,2017,3,28.036271485828244,85.19433502923876,143.26000090315938
POLONUEVO,2017,4,28.82717012677876,86.53349549429757,279.1599998995662
POLONUEVO,2017,5,28.072044081915017,89.84641520182291,364.78999695181847
POLONUEVO,2017,6,28.020029049827958,90.0639132545108,325.0999993085861
POLONUEVO,2017,7,27.92280876522975,90.45487158639091,238.73000184446573
POLONUEVO,2017,8,27.783336893717472,91.79108238220215,310.23000115156174
POLONUEVO,2017,9,27.50705290294831,92.63457498096284,270.6300016492605
POLONUEVO,2017,10,27.228297714960025,93.66244761149088,309.7900011241436
POLONUEVO,2017,11,27.471898469470823,92.89490863255092,295.1900004297495
POLONUEVO,2017,12,26.943253544398743,93.52446601504371,283.0499995946884
POLONUEVO,2017,13,27.364708069549234,90.18211531365054,159.27000187337399
POLONUEVO,2018,1,27.31775221550605,90.98869034339641,74.21999877132475
POLONUEVO,2018,2,27.676567331949894,83.87948699224562,0.6100000180304047
POLONUEVO,2018,3,27.946842629568938,86.85425885518393,8.770000176504254
POLONUEVO,2018,4,28.139236886160738,86.78249404543922,90.41000029072165
POLONUEVO,2018,5,27.600575474330384,90.2455145517985,324.8399974703789
POLONUEVO,2018,6,27.93383977980843,90.53216743469238,273.3600022494793
POLONUEVO,2018,7,27.947745441255137,89.71098836263022,116.70000003650784
POLONUEVO,2018,8,27.976619611467658,90.57403573535737,163.66999774053693
POLONUEVO,2018,9,27.74906002226332,91.73068101065499,219.92000105977058
POLONUEVO,2018,10,27.391437239873998,93.1111036936442,355.24999698996544
POLONUEVO,2018,11,27.068344552176363,92.78750219799224,224.55999985337257
POLONUEVO,2018,12,27.408141617547923,92.59800792875744,127.41000089980662
POLONUEVO,2018,13,27.39714039393836,89.61531366620746,2.510000050067901
POLONUEVO,2019,1,27.321514647034416,88.17017706509294,118.41000193357468
POLONUEVO,2019,2,27.99018158685596,86.20311464582171,113.5200001001358
POLONUEVO,2019,3,28.062238856724356,85.19889540899366,41.63000022247434
POLONUEVO,2019,4,28.592641267322385,86.0287981487456,77.58000011742115
POLONUEVO,2019,5,28.641248321533226,86.98052842276437,306.77999838627875
POLONUEVO,2019,6,28.007212575276718,90.36418932960147,300.1600031852722
POLONUEVO,2019,7,28.612988862537218,88.3549246106829,136.60000302642584
POLONUEVO,2019,8,28.37413141159787,90.50528462727866,187.6899995803833
POLONUEVO,2019,9,28.090278516496955,92.03858457292829,281.9300002157688
POLONUEVO,2019,10,27.376613689604287,93.16921969822475,277.72999930381775
POLONUEVO,2019,11,26.783913094656832,93.74557377043223,349.7800031900406
POLONUEVO,2019,12,27.28531145368306,92.24048478262765,343.8900002390146
POLONUEVO,2019,13,27.74950688680015,91.95012637547084,246.92999997921288
POLONUEVO,2020,1,27.668532307942737,87.68674693963467,28.47999998368323
POLONUEVO,2020,2,28.170231846400693,86.0709335690453,110.07000000029802
POLONUEVO,2020,3,27.987215932210315,84.94413357689267,102.80000001192093
POLONUEVO,2020,4,28.747697812034996,85.79170281546456,78.43000086024404
POLONUEVO,2020,5,29.137735530308337,86.63546780177525,197.13000002503395
POLONUEVO,2020,6,28.182565852573962,89.26972516377768,379.4799978733063
POLONUEVO,2020,7,27.800210752941336,90.0553991226923,298.90000095777214
POLONUEVO,2020,8,27.871605173746765,92.03364363170806,224.23000040650368
POLONUEVO,2020,9,27.23849149431503,92.7395183926537,404.9800003170967
POLONUEVO,2020,10,27.1352238246373,93.33599944341749,418.010000705719
POLONUEVO,2020,11,26.584042939685663,93.0089408329555,392.63000002503395
POLONUEVO,2020,12,26.301520102364695,93.29723285493397,319.51000288128853
POLONUEVO,2020,13,26.96970719837009,91.58825919741676,164.77000004053116
POLONUEVO,2020,14,27.01241836547853,89.86995188395181,39.0
POLONUEVO,2021,1,27.530657704671253,87.48316183544341,40.04000097513199
POLONUEVO,2021,2,28.226758757091726,85.63407107761928,147.57000094652176
POLONUEVO,2021,3,28.072866421654133,84.00696082342238,132.83999998494983
POLONUEVO,2021,4,27.994339243570995,87.4510082971482,190.99999993667006
POLONUEVO,2021,5,27.81607226417181,88.04264168512255,194.65000399947166
POLONUEVO,2021,6,27.57473017374677,89.68864849635533,366.9700001478195
POLONUEVO,2021,7,27.484702228364515,90.51721309480213,256.3399994149804
POLONUEVO,2021,8,27.571433003743515,90.71291451227098,256.28999857604504
POLONUEVO,2021,9,26.828056953066895,92.88007945106143,444.4299968481064
POLONUEVO,2021,10,27.255396052769278,92.17960030691964,286.88999949768186
POLONUEVO,2021,11,26.792036764962354,92.913330078125,358.7700027227402
POLONUEVO,2021,12,26.9870304652623,92.65958431788853,229.4100041091442
POLONUEVO,2021,13,27.349704605493812,90.79354300865761,76.80999996885657
POLONUEVO,2021,14,27.306110636393242,88.53053029378255,17.0
POLONUEVO,2022,1,27.34592190697082,88.31370026724679,198.44000286608934
POLONUEVO,2022,2,27.81755836123514,85.49514062064034,83.33000010251999
POLONUEVO,2022,3,28.29507871355332,86.42711702982584,158.99000097066164
POLONUEVO,2022,4,28.074566141764343,87.82586588178363,227.59000140428543
POLONUEVO,2022,5,27.8072205316453,89.95927819751557,250.32999855279922
POLONUEVO,2022,6,27.273820132300994,91.17540568397159,458.11999917030334
POLONUEVO,2022,7,27.673525383358932,91.64520763215565,308.3199996352196
POLONUEVO,2022,8,27.567486426943848,92.25032306852795,455.23000079393387
POLONUEVO,2022,9,27.452518172491185,93.36720030648368,368.80999743938446
POLONUEVO,2022,10,26.759743536086326,93.59462492806571,350.79999828338623
POLONUEVO,2022,11,26.602714974539648,94.035311290196,387.00000262260437
POLONUEVO,2022,12,26.40734053112214,93.56458609444755,324.09999710321426
POLONUEVO,2022,13,26.937755751335782,90.72335499730603,56.550000943243504
POLONUEVO,2023,1,27.320185779389902,88.94520078386579,60.13999983668327
POLONUEVO,2023,2,27.4463932219006,83.49604842776344,16.0
POLONUEVO,2023,3,27.58262550717311,87.40329043070474,97.37000115215778
POLONUEVO,2023,4,28.185419791085405,84.7242285410563,178.73999901115894
POLONUEVO,2023,5,28.6042791820708,88.42553992498488,195.21999795734882
POLONUEVO,2023,6,28.289274560837544,90.76430956522623,404.340000718832
POLONUEVO,2023,7,28.561841401599725,90.47567085992723,277.40999898314476
POLONUEVO,2023,8,28.874410974411763,91.10108675275531,166.27999971620739
POLONUEVO,2023,9,28.154528735932875,92.93707629612514,226.630000770092
POLONUEVO,2023,10,28.145364198230585,93.48277627854121,275.6600003838539
POLONUEVO,2023,11,27.337253098260813,93.92792983282179,360.7199994325638
POLONUEVO,2023,12,27.705141049339684,93.10325985863095,163.4100034236908
POLONUEVO,2023,13,28.14187187107132,90.15701101018095,273.2500002402812
PONEDERA,2017,1,27.922896139962354,90.271514075143,33.71000003814697
PONEDERA,2017,2,28.49416013445175,88.92158998761859,151.51499998569489
PONEDERA,2017,3,28.48211985996793,87.29207447596959,143.5099998563528
PONEDERA,2017,4,29.188746207101026,88.0271919795445,255.85999985039234
PONEDERA,2017,5,28.29777897426062,90.33548981802804,309.8999989926815
PONEDERA,2017,6,28.259907749721002,90.49214444841657,268.8050011396408
PONEDERA,2017,7,28.3013135637556,90.87736865452358,204.25500184297562
PONEDERA,2017,8,28.076435525076743,92.39375359671456,257.6300033032894
PONEDERA,2017,9,27.577182660784057,93.68879699707031,238.4499977529049
PONEDERA,2017,10,27.339267621721554,94.56132452828544,235.57500146329403
PONEDERA,2017,11,27.688976178850464,93.98936952863421,266.8500002026558
PONEDERA,2017,12,27.20435649326871,94.40979712350028,237.27000151574612
PONEDERA,2017,13,27.77865305933461,92.11162356672615,174.6250022649765
PONEDERA,2018,1,27.663084043305513,92.60291790140086,69.55999925173819
PONEDERA,2018,2,28.16003243582591,87.07784679957798,0.6600000187754629
PONEDERA,2018,3,28.48149642944338,88.42252268110003,10.105000048875809
PONEDERA,2018,4,28.5712600708008,88.34083448137555,84.8550010221079
PONEDERA,2018,5,27.85736672537669,90.62486294337681,273.6299971342087
PONEDERA,2018,6,28.145375279017877,91.08920397077289,231.16999918967485
PONEDERA,2018,7,28.35659343174527,90.38801165989467,98.51500085741282
PONEDERA,2018,8,28.3503264290946,91.28912353515625,140.4100014269352
PONEDERA,2018,9,28.04569124494282,92.60028266906738,181.7050011754036
PONEDERA,2018,10,27.52462430681503,94.07185690743583,294.87999844551086
PONEDERA,2018,11,27.170149012974345,94.14706747872489,196.20499767363071
PONEDERA,2018,12,27.722782570975188,93.85370472499302,113.25000203587115
PONEDERA,2018,13,27.80914186750141,92.07212339128766,2.6499999966472383
PONEDERA,2019,1,27.80883599643051,90.53102138124663,127.03000193834305
PONEDERA,2019,2,28.55003781999863,88.28237479073661,125.53999996185303
PONEDERA,2019,3,28.65407769339427,87.16488265991211,49.2850001482293
PONEDERA,2019,4,29.028952898298005,87.50810732160296,83.40000000409782
PONEDERA,2019,5,28.884223284040196,88.34640911647251,285.2949978001416
PONEDERA,2019,6,28.160102190290196,91.03164999825614,249.8500052690506
PONEDERA,2019,7,29.059995269775406,89.42008290972028,127.28500178456308
PONEDERA,2019,8,28.74573832920621,91.13567134312221,170.30500146746635
PONEDERA,2019,9,28.358413587297726,92.80257851736886,250.5999969393015
PONEDERA,2019,10,27.459989166259785,94.27027239118304,241.19999939203262
PONEDERA,2019,11,26.811699894496392,95.04403877258301,277.71000242233276
PONEDERA,2019,12,27.452875845772898,93.92139135088239,329.1149999462068
PONEDERA,2019,13,28.061933135986347,93.48683112008231,242.80999974161386
PONEDERA,2020,1,28.063179955115704,90.32389303354117,32.095000037923455
PONEDERA,2020,2,28.674991498674682,88.54412378583636,97.57999999821186
PONEDERA,2020,3,28.51136877877374,87.28058460780552,114.27000047266483
PONEDERA,2020,4,29.197181592668823,87.4630685533796,82.8050000295043
PONEDERA,2020,5,29.495949227469332,87.8417728969029,174.13999961316586
PONEDERA,2020,6,28.43807972499304,89.8032717023577,296.39999955892563
PONEDERA,2020,7,28.151146915980767,90.54910060337612,249.4700049739331
PONEDERA,2020,8,28.08786708286832,92.5908682686942,193.76499649882317
PONEDERA,2020,9,27.390233067103814,93.41711725507464,334.77500554919243
PONEDERA,2020,10,27.193300955636182,94.29651505606515,338.03000020980835
PONEDERA,2020,11,26.644193267822285,94.47511345999581,365.54499912261963
PONEDERA,2020,12,26.349325343540755,94.6699709211077,295.1700015068054
PONEDERA,2020,13,27.134475599016476,93.71999958583287,154.4350003004074
PONEDERA,2020,14,27.34485778808596,92.12223815917969,36.0
PONEDERA,2021,1,28.021235220772894,89.98876489911761,38.25499999523163
PONEDERA,2021,2,28.75286690848216,88.03522518702916,165.6650000065565
PONEDERA,2021,3,28.591542816162125,86.67675808497837,140.93500002473593
PONEDERA,2021,4,28.392188916887573,88.6231929234096,172.5550000667572
PONEDERA,2021,5,28.19414781842915,89.05307170322963,181.09000113606453
PONEDERA,2021,6,27.84213136945454,90.32402556283134,287.5549975633621
PONEDERA,2021,7,27.75687125069756,91.11276054382324,223.43999862670898
PONEDERA,2021,8,27.899838474818655,91.43023218427386,215.5649984627962
PONEDERA,2021,9,26.91327274867469,93.82828603472028,373.8049983382225
PONEDERA,2021,10,27.277466256277922,93.7781502859933,229.04999762773514
PONEDERA,2021,11,26.798912484305266,94.34604590279716,280.9650011062622
PONEDERA,2021,12,27.14680797031949,94.3403012411935,204.35999897122383
PONEDERA,2021,13,27.740318650465763,92.85917810293344,78.53500001877546
PONEDERA,2021,14,27.705504353841167,91.23880004882812,18.0
PONEDERA,2022,1,27.765108816964304,90.94636372157505,213.34500001370907
PONEDERA,2022,2,28.25367398943222,88.60895129612514,75.52000007033348
PONEDERA,2022,3,28.738041360037688,88.27592441013881,153.1950002387166
PONEDERA,2022,4,28.45518319266185,88.80496951511928,217.74000072479248
PONEDERA,2022,5,28.046779523577026,90.56417846679688,211.03000062704086
PONEDERA,2022,6,27.478389086042146,91.5429927280971,380.80000138282776
PONEDERA,2022,7,27.777389417375854,92.196015221732,247.32000011205673
PONEDERA,2022,8,27.776368713378922,92.82510648454938,376.54000279307365
PONEDERA,2022,9,27.65562046595984,94.05671637398856,303.6199969649315
PONEDERA,2022,10,26.920920126778757,94.42898450578961,300.1499988436699
PONEDERA,2022,11,26.628252737862738,95.21220997401646,317.8650015294552
PONEDERA,2022,12,26.47602506365097,94.94385228838239,267.62999364733696
PONEDERA,2022,13,27.261709489493555,93.07170946844693,55.23499993234873
PONEDERA,2023,1,27.685976736886175,91.23224067687988,57.85499948263168
PONEDERA,2023,2,28.024125671386738,86.62459073747907,26.019999999552965
PONEDERA,2023,3,28.081409890311125,88.89299365452358,90.710001652129
PONEDERA,2023,4,28.66882095336916,86.7216020311628,184.2200002297759
PONEDERA,2023,5,29.062324414934444,89.04913439069476,179.70999845676124
PONEDERA,2023,6,28.50189852033344,91.11189379010882,312.5950006246567
PONEDERA,2023,7,28.84527468000141,91.0194503239223,241.95499908924103
PONEDERA,2023,8,29.287886374337354,91.41500990731376,142.32999899424613
PONEDERA,2023,9,28.39401234218054,93.3596602848598,201.22500231862068
PONEDERA,2023,10,28.296285247802754,94.28393718174526,234.06000092625618
PONEDERA,2023,11,27.46422783987865,94.8561259678432,299.6000032424927
PONEDERA,2023,12,27.759138815743597,94.51258414132255,144.25500319898129
PONEDERA,2023,13,28.543317807953947,91.95289453966865,249.6200004890561
PUERTO COLOMBIA,2017,1,26.51211536952429,84.50031089782715,13.0
PUERTO COLOMBIA,2017,2,26.873004804338752,83.64836175101144,82.0
PUERTO COLOMBIA,2017,3,27.1396810259138,83.18103109087262,34.21000036038458
PUERTO COLOMBIA,2017,4,28.140642329624743,84.27247646876744,92.84000058658421
PUERTO COLOMBIA,2017,5,28.139751870291594,87.48520905630929,256.819997664541
PUERTO COLOMBIA,2017,6,28.156253705705932,87.54193769182477,205.26000018790364
PUERTO COLOMBIA,2017,7,28.12161189488004,88.15132577078683,115.41000037267804
PUERTO COLOMBIA,2017,8,27.90325644356866,89.61571012224469,183.14000022038817
PUERTO COLOMBIA,2017,9,27.779715837751134,91.02946390424457,178.43000169470906
PUERTO COLOMBIA,2017,10,27.72425286429271,90.70923505510602,262.93999898433685
PUERTO COLOMBIA,2017,11,27.726508985246955,89.44124467032296,153.37999811954796
PUERTO COLOMBIA,2017,12,27.215793500627807,89.1714654650007,197.24000019580126
PUERTO COLOMBIA,2017,13,27.408162294585143,84.79061731798896,41.41999990493059
PUERTO COLOMBIA,2018,1,27.311965100518606,85.04673898631128,20.50000008381903
PUERTO COLOMBIA,2018,2,26.626887076241648,81.44300896780831,0.0
PUERTO COLOMBIA,2018,3,27.01683578491213,84.05560793195453,1.1999999973922963
PUERTO COLOMBIA,2018,4,27.381473432268432,84.48980631147113,35.56000076234341
PUERTO COLOMBIA,2018,5,27.553249795096285,87.61550303867885,205.66000042296946
PUERTO COLOMBIA,2018,6,28.070357622419102,87.81159673418317,158.94999966397882
PUERTO COLOMBIA,2018,7,27.78218776157926,88.37074879237584,60.709999687969685
PUERTO COLOMBIA,2018,8,27.61186316353936,89.54194477626255,76.70000034756958
PUERTO COLOMBIA,2018,9,27.644698442731602,90.4497263772147,131.59000009298325
PUERTO COLOMBIA,2018,10,27.56765736171179,90.82658931187221,232.57999861240387
PUERTO COLOMBIA,2018,11,27.227483367919938,89.37102726527623,167.21999926120043
PUERTO COLOMBIA,2018,12,27.464142281668547,88.57345417567662,51.82000016234815
PUERTO COLOMBIA,2018,13,26.951360321044945,84.90685871669224,0.2899999916553497
PUERTO COLOMBIA,2019,1,26.515727286503253,84.29871815648572,12.770000064745545
PUERTO COLOMBIA,2019,2,26.79389779227122,83.84269659859794,2.889999995008111
PUERTO COLOMBIA,2019,3,26.666503252301915,83.77866853986468,3.949999872595072
PUERTO COLOMBIA,2019,4,27.648897334507552,84.36014311654228,28.770000176504254
PUERTO COLOMBIA,2019,5,28.113430459158785,85.55988202776227,164.64999949000776
PUERTO COLOMBIA,2019,6,28.024290793282663,88.80907549176898,237.56000079587102
PUERTO COLOMBIA,2019,7,28.0881913321359,88.0580667768206,40.87000082060695
PUERTO COLOMBIA,2019,8,27.93255876813618,90.49968773978097,77.74000051245093
PUERTO COLOMBIA,2019,9,27.994176483154316,90.43263789585659,148.94000041298568
PUERTO COLOMBIA,2019,10,27.487651715959846,91.44605990818569,215.80000007152557
PUERTO COLOMBIA,2019,11,27.211460004534057,90.17660713195801,307.56000089645386
PUERTO COLOMBIA,2019,12,27.50422330583847,88.28892735072544,90.38000033609569
PUERTO COLOMBIA,2019,13,27.68370862688339,87.6324280330113,56.77000021748245
PUERTO COLOMBIA,2020,1,27.022540517953743,83.6867338327261,21.24000001884997
PUERTO COLOMBIA,2020,2,27.20729707990375,83.14475849696568,43.0
PUERTO COLOMBIA,2020,3,26.884827641078427,83.20592062813895,10.25
PUERTO COLOMBIA,2020,4,27.69857777186804,84.26247596740723,10.269999971613288
PUERTO COLOMBIA,2020,5,28.355902426583448,85.34947722298759,75.29000002145767
PUERTO COLOMBIA,2020,6,28.167638942173568,88.15048463003976,290.50999999046326
PUERTO COLOMBIA,2020,7,27.84868338448663,88.81746319362095,188.99000183306634
PUERTO COLOMBIA,2020,8,27.908995383126417,90.89335060119629,141.4099986385554
PUERTO COLOMBIA,2020,9,27.395101710728255,91.81064142499652,299.90000036358833
PUERTO COLOMBIA,2020,10,27.44630693708149,92.01915986197335,322.9700038433075
PUERTO COLOMBIA,2020,11,27.191092245919382,89.75282151358468,256.8500002399087
PUERTO COLOMBIA,2020,12,26.88423908778601,89.10840252467564,236.40000154078007
PUERTO COLOMBIA,2020,13,27.18859416416715,86.49027987888881,60.110000263899565
PUERTO COLOMBIA,2020,14,26.84446868896486,83.70018577575684,14.0
PUERTO COLOMBIA,2021,1,26.73724626813618,83.67015947614398,10.480000011622906
PUERTO COLOMBIA,2021,2,27.1989445277623,82.11508750915527,14.800000004470348
PUERTO COLOMBIA,2021,3,26.959569549560566,82.08745384216309,19.939999962225556
PUERTO COLOMBIA,2021,4,27.448297119140644,85.59897259303501,79.91999984905124
PUERTO COLOMBIA,2021,5,27.68685357230052,85.59654481070382,60.61999970301986
PUERTO COLOMBIA,2021,6,27.69776905604773,87.94382231576103,243.3400000333786
PUERTO COLOMBIA,2021,7,27.60635038103378,88.59878485543388,143.8999992068857
PUERTO COLOMBIA,2021,8,27.569340733119436,90.08611161368233,159.87000142596662
PUERTO COLOMBIA,2021,9,27.178442164829818,91.03182710920062,353.1700032055378
PUERTO COLOMBIA,2021,10,27.542759377615813,90.25820732116699,244.60999973118305
PUERTO COLOMBIA,2021,11,27.063945116315587,90.04100963047573,307.8200003504753
PUERTO COLOMBIA,2021,12,27.355414145333445,87.07693045479911,101.19000047072768
PUERTO COLOMBIA,2021,13,27.110411189152664,85.82398341252254,24.459999864920974
PUERTO COLOMBIA,2021,14,26.91870524088543,84.44165802001953,0.0
PUERTO COLOMBIA,2022,1,26.656763785226023,83.45391382489886,29.230000004172325
PUERTO COLOMBIA,2022,2,27.0769472394671,81.02266693115234,23.790000962093472
PUERTO COLOMBIA,2022,3,27.445264979771224,82.51221302577427,63.720002816990025
PUERTO COLOMBIA,2022,4,27.567035566057495,85.39899444580078,114.63999987393618
PUERTO COLOMBIA,2022,5,27.847909000941705,86.97561264038086,186.92999997735023
PUERTO COLOMBIA,2022,6,27.43312279837474,89.33969579424176,377.10999685525894
PUERTO COLOMBIA,2022,7,27.673558262416314,89.41478620256696,227.16000250726938
PUERTO COLOMBIA,2022,8,27.504324667794386,90.70301900591168,272.84999933838844
PUERTO COLOMBIA,2022,9,27.5414874485561,90.85472706386021,245.15999805927277
PUERTO COLOMBIA,2022,10,26.952488381522056,92.15162713187081,276.0499979555607
PUERTO COLOMBIA,2022,11,26.8619939531599,91.19634328569684,360.7200025320053
PUERTO COLOMBIA,2022,12,26.758473968505882,89.25221906389508,288.30000040493906
PUERTO COLOMBIA,2022,13,26.771902886752446,84.59873594086746,8.879999995231628
PUERTO COLOMBIA,2023,1,26.80360074724472,83.88877023969378,18.72999992966652
PUERTO COLOMBIA,2023,2,26.317926570347396,81.68890925816127,0.0
PUERTO COLOMBIA,2023,3,26.828031703404037,84.28382274082729,36.30999987758696
PUERTO COLOMBIA,2023,4,27.22349973406113,83.1734676361084,71.29000043310225
PUERTO COLOMBIA,2023,5,28.14591369628908,86.77481297084263,107.15000136755407
PUERTO COLOMBIA,2023,6,28.405446624755875,88.50174113682338,312.280000641942
PUERTO COLOMBIA,2023,7,28.510847255161853,88.91921942574638,152.72000051289797
PUERTO COLOMBIA,2023,8,28.477207619803316,90.33190781729562,72.15000046230853
PUERTO COLOMBIA,2023,9,28.323616463797453,90.99062810625348,131.00999804586172
PUERTO COLOMBIA,2023,10,28.36163755144394,90.76269803728376,178.77999883890152
PUERTO COLOMBIA,2023,11,27.585822405133946,91.40221241542271,343.29999792575836
PUERTO COLOMBIA,2023,12,28.028363800048847,88.2424259185791,125.990000564605
PUERTO COLOMBIA,2023,13,27.694254592369365,86.99294965020542,78.91999983787537
REPELÓN,2017,1,27.421149250817695,87.45508967000971,53.91833333450335
REPELÓN,2017,2,28.123297486481864,86.05787955390083,81.6455555577521
REPELÓN,2017,3,28.32099247685187,83.87369341572756,113.02833310500891
REPELÓN,2017,4,28.844571564689534,86.13302794966117,141.47222058392234
REPELÓN,2017,5,28.04228270192628,89.2642998670144,253.4577778209415
REPELÓN,2017,6,27.99696133325973,90.02293738107834,241.3261114116068
REPELÓN,2017,7,27.900685216510134,90.81080913039112,166.50833414632964
REPELÓN,2017,8,27.776725256379972,92.18922797712699,211.30888803689567
REPELÓN,2017,9,27.45763602282006,92.96846926653826,197.91500152012816
REPELÓN,2017,10,27.208853012165722,93.14029664337319,199.08944617542954
REPELÓN,2017,11,27.455054562684747,92.36643038351069,198.30944464990387
REPELÓN,2017,12,26.932252240054847,92.53711648971316,179.68777713179588
REPELÓN,2017,13,27.401491514476355,89.59842840708687,104.30388917760165
REPELÓN,2018,1,27.410174739832794,89.87263627131476,52.678332494571805
REPELÓN,2018,2,27.955897308026696,82.87158614870101,1.0766666735763897
REPELÓN,2018,3,28.204712733516008,85.74767891818253,14.659444560814233
REPELÓN,2018,4,28.275289355888596,86.1536782582601,78.30388952543339
REPELÓN,2018,5,27.64894751089593,89.22975909520709,205.3322222078288
REPELÓN,2018,6,27.886871289450053,90.60647701081776,172.35722393915057
REPELÓN,2018,7,27.99999357354707,89.93219484601703,78.91833341052687
REPELÓN,2018,8,28.29279720165113,89.94831474748239,106.76666610384429
REPELÓN,2018,9,28.07794043323983,90.8221237041332,145.73833401577065
REPELÓN,2018,10,27.380991145542716,92.76091686632267,236.4866654569352
REPELÓN,2018,11,27.09300434980445,92.0554529018503,182.71833386851682
REPELÓN,2018,12,27.440910250547734,91.95505214872814,97.81111108863519
REPELÓN,2018,13,27.674902933110655,88.53106185872718,2.2599999937056383
REPELÓN,2019,1,27.72984364242848,86.92214568273317,106.52722309253834
REPELÓN,2019,2,28.38229361236413,84.73100032503643,103.09444444930112
REPELÓN,2019,3,28.354702916221036,84.04666000446944,67.15222204718049
REPELÓN,2019,4,28.753428758893715,84.97645484076607,89.1600000038743
REPELÓN,2019,5,28.686239042736258,86.48208157978361,179.69277610971284
REPELÓN,2019,6,27.99869215627199,90.01995959609904,188.03944369157156
REPELÓN,2019,7,28.947912682427326,87.68046718173557,91.52722208050115
REPELÓN,2019,8,28.824803985111334,89.17249165893233,124.72111042102593
REPELÓN,2019,9,28.30767433933482,91.36860744536868,175.91999887840615
REPELÓN,2019,10,27.551398516458203,92.03238251095726,189.0305569580308
REPELÓN,2019,11,26.8638056517909,92.87055952082235,218.84611196981535
REPELÓN,2019,12,27.40983370826361,91.42263815138075,130.5011115366662
REPELÓN,2019,13,28.109953917649708,90.49338248923972,99.84222266057299
REPELÓN,2020,1,28.19711930147266,85.81462539498963,43.99222317510457
REPELÓN,2020,2,28.651314984679875,84.50394151072022,68.5627777762711
REPELÓN,2020,3,28.484713046765226,83.54950061172404,45.648888865554774
REPELÓN,2020,4,29.12129323646508,84.25420543125698,97.10777840887506
REPELÓN,2020,5,29.295607281235814,85.7235397258133,149.94833292784514
REPELÓN,2020,6,28.221579932157358,88.52852271347449,231.13666540108346
REPELÓN,2020,7,27.838361863232194,90.20715065607949,205.47000020845897
REPELÓN,2020,8,27.864909108479832,92.41079555491292,151.23166615157214
REPELÓN,2020,9,27.18867162876031,92.63847419698402,261.21888773750374
REPELÓN,2020,10,27.04345377361966,92.9945891143153,252.35777776108847
REPELÓN,2020,11,26.657933423884987,92.39655992215273,246.11333616574606
REPELÓN,2020,12,26.40302530117138,92.0306349052954,219.1527803396737
REPELÓN,2020,13,27.053357575431733,90.87498093660545,174.4055563862677
REPELÓN,2020,14,27.000716569688613,89.03737484967267,24.5
REPELÓN,2021,1,27.6736147562663,86.79972319628196,27.495555495774305
REPELÓN,2021,2,28.47667487411905,84.54750884525359,167.7566685212983
REPELÓN,2021,3,28.314572583556828,83.44773885938856,85.8044443562351
REPELÓN,2021,4,28.1954794505286,86.38339130462161,157.80444461148647
REPELÓN,2021,5,27.98982139062631,87.18220870204705,151.444444814214
REPELÓN,2021,6,27.552054704938637,89.5750762899086,205.80000073600698
REPELÓN,2021,7,27.485478650451352,90.63684683502036,182.82277828372187
REPELÓN,2021,8,27.539521688632885,90.90393899988246,185.78833284615368
REPELÓN,2021,9,26.843379219499244,92.89679958202221,302.0138884871094
REPELÓN,2021,10,27.222383501163886,91.81748327628645,181.83611191133107
REPELÓN,2021,11,26.793257730473933,91.966153311351,242.04666854717115
REPELÓN,2021,12,27.000084258387353,92.02014261074167,162.36000043705658
REPELÓN,2021,13,27.273362492835776,90.40140342168999,107.66333350497816
REPELÓN,2021,14,27.29220856089654,88.5233504683883,0.5
REPELÓN,2022,1,27.36193969968767,87.55517988860923,243.15222271255874
REPELÓN,2022,2,27.944316351350672,84.72892937836824,66.82888883573037
REPELÓN,2022,3,28.27317740627069,85.94764383507784,164.94500153180627
REPELÓN,2022,4,28.07845721370962,86.68468960756978,179.07388880904074
REPELÓN,2022,5,27.833664941535453,89.70207984359176,203.8583332211883
REPELÓN,2022,6,27.190966058155873,91.1365250077828,321.22277880598
REPELÓN,2022,7,27.56001286986015,92.0170798831516,221.84944468074374
REPELÓN,2022,8,27.460617319742862,92.8551588714438,272.1944430078621
REPELÓN,2022,9,27.419942252345837,93.41839418966303,222.93222228686014
REPELÓN,2022,10,26.7111889188252,93.10316488477919,237.69388727512626
REPELÓN,2022,11,26.647035802609093,92.92284416521667,258.04111072972967
REPELÓN,2022,12,26.487140405241167,92.68795540219261,262.01888977156744
REPELÓN,2022,13,27.029347948096287,89.96897662127459,129.93444688066288
REPELÓN,2023,1,27.472970399402463,88.09710236201211,69.04222006902651
REPELÓN,2023,2,27.60198073614213,82.98422845709261,51.672778726451924
REPELÓN,2023,3,27.741390260565236,86.65107706867198,113.25389117947607
REPELÓN,2023,4,28.299319768835012,84.20271232645348,249.00611129347922
REPELÓN,2023,5,28.754501092497033,87.82249814997274,131.13277722343253
REPELÓN,2023,6,28.257657825126874,90.38583548611435,215.04499998136802
REPELÓN,2023,7,28.520808862756816,90.731516146786,206.9005555720241
REPELÓN,2023,8,29.19004201333991,90.32894675441521,96.00500008201709
REPELÓN,2023,9,28.23929912022184,92.5366277946997,181.90944455867563
REPELÓN,2023,10,28.157046537046092,93.1352100775986,197.44889006184206
REPELÓN,2023,11,27.367544135845556,92.73092628156067,240.74833251039186
REPELÓN,2023,12,27.741740526471837,92.13142011531447,99.96055633519535
REPELÓN,2023,13,28.196504045781225,89.28021840452386,109.30777803829147
SABANAGRANDE,2017,1,27.632840728759785,86.90543583461216,38.230000004172325
SABANAGRANDE,2017,2,28.13092302594868,85.83290181841168,186.3800000026822
SABANAGRANDE,2017,3,28.252297428676084,84.12742015293666,143.26000090315938
SABANAGRANDE,2017,4,29.0520585196359,85.52022470746722,279.1599998995662
SABANAGRANDE,2017,5,28.299134281703424,88.99634633745465,364.78999695181847
SABANAGRANDE,2017,6,28.250860922677195,89.22610855102539,325.0999993085861
SABANAGRANDE,2017,7,28.154809570312523,89.64735903058734,238.73000184446573
SABANAGRANDE,2017,8,28.013961138044102,91.06956481933594,310.23000115156174
SABANAGRANDE,2017,9,27.73295473371235,91.9764575958252,270.6300016492605
SABANAGRANDE,2017,10,27.44802137102402,93.07564217703683,309.7900011241436
SABANAGRANDE,2017,11,27.686937495640368,92.28081539699009,295.1900004297495
SABANAGRANDE,2017,12,27.151485879080656,92.9468514578683,283.0499995946884
SABANAGRANDE,2017,13,27.5714444916824,89.42577782992659,159.27000187337399
SABANAGRANDE,2018,1,27.524008073477923,90.26087241337217,74.21999877132475
SABANAGRANDE,2018,2,27.886895206996392,82.76471192496163,0.6100000180304047
SABANAGRANDE,2018,3,28.1626405988421,85.87390054975238,8.770000176504254
SABANAGRANDE,2018,4,28.361287689209004,85.78256280081612,90.41000029072165
SABANAGRANDE,2018,5,27.825542885916594,89.41623714991978,324.8399974703789
SABANAGRANDE,2018,6,28.164278193882556,89.71839414324079,273.3600022494793
SABANAGRANDE,2018,7,28.179968043736068,88.86448124476841,116.70000003650784
SABANAGRANDE,2018,8,28.20812159946988,89.7888616834368,163.66999774053693
SABANAGRANDE,2018,9,27.976185280936125,91.02508708408901,219.92000105977058
SABANAGRANDE,2018,10,27.61211111886163,92.49519157409668,355.24999698996544
SABANAGRANDE,2018,11,27.28211855207173,92.1675387791225,224.55999985337257
SABANAGRANDE,2018,12,27.61822880336219,91.97246497017997,127.41000089980662
SABANAGRANDE,2018,13,27.604390171596002,88.83020292009626,2.510000050067901
SABANAGRANDE,2019,1,27.52815793793779,87.29708993845972,118.41000193357468
SABANAGRANDE,2019,2,28.20147421700616,85.2093118940081,113.5200001001358
SABANAGRANDE,2019,3,28.278388323102696,84.13351222446987,41.63000022247434
SABANAGRANDE,2019,4,28.8160361153739,84.99032456534249,77.58000011742115
SABANAGRANDE,2019,5,28.87006149291994,85.98243577139718,306.77999838627875
SABANAGRANDE,2019,6,28.2377023969378,89.54152870178223,300.1600031852722
SABANAGRANDE,2019,7,28.84764360700337,87.43775858197894,136.60000302642584
SABANAGRANDE,2019,8,28.60704520089288,89.71587126595634,187.6899995803833
SABANAGRANDE,2019,9,28.318874795096285,91.34822654724121,281.9300002157688
SABANAGRANDE,2019,10,27.59734715053015,92.55573190961566,277.72999930381775
SABANAGRANDE,2019,11,26.99663369315013,93.17488125392369,349.7800031900406
SABANAGRANDE,2019,12,27.494871303013408,91.5964469909668,343.8900002390146
SABANAGRANDE,2019,13,27.95769925798691,91.28618948800224,246.92999997921288
SABANAGRANDE,2020,1,27.876206970214866,86.78839375422551,28.47999998368323
SABANAGRANDE,2020,2,28.3820499965123,85.07099424089704,110.07000000029802
SABANAGRANDE,2020,3,28.202712358747227,83.86624499729702,102.80000001192093
SABANAGRANDE,2020,4,28.971556418282663,84.74142156328473,78.43000086024404
SABANAGRANDE,2020,5,29.368307822091257,85.61968885149274,197.13000002503395
SABANAGRANDE,2020,6,28.413634055001417,88.39023835318429,379.4799978733063
SABANAGRANDE,2020,7,28.031735447474908,89.22576441083636,298.90000095777214
SABANAGRANDE,2020,8,28.10261470249723,91.32265417916435,224.23000040650368
SABANAGRANDE,2020,9,27.46403764997212,92.08472633361816,404.9800003170967
SABANAGRANDE,2020,10,27.355467551095167,92.73056057521275,418.010000705719
SABANAGRANDE,2020,11,26.796308135986347,92.3997881753104,392.63000002503395
SABANAGRANDE,2020,12,26.507533918108276,92.70788519723075,319.51000288128853
SABANAGRANDE,2020,13,27.175030190604094,90.90592166355678,164.77000004053116
SABANAGRANDE,2020,14,27.21742401123049,89.0925121307373,39.0
SABANAGRANDE,2021,1,27.73837160382954,86.57182012285504,40.04000097513199
SABANAGRANDE,2021,2,28.439866638183613,84.60796546936035,147.57000094652176
SABANAGRANDE,2021,3,28.28992614746096,82.87728772844586,132.83999998494983
SABANAGRANDE,2021,4,28.21610412597658,86.48435701642718,190.99999993667006
SABANAGRANDE,2021,5,28.042395346505323,87.09899248395648,194.65000399947166
SABANAGRANDE,2021,6,27.80390810285298,88.83184378487724,366.9700001478195
SABANAGRANDE,2021,7,27.715163530622227,89.71395083836147,256.3399994149804
SABANAGRANDE,2021,8,27.801080322265644,89.93695640563965,256.28999857604504
SABANAGRANDE,2021,9,27.051121738978814,92.23606027875628,444.4299968481064
SABANAGRANDE,2021,10,27.47481634957452,91.51719120570591,286.88999949768186
SABANAGRANDE,2021,11,27.00414864676341,92.30077634538922,358.7700027227402
SABANAGRANDE,2021,12,27.194859531947564,92.03711782182965,229.4100041091442
SABANAGRANDE,2021,13,27.55635223388674,90.06873174814078,76.80999996885657
SABANAGRANDE,2021,14,27.512124633789085,87.68237559000652,17.0
SABANAGRANDE,2022,1,27.552861240931936,87.44594546726772,198.44000286608934
SABANAGRANDE,2022,2,28.02861557006838,84.46256147112165,83.33000010251999
SABANAGRANDE,2022,3,28.51252245221821,85.423342023577,158.99000097066164
SABANAGRANDE,2022,4,28.296452004568938,86.87904248918805,227.59000140428543
SABANAGRANDE,2022,5,28.033374132428868,89.11492265973773,250.32999855279922
SABANAGRANDE,2022,6,27.50210342407229,90.39532552446637,458.11999917030334
SABANAGRANDE,2022,7,27.90486134120398,90.89981869288853,308.3199996352196
SABANAGRANDE,2022,8,27.797141374860512,91.55325126647949,455.23000079393387
SABANAGRANDE,2022,9,27.67865524291994,92.74768665858677,368.80999743938446
SABANAGRANDE,2022,10,26.97775203159879,93.0048828125,350.79999828338623
SABANAGRANDE,2022,11,26.814579445975188,93.48053795950753,387.00000262260437
SABANAGRANDE,2022,12,26.613357979910734,92.989013671875,324.09999710321426
SABANAGRANDE,2022,13,27.143303391029114,89.99464758511247,56.550000943243504
SABANAGRANDE,2023,1,27.526897321428596,88.11073221479144,60.13999983668327
SABANAGRANDE,2023,2,27.655900573730488,82.36072049822126,16.0
SABANAGRANDE,2023,3,27.797223118373346,86.45069449288505,97.37000115215778
SABANAGRANDE,2023,4,28.40774470738004,83.61732401166644,178.73999901115894
SABANAGRANDE,2023,5,28.833354296003087,87.50193732125419,195.21999795734882
SABANAGRANDE,2023,6,28.521234675816146,89.96275111607143,404.340000718832
SABANAGRANDE,2023,7,28.796438925606882,89.6692338671003,277.40999898314476
SABANAGRANDE,2023,8,29.109153093610512,90.34385980878558,166.27999971620739
SABANAGRANDE,2023,9,28.383055441720163,92.29461424691337,226.630000770092
SABANAGRANDE,2023,10,28.36853288922993,92.88667242867606,275.6600003838539
SABANAGRANDE,2023,11,27.5519113813128,93.36729703630719,360.7199994325638
SABANAGRANDE,2023,12,27.916156114850743,92.50384712219238,163.4100034236908
SABANAGRANDE,2023,13,28.35158901872308,89.39937433703193,273.2500002402812
SABANALARGA,2017,1,27.232218497140085,88.23016030447823,33.775000005960464
SABANALARGA,2017,2,27.810595267159616,87.25776617867606,161.93000002205372
SABANALARGA,2017,3,28.03381609235493,85.2182423727853,148.62499967217445
SABANALARGA,2017,4,28.734918212890644,86.96175602504185,226.82999712228775
SABANALARGA,2017,5,27.959180450439472,90.27193123953683,291.7699994444847
SABANALARGA,2017,6,27.84023927961079,90.86126109531948,274.314999461174
SABANALARGA,2017,7,27.69004647391185,91.38224247523716,186.07500131428242
SABANALARGA,2017,8,27.55000403267999,92.76963315691266,240.53999868035316
SABANALARGA,2017,9,27.24946583339148,93.62967600141253,217.09500259160995
SABANALARGA,2017,10,27.02904172624863,94.09988566807338,241.73500387370586
SABANALARGA,2017,11,27.29457299368724,93.30761010306222,250.175000756979
SABANALARGA,2017,12,26.786331067766486,93.67111369541713,247.48999893665314
SABANALARGA,2017,13,27.25591483280578,90.35591599036907,138.89500039815903
SABANALARGA,2018,1,27.32877028892782,90.69746635700095,54.73499837704003
SABANALARGA,2018,2,27.68619362967357,83.85986818586078,0.7600000165402885
SABANALARGA,2018,3,27.944941275460394,86.95275688171387,9.845000218600033
SABANALARGA,2018,4,28.141620526994995,86.93853596278599,71.48500094935298
SABANALARGA,2018,5,27.579581560407384,90.14482470921108,232.2199982404709
SABANALARGA,2018,6,27.75130996704103,91.35088457380023,198.63500200212002
SABANALARGA,2018,7,27.782238442557222,90.42306082589286,83.38499983586371
SABANALARGA,2018,8,28.014520808628646,90.61071968078613,114.82999863103032
SABANALARGA,2018,9,27.826319449288526,91.51729965209961,161.0750014781952
SABANALARGA,2018,10,27.18843776157926,93.63829558236259,276.5299983918667
SABANALARGA,2018,11,26.897897338867203,93.07953262329102,195.32499988377094
SABANALARGA,2018,12,27.279563794817257,92.91669273376465,100.0899996329099
SABANALARGA,2018,13,27.418438393729087,89.39474024091449,1.9999999832361932
SABANALARGA,2019,1,27.419425911738976,88.0055160522461,103.24500072002411
SABANALARGA,2019,2,28.054755510602696,86.12061037336078,107.35000056028366
SABANALARGA,2019,3,28.07425624302457,85.31404113769531,46.48999990709126
SABANALARGA,2019,4,28.5937210083008,85.99891798836845,70.76999966055155
SABANALARGA,2019,5,28.59338585989818,87.14093181065151,223.01499650347978
SABANALARGA,2019,6,27.859864262172174,90.82476479666573,217.20499974489212
SABANALARGA,2019,7,28.65799865722658,88.30786023821149,115.49500020593405
SABANALARGA,2019,8,28.505515398298012,90.00888170514789,154.9299995796755
SABANALARGA,2019,9,28.026500047956215,92.20072528294155,202.6300015449524
SABANALARGA,2019,10,27.309529331752252,93.10112135750907,212.90500217676163
SABANALARGA,2019,11,26.664565386090977,93.91573687962124,264.66500079631805
SABANALARGA,2019,12,27.213628932407943,92.37804358346122,223.78000074625015
SABANALARGA,2019,13,27.896122414725188,91.46491268702916,176.3199995085597
SABANALARGA,2020,1,27.900389216496407,86.969970703125,27.99999999254942
SABANALARGA,2020,2,28.33322132655554,85.73921748570034,89.03500000014901
SABANALARGA,2020,3,28.13394208635604,84.88134629385812,67.26000003516674
SABANALARGA,2020,4,28.85071389334544,85.55754089355469,99.67000122368336
SABANALARGA,2020,5,29.153381783621676,86.57777949741909,181.12499931454659
SABANALARGA,2020,6,28.081525421142597,89.51637731279645,292.0499973297119
SABANALARGA,2020,7,27.609689331054707,90.95343971252441,232.61000099778175
SABANALARGA,2020,8,27.63691700526648,93.05687059674945,170.54499849677086
SABANALARGA,2020,9,26.979389081682495,93.49015317644391,304.9200003147125
SABANALARGA,2020,10,26.88144727434433,93.89083317347935,328.07000041007996
SABANALARGA,2020,11,26.453064945765924,93.42128263201032,304.0900037884712
SABANALARGA,2020,12,26.209115055629205,93.22219467163086,271.5450030565262
SABANALARGA,2020,13,26.887180219377807,91.75599343436105,172.39999973773956
SABANALARGA,2020,14,26.875154113769554,89.92648124694824,41.0
SABANALARGA,2021,1,27.412444959368035,87.77334403991699,38.89999997615814
SABANALARGA,2021,2,28.170462908063634,85.84149060930524,183.21999993920326
SABANALARGA,2021,3,28.04636317661832,84.4448961530413,106.03999986499548
SABANALARGA,2021,4,28.062151663643988,87.36157580784389,176.6399995237589
SABANALARGA,2021,5,27.87884837559293,87.85826546805245,152.1000015437603
SABANALARGA,2021,6,27.429121180943103,90.24977629525321,272.6700001358986
SABANALARGA,2021,7,27.28118722098216,91.34566743033272,220.46500086784363
SABANALARGA,2021,8,27.32250039236888,91.53799029758999,207.66499980539083
SABANALARGA,2021,9,26.61824787684851,93.70207813807896,355.90499740839005
SABANALARGA,2021,10,27.028094591413243,92.75464139665876,216.44500090926886
SABANALARGA,2021,11,26.62385548182898,93.13557543073382,283.08000296354294
SABANALARGA,2021,12,26.83859895978657,92.89725576128278,200.94000029563904
SABANALARGA,2021,13,27.137144587590168,91.0615727351262,93.65000007301569
SABANALARGA,2021,14,27.094684855143253,89.0216776529948,9.0
SABANALARGA,2022,1,27.21376953125002,88.33005714416504,204.34000000357628
SABANALARGA,2022,2,27.735757991245833,85.55504826136998,79.90999990701675
SABANALARGA,2022,3,28.18555167061944,86.67320142473493,186.06500067561865
SABANALARGA,2022,4,28.02490768432619,87.6490227835519,187.5249996036291
SABANALARGA,2022,5,27.69479032244003,90.60471834455218,217.17499780654907
SABANALARGA,2022,6,27.068903132847396,92.02802331107003,369.1650011539459
SABANALARGA,2022,7,27.399318041120274,92.66833632332938,253.805000603199
SABANALARGA,2022,8,27.255871800013967,93.43356132507324,360.0199974477291
SABANALARGA,2022,9,27.213147735595722,94.13975715637207,293.9500004053116
SABANALARGA,2022,10,26.516099548339866,94.05159759521484,270.04499757289886
SABANALARGA,2022,11,26.471869768415196,94.10737419128418,310.08000046014786
SABANALARGA,2022,12,26.310846492222392,93.79639407566616,293.25000166893005
SABANALARGA,2022,13,26.855984076138217,90.66850728002088,84.33000198751688
SABANALARGA,2023,1,27.292016601562516,88.92267526899066,56.59999971836805
SABANALARGA,2023,2,27.307447052001972,84.02863883972168,39.55499999970198
SABANALARGA,2023,3,27.544001879010896,87.69071851457868,112.9350011292845
SABANALARGA,2023,4,28.09337387084963,85.11311176845005,214.10500180721283
SABANALARGA,2023,5,28.55617566789902,88.7241518838065,162.124997921288
SABANALARGA,2023,6,28.133564976283502,91.217102595738,324.29500007629395
SABANALARGA,2023,7,28.322069876534613,91.39034598214286,265.2749997973442
SABANALARGA,2023,8,28.868615722656266,91.12595176696777,113.68500063568354
SABANALARGA,2023,9,27.998018973214304,93.30963379996163,194.94500257074833
SABANALARGA,2023,10,27.96021695818221,93.97645650591168,220.09000180661678
SABANALARGA,2023,11,27.183265577043823,93.92539814540318,283.5449994802475
SABANALARGA,2023,12,27.573714011056097,93.25979750497001,130.01500180363655
SABANALARGA,2023,13,27.98358754125136,90.28591734787514,188.36000094935298
SANTA LUCÍA,2017,1,28.319245547340053,86.67097055344355,55.52333337068558
SANTA LUCÍA,2017,2,29.040604981921994,84.89082027616955,132.11999999483427
SANTA LUCÍA,2017,3,28.943012673514257,83.19169525873095,158.46666654447714
SANTA LUCÍA,2017,4,29.378947376069593,85.29671487354096,223.27333234498897
SANTA LUCÍA,2017,5,28.37593594505676,88.47120766412645,243.95333637421328
SANTA LUCÍA,2017,6,28.391380201067268,89.13962246122814,216.2100008825461
SANTA LUCÍA,2017,7,28.535333978562154,89.83986899966285,164.77333321173987
SANTA LUCÍA,2017,8,28.310252852666967,91.5064973377046,199.48999925454459
SANTA LUCÍA,2017,9,27.73061832246329,92.65085302080426,196.6466648305456
SANTA LUCÍA,2017,10,27.52525082542785,92.65500731695268,163.28999948501587
SANTA LUCÍA,2017,11,27.928580038888136,91.30748657953173,237.7566697895527
SANTA LUCÍA,2017,12,27.47099256969636,91.16490291413807,199.583330343167
SANTA LUCÍA,2017,13,28.129853557718235,88.6826690147663,182.34666822974881
SANTA LUCÍA,2018,1,27.936454369555968,89.37092108013987,61.61999987997115
SANTA LUCÍA,2018,2,28.658846246628553,82.83692750476655,1.0266666735212004
SANTA LUCÍA,2018,3,28.949888211204918,84.68273598807198,15.603333293149868
SANTA LUCÍA,2018,4,28.836737024216443,85.7162689027332,85.61666712289055
SANTA LUCÍA,2018,5,27.957559567406086,88.82218651544481,209.09000078837076
SANTA LUCÍA,2018,6,28.24511489868166,90.07936350504556,174.22333285336694
SANTA LUCÍA,2018,7,28.62544893537251,89.31195204598563,80.58333326441546
SANTA LUCÍA,2018,8,28.732664635067916,89.83588473002115,113.74000040690105
SANTA LUCÍA,2018,9,28.407390667143346,90.92305101667132,140.55333296395838
SANTA LUCÍA,2018,10,27.72853822254002,92.13541866484142,217.2200000335773
SANTA LUCÍA,2018,11,27.402426837739515,91.51820228213356,167.65000020464262
SANTA LUCÍA,2018,12,28.036548868815135,90.73566936311268,100.18000060630341
SANTA LUCÍA,2018,13,28.308366938999743,88.61304292224702,2.843333315104246
SANTA LUCÍA,2019,1,28.39614854132995,86.54609373246116,159.26000209649405
SANTA LUCÍA,2019,2,29.145550210135347,83.6893504006522,159.58666731913883
SANTA LUCÍA,2019,3,29.167784445626417,83.01926149640765,81.19000036641955
SANTA LUCÍA,2019,4,29.32326097034275,84.2768472035726,111.04999994734922
SANTA LUCÍA,2019,5,28.99752669561479,86.32714226132347,240.86333315322796
SANTA LUCÍA,2019,6,28.246698906308158,89.91399982997349,185.47999930381775
SANTA LUCÍA,2019,7,29.46688050769627,87.8732989174979,120.63333478445809
SANTA LUCÍA,2019,8,29.19094855898905,89.36366971333823,150.7433328212549
SANTA LUCÍA,2019,9,28.70387384323849,91.11325709025064,205.04666529844204
SANTA LUCÍA,2019,10,27.72474096389047,92.1848734901065,190.74333401272693
SANTA LUCÍA,2019,11,27.029222833542626,92.69002387637184,188.95333418250084
SANTA LUCÍA,2019,12,27.756792050316243,90.94252531869071,275.38666657110053
SANTA LUCÍA,2019,13,28.500520869663806,90.09162285214379,216.98999788239598
SANTA LUCÍA,2020,1,28.631458341158375,86.19406861525316,52.463333970556654
SANTA LUCÍA,2020,2,29.268066660563175,84.25311279296875,102.43666793902715
SANTA LUCÍA,2020,3,29.10926571800598,83.16717701866513,114.30666788419089
SANTA LUCÍA,2020,4,29.636355154854932,83.93669073922294,118.14333365112543
SANTA LUCÍA,2020,5,29.716889227004305,85.35132008507138,184.40999970336756
SANTA LUCÍA,2020,6,28.57440283639093,87.99432627360025,209.2533348550399
SANTA LUCÍA,2020,7,28.400955454508484,89.2664221809024,197.7333330300947
SANTA LUCÍA,2020,8,28.29164076305573,91.76023328871953,152.36666587988535
SANTA LUCÍA,2020,9,27.570104217529327,92.01756531851632,245.4366654405991
SANTA LUCÍA,2020,10,27.320557076590426,92.47636704217821,247.0599993666013
SANTA LUCÍA,2020,11,26.875388626825263,92.0525589897519,305.7533386647701
SANTA LUCÍA,2020,12,26.596401468912784,91.59995415097191,249.11666655540466
SANTA LUCÍA,2020,13,27.41904184250607,90.77939478556314,201.74666764338812
SANTA LUCÍA,2020,14,27.636796569824234,88.70953369140625,38.33333333333333
SANTA LUCÍA,2021,1,28.50719658987865,86.10965065729052,41.946666638056435
SANTA LUCÍA,2021,2,29.278974514915852,83.69143894740513,233.93333458900452
SANTA LUCÍA,2021,3,29.05403289794924,83.00174858456566,155.5533345937729
SANTA LUCÍA,2021,4,28.65551238287065,85.81756682622999,184.54666652282077
SANTA LUCÍA,2021,5,28.403384145100937,87.15900593712216,175.73666649063426
SANTA LUCÍA,2021,6,27.95975211007257,89.10574613298688,204.14666744073233
SANTA LUCÍA,2021,7,27.94857541038879,90.03555697486514,185.63666744281846
SANTA LUCÍA,2021,8,28.137415459042526,90.1209838503883,172.86333336681128
SANTA LUCÍA,2021,9,27.101068115234398,92.5832265218099,276.6999982992808
SANTA LUCÍA,2021,10,27.437961832682312,91.8019468216669,159.50666730105877
SANTA LUCÍA,2021,11,26.971213277181015,91.59356326148624,197.17666614055634
SANTA LUCÍA,2021,12,27.40205917358401,91.56615366254535,194.10333397984505
SANTA LUCÍA,2021,13,28.049927305563926,89.84459774310773,119.81000029792386
SANTA LUCÍA,2021,14,28.086334906684055,88.14647420247395,13.0
SANTA LUCÍA,2022,1,28.104588899158323,87.58001200358072,314.270001600186
SANTA LUCÍA,2022,2,28.64963793073384,85.10135714213052,88.85333328445752
SANTA LUCÍA,2022,3,28.968896302722772,85.1264820098877,203.6600009476145
SANTA LUCÍA,2022,4,28.604332224528015,85.98151443118141,206.8800000498692
SANTA LUCÍA,2022,5,28.185304805210684,88.96980803353446,178.02333416541418
SANTA LUCÍA,2022,6,27.552503385997973,90.49847848074776,287.31666858990985
SANTA LUCÍA,2022,7,27.843904477074055,91.58370499383837,182.91666783889136
SANTA LUCÍA,2022,8,27.93883412679039,92.09482737949916,274.9933332949877
SANTA LUCÍA,2022,9,27.85856217883885,92.91588674272809,227.56999748945236
SANTA LUCÍA,2022,10,27.127811322893447,92.44517062959217,232.96999838203192
SANTA LUCÍA,2022,11,26.817462448846754,92.66563015892393,238.40999881426495
SANTA LUCÍA,2022,12,26.715676153273836,92.06555066789899,218.22000007828075
SANTA LUCÍA,2022,13,27.613722913018613,90.13139965890468,121.7966682612896
SANTA LUCÍA,2023,1,28.06153513590497,87.78877903166271,79.02666520575681
SANTA LUCÍA,2023,2,28.554081399100195,82.26028451465424,58.490000630418464
SANTA LUCÍA,2023,3,28.4624832516625,85.51653080894833,120.49000115816791
SANTA LUCÍA,2023,4,29.005846732003373,83.59828222365606,273.9733345657587
SANTA LUCÍA,2023,5,29.368338702973887,86.86070850917271,158.86000034709772
SANTA LUCÍA,2023,6,28.593261246454176,89.90373920259022,214.08666741847992
SANTA LUCÍA,2023,7,29.027961440313454,89.97894223531088,209.8433321515719
SANTA LUCÍA,2023,8,29.718798028855122,89.7280201684861,112.25666624618073
SANTA LUCÍA,2023,9,28.669702511742027,91.80371575128466,176.67999897400537
SANTA LUCÍA,2023,10,28.515410723005044,92.3783123379662,185.2033335963885
SANTA LUCÍA,2023,11,27.695853714715895,92.10751524425689,219.27999970316887
SANTA LUCÍA,2023,12,27.977952938988118,91.46934482029506,113.61666712909937
SANTA LUCÍA,2023,13,28.945861325318813,88.17253358336701,218.99333332975706
SANTO TOMÁS,2017,1,27.425473058791408,87.7992122286842,38.230000004172325
SANTO TOMÁS,2017,2,27.91939915248329,86.79737817673457,186.3800000026822
SANTO TOMÁS,2017,3,28.036271485828244,85.19433502923876,143.26000090315938
SANTO TOMÁS,2017,4,28.82717012677876,86.53349549429757,279.1599998995662
SANTO TOMÁS,2017,5,28.072044081915017,89.84641520182291,364.78999695181847
SANTO TOMÁS,2017,6,28.020029049827958,90.0639132545108,325.0999993085861
SANTO TOMÁS,2017,7,27.92280876522975,90.45487158639091,238.73000184446573
SANTO TOMÁS,2017,8,27.783336893717472,91.79108238220215,310.23000115156174
SANTO TOMÁS,2017,9,27.50705290294831,92.63457498096284,270.6300016492605
SANTO TOMÁS,2017,10,27.228297714960025,93.66244761149088,309.7900011241436
SANTO TOMÁS,2017,11,27.471898469470823,92.89490863255092,295.1900004297495
SANTO TOMÁS,2017,12,26.943253544398743,93.52446601504371,283.0499995946884
SANTO TOMÁS,2017,13,27.364708069549234,90.18211531365054,159.27000187337399
SANTO TOMÁS,2018,1,27.31775221550605,90.98869034339641,74.21999877132475
SANTO TOMÁS,2018,2,27.676567331949894,83.87948699224562,0.6100000180304047
SANTO TOMÁS,2018,3,27.946842629568938,86.85425885518393,8.770000176504254
SANTO TOMÁS,2018,4,28.139236886160738,86.78249404543922,90.41000029072165
SANTO TOMÁS,2018,5,27.600575474330384,90.2455145517985,324.8399974703789
SANTO TOMÁS,2018,6,27.93383977980843,90.53216743469238,273.3600022494793
SANTO TOMÁS,2018,7,27.947745441255137,89.71098836263022,116.70000003650784
SANTO TOMÁS,2018,8,27.976619611467658,90.57403573535737,163.66999774053693
SANTO TOMÁS,2018,9,27.74906002226332,91.73068101065499,219.92000105977058
SANTO TOMÁS,2018,10,27.391437239873998,93.1111036936442,355.24999698996544
SANTO TOMÁS,2018,11,27.068344552176363,92.78750219799224,224.55999985337257
SANTO TOMÁS,2018,12,27.408141617547923,92.59800792875744,127.41000089980662
SANTO TOMÁS,2018,13,27.39714039393836,89.61531366620746,2.510000050067901
SANTO TOMÁS,2019,1,27.321514647034416,88.17017706509294,118.41000193357468
SANTO TOMÁS,2019,2,27.99018158685596,86.20311464582171,113.5200001001358
SANTO TOMÁS,2019,3,28.062238856724356,85.19889540899366,41.63000022247434
SANTO TOMÁS,2019,4,28.592641267322385,86.0287981487456,77.58000011742115
SANTO TOMÁS,2019,5,28.641248321533226,86.98052842276437,306.77999838627875
SANTO TOMÁS,2019,6,28.007212575276718,90.36418932960147,300.1600031852722
SANTO TOMÁS,2019,7,28.612988862537218,88.3549246106829,136.60000302642584
SANTO TOMÁS,2019,8,28.37413141159787,90.50528462727866,187.6899995803833
SANTO TOMÁS,2019,9,28.090278516496955,92.03858457292829,281.9300002157688
SANTO TOMÁS,2019,10,27.376613689604287,93.16921969822475,277.72999930381775
SANTO TOMÁS,2019,11,26.783913094656832,93.74557377043223,349.7800031900406
SANTO TOMÁS,2019,12,27.28531145368306,92.24048478262765,343.8900002390146
SANTO TOMÁS,2019,13,27.74950688680015,91.95012637547084,246.92999997921288
SANTO TOMÁS,2020,1,27.668532307942737,87.68674693963467,28.47999998368323
SANTO TOMÁS,2020,2,28.170231846400693,86.0709335690453,110.07000000029802
SANTO TOMÁS,2020,3,27.987215932210315,84.94413357689267,102.80000001192093
SANTO TOMÁS,2020,4,28.747697812034996,85.79170281546456,78.43000086024404
SANTO TOMÁS,2020,5,29.137735530308337,86.63546780177525,197.13000002503395
SANTO TOMÁS,2020,6,28.182565852573962,89.26972516377768,379.4799978733063
SANTO TOMÁS,2020,7,27.800210752941336,90.0553991226923,298.90000095777214
SANTO TOMÁS,2020,8,27.871605173746765,92.03364363170806,224.23000040650368
SANTO TOMÁS,2020,9,27.23849149431503,92.7395183926537,404.9800003170967
SANTO TOMÁS,2020,10,27.1352238246373,93.33599944341749,418.010000705719
SANTO TOMÁS,2020,11,26.584042939685663,93.0089408329555,392.63000002503395
SANTO TOMÁS,2020,12,26.301520102364695,93.29723285493397,319.51000288128853
SANTO TOMÁS,2020,13,26.96970719837009,91.58825919741676,164.77000004053116
SANTO TOMÁS,2020,14,27.01241836547853,89.86995188395181,39.0
SANTO TOMÁS,2021,1,27.530657704671253,87.48316183544341,40.04000097513199
SANTO TOMÁS,2021,2,28.226758757091726,85.63407107761928,147.57000094652176
SANTO TOMÁS,2021,3,28.072866421654133,84.00696082342238,132.83999998494983
SANTO TOMÁS,2021,4,27.994339243570995,87.4510082971482,190.99999993667006
SANTO TOMÁS,2021,5,27.81607226417181,88.04264168512255,194.65000399947166
SANTO TOMÁS,2021,6,27.57473017374677,89.68864849635533,366.9700001478195
SANTO TOMÁS,2021,7,27.484702228364515,90.51721309480213,256.3399994149804
SANTO TOMÁS,2021,8,27.571433003743515,90.71291451227098,256.28999857604504
SANTO TOMÁS,2021,9,26.828056953066895,92.88007945106143,444.4299968481064
SANTO TOMÁS,2021,10,27.255396052769278,92.17960030691964,286.88999949768186
SANTO TOMÁS,2021,11,26.792036764962354,92.913330078125,358.7700027227402
SANTO TOMÁS,2021,12,26.9870304652623,92.65958431788853,229.4100041091442
SANTO TOMÁS,2021,13,27.349704605493812,90.79354300865761,76.80999996885657
SANTO TOMÁS,2021,14,27.306110636393242,88.53053029378255,17.0
SANTO TOMÁS,2022,1,27.34592190697082,88.31370026724679,198.44000286608934
SANTO TOMÁS,2022,2,27.81755836123514,85.49514062064034,83.33000010251999
SANTO TOMÁS,2022,3,28.29507871355332,86.42711702982584,158.99000097066164
SANTO TOMÁS,2022,4,28.074566141764343,87.82586588178363,227.59000140428543
SANTO TOMÁS,2022,5,27.8072205316453,89.95927819751557,250.32999855279922
SANTO TOMÁS,2022,6,27.273820132300994,91.17540568397159,458.11999917030334
SANTO TOMÁS,2022,7,27.673525383358932,91.64520763215565,308.3199996352196
SANTO TOMÁS,2022,8,27.567486426943848,92.25032306852795,455.23000079393387
SANTO TOMÁS,2022,9,27.452518172491185,93.36720030648368,368.80999743938446
SANTO TOMÁS,2022,10,26.759743536086326,93.59462492806571,350.79999828338623
SANTO TOMÁS,2022,11,26.602714974539648,94.035311290196,387.00000262260437
SANTO TOMÁS,2022,12,26.40734053112214,93.56458609444755,324.09999710321426
SANTO TOMÁS,2022,13,26.937755751335782,90.72335499730603,56.550000943243504
SANTO TOMÁS,2023,1,27.320185779389902,88.94520078386579,60.13999983668327
SANTO TOMÁS,2023,2,27.4463932219006,83.49604842776344,16.0
SANTO TOMÁS,2023,3,27.58262550717311,87.40329043070474,97.37000115215778
SANTO TOMÁS,2023,4,28.185419791085405,84.7242285410563,178.73999901115894
SANTO TOMÁS,2023,5,28.6042791820708,88.42553992498488,195.21999795734882
SANTO TOMÁS,2023,6,28.289274560837544,90.76430956522623,404.340000718832
SANTO TOMÁS,2023,7,28.561841401599725,90.47567085992723,277.40999898314476
SANTO TOMÁS,2023,8,28.874410974411763,91.10108675275531,166.27999971620739
SANTO TOMÁS,2023,9,28.154528735932875,92.93707629612514,226.630000770092
SANTO TOMÁS,2023,10,28.145364198230585,93.48277627854121,275.6600003838539
SANTO TOMÁS,2023,11,27.337253098260813,93.92792983282179,360.7199994325638
SANTO TOMÁS,2023,12,27.705141049339684,93.10325985863095,163.4100034236908
SANTO TOMÁS,2023,13,28.14187187107132,90.15701101018095,273.2500002402812
SOLEDAD,2017,1,27.036059134347116,86.44280242919922,13.0
SOLEDAD,2017,2,27.497985730852424,85.10985946655273,82.0
SOLEDAD,2017,3,27.804009464808892,84.27576746259417,34.21000036038458
SOLEDAD,2017,4,28.711004420689193,84.95431355067662,92.84000058658421
SOLEDAD,2017,5,28.618942151750854,87.61786079406738,256.819997664541
SOLEDAD,2017,6,28.46432157244003,88.15218925476074,205.26000018790364
SOLEDAD,2017,7,28.239270782470722,89.30714171273368,115.41000037267804
SOLEDAD,2017,8,27.891390555245554,91.16089902605329,183.14000022038817
SOLEDAD,2017,9,27.66167820521765,92.84840038844517,178.43000169470906
SOLEDAD,2017,10,27.59338204520091,92.93340274265834,262.93999898433685
SOLEDAD,2017,11,27.648523494175524,91.94976070949009,153.37999811954796
SOLEDAD,2017,12,27.319184875488304,91.39814049857003,197.24000019580126
SOLEDAD,2017,13,27.63669844002561,87.40413639463227,41.41999990493059
SOLEDAD,2018,1,27.73474142140358,86.90374729551118,20.50000008381903
SOLEDAD,2018,2,27.276910400390648,83.42995861598423,0.0
SOLEDAD,2018,3,27.70154778616771,84.96229362487793,1.1999999973922963
SOLEDAD,2018,4,28.022162737165196,85.12205723353794,35.56000076234341
SOLEDAD,2018,5,28.08191397530694,87.70594787597656,205.66000042296946
SOLEDAD,2018,6,28.38866468157089,88.33840806143624,158.94999966397882
SOLEDAD,2018,7,27.940004512241927,89.45008523123605,60.709999687969685
SOLEDAD,2018,8,27.620536695207885,91.07981191362653,76.70000034756958
SOLEDAD,2018,9,27.537146868024575,92.38385472978864,131.59000009298325
SOLEDAD,2018,10,27.453472028459846,93.01761163984027,232.57999861240387
SOLEDAD,2018,11,27.199649156842934,91.90157781328473,167.21999926120043
SOLEDAD,2018,12,27.51506631033763,90.9540786743164,51.82000016234815
SOLEDAD,2018,13,27.222625078473794,87.53120149884906,0.2899999916553497
SOLEDAD,2019,1,27.01538896231818,86.35279451567551,12.770000064745545
SOLEDAD,2019,2,27.414976283482158,85.3029534476144,2.889999995008111
SOLEDAD,2019,3,27.388130078996948,84.7606895991734,3.949999872595072
SOLEDAD,2019,4,28.256294141496948,85.02240889413017,28.770000176504254
SOLEDAD,2019,5,28.585864366803868,86.10847554888043,164.64999949000776
SOLEDAD,2019,6,28.365129089355488,89.0861462184361,237.56000079587102
SOLEDAD,2019,7,28.212886156354653,89.18316813877651,40.87000082060695
SOLEDAD,2019,8,27.911234065464583,91.79347555977958,77.74000051245093
SOLEDAD,2019,9,27.859112766810846,92.3531014578683,148.94000041298568
SOLEDAD,2019,10,27.387408556256997,93.48865100315639,215.80000007152557
SOLEDAD,2019,11,27.182000732421898,92.52917616707938,307.56000089645386
SOLEDAD,2019,12,27.54121606009349,90.75134331839425,90.38000033609569
SOLEDAD,2019,13,27.864865875244163,89.65809113638741,56.77000021748245
SOLEDAD,2020,1,27.473535743126526,85.86730458186223,21.24000001884997
SOLEDAD,2020,2,27.778476606096557,84.78654670715332,43.0
SOLEDAD,2020,3,27.57177668980192,84.33208547319684,10.25
SOLEDAD,2020,4,28.299157169887017,84.94765990121024,10.269999971613288
SOLEDAD,2020,5,28.796393694196446,85.93493543352399,75.29000002145767
SOLEDAD,2020,6,28.50334265572686,88.55671065194267,290.50999999046326
SOLEDAD,2020,7,28.01661398751397,89.74310384477887,188.99000183306634
SOLEDAD,2020,8,27.906582859584283,92.07190840584892,141.4099986385554
SOLEDAD,2020,9,27.342790222167988,93.39799172537667,299.90000036358833
SOLEDAD,2020,10,27.363258252825073,93.92370223999023,322.9700038433075
SOLEDAD,2020,11,27.165878186907104,92.20740236554828,256.8500002399087
SOLEDAD,2020,12,26.99805167061944,91.40031841823033,236.40000154078007
SOLEDAD,2020,13,27.413153948102696,88.80095427376884,60.110000263899565
SOLEDAD,2020,14,27.213708496093766,86.24879264831543,14.0
SOLEDAD,2021,1,27.241658782959004,85.75132478986468,10.480000011622906
SOLEDAD,2021,2,27.80279312133791,83.88476889474052,14.800000004470348
SOLEDAD,2021,3,27.655903298514254,83.40891102382115,19.939999962225556
SOLEDAD,2021,4,28.064156014578703,85.97942978995187,79.91999984905124
SOLEDAD,2021,5,28.17781982421877,86.18728283473423,60.61999970301986
SOLEDAD,2021,6,28.032743617466537,88.50592150006976,243.3400000333786
SOLEDAD,2021,7,27.773692430768712,89.70506068638393,143.8999992068857
SOLEDAD,2021,8,27.579650769914924,91.57211140223912,159.87000142596662
SOLEDAD,2021,9,27.12834265572686,92.8837250300816,353.1700032055378
SOLEDAD,2021,10,27.43818871634349,92.59741728646415,244.60999973118305
SOLEDAD,2021,11,27.074699292864143,92.39844349452427,307.8200003504753
SOLEDAD,2021,12,27.42363183157786,89.74659402029855,101.19000047072768
SOLEDAD,2021,13,27.371297748272255,88.18973658635066,24.459999864920974
SOLEDAD,2021,14,27.289264933268242,86.75110117594402,0.0
SOLEDAD,2022,1,27.16167984008791,85.60997118268695,29.230000004172325
SOLEDAD,2022,2,27.675002397809727,83.06323405674526,23.790000962093472
SOLEDAD,2022,3,28.076425170898457,83.74785668509347,63.720002816990025
SOLEDAD,2022,4,28.18316421508791,85.82398005894252,114.63999987393618
SOLEDAD,2022,5,28.343405478341257,87.23767852783203,186.92999997735023
SOLEDAD,2022,6,27.83461750575476,89.56049728393555,377.10999685525894
SOLEDAD,2022,7,27.857973807198675,90.3085218157087,227.16000250726938
SOLEDAD,2022,8,27.52940848214288,92.02390561785016,272.84999933838844
SOLEDAD,2022,9,27.485577065604094,92.73026248386928,245.15999805927277
SOLEDAD,2022,10,26.924456351143995,94.05233383178711,276.0499979555607
SOLEDAD,2022,11,26.89973057338171,93.29690715244838,360.7200025320053
SOLEDAD,2022,12,26.90690928867887,91.44283294677734,288.30000040493906
SOLEDAD,2022,13,27.08164788607895,87.23100517536032,8.879999995231628
SOLEDAD,2023,1,27.290424782889254,85.9710772378104,18.72999992966652
SOLEDAD,2023,2,26.99376286097937,83.59839630126953,0.0
SOLEDAD,2023,3,27.53258830479215,85.12642724173409,36.30999987758696
SOLEDAD,2023,4,27.873076738630044,84.10657092503139,71.29000043310225
SOLEDAD,2023,5,28.596802738734674,87.06988334655762,107.15000136755407
SOLEDAD,2023,6,28.70760171072826,88.89255360194615,312.280000641942
SOLEDAD,2023,7,28.596043069022063,89.8994721003941,152.72000051289797
SOLEDAD,2023,8,28.388461412702302,91.71335193089077,72.15000046230853
SOLEDAD,2023,9,28.160612269810287,92.81844466073173,131.00999804586172
SOLEDAD,2023,10,28.159147426060287,92.97464152744838,178.77999883890152
SOLEDAD,2023,11,27.54119535173691,93.46239280700684,343.29999792575836
SOLEDAD,2023,12,28.034347425188354,90.68150765555245,125.990000564605
SOLEDAD,2023,13,27.89753796807653,89.10294894514412,78.91999983787537
SUAN,2017,1,28.456560298374736,87.08605030604771,29.19000005722046
SUAN,2017,2,29.037319074358276,85.67070279802594,116.65000000596046
SUAN,2017,3,28.828707449776804,84.35111590794155,143.75999996811152
SUAN,2017,4,29.352332959856323,86.06081117902484,232.5599987320602
SUAN,2017,5,28.311745125906832,89.51184844970703,255.01000395417213
SUAN,2017,6,28.286159406389526,90.08325440543038,212.5100009739399
SUAN,2017,7,28.50599387032647,90.49119322640556,169.77999997138977
SUAN,2017,8,28.238090406145385,92.22398730686733,205.02999904751778
SUAN,2017,9,27.585109601702026,93.49471037728446,206.26999701559544
SUAN,2017,10,27.454406629289917,93.51144736153739,161.35999953746796
SUAN,2017,11,27.953751046316984,91.80719702584403,238.5100046545267
SUAN,2017,12,27.550746263776524,91.61378696986607,191.48999574780464
SUAN,2017,13,28.28010948444237,88.93509147907126,189.98000214993954
SUAN,2018,1,28.051068746632563,89.81040270575161,64.89999977685511
SUAN,2018,2,28.62332850864957,83.77931295122418,0.7100000120699403
SUAN,2018,3,28.91674357822965,85.55356407165527,11.439999932423234
SUAN,2018,4,28.829660579136462,86.54447610037667,79.30000048317015
SUAN,2018,5,27.92153156825476,89.82871518816266,222.41999995708466
SUAN,2018,6,28.14422542027066,91.07475662231445,188.97999877482653
SUAN,2018,7,28.586091613769554,89.98889623369489,80.32999960891902
SUAN,2018,8,28.588942827497227,90.70365742274693,117.15000058710575
SUAN,2018,9,28.273502240862182,91.76083510262626,143.48999947309494
SUAN,2018,10,27.651828656877807,92.87451417105538,234.51000064611435
SUAN,2018,11,27.324060058593773,92.29310171944755,167.84999957680702
SUAN,2018,12,28.120692007882273,91.10818917410714,99.09000066295266
SUAN,2018,13,28.310396357945052,89.30421093532017,2.789999971166252
SUAN,2019,1,28.346818279397922,87.32157503325364,135.65000215172768
SUAN,2019,2,29.078746141706212,84.60694558279855,137.56000101566315
SUAN,2019,3,29.139874485560846,83.97021021161761,56.9400007147342
SUAN,2019,4,29.285242789132273,85.2018735068185,89.21999987214804
SUAN,2019,5,28.902296229771224,87.23073414393834,263.8099994249642
SUAN,2019,6,28.09580328805108,91.07558195931571,199.5399999320507
SUAN,2019,7,29.31156964983261,88.88394818987165,117.9700025767088
SUAN,2019,8,28.975850132533502,90.43624687194824,152.91999938338995
SUAN,2019,9,28.546604047502814,92.01445525033134,219.26999950408936
SUAN,2019,10,27.536496734619163,93.3270503452846,204.67000061273575
SUAN,2019,11,26.898384530203703,93.60913385663714,205.64000058174133
SUAN,2019,12,27.705704716273736,91.57705252511161,314.3399997726083
SUAN,2019,13,28.450633893694214,90.64292199271065,238.68999619595706
SUAN,2020,1,28.501090181790882,87.24962792029747,35.709999987855554
SUAN,2020,2,29.151969800676632,85.28751536778041,85.09000191092491
SUAN,2020,3,28.94594726562502,84.40721184866769,125.74000188708305
SUAN,2020,4,29.467291041782943,85.25698689052037,87.17999996617436
SUAN,2020,5,29.618389020647346,86.32214328220913,151.14999958127737
SUAN,2020,6,28.47183925083707,89.13021741594586,213.3200020492077
SUAN,2020,7,28.325716182163806,90.10442870003837,200.0400000642985
SUAN,2020,8,28.16822204589846,92.57285608564105,163.29999840259552
SUAN,2020,9,27.474113355364135,92.89801842825753,264.56999979168177
SUAN,2020,10,27.237935093471002,93.29024941580636,258.04999911785126
SUAN,2020,11,26.764002554757276,92.9334580557687,338.4600073695183
SUAN,2020,12,26.498591177804148,92.45206587655204,270.8299988210201
SUAN,2020,13,27.399645015171618,91.4802714756557,144.1000004708767
SUAN,2020,14,27.757642364501976,89.31872749328613,33.0
SUAN,2021,1,28.548544638497507,86.74161120823452,36.47000002861023
SUAN,2021,2,29.219908469063913,84.65596580505371,183.76000000536442
SUAN,2021,3,28.996160125732445,83.99378286089215,149.03000190854073
SUAN,2021,4,28.619676208496113,86.75337627955845,154.10999912023544
SUAN,2021,5,28.37912684849332,88.07879284449986,167.53000044822693
SUAN,2021,6,27.915040043422177,90.012540272304,208.14000016450882
SUAN,2021,7,27.85958197457452,90.95246015276227,190.54000111296773
SUAN,2021,8,28.109007045200908,90.82068743024554,174.84000058472157
SUAN,2021,9,26.954651859828427,93.53329386029925,303.17999590933323
SUAN,2021,10,27.30289557320733,92.84492438180106,171.21000013500452
SUAN,2021,11,26.865729631696446,92.55784715924945,203.15999880433083
SUAN,2021,12,27.40879265921458,92.14341354370117,179.31000052392483
SUAN,2021,13,28.218795541616604,90.15944935725285,80.26000025495887
SUAN,2021,14,28.191018676757835,88.43007151285808,19.0
SUAN,2022,1,28.2219667707171,88.24836921691895,228.25000190734863
SUAN,2022,2,28.662945229666594,86.06342588152204,67.70999993383884
SUAN,2022,3,29.063298797607438,85.6517333984375,147.40000001341105
SUAN,2022,4,28.66404059273858,86.82801192147392,207.89000012725592
SUAN,2022,5,28.0835275922503,89.97122492109027,171.72999960184097
SUAN,2022,6,27.4800108773368,91.60195132664272,303.4800024032593
SUAN,2022,7,27.694206128801635,92.54417664664132,186.32000145316124
SUAN,2022,8,27.86152856009349,92.8112291608538,297.8500001132488
SUAN,2022,9,27.78237141200476,93.7001280103411,238.42999675869942
SUAN,2022,10,27.090718841552754,93.22035026550293,249.49999820813537
SUAN,2022,11,26.70685784476146,93.66535186767578,248.72999906539917
SUAN,2022,12,26.641481018066425,92.80452237810407,211.15999941527843
SUAN,2022,13,27.672564486799587,90.71902965677195,53.91999997198582
SUAN,2023,1,28.08947416033066,88.36283029828753,55.56999986618757
SUAN,2023,2,28.59929918561665,83.08377538408551,36.03999999910593
SUAN,2023,3,28.484507315499464,86.23037855965751,84.04999991692603
SUAN,2023,4,28.982493700299965,84.53470393589565,189.7000019773841
SUAN,2023,5,29.31169008527485,87.70812961033413,164.19999976083636
SUAN,2023,6,28.485506221226302,90.93912724086216,220.8500011563301
SUAN,2023,7,28.92851137433735,90.80335889543805,206.4999981224537
SUAN,2023,8,29.545478711809455,90.52714702061245,118.37999969907105
SUAN,2023,9,28.554963684082054,92.48063714163644,175.819999858737
SUAN,2023,10,28.42628468104773,93.0173669542585,192.4600003361702
SUAN,2023,11,27.630935014997227,92.95982279096332,238.4799997806549
SUAN,2023,12,27.878141021728535,92.2015323638916,125.10000105947256
SUAN,2023,13,29.009118126178628,88.58789904364224,225.98999997973442
TUBARÁ,2017,1,26.317431204659616,86.88974325997489,3.0099999997764826
TUBARÁ,2017,2,26.737391771589024,85.9534797668457,44.0
TUBARÁ,2017,3,27.050478145054427,84.97251537867955,42.850000094622374
TUBARÁ,2017,4,27.935213252476302,85.97943251473563,63.89999992586672
TUBARÁ,2017,5,27.858149828229646,88.87048230852399,155.33999991044402
TUBARÁ,2017,6,27.75814808436804,89.84588514055524,138.78999987989664
TUBARÁ,2017,7,27.529069519042984,90.62782914297921,73.34999980032444
TUBARÁ,2017,8,27.276546369280158,92.37587111336845,105.69000136293471
TUBARÁ,2017,9,27.11062665666855,93.75962611607143,105.87000024318695
TUBARÁ,2017,10,27.06998759678434,92.7332820892334,128.02999857068062
TUBARÁ,2017,11,27.23921192714148,91.74365697588239,140.95000223442912
TUBARÁ,2017,12,26.85228500366213,91.17296845572335,173.74999954551458
TUBARÁ,2017,13,27.159831816574645,87.0629259306809,12.540000200271606
TUBARÁ,2018,1,27.239836804620168,86.69325887745825,13.73999997228384
TUBARÁ,2018,2,26.52756489345008,83.64321463448661,0.0
TUBARÁ,2018,3,27.035182298932774,85.37438038417271,1.0099999792873855
TUBARÁ,2018,4,27.385349164690314,85.83216149466378,11.230000212788582
TUBARÁ,2018,5,27.5659483773368,87.91097559247699,75.96000001579523
TUBARÁ,2018,6,27.688570186070052,90.10396984645298,74.01000056415796
TUBARÁ,2018,7,27.427205113002255,90.23650223868233,29.410000026226044
TUBARÁ,2018,8,27.374914332798568,90.8384314945766,36.19000009633601
TUBARÁ,2018,9,27.38394971575058,91.49365643092564,70.15999982692301
TUBARÁ,2018,10,26.91837463378908,93.00000926426479,146.6699987333268
TUBARÁ,2018,11,26.729097529820056,91.62919180733817,125.91000059060752
TUBARÁ,2018,12,27.11325607299807,90.98987988063267,40.340000350028276
TUBARÁ,2018,13,26.73454382760186,87.12273842947823,0.5399999897927044
TUBARÁ,2019,1,26.466933888402497,86.2077136861867,7.919999998062849
TUBARÁ,2019,2,26.835004425048847,85.24376487731934,5.189999962225556
TUBARÁ,2019,3,26.680356052943658,85.43170901707241,3.089999986812472
TUBARÁ,2019,4,27.609341648646787,85.29722349984306,12.679999977350235
TUBARÁ,2019,5,27.97107958112446,86.67464201790946,62.1700000539422
TUBARÁ,2019,6,27.669871629987465,90.21303231375558,113.78000067919493
TUBARÁ,2019,7,27.856232125418547,88.99767194475446,14.880000229924917
TUBARÁ,2019,8,27.765751320975188,90.64623560224261,47.070000138133764
TUBARÁ,2019,9,27.590769522530714,92.47001729692731,89.02999987639487
TUBARÁ,2019,10,27.06347209385465,92.9728137425014,138.19000156596303
TUBARÁ,2019,11,26.76365650721961,92.19793564932687,165.54000121355057
TUBARÁ,2019,12,27.197504207066146,90.32660647800991,42.59999977983534
TUBARÁ,2019,13,27.633385685512017,89.14602606637138,40.09000010974705
TUBARÁ,2020,1,27.109305513822132,84.85117662869968,54.32000096142292
TUBARÁ,2020,2,27.30077678135465,84.60641888209751,25.0
TUBARÁ,2020,3,27.0139589582171,84.51988628932408,0.2000000029802322
TUBARÁ,2020,4,27.672720118931384,85.38818822588239,6.9999998938292265
TUBARÁ,2020,5,28.278101675851023,86.03710419791085,29.84000001847744
TUBARÁ,2020,6,27.91502369471961,89.0977396283831,142.8100011050701
TUBARÁ,2020,7,27.362970515659896,90.8945917401995,117.52000021375716
TUBARÁ,2020,8,27.351566750662688,93.61493165152413,76.70999997667968
TUBARÁ,2020,9,26.7543039594378,93.66663251604352,170.14999973773956
TUBARÁ,2020,10,26.78265860421319,93.51405906677246,208.8100004196167
TUBARÁ,2020,11,26.69416253226146,92.2067484174456,177.47999925911427
TUBARÁ,2020,12,26.53525586809433,90.32066426958356,191.67999773472548
TUBARÁ,2020,13,26.939453560965426,88.89795548575265,48.59000015258789
TUBARÁ,2020,14,26.726792907714866,85.77702903747559,15.0
TUBARÁ,2021,1,26.557306453159896,86.18723923819405,0.3600000031292438
TUBARÁ,2021,2,27.03997410365515,84.39536775861468,13.32999999821186
TUBARÁ,2021,3,26.84005399431503,84.37506321498326,26.929999992251396
TUBARÁ,2021,4,27.546080344063917,86.5648021697998,51.74000003747642
TUBARÁ,2021,5,27.757222202846002,86.08024896894183,24.450000310316682
TUBARÁ,2021,6,27.442091696602972,89.46500396728516,105.4199988245964
TUBARÁ,2021,7,27.103026144845163,90.72212191990444,116.15999958664179
TUBARÁ,2021,8,26.966527012416314,91.99916321890694,108.70999993942678
TUBARÁ,2021,9,26.541671643938354,93.45051383972168,256.29000256210566
TUBARÁ,2021,10,26.865725272042432,92.934725352696,129.70000096410513
TUBARÁ,2021,11,26.595877402169382,91.85849380493164,172.330000564456
TUBARÁ,2021,12,26.993509456089587,89.06633050101144,78.9299998767674
TUBARÁ,2021,13,26.794435119628925,88.08090386023888,21.550000002607703
TUBARÁ,2021,14,26.664453125000023,87.248291015625,0.0
TUBARÁ,2022,1,26.471648515973786,85.53037343706403,12.059999998658895
TUBARÁ,2022,2,26.930837249755882,83.20225552150181,6.740000016987324
TUBARÁ,2022,3,27.341600036621113,84.04167475019183,16.78999998047948
TUBARÁ,2022,4,27.601244681222116,85.66828863961356,54.98999965749681
TUBARÁ,2022,5,27.657531629289917,88.80116299220494,138.59000012278557
TUBARÁ,2022,6,27.020794895717096,91.12620489937919,231.16999900341034
TUBARÁ,2022,7,27.05188304356168,91.66754967825753,159.61000029742718
TUBARÁ,2022,8,26.864577048165476,93.41582325526646,199.2400023341179
TUBARÁ,2022,9,26.863923645019554,93.42996161324638,169.92999874055386
TUBARÁ,2022,10,26.35298363821849,93.95799473353794,145.3499998562038
TUBARÁ,2022,11,26.410209001813634,92.44082423618862,257.27000296115875
TUBARÁ,2022,12,26.4567216055734,91.00928987775531,262.8600021135062
TUBARÁ,2022,13,26.5756054056102,86.75986664870689,5.810000009834766
TUBARÁ,2023,1,26.742248971121676,85.78758484976632,12.089999999850988
TUBARÁ,2023,2,26.191235569545224,84.29497173854283,1.0
TUBARÁ,2023,3,26.818082972935287,85.75784029279437,7.070000000298022
TUBARÁ,2023,4,27.08372323172435,84.98216520036969,52.58000011742115
TUBARÁ,2023,5,28.062928771972675,87.7872486114502,71.68000104650855
TUBARÁ,2023,6,28.037602451869443,89.48282378060478,185.750000115484
TUBARÁ,2023,7,27.95466711861749,91.09794316973004,146.99000232294202
TUBARÁ,2023,8,28.128494153703986,91.47673443385533,26.490000218153
TUBARÁ,2023,9,27.75148707798551,92.75127492632184,123.24999981746078
TUBARÁ,2023,10,27.784210641043547,93.02010808672223,124.50999925471842
TUBARÁ,2023,11,27.081941768101302,92.64901052202497,205.18000042438507
TUBARÁ,2023,12,27.568472072056384,90.4003483908517,87.01999974064529
TUBARÁ,2023,13,27.312547039163544,89.22020326811692,30.840000044554472
USIACURÍ,2017,1,26.949610464913537,87.69319652375721,33.77500000099341
USIACURÍ,2017,2,27.50331250145324,86.74137960161481,161.93000000963607
USIACURÍ,2017,3,27.743288021995934,84.54752031962076,148.62500018502274
USIACURÍ,2017,4,28.436749485560853,86.60627810160318,226.82999876886606
USIACURÍ,2017,5,27.71702819097612,90.3767315092541,291.7699988409877
USIACURÍ,2017,6,27.631166621616934,90.9752984728132,274.31500038256246
USIACURÍ,2017,7,27.517805262974356,91.43978809175037,186.07500153531632
USIACURÍ,2017,8,27.391434878394737,92.86394973028273,240.5399996091922
USIACURÍ,2017,9,27.116361054920038,93.69614174252465,217.0950015435616
USIACURÍ,2017,10,26.88833407447454,94.12707174391973,241.73500173538923
USIACURÍ,2017,11,27.135486857096378,93.18570200602213,250.17499995728335
USIACURÍ,2017,12,26.60240144275486,93.6358939579555,247.49000022808713
USIACURÍ,2017,13,27.036396105536127,89.96525319417317,138.8949994146824
USIACURÍ,2018,1,27.079660384956476,90.49519777846062,54.734998958185315
USIACURÍ,2018,2,27.386083039783323,82.8660112108503,0.7600000103314715
USIACURÍ,2018,3,27.63906159173877,86.51934414818173,9.845000131055713
USIACURÍ,2018,4,27.848435065859867,86.578458241054,71.48500049114227
USIACURÍ,2018,5,27.345379675002352,90.23336900983539,232.2199988166491
USIACURÍ,2018,6,27.539390454973525,91.53667667933873,198.6350021660328
USIACURÍ,2018,7,27.596106102353072,90.3526188986642,83.38499987435837
USIACURÍ,2018,8,27.83782166980564,90.410734358288,114.82999916064243
USIACURÍ,2018,9,27.669571177164734,91.29509144737607,161.07500073251626
USIACURÍ,2018,10,27.040414973667716,93.60402343386696,276.5299986253182
USIACURÍ,2018,11,26.737115660167895,92.92607316516694,195.32500015944242
USIACURÍ,2018,12,27.092822011311874,92.77407618931362,100.09000007994473
USIACURÍ,2018,13,27.175223286946643,88.86346589951289,2.0000000086923437
USIACURÍ,2019,1,27.14019375505121,87.42344823376885,103.24500088890393
USIACURÍ,2019,2,27.752571723574707,85.43562507629395,107.35000050564608
USIACURÍ,2019,3,27.757979147774858,84.6490760984875,46.489999979113534
USIACURÍ,2019,4,28.303394753592386,85.50672885349819,70.76999986171722
USIACURÍ,2019,5,28.33841149466381,86.81306484767369,223.01499800849706
USIACURÍ,2019,6,27.65251784551714,90.94120089213052,217.20500075817108
USIACURÍ,2019,7,28.45693904331755,87.9487361907959,115.49500104226172
USIACURÍ,2019,8,28.330412619454542,89.73105793907528,154.93000087173036
USIACURÍ,2019,9,27.872705441429527,92.07813044956752,202.63000013679266
USIACURÍ,2019,10,27.163616616385347,92.99514525277274,212.90500073942044
USIACURÍ,2019,11,26.517663210914275,93.87865974789574,264.6650010943413
USIACURÍ,2019,12,27.040367562430273,92.15821429661342,223.7800006493926
USIACURÍ,2019,13,27.677031090146045,91.21689405895415,176.32000001085302
USIACURÍ,2020,1,27.629437529735096,86.24676621265901,27.99999997826914
USIACURÍ,2020,2,28.028994133358932,84.99589284261069,89.03500000014901
USIACURÍ,2020,3,27.822327459426173,84.1522653670538,67.26000001529853
USIACURÍ,2020,4,28.54786689394999,85.00249780927386,99.67000134227176
USIACURÍ,2020,5,28.889382026309082,86.17274293445405,181.12500091890493
USIACURÍ,2020,6,27.86971835181829,89.45457494826543,292.04999827345216
USIACURÍ,2020,7,27.43359436761768,90.96702412196568,232.61000073887408
USIACURÍ,2020,8,27.486189596993604,93.20810463314965,170.54499944423637
USIACURÍ,2020,9,26.838079252697195,93.55147815885998,304.9199996987979
USIACURÍ,2020,10,26.731561279296898,93.89733468918574,328.0699999332428
USIACURÍ,2020,11,26.302828906831312,93.3157894497826,304.0900018811226
USIACURÍ,2020,12,26.046830022902736,93.11736851646786,271.545002674063
USIACURÍ,2020,13,26.684563664027646,91.54386829194569,172.3999998693665
USIACURÍ,2020,14,26.63776931762697,89.53646596272786,41.0
USIACURÍ,2021,1,27.12906090872631,87.18403907049269,38.9000003139178
USIACURÍ,2021,2,27.84867884318036,85.13882909502301,183.22000060478845
USIACURÍ,2021,3,27.727441224597776,83.67402567182269,106.04000024373333
USIACURÍ,2021,4,27.788355037144278,87.06427982875279,176.63999972119927
USIACURÍ,2021,5,27.63999292282833,87.62473260788691,152.10000190138817
USIACURÍ,2021,6,27.233676801409064,90.27133987063453,272.67000073194504
USIACURÍ,2021,7,27.10988206409275,91.38743745713008,220.4650002643466
USIACURÍ,2021,8,27.165379733131072,91.44995562235513,207.66499949557087
USIACURÍ,2021,9,26.487385413760258,93.76947929745629,355.9049979423483
USIACURÍ,2021,10,26.889255596342565,92.58948662167504,216.44499976808828
USIACURÍ,2021,11,26.46599967593241,92.98989677429199,283.0800020794074
USIACURÍ,2021,12,26.66618844895138,92.75980686006093,200.94000143806142
USIACURÍ,2021,13,26.918583757449444,90.77097682463817,93.65000003576279
USIACURÍ,2021,14,26.854581027560773,88.51983642578125,9.0
USIACURÍ,2022,1,26.937852478027366,87.8126285189674,204.34000159427524
USIACURÍ,2022,2,27.441615586053782,84.80733471825009,79.91000030438106
USIACURÍ,2022,3,27.88455098470055,86.20844632103329,186.0650009115537
USIACURÍ,2022,4,27.75475482032415,87.39050738016763,187.52500054736933
USIACURÍ,2022,5,27.462206776936874,90.7543104262579,217.17499856154123
USIACURÍ,2022,6,26.861168888637025,92.30052448454357,369.165000518163
USIACURÍ,2022,7,27.215579150971937,92.89921242850167,253.8049995303154
USIACURÍ,2022,8,27.106496974400134,93.61452883765811,360.01999913652736
USIACURÍ,2022,9,27.048876153855122,94.27259100051153,293.94999967018765
USIACURÍ,2022,10,26.36934160505025,94.06934520176479,270.0449987128377
USIACURÍ,2022,11,26.30294825236005,94.09669512794132,310.08000071843463
USIACURÍ,2022,12,26.13091303507489,93.78118814740863,293.2499989569187
USIACURÍ,2022,13,26.613939166891186,90.32608391772742,84.33000159015259
USIACURÍ,2023,1,27.018346405029323,88.48206438337054,56.5999998425444
USIACURÍ,2023,2,27.01585976736888,83.06339091346378,39.55499999970198
USIACURÍ,2023,3,27.242913455054897,87.36361458188011,112.93500079152484
USIACURÍ,2023,4,27.806160590762207,84.50068155924478,214.10500150422254
USIACURÍ,2023,5,28.301427278064576,88.61383801414853,162.124998661379
USIACURÍ,2023,6,27.91467455909368,91.38067318144299,324.295000123481
USIACURÍ,2023,7,28.13390375773114,91.4490200224377,265.274999777476
USIACURÍ,2023,8,28.687091355096754,90.99199585687548,113.68500013152759
USIACURÍ,2023,9,27.844002750941712,93.33174251374744,194.9450012141218
USIACURÍ,2023,10,27.813227771577402,93.98647480919247,220.09000129252672
USIACURÍ,2023,11,27.016526612781373,93.88944880167642,283.54499873518944
USIACURÍ,2023,12,27.384726279122514,93.16740290323892,130.0150019650658
USIACURÍ,2023,13,27.75286763509117,89.88553443996385,188.36000074632466
