municipio,año,periodo,periodo_continuo,casos,ciclo_vital_adolescencia,ciclo_vital_adulto,ciclo_vital_adulto_mayor,ciclo_vital_infante_mayor,ciclo_vital_infante_menor,regimen_salud_otro,regimen_salud_subsidiado,evento_grave,sexo_masculino,dist_rio,dist_lago,acueducto_porcentaje,PPC,Joinpoints,segmento,significancia,pvalor,temp_media_p3,precipitacion_p3,humedad_p3
BARANOA,2018,2,2,1,1.0,0.0,0.0,0.0,0.0,0.0,0.0,0.0,0.0,1.275986857905614,17.60367485448971,98.93,37.1287,4.0,0.0,1.0,0.024395,26.479134041922453,283.0499995946884,94.40619959150042
BARANOA,2018,4,4,1,0.0,1.0,0.0,0.0,0.0,0.0,1.0,0.0,0.0,1.275986857905614,17.60367485448971,98.93,37.1287,4.0,0.0,1.0,0.024395,26.81798285122577,74.21999877132475,91.6661711067989
BARANOA,2018,5,5,1,0.0,1.0,0.0,0.0,0.0,0.0,1.0,0.0,0.0,1.275986857905614,17.60367485448971,98.93,37.1287,4.0,0.0,1.0,0.024395,27.141193280901245,0.6100000180304047,83.70044299534389
BARANOA,2018,6,6,2,0.0,1.0,0.0,0.0,0.0,0.0,0.5,0.0,1.0,1.275986857905614,17.60367485448971,98.93,37.1287,4.0,0.0,1.0,0.024395,27.394740404401524,8.770000176504254,87.42167445591518
BARANOA,2018,7,7,3,0.0,0.3333333333333333,0.0,0.6666666666666666,0.0,0.3333333333333333,0.6666666666666666,0.0,0.6666666666666666,1.275986857905614,17.60367485448971,98.93,37.1287,4.0,0.0,1.0,0.024395,27.58077774047854,90.41000029072164,87.58892985752651
BARANOA,2018,8,8,7,0.2857142857142857,0.0,0.0,0.7142857142857143,0.0,0.0,0.5714285714285714,0.1428571428571428,0.4285714285714285,1.275986857905614,17.60367485448971,98.93,37.1287,4.0,0.0,1.0,0.024395,27.06788242885047,324.8399974703789,91.75370952061245
BARANOA,2018,9,9,11,0.3636363636363636,0.0909090909090909,0.0,0.5454545454545454,0.0,0.0909090909090909,0.8181818181818182,0.0909090909090909,0.6363636363636364,1.275986857905614,17.60367485448971,98.93,37.1287,4.0,0.0,1.0,0.024395,27.402969796316984,273.3600022494793,92.12083625793456
BARANOA,2018,10,10,32,0.46875,0.09375,0.0,0.4375,0.0,0.03125,0.5,0.0625,0.34375,1.275986857905614,17.60367485448971,98.93,,4.0,0.0,1.0,0.024395,27.43353042602541,116.70000003650784,91.07329668317524
BARANOA,2018,11,11,24,0.6666666666666666,0.0833333333333333,0.0,0.25,0.0,0.0,0.5833333333333334,0.0,0.4583333333333333,1.275986857905614,17.60367485448971,98.93,0.4943,4.0,1.0,0.0,0.731054,27.476033782959007,163.66999774053693,91.86095809936523
BARANOA,2018,12,12,26,0.5384615384615384,0.2307692307692307,0.0,0.2307692307692307,0.0,0.0384615384615384,0.4230769230769231,0.0,0.6923076923076923,1.275986857905614,17.60367485448971,98.93,0.4943,4.0,1.0,0.0,0.731054,27.27013985770091,219.92000105977056,92.924711227417
BARANOA,2018,13,13,54,0.4629629629629629,0.074074074074074,0.0,0.4629629629629629,0.0,0.0185185185185185,0.6296296296296297,0.0,0.4814814814814814,1.275986857905614,17.60367485448971,98.93,0.4943,4.0,1.0,0.0,0.731054,26.92568795340404,355.24999698996544,94.24663734436037
BARANOA,2019,1,14,55,0.509090909090909,0.0727272727272727,0.0,0.4181818181818181,0.0,0.0363636363636363,0.6727272727272727,0.0181818181818181,0.4363636363636363,1.275986857905614,17.60367485448971,98.34,0.4943,4.0,1.0,0.0,0.731054,26.60924355643138,224.55999985337257,93.65927914210728
BARANOA,2019,2,15,15,0.4666666666666667,0.1333333333333333,0.0,0.4,0.0,0.0666666666666666,0.8666666666666667,0.0666666666666666,0.3333333333333333,1.275986857905614,17.60367485448971,98.34,0.4943,4.0,1.0,0.0,0.731054,26.938941846575077,127.41000089980662,93.3365263257708
BARANOA,2019,3,16,19,0.4210526315789473,0.0526315789473684,0.0,0.4736842105263157,0.0526315789473684,0.0,0.8421052631578947,0.0,0.5789473684210527,1.275986857905614,17.60367485448971,98.34,0.4943,4.0,1.0,0.0,0.731054,26.905938720703144,2.510000050067901,89.91791316441127
BARANOA,2019,4,17,2,0.5,0.5,0.0,0.0,0.0,0.0,1.0,0.0,0.5,1.275986857905614,17.60367485448971,98.34,0.4943,4.0,1.0,0.0,0.731054,26.80992726293106,118.41000193357468,88.40025145432045
BARANOA,2019,5,18,5,0.0,0.0,0.0,1.0,0.0,0.0,0.8,0.0,1.0,1.275986857905614,17.60367485448971,98.34,0.4943,4.0,1.0,0.0,0.731054,27.45373251778741,113.5200001001358,86.3767751966204
BARANOA,2019,6,19,3,0.3333333333333333,0.3333333333333333,0.0,0.3333333333333333,0.0,0.0,0.3333333333333333,0.0,0.6666666666666666,1.275986857905614,17.60367485448971,98.34,0.4943,4.0,1.0,0.0,0.731054,27.505668531145396,41.63000022247434,85.49825368608747
BARANOA,2019,7,20,6,0.5,0.0,0.0,0.5,0.0,0.0,0.8333333333333334,0.0,0.5,1.275986857905614,17.60367485448971,98.34,0.4943,4.0,1.0,0.0,0.731054,28.032634081159337,77.58000011742115,86.7098366873605
BARANOA,2019,8,21,15,0.3333333333333333,0.2,0.0666666666666666,0.4,0.0,0.1333333333333333,0.6,0.0666666666666666,0.5333333333333333,1.275986857905614,17.60367485448971,98.34,0.4943,4.0,1.0,0.0,0.731054,28.09017279488701,306.77999838627875,87.97534533909389
BARANOA,2019,9,22,27,0.5925925925925926,0.1111111111111111,0.0,0.2962962962962963,0.0,0.0,0.7777777777777778,0.037037037037037,0.5185185185185185,1.275986857905614,17.60367485448971,98.34,0.4943,4.0,1.0,0.0,0.731054,27.478135681152363,300.1600031852722,91.92778887067524
BARANOA,2019,10,23,42,0.6428571428571429,0.0476190476190476,0.0,0.3095238095238095,0.0,0.0476190476190476,0.8333333333333334,0.0,0.5476190476190477,1.275986857905614,17.60367485448971,98.34,0.4943,4.0,1.0,0.0,0.731054,28.090301949637297,136.60000302642584,89.51113646371024
BARANOA,2019,11,24,54,0.4814814814814814,0.1296296296296296,0.0,0.3888888888888889,0.0,0.0185185185185185,0.6666666666666666,0.0185185185185185,0.5,1.275986857905614,17.60367485448971,98.34,0.4943,4.0,1.0,0.0,0.731054,27.872403172084287,187.6899995803833,91.79050881522042
BARANOA,2019,12,25,67,0.5373134328358209,0.1194029850746268,0.0,0.3432835820895522,0.0,0.0298507462686567,0.7313432835820896,0.0298507462686567,0.5970149253731343,1.275986857905614,17.60367485448971,98.34,0.4943,4.0,1.0,0.0,0.731054,27.605354200090694,281.9300002157688,93.29074505397251
BARANOA,2019,13,26,85,0.5529411764705883,0.0588235294117647,0.0,0.388235294117647,0.0,0.0235294117647058,0.7058823529411765,0.0117647058823529,0.5411764705882353,1.275986857905614,17.60367485448971,98.34,0.4943,4.0,1.0,0.0,0.731054,26.913392094203424,277.7299993038177,94.32297216142926
BARANOA,2020,1,27,67,0.4477611940298507,0.1343283582089552,0.0,0.417910447761194,0.0,0.0895522388059701,0.6567164179104478,0.0,0.4029850746268656,1.275986857905614,17.60367485448971,98.71,0.4943,4.0,1.0,0.0,0.731054,26.33442513602122,349.7800031900406,94.77273777553012
BARANOA,2020,2,28,31,0.3548387096774194,0.1290322580645161,0.032258064516129,0.4838709677419355,0.0,0.064516129032258,0.6774193548387096,0.032258064516129,0.3548387096774194,1.275986857905614,17.60367485448971,98.71,0.4943,4.0,1.0,0.0,0.731054,26.82474452427457,343.8900002390146,92.9246926988874
BARANOA,2020,3,29,8,0.5,0.125,0.0,0.375,0.0,0.125,0.75,0.0,0.625,1.275986857905614,17.60367485448971,98.71,0.4943,4.0,1.0,0.0,0.731054,27.26763196672714,246.92999997921288,92.61376871381488
BARANOA,2020,4,30,4,0.25,0.0,0.0,0.75,0.0,0.0,0.25,0.0,0.25,1.275986857905614,17.60367485448971,98.71,0.4943,4.0,1.0,0.0,0.731054,27.15978686992941,28.47999998368323,87.84422801091121
BARANOA,2020,6,32,1,0.0,1.0,0.0,0.0,0.0,0.0,1.0,0.0,0.0,1.275986857905614,17.60367485448971,98.71,0.4943,4.0,1.0,0.0,0.731054,27.43780779157368,102.80000001192091,85.19356754847935
BARANOA,2020,8,34,7,0.5714285714285714,0.1428571428571428,0.0,0.2857142857142857,0.0,0.0,0.7142857142857143,0.1428571428571428,0.1428571428571428,1.275986857905614,17.60367485448971,98.71,0.4943,4.0,1.0,0.0,0.731054,28.576977212088472,197.13000002503395,87.57242665972028
BARANOA,2020,9,35,12,0.3333333333333333,0.1666666666666666,0.0,0.5,0.0,0.0833333333333333,0.75,0.0833333333333333,0.5833333333333334,1.275986857905614,17.60367485448971,98.71,0.4943,4.0,1.0,0.0,0.731054,27.64966463361469,379.4799978733063,90.6635434286935
BARANOA,2020,10,36,7,0.5714285714285714,0.0,0.0,0.4285714285714285,0.0,0.1428571428571428,0.8571428571428571,0.0,0.5714285714285714,1.275986857905614,17.60367485448971,98.71,0.4943,4.0,1.0,0.0,0.731054,27.29018609183177,298.90000095777214,91.48245811462402
BARANOA,2020,11,37,9,0.6666666666666666,0.1111111111111111,0.0,0.2222222222222222,0.0,0.0,0.7777777777777778,0.0,0.6666666666666666,1.275986857905614,17.60367485448971,98.71,0.4943,4.0,1.0,0.0,0.731054,27.379179164341537,224.23000040650368,93.56631660461426
BARANOA,2020,12,38,11,0.2727272727272727,0.0,0.0,0.6363636363636364,0.0909090909090909,0.0909090909090909,0.8181818181818182,0.0,0.3636363636363636,1.275986857905614,17.60367485448971,98.71,,4.0,1.0,0.0,0.731054,26.76524723597937,404.9800003170967,94.11125700814384
BARANOA,2020,13,39,10,0.5,0.0,0.0,0.5,0.0,0.0,0.7,0.0,0.6,1.275986857905614,17.60367485448971,98.71,-45.9739,4.0,2.0,0.0,0.178764,26.66851959228518,418.010000705719,94.52493095397948
BARANOA,2020,14,40,3,0.6666666666666666,0.3333333333333333,0.0,0.0,0.0,0.0,0.6666666666666666,0.0,0.0,1.275986857905614,17.60367485448971,98.71,-45.9739,4.0,2.0,0.0,0.178764,26.134415653773736,392.630000025034,93.92731475830078
BARANOA,2021,1,40,4,0.75,0.0,0.0,0.25,0.0,0.0,0.75,0.0,0.25,1.275986857905614,17.60367485448971,98.8,-45.9739,4.0,2.0,0.0,0.178764,25.855223410470163,319.51000288128853,94.14801733834403
BARANOA,2021,2,41,1,0.0,0.0,0.0,1.0,0.0,0.0,1.0,1.0,1.0,1.275986857905614,17.60367485448971,98.8,,4.0,2.0,0.0,0.178764,26.499875095912408,164.77000004053116,92.19226946149554
BARANOA,2021,4,43,1,0.0,0.0,1.0,0.0,0.0,0.0,0.0,0.0,0.0,1.275986857905614,17.60367485448971,98.8,-0.5358,4.0,3.0,0.0,0.70026,27.009339359828424,40.04000097513199,87.64010047912598
BARANOA,2021,7,46,1,1.0,0.0,0.0,0.0,0.0,0.0,0.0,0.0,1.0,1.275986857905614,17.60367485448971,98.8,-0.5358,4.0,3.0,0.0,0.70026,27.448740713936964,190.9999999366701,88.38417298453194
BARANOA,2021,8,47,2,0.0,0.0,0.0,1.0,0.0,0.0,1.0,0.0,0.5,1.275986857905614,17.60367485448971,98.8,-0.5358,4.0,3.0,0.0,0.70026,27.280464063371948,194.6500039994717,89.21697044372559
BARANOA,2021,9,48,9,0.5555555555555556,0.1111111111111111,0.0,0.3333333333333333,0.0,0.0,0.5555555555555556,0.0,0.5555555555555556,1.275986857905614,17.60367485448971,98.8,-0.5358,4.0,3.0,0.0,0.70026,27.05694732666018,366.9700001478195,91.14154706682476
BARANOA,2021,10,49,24,0.4583333333333333,0.125,0.0,0.4166666666666667,0.0,0.0,0.8333333333333334,0.0416666666666666,0.625,1.275986857905614,17.60367485448971,98.8,-0.5358,4.0,3.0,0.0,0.70026,26.98026046752932,256.3399994149804,91.98742539542062
BARANOA,2021,11,50,18,0.5,0.1111111111111111,0.0,0.3888888888888889,0.0,0.0555555555555555,0.7777777777777778,0.0,0.5555555555555556,1.275986857905614,17.60367485448971,98.8,-0.5358,4.0,3.0,0.0,0.70026,27.08102188110354,256.28999857604504,91.99444144112724
BARANOA,2021,12,51,29,0.5172413793103449,0.0689655172413793,0.0,0.4137931034482758,0.0,0.1034482758620689,0.5172413793103449,0.0344827586206896,0.4482758620689655,1.275986857905614,17.60367485448971,98.8,-0.5358,4.0,3.0,0.0,0.70026,26.366769409179707,444.4299968481064,94.22322763715472
BARANOA,2021,13,52,20,0.8,0.1,0.0,0.1,0.0,0.05,0.7,0.0,0.3,1.275986857905614,17.60367485448971,98.8,-0.5358,4.0,3.0,0.0,0.70026,26.796524483816984,286.88999949768186,93.14270155770438
BARANOA,2022,1,53,6,0.3333333333333333,0.3333333333333333,0.0,0.3333333333333333,0.0,0.0,0.8333333333333334,0.0,0.6666666666666666,1.275986857905614,17.60367485448971,99.54,-0.5358,4.0,3.0,0.0,0.70026,26.530353437151245,229.4100041091442,93.40439632960728
BARANOA,2022,2,54,1,0.0,1.0,0.0,0.0,0.0,0.0,1.0,0.0,0.0,1.275986857905614,17.60367485448971,99.54,-0.5358,4.0,3.0,0.0,0.70026,26.866573979304405,76.80999996885657,91.28664838350736
BARANOA,2022,3,55,1,0.0,1.0,0.0,0.0,0.0,1.0,0.0,0.0,1.0,1.275986857905614,17.60367485448971,99.54,-0.5358,4.0,3.0,0.0,0.70026,26.812824503580742,17.0,88.73914845784505
BARANOA,2022,5,57,1,0.0,0.0,0.0,1.0,0.0,0.0,1.0,0.0,0.0,1.275986857905614,17.60367485448971,99.54,-0.5358,4.0,3.0,0.0,0.70026,27.28082536969868,83.33000010251999,85.58803830827985
BARANOA,2022,6,58,5,0.0,1.0,0.0,0.0,0.0,0.2,0.8,0.0,0.6,1.275986857905614,17.60367485448971,99.54,-0.5358,4.0,3.0,0.0,0.70026,27.738884953090142,158.99000097066164,86.94763674054828
BARANOA,2022,7,59,4,0.5,0.25,0.0,0.25,0.0,0.0,0.25,0.0,0.75,1.275986857905614,17.60367485448971,99.54,-0.5358,4.0,3.0,0.0,0.70026,27.52713001796179,227.59000140428543,88.81022616795131
BARANOA,2022,8,60,15,0.4,0.4666666666666667,0.0,0.1333333333333333,0.0,0.0666666666666666,0.4666666666666667,0.0,0.5333333333333333,1.275986857905614,17.60367485448971,99.54,-0.5358,4.0,3.0,0.0,0.70026,27.270310974121116,250.3299985527992,91.4297297341483
BARANOA,2022,9,61,12,0.6666666666666666,0.0833333333333333,0.0,0.25,0.0,0.0833333333333333,0.75,0.0833333333333333,0.75,1.275986857905614,17.60367485448971,99.54,-0.5358,4.0,3.0,0.0,0.70026,26.749581909179707,458.11999917030334,92.86189542497908
BARANOA,2022,10,62,11,0.2727272727272727,0.1818181818181818,0.0,0.5454545454545454,0.0,0.1818181818181818,0.6363636363636364,0.0,0.6363636363636364,1.275986857905614,17.60367485448971,99.54,-0.5358,4.0,3.0,0.0,0.70026,27.16039374215264,308.3199996352196,93.29742813110352
BARANOA,2022,11,63,18,0.2222222222222222,0.2777777777777778,0.0,0.5,0.0,0.0,0.5,0.0,0.6111111111111112,1.275986857905614,17.60367485448971,99.54,-0.5358,4.0,3.0,0.0,0.70026,27.07850309099472,455.23000079393387,93.78088787623814
BARANOA,2022,12,64,15,0.3333333333333333,0.2666666666666666,0.0,0.4,0.0,0.0,0.6666666666666666,0.0,0.6,1.275986857905614,17.60367485448971,99.54,-0.5358,4.0,3.0,0.0,0.70026,26.96498859950476,368.80999743938446,94.79662840706962
BARANOA,2022,13,65,7,1.0,0.0,0.0,0.0,0.0,0.0,0.5714285714285714,0.0,1.0,1.275986857905614,17.60367485448971,99.54,-0.5358,4.0,3.0,0.0,0.70026,26.299982779366648,350.79999828338623,94.78753689357212
BARANOA,2023,1,66,12,0.3333333333333333,0.0833333333333333,0.0,0.5,0.0833333333333333,0.0,0.8333333333333334,0.0833333333333333,0.4166666666666667,1.275986857905614,17.60367485448971,99.63,-0.5358,4.0,3.0,0.0,0.70026,26.14248482840404,387.0000026226044,95.09026309422084
BARANOA,2023,2,67,3,0.3333333333333333,0.3333333333333333,0.0,0.3333333333333333,0.0,0.0,0.0,0.0,0.6666666666666666,1.275986857905614,17.60367485448971,99.63,-0.5358,4.0,3.0,0.0,0.70026,25.952032797677195,324.09999710321426,94.45142936706544
BARANOA,2023,3,68,2,0.0,1.0,0.0,0.0,0.0,0.0,0.5,0.0,0.0,1.275986857905614,17.60367485448971,99.63,,4.0,3.0,0.0,0.70026,26.446364514581106,56.550000943243504,91.20864631389748
BARANOA,2023,4,69,3,0.3333333333333333,0.3333333333333333,0.0,0.3333333333333333,0.0,0.0,0.3333333333333333,0.0,0.3333333333333333,1.275986857905614,17.60367485448971,99.63,17.1033,4.0,4.0,1.0,0.018796,26.80728792463032,60.13999983668327,89.31498609270368
BARANOA,2023,5,70,2,0.5,0.5,0.0,0.0,0.0,0.0,1.0,0.0,0.5,1.275986857905614,17.60367485448971,99.63,17.1033,4.0,4.0,1.0,0.018796,26.91628145490376,16.0,83.26703534807477
BARANOA,2023,6,71,3,0.3333333333333333,0.3333333333333333,0.0,0.3333333333333333,0.0,0.0,0.3333333333333333,0.0,0.0,1.275986857905614,17.60367485448971,99.63,17.1033,4.0,4.0,1.0,0.018796,27.03582371303015,97.37000115215778,88.0662201472691
BARANOA,2023,7,72,2,0.5,0.5,0.0,0.0,0.0,0.0,0.0,0.0,0.0,1.275986857905614,17.60367485448971,99.63,17.1033,4.0,4.0,1.0,0.018796,27.62958025251118,178.73999901115894,85.21705300467355
BARANOA,2023,8,73,11,0.5454545454545454,0.1818181818181818,0.0,0.2727272727272727,0.0,0.0909090909090909,0.7272727272727273,0.0,0.5454545454545454,1.275986857905614,17.60367485448971,99.63,17.1033,4.0,4.0,1.0,0.018796,28.052698843819776,195.2199979573488,89.6531799861363
BARANOA,2023,9,74,6,0.5,0.1666666666666666,0.0,0.3333333333333333,0.0,0.0,0.6666666666666666,0.0,1.0,1.275986857905614,17.60367485448971,99.63,17.1033,4.0,4.0,1.0,0.018796,27.751264735630595,404.340000718832,92.3879236493792
BARANOA,2023,10,75,12,0.4166666666666667,0.3333333333333333,0.0833333333333333,0.1666666666666666,0.0,0.1666666666666666,0.8333333333333334,0.0,0.6666666666666666,1.275986857905614,17.60367485448971,99.63,17.1033,4.0,4.0,1.0,0.018796,28.037841687883667,277.4099989831448,91.95152991158622
BARANOA,2023,11,76,4,0.25,0.75,0.0,0.0,0.0,0.0,0.5,0.0,0.25,1.275986857905614,17.60367485448971,99.63,17.1033,4.0,4.0,1.0,0.018796,28.36359776088172,166.2799997162074,92.46134294782368
BARANOA,2023,12,77,15,0.6666666666666666,0.2666666666666666,0.0,0.0666666666666666,0.0,0.0666666666666666,0.6,0.0,0.2666666666666666,1.275986857905614,17.60367485448971,99.63,17.1033,4.0,4.0,1.0,0.018796,27.66915337698802,226.630000770092,94.30933734348842
BARANOA,2023,13,78,14,0.7142857142857143,0.0714285714285714,0.0,0.2142857142857142,0.0,0.0,0.7857142857142857,0.0,0.6428571428571429,1.275986857905614,17.60367485448971,99.63,17.1033,4.0,4.0,1.0,0.018796,27.673372977120557,275.6600003838539,94.66727638244627
CAMPO DE LA CRUZ,2019,5,18,1,1.0,0.0,0.0,0.0,0.0,0.0,1.0,0.0,1.0,0.262271827829908,5.433398254450008,60.64,-4.9155,3.0,0.0,1.0,0.029594,29.1179639543806,137.56000101566315,83.51062338692802
CAMPO DE LA CRUZ,2019,7,20,7,0.2857142857142857,0.4285714285714285,0.0,0.2857142857142857,0.0,0.0,0.8571428571428571,0.1428571428571428,0.7142857142857143,0.262271827829908,5.433398254450008,60.64,-4.9155,3.0,0.0,1.0,0.029594,29.41162316458568,89.21999987214804,83.80391447884696
CAMPO DE LA CRUZ,2019,8,21,4,0.25,0.25,0.0,0.5,0.0,0.0,1.0,0.0,0.5,0.262271827829908,5.433398254450008,60.64,-4.9155,3.0,0.0,1.0,0.029594,29.046110316685287,263.8099994249642,85.87101772853306
CAMPO DE LA CRUZ,2019,9,22,4,0.75,0.0,0.0,0.25,0.0,0.0,1.0,0.0,0.5,0.262271827829908,5.433398254450008,60.64,-4.9155,3.0,0.0,1.0,0.029594,28.218726457868325,199.5399999320507,90.04364177158901
CAMPO DE LA CRUZ,2019,10,23,2,1.0,0.0,0.0,0.0,0.0,0.0,1.0,0.0,0.5,0.262271827829908,5.433398254450008,60.64,-4.9155,3.0,0.0,1.0,0.029594,29.482483891078424,117.9700025767088,87.43034335545131
CAMPO DE LA CRUZ,2019,11,24,2,0.5,0.0,0.0,0.5,0.0,0.0,1.0,0.0,0.0,0.262271827829908,5.433398254450008,60.64,-4.9155,3.0,0.0,1.0,0.029594,29.11118142264232,152.91999938338995,89.1907433101109
CAMPO DE LA CRUZ,2019,12,25,2,0.5,0.5,0.0,0.0,0.0,0.5,0.5,0.0,0.5,0.262271827829908,5.433398254450008,60.64,-4.9155,3.0,0.0,1.0,0.029594,28.6303170340402,219.26999950408936,91.09414454868862
CAMPO DE LA CRUZ,2019,13,26,8,0.625,0.0,0.0,0.25,0.125,0.0,0.75,0.0,0.625,0.262271827829908,5.433398254450008,60.64,-4.9155,3.0,0.0,1.0,0.029594,27.54008472987585,204.67000061273572,92.78408023289272
CAMPO DE LA CRUZ,2020,1,27,4,0.5,0.25,0.0,0.25,0.0,0.0,0.75,0.0,0.75,0.262271827829908,5.433398254450008,100.0,-4.9155,3.0,0.0,1.0,0.029594,26.841174970354377,205.64000058174133,93.34562982831685
CAMPO DE LA CRUZ,2020,3,29,1,0.0,0.0,0.0,0.0,1.0,0.0,1.0,0.0,1.0,0.262271827829908,5.433398254450008,100.0,-4.9155,3.0,0.0,1.0,0.029594,28.43068684169226,238.68999619595704,90.36798095703124
CAMPO DE LA CRUZ,2020,8,34,1,0.0,0.0,0.0,1.0,0.0,0.0,1.0,0.0,0.0,0.262271827829908,5.433398254450008,100.0,-4.9155,3.0,0.0,1.0,0.029594,29.792355564662408,151.14999958127737,84.8451589856829
CAMPO DE LA CRUZ,2021,7,46,1,0.0,1.0,0.0,0.0,0.0,0.0,1.0,1.0,0.0,0.262271827829908,5.433398254450008,100.0,-4.9155,3.0,0.0,1.0,0.029594,28.72413406372072,154.10999912023544,85.53504153660366
CAMPO DE LA CRUZ,2021,8,47,1,0.0,1.0,0.0,0.0,0.0,0.0,0.0,0.0,1.0,0.262271827829908,5.433398254450008,100.0,-4.9155,3.0,0.0,1.0,0.029594,28.500245666503925,167.53000044822693,86.80385099138532
CAMPO DE LA CRUZ,2021,10,49,2,0.0,0.5,0.0,0.5,0.0,0.0,0.5,0.5,0.5,0.262271827829908,5.433398254450008,100.0,-4.9155,3.0,0.0,1.0,0.029594,27.963984789167142,190.54000111296773,89.77677917480469
CAMPO DE LA CRUZ,2021,11,50,1,0.0,1.0,0.0,0.0,0.0,0.0,1.0,0.0,0.0,0.262271827829908,5.433398254450008,100.0,-4.9155,3.0,0.0,1.0,0.029594,28.20067367553713,174.84000058472157,89.63689776829311
CAMPO DE LA CRUZ,2021,12,51,3,0.3333333333333333,0.0,0.0,0.6666666666666666,0.0,0.0,1.0,0.0,0.6666666666666666,0.262271827829908,5.433398254450008,100.0,,3.0,0.0,1.0,0.029594,26.964253452846005,303.17999590933323,92.84629494803292
CAMPO DE LA CRUZ,2021,13,52,7,0.1428571428571428,0.4285714285714285,0.0,0.4285714285714285,0.0,0.0,0.8571428571428571,0.1428571428571428,0.4285714285714285,0.262271827829908,5.433398254450008,100.0,82.1014,3.0,1.0,1.0,0.041592,27.29209997994561,171.21000013500452,92.26818929399762
CAMPO DE LA CRUZ,2022,1,53,2,0.5,0.0,0.0,0.5,0.0,0.0,0.5,0.0,0.0,0.262271827829908,5.433398254450008,100.0,82.1014,3.0,1.0,1.0,0.041592,27.34719783238004,179.31000052392483,91.93681907653809
CAMPO DE LA CRUZ,2022,2,54,17,0.4117647058823529,0.1176470588235294,0.0,0.4705882352941176,0.0,0.0588235294117647,0.8823529411764706,0.0,0.6470588235294118,0.262271827829908,5.433398254450008,100.0,82.1014,3.0,1.0,1.0,0.041592,28.18396383432244,80.26000025495887,89.83079264714168
CAMPO DE LA CRUZ,2022,3,55,5,0.4,0.0,0.0,0.6,0.0,0.0,1.0,0.0,0.4,0.262271827829908,5.433398254450008,100.0,82.1014,3.0,1.0,1.0,0.041592,28.15454508463543,19.0,87.90770975748698
CAMPO DE LA CRUZ,2022,4,56,5,0.0,0.2,0.0,0.8,0.0,0.0,1.0,0.0,0.4,0.262271827829908,5.433398254450008,100.0,,3.0,1.0,1.0,0.041592,28.19378433227541,228.25000190734863,87.7088236127581
CAMPO DE LA CRUZ,2022,5,57,3,0.6666666666666666,0.0,0.0,0.3333333333333333,0.0,0.0,1.0,0.0,1.0,0.262271827829908,5.433398254450008,100.0,-32.0029,3.0,2.0,1.0,0.044791,28.683989824567544,67.70999993383884,85.156005859375
CAMPO DE LA CRUZ,2022,6,58,11,0.4545454545454545,0.0909090909090909,0.0,0.4545454545454545,0.0,0.1818181818181818,0.8181818181818182,0.1818181818181818,0.5454545454545454,0.262271827829908,5.433398254450008,100.0,-32.0029,3.0,2.0,1.0,0.044791,29.142515890938917,147.40000001341105,84.52003206525531
CAMPO DE LA CRUZ,2022,7,59,13,0.3076923076923077,0.0769230769230769,0.0,0.5384615384615384,0.0769230769230769,0.2307692307692307,0.6923076923076923,0.0,0.3846153846153846,0.262271827829908,5.433398254450008,100.0,-32.0029,3.0,2.0,1.0,0.044791,28.76912187848774,207.89000012725592,85.62875311715263
CAMPO DE LA CRUZ,2022,8,60,10,0.4,0.4,0.0,0.2,0.0,0.1,0.9,0.0,0.6,0.262271827829908,5.433398254450008,100.0,-32.0029,3.0,2.0,1.0,0.044791,28.19235436575756,171.72999960184097,88.96584865025112
CAMPO DE LA CRUZ,2022,9,61,6,0.1666666666666666,0.1666666666666666,0.0,0.6666666666666666,0.0,0.0,1.0,0.1666666666666666,0.1666666666666666,0.262271827829908,5.433398254450008,100.0,-32.0029,3.0,2.0,1.0,0.044791,27.57186878749304,303.4800024032593,90.625333241054
CAMPO DE LA CRUZ,2022,10,62,3,0.3333333333333333,0.3333333333333333,0.0,0.3333333333333333,0.0,0.0,1.0,0.0,1.0,0.262271827829908,5.433398254450008,100.0,-32.0029,3.0,2.0,1.0,0.044791,27.79076102120538,186.32000145316124,91.5905088697161
CAMPO DE LA CRUZ,2022,11,63,2,0.0,0.5,0.0,0.5,0.0,0.5,0.5,0.0,0.5,0.262271827829908,5.433398254450008,100.0,,3.0,2.0,1.0,0.044791,27.944821929931663,297.8500001132488,91.9004135131836
CAMPO DE LA CRUZ,2022,12,64,2,0.0,1.0,0.0,0.0,0.0,0.0,1.0,0.0,0.5,0.262271827829908,5.433398254450008,100.0,7.1317,3.0,3.0,0.0,0.173565,27.823474775041863,238.42999675869945,93.03001867021833
CAMPO DE LA CRUZ,2023,3,68,1,0.0,1.0,0.0,0.0,0.0,0.0,0.0,0.0,1.0,0.262271827829908,5.433398254450008,73.3,7.1317,3.0,3.0,0.0,0.173565,27.60634186843348,53.91999997198582,90.46864318847656
CAMPO DE LA CRUZ,2023,5,70,1,0.0,0.0,0.0,1.0,0.0,0.0,1.0,0.0,0.0,0.262271827829908,5.433398254450008,73.3,7.1317,3.0,3.0,0.0,0.173565,28.613502393450077,36.03999999910593,81.7685410635812
CAMPO DE LA CRUZ,2023,6,71,1,0.0,0.0,0.0,1.0,0.0,0.0,1.0,0.0,1.0,0.262271827829908,5.433398254450008,73.3,7.1317,3.0,3.0,0.0,0.173565,28.534716905866368,84.04999991692603,85.1861139025007
CAMPO DE LA CRUZ,2023,7,72,6,0.3333333333333333,0.3333333333333333,0.0,0.1666666666666666,0.1666666666666666,0.0,1.0,0.0,0.5,0.262271827829908,5.433398254450008,73.3,7.1317,3.0,3.0,0.0,0.173565,29.09548176356726,189.7000019773841,83.02700860159737
CAMPO DE LA CRUZ,2023,8,73,4,0.25,0.0,0.0,0.75,0.0,0.25,0.75,0.0,0.25,0.262271827829908,5.433398254450008,73.3,7.1317,3.0,3.0,0.0,0.173565,29.470335170200915,164.19999976083636,86.39804404122489
CAMPO DE LA CRUZ,2023,9,74,1,0.0,1.0,0.0,0.0,0.0,0.0,1.0,0.0,0.0,0.262271827829908,5.433398254450008,73.3,7.1317,3.0,3.0,0.0,0.173565,28.62401351928713,220.8500011563301,89.87660952976772
CAMPO DE LA CRUZ,2023,10,75,2,0.0,0.0,0.0,1.0,0.0,0.5,0.5,0.0,0.5,0.262271827829908,5.433398254450008,73.3,7.1317,3.0,3.0,0.0,0.173565,29.080940682547453,206.4999981224537,89.61078207833427
CAMPO DE LA CRUZ,2023,13,78,1,1.0,0.0,0.0,0.0,0.0,0.0,1.0,0.0,1.0,0.262271827829908,5.433398254450008,73.3,7.1317,3.0,3.0,0.0,0.173565,28.468870871407667,192.4600003361702,92.44793728419712
CANDELARIA,2018,11,11,1,1.0,0.0,0.0,0.0,0.0,0.0,1.0,0.0,1.0,1.044205284417448,4.608124745188931,52.05,-1.4609,0.0,0.0,0.0,0.079984,28.423295593261734,117.15000058710577,90.93738065447126
CANDELARIA,2019,5,18,1,1.0,0.0,0.0,0.0,0.0,1.0,0.0,0.0,0.0,1.044205284417448,4.608124745188931,69.7,-1.4609,0.0,0.0,0.0,0.079984,28.71848667689733,137.56000101566315,84.98956707545689
CANDELARIA,2019,6,19,1,1.0,0.0,0.0,0.0,0.0,0.0,1.0,0.0,1.0,1.044205284417448,4.608124745188931,69.7,-1.4609,0.0,0.0,0.0,0.079984,28.823691122872507,56.9400007147342,84.1523083278111
CANDELARIA,2019,7,20,3,0.3333333333333333,0.0,0.0,0.6666666666666666,0.0,0.0,1.0,0.0,0.3333333333333333,1.044205284417448,4.608124745188931,69.7,-1.4609,0.0,0.0,0.0,0.079984,29.03091419764929,89.21999987214804,85.3211236681257
CANDELARIA,2019,8,21,3,0.0,0.0,0.0,1.0,0.0,0.0,1.0,0.0,0.0,1.044205284417448,4.608124745188931,69.7,-1.4609,0.0,0.0,0.0,0.079984,28.706094905308337,263.8099994249642,87.35849516732353
CANDELARIA,2019,9,22,3,0.6666666666666666,0.3333333333333333,0.0,0.0,0.0,0.0,0.3333333333333333,0.0,0.6666666666666666,1.044205284417448,4.608124745188931,69.7,-1.4609,0.0,0.0,0.0,0.079984,27.938780539376413,199.5399999320507,91.43138776506696
CANDELARIA,2019,10,23,3,0.0,0.0,0.0,1.0,0.0,0.0,1.0,0.0,0.3333333333333333,1.044205284417448,4.608124745188931,69.7,-1.4609,0.0,0.0,0.0,0.079984,29.16139591762,117.9700025767088,88.92789077758789
CANDELARIA,2019,11,24,8,0.5,0.125,0.0,0.375,0.0,0.0,0.625,0.0,0.75,1.044205284417448,4.608124745188931,69.7,-1.4609,0.0,0.0,0.0,0.079984,28.8124208722796,152.91999938338995,90.64092527117047
CANDELARIA,2019,12,25,2,0.5,0.0,0.0,0.5,0.0,0.0,0.5,0.0,0.5,1.044205284417448,4.608124745188931,69.7,-1.4609,0.0,0.0,0.0,0.079984,28.34715205601285,219.26999950408936,92.47446496146064
CANDELARIA,2019,13,26,4,0.0,0.25,0.0,0.75,0.0,0.25,0.5,0.0,0.5,1.044205284417448,4.608124745188931,69.7,-1.4609,0.0,0.0,0.0,0.079984,27.28982424054829,204.67000061273572,94.0854663848877
CANDELARIA,2020,1,27,2,1.0,0.0,0.0,0.0,0.0,0.0,0.5,0.0,0.0,1.044205284417448,4.608124745188931,100.0,-1.4609,0.0,0.0,0.0,0.079984,26.599561854771224,205.64000058174133,94.59413828168596
CANDELARIA,2021,10,49,1,0.0,0.0,0.0,1.0,0.0,0.0,1.0,0.0,1.0,1.044205284417448,4.608124745188931,100.0,-1.4609,0.0,0.0,0.0,0.079984,27.71302348545621,190.54000111296773,91.20084708077567
CANDELARIA,2022,5,57,1,0.0,1.0,0.0,0.0,0.0,0.0,1.0,0.0,1.0,1.044205284417448,4.608124745188931,100.0,-1.4609,0.0,0.0,0.0,0.079984,28.304966408865813,67.70999993383884,86.58277974809918
CANDELARIA,2022,6,58,2,0.5,0.0,0.0,0.5,0.0,0.0,1.0,0.0,0.0,1.044205284417448,4.608124745188931,100.0,-1.4609,0.0,0.0,0.0,0.079984,28.75556553431922,147.40000001341105,85.98619897024972
CANDELARIA,2022,7,59,2,0.0,0.0,0.0,1.0,0.0,0.0,0.5,0.0,1.0,1.044205284417448,4.608124745188931,100.0,-1.4609,0.0,0.0,0.0,0.079984,28.41990759713311,207.89000012725592,87.09074102129254
CANDELARIA,2022,8,60,3,0.6666666666666666,0.0,0.0,0.3333333333333333,0.0,0.0,1.0,0.3333333333333333,0.3333333333333333,1.044205284417448,4.608124745188931,100.0,-1.4609,0.0,0.0,0.0,0.079984,27.8935496738979,171.72999960184097,90.35723658970424
CANDELARIA,2022,9,61,2,1.0,0.0,0.0,0.0,0.0,0.0,1.0,0.5,0.0,1.044205284417448,4.608124745188931,100.0,-1.4609,0.0,0.0,0.0,0.079984,27.32336469377792,303.4800024032593,91.99757548740932
CANDELARIA,2022,11,63,2,0.5,0.0,0.0,0.5,0.0,0.0,0.5,0.0,0.5,1.044205284417448,4.608124745188931,100.0,-1.4609,0.0,0.0,0.0,0.079984,27.698656245640368,297.8500001132488,93.26290621076312
CANDELARIA,2022,12,64,1,1.0,0.0,0.0,0.0,0.0,0.0,1.0,0.0,0.0,1.044205284417448,4.608124745188931,100.0,-1.4609,0.0,0.0,0.0,0.079984,27.57560119628908,238.42999675869945,94.34584753853936
CANDELARIA,2023,2,67,2,0.5,0.0,0.0,0.5,0.0,0.0,0.5,0.0,1.0,1.044205284417448,4.608124745188931,23.83,-1.4609,0.0,0.0,0.0,0.079984,26.290608978271507,211.15999941527843,93.91122436523438
CANDELARIA,2023,9,74,4,0.75,0.25,0.0,0.0,0.0,0.0,0.5,0.25,0.5,1.044205284417448,4.608124745188931,23.83,-1.4609,0.0,0.0,0.0,0.079984,28.32721099853518,220.8500011563301,91.27197647094728
CANDELARIA,2023,13,78,1,0.0,1.0,0.0,0.0,0.0,0.0,1.0,0.0,0.0,1.044205284417448,4.608124745188931,23.83,-1.4609,0.0,0.0,0.0,0.079984,28.17509885515488,192.4600003361702,93.7579746246338
GALAPA,2018,1,1,1,1.0,0.0,0.0,0.0,0.0,0.0,0.0,0.0,0.0,0.728151113212237,12.860763614518282,99.02,23.2092,3.0,0.0,1.0,0.0008,27.222021811349077,153.37999811954796,92.21090725490023
GALAPA,2018,2,2,1,0.0,1.0,0.0,0.0,0.0,0.0,0.0,0.0,0.0,0.728151113212237,12.860763614518282,99.02,23.2092,3.0,0.0,1.0,0.0008,26.90111639840264,197.2400001958013,91.67178535461426
GALAPA,2018,4,4,2,0.5,0.5,0.0,0.0,0.0,0.0,1.0,0.0,0.0,0.728151113212237,12.860763614518282,99.02,23.2092,3.0,0.0,1.0,0.0008,27.308567652209074,20.50000008381903,87.15088337865369
GALAPA,2018,5,5,3,0.3333333333333333,0.6666666666666666,0.0,0.0,0.0,0.0,0.3333333333333333,0.0,0.0,0.728151113212237,12.860763614518282,99.02,23.2092,3.0,0.0,1.0,0.0008,26.82210693359377,0.0,83.57242665972028
GALAPA,2018,6,6,1,0.0,1.0,0.0,0.0,0.0,0.0,1.0,0.0,1.0,0.728151113212237,12.860763614518282,99.02,23.2092,3.0,0.0,1.0,0.0008,27.221516091483004,1.1999999973922963,85.68916702270508
GALAPA,2018,7,7,4,0.0,0.5,0.0,0.5,0.0,0.0,0.75,0.0,0.25,0.728151113212237,12.860763614518282,99.02,23.2092,3.0,0.0,1.0,0.0008,27.51779654366631,35.56000076234341,86.07543509347099
GALAPA,2018,8,8,6,0.8333333333333334,0.0,0.0,0.1666666666666666,0.0,0.0,0.8333333333333334,0.0,0.3333333333333333,0.728151113212237,12.860763614518282,99.02,23.2092,3.0,0.0,1.0,0.0008,27.56334566388813,205.66000042296943,89.06201526096889
GALAPA,2018,9,9,3,0.0,0.6666666666666666,0.0,0.3333333333333333,0.0,0.0,0.6666666666666666,0.0,1.0,0.728151113212237,12.860763614518282,99.02,23.2092,3.0,0.0,1.0,0.0008,27.86816231863841,158.94999966397882,89.60286712646484
GALAPA,2018,10,10,24,0.3333333333333333,0.1666666666666666,0.0,0.4583333333333333,0.0416666666666666,0.0416666666666666,0.625,0.0416666666666666,0.5416666666666666,0.728151113212237,12.860763614518282,99.02,23.2092,3.0,0.0,1.0,0.0008,27.431753867013136,60.709999687969685,90.54302651541572
GALAPA,2018,11,11,19,0.631578947368421,0.0526315789473684,0.0,0.3157894736842105,0.0,0.0526315789473684,0.631578947368421,0.0,0.5789473684210527,0.728151113212237,12.860763614518282,99.02,23.2092,3.0,0.0,1.0,0.0008,27.13101021902904,76.70000034756958,92.00399426051548
GALAPA,2018,12,12,25,0.4,0.32,0.0,0.28,0.0,0.0,0.76,0.04,0.64,0.728151113212237,12.860763614518282,99.02,23.2092,3.0,0.0,1.0,0.0008,27.0721750531878,131.59000009298325,93.10954557146344
GALAPA,2018,13,13,47,0.5957446808510638,0.0851063829787234,0.0,0.3191489361702128,0.0,0.0425531914893617,0.6808510638297872,0.0,0.574468085106383,0.728151113212237,12.860763614518282,99.02,,3.0,0.0,1.0,0.0008,27.00511648995538,232.57999861240387,93.55383627755302
GALAPA,2019,1,14,24,0.5416666666666666,0.0416666666666666,0.0,0.4166666666666667,0.0,0.0,0.8333333333333334,0.0416666666666666,0.375,0.728151113212237,12.860763614518282,99.24,-30.6666,3.0,1.0,1.0,0.0008,26.77093712942943,167.21999926120043,92.15569986615864
GALAPA,2019,1,14,24,0.5416666666666666,0.0416666666666666,0.0,0.4166666666666667,0.0,0.0,0.8333333333333334,0.0416666666666666,0.375,0.728151113212237,12.860763614518282,98.5,-30.6666,3.0,1.0,1.0,0.0008,26.77093712942943,167.21999926120043,92.15569986615864
GALAPA,2019,2,15,8,0.5,0.125,0.0,0.375,0.0,0.0,0.625,0.0,0.5,0.728151113212237,12.860763614518282,99.24,-30.6666,3.0,1.0,1.0,0.0008,27.10674165998188,51.82000016234815,91.153169631958
GALAPA,2019,2,15,8,0.5,0.125,0.0,0.375,0.0,0.0,0.625,0.0,0.5,0.728151113212237,12.860763614518282,98.5,-30.6666,3.0,1.0,1.0,0.0008,27.10674165998188,51.82000016234815,91.153169631958
GALAPA,2019,3,16,1,0.0,0.0,0.0,1.0,0.0,0.0,1.0,0.0,0.0,0.728151113212237,12.860763614518282,99.24,-30.6666,3.0,1.0,1.0,0.0008,26.81346337454661,0.2899999916553497,87.47749301365444
GALAPA,2019,3,16,1,0.0,0.0,0.0,1.0,0.0,0.0,1.0,0.0,0.0,0.728151113212237,12.860763614518282,98.5,-30.6666,3.0,1.0,1.0,0.0008,26.81346337454661,0.2899999916553497,87.47749301365444
GALAPA,2019,4,17,3,0.0,0.6666666666666666,0.0,0.3333333333333333,0.0,0.0,1.0,0.0,0.6666666666666666,0.728151113212237,12.860763614518282,99.24,-30.6666,3.0,1.0,1.0,0.0008,26.588377012055517,12.770000064745544,86.50073031721443
GALAPA,2019,4,17,3,0.0,0.6666666666666666,0.0,0.3333333333333333,0.0,0.0,1.0,0.0,0.6666666666666666,0.728151113212237,12.860763614518282,98.5,-30.6666,3.0,1.0,1.0,0.0008,26.588377012055517,12.770000064745544,86.50073031721443
GALAPA,2019,6,19,1,1.0,0.0,0.0,0.0,0.0,0.0,1.0,0.0,1.0,0.728151113212237,12.860763614518282,99.24,,3.0,1.0,1.0,0.0008,26.90767168317524,3.949999872595072,85.44664546421596
GALAPA,2019,6,19,1,1.0,0.0,0.0,0.0,0.0,0.0,1.0,0.0,1.0,0.728151113212237,12.860763614518282,98.5,,3.0,1.0,1.0,0.0008,26.90767168317524,3.949999872595072,85.44664546421596
GALAPA,2019,7,20,3,0.3333333333333333,0.6666666666666666,0.0,0.0,0.0,0.3333333333333333,0.6666666666666666,0.0,0.6666666666666666,0.728151113212237,12.860763614518282,99.24,3.6316,3.0,2.0,1.0,0.0008,27.75636389596124,28.77000017650425,85.95641354152134
GALAPA,2019,7,20,3,0.3333333333333333,0.6666666666666666,0.0,0.0,0.0,0.3333333333333333,0.6666666666666666,0.0,0.6666666666666666,0.728151113212237,12.860763614518282,98.5,3.6316,3.0,2.0,1.0,0.0008,27.75636389596124,28.77000017650425,85.95641354152134
GALAPA,2019,8,21,3,0.3333333333333333,0.3333333333333333,0.0,0.3333333333333333,0.0,0.0,0.0,0.0,0.6666666666666666,0.728151113212237,12.860763614518282,99.24,3.6316,3.0,2.0,1.0,0.0008,28.06979958670482,164.64999949000776,87.2235883985247
GALAPA,2019,8,21,3,0.3333333333333333,0.3333333333333333,0.0,0.3333333333333333,0.0,0.0,0.0,0.0,0.6666666666666666,0.728151113212237,12.860763614518282,98.5,3.6316,3.0,2.0,1.0,0.0008,28.06979958670482,164.64999949000776,87.2235883985247
GALAPA,2019,9,22,2,0.5,0.0,0.0,0.5,0.0,0.0,1.0,0.0,0.5,0.728151113212237,12.860763614518282,99.24,3.6316,3.0,2.0,1.0,0.0008,27.83945290701732,237.56000079587105,90.47479629516602
GALAPA,2019,9,22,2,0.5,0.0,0.0,0.5,0.0,0.0,1.0,0.0,0.5,0.728151113212237,12.860763614518282,98.5,3.6316,3.0,2.0,1.0,0.0008,27.83945290701732,237.56000079587105,90.47479629516602
GALAPA,2019,10,23,3,0.3333333333333333,0.3333333333333333,0.0,0.3333333333333333,0.0,0.0,1.0,0.0,1.0,0.728151113212237,12.860763614518282,99.24,3.6316,3.0,2.0,1.0,0.0008,27.70809598650253,40.87000082060695,90.24919319152832
GALAPA,2019,10,23,3,0.3333333333333333,0.3333333333333333,0.0,0.3333333333333333,0.0,0.0,1.0,0.0,1.0,0.728151113212237,12.860763614518282,98.5,3.6316,3.0,2.0,1.0,0.0008,27.70809598650253,40.87000082060695,90.24919319152832
GALAPA,2019,11,24,2,0.5,0.0,0.0,0.5,0.0,0.0,0.0,0.0,1.0,0.728151113212237,12.860763614518282,99.24,3.6316,3.0,2.0,1.0,0.0008,27.4223468235561,77.74000051245093,92.84202657427106
GALAPA,2019,11,24,2,0.5,0.0,0.0,0.5,0.0,0.0,0.0,0.0,1.0,0.728151113212237,12.860763614518282,98.5,3.6316,3.0,2.0,1.0,0.0008,27.4223468235561,77.74000051245093,92.84202657427106
GALAPA,2019,12,25,2,1.0,0.0,0.0,0.0,0.0,0.0,0.5,0.0,0.5,0.728151113212237,12.860763614518282,99.24,3.6316,3.0,2.0,1.0,0.0008,27.391153499058333,148.94000041298568,93.0866870880127
GALAPA,2019,12,25,2,1.0,0.0,0.0,0.0,0.0,0.0,0.5,0.0,0.5,0.728151113212237,12.860763614518282,98.5,3.6316,3.0,2.0,1.0,0.0008,27.391153499058333,148.94000041298568,93.0866870880127
GALAPA,2019,13,26,10,0.8,0.0,0.0,0.2,0.0,0.0,0.7,0.0,0.8,0.728151113212237,12.860763614518282,99.24,3.6316,3.0,2.0,1.0,0.0008,26.935483006068655,215.8000000715256,94.1044739314488
GALAPA,2019,13,26,10,0.8,0.0,0.0,0.2,0.0,0.0,0.7,0.0,0.8,0.728151113212237,12.860763614518282,98.5,3.6316,3.0,2.0,1.0,0.0008,26.935483006068655,215.8000000715256,94.1044739314488
GALAPA,2020,1,27,23,0.6956521739130435,0.0434782608695652,0.0,0.2608695652173913,0.0,0.0434782608695652,0.5217391304347826,0.0,0.4347826086956521,0.728151113212237,12.860763614518282,99.41,3.6316,3.0,2.0,1.0,0.0008,26.75270015171598,307.56000089645386,92.8795463017055
GALAPA,2020,1,27,23,0.6956521739130435,0.0434782608695652,0.0,0.2608695652173913,0.0,0.0434782608695652,0.5217391304347826,0.0,0.4347826086956521,0.728151113212237,12.860763614518282,99.47,3.6316,3.0,2.0,1.0,0.0008,26.75270015171598,307.56000089645386,92.8795463017055
GALAPA,2020,2,28,4,0.25,0.0,0.0,0.75,0.0,0.0,0.5,0.0,0.5,0.728151113212237,12.860763614518282,99.41,3.6316,3.0,2.0,1.0,0.0008,27.1346864972796,90.38000033609568,90.91307149614606
GALAPA,2020,2,28,4,0.25,0.0,0.0,0.75,0.0,0.0,0.5,0.0,0.5,0.728151113212237,12.860763614518282,99.47,3.6316,3.0,2.0,1.0,0.0008,27.1346864972796,90.38000033609568,90.91307149614606
GALAPA,2020,3,29,2,0.5,0.5,0.0,0.0,0.0,0.0,0.0,0.0,1.0,0.728151113212237,12.860763614518282,99.41,3.6316,3.0,2.0,1.0,0.0008,27.460638209751693,56.77000021748245,89.91720526559013
GALAPA,2020,3,29,2,0.5,0.5,0.0,0.0,0.0,0.0,0.0,0.0,1.0,0.728151113212237,12.860763614518282,99.47,3.6316,3.0,2.0,1.0,0.0008,27.460638209751693,56.77000021748245,89.91720526559013
GALAPA,2020,4,30,1,0.0,0.0,0.0,1.0,0.0,0.0,0.0,0.0,0.0,0.728151113212237,12.860763614518282,99.41,3.6316,3.0,2.0,1.0,0.0008,27.046910564716065,21.24000001884997,85.94825832660382
GALAPA,2020,4,30,1,0.0,0.0,0.0,1.0,0.0,0.0,0.0,0.0,0.0,0.728151113212237,12.860763614518282,99.47,3.6316,3.0,2.0,1.0,0.0008,27.046910564716065,21.24000001884997,85.94825832660382
GALAPA,2020,6,32,2,0.0,1.0,0.0,0.0,0.0,0.0,0.0,0.0,1.0,0.728151113212237,12.860763614518282,99.41,3.6316,3.0,2.0,1.0,0.0008,27.09719619750979,10.25,84.94178853716168
GALAPA,2020,6,32,2,0.0,1.0,0.0,0.0,0.0,0.0,0.0,0.0,1.0,0.728151113212237,12.860763614518282,99.47,3.6316,3.0,2.0,1.0,0.0008,27.09719619750979,10.25,84.94178853716168
GALAPA,2020,12,38,1,0.0,0.0,0.0,1.0,0.0,0.0,0.0,0.0,0.0,0.728151113212237,12.860763614518282,99.41,3.6316,3.0,2.0,1.0,0.0008,26.865015738351023,299.90000036358833,94.30416815621513
GALAPA,2020,12,38,1,0.0,0.0,0.0,1.0,0.0,0.0,0.0,0.0,0.0,0.728151113212237,12.860763614518282,99.47,3.6316,3.0,2.0,1.0,0.0008,26.865015738351023,299.90000036358833,94.30416815621513
GALAPA,2020,14,40,2,0.5,0.5,0.0,0.0,0.0,0.0,0.5,0.0,0.5,0.728151113212237,12.860763614518282,99.41,3.6316,3.0,2.0,1.0,0.0008,26.73366753714427,256.8500002399087,92.50957543509348
GALAPA,2020,14,40,2,0.5,0.5,0.0,0.0,0.0,0.0,0.5,0.0,0.5,0.728151113212237,12.860763614518282,99.47,3.6316,3.0,2.0,1.0,0.0008,26.73366753714427,256.8500002399087,92.50957543509348
GALAPA,2021,1,40,7,0.2857142857142857,0.2857142857142857,0.0,0.4285714285714285,0.0,0.0,0.5714285714285714,0.1428571428571428,0.5714285714285714,0.728151113212237,12.860763614518282,99.49,3.6316,3.0,2.0,1.0,0.0008,26.582365744454545,236.40000154078007,91.65484809875488
GALAPA,2021,1,40,7,0.2857142857142857,0.2857142857142857,0.0,0.4285714285714285,0.0,0.0,0.5714285714285714,0.1428571428571428,0.5714285714285714,0.728151113212237,12.860763614518282,99.17,3.6316,3.0,2.0,1.0,0.0008,26.582365744454545,236.40000154078007,91.65484809875488
GALAPA,2021,2,41,3,0.3333333333333333,0.3333333333333333,0.0,0.3333333333333333,0.0,0.3333333333333333,0.0,0.3333333333333333,1.0,0.728151113212237,12.860763614518282,99.49,3.6316,3.0,2.0,1.0,0.0008,27.00895734514511,60.110000263899565,88.91719354901996
GALAPA,2021,2,41,3,0.3333333333333333,0.3333333333333333,0.0,0.3333333333333333,0.0,0.3333333333333333,0.0,0.3333333333333333,1.0,0.728151113212237,12.860763614518282,99.17,3.6316,3.0,2.0,1.0,0.0008,27.00895734514511,60.110000263899565,88.91719354901996
GALAPA,2021,6,45,1,0.0,0.0,0.0,1.0,0.0,0.0,0.0,0.0,0.0,0.728151113212237,12.860763614518282,99.49,3.6316,3.0,2.0,1.0,0.0008,27.1719075884138,19.93999996222556,83.92845235552106
GALAPA,2021,6,45,1,0.0,0.0,0.0,1.0,0.0,0.0,0.0,0.0,0.0,0.728151113212237,12.860763614518282,99.17,3.6316,3.0,2.0,1.0,0.0008,27.1719075884138,19.93999996222556,83.92845235552106
GALAPA,2021,8,47,1,0.0,1.0,0.0,0.0,0.0,0.0,0.0,0.0,0.0,0.728151113212237,12.860763614518282,99.49,3.6316,3.0,2.0,1.0,0.0008,27.66261280604773,60.61999970301986,87.2998376573835
GALAPA,2021,8,47,1,0.0,1.0,0.0,0.0,0.0,0.0,0.0,0.0,0.0,0.728151113212237,12.860763614518282,99.17,3.6316,3.0,2.0,1.0,0.0008,27.66261280604773,60.61999970301986,87.2998376573835
GALAPA,2021,9,48,6,0.3333333333333333,0.5,0.0,0.1666666666666666,0.0,0.0,0.3333333333333333,0.0,0.1666666666666666,0.728151113212237,12.860763614518282,99.49,3.6316,3.0,2.0,1.0,0.0008,27.513473946707613,243.3400000333786,89.76586614336286
GALAPA,2021,9,48,6,0.3333333333333333,0.5,0.0,0.1666666666666666,0.0,0.0,0.3333333333333333,0.0,0.1666666666666666,0.728151113212237,12.860763614518282,99.17,3.6316,3.0,2.0,1.0,0.0008,27.513473946707613,243.3400000333786,89.76586614336286
GALAPA,2021,10,49,29,0.5517241379310345,0.2068965517241379,0.0,0.2413793103448276,0.0,0.0344827586206896,0.6551724137931034,0.0,0.4827586206896552,0.728151113212237,12.860763614518282,99.49,3.6316,3.0,2.0,1.0,0.0008,27.26206577845984,143.8999992068857,90.79404013497488
GALAPA,2021,10,49,29,0.5517241379310345,0.2068965517241379,0.0,0.2413793103448276,0.0,0.0344827586206896,0.6551724137931034,0.0,0.4827586206896552,0.728151113212237,12.860763614518282,99.17,3.6316,3.0,2.0,1.0,0.0008,27.26206577845984,143.8999992068857,90.79404013497488
GALAPA,2021,11,50,28,0.5,0.3214285714285714,0.0,0.1785714285714285,0.0,0.0357142857142857,0.6428571428571429,0.0714285714285714,0.6428571428571429,0.728151113212237,12.860763614518282,99.49,3.6316,3.0,2.0,1.0,0.0008,27.08698534284321,159.87000142596662,92.52652958461216
GALAPA,2021,11,50,28,0.5,0.3214285714285714,0.0,0.1785714285714285,0.0,0.0357142857142857,0.6428571428571429,0.0714285714285714,0.6428571428571429,0.728151113212237,12.860763614518282,99.17,3.6316,3.0,2.0,1.0,0.0008,27.08698534284321,159.87000142596662,92.52652958461216
GALAPA,2021,12,51,49,0.4693877551020408,0.2653061224489796,0.0,0.2653061224489796,0.0,0.0204081632653061,0.4897959183673469,0.0,0.5510204081632653,0.728151113212237,12.860763614518282,99.49,3.6316,3.0,2.0,1.0,0.0008,26.658029174804707,353.1700032055378,93.64862850734166
GALAPA,2021,12,51,49,0.4693877551020408,0.2653061224489796,0.0,0.2653061224489796,0.0,0.0204081632653061,0.4897959183673469,0.0,0.5510204081632653,0.728151113212237,12.860763614518282,99.17,3.6316,3.0,2.0,1.0,0.0008,26.658029174804707,353.1700032055378,93.64862850734166
GALAPA,2021,13,52,42,0.3571428571428571,0.3333333333333333,0.0,0.3095238095238095,0.0,0.0714285714285714,0.4761904761904761,0.0476190476190476,0.4761904761904761,0.728151113212237,12.860763614518282,99.49,3.6316,3.0,2.0,1.0,0.0008,26.98969530378071,244.60999973118305,93.04783984592984
GALAPA,2021,13,52,42,0.3571428571428571,0.3333333333333333,0.0,0.3095238095238095,0.0,0.0714285714285714,0.4761904761904761,0.0476190476190476,0.4761904761904761,0.728151113212237,12.860763614518282,99.17,3.6316,3.0,2.0,1.0,0.0008,26.98969530378071,244.60999973118305,93.04783984592984
GALAPA,2022,1,53,21,0.4285714285714285,0.238095238095238,0.0,0.3333333333333333,0.0,0.0476190476190476,0.2857142857142857,0.0476190476190476,0.6190476190476191,0.728151113212237,12.860763614518282,99.44,3.6316,3.0,2.0,1.0,0.0008,27.0201365879604,101.19000047072768,89.78221402849469
GALAPA,2022,1,53,21,0.4285714285714285,0.238095238095238,0.0,0.3333333333333333,0.0,0.0476190476190476,0.2857142857142857,0.0476190476190476,0.6190476190476191,0.728151113212237,12.860763614518282,98.22,3.6316,3.0,2.0,1.0,0.0008,27.0201365879604,101.19000047072768,89.78221402849469
GALAPA,2022,2,54,13,0.5384615384615384,0.3846153846153846,0.0,0.0769230769230769,0.0,0.0,0.6153846153846154,0.0769230769230769,0.5384615384615384,0.728151113212237,12.860763614518282,99.44,3.6316,3.0,2.0,1.0,0.0008,26.965007253793587,24.45999986492097,88.26104648296649
GALAPA,2022,2,54,13,0.5384615384615384,0.3846153846153846,0.0,0.0769230769230769,0.0,0.0,0.6153846153846154,0.0769230769230769,0.5384615384615384,0.728151113212237,12.860763614518282,98.22,3.6316,3.0,2.0,1.0,0.0008,26.965007253793587,24.45999986492097,88.26104648296649
GALAPA,2022,3,55,5,0.6,0.2,0.0,0.2,0.0,0.0,0.6,0.0,0.8,0.728151113212237,12.860763614518282,99.44,3.6316,3.0,2.0,1.0,0.0008,26.878818766276066,0.0,86.79660288492839
GALAPA,2022,3,55,5,0.6,0.2,0.0,0.2,0.0,0.0,0.6,0.0,0.8,0.728151113212237,12.860763614518282,98.22,3.6316,3.0,2.0,1.0,0.0008,26.878818766276066,0.0,86.79660288492839
GALAPA,2022,4,56,5,0.2,0.4,0.0,0.4,0.0,0.0,0.4,0.0,0.8,0.728151113212237,12.860763614518282,99.44,3.6316,3.0,2.0,1.0,0.0008,26.73296236310688,29.230000004172325,85.69686726161412
GALAPA,2022,4,56,5,0.2,0.4,0.0,0.4,0.0,0.0,0.4,0.0,0.8,0.728151113212237,12.860763614518282,98.22,3.6316,3.0,2.0,1.0,0.0008,26.73296236310688,29.230000004172325,85.69686726161412
GALAPA,2022,5,57,2,1.0,0.0,0.0,0.0,0.0,0.0,0.5,0.0,0.5,0.728151113212237,12.860763614518282,99.44,3.6316,3.0,2.0,1.0,0.0008,27.224994005475743,23.790000962093472,83.17790985107422
GALAPA,2022,5,57,2,1.0,0.0,0.0,0.0,0.0,0.0,0.5,0.0,0.5,0.728151113212237,12.860763614518282,98.22,3.6316,3.0,2.0,1.0,0.0008,27.224994005475743,23.790000962093472,83.17790985107422
GALAPA,2022,6,58,11,0.3636363636363636,0.6363636363636364,0.0,0.0,0.0,0.0,0.6363636363636364,0.0,0.4545454545454545,0.728151113212237,12.860763614518282,99.44,3.6316,3.0,2.0,1.0,0.0008,27.60026103428434,63.720002816990025,84.30938475472587
GALAPA,2022,6,58,11,0.3636363636363636,0.6363636363636364,0.0,0.0,0.0,0.0,0.6363636363636364,0.0,0.4545454545454545,0.728151113212237,12.860763614518282,98.22,3.6316,3.0,2.0,1.0,0.0008,27.60026103428434,63.720002816990025,84.30938475472587
GALAPA,2022,7,59,9,0.5555555555555556,0.3333333333333333,0.0,0.1111111111111111,0.0,0.0,0.6666666666666666,0.2222222222222222,0.3333333333333333,0.728151113212237,12.860763614518282,99.44,3.6316,3.0,2.0,1.0,0.0008,27.67833862304689,114.63999987393618,86.89196831839425
GALAPA,2022,7,59,9,0.5555555555555556,0.3333333333333333,0.0,0.1111111111111111,0.0,0.0,0.6666666666666666,0.2222222222222222,0.3333333333333333,0.728151113212237,12.860763614518282,98.22,3.6316,3.0,2.0,1.0,0.0008,27.67833862304689,114.63999987393618,86.89196831839425
GALAPA,2022,8,60,38,0.5,0.2105263157894736,0.0,0.2894736842105263,0.0,0.0,0.4736842105263157,0.0263157894736842,0.5263157894736842,0.728151113212237,12.860763614518282,99.44,3.6316,3.0,2.0,1.0,0.0008,27.821650804792156,186.92999997735023,88.51488767351422
GALAPA,2022,8,60,38,0.5,0.2105263157894736,0.0,0.2894736842105263,0.0,0.0,0.4736842105263157,0.0263157894736842,0.5263157894736842,0.728151113212237,12.860763614518282,98.22,3.6316,3.0,2.0,1.0,0.0008,27.821650804792156,186.92999997735023,88.51488767351422
GALAPA,2022,9,61,39,0.5384615384615384,0.282051282051282,0.0,0.1538461538461538,0.0256410256410256,0.0,0.6153846153846154,0.1025641025641025,0.5641025641025641,0.728151113212237,12.860763614518282,99.44,3.6316,3.0,2.0,1.0,0.0008,27.30021765572686,377.1099968552589,90.99185371398926
GALAPA,2022,9,61,39,0.5384615384615384,0.282051282051282,0.0,0.1538461538461538,0.0256410256410256,0.0,0.6153846153846154,0.1025641025641025,0.5641025641025641,0.728151113212237,12.860763614518282,98.22,3.6316,3.0,2.0,1.0,0.0008,27.30021765572686,377.1099968552589,90.99185371398926
GALAPA,2022,10,62,39,0.4358974358974359,0.3846153846153846,0.0,0.1794871794871795,0.0,0.0256410256410256,0.717948717948718,0.0512820512820512,0.5128205128205128,0.728151113212237,12.860763614518282,99.44,3.6316,3.0,2.0,1.0,0.0008,27.338134656633667,227.16000250726935,91.5039266858782
GALAPA,2022,10,62,39,0.4358974358974359,0.3846153846153846,0.0,0.1794871794871795,0.0,0.0256410256410256,0.717948717948718,0.0512820512820512,0.5128205128205128,0.728151113212237,12.860763614518282,98.22,3.6316,3.0,2.0,1.0,0.0008,27.338134656633667,227.16000250726935,91.5039266858782
GALAPA,2022,11,63,68,0.5,0.2794117647058823,0.0,0.2205882352941176,0.0,0.0294117647058823,0.6470588235294118,0.088235294117647,0.4558823529411764,0.728151113212237,12.860763614518282,99.44,,3.0,2.0,1.0,0.0008,27.034443882533505,272.84999933838844,93.0623675755092
GALAPA,2022,11,63,68,0.5,0.2794117647058823,0.0,0.2205882352941176,0.0,0.0294117647058823,0.6470588235294118,0.088235294117647,0.4558823529411764,0.728151113212237,12.860763614518282,98.22,,3.0,2.0,1.0,0.0008,27.034443882533505,272.84999933838844,93.0623675755092
GALAPA,2022,12,64,59,0.5254237288135594,0.2033898305084746,0.0,0.2711864406779661,0.0,0.0508474576271186,0.5254237288135594,0.0508474576271186,0.4915254237288136,0.728151113212237,12.860763614518282,99.44,-12.4206,3.0,3.0,1.0,0.0008,27.00199606759209,245.1599980592728,93.48401260375977
GALAPA,2022,12,64,59,0.5254237288135594,0.2033898305084746,0.0,0.2711864406779661,0.0,0.0508474576271186,0.5254237288135594,0.0508474576271186,0.4915254237288136,0.728151113212237,12.860763614518282,98.22,-12.4206,3.0,3.0,1.0,0.0008,27.00199606759209,245.1599980592728,93.48401260375977
GALAPA,2022,13,65,53,0.5849056603773585,0.2264150943396226,0.0,0.1698113207547169,0.0188679245283018,0.0566037735849056,0.5471698113207547,0.0,0.6226415094339622,0.728151113212237,12.860763614518282,99.44,-12.4206,3.0,3.0,1.0,0.0008,26.46710684640069,276.0499979555607,94.73208372933524
GALAPA,2022,13,65,53,0.5849056603773585,0.2264150943396226,0.0,0.1698113207547169,0.0188679245283018,0.0566037735849056,0.5471698113207547,0.0,0.6226415094339622,0.728151113212237,12.860763614518282,98.22,-12.4206,3.0,3.0,1.0,0.0008,26.46710684640069,276.0499979555607,94.73208372933524
GALAPA,2023,1,66,35,0.4285714285714285,0.3714285714285714,0.0,0.2,0.0,0.0571428571428571,0.7142857142857143,0.0,0.5714285714285714,0.728151113212237,12.860763614518282,99.84,-12.4206,3.0,3.0,1.0,0.0008,26.462307957240533,360.7200025320053,93.7638966696603
GALAPA,2023,1,66,35,0.4285714285714285,0.3714285714285714,0.0,0.2,0.0,0.0571428571428571,0.7142857142857143,0.0,0.5714285714285714,0.728151113212237,12.860763614518282,97.29,-12.4206,3.0,3.0,1.0,0.0008,26.462307957240533,360.7200025320053,93.7638966696603
GALAPA,2023,2,67,13,0.3846153846153846,0.3076923076923077,0.0,0.3076923076923077,0.0,0.0,0.5384615384615384,0.0,0.5384615384615384,0.728151113212237,12.860763614518282,99.84,-12.4206,3.0,3.0,1.0,0.0008,26.49169856480192,288.30000040493906,91.73032651628766
GALAPA,2023,2,67,13,0.3846153846153846,0.3076923076923077,0.0,0.3076923076923077,0.0,0.0,0.5384615384615384,0.0,0.5384615384615384,0.728151113212237,12.860763614518282,97.29,-12.4206,3.0,3.0,1.0,0.0008,26.49169856480192,288.30000040493906,91.73032651628766
GALAPA,2023,3,68,1,0.0,1.0,0.0,0.0,0.0,0.0,0.0,0.0,1.0,0.728151113212237,12.860763614518282,99.84,-12.4206,3.0,3.0,1.0,0.0008,26.669845791520768,8.879999995231628,87.16315696979392
GALAPA,2023,3,68,1,0.0,1.0,0.0,0.0,0.0,0.0,0.0,0.0,1.0,0.728151113212237,12.860763614518282,97.29,-12.4206,3.0,3.0,1.0,0.0008,26.669845791520768,8.879999995231628,87.16315696979392
GALAPA,2023,4,69,2,0.0,0.0,0.0,1.0,0.0,0.0,0.5,0.0,0.5,0.728151113212237,12.860763614518282,99.84,-12.4206,3.0,3.0,1.0,0.0008,26.861388506208165,18.72999992966652,86.09823635646275
GALAPA,2023,4,69,2,0.0,0.0,0.0,1.0,0.0,0.0,0.5,0.0,0.5,0.728151113212237,12.860763614518282,97.29,-12.4206,3.0,3.0,1.0,0.0008,26.861388506208165,18.72999992966652,86.09823635646275
GALAPA,2023,5,70,2,0.5,0.0,0.0,0.5,0.0,0.0,1.0,0.0,0.5,0.728151113212237,12.860763614518282,99.84,-12.4206,3.0,3.0,1.0,0.0008,26.542008972167988,0.0,83.78072929382324
GALAPA,2023,5,70,2,0.5,0.0,0.0,0.5,0.0,0.0,1.0,0.0,0.5,0.728151113212237,12.860763614518282,97.29,-12.4206,3.0,3.0,1.0,0.0008,26.542008972167988,0.0,83.78072929382324
GALAPA,2023,6,71,1,0.0,1.0,0.0,0.0,0.0,0.0,0.0,0.0,0.0,0.728151113212237,12.860763614518282,99.84,-12.4206,3.0,3.0,1.0,0.0008,27.0517037527902,36.30999987758696,85.8885018484933
GALAPA,2023,6,71,1,0.0,1.0,0.0,0.0,0.0,0.0,0.0,0.0,0.0,0.728151113212237,12.860763614518282,97.29,-12.4206,3.0,3.0,1.0,0.0008,27.0517037527902,36.30999987758696,85.8885018484933
GALAPA,2023,7,72,3,0.3333333333333333,0.3333333333333333,0.0,0.3333333333333333,0.0,0.0,0.3333333333333333,0.0,0.6666666666666666,0.728151113212237,12.860763614518282,99.84,-12.4206,3.0,3.0,1.0,0.0008,27.37020045689176,71.29000043310225,84.90859685625348
GALAPA,2023,7,72,3,0.3333333333333333,0.3333333333333333,0.0,0.3333333333333333,0.0,0.0,0.3333333333333333,0.0,0.6666666666666666,0.728151113212237,12.860763614518282,97.29,-12.4206,3.0,3.0,1.0,0.0008,27.37020045689176,71.29000043310225,84.90859685625348
GALAPA,2023,8,73,9,0.4444444444444444,0.4444444444444444,0.0,0.1111111111111111,0.0,0.1111111111111111,0.7777777777777778,0.1111111111111111,0.7777777777777778,0.728151113212237,12.860763614518282,99.84,-12.4206,3.0,3.0,1.0,0.0008,28.08403658185688,107.15000136755408,88.3252558026995
GALAPA,2023,8,73,9,0.4444444444444444,0.4444444444444444,0.0,0.1111111111111111,0.0,0.1111111111111111,0.7777777777777778,0.1111111111111111,0.7777777777777778,0.728151113212237,12.860763614518282,97.29,-12.4206,3.0,3.0,1.0,0.0008,28.08403658185688,107.15000136755408,88.3252558026995
GALAPA,2023,9,74,4,0.25,0.0,0.0,0.75,0.0,0.25,0.5,0.0,0.5,0.728151113212237,12.860763614518282,99.84,-12.4206,3.0,3.0,1.0,0.0008,28.176829637799965,312.280000641942,90.23176574707033
GALAPA,2023,9,74,4,0.25,0.0,0.0,0.75,0.0,0.25,0.5,0.0,0.5,0.728151113212237,12.860763614518282,97.29,-12.4206,3.0,3.0,1.0,0.0008,28.176829637799965,312.280000641942,90.23176574707033
GALAPA,2023,10,75,1,0.0,1.0,0.0,0.0,0.0,0.0,0.0,0.0,1.0,0.728151113212237,12.860763614518282,99.84,-12.4206,3.0,3.0,1.0,0.0008,28.085464913504488,152.72000051289797,91.0468908037458
GALAPA,2023,10,75,1,0.0,1.0,0.0,0.0,0.0,0.0,0.0,0.0,1.0,0.728151113212237,12.860763614518282,97.29,-12.4206,3.0,3.0,1.0,0.0008,28.085464913504488,152.72000051289797,91.0468908037458
GALAPA,2023,11,76,2,1.0,0.0,0.0,0.0,0.0,0.0,1.0,0.0,0.0,0.728151113212237,12.860763614518282,99.84,-12.4206,3.0,3.0,1.0,0.0008,27.902323477608835,72.15000046230853,92.71935789925712
GALAPA,2023,11,76,2,1.0,0.0,0.0,0.0,0.0,0.0,1.0,0.0,0.0,0.728151113212237,12.860763614518282,97.29,-12.4206,3.0,3.0,1.0,0.0008,27.902323477608835,72.15000046230853,92.71935789925712
GALAPA,2023,12,77,2,0.5,0.0,0.0,0.5,0.0,0.0,1.0,0.0,0.5,0.728151113212237,12.860763614518282,99.84,-12.4206,3.0,3.0,1.0,0.0008,27.690021405901245,131.00999804586172,93.59795134408134
GALAPA,2023,12,77,2,0.5,0.0,0.0,0.5,0.0,0.0,1.0,0.0,0.5,0.728151113212237,12.860763614518282,97.29,-12.4206,3.0,3.0,1.0,0.0008,27.690021405901245,131.00999804586172,93.59795134408134
GALAPA,2023,13,78,1,1.0,0.0,0.0,0.0,0.0,0.0,1.0,0.0,1.0,0.728151113212237,12.860763614518282,99.84,-12.4206,3.0,3.0,1.0,0.0008,27.71583001273021,178.77999883890152,93.49699865068708
GALAPA,2023,13,78,1,1.0,0.0,0.0,0.0,0.0,0.0,1.0,0.0,1.0,0.728151113212237,12.860763614518282,97.29,-12.4206,3.0,3.0,1.0,0.0008,27.71583001273021,178.77999883890152,93.49699865068708
JUAN DE ACOSTA,2018,1,1,1,0.0,0.0,0.0,1.0,0.0,1.0,0.0,0.0,1.0,1.859178163350998,10.258566363420968,98.3,-0.8789,0.0,0.0,0.0,0.054389,27.10341578892301,205.15999868512156,92.47189222063336
JUAN DE ACOSTA,2018,4,4,1,1.0,0.0,0.0,0.0,0.0,0.0,1.0,0.0,1.0,1.859178163350998,10.258566363420968,98.3,-0.8789,0.0,0.0,0.0,0.054389,27.0922280147158,35.24999972619116,89.12195587158203
JUAN DE ACOSTA,2018,5,5,5,0.4,0.2,0.0,0.4,0.0,0.0,0.8,0.0,0.2,1.859178163350998,10.258566363420968,98.3,-0.8789,0.0,0.0,0.0,0.054389,27.33086220877513,0.9099999964237208,81.03772245134626
JUAN DE ACOSTA,2018,6,6,3,0.0,0.3333333333333333,0.0,0.6666666666666666,0.0,0.0,0.0,0.0,0.3333333333333333,1.859178163350998,10.258566363420968,98.3,-0.8789,0.0,0.0,0.0,0.054389,27.57750309535437,10.919999998062847,85.18360110691616
JUAN DE ACOSTA,2018,7,7,2,0.5,0.0,0.0,0.5,0.0,0.0,1.0,0.0,0.5,1.859178163350998,10.258566363420968,98.3,-0.8789,0.0,0.0,0.0,0.054389,27.822906930106047,52.56000023335218,85.20790890284947
JUAN DE ACOSTA,2018,8,8,4,0.5,0.0,0.0,0.5,0.0,0.25,0.5,0.0,1.0,1.859178163350998,10.258566363420968,98.3,-0.8789,0.0,0.0,0.0,0.054389,27.38867503574918,139.6000007390976,88.80157279968262
JUAN DE ACOSTA,2018,9,9,7,0.5714285714285714,0.0,0.0,0.4285714285714285,0.0,0.1428571428571428,0.7142857142857143,0.0,0.4285714285714285,1.859178163350998,10.258566363420968,98.3,-0.8789,0.0,0.0,0.0,0.054389,27.46389160156252,123.91000224649906,91.1383092062814
JUAN DE ACOSTA,2018,10,10,6,0.1666666666666666,0.1666666666666666,0.0,0.6666666666666666,0.0,0.0,0.5,0.0,0.5,1.859178163350998,10.258566363420968,98.3,-0.8789,0.0,0.0,0.0,0.054389,27.57254943847658,50.06999975070357,89.56149918692452
JUAN DE ACOSTA,2018,11,11,4,0.5,0.0,0.0,0.5,0.0,0.0,1.0,0.0,0.75,1.859178163350998,10.258566363420968,98.3,-0.8789,0.0,0.0,0.0,0.054389,28.02291041782926,65.99000111036003,88.76052529471261
JUAN DE ACOSTA,2018,12,12,5,0.2,0.4,0.0,0.4,0.0,0.0,0.6,0.0,0.2,1.859178163350998,10.258566363420968,98.3,-0.8789,0.0,0.0,0.0,0.054389,27.912254224504768,102.22999965958296,89.44326346261161
JUAN DE ACOSTA,2018,13,13,11,0.2727272727272727,0.0909090909090909,0.0,0.6363636363636364,0.0,0.0,1.0,0.0,0.5454545454545454,1.859178163350998,10.258566363420968,98.3,-0.8789,0.0,0.0,0.0,0.054389,27.007119206019823,197.8100004941225,92.92713737487792
JUAN DE ACOSTA,2019,1,14,7,0.0,0.4285714285714285,0.0,0.5714285714285714,0.0,0.1428571428571428,0.4285714285714285,0.0,0.4285714285714285,1.859178163350998,10.258566363420968,98.12,-0.8789,0.0,0.0,0.0,0.054389,26.704206085205097,166.09000074118376,92.03940773010254
JUAN DE ACOSTA,2019,3,16,4,0.5,0.0,0.0,0.5,0.0,0.0,1.0,0.0,0.75,1.859178163350998,10.258566363420968,98.12,-0.8789,0.0,0.0,0.0,0.054389,27.201292746407667,1.4899999927729366,87.27774429321289
JUAN DE ACOSTA,2019,4,17,1,0.0,1.0,0.0,0.0,0.0,0.0,1.0,0.0,1.0,1.859178163350998,10.258566363420968,98.12,-0.8789,0.0,0.0,0.0,0.054389,27.191228090483584,88.08000001311302,85.86457719474004
JUAN DE ACOSTA,2019,5,18,1,0.0,0.0,0.0,1.0,0.0,0.0,1.0,0.0,0.0,1.859178163350998,10.258566363420968,98.12,-0.8789,0.0,0.0,0.0,0.054389,27.749227142334,101.18000085651876,83.80948965890067
JUAN DE ACOSTA,2019,7,20,3,0.6666666666666666,0.3333333333333333,0.0,0.0,0.0,0.0,0.6666666666666666,0.0,0.0,1.859178163350998,10.258566363420968,98.12,-0.8789,0.0,0.0,0.0,0.054389,28.283829171316984,63.959999807178974,83.81143188476562
JUAN DE ACOSTA,2019,8,21,4,0.25,0.0,0.0,0.75,0.0,0.0,1.0,0.0,0.5,1.859178163350998,10.258566363420968,98.12,-0.8789,0.0,0.0,0.0,0.054389,28.33167582920621,139.24999913573265,85.32291739327567
JUAN DE ACOSTA,2019,9,22,3,0.0,0.3333333333333333,0.0,0.6666666666666666,0.0,0.0,0.6666666666666666,0.0,0.3333333333333333,1.859178163350998,10.258566363420968,98.12,-0.8789,0.0,0.0,0.0,0.054389,27.61955359322686,134.2499993443489,90.07104900905064
JUAN DE ACOSTA,2019,10,23,1,1.0,0.0,0.0,0.0,0.0,0.0,1.0,0.0,1.0,1.859178163350998,10.258566363420968,98.12,-0.8789,0.0,0.0,0.0,0.054389,28.622516523088745,94.38999989442527,86.02721187046596
JUAN DE ACOSTA,2019,11,24,2,0.5,0.5,0.0,0.0,0.0,0.0,0.5,0.0,0.5,1.859178163350998,10.258566363420968,98.12,-0.8789,0.0,0.0,0.0,0.054389,28.613319287981323,122.17000345513225,87.39378329685756
JUAN DE ACOSTA,2019,12,25,6,0.8333333333333334,0.0,0.0,0.1666666666666666,0.0,0.0,0.8333333333333334,0.0,0.3333333333333333,1.859178163350998,10.258566363420968,98.12,-0.8789,0.0,0.0,0.0,0.054389,27.986262076241644,123.32999864965676,90.74292101178852
JUAN DE ACOSTA,2019,13,26,2,0.5,0.0,0.0,0.5,0.0,0.0,0.5,0.0,0.5,1.859178163350998,10.258566363420968,98.12,-0.8789,0.0,0.0,0.0,0.054389,27.26792842320035,148.08000073768198,91.56134223937988
JUAN DE ACOSTA,2020,1,27,2,0.0,0.0,0.0,1.0,0.0,0.0,0.5,0.0,0.0,1.859178163350998,10.258566363420968,97.21,-0.8789,0.0,0.0,0.0,0.054389,26.553999110630595,179.5499992966652,92.94750458853584
JUAN DE ACOSTA,2020,3,29,3,0.0,0.6666666666666666,0.0,0.3333333333333333,0.0,0.0,0.0,0.0,0.3333333333333333,1.859178163350998,10.258566363420968,97.21,-0.8789,0.0,0.0,0.0,0.054389,27.86733888898579,105.71000054478644,89.57200077601841
JUAN DE ACOSTA,2020,10,36,1,0.0,1.0,0.0,0.0,0.0,1.0,0.0,0.0,0.0,1.859178163350998,10.258566363420968,97.21,-0.8789,0.0,0.0,0.0,0.054389,27.400907679966537,166.32000026106834,90.4651745387486
JUAN DE ACOSTA,2020,12,38,1,0.0,0.0,0.0,1.0,0.0,0.0,1.0,0.0,1.0,1.859178163350998,10.258566363420968,97.21,-0.8789,0.0,0.0,0.0,0.054389,26.769601440429707,204.85999846458435,93.0530242919922
JUAN DE ACOSTA,2020,13,39,2,0.0,0.5,0.0,0.5,0.0,0.0,0.5,0.0,0.5,1.859178163350998,10.258566363420968,97.21,-0.8789,0.0,0.0,0.0,0.054389,26.64471697126118,238.12999868392944,93.27623994009836
JUAN DE ACOSTA,2021,1,40,3,0.0,0.0,0.0,1.0,0.0,0.0,0.6666666666666666,0.0,0.0,1.859178163350998,10.258566363420968,98.29,-0.8789,0.0,0.0,0.0,0.054389,26.07615160260884,223.58000208437443,91.98189353942873
JUAN DE ACOSTA,2021,2,41,1,0.0,0.0,0.0,1.0,0.0,0.0,1.0,0.0,0.0,1.859178163350998,10.258566363420968,98.29,-0.8789,0.0,0.0,0.0,0.054389,26.66663567679271,180.02999982982874,90.68334197998048
JUAN DE ACOSTA,2021,6,45,3,0.3333333333333333,0.6666666666666666,0.0,0.0,0.0,0.0,0.3333333333333333,0.0,0.6666666666666666,1.859178163350998,10.258566363420968,98.29,-0.8789,0.0,0.0,0.0,0.054389,27.62455847603936,79.24000088125467,82.41759654453823
JUAN DE ACOSTA,2021,8,47,1,1.0,0.0,0.0,0.0,0.0,0.0,0.0,0.0,1.0,1.859178163350998,10.258566363420968,98.29,-0.8789,0.0,0.0,0.0,0.054389,27.760666329520117,109.55000016093254,85.79896191188267
JUAN DE ACOSTA,2021,9,48,4,0.0,0.0,0.0,1.0,0.0,0.0,0.5,0.0,0.75,1.859178163350998,10.258566363420968,98.29,-0.8789,0.0,0.0,0.0,0.054389,27.214961896623908,178.370001912117,89.42269624982562
JUAN DE ACOSTA,2021,10,49,1,0.0,1.0,0.0,0.0,0.0,1.0,0.0,0.0,1.0,1.859178163350998,10.258566363420968,98.29,-0.8789,0.0,0.0,0.0,0.054389,27.06819850376676,184.59000051021576,90.82921954563686
JUAN DE ACOSTA,2021,11,50,2,0.5,0.0,0.0,0.5,0.0,0.5,0.5,0.0,0.0,1.859178163350998,10.258566363420968,98.29,-0.8789,0.0,0.0,0.0,0.054389,27.092616925920776,159.0400001052767,90.8174351283482
JUAN DE ACOSTA,2021,12,51,9,0.6666666666666666,0.2222222222222222,0.0,0.0,0.1111111111111111,0.1111111111111111,0.8888888888888888,0.0,0.4444444444444444,1.859178163350998,10.258566363420968,98.29,-0.8789,0.0,0.0,0.0,0.054389,26.47713895525253,267.37999957054853,93.3831321171352
JUAN DE ACOSTA,2021,13,52,3,1.0,0.0,0.0,0.0,0.0,0.0,1.0,0.0,0.0,1.859178163350998,10.258566363420968,98.29,-0.8789,0.0,0.0,0.0,0.054389,26.843147713797453,145.99999889731407,91.87111691066195
JUAN DE ACOSTA,2022,1,53,8,0.125,0.375,0.0,0.5,0.0,0.125,0.625,0.0,0.625,1.859178163350998,10.258566363420968,98.09,-0.8789,0.0,0.0,0.0,0.054389,26.629612949916314,172.46999990940094,91.97776848929269
JUAN DE ACOSTA,2022,2,54,3,0.3333333333333333,0.0,0.0,0.6666666666666666,0.0,0.0,1.0,0.0,0.3333333333333333,1.859178163350998,10.258566363420968,98.09,-0.8789,0.0,0.0,0.0,0.054389,26.752032705453743,110.4900000654161,89.96470935528095
JUAN DE ACOSTA,2022,3,55,1,1.0,0.0,0.0,0.0,0.0,0.0,0.0,0.0,1.0,1.859178163350998,10.258566363420968,98.09,-0.8789,0.0,0.0,0.0,0.054389,26.656233723958355,1.0,87.7986831665039
JUAN DE ACOSTA,2022,5,57,1,1.0,0.0,0.0,0.0,0.0,1.0,0.0,0.0,0.0,1.859178163350998,10.258566363420968,98.09,-0.8789,0.0,0.0,0.0,0.054389,27.308263397216816,76.49000090360641,83.27891758510044
JUAN DE ACOSTA,2022,6,58,2,1.0,0.0,0.0,0.0,0.0,0.0,1.0,0.0,0.0,1.859178163350998,10.258566363420968,98.09,-0.8789,0.0,0.0,0.0,0.054389,27.72921633039204,213.1400010883808,85.00450079781669
JUAN DE ACOSTA,2022,7,59,15,0.4666666666666667,0.2,0.0,0.3333333333333333,0.0,0.1333333333333333,0.8,0.0,0.4666666666666667,1.859178163350998,10.258566363420968,98.09,-0.8789,0.0,0.0,0.0,0.054389,27.71222675868445,147.46000063419342,85.71227318899972
JUAN DE ACOSTA,2022,8,60,5,0.6,0.2,0.0,0.2,0.0,0.0,1.0,0.4,0.4,1.859178163350998,10.258566363420968,98.09,-0.8789,0.0,0.0,0.0,0.054389,27.42151903424946,184.01999932527545,90.22848320007324
JUAN DE ACOSTA,2022,9,61,3,0.3333333333333333,0.3333333333333333,0.0,0.3333333333333333,0.0,0.0,0.0,0.0,0.3333333333333333,1.859178163350998,10.258566363420968,98.09,-0.8789,0.0,0.0,0.0,0.054389,26.765021623883943,280.21000123023987,92.0116547175816
JUAN DE ACOSTA,2022,10,62,7,0.8571428571428571,0.0,0.0,0.1428571428571428,0.0,0.0,1.0,0.1428571428571428,0.5714285714285714,1.859178163350998,10.258566363420968,98.09,-0.8789,0.0,0.0,0.0,0.054389,27.08702566964288,199.2899983525276,92.73187283107212
JUAN DE ACOSTA,2022,11,63,19,0.5789473684210527,0.1578947368421052,0.0,0.2631578947368421,0.0,0.2105263157894736,0.5789473684210527,0.0,0.6842105263157895,1.859178163350998,10.258566363420968,98.09,-0.8789,0.0,0.0,0.0,0.054389,26.985116032191705,264.8099991679192,93.62913731166294
JUAN DE ACOSTA,2022,12,64,14,0.6428571428571429,0.2142857142857142,0.0,0.1428571428571428,0.0,0.0714285714285714,0.7857142857142857,0.0,0.5714285714285714,1.859178163350998,10.258566363420968,98.09,-0.8789,0.0,0.0,0.0,0.054389,26.968492126464863,219.09000116586685,93.88138743809291
JUAN DE ACOSTA,2022,13,65,21,0.5714285714285714,0.0952380952380952,0.0,0.3333333333333333,0.0,0.0,0.6190476190476191,0.0952380952380952,0.5238095238095238,1.859178163350998,10.258566363420968,98.09,-0.8789,0.0,0.0,0.0,0.054389,26.291942487444214,189.290000282228,93.3689011165074
JUAN DE ACOSTA,2023,1,66,8,0.875,0.125,0.0,0.0,0.0,0.0,0.75,0.0,0.5,1.859178163350998,10.258566363420968,96.76,-0.8789,0.0,0.0,0.0,0.054389,26.294490160260896,233.15999907255173,93.09244809831893
JUAN DE ACOSTA,2023,2,67,8,0.5,0.5,0.0,0.0,0.0,0.0,0.75,0.0,0.625,1.859178163350998,10.258566363420968,96.76,-0.8789,0.0,0.0,0.0,0.054389,26.129859815325077,262.39999809861183,93.09574099949428
JUAN DE ACOSTA,2023,3,68,5,0.2,0.6,0.0,0.2,0.0,0.0,1.0,0.2,0.4,1.859178163350998,10.258566363420968,96.76,-0.8789,0.0,0.0,0.0,0.054389,26.539468909954227,112.11000183969736,89.10109815926387
JUAN DE ACOSTA,2023,5,70,1,0.0,0.0,0.0,1.0,0.0,0.0,0.0,0.0,0.0,1.859178163350998,10.258566363420968,96.76,-0.8789,0.0,0.0,0.0,0.054389,26.82385079520091,63.10999999940395,81.89449855259487
JUAN DE ACOSTA,2023,6,71,2,0.5,0.0,0.0,0.5,0.0,0.0,0.5,0.0,1.0,1.859178163350998,10.258566363420968,96.76,-0.8789,0.0,0.0,0.0,0.054389,27.148914773123625,128.50000009313226,86.33390508379254
JUAN DE ACOSTA,2023,7,72,2,0.5,0.5,0.0,0.0,0.0,0.0,0.5,0.0,0.5,1.859178163350998,10.258566363420968,96.76,-0.8789,0.0,0.0,0.0,0.054389,27.6955276489258,249.47000369429588,83.17187990461078
JUAN DE ACOSTA,2023,8,73,3,0.3333333333333333,0.0,0.0,0.6666666666666666,0.0,0.0,0.3333333333333333,0.0,0.6666666666666666,1.859178163350998,10.258566363420968,96.76,-0.8789,0.0,0.0,0.0,0.054389,28.295407322474908,129.03000010550022,87.46418217250279
JUAN DE ACOSTA,2023,9,74,1,0.0,0.0,0.0,1.0,0.0,0.0,1.0,0.0,0.0,1.859178163350998,10.258566363420968,96.76,-0.8789,0.0,0.0,0.0,0.054389,27.859193965366927,244.2499995753169,90.53699329921176
JUAN DE ACOSTA,2023,13,78,1,1.0,0.0,0.0,0.0,0.0,0.0,1.0,0.0,0.0,1.859178163350998,10.258566363420968,96.76,-0.8789,0.0,0.0,0.0,0.054389,27.806093379429427,164.52000168710947,93.31569153921944
LURUACO,2018,9,9,2,0.0,0.5,0.0,0.5,0.0,0.0,0.5,0.0,0.5,1.906556563719911,1.591647379259128,71.65,4.6245,2.0,0.0,1.0,0.014797,27.584864007859032,173.72666880488396,91.34195681980678
LURUACO,2018,13,13,3,0.6666666666666666,0.0,0.0,0.3333333333333333,0.0,0.0,0.6666666666666666,0.0,0.3333333333333333,1.906556563719911,1.591647379259128,71.65,4.6245,2.0,0.0,1.0,0.014797,27.07865731375561,250.2899991704358,93.38981879703582
LURUACO,2019,2,15,1,0.0,0.0,0.0,1.0,0.0,0.0,1.0,0.0,1.0,1.906556563719911,1.591647379259128,78.11,4.6245,2.0,0.0,1.0,0.014797,27.14411539955747,90.98333313999076,92.58659281049457
LURUACO,2019,4,17,1,1.0,0.0,0.0,0.0,0.0,1.0,0.0,1.0,0.0,1.906556563719911,1.591647379259128,78.11,4.6245,2.0,0.0,1.0,0.014797,27.25028258575793,48.35666657156415,87.09784716025166
LURUACO,2019,5,18,1,0.0,0.0,0.0,1.0,0.0,0.0,1.0,0.0,0.0,1.906556563719911,1.591647379259128,78.11,4.6245,2.0,0.0,1.0,0.014797,27.85218479217048,52.79333381520377,85.12190836951847
LURUACO,2019,7,20,1,1.0,0.0,0.0,0.0,0.0,0.0,0.0,0.0,1.0,1.906556563719911,1.591647379259128,78.11,4.6245,2.0,0.0,1.0,0.014797,28.39364831107005,51.49999977648258,85.10569290887743
LURUACO,2019,8,21,1,0.0,0.0,0.0,1.0,0.0,0.0,1.0,0.0,1.0,1.906556563719911,1.591647379259128,78.11,4.6245,2.0,0.0,1.0,0.014797,28.42115772792273,168.09333121590316,86.42563801720028
LURUACO,2019,9,22,1,0.0,0.0,0.0,1.0,0.0,0.0,1.0,0.0,0.0,1.906556563719911,1.591647379259128,78.11,4.6245,2.0,0.0,1.0,0.014797,27.71064523363873,189.5533332824707,90.61233823261564
LURUACO,2019,10,23,3,0.0,0.6666666666666666,0.0,0.3333333333333333,0.0,0.0,0.0,0.0,0.6666666666666666,1.906556563719911,1.591647379259128,78.11,4.6245,2.0,0.0,1.0,0.014797,28.579151407877628,82.12666683561272,87.42793609982445
LURUACO,2019,11,24,11,0.2727272727272727,0.0909090909090909,0.0,0.6363636363636364,0.0,0.0,0.7272727272727273,0.0909090909090909,0.6363636363636364,1.906556563719911,1.591647379259128,78.11,4.6245,2.0,0.0,1.0,0.014797,28.483082435244636,117.34333437060316,89.04457431369357
LURUACO,2019,12,25,14,0.3571428571428571,0.0,0.0,0.6428571428571429,0.0,0.0,0.9285714285714286,0.0,0.4285714285714285,1.906556563719911,1.591647379259128,78.11,4.6245,2.0,0.0,1.0,0.014797,27.9618225218758,157.53000011046728,91.67392558143251
LURUACO,2019,13,26,15,0.2,0.0,0.0,0.8,0.0,0.0,0.9333333333333332,0.0,0.4666666666666667,1.906556563719911,1.591647379259128,78.11,4.6245,2.0,0.0,1.0,0.014797,27.247024790445984,191.29666788462131,92.55253628322056
LURUACO,2020,1,27,19,0.5789473684210527,0.0,0.0,0.4210526315789473,0.0,0.0526315789473684,0.7894736842105263,0.0,0.5263157894736842,1.906556563719911,1.591647379259128,100.0,4.6245,2.0,0.0,1.0,0.014797,26.578742569211958,236.29333372910816,93.58063373868428
LURUACO,2020,2,28,7,0.7142857142857143,0.0,0.0,0.1428571428571428,0.1428571428571428,0.0,1.0,0.0,0.1428571428571428,1.906556563719911,1.591647379259128,100.0,4.6245,2.0,0.0,1.0,0.014797,27.112241908482165,90.2433341725005,91.90272149585542
LURUACO,2020,3,29,2,1.0,0.0,0.0,0.0,0.0,0.0,1.0,0.0,0.5,1.906556563719911,1.591647379259128,100.0,4.6245,2.0,0.0,1.0,0.014797,27.81349746461901,70.11666674104829,90.75126917400056
LURUACO,2020,4,30,1,0.0,0.0,0.0,1.0,0.0,0.0,0.0,0.0,0.0,1.906556563719911,1.591647379259128,100.0,4.6245,2.0,0.0,1.0,0.014797,27.78598774967032,15.00666664313111,85.71427894657494
LURUACO,2020,11,37,1,0.0,1.0,0.0,0.0,0.0,0.0,0.0,0.0,0.0,1.906556563719911,1.591647379259128,100.0,4.6245,2.0,0.0,1.0,0.014797,27.52185974121096,152.6499991234806,93.08870064266144
LURUACO,2020,13,39,1,1.0,0.0,0.0,0.0,0.0,0.0,1.0,0.0,0.0,1.906556563719911,1.591647379259128,100.0,4.6245,2.0,0.0,1.0,0.014797,26.752575174967472,266.4233330090841,93.68813593425448
LURUACO,2021,1,40,2,0.5,0.0,0.0,0.5,0.0,0.5,0.5,0.0,0.0,1.906556563719911,1.591647379259128,100.0,4.6245,2.0,0.0,1.0,0.014797,26.1106988937136,228.2233359383212,92.77381890917582
LURUACO,2021,3,42,1,0.0,0.0,0.0,1.0,0.0,0.0,0.0,1.0,0.0,1.906556563719911,1.591647379259128,100.0,4.6245,2.0,0.0,1.0,0.014797,26.67647450764976,21.5,89.29171477423773
LURUACO,2021,5,44,1,1.0,0.0,0.0,0.0,0.0,0.0,1.0,0.0,1.0,1.906556563719911,1.591647379259128,100.0,4.6245,2.0,0.0,1.0,0.014797,27.90755191379125,110.27000043789546,84.93221437363398
LURUACO,2021,7,46,6,0.5,0.0,0.0,0.5,0.0,0.3333333333333333,0.5,0.0,0.6666666666666666,1.906556563719911,1.591647379259128,100.0,4.6245,2.0,0.0,1.0,0.014797,27.90155981154672,130.85333298270902,86.62431544349307
LURUACO,2021,8,47,11,0.3636363636363636,0.0,0.0,0.6363636363636364,0.0,0.0,1.0,0.0,0.5454545454545454,1.906556563719911,1.591647379259128,100.0,4.6245,2.0,0.0,1.0,0.014797,27.75983587598046,124.58333432343272,87.09398666260735
LURUACO,2021,9,48,63,0.5079365079365079,0.0952380952380952,0.0,0.3809523809523809,0.0158730158730158,0.0476190476190476,0.9206349206349206,0.0158730158730158,0.5555555555555556,1.906556563719911,1.591647379259128,100.0,4.6245,2.0,0.0,1.0,0.014797,27.29258662632536,208.07000103261737,89.98127080523777
LURUACO,2021,10,49,53,0.5660377358490566,0.0566037735849056,0.0,0.3773584905660377,0.0,0.0188679245283018,0.9433962264150944,0.0,0.4528301886792453,1.906556563719911,1.591647379259128,100.0,,2.0,0.0,1.0,0.014797,27.153089262947223,198.173333880802,91.18744147769988
LURUACO,2021,11,50,27,0.6296296296296297,0.1481481481481481,0.0,0.2222222222222222,0.0,0.1111111111111111,0.8888888888888888,0.0,0.4074074074074074,1.906556563719911,1.591647379259128,100.0,-57.724,2.0,1.0,1.0,0.024395,27.19349901714025,187.28999980207948,91.26846034943112
LURUACO,2021,12,51,2,0.5,0.0,0.0,0.5,0.0,0.0,1.0,0.0,0.5,1.906556563719911,1.591647379259128,100.0,-57.724,2.0,1.0,1.0,0.024395,26.527590748620437,326.3966649737623,93.61822985089012
LURUACO,2021,13,52,2,0.5,0.0,0.0,0.5,0.0,0.5,0.5,0.0,0.5,1.906556563719911,1.591647379259128,100.0,,2.0,1.0,1.0,0.024395,26.920165967184424,192.96333319155704,92.40508164299858
LURUACO,2022,1,53,3,0.0,0.3333333333333333,0.0,0.6666666666666666,0.0,0.0,1.0,0.3333333333333333,0.6666666666666666,1.906556563719911,1.591647379259128,100.0,2.17,2.0,2.0,0.0,0.308738,26.711466786218097,139.4500001238452,92.54494370354546
LURUACO,2022,2,54,1,1.0,0.0,0.0,0.0,0.0,0.0,1.0,0.0,0.0,1.906556563719911,1.591647379259128,100.0,2.17,2.0,2.0,0.0,0.308738,26.93592035016445,66.43000005806486,90.5990863050151
LURUACO,2022,3,55,1,0.0,1.0,0.0,0.0,0.0,0.0,0.0,0.0,0.0,1.906556563719911,1.591647379259128,100.0,2.17,2.0,2.0,0.0,0.308738,26.868499868887465,0.5,88.44673241509331
LURUACO,2022,7,59,2,0.0,0.0,0.0,1.0,0.0,0.0,1.0,0.5,0.0,1.906556563719911,1.591647379259128,100.0,2.17,2.0,2.0,0.0,0.308738,27.83062975444493,162.33666692839728,86.91726778423977
LURUACO,2022,10,62,1,1.0,0.0,0.0,0.0,0.0,0.0,1.0,0.0,1.0,1.906556563719911,1.591647379259128,100.0,2.17,2.0,2.0,0.0,0.308738,27.23397428724504,235.63333282868064,92.76647386096772
LURUACO,2022,11,63,2,0.5,0.0,0.0,0.5,0.0,0.0,1.0,0.0,1.0,1.906556563719911,1.591647379259128,100.0,2.17,2.0,2.0,0.0,0.308738,27.115828268868604,293.2833319173919,93.5590758247981
LURUACO,2022,12,64,2,0.0,0.0,0.0,1.0,0.0,0.0,1.0,0.0,0.5,1.906556563719911,1.591647379259128,100.0,2.17,2.0,2.0,0.0,0.308738,27.0768386719719,239.4966675043106,94.09791186499216
LURUACO,2023,2,67,1,0.0,0.0,0.0,1.0,0.0,0.0,0.0,0.0,0.0,1.906556563719911,1.591647379259128,40.53,2.17,2.0,2.0,0.0,0.308738,26.190539780874115,266.96666624148685,93.557774407523
LURUACO,2023,3,68,1,0.0,1.0,0.0,0.0,0.0,0.0,1.0,0.0,0.0,1.906556563719911,1.591647379259128,40.53,2.17,2.0,2.0,0.0,0.308738,26.66979738432788,57.42333429141177,90.03189645233739
LURUACO,2023,6,71,1,0.0,0.0,0.0,1.0,0.0,0.0,1.0,0.0,1.0,1.906556563719911,1.591647379259128,40.53,2.17,2.0,2.0,0.0,0.308738,27.311943369063147,85.45666733798053,87.12941272675046
LURUACO,2023,10,75,1,0.0,0.0,0.0,1.0,0.0,0.0,1.0,0.0,0.0,1.906556563719911,1.591647379259128,40.53,2.17,2.0,2.0,0.0,0.308738,28.165924447680293,230.39666670891967,91.28151672605485
LURUACO,2023,11,76,1,1.0,0.0,0.0,0.0,0.0,0.0,1.0,0.0,0.0,1.906556563719911,1.591647379259128,40.53,2.17,2.0,2.0,0.0,0.308738,28.79492255316842,87.32000026996765,90.50221349322608
LURUACO,2023,12,77,1,1.0,0.0,0.0,0.0,0.0,0.0,0.0,0.0,1.0,1.906556563719911,1.591647379259128,40.53,2.17,2.0,2.0,0.0,0.308738,27.90228587559293,179.3833343775736,93.00587757050046
MALAMBO,2018,1,1,5,0.2,0.0,0.0,0.8,0.0,0.0,0.6,0.0,0.6,0.963124270240725,4.55644505974474,100.0,83.8653,4.0,0.0,1.0,0.014797,27.51916093372165,200.64999888961515,92.14716112046015
MALAMBO,2018,1,1,5,0.2,0.0,0.0,0.8,0.0,0.0,0.6,0.0,0.6,0.963124270240725,4.55644505974474,6.42,83.8653,4.0,0.0,1.0,0.014797,27.51916093372165,200.64999888961515,92.14716112046015
MALAMBO,2018,2,2,7,0.2857142857142857,0.2857142857142857,0.0,0.4285714285714285,0.0,0.0,0.5714285714285714,0.0,0.4285714285714285,0.963124270240725,4.55644505974474,100.0,83.8653,4.0,0.0,1.0,0.014797,27.123929050990537,225.8433333287637,92.00559243701753
MALAMBO,2018,2,2,7,0.2857142857142857,0.2857142857142857,0.0,0.4285714285714285,0.0,0.0,0.5714285714285714,0.0,0.4285714285714285,0.963124270240725,4.55644505974474,6.42,83.8653,4.0,0.0,1.0,0.014797,27.123929050990537,225.8433333287637,92.00559243701753
MALAMBO,2018,3,3,3,0.3333333333333333,0.0,0.0,0.6666666666666666,0.0,0.0,0.6666666666666666,0.0,0.3333333333333333,0.963124270240725,4.55644505974474,100.0,83.8653,4.0,0.0,1.0,0.014797,27.479421541060557,80.70333389441171,88.05998028283831
MALAMBO,2018,3,3,3,0.3333333333333333,0.0,0.0,0.6666666666666666,0.0,0.0,0.6666666666666666,0.0,0.3333333333333333,0.963124270240725,4.55644505974474,6.42,83.8653,4.0,0.0,1.0,0.014797,27.479421541060557,80.70333389441171,88.05998028283831
MALAMBO,2018,4,4,6,0.3333333333333333,0.3333333333333333,0.0,0.3333333333333333,0.0,0.1666666666666666,0.1666666666666666,0.0,0.1666666666666666,0.963124270240725,4.55644505974474,100.0,,4.0,0.0,1.0,0.014797,27.5224390490302,38.4066663129876,88.10516769584568
MALAMBO,2018,4,4,6,0.3333333333333333,0.3333333333333333,0.0,0.3333333333333333,0.0,0.1666666666666666,0.1666666666666666,0.0,0.1666666666666666,0.963124270240725,4.55644505974474,6.42,,4.0,0.0,1.0,0.014797,27.5224390490302,38.4066663129876,88.10516769584568
MALAMBO,2018,5,5,8,0.625,0.25,0.0,0.125,0.0,0.0,0.25,0.0,0.625,0.963124270240725,4.55644505974474,100.0,-6.1343,4.0,1.0,1.0,0.019996,27.328637513660272,0.203333339343468,83.25569906688872
MALAMBO,2018,5,5,8,0.625,0.25,0.0,0.125,0.0,0.0,0.25,0.0,0.625,0.963124270240725,4.55644505974474,6.42,-6.1343,4.0,1.0,1.0,0.019996,27.328637513660272,0.203333339343468,83.25569906688872
MALAMBO,2018,6,6,14,0.2142857142857142,0.2857142857142857,0.0,0.5,0.0,0.2142857142857142,0.6428571428571429,0.0714285714285714,0.6428571428571429,0.963124270240725,4.55644505974474,100.0,-6.1343,4.0,1.0,1.0,0.019996,27.695234825497607,3.723333390429615,85.50845373244512
MALAMBO,2018,6,6,14,0.2142857142857142,0.2857142857142857,0.0,0.5,0.0,0.2142857142857142,0.6428571428571429,0.0714285714285714,0.6428571428571429,0.963124270240725,4.55644505974474,6.42,-6.1343,4.0,1.0,1.0,0.019996,27.695234825497607,3.723333390429615,85.50845373244512
MALAMBO,2018,7,7,23,0.3043478260869565,0.2608695652173913,0.0,0.4347826086956521,0.0,0.0,0.6086956521739131,0.0,0.5652173913043478,0.963124270240725,4.55644505974474,100.0,-6.1343,4.0,1.0,1.0,0.019996,27.967082323346848,53.84333393846949,85.66001837594169
MALAMBO,2018,7,7,23,0.3043478260869565,0.2608695652173913,0.0,0.4347826086956521,0.0,0.0,0.6086956521739131,0.0,0.5652173913043478,0.963124270240725,4.55644505974474,6.42,-6.1343,4.0,1.0,1.0,0.019996,27.967082323346848,53.84333393846949,85.66001837594169
MALAMBO,2018,8,8,17,0.1764705882352941,0.3529411764705882,0.0,0.4705882352941176,0.0,0.0588235294117647,0.6470588235294118,0.0588235294117647,0.4117647058823529,0.963124270240725,4.55644505974474,100.0,-6.1343,4.0,1.0,1.0,0.019996,27.82360084170389,245.38666610543928,88.72806676228842
MALAMBO,2018,8,8,17,0.1764705882352941,0.3529411764705882,0.0,0.4705882352941176,0.0,0.0588235294117647,0.6470588235294118,0.0588235294117647,0.4117647058823529,0.963124270240725,4.55644505974474,6.42,-6.1343,4.0,1.0,1.0,0.019996,27.82360084170389,245.38666610543928,88.72806676228842
MALAMBO,2018,9,9,14,0.2857142857142857,0.2142857142857142,0.0,0.5,0.0,0.0714285714285714,0.7142857142857143,0.0,0.3571428571428571,0.963124270240725,4.55644505974474,100.0,-6.1343,4.0,1.0,1.0,0.019996,28.140368398030628,197.08666719247896,89.2198897770473
MALAMBO,2018,9,9,14,0.2857142857142857,0.2142857142857142,0.0,0.5,0.0,0.0714285714285714,0.7142857142857143,0.0,0.3571428571428571,0.963124270240725,4.55644505974474,6.42,-6.1343,4.0,1.0,1.0,0.019996,28.140368398030628,197.08666719247896,89.2198897770473
MALAMBO,2018,10,10,11,0.4545454545454545,0.1818181818181818,0.0,0.3636363636363636,0.0,0.0,0.5454545454545454,0.0,0.4545454545454545,0.963124270240725,4.55644505974474,100.0,-6.1343,4.0,1.0,1.0,0.019996,27.850575474330377,79.3733331374824,89.61919766380673
MALAMBO,2018,10,10,11,0.4545454545454545,0.1818181818181818,0.0,0.3636363636363636,0.0,0.0,0.5454545454545454,0.0,0.4545454545454545,0.963124270240725,4.55644505974474,6.42,-6.1343,4.0,1.0,1.0,0.019996,27.850575474330377,79.3733331374824,89.61919766380673
MALAMBO,2018,11,11,12,0.25,0.4166666666666667,0.0,0.3333333333333333,0.0,0.0833333333333333,0.6666666666666666,0.0,0.5,0.963124270240725,4.55644505974474,100.0,-6.1343,4.0,1.0,1.0,0.019996,27.653222837902277,105.6899994785587,90.95755595252628
MALAMBO,2018,11,11,12,0.25,0.4166666666666667,0.0,0.3333333333333333,0.0,0.0833333333333333,0.6666666666666666,0.0,0.5,0.963124270240725,4.55644505974474,6.42,-6.1343,4.0,1.0,1.0,0.019996,27.653222837902277,105.6899994785587,90.95755595252628
MALAMBO,2018,12,12,19,0.4736842105263157,0.1578947368421052,0.0,0.3684210526315789,0.0,0.0526315789473684,0.631578947368421,0.0526315789473684,0.4736842105263157,0.963124270240725,4.55644505974474,100.0,-6.1343,4.0,1.0,1.0,0.019996,27.52850240071617,161.03333374857905,92.17282912844703
MALAMBO,2018,12,12,19,0.4736842105263157,0.1578947368421052,0.0,0.3684210526315789,0.0,0.0526315789473684,0.631578947368421,0.0526315789473684,0.4736842105263157,0.963124270240725,4.55644505974474,6.42,-6.1343,4.0,1.0,1.0,0.019996,27.52850240071617,161.03333374857905,92.17282912844703
MALAMBO,2018,13,13,18,0.4444444444444444,0.1666666666666666,0.0,0.3888888888888889,0.0,0.0,0.3333333333333333,0.0,0.5555555555555556,0.963124270240725,4.55644505974474,100.0,-6.1343,4.0,1.0,1.0,0.019996,27.35689987909228,273.4699980715911,93.02221316383
MALAMBO,2018,13,13,18,0.4444444444444444,0.1666666666666666,0.0,0.3888888888888889,0.0,0.0,0.3333333333333333,0.0,0.5555555555555556,0.963124270240725,4.55644505974474,6.42,-6.1343,4.0,1.0,1.0,0.019996,27.35689987909228,273.4699980715911,93.02221316383
MALAMBO,2019,1,14,20,0.3,0.2,0.0,0.5,0.0,0.1,0.35,0.05,0.65,0.963124270240725,4.55644505974474,100.0,-6.1343,4.0,1.0,1.0,0.019996,27.0842349461147,186.33333279192448,92.07493881952196
MALAMBO,2019,1,14,20,0.3,0.2,0.0,0.5,0.0,0.1,0.35,0.05,0.65,0.963124270240725,4.55644505974474,57.68,-6.1343,4.0,1.0,1.0,0.019996,27.0842349461147,186.33333279192448,92.07493881952196
MALAMBO,2019,2,15,16,0.4375,0.125,0.0,0.4375,0.0,0.0,0.6875,0.0,0.5625,0.963124270240725,4.55644505974474,100.0,-6.1343,4.0,1.0,1.0,0.019996,27.413345591227245,77.0166670748343,91.3599044254848
MALAMBO,2019,2,15,16,0.4375,0.125,0.0,0.4375,0.0,0.0,0.6875,0.0,0.5625,0.963124270240725,4.55644505974474,57.68,-6.1343,4.0,1.0,1.0,0.019996,27.413345591227245,77.0166670748343,91.3599044254848
MALAMBO,2019,3,16,10,0.3,0.0,0.0,0.7,0.0,0.2,0.3,0.0,0.5,0.963124270240725,4.55644505974474,100.0,-6.1343,4.0,1.0,1.0,0.019996,27.21349287487214,1.0300000111262,87.94629914419991
MALAMBO,2019,3,16,10,0.3,0.0,0.0,0.7,0.0,0.2,0.3,0.0,0.5,0.963124270240725,4.55644505974474,57.68,-6.1343,4.0,1.0,1.0,0.019996,27.21349287487214,1.0300000111262,87.94629914419991
MALAMBO,2019,4,17,12,0.5,0.1666666666666666,0.0,0.3333333333333333,0.0,0.0,0.5,0.0,0.1666666666666666,0.963124270240725,4.55644505974474,100.0,-6.1343,4.0,1.0,1.0,0.019996,27.043974637437167,47.98333402102192,86.7168715904499
MALAMBO,2019,4,17,12,0.5,0.1666666666666666,0.0,0.3333333333333333,0.0,0.0,0.5,0.0,0.1666666666666666,0.963124270240725,4.55644505974474,57.68,-6.1343,4.0,1.0,1.0,0.019996,27.043974637437167,47.98333402102192,86.7168715904499
MALAMBO,2019,5,18,7,0.7142857142857143,0.1428571428571428,0.0,0.1428571428571428,0.0,0.1428571428571428,0.5714285714285714,0.1428571428571428,0.4285714285714285,0.963124270240725,4.55644505974474,100.0,-6.1343,4.0,1.0,1.0,0.019996,27.52702338809061,39.766666696717344,85.40982573372978
MALAMBO,2019,5,18,7,0.7142857142857143,0.1428571428571428,0.0,0.1428571428571428,0.0,0.1428571428571428,0.5714285714285714,0.1428571428571428,0.4285714285714285,0.963124270240725,4.55644505974474,57.68,-6.1343,4.0,1.0,1.0,0.019996,27.52702338809061,39.766666696717344,85.40982573372978
MALAMBO,2019,6,19,4,0.75,0.0,0.0,0.25,0.0,0.25,0.25,0.0,0.75,0.963124270240725,4.55644505974474,100.0,-6.1343,4.0,1.0,1.0,0.019996,27.524730028424973,16.50999998922149,84.78028242928642
MALAMBO,2019,6,19,4,0.75,0.0,0.0,0.25,0.0,0.25,0.25,0.0,0.75,0.963124270240725,4.55644505974474,57.68,-6.1343,4.0,1.0,1.0,0.019996,27.524730028424973,16.50999998922149,84.78028242928642
MALAMBO,2019,7,20,7,0.2857142857142857,0.4285714285714285,0.0,0.2857142857142857,0.0,0.1428571428571428,0.2857142857142857,0.0,0.5714285714285714,0.963124270240725,4.55644505974474,100.0,-6.1343,4.0,1.0,1.0,0.019996,28.276231384277366,45.04000015680988,85.32304900033134
MALAMBO,2019,7,20,7,0.2857142857142857,0.4285714285714285,0.0,0.2857142857142857,0.0,0.1428571428571428,0.2857142857142857,0.0,0.5714285714285714,0.963124270240725,4.55644505974474,57.68,-6.1343,4.0,1.0,1.0,0.019996,28.276231384277366,45.04000015680988,85.32304900033134
MALAMBO,2019,8,21,4,0.25,0.0,0.0,0.75,0.0,0.25,0.25,0.0,0.5,0.963124270240725,4.55644505974474,100.0,,4.0,1.0,1.0,0.019996,28.50857514880955,212.02666578876477,86.4381665729341
MALAMBO,2019,8,21,4,0.25,0.0,0.0,0.75,0.0,0.25,0.25,0.0,0.5,0.963124270240725,4.55644505974474,57.68,,4.0,1.0,1.0,0.019996,28.50857514880955,212.02666578876477,86.4381665729341
MALAMBO,2019,9,22,5,0.6,0.0,0.0,0.4,0.0,0.0,0.6,0.0,0.4,0.963124270240725,4.55644505974474,100.0,8.3634,4.0,2.0,1.0,0.010398,28.147428131103545,258.4266682590048,89.70082373846144
MALAMBO,2019,9,22,5,0.6,0.0,0.0,0.4,0.0,0.0,0.6,0.0,0.4,0.963124270240725,4.55644505974474,57.68,8.3634,4.0,2.0,1.0,0.010398,28.147428131103545,258.4266682590048,89.70082373846144
MALAMBO,2019,10,23,4,0.75,0.0,0.0,0.25,0.0,0.0,0.75,0.0,0.25,0.963124270240725,4.55644505974474,100.0,8.3634,4.0,2.0,1.0,0.010398,28.256208583286853,72.78000155587992,88.95670663742793
MALAMBO,2019,10,23,4,0.75,0.0,0.0,0.25,0.0,0.0,0.75,0.0,0.25,0.963124270240725,4.55644505974474,57.68,8.3634,4.0,2.0,1.0,0.010398,28.256208583286853,72.78000155587992,88.95670663742793
MALAMBO,2019,11,24,15,0.2666666666666666,0.1333333333333333,0.0,0.6,0.0,0.1333333333333333,0.5333333333333333,0.0666666666666666,0.3333333333333333,0.963124270240725,4.55644505974474,100.0,8.3634,4.0,2.0,1.0,0.010398,27.980208696637863,114.39000020176172,91.45045780000233
MALAMBO,2019,11,24,15,0.2666666666666666,0.1333333333333333,0.0,0.6,0.0,0.1333333333333333,0.5333333333333333,0.0666666666666666,0.3333333333333333,0.963124270240725,4.55644505974474,57.68,8.3634,4.0,2.0,1.0,0.010398,27.980208696637863,114.39000020176172,91.45045780000233
MALAMBO,2019,12,25,27,0.4814814814814814,0.1851851851851851,0.0,0.3333333333333333,0.0,0.0,0.6296296296296297,0.037037037037037,0.3333333333333333,0.963124270240725,4.55644505974474,100.0,8.3634,4.0,2.0,1.0,0.010398,27.85638035365515,193.27000034724676,92.2626716977074
MALAMBO,2019,12,25,27,0.4814814814814814,0.1851851851851851,0.0,0.3333333333333333,0.0,0.0,0.6296296296296297,0.037037037037037,0.3333333333333333,0.963124270240725,4.55644505974474,57.68,8.3634,4.0,2.0,1.0,0.010398,27.85638035365515,193.27000034724676,92.2626716977074
MALAMBO,2019,13,26,33,0.4848484848484848,0.1515151515151515,0.0,0.3333333333333333,0.0303030303030303,0.0,0.5454545454545454,0.0303030303030303,0.4242424242424242,0.963124270240725,4.55644505974474,100.0,8.3634,4.0,2.0,1.0,0.010398,27.306746237618608,236.4433331489563,93.38295228140694
MALAMBO,2019,13,26,33,0.4848484848484848,0.1515151515151515,0.0,0.3333333333333333,0.0303030303030303,0.0,0.5454545454545454,0.0303030303030303,0.4242424242424242,0.963124270240725,4.55644505974474,57.68,8.3634,4.0,2.0,1.0,0.010398,27.306746237618608,236.4433331489563,93.38295228140694
MALAMBO,2020,1,27,44,0.4772727272727273,0.25,0.0,0.2272727272727272,0.0454545454545454,0.0909090909090909,0.4545454545454545,0.0909090909090909,0.3863636363636363,0.963124270240725,4.55644505974474,100.0,8.3634,4.0,2.0,1.0,0.010398,26.977111525762677,321.6333349943161,92.86120124090284
MALAMBO,2020,1,27,44,0.4772727272727273,0.25,0.0,0.2272727272727272,0.0454545454545454,0.0909090909090909,0.4545454545454545,0.0909090909090909,0.3863636363636363,0.963124270240725,4.55644505974474,72.2,8.3634,4.0,2.0,1.0,0.010398,26.977111525762677,321.6333349943161,92.86120124090284
MALAMBO,2020,2,28,33,0.6363636363636364,0.1515151515151515,0.0,0.2121212121212121,0.0,0.0606060606060606,0.5151515151515151,0.0,0.6060606060606061,0.963124270240725,4.55644505974474,100.0,8.3634,4.0,2.0,1.0,0.010398,27.39025795346217,174.88333363706866,91.08695393516903
MALAMBO,2020,2,28,33,0.6363636363636364,0.1515151515151515,0.0,0.2121212121212121,0.0,0.0606060606060606,0.5151515151515151,0.0,0.6060606060606061,0.963124270240725,4.55644505974474,72.2,8.3634,4.0,2.0,1.0,0.010398,27.39025795346217,174.88333363706866,91.08695393516903
MALAMBO,2020,3,29,28,0.4642857142857143,0.25,0.0,0.2857142857142857,0.0,0.0357142857142857,0.4285714285714285,0.0357142857142857,0.5357142857142857,0.963124270240725,4.55644505974474,100.0,8.3634,4.0,2.0,1.0,0.010398,27.76106778099426,120.15666680472592,90.2871619633266
MALAMBO,2020,3,29,28,0.4642857142857143,0.25,0.0,0.2857142857142857,0.0,0.0357142857142857,0.4285714285714285,0.0357142857142857,0.5357142857142857,0.963124270240725,4.55644505974474,72.2,8.3634,4.0,2.0,1.0,0.010398,27.76106778099426,120.15666680472592,90.2871619633266
MALAMBO,2020,4,30,14,0.6428571428571429,0.1428571428571428,0.0,0.2142857142857142,0.0,0.1428571428571428,0.3571428571428571,0.0,0.5714285714285714,0.963124270240725,4.55644505974474,100.0,8.3634,4.0,2.0,1.0,0.010398,27.465551092685818,23.653333340461053,86.20131888756386
MALAMBO,2020,4,30,14,0.6428571428571429,0.1428571428571428,0.0,0.2142857142857142,0.0,0.1428571428571428,0.3571428571428571,0.0,0.5714285714285714,0.963124270240725,4.55644505974474,72.2,8.3634,4.0,2.0,1.0,0.010398,27.465551092685818,23.653333340461053,86.20131888756386
MALAMBO,2020,5,31,8,0.625,0.0,0.0,0.375,0.0,0.0,0.875,0.0,0.5,0.963124270240725,4.55644505974474,100.0,8.3634,4.0,2.0,1.0,0.010398,27.83051180158345,65.356666666766,84.98833556402296
MALAMBO,2020,5,31,8,0.625,0.0,0.0,0.375,0.0,0.0,0.875,0.0,0.5,0.963124270240725,4.55644505974474,72.2,8.3634,4.0,2.0,1.0,0.010398,27.83051180158345,65.356666666766,84.98833556402296
MALAMBO,2020,6,32,4,0.25,0.25,0.0,0.5,0.0,0.5,0.0,0.0,0.5,0.963124270240725,4.55644505974474,100.0,8.3634,4.0,2.0,1.0,0.010398,27.623895082019647,41.10000000397364,84.38003966921852
MALAMBO,2020,6,32,4,0.25,0.25,0.0,0.5,0.0,0.5,0.0,0.0,0.5,0.963124270240725,4.55644505974474,72.2,8.3634,4.0,2.0,1.0,0.010398,27.623895082019647,41.10000000397364,84.38003966921852
MALAMBO,2020,7,33,2,1.0,0.0,0.0,0.0,0.0,0.0,0.5,0.0,0.5,0.963124270240725,4.55644505974474,100.0,8.3634,4.0,2.0,1.0,0.010398,28.35743847801574,32.99000026782354,85.18505868457612
MALAMBO,2020,7,33,2,1.0,0.0,0.0,0.0,0.0,0.0,0.5,0.0,0.5,0.963124270240725,4.55644505974474,72.2,8.3634,4.0,2.0,1.0,0.010398,28.35743847801574,32.99000026782354,85.18505868457612
MALAMBO,2020,8,34,2,0.0,0.0,0.0,1.0,0.0,0.0,0.5,0.0,0.5,0.963124270240725,4.55644505974474,100.0,8.3634,4.0,2.0,1.0,0.010398,28.81693801879885,115.9033333559831,86.19366682143438
MALAMBO,2020,8,34,2,0.0,0.0,0.0,1.0,0.0,0.0,0.5,0.0,0.5,0.963124270240725,4.55644505974474,72.2,8.3634,4.0,2.0,1.0,0.010398,28.81693801879885,115.9033333559831,86.19366682143438
MALAMBO,2020,9,35,7,0.4285714285714285,0.0,0.0,0.5714285714285714,0.0,0.1428571428571428,0.4285714285714285,0.0,0.1428571428571428,0.963124270240725,4.55644505974474,100.0,8.3634,4.0,2.0,1.0,0.010398,28.29776989164809,320.16666595141095,88.94033677237374
MALAMBO,2020,9,35,7,0.4285714285714285,0.0,0.0,0.5714285714285714,0.0,0.1428571428571428,0.4285714285714285,0.0,0.1428571428571428,0.963124270240725,4.55644505974474,72.2,8.3634,4.0,2.0,1.0,0.010398,28.29776989164809,320.16666595141095,88.94033677237374
MALAMBO,2020,10,36,21,0.6666666666666666,0.1428571428571428,0.0,0.1904761904761904,0.0,0.1428571428571428,0.3333333333333333,0.0,0.6666666666666666,0.963124270240725,4.55644505974474,100.0,8.3634,4.0,2.0,1.0,0.010398,27.85130280994236,225.6266682079683,89.95914413815453
MALAMBO,2020,10,36,21,0.6666666666666666,0.1428571428571428,0.0,0.1904761904761904,0.0,0.1428571428571428,0.3333333333333333,0.0,0.6666666666666666,0.963124270240725,4.55644505974474,72.2,8.3634,4.0,2.0,1.0,0.010398,27.85130280994236,225.6266682079683,89.95914413815453
MALAMBO,2020,11,37,13,0.3846153846153846,0.0769230769230769,0.0,0.5384615384615384,0.0,0.0769230769230769,0.5384615384615384,0.0,0.7692307692307693,0.963124270240725,4.55644505974474,100.0,8.3634,4.0,2.0,1.0,0.010398,27.807050868443103,169.01666589453816,92.19095747811454
MALAMBO,2020,11,37,13,0.3846153846153846,0.0769230769230769,0.0,0.5384615384615384,0.0,0.0769230769230769,0.5384615384615384,0.0,0.7692307692307693,0.963124270240725,4.55644505974474,72.2,8.3634,4.0,2.0,1.0,0.010398,27.807050868443103,169.01666589453816,92.19095747811454
MALAMBO,2020,12,38,16,0.5,0.3125,0.0,0.1875,0.0,0.0,0.4375,0.0,0.5,0.963124270240725,4.55644505974474,100.0,8.3634,4.0,2.0,1.0,0.010398,27.22394787016372,334.9266670147578,93.26229540506998
MALAMBO,2020,12,38,16,0.5,0.3125,0.0,0.1875,0.0,0.0,0.4375,0.0,0.5,0.963124270240725,4.55644505974474,72.2,8.3634,4.0,2.0,1.0,0.010398,27.22394787016372,334.9266670147578,93.26229540506998
MALAMBO,2020,13,39,23,0.391304347826087,0.1739130434782608,0.0,0.4347826086956521,0.0,0.0434782608695652,0.391304347826087,0.0,0.6521739130434783,0.963124270240725,4.55644505974474,100.0,8.3634,4.0,2.0,1.0,0.010398,27.20780298142208,354.65000279744464,93.75596246265228
MALAMBO,2020,13,39,23,0.391304347826087,0.1739130434782608,0.0,0.4347826086956521,0.0,0.0434782608695652,0.391304347826087,0.0,0.6521739130434783,0.963124270240725,4.55644505974474,72.2,8.3634,4.0,2.0,1.0,0.010398,27.20780298142208,354.65000279744464,93.75596246265228
MALAMBO,2020,14,40,6,0.5,0.0,0.0,0.5,0.0,0.0,0.8333333333333334,0.0,0.6666666666666666,0.963124270240725,4.55644505974474,100.0,8.3634,4.0,2.0,1.0,0.010398,26.89861795334591,302.11000016828376,92.37225532531738
MALAMBO,2020,14,40,6,0.5,0.0,0.0,0.5,0.0,0.0,0.8333333333333334,0.0,0.6666666666666666,0.963124270240725,4.55644505974474,72.2,8.3634,4.0,2.0,1.0,0.010398,26.89861795334591,302.11000016828376,92.37225532531738
MALAMBO,2021,1,40,21,0.238095238095238,0.0476190476190476,0.0,0.7142857142857143,0.0,0.1428571428571428,0.4761904761904761,0.0,0.5238095238095238,0.963124270240725,4.55644505974474,72.31,8.3634,4.0,2.0,1.0,0.010398,26.695983777727424,264.10333532094955,91.92101723807198
MALAMBO,2021,2,41,22,0.5,0.0454545454545454,0.0,0.4545454545454545,0.0,0.0454545454545454,0.5,0.0,0.5,0.963124270240725,4.55644505974474,72.31,8.3634,4.0,2.0,1.0,0.010398,27.19904716128397,94.9966668561101,89.54135649544853
MALAMBO,2021,3,42,29,0.4137931034482758,0.1034482758620689,0.0,0.4482758620689655,0.0344827586206896,0.0344827586206896,0.6896551724137931,0.0,0.3793103448275862,0.963124270240725,4.55644505974474,72.31,8.3634,4.0,2.0,1.0,0.010398,27.077306365966837,22.33333333333333,87.17373530069986
MALAMBO,2021,4,43,16,0.4375,0.0,0.0,0.5,0.0625,0.0625,0.5625,0.0625,0.375,0.963124270240725,4.55644505974474,72.31,8.3634,4.0,2.0,1.0,0.010398,27.26384288242887,20.33333366612593,86.06596256437756
MALAMBO,2021,5,44,9,0.2222222222222222,0.2222222222222222,0.0,0.5555555555555556,0.0,0.0,0.7777777777777778,0.0,0.4444444444444444,0.963124270240725,4.55644505974474,72.31,8.3634,4.0,2.0,1.0,0.010398,27.86276597522556,59.05666698515415,84.21061942690895
MALAMBO,2021,6,45,10,0.3,0.0,0.0,0.5,0.2,0.2,0.5,0.0,0.4,0.963124270240725,4.55644505974474,72.31,8.3634,4.0,2.0,1.0,0.010398,27.70591234479634,57.57333330313365,83.40488370259604
MALAMBO,2021,7,46,27,0.3333333333333333,0.1481481481481481,0.0,0.5185185185185185,0.0,0.074074074074074,0.5555555555555556,0.0,0.4074074074074074,0.963124270240725,4.55644505974474,72.31,8.3634,4.0,2.0,1.0,0.010398,27.94775543212893,116.94666654492418,86.51271865481422
MALAMBO,2021,8,47,72,0.4722222222222222,0.0277777777777777,0.0,0.4861111111111111,0.0138888888888888,0.0416666666666666,0.7222222222222222,0.0416666666666666,0.5277777777777778,0.963124270240725,4.55644505974474,72.31,,4.0,2.0,1.0,0.010398,27.960942658923948,105.29666780183712,86.8620376586914
MALAMBO,2021,9,48,122,0.4344262295081967,0.0901639344262295,0.0,0.4754098360655737,0.0,0.1065573770491803,0.5655737704918032,0.0081967213114754,0.5,0.963124270240725,4.55644505974474,72.31,-28.3847,4.0,3.0,1.0,0.005999,27.78337522234238,284.5500000715256,89.03454380943661
MALAMBO,2021,10,49,136,0.4338235294117647,0.088235294117647,0.0,0.4779411764705882,0.0,0.0735294117647058,0.5955882352941176,0.0220588235294117,0.5073529411764706,0.963124270240725,4.55644505974474,72.31,-28.3847,4.0,3.0,1.0,0.005999,27.58364057995027,181.3799992762506,90.07101721990675
MALAMBO,2021,11,50,122,0.4180327868852459,0.1229508196721311,0.0,0.4590163934426229,0.0,0.0573770491803278,0.5901639344262295,0.0,0.5983606557377049,0.963124270240725,4.55644505974474,72.31,-28.3847,4.0,3.0,1.0,0.005999,27.4892388116746,192.0100004759928,91.34519913083032
MALAMBO,2021,12,51,94,0.4787234042553192,0.1063829787234042,0.0,0.4148936170212766,0.0,0.1276595744680851,0.5531914893617021,0.0212765957446808,0.5106382978723404,0.963124270240725,4.55644505974474,72.31,-28.3847,4.0,3.0,1.0,0.005999,26.9458311898368,383.590001086394,92.92280460539318
MALAMBO,2021,13,52,50,0.44,0.18,0.0,0.38,0.0,0.16,0.5,0.06,0.54,0.963124270240725,4.55644505974474,72.31,-28.3847,4.0,3.0,1.0,0.005999,27.30090012323291,258.70333298668265,92.38748277936664
MALAMBO,2022,1,53,19,0.3684210526315789,0.2631578947368421,0.0,0.3157894736842105,0.0526315789473684,0.0,0.4736842105263157,0.1052631578947368,0.631578947368421,0.963124270240725,4.55644505974474,99.64,,4.0,3.0,1.0,0.005999,27.212875983828614,143.9300016835332,90.52197529020764
MALAMBO,2022,1,53,19,0.3684210526315789,0.2631578947368421,0.0,0.3157894736842105,0.0526315789473684,0.0,0.4736842105263157,0.1052631578947368,0.631578947368421,0.963124270240725,4.55644505974474,74.81,,4.0,3.0,1.0,0.005999,27.212875983828614,143.9300016835332,90.52197529020764
MALAMBO,2022,2,54,11,0.2727272727272727,0.0909090909090909,0.0,0.6363636363636364,0.0,0.0,0.6363636363636364,0.1818181818181818,0.5454545454545454,0.963124270240725,4.55644505974474,99.64,-0.0447,4.0,4.0,0.0,0.94781,27.2975524119842,41.909999899566174,88.83983827248598
MALAMBO,2022,2,54,11,0.2727272727272727,0.0909090909090909,0.0,0.6363636363636364,0.0,0.0,0.6363636363636364,0.1818181818181818,0.5454545454545454,0.963124270240725,4.55644505974474,74.81,-0.0447,4.0,4.0,0.0,0.94781,27.2975524119842,41.909999899566174,88.83983827248598
MALAMBO,2022,3,55,11,0.4545454545454545,0.2727272727272727,0.0,0.2727272727272727,0.0,0.0,0.4545454545454545,0.0,0.4545454545454545,0.963124270240725,4.55644505974474,99.64,-0.0447,4.0,4.0,0.0,0.94781,27.22673611111115,5.666666666666667,87.07669321695964
MALAMBO,2022,3,55,11,0.4545454545454545,0.2727272727272727,0.0,0.2727272727272727,0.0,0.0,0.4545454545454545,0.0,0.4545454545454545,0.963124270240725,4.55644505974474,74.81,-0.0447,4.0,4.0,0.0,0.94781,27.22673611111115,5.666666666666667,87.07669321695964
MALAMBO,2022,4,56,7,0.1428571428571428,0.1428571428571428,0.0,0.7142857142857143,0.0,0.0,0.2857142857142857,0.0,0.5714285714285714,0.963124270240725,4.55644505974474,99.64,-0.0447,4.0,4.0,0.0,0.94781,27.149167814708917,85.633334291478,86.25092797052294
MALAMBO,2022,4,56,7,0.1428571428571428,0.1428571428571428,0.0,0.7142857142857143,0.0,0.0,0.2857142857142857,0.0,0.5714285714285714,0.963124270240725,4.55644505974474,74.81,-0.0447,4.0,4.0,0.0,0.94781,27.149167814708917,85.633334291478,86.25092797052294
MALAMBO,2022,5,57,8,0.5,0.125,0.0,0.375,0.0,0.25,0.5,0.125,0.75,0.963124270240725,4.55644505974474,99.64,-0.0447,4.0,4.0,0.0,0.94781,27.64287065778462,43.63666734223565,83.56790179298038
MALAMBO,2022,5,57,8,0.5,0.125,0.0,0.375,0.0,0.25,0.5,0.125,0.75,0.963124270240725,4.55644505974474,74.81,-0.0447,4.0,4.0,0.0,0.94781,27.64287065778462,43.63666734223565,83.56790179298038
MALAMBO,2022,6,58,10,0.5,0.1,0.0,0.4,0.0,0.1,0.6,0.0,0.2,0.963124270240725,4.55644505974474,99.64,-0.0447,4.0,4.0,0.0,0.94781,28.06306955246701,95.47666886821388,84.49352782113212
MALAMBO,2022,6,58,10,0.5,0.1,0.0,0.4,0.0,0.1,0.6,0.0,0.2,0.963124270240725,4.55644505974474,74.81,-0.0447,4.0,4.0,0.0,0.94781,28.06306955246701,95.47666886821388,84.49352782113212
MALAMBO,2022,7,59,10,0.2,0.3,0.0,0.5,0.0,0.2,0.4,0.0,0.3,0.963124270240725,4.55644505974474,99.64,-0.0447,4.0,4.0,0.0,0.94781,28.052651614234584,152.2900003840526,86.53166362217495
MALAMBO,2022,7,59,10,0.2,0.3,0.0,0.5,0.0,0.2,0.4,0.0,0.3,0.963124270240725,4.55644505974474,74.81,-0.0447,4.0,4.0,0.0,0.94781,28.052651614234584,152.2900003840526,86.53166362217495
MALAMBO,2022,8,60,13,0.4615384615384615,0.0769230769230769,0.0,0.3846153846153846,0.0769230769230769,0.1538461538461538,0.5384615384615384,0.0,0.5384615384615384,0.963124270240725,4.55644505974474,99.64,-0.0447,4.0,4.0,0.0,0.94781,28.066143471854097,208.0633328358332,88.28916295369467
MALAMBO,2022,8,60,13,0.4615384615384615,0.0769230769230769,0.0,0.3846153846153846,0.0769230769230769,0.1538461538461538,0.5384615384615384,0.0,0.5384615384615384,0.963124270240725,4.55644505974474,74.81,-0.0447,4.0,4.0,0.0,0.94781,28.066143471854097,208.0633328358332,88.28916295369467
MALAMBO,2022,9,61,14,0.2142857142857142,0.3571428571428571,0.0714285714285714,0.3571428571428571,0.0,0.1428571428571428,0.4285714285714285,0.0,0.5714285714285714,0.963124270240725,4.55644505974474,99.64,-0.0447,4.0,4.0,0.0,0.94781,27.54564619518464,404.11333096027374,90.31589217413038
MALAMBO,2022,9,61,14,0.2142857142857142,0.3571428571428571,0.0714285714285714,0.3571428571428571,0.0,0.1428571428571428,0.4285714285714285,0.0,0.5714285714285714,0.963124270240725,4.55644505974474,74.81,-0.0447,4.0,4.0,0.0,0.94781,27.54564619518464,404.11333096027374,90.31589217413038
MALAMBO,2022,10,62,23,0.3478260869565217,0.2608695652173913,0.0,0.391304347826087,0.0,0.0,0.5652173913043478,0.0434782608695652,0.6521739130434783,0.963124270240725,4.55644505974474,99.64,-0.0447,4.0,4.0,0.0,0.94781,27.700323268345446,254.2133348832528,90.90408906482514
MALAMBO,2022,10,62,23,0.3478260869565217,0.2608695652173913,0.0,0.391304347826087,0.0,0.0,0.5652173913043478,0.0434782608695652,0.6521739130434783,0.963124270240725,4.55644505974474,74.81,-0.0447,4.0,4.0,0.0,0.94781,27.700323268345446,254.2133348832528,90.90408906482514
MALAMBO,2022,11,63,41,0.5365853658536586,0.2195121951219512,0.0,0.2439024390243902,0.0,0.1707317073170731,0.4390243902439024,0.0975609756097561,0.4878048780487805,0.963124270240725,4.55644505974474,99.64,-0.0447,4.0,4.0,0.0,0.94781,27.45366457984564,333.6433331569036,92.21317481994627
MALAMBO,2022,11,63,41,0.5365853658536586,0.2195121951219512,0.0,0.2439024390243902,0.0,0.1707317073170731,0.4390243902439024,0.0975609756097561,0.4878048780487805,0.963124270240725,4.55644505974474,74.81,-0.0447,4.0,4.0,0.0,0.94781,27.45366457984564,333.6433331569036,92.21317481994627
MALAMBO,2022,12,64,34,0.4117647058823529,0.2352941176470588,0.0,0.3529411764705882,0.0,0.088235294117647,0.5,0.0588235294117647,0.5588235294117647,0.963124270240725,4.55644505974474,99.64,-0.0447,4.0,4.0,0.0,0.94781,27.38874279203872,286.37666451931,92.98732058207192
MALAMBO,2022,12,64,34,0.4117647058823529,0.2352941176470588,0.0,0.3529411764705882,0.0,0.088235294117647,0.5,0.0588235294117647,0.5588235294117647,0.963124270240725,4.55644505974474,74.81,-0.0447,4.0,4.0,0.0,0.94781,27.38874279203872,286.37666451931,92.98732058207192
MALAMBO,2022,13,65,44,0.5909090909090909,0.1363636363636363,0.0,0.2727272727272727,0.0,0.0681818181818181,0.5681818181818182,0.0454545454545454,0.3863636363636363,0.963124270240725,4.55644505974474,99.64,-0.0447,4.0,4.0,0.0,0.94781,26.789771743047822,300.96666473150253,93.92976679120746
MALAMBO,2022,13,65,44,0.5909090909090909,0.1363636363636363,0.0,0.2727272727272727,0.0,0.0681818181818181,0.5681818181818182,0.0454545454545454,0.3863636363636363,0.963124270240725,4.55644505974474,74.81,-0.0447,4.0,4.0,0.0,0.94781,26.789771743047822,300.96666473150253,93.92976679120746
MALAMBO,2023,1,66,28,0.4642857142857143,0.1428571428571428,0.0,0.3928571428571428,0.0,0.0714285714285714,0.6428571428571429,0.0,0.6071428571428571,0.963124270240725,4.55644505974474,99.71,-0.0447,4.0,4.0,0.0,0.94781,26.725539325532488,369.480002562205,93.51378059387208
MALAMBO,2023,1,66,28,0.4642857142857143,0.1428571428571428,0.0,0.3928571428571428,0.0,0.0714285714285714,0.6428571428571429,0.0,0.6071428571428571,0.963124270240725,4.55644505974474,83.01,-0.0447,4.0,4.0,0.0,0.94781,26.725539325532488,369.480002562205,93.51378059387208
MALAMBO,2023,2,67,25,0.44,0.2,0.0,0.36,0.0,0.12,0.64,0.0,0.44,0.963124270240725,4.55644505974474,99.71,-0.0447,4.0,4.0,0.0,0.94781,26.670655277797177,300.23333263769746,92.05405771164668
MALAMBO,2023,2,67,25,0.44,0.2,0.0,0.36,0.0,0.12,0.64,0.0,0.44,0.963124270240725,4.55644505974474,83.01,-0.0447,4.0,4.0,0.0,0.94781,26.670655277797177,300.23333263769746,92.05405771164668
MALAMBO,2023,3,68,24,0.3333333333333333,0.25,0.0,0.4166666666666667,0.0,0.125,0.5416666666666666,0.0,0.5833333333333334,0.963124270240725,4.55644505974474,99.71,-0.0447,4.0,4.0,0.0,0.94781,26.964932356209616,24.770000311235588,88.12960324342222
MALAMBO,2023,3,68,24,0.3333333333333333,0.25,0.0,0.4166666666666667,0.0,0.125,0.5416666666666666,0.0,0.5833333333333334,0.963124270240725,4.55644505974474,83.01,-0.0447,4.0,4.0,0.0,0.94781,26.964932356209616,24.770000311235588,88.12960324342222
MALAMBO,2023,4,69,10,0.4,0.1,0.0,0.5,0.0,0.2,0.5,0.0,0.4,0.963124270240725,4.55644505974474,99.71,-0.0447,4.0,4.0,0.0,0.94781,27.226236870175345,32.53333323200544,86.72668193635486
MALAMBO,2023,4,69,10,0.4,0.1,0.0,0.5,0.0,0.2,0.5,0.0,0.4,0.963124270240725,4.55644505974474,83.01,-0.0447,4.0,4.0,0.0,0.94781,27.226236870175345,32.53333323200544,86.72668193635486
MALAMBO,2023,5,70,5,0.6,0.2,0.0,0.2,0.0,0.4,0.0,0.0,0.6,0.963124270240725,4.55644505974474,99.71,-0.0447,4.0,4.0,0.0,0.94781,27.063890802292622,5.333333333333333,83.246615364438
MALAMBO,2023,5,70,5,0.6,0.2,0.0,0.2,0.0,0.4,0.0,0.0,0.6,0.963124270240725,4.55644505974474,83.01,-0.0447,4.0,4.0,0.0,0.94781,27.063890802292622,5.333333333333333,83.246615364438
MALAMBO,2023,6,71,4,0.0,0.25,0.0,0.75,0.0,0.0,1.0,0.0,0.75,0.963124270240725,4.55644505974474,99.71,-0.0447,4.0,4.0,0.0,0.94781,27.4605050586519,56.66333363577724,85.82187452770415
MALAMBO,2023,6,71,4,0.0,0.25,0.0,0.75,0.0,0.0,1.0,0.0,0.75,0.963124270240725,4.55644505974474,83.01,-0.0447,4.0,4.0,0.0,0.94781,27.4605050586519,56.66333363577724,85.82187452770415
MALAMBO,2023,7,72,8,0.375,0.125,0.0,0.5,0.0,0.0,0.75,0.0,0.375,0.963124270240725,4.55644505974474,99.71,-0.0447,4.0,4.0,0.0,0.94781,27.88367396763396,107.1066666257878,84.21083059765044
MALAMBO,2023,7,72,8,0.375,0.125,0.0,0.5,0.0,0.0,0.75,0.0,0.375,0.963124270240725,4.55644505974474,83.01,-0.0447,4.0,4.0,0.0,0.94781,27.88367396763396,107.1066666257878,84.21083059765044
MALAMBO,2023,8,73,10,0.4,0.5,0.0,0.1,0.0,0.3,0.6,0.0,0.5,0.963124270240725,4.55644505974474,99.71,-0.0447,4.0,4.0,0.0,0.94781,28.50473120553155,136.50666689748564,87.63235882350376
MALAMBO,2023,8,73,10,0.4,0.5,0.0,0.1,0.0,0.3,0.6,0.0,0.5,0.963124270240725,4.55644505974474,83.01,-0.0447,4.0,4.0,0.0,0.94781,28.50473120553155,136.50666689748564,87.63235882350376
MALAMBO,2023,9,74,14,0.2857142857142857,0.5,0.0,0.1428571428571428,0.0714285714285714,0.1428571428571428,0.5714285714285714,0.0,0.7142857142857143,0.963124270240725,4.55644505974474,99.71,-0.0447,4.0,4.0,0.0,0.94781,28.468555341448127,342.9666673342387,89.6956901550293
MALAMBO,2023,9,74,14,0.2857142857142857,0.5,0.0,0.1428571428571428,0.0714285714285714,0.1428571428571428,0.5714285714285714,0.0,0.7142857142857143,0.963124270240725,4.55644505974474,83.01,-0.0447,4.0,4.0,0.0,0.94781,28.468555341448127,342.9666673342387,89.6956901550293
MALAMBO,2023,10,75,12,0.5833333333333334,0.25,0.0,0.0833333333333333,0.0833333333333333,0.0,0.75,0.0,0.6666666666666666,0.963124270240725,4.55644505974474,99.71,-0.0447,4.0,4.0,0.0,0.94781,28.492648969377814,194.2833333363136,90.20519892374674
MALAMBO,2023,10,75,12,0.5833333333333334,0.25,0.0,0.0833333333333333,0.0833333333333333,0.0,0.75,0.0,0.6666666666666666,0.963124270240725,4.55644505974474,83.01,-0.0447,4.0,4.0,0.0,0.94781,28.492648969377814,194.2833333363136,90.20519892374674
MALAMBO,2023,11,76,6,0.3333333333333333,0.6666666666666666,0.0,0.0,0.0,0.0,0.8333333333333334,0.0,0.3333333333333333,0.963124270240725,4.55644505974474,99.71,-0.0447,4.0,4.0,0.0,0.94781,28.46664599464055,103.5266668802748,91.59218987964448
MALAMBO,2023,11,76,6,0.3333333333333333,0.6666666666666666,0.0,0.0,0.0,0.0,0.8333333333333334,0.0,0.3333333333333333,0.963124270240725,4.55644505974474,83.01,-0.0447,4.0,4.0,0.0,0.94781,28.46664599464055,103.5266668802748,91.59218987964448
MALAMBO,2023,12,77,6,0.1666666666666666,0.5,0.0,0.3333333333333333,0.0,0.0,0.6666666666666666,0.0,0.6666666666666666,0.963124270240725,4.55644505974474,99.71,-0.0447,4.0,4.0,0.0,0.94781,28.07789637247724,162.88333228727183,92.9036700839088
MALAMBO,2023,12,77,6,0.1666666666666666,0.5,0.0,0.3333333333333333,0.0,0.0,0.6666666666666666,0.0,0.6666666666666666,0.963124270240725,4.55644505974474,83.01,-0.0447,4.0,4.0,0.0,0.94781,28.07789637247724,162.88333228727183,92.9036700839088
MALAMBO,2023,13,78,6,0.6666666666666666,0.3333333333333333,0.0,0.0,0.0,0.0,0.8333333333333334,0.0,0.6666666666666666,0.963124270240725,4.55644505974474,99.71,-0.0447,4.0,4.0,0.0,0.94781,28.081170109340142,211.073332687219,93.11943753560384
MALAMBO,2023,13,78,6,0.6666666666666666,0.3333333333333333,0.0,0.0,0.0,0.0,0.8333333333333334,0.0,0.6666666666666666,0.963124270240725,4.55644505974474,83.01,-0.0447,4.0,4.0,0.0,0.94781,28.081170109340142,211.073332687219,93.11943753560384
MANATÍ,2018,1,1,2,0.0,0.0,0.0,1.0,0.0,1.0,0.0,0.0,0.0,1.595381567945146,5.478245445148,92.74,-1.7154,3.0,0.0,0.0,0.140372,27.89276548113143,236.25000005960464,90.8032796042306
MANATÍ,2018,11,11,2,0.0,0.0,0.0,1.0,0.0,0.0,0.5,0.0,0.0,1.595381567945146,5.478245445148,92.74,-1.7154,3.0,0.0,0.0,0.140372,28.905453164236903,106.92000004649162,89.30689811706543
MANATÍ,2019,3,16,2,0.0,0.5,0.0,0.5,0.0,0.5,0.5,0.0,1.0,1.595381567945146,5.478245445148,95.6,-1.7154,3.0,0.0,0.0,0.140372,28.341285596575077,2.950000002980232,87.686461857387
MANATÍ,2019,5,18,4,0.0,0.0,0.0,1.0,0.0,0.0,1.0,0.0,0.75,1.595381567945146,5.478245445148,95.6,-1.7154,3.0,0.0,0.0,0.140372,29.23994053431921,203.63999992609024,82.95048223223004
MANATÍ,2019,7,20,10,0.5,0.0,0.0,0.4,0.1,0.1,0.8,0.0,0.8,1.595381567945146,5.478245445148,95.6,-1.7154,3.0,0.0,0.0,0.140372,29.27291695731029,154.71000009775162,83.82475362505231
MANATÍ,2019,8,21,10,0.6,0.2,0.0,0.2,0.0,0.0,0.9,0.1,0.5,1.595381567945146,5.478245445148,95.6,-1.7154,3.0,0.0,0.0,0.140372,29.04417354038785,194.97000060975552,85.87967491149902
MANATÍ,2019,9,22,7,0.2857142857142857,0.1428571428571428,0.0,0.5714285714285714,0.0,0.0,0.8571428571428571,0.0,0.4285714285714285,1.595381567945146,5.478245445148,95.6,-1.7154,3.0,0.0,0.0,0.140372,28.42556697300504,157.35999804735184,88.62277575901577
MANATÍ,2019,10,23,3,0.3333333333333333,0.0,0.0,0.6666666666666666,0.0,0.0,1.0,0.0,0.3333333333333333,1.595381567945146,5.478245445148,95.6,-1.7154,3.0,0.0,0.0,0.140372,29.60658798217775,125.95999919995666,87.30560520717076
MANATÍ,2019,11,24,4,0.75,0.0,0.0,0.25,0.0,0.0,1.0,0.0,0.75,1.595381567945146,5.478245445148,95.6,-1.7154,3.0,0.0,0.0,0.140372,29.485814121791314,146.3899996969849,88.4640189579555
MANATÍ,2019,12,25,8,0.625,0.375,0.0,0.0,0.0,0.0,0.875,0.0,0.625,1.595381567945146,5.478245445148,95.6,-1.7154,3.0,0.0,0.0,0.140372,28.934700448172453,176.59999688714743,90.231171471732
MANATÍ,2019,13,26,1,1.0,0.0,0.0,0.0,0.0,0.0,1.0,0.0,1.0,1.595381567945146,5.478245445148,95.6,-1.7154,3.0,0.0,0.0,0.140372,28.097641427176363,162.89000081270933,90.44348989214215
MANATÍ,2020,5,31,1,0.0,1.0,0.0,0.0,0.0,0.0,1.0,0.0,0.0,1.595381567945146,5.478245445148,100.0,-1.7154,3.0,0.0,0.0,0.140372,29.459687260219045,137.12999999523163,83.18283598763603
MANATÍ,2020,8,34,1,0.0,1.0,0.0,0.0,0.0,0.0,1.0,0.0,0.0,1.595381567945146,5.478245445148,100.0,-1.7154,3.0,0.0,0.0,0.140372,29.73992309570314,250.9299999475479,84.88665798732212
MANATÍ,2020,9,35,1,1.0,0.0,0.0,0.0,0.0,0.0,1.0,0.0,1.0,1.595381567945146,5.478245445148,100.0,-1.7154,3.0,0.0,0.0,0.140372,28.640144784109957,201.1200004667044,87.01760537283761
MANATÍ,2020,10,36,1,0.0,0.0,0.0,1.0,0.0,0.0,1.0,0.0,1.0,1.595381567945146,5.478245445148,100.0,-1.7154,3.0,0.0,0.0,0.140372,28.42399913242887,193.1199989616871,88.87279946463448
MANATÍ,2020,11,37,1,0.0,0.0,0.0,1.0,0.0,0.0,1.0,0.0,1.0,1.595381567945146,5.478245445148,100.0,-1.7154,3.0,0.0,0.0,0.140372,28.435950578962068,130.50000083446503,91.08681542532784
MANATÍ,2020,12,38,1,0.0,0.0,0.0,1.0,0.0,0.0,1.0,0.0,0.0,1.595381567945146,5.478245445148,100.0,-1.7154,3.0,0.0,0.0,0.140372,27.724269212995274,207.16999673843384,91.06038420540946
MANATÍ,2021,7,46,1,0.0,1.0,0.0,0.0,0.0,0.0,1.0,0.0,0.0,1.595381567945146,5.478245445148,100.0,-1.7154,3.0,0.0,0.0,0.140372,28.622726876395102,245.42000132799149,85.1642826625279
MANATÍ,2021,8,47,1,1.0,0.0,0.0,0.0,0.0,0.0,1.0,0.0,0.0,1.595381567945146,5.478245445148,100.0,-1.7154,3.0,0.0,0.0,0.140372,28.33077992030554,192.149998575449,86.5943739754813
MANATÍ,2021,9,48,1,1.0,0.0,0.0,0.0,0.0,0.0,0.0,0.0,1.0,1.595381567945146,5.478245445148,100.0,-1.7154,3.0,0.0,0.0,0.140372,27.934456307547453,196.1600019931793,88.4941817692348
MANATÍ,2021,10,49,14,0.6428571428571429,0.0714285714285714,0.0,0.2857142857142857,0.0,0.0714285714285714,0.9285714285714286,0.0,0.6428571428571429,1.595381567945146,5.478245445148,100.0,-1.7154,3.0,0.0,0.0,0.140372,28.02215946742468,175.83000010252,89.37743159702846
MANATÍ,2021,11,50,15,0.2666666666666666,0.2,0.0,0.5333333333333333,0.0,0.0666666666666666,0.8666666666666667,0.0,0.4,1.595381567945146,5.478245445148,100.0,-1.7154,3.0,0.0,0.0,0.140372,28.10256565638953,168.9099989309907,89.90536635262626
MANATÍ,2021,12,51,11,0.5454545454545454,0.0,0.0,0.4545454545454545,0.0,0.0,1.0,0.0,0.3636363636363636,1.595381567945146,5.478245445148,100.0,-1.7154,3.0,0.0,0.0,0.140372,27.38429903302876,223.74000307917595,91.37009075709751
MANATÍ,2021,13,52,5,0.4,0.0,0.0,0.6,0.0,0.0,1.0,0.0,0.4,1.595381567945146,5.478245445148,100.0,,3.0,0.0,0.0,0.140372,27.71888994489399,136.10000163316727,90.292726789202
MANATÍ,2022,1,53,6,0.5,0.0,0.0,0.5,0.0,0.0,1.0,0.0,0.5,1.595381567945146,5.478245445148,100.0,36.4501,3.0,1.0,1.0,0.007998,27.45018702915738,223.6900008916855,90.61822836739675
MANATÍ,2022,2,54,4,0.75,0.0,0.0,0.25,0.0,0.0,1.0,0.0,1.0,1.595381567945146,5.478245445148,100.0,36.4501,3.0,1.0,1.0,0.007998,27.747022540752724,198.9100003838539,89.54355122492863
MANATÍ,2022,3,55,6,0.3333333333333333,0.5,0.0,0.1666666666666666,0.0,0.1666666666666666,0.8333333333333334,0.0,0.8333333333333334,1.595381567945146,5.478245445148,100.0,36.4501,3.0,1.0,1.0,0.007998,27.91344095865888,1.0,88.10164133707683
MANATÍ,2022,4,56,4,0.75,0.25,0.0,0.0,0.0,0.0,1.0,0.0,0.5,1.595381567945146,5.478245445148,100.0,36.4501,3.0,1.0,1.0,0.007998,27.89801559448244,486.3100009858608,86.78284318106515
MANATÍ,2022,5,57,11,0.6363636363636364,0.0909090909090909,0.0,0.2727272727272727,0.0,0.1818181818181818,0.8181818181818182,0.0,0.5454545454545454,1.595381567945146,5.478245445148,100.0,36.4501,3.0,1.0,1.0,0.007998,28.60197873796737,131.13999998569489,84.08463968549457
MANATÍ,2022,6,58,25,0.52,0.04,0.0,0.44,0.0,0.16,0.68,0.04,0.48,1.595381567945146,5.478245445148,100.0,36.4501,3.0,1.0,1.0,0.007998,28.700874219621955,316.18000281602144,85.20768056597028
MANATÍ,2022,7,59,24,0.5416666666666666,0.2083333333333333,0.0,0.25,0.0,0.0416666666666666,0.9166666666666666,0.0,0.5,1.595381567945146,5.478245445148,100.0,36.4501,3.0,1.0,1.0,0.007998,28.37983420235772,204.85999989509585,85.48777825491769
MANATÍ,2022,8,60,29,0.5862068965517241,0.0344827586206896,0.0,0.3793103448275862,0.0,0.0344827586206896,0.9310344827586208,0.0344827586206896,0.5172413793103449,1.595381567945146,5.478245445148,100.0,,3.0,1.0,1.0,0.007998,28.28003245762418,190.61000329256055,87.972350529262
MANATÍ,2022,9,61,16,0.6875,0.0,0.0625,0.25,0.0,0.0,1.0,0.1875,0.5,1.595381567945146,5.478245445148,100.0,-73.1535,3.0,2.0,1.0,0.007199,27.60563049316408,254.99000096321103,89.26815087454659
MANATÍ,2022,10,62,9,0.4444444444444444,0.1111111111111111,0.0,0.4444444444444444,0.0,0.0,1.0,0.1111111111111111,0.3333333333333333,1.595381567945146,5.478245445148,100.0,-73.1535,3.0,2.0,1.0,0.007199,28.046746281215142,176.11000061035156,90.61642946515764
MANATÍ,2022,11,63,1,1.0,0.0,0.0,0.0,0.0,0.0,1.0,0.0,1.0,1.595381567945146,5.478245445148,100.0,,3.0,2.0,1.0,0.007199,28.010151890346,229.27999965846536,91.5728394644601
MANATÍ,2022,12,64,2,0.0,1.0,0.0,0.0,0.0,0.0,1.0,0.0,1.0,1.595381567945146,5.478245445148,100.0,8.6821,3.0,3.0,0.0,0.106379,27.969840349469884,205.84999895095825,92.01751354762486
MANATÍ,2023,1,66,1,0.0,0.0,1.0,0.0,0.0,0.0,1.0,0.0,0.0,1.595381567945146,5.478245445148,68.15,8.6821,3.0,3.0,0.0,0.106379,27.11280157906671,217.7699983119965,90.89565249851772
MANATÍ,2023,2,67,1,1.0,0.0,0.0,0.0,0.0,0.0,1.0,0.0,0.0,1.595381567945146,5.478245445148,68.15,8.6821,3.0,3.0,0.0,0.106379,26.96003494262697,232.34000140428543,90.70969772338869
MANATÍ,2023,3,68,1,0.0,1.0,0.0,0.0,0.0,0.0,1.0,0.0,0.0,1.595381567945146,5.478245445148,68.15,8.6821,3.0,3.0,0.0,0.106379,27.562262383822752,257.5500048398972,89.20652613146552
MANATÍ,2023,5,70,1,0.0,1.0,0.0,0.0,0.0,0.0,1.0,0.0,1.0,1.595381567945146,5.478245445148,68.15,8.6821,3.0,3.0,0.0,0.106379,28.449442618233835,103.39000189304352,81.92853709629604
MANATÍ,2023,7,72,1,0.0,0.0,0.0,1.0,0.0,0.0,1.0,0.0,0.0,1.595381567945146,5.478245445148,68.15,8.6821,3.0,3.0,0.0,0.106379,28.939564732142877,442.51999974250793,83.23313413347516
MANATÍ,2023,8,73,2,0.5,0.5,0.0,0.0,0.0,0.0,1.0,0.0,0.0,1.595381567945146,5.478245445148,68.15,8.6821,3.0,3.0,0.0,0.106379,29.32299085344589,148.18000151962042,86.47595187595913
MANATÍ,2023,9,74,1,0.0,0.0,0.0,1.0,0.0,0.0,1.0,0.0,1.0,1.595381567945146,5.478245445148,68.15,8.6821,3.0,3.0,0.0,0.106379,28.670263998849062,200.55999994277957,88.89548083714077
MANATÍ,2023,12,77,1,1.0,0.0,0.0,0.0,0.0,0.0,1.0,0.0,1.0,1.595381567945146,5.478245445148,68.15,8.6821,3.0,3.0,0.0,0.106379,28.81759251185828,178.39999720454216,91.294372013637
PALMAR DE VARELA,2018,5,5,1,0.0,1.0,0.0,0.0,0.0,0.0,1.0,0.0,0.0,0.692781004963048,2.75998823289286,100.0,-3.2431,1.0,0.0,1.0,0.039992,28.001613507952037,0.6100000180304047,85.17330605643136
PALMAR DE VARELA,2018,11,11,1,0.0,0.0,0.0,1.0,0.0,0.0,1.0,0.0,0.0,0.692781004963048,2.75998823289286,100.0,-3.2431,1.0,0.0,1.0,0.039992,28.24570345197407,163.66999774053693,90.07228742327008
PALMAR DE VARELA,2018,12,12,2,0.5,0.0,0.0,0.5,0.0,0.0,0.0,0.0,0.5,0.692781004963048,2.75998823289286,100.0,-3.2431,1.0,0.0,1.0,0.039992,28.00085492815292,219.92000105977056,91.24224472045898
PALMAR DE VARELA,2018,13,13,2,0.0,0.5,0.0,0.5,0.0,0.0,1.0,0.0,0.5,0.692781004963048,2.75998823289286,100.0,-3.2431,1.0,0.0,1.0,0.039992,27.636512647356323,355.24999698996544,92.5914821624756
PALMAR DE VARELA,2019,1,14,5,0.2,0.4,0.0,0.4,0.0,0.0,0.8,0.0,0.6,0.692781004963048,2.75998823289286,99.94,-3.2431,1.0,0.0,1.0,0.039992,27.31367154802597,224.55999985337257,92.53568867274691
PALMAR DE VARELA,2019,2,15,2,0.5,0.0,0.0,0.5,0.0,0.0,1.0,0.0,0.5,0.692781004963048,2.75998823289286,99.94,-3.2431,1.0,0.0,1.0,0.039992,27.66725420270649,127.41000089980662,92.48503249032156
PALMAR DE VARELA,2019,5,18,1,1.0,0.0,0.0,0.0,0.0,0.0,1.0,0.0,1.0,0.692781004963048,2.75998823289286,99.94,-3.2431,1.0,0.0,1.0,0.039992,28.315338025774288,113.5200001001358,87.02325684683663
PALMAR DE VARELA,2019,7,20,5,0.4,0.2,0.0,0.4,0.0,0.2,0.8,0.2,0.8,0.692781004963048,2.75998823289286,99.94,-3.2431,1.0,0.0,1.0,0.039992,28.92925360543389,77.58000011742115,86.38623319353376
PALMAR DE VARELA,2019,8,21,7,0.4285714285714285,0.1428571428571428,0.0,0.4285714285714285,0.0,0.0,0.7142857142857143,0.0,0.4285714285714285,0.692781004963048,2.75998823289286,99.94,-3.2431,1.0,0.0,1.0,0.039992,28.963510676792712,306.77999838627875,86.98380415780204
PALMAR DE VARELA,2019,11,24,1,0.0,0.0,0.0,1.0,0.0,0.0,1.0,0.0,0.0,0.692781004963048,2.75998823289286,99.94,-3.2431,1.0,0.0,1.0,0.039992,28.642945861816425,187.6899995803833,90.00947380065918
PALMAR DE VARELA,2019,12,25,2,0.0,0.0,0.0,1.0,0.0,0.0,0.5,0.0,0.5,0.692781004963048,2.75998823289286,99.94,-3.2431,1.0,0.0,1.0,0.039992,28.346606554303868,281.9300002157688,91.47678211757116
PALMAR DE VARELA,2020,1,27,3,0.0,1.0,0.0,0.0,0.0,0.0,0.0,0.0,0.3333333333333333,0.692781004963048,2.75998823289286,99.89,-3.2431,1.0,0.0,1.0,0.039992,27.02068045479913,349.7800031900406,93.28910228184291
PALMAR DE VARELA,2020,2,28,11,0.2727272727272727,0.3636363636363636,0.0,0.2727272727272727,0.0909090909090909,0.1818181818181818,0.7272727272727273,0.0,0.2727272727272727,0.692781004963048,2.75998823289286,99.89,-3.2431,1.0,0.0,1.0,0.039992,27.536318533761182,343.8900002390146,92.20031465802874
PALMAR DE VARELA,2020,3,29,1,0.0,0.0,0.0,1.0,0.0,0.0,0.0,0.0,1.0,0.692781004963048,2.75998823289286,99.89,-3.2431,1.0,0.0,1.0,0.039992,28.023189435686408,246.92999997921288,91.95042092459542
PALMAR DE VARELA,2020,5,31,1,0.0,1.0,0.0,0.0,0.0,1.0,0.0,0.0,1.0,0.692781004963048,2.75998823289286,99.89,-3.2431,1.0,0.0,1.0,0.039992,28.495778111049127,110.07000000029802,86.9275482722691
PALMAR DE VARELA,2021,10,49,2,0.5,0.0,0.0,0.5,0.0,0.0,0.5,0.0,0.0,0.692781004963048,2.75998823289286,99.87,-3.2431,1.0,0.0,1.0,0.039992,27.758682686941984,256.3399994149804,89.8502630506243
PALMAR DE VARELA,2021,11,50,2,0.0,0.0,0.0,1.0,0.0,0.0,0.5,0.0,1.0,0.692781004963048,2.75998823289286,99.87,-3.2431,1.0,0.0,1.0,0.039992,27.83219680786135,256.28999857604504,90.20734569004604
PALMAR DE VARELA,2021,12,51,3,0.6666666666666666,0.0,0.0,0.3333333333333333,0.0,0.0,0.6666666666666666,0.0,0.3333333333333333,0.692781004963048,2.75998823289286,99.87,-3.2431,1.0,0.0,1.0,0.039992,27.06627971104215,444.4299968481064,92.1809504372733
PALMAR DE VARELA,2021,13,52,1,0.0,0.0,0.0,1.0,0.0,0.0,1.0,0.0,0.0,0.692781004963048,2.75998823289286,99.87,,1.0,0.0,1.0,0.039992,27.494847324916314,286.88999949768186,91.87890815734865
PALMAR DE VARELA,2022,1,53,1,0.0,1.0,0.0,0.0,0.0,0.0,1.0,0.0,1.0,0.692781004963048,2.75998823289286,99.97,5.5332,1.0,1.0,0.0,0.077185,27.23587842668808,229.4100041091442,92.53723880222866
PALMAR DE VARELA,2022,4,56,2,0.0,0.0,0.0,1.0,0.0,0.0,0.0,0.0,0.0,0.692781004963048,2.75998823289286,99.97,5.5332,1.0,1.0,0.0,0.077185,27.655596487862745,198.44000286608932,88.90255928039551
PALMAR DE VARELA,2022,8,60,4,0.5,0.5,0.0,0.0,0.0,0.0,0.75,0.0,0.25,0.692781004963048,2.75998823289286,99.97,5.5332,1.0,1.0,0.0,0.077185,28.117976488385903,250.3299985527992,89.33318219866071
PALMAR DE VARELA,2022,9,61,1,1.0,0.0,0.0,0.0,0.0,0.0,1.0,0.0,0.0,0.692781004963048,2.75998823289286,99.97,5.5332,1.0,1.0,0.0,0.077185,27.56977506365097,458.11999917030334,90.2689961024693
PALMAR DE VARELA,2022,11,63,1,0.0,0.0,0.0,1.0,0.0,0.0,0.0,0.0,0.0,0.692781004963048,2.75998823289286,99.97,5.5332,1.0,1.0,0.0,0.077185,27.826814814976306,455.23000079393387,91.4168300628662
PALMAR DE VARELA,2022,12,64,5,0.4,0.6,0.0,0.0,0.0,0.0,0.6,0.2,0.4,0.692781004963048,2.75998823289286,99.97,5.5332,1.0,1.0,0.0,0.077185,27.71391067504885,368.80999743938446,92.55728585379464
PALMAR DE VARELA,2022,13,65,2,1.0,0.0,0.0,0.0,0.0,0.0,1.0,0.0,1.0,0.692781004963048,2.75998823289286,99.97,5.5332,1.0,1.0,0.0,0.077185,27.001495797293547,350.79999828338623,92.991455078125
PALMAR DE VARELA,2023,1,66,4,0.5,0.25,0.0,0.25,0.0,0.25,0.5,0.0,0.5,0.692781004963048,2.75998823289286,99.79,5.5332,1.0,1.0,0.0,0.077185,26.851080649239695,387.0000026226044,93.53513281685966
PALMAR DE VARELA,2023,2,67,3,0.3333333333333333,0.0,0.0,0.6666666666666666,0.0,0.0,0.3333333333333333,0.0,0.6666666666666666,0.692781004963048,2.75998823289286,99.79,5.5332,1.0,1.0,0.0,0.077185,26.656630815778477,324.09999710321426,93.2533152444022
PALMAR DE VARELA,2023,3,68,1,0.0,1.0,0.0,0.0,0.0,0.0,1.0,0.0,1.0,0.692781004963048,2.75998823289286,99.79,5.5332,1.0,1.0,0.0,0.077185,27.22359934839711,56.550000943243504,90.96677109290812
PALMAR DE VARELA,2023,4,69,4,0.25,0.25,0.0,0.5,0.0,0.0,0.75,0.0,0.25,0.692781004963048,2.75998823289286,99.79,5.5332,1.0,1.0,0.0,0.077185,27.62637209211079,60.13999983668327,89.40988404410226
PALMAR DE VARELA,2023,5,70,5,0.6,0.0,0.0,0.4,0.0,0.0,0.4,0.0,0.2,0.692781004963048,2.75998823289286,99.79,5.5332,1.0,1.0,0.0,0.077185,27.76699763706754,16.0,84.86038943699428
PALMAR DE VARELA,2023,6,71,1,0.0,0.0,0.0,1.0,0.0,0.0,1.0,0.0,0.0,0.692781004963048,2.75998823289286,99.79,5.5332,1.0,1.0,0.0,0.077185,27.914829690115816,97.37000115215778,87.6929566519601
PALMAR DE VARELA,2023,7,72,1,1.0,0.0,0.0,0.0,0.0,0.0,0.0,0.0,0.0,0.692781004963048,2.75998823289286,99.79,5.5332,1.0,1.0,0.0,0.077185,28.518934413364978,178.73999901115894,85.33830860682896
PALMAR DE VARELA,2023,8,73,3,0.3333333333333333,0.3333333333333333,0.0,0.3333333333333333,0.0,0.0,1.0,0.0,0.6666666666666666,0.692781004963048,2.75998823289286,99.79,5.5332,1.0,1.0,0.0,0.077185,28.926784406389533,195.2199979573488,88.12150246756417
PALMAR DE VARELA,2023,9,74,2,0.0,0.0,0.0,1.0,0.0,0.0,0.5,0.0,0.0,0.692781004963048,2.75998823289286,99.79,5.5332,1.0,1.0,0.0,0.077185,28.595324271065863,404.340000718832,89.94225393022809
PALMAR DE VARELA,2023,10,75,4,0.75,0.0,0.0,0.25,0.0,0.75,0.25,0.0,0.5,0.692781004963048,2.75998823289286,99.79,5.5332,1.0,1.0,0.0,0.077185,28.851243591308613,277.4099989831448,89.80624880109515
PALMAR DE VARELA,2023,11,76,2,0.5,0.0,0.0,0.5,0.0,0.0,1.0,0.0,0.5,0.692781004963048,2.75998823289286,99.79,5.5332,1.0,1.0,0.0,0.077185,29.15048206874304,166.2799997162074,90.49805750165667
PALMAR DE VARELA,2023,12,77,1,0.0,1.0,0.0,0.0,0.0,0.0,0.0,0.0,1.0,0.692781004963048,2.75998823289286,99.79,5.5332,1.0,1.0,0.0,0.077185,28.411377389090426,226.630000770092,92.20727729797365
PIOJÓ,2018,5,5,1,0.0,1.0,0.0,0.0,0.0,0.0,0.0,0.0,0.0,3.430433480718549,7.954901154354912,97.18,-4.5358,1.0,0.0,1.0,0.002799,27.394886069323043,0.8266666715067839,82.16386698162744
PIOJÓ,2018,6,6,6,0.3333333333333333,0.5,0.0,0.1666666666666666,0.0,0.0,0.5,0.0,0.5,3.430433480718549,7.954901154354912,97.18,-4.5358,1.0,0.0,1.0,0.002799,27.645688891536995,10.322777859452696,85.97383754467839
PIOJÓ,2020,3,29,2,1.0,0.0,0.0,0.0,0.0,0.0,0.0,0.0,1.0,3.430433480718549,7.954901154354912,96.16,-4.5358,1.0,0.0,1.0,0.002799,27.78595581458362,55.04888883398638,90.51338800299104
PIOJÓ,2020,4,30,4,0.5,0.25,0.0,0.25,0.0,0.25,0.0,0.0,0.5,3.430433480718549,7.954901154354912,96.16,-4.5358,1.0,0.0,1.0,0.002799,27.747853927394964,10.842222193325007,85.29571502772492
PIOJÓ,2021,1,40,1,0.0,0.0,0.0,1.0,0.0,0.0,1.0,0.0,1.0,3.430433480718549,7.954901154354912,97.6,-4.5358,1.0,0.0,1.0,0.002799,26.077893506408397,218.4494468989196,92.6243603216908
PIOJÓ,2021,2,41,1,1.0,0.0,0.0,0.0,0.0,0.0,1.0,0.0,1.0,3.430433480718549,7.954901154354912,97.6,-4.5358,1.0,0.0,1.0,0.002799,26.699108620295476,80.56888872605782,91.18498161356284
PIOJÓ,2021,3,42,1,0.0,0.0,0.0,1.0,0.0,0.0,1.0,0.0,0.0,3.430433480718549,7.954901154354912,97.6,-4.5358,1.0,0.0,1.0,0.002799,26.61024797227649,14.333333333333332,89.0801259500009
PIOJÓ,2021,10,49,4,0.25,0.0,0.0,0.75,0.0,0.0,0.75,0.0,0.25,3.430433480718549,7.954901154354912,97.6,-4.5358,1.0,0.0,1.0,0.002799,27.110389943602247,183.90944488512145,91.13469949348894
PIOJÓ,2021,11,50,2,0.0,0.0,0.0,1.0,0.0,0.0,1.0,0.0,0.5,3.430433480718549,7.954901154354912,97.6,-4.5358,1.0,0.0,1.0,0.002799,27.1504985587307,181.83166646764235,91.17861703337816
PIOJÓ,2021,12,51,1,0.0,1.0,0.0,0.0,0.0,0.0,1.0,0.0,0.0,3.430433480718549,7.954901154354912,97.6,-4.5358,1.0,0.0,1.0,0.002799,26.497371705877743,316.5605541622197,93.5902804218272
PIOJÓ,2022,3,55,1,0.0,0.0,0.0,1.0,0.0,0.0,1.0,0.0,0.0,3.430433480718549,7.954901154354912,98.46,-4.5358,1.0,0.0,1.0,0.002799,26.79310487346889,0.3333333333333333,88.2550840024595
PIOJÓ,2022,5,57,2,0.5,0.0,0.0,0.5,0.0,0.0,1.0,0.0,0.0,3.430433480718549,7.954901154354912,98.46,-4.5358,1.0,0.0,1.0,0.002799,27.41503043603647,28.445555834858503,84.21111749719691
PIOJÓ,2022,6,58,3,0.0,0.0,0.0,1.0,0.0,0.0,1.0,0.3333333333333333,0.0,3.430433480718549,7.954901154354912,98.46,-4.5358,1.0,0.0,1.0,0.002799,27.848957881221093,88.43166711843676,85.72499887779277
PIOJÓ,2022,7,59,1,0.0,0.0,0.0,1.0,0.0,0.0,1.0,0.0,0.0,3.430433480718549,7.954901154354912,98.46,-4.5358,1.0,0.0,1.0,0.002799,27.765870444484516,155.10722270332002,86.6733494511357
PIOJÓ,2022,10,62,1,0.0,1.0,0.0,0.0,0.0,0.0,1.0,0.0,1.0,3.430433480718549,7.954901154354912,98.46,-4.5358,1.0,0.0,1.0,0.002799,27.17885970261995,229.57611023717456,92.79918637351383
PIOJÓ,2022,13,65,2,1.0,0.0,0.0,0.0,0.0,0.0,1.0,0.0,1.0,3.430433480718549,7.954901154354912,98.46,,1.0,1.0,1.0,0.003599,26.351248435368635,234.15388817257352,93.75606476314483
PIOJÓ,2023,7,72,2,1.0,0.0,0.0,0.0,0.0,0.0,1.0,0.0,1.0,3.430433480718549,7.954901154354912,97.39,21.3043,1.0,1.0,1.0,0.003599,27.788902981066848,126.3227791764118,83.97815084709691
PIOJÓ,2023,8,73,3,0.6666666666666666,0.0,0.0,0.3333333333333333,0.0,0.0,1.0,0.0,1.0,3.430433480718549,7.954901154354912,97.39,21.3043,1.0,1.0,1.0,0.003599,28.32705711889522,114.24944366542276,88.11513695893464
PIOJÓ,2023,9,74,6,0.5,0.1666666666666666,0.0,0.3333333333333333,0.0,0.0,0.8333333333333334,0.1666666666666666,0.8333333333333334,3.430433480718549,7.954901154354912,97.39,21.3043,1.0,1.0,1.0,0.003599,27.914337674902885,224.2749998746095,90.987529835373
PIOJÓ,2023,10,75,19,0.4736842105263157,0.0526315789473684,0.0,0.4736842105263157,0.0,0.0,1.0,0.0,0.5263157894736842,3.430433480718549,7.954901154354912,97.39,21.3043,1.0,1.0,1.0,0.003599,28.11387597139552,205.4372223461116,91.24524030735884
PIOJÓ,2023,12,77,3,0.3333333333333333,0.0,0.0,0.6666666666666666,0.0,0.0,1.0,0.0,0.6666666666666666,3.430433480718549,7.954901154354912,97.39,21.3043,1.0,1.0,1.0,0.003599,27.87037484305248,176.69611180546107,92.9046254940134
PIOJÓ,2023,13,78,3,1.0,0.0,0.0,0.0,0.0,0.0,0.3333333333333333,0.0,1.0,3.430433480718549,7.954901154354912,97.39,21.3043,1.0,1.0,1.0,0.003599,27.82638906246772,195.39222374724017,93.68723576661772
POLONUEVO,2018,1,1,2,0.5,0.5,0.0,0.0,0.0,0.0,1.0,0.0,0.0,0.058357962997487,10.99447512538042,99.94,49.3,2.0,0.0,0.0,0.064387,27.471898469470823,295.1900004297495,92.89490863255092
POLONUEVO,2018,2,2,1,0.0,1.0,0.0,0.0,0.0,0.0,1.0,0.0,1.0,0.058357962997487,10.99447512538042,99.94,49.3,2.0,0.0,0.0,0.064387,26.943253544398743,283.0499995946884,93.52446601504371
POLONUEVO,2018,5,5,1,0.0,0.0,0.0,1.0,0.0,0.0,0.0,0.0,1.0,0.058357962997487,10.99447512538042,99.94,49.3,2.0,0.0,0.0,0.064387,27.676567331949894,0.6100000180304047,83.87948699224562
POLONUEVO,2018,6,6,5,0.2,0.0,0.0,0.8,0.0,0.0,0.2,0.0,0.4,0.058357962997487,10.99447512538042,99.94,49.3,2.0,0.0,0.0,0.064387,27.946842629568938,8.770000176504254,86.85425885518393
POLONUEVO,2018,7,7,14,0.2142857142857142,0.0714285714285714,0.0,0.7142857142857143,0.0,0.0,0.6428571428571429,0.0,0.8571428571428571,0.058357962997487,10.99447512538042,99.94,,2.0,0.0,0.0,0.064387,28.139236886160734,90.41000029072164,86.78249404543922
POLONUEVO,2018,8,8,6,0.1666666666666666,0.0,0.0,0.8333333333333334,0.0,0.0,0.5,0.0,0.5,0.058357962997487,10.99447512538042,99.94,-4.8631,2.0,1.0,1.0,0.010398,27.600575474330384,324.8399974703789,90.2455145517985
POLONUEVO,2018,9,9,11,0.3636363636363636,0.0909090909090909,0.0,0.5454545454545454,0.0,0.0,0.6363636363636364,0.0,0.7272727272727273,0.058357962997487,10.99447512538042,99.94,-4.8631,2.0,1.0,1.0,0.010398,27.93383977980843,273.3600022494793,90.53216743469238
POLONUEVO,2018,10,10,21,0.5238095238095238,0.0952380952380952,0.0,0.3809523809523809,0.0,0.0,0.4761904761904761,0.0476190476190476,0.4761904761904761,0.058357962997487,10.99447512538042,99.94,-4.8631,2.0,1.0,1.0,0.010398,27.947745441255137,116.70000003650784,89.71098836263022
POLONUEVO,2018,11,11,61,0.5245901639344263,0.1147540983606557,0.0,0.360655737704918,0.0,0.0163934426229508,0.7213114754098361,0.0,0.4262295081967213,0.058357962997487,10.99447512538042,99.94,-4.8631,2.0,1.0,1.0,0.010398,27.976619611467655,163.66999774053693,90.57403573535736
POLONUEVO,2018,12,12,59,0.5423728813559322,0.0847457627118644,0.0,0.3728813559322034,0.0,0.0169491525423728,0.5423728813559322,0.0169491525423728,0.576271186440678,0.058357962997487,10.99447512538042,99.94,-4.8631,2.0,1.0,1.0,0.010398,27.74906002226332,219.92000105977056,91.730681010655
POLONUEVO,2018,13,13,18,0.3333333333333333,0.1111111111111111,0.0,0.5555555555555556,0.0,0.0,0.4444444444444444,0.0,0.7222222222222222,0.058357962997487,10.99447512538042,99.94,-4.8631,2.0,1.0,1.0,0.010398,27.391437239874,355.24999698996544,93.1111036936442
POLONUEVO,2019,1,14,10,0.7,0.0,0.0,0.3,0.0,0.0,0.5,0.0,0.6,0.058357962997487,10.99447512538042,99.02,-4.8631,2.0,1.0,1.0,0.010398,27.068344552176363,224.55999985337257,92.78750219799224
POLONUEVO,2019,2,15,2,0.0,0.5,0.0,0.5,0.0,0.0,1.0,0.0,0.5,0.058357962997487,10.99447512538042,99.02,-4.8631,2.0,1.0,1.0,0.010398,27.408141617547923,127.41000089980662,92.59800792875744
POLONUEVO,2019,3,16,1,0.0,0.0,0.0,1.0,0.0,0.0,1.0,0.0,0.0,0.058357962997487,10.99447512538042,99.02,-4.8631,2.0,1.0,1.0,0.010398,27.39714039393836,2.510000050067901,89.61531366620746
POLONUEVO,2019,4,17,2,0.5,0.0,0.0,0.5,0.0,0.0,0.0,0.0,0.5,0.058357962997487,10.99447512538042,99.02,-4.8631,2.0,1.0,1.0,0.010398,27.321514647034416,118.41000193357468,88.17017706509294
POLONUEVO,2019,5,18,5,0.2,0.4,0.0,0.4,0.0,0.0,0.6,0.0,0.6,0.058357962997487,10.99447512538042,99.02,-4.8631,2.0,1.0,1.0,0.010398,27.99018158685596,113.5200001001358,86.20311464582171
POLONUEVO,2019,6,19,5,0.6,0.2,0.0,0.2,0.0,0.0,0.6,0.0,0.8,0.058357962997487,10.99447512538042,99.02,-4.8631,2.0,1.0,1.0,0.010398,28.06223885672436,41.63000022247434,85.19889540899366
POLONUEVO,2019,7,20,7,0.4285714285714285,0.1428571428571428,0.0,0.4285714285714285,0.0,0.0,0.7142857142857143,0.0,0.4285714285714285,0.058357962997487,10.99447512538042,99.02,-4.8631,2.0,1.0,1.0,0.010398,28.592641267322385,77.58000011742115,86.0287981487456
POLONUEVO,2019,8,21,35,0.4857142857142857,0.2,0.0,0.3142857142857143,0.0,0.0,0.8571428571428571,0.0571428571428571,0.5142857142857142,0.058357962997487,10.99447512538042,99.02,-4.8631,2.0,1.0,1.0,0.010398,28.641248321533222,306.77999838627875,86.98052842276437
POLONUEVO,2019,9,22,34,0.5,0.2058823529411764,0.0,0.2941176470588235,0.0,0.0294117647058823,0.6470588235294118,0.0,0.4117647058823529,0.058357962997487,10.99447512538042,99.02,-4.8631,2.0,1.0,1.0,0.010398,28.00721257527672,300.1600031852722,90.36418932960149
POLONUEVO,2019,10,23,4,0.25,0.0,0.0,0.5,0.25,0.0,0.75,0.0,0.5,0.058357962997487,10.99447512538042,99.02,-4.8631,2.0,1.0,1.0,0.010398,28.612988862537215,136.60000302642584,88.3549246106829
POLONUEVO,2019,11,24,5,0.6,0.4,0.0,0.0,0.0,0.0,0.6,0.0,0.4,0.058357962997487,10.99447512538042,99.02,-4.8631,2.0,1.0,1.0,0.010398,28.37413141159787,187.6899995803833,90.50528462727866
POLONUEVO,2019,12,25,1,1.0,0.0,0.0,0.0,0.0,0.0,1.0,0.0,1.0,0.058357962997487,10.99447512538042,99.02,-4.8631,2.0,1.0,1.0,0.010398,28.090278516496955,281.9300002157688,92.03858457292829
POLONUEVO,2019,13,26,5,0.2,0.2,0.0,0.6,0.0,0.0,0.8,0.0,0.6,0.058357962997487,10.99447512538042,99.02,-4.8631,2.0,1.0,1.0,0.010398,27.376613689604287,277.7299993038177,93.16921969822477
POLONUEVO,2020,1,27,6,0.3333333333333333,0.5,0.0,0.1666666666666666,0.0,0.0,0.6666666666666666,0.0,0.1666666666666666,0.058357962997487,10.99447512538042,98.42,-4.8631,2.0,1.0,1.0,0.010398,26.783913094656832,349.7800031900406,93.74557377043224
POLONUEVO,2020,2,28,1,0.0,1.0,0.0,0.0,0.0,1.0,0.0,0.0,1.0,0.058357962997487,10.99447512538042,98.42,-4.8631,2.0,1.0,1.0,0.010398,27.28531145368306,343.8900002390146,92.24048478262765
POLONUEVO,2020,3,29,1,0.0,1.0,0.0,0.0,0.0,0.0,1.0,0.0,1.0,0.058357962997487,10.99447512538042,98.42,-4.8631,2.0,1.0,1.0,0.010398,27.74950688680015,246.92999997921288,91.95012637547084
POLONUEVO,2020,5,31,1,1.0,0.0,0.0,0.0,0.0,0.0,1.0,0.0,1.0,0.058357962997487,10.99447512538042,98.42,-4.8631,2.0,1.0,1.0,0.010398,28.170231846400693,110.07000000029802,86.0709335690453
POLONUEVO,2020,6,32,1,0.0,0.0,0.0,1.0,0.0,0.0,1.0,0.0,1.0,0.058357962997487,10.99447512538042,98.42,-4.8631,2.0,1.0,1.0,0.010398,27.987215932210315,102.80000001192091,84.94413357689267
POLONUEVO,2020,7,33,1,0.0,0.0,0.0,1.0,0.0,0.0,0.0,0.0,1.0,0.058357962997487,10.99447512538042,98.42,-4.8631,2.0,1.0,1.0,0.010398,28.747697812035,78.43000086024404,85.79170281546456
POLONUEVO,2020,10,36,2,0.0,0.5,0.0,0.0,0.5,0.0,0.0,0.0,0.0,0.058357962997487,10.99447512538042,98.42,-4.8631,2.0,1.0,1.0,0.010398,27.800210752941336,298.90000095777214,90.0553991226923
POLONUEVO,2021,8,47,2,1.0,0.0,0.0,0.0,0.0,0.0,1.0,0.0,0.5,0.058357962997487,10.99447512538042,99.42,-4.8631,2.0,1.0,1.0,0.010398,27.81607226417181,194.6500039994717,88.04264168512255
POLONUEVO,2021,9,48,3,0.3333333333333333,0.0,0.0,0.6666666666666666,0.0,0.0,1.0,0.0,0.3333333333333333,0.058357962997487,10.99447512538042,99.42,-4.8631,2.0,1.0,1.0,0.010398,27.57473017374677,366.9700001478195,89.68864849635533
POLONUEVO,2021,10,49,8,0.5,0.375,0.0,0.125,0.0,0.125,0.5,0.0,0.5,0.058357962997487,10.99447512538042,99.42,-4.8631,2.0,1.0,1.0,0.010398,27.484702228364515,256.3399994149804,90.51721309480212
POLONUEVO,2021,11,50,6,0.6666666666666666,0.1666666666666666,0.0,0.1666666666666666,0.0,0.1666666666666666,0.6666666666666666,0.0,0.5,0.058357962997487,10.99447512538042,99.42,-4.8631,2.0,1.0,1.0,0.010398,27.571433003743515,256.28999857604504,90.71291451227098
POLONUEVO,2021,12,51,3,0.6666666666666666,0.0,0.0,0.3333333333333333,0.0,0.0,1.0,0.0,0.6666666666666666,0.058357962997487,10.99447512538042,99.42,-4.8631,2.0,1.0,1.0,0.010398,26.82805695306689,444.4299968481064,92.88007945106143
POLONUEVO,2021,13,52,5,0.4,0.2,0.0,0.2,0.2,0.0,0.6,0.0,0.4,0.058357962997487,10.99447512538042,99.42,-4.8631,2.0,1.0,1.0,0.010398,27.25539605276928,286.88999949768186,92.17960030691964
POLONUEVO,2022,1,53,3,0.6666666666666666,0.0,0.0,0.0,0.3333333333333333,0.0,1.0,0.0,1.0,0.058357962997487,10.99447512538042,99.54,-4.8631,2.0,1.0,1.0,0.010398,26.9870304652623,229.4100041091442,92.65958431788852
POLONUEVO,2022,4,56,3,0.3333333333333333,0.6666666666666666,0.0,0.0,0.0,0.0,1.0,0.0,1.0,0.058357962997487,10.99447512538042,99.54,-4.8631,2.0,1.0,1.0,0.010398,27.34592190697082,198.44000286608932,88.31370026724679
POLONUEVO,2022,5,57,2,0.0,0.0,0.0,1.0,0.0,0.0,0.5,0.0,0.5,0.058357962997487,10.99447512538042,99.54,-4.8631,2.0,1.0,1.0,0.010398,27.81755836123514,83.33000010251999,85.49514062064034
POLONUEVO,2022,6,58,1,0.0,0.0,0.0,1.0,0.0,0.0,1.0,0.0,0.0,0.058357962997487,10.99447512538042,99.54,-4.8631,2.0,1.0,1.0,0.010398,28.29507871355332,158.99000097066164,86.42711702982584
POLONUEVO,2022,7,59,3,0.3333333333333333,0.0,0.0,0.6666666666666666,0.0,0.0,1.0,0.0,0.3333333333333333,0.058357962997487,10.99447512538042,99.54,-4.8631,2.0,1.0,1.0,0.010398,28.074566141764343,227.59000140428543,87.82586588178363
POLONUEVO,2022,8,60,2,1.0,0.0,0.0,0.0,0.0,0.0,1.0,0.0,0.5,0.058357962997487,10.99447512538042,99.54,-4.8631,2.0,1.0,1.0,0.010398,27.8072205316453,250.3299985527992,89.95927819751557
POLONUEVO,2022,9,61,1,1.0,0.0,0.0,0.0,0.0,0.0,1.0,0.0,0.0,0.058357962997487,10.99447512538042,99.54,-4.8631,2.0,1.0,1.0,0.010398,27.273820132300997,458.11999917030334,91.1754056839716
POLONUEVO,2022,10,62,3,0.0,1.0,0.0,0.0,0.0,0.0,0.6666666666666666,0.0,0.3333333333333333,0.058357962997487,10.99447512538042,99.54,-4.8631,2.0,1.0,1.0,0.010398,27.67352538335893,308.3199996352196,91.64520763215565
POLONUEVO,2022,11,63,1,0.0,0.0,0.0,0.0,1.0,0.0,0.0,0.0,1.0,0.058357962997487,10.99447512538042,99.54,-4.8631,2.0,1.0,1.0,0.010398,27.567486426943848,455.23000079393387,92.25032306852796
POLONUEVO,2022,12,64,5,0.0,0.6,0.0,0.4,0.0,0.0,0.4,0.0,0.6,0.058357962997487,10.99447512538042,99.54,-4.8631,2.0,1.0,1.0,0.010398,27.452518172491185,368.80999743938446,93.36720030648368
POLONUEVO,2022,13,65,2,0.0,1.0,0.0,0.0,0.0,0.0,0.5,0.0,1.0,0.058357962997487,10.99447512538042,99.54,-4.8631,2.0,1.0,1.0,0.010398,26.75974353608633,350.79999828338623,93.59462492806573
POLONUEVO,2023,1,66,1,0.0,0.0,0.0,1.0,0.0,0.0,0.0,0.0,1.0,0.058357962997487,10.99447512538042,99.64,,2.0,1.0,1.0,0.010398,26.602714974539648,387.0000026226044,94.035311290196
POLONUEVO,2023,6,71,1,0.0,0.0,0.0,1.0,0.0,0.0,1.0,0.0,1.0,0.058357962997487,10.99447512538042,99.64,14.9273,2.0,2.0,0.0,0.157568,27.58262550717311,97.37000115215778,87.40329043070474
POLONUEVO,2023,7,72,4,0.25,0.5,0.0,0.25,0.0,0.0,0.75,0.0,0.5,0.058357962997487,10.99447512538042,99.64,14.9273,2.0,2.0,0.0,0.157568,28.185419791085405,178.73999901115894,84.7242285410563
POLONUEVO,2023,8,73,4,0.0,0.25,0.0,0.75,0.0,0.0,0.75,0.0,0.5,0.058357962997487,10.99447512538042,99.64,14.9273,2.0,2.0,0.0,0.157568,28.6042791820708,195.2199979573488,88.42553992498488
POLONUEVO,2023,10,75,1,0.0,1.0,0.0,0.0,0.0,0.0,0.0,0.0,1.0,0.058357962997487,10.99447512538042,99.64,14.9273,2.0,2.0,0.0,0.157568,28.561841401599725,277.4099989831448,90.47567085992723
POLONUEVO,2023,13,78,2,0.0,0.5,0.0,0.5,0.0,0.0,0.5,0.0,1.0,0.058357962997487,10.99447512538042,99.64,14.9273,2.0,2.0,0.0,0.157568,28.145364198230585,275.6600003838539,93.4827762785412
PONEDERA,2018,2,2,1,0.0,1.0,0.0,0.0,0.0,0.0,1.0,0.0,1.0,0.099086398790624,5.083966367469738,98.25,7.0627,4.0,0.0,1.0,0.008398,27.20435649326871,237.2700015157461,94.40979712350028
PONEDERA,2018,10,10,1,0.0,1.0,0.0,0.0,0.0,0.0,1.0,0.0,1.0,0.099086398790624,5.083966367469738,98.25,7.0627,4.0,0.0,1.0,0.008398,28.35659343174527,98.51500085741282,90.38801165989469
PONEDERA,2018,12,12,4,0.5,0.25,0.0,0.25,0.0,0.0,0.75,0.0,0.25,0.099086398790624,5.083966367469738,98.25,7.0627,4.0,0.0,1.0,0.008398,28.04569124494282,181.7050011754036,92.60028266906738
PONEDERA,2019,1,14,3,0.6666666666666666,0.0,0.0,0.3333333333333333,0.0,0.0,1.0,0.0,1.0,0.099086398790624,5.083966367469738,97.43,7.0627,4.0,0.0,1.0,0.008398,27.170149012974345,196.20499767363071,94.14706747872488
PONEDERA,2019,2,15,3,0.6666666666666666,0.0,0.0,0.3333333333333333,0.0,0.0,1.0,0.0,0.3333333333333333,0.099086398790624,5.083966367469738,97.43,7.0627,4.0,0.0,1.0,0.008398,27.722782570975188,113.25000203587116,93.85370472499302
PONEDERA,2019,3,16,2,0.5,0.0,0.0,0.5,0.0,0.5,0.5,0.0,0.0,0.099086398790624,5.083966367469738,97.43,7.0627,4.0,0.0,1.0,0.008398,27.80914186750141,2.6499999966472383,92.07212339128766
PONEDERA,2019,7,20,3,0.3333333333333333,0.3333333333333333,0.0,0.3333333333333333,0.0,0.0,1.0,0.0,0.0,0.099086398790624,5.083966367469738,97.43,7.0627,4.0,0.0,1.0,0.008398,29.028952898298005,83.40000000409782,87.50810732160296
PONEDERA,2019,8,21,1,0.0,0.0,0.0,1.0,0.0,0.0,1.0,0.0,0.0,0.099086398790624,5.083966367469738,97.43,7.0627,4.0,0.0,1.0,0.008398,28.8842232840402,285.2949978001416,88.34640911647251
PONEDERA,2019,9,22,2,0.0,1.0,0.0,0.0,0.0,0.0,0.5,0.0,0.5,0.099086398790624,5.083966367469738,97.43,7.0627,4.0,0.0,1.0,0.008398,28.1601021902902,249.8500052690506,91.03164999825614
PONEDERA,2019,10,23,8,0.375,0.25,0.0,0.375,0.0,0.0,0.625,0.0,0.625,0.099086398790624,5.083966367469738,97.43,7.0627,4.0,0.0,1.0,0.008398,29.059995269775406,127.28500178456308,89.42008290972028
PONEDERA,2019,11,24,4,0.25,0.25,0.0,0.5,0.0,0.0,0.75,0.0,0.5,0.099086398790624,5.083966367469738,97.43,7.0627,4.0,0.0,1.0,0.008398,28.74573832920621,170.30500146746635,91.1356713431222
PONEDERA,2019,12,25,14,0.5,0.1428571428571428,0.0,0.3571428571428571,0.0,0.0,0.7857142857142857,0.0,0.2857142857142857,0.099086398790624,5.083966367469738,97.43,7.0627,4.0,0.0,1.0,0.008398,28.35841358729773,250.5999969393015,92.80257851736886
PONEDERA,2019,13,26,16,0.375,0.125,0.0,0.5,0.0,0.125,0.625,0.0,0.5625,0.099086398790624,5.083966367469738,97.43,,4.0,0.0,1.0,0.008398,27.459989166259785,241.19999939203265,94.27027239118304
PONEDERA,2020,1,27,12,0.0833333333333333,0.0833333333333333,0.0,0.8333333333333334,0.0,0.0833333333333333,0.5833333333333334,0.0,0.5,0.099086398790624,5.083966367469738,99.01,-8.2632,4.0,1.0,1.0,0.010798,26.811699894496392,277.7100024223328,95.044038772583
PONEDERA,2020,2,28,10,0.5,0.1,0.0,0.4,0.0,0.1,0.6,0.0,0.3,0.099086398790624,5.083966367469738,99.01,-8.2632,4.0,1.0,1.0,0.010798,27.452875845772898,329.1149999462068,93.9213913508824
PONEDERA,2020,3,29,1,0.0,0.0,0.0,1.0,0.0,1.0,0.0,0.0,0.0,0.099086398790624,5.083966367469738,99.01,-8.2632,4.0,1.0,1.0,0.010798,28.061933135986347,242.80999974161384,93.48683112008231
PONEDERA,2020,5,31,1,0.0,0.0,0.0,1.0,0.0,0.0,1.0,0.0,0.0,0.099086398790624,5.083966367469738,99.01,-8.2632,4.0,1.0,1.0,0.010798,28.67499149867468,97.57999999821186,88.54412378583636
PONEDERA,2020,10,36,1,0.0,0.0,0.0,1.0,0.0,0.0,1.0,0.0,0.0,0.099086398790624,5.083966367469738,99.01,-8.2632,4.0,1.0,1.0,0.010798,28.151146915980767,249.4700049739331,90.54910060337612
PONEDERA,2020,13,39,1,1.0,0.0,0.0,0.0,0.0,0.0,0.0,0.0,0.0,0.099086398790624,5.083966367469738,99.01,-8.2632,4.0,1.0,1.0,0.010798,27.193300955636182,338.03000020980835,94.29651505606516
PONEDERA,2020,14,40,1,1.0,0.0,0.0,0.0,0.0,0.0,1.0,0.0,0.0,0.099086398790624,5.083966367469738,99.01,,,,,,26.644193267822285,365.5449991226196,94.4751134599958
PONEDERA,2021,8,47,2,0.5,0.5,0.0,0.0,0.0,0.0,1.0,0.0,1.0,0.099086398790624,5.083966367469738,97.91,-8.2632,4.0,1.0,1.0,0.010798,28.19414781842915,181.09000113606453,89.05307170322963
PONEDERA,2021,9,48,1,0.0,1.0,0.0,0.0,0.0,0.0,1.0,0.0,0.0,0.099086398790624,5.083966367469738,97.91,-8.2632,4.0,1.0,1.0,0.010798,27.84213136945454,287.5549975633621,90.32402556283134
PONEDERA,2021,10,49,1,1.0,0.0,0.0,0.0,0.0,0.0,1.0,0.0,0.0,0.099086398790624,5.083966367469738,97.91,-8.2632,4.0,1.0,1.0,0.010798,27.75687125069756,223.43999862670896,91.11276054382324
PONEDERA,2021,12,51,3,0.3333333333333333,0.3333333333333333,0.0,0.3333333333333333,0.0,0.0,1.0,0.3333333333333333,0.3333333333333333,0.099086398790624,5.083966367469738,97.91,-8.2632,4.0,1.0,1.0,0.010798,26.91327274867469,373.8049983382225,93.82828603472028
PONEDERA,2021,13,52,2,0.5,0.5,0.0,0.0,0.0,0.5,0.0,0.0,0.5,0.099086398790624,5.083966367469738,97.91,,4.0,1.0,1.0,0.010798,27.27746625627792,229.04999762773517,93.7781502859933
PONEDERA,2022,2,54,1,0.0,1.0,0.0,0.0,0.0,0.0,1.0,0.0,1.0,0.099086398790624,5.083966367469738,98.25,19.5551,4.0,2.0,1.0,0.015197,27.740318650465763,78.53500001877546,92.85917810293344
PONEDERA,2022,7,59,5,0.4,0.2,0.0,0.4,0.0,0.0,0.8,0.0,0.2,0.099086398790624,5.083966367469738,98.25,19.5551,4.0,2.0,1.0,0.015197,28.45518319266185,217.74000072479248,88.80496951511928
PONEDERA,2022,8,60,3,0.3333333333333333,0.3333333333333333,0.0,0.3333333333333333,0.0,0.0,1.0,0.0,0.6666666666666666,0.099086398790624,5.083966367469738,98.25,19.5551,4.0,2.0,1.0,0.015197,28.046779523577023,211.0300006270409,90.56417846679688
PONEDERA,2022,9,61,4,0.25,0.75,0.0,0.0,0.0,0.25,0.75,0.25,0.75,0.099086398790624,5.083966367469738,98.25,19.5551,4.0,2.0,1.0,0.015197,27.478389086042142,380.80000138282776,91.5429927280971
PONEDERA,2022,10,62,6,0.1666666666666666,0.5,0.0,0.1666666666666666,0.1666666666666666,0.0,0.8333333333333334,0.0,0.6666666666666666,0.099086398790624,5.083966367469738,98.25,,4.0,2.0,1.0,0.015197,27.77738941737585,247.32000011205676,92.196015221732
PONEDERA,2022,11,63,15,0.7333333333333333,0.2,0.0,0.0666666666666666,0.0,0.1333333333333333,0.8,0.0666666666666666,0.6666666666666666,0.099086398790624,5.083966367469738,98.25,-51.2115,4.0,3.0,1.0,0.012398,27.77636871337892,376.54000279307365,92.82510648454938
PONEDERA,2022,12,64,3,1.0,0.0,0.0,0.0,0.0,0.0,1.0,0.0,0.6666666666666666,0.099086398790624,5.083966367469738,98.25,-51.2115,4.0,3.0,1.0,0.012398,27.65562046595984,303.6199969649315,94.05671637398856
PONEDERA,2022,13,65,1,0.0,1.0,0.0,0.0,0.0,0.0,0.0,0.0,0.0,0.099086398790624,5.083966367469738,98.25,,4.0,4.0,1.0,0.004399,26.92092012677876,300.1499988436699,94.4289845057896
PONEDERA,2023,1,66,1,1.0,0.0,0.0,0.0,0.0,0.0,1.0,0.0,1.0,0.099086398790624,5.083966367469738,99.62,34.7737,4.0,4.0,1.0,0.004399,26.628252737862734,317.8650015294552,95.21220997401646
PONEDERA,2023,2,67,1,0.0,1.0,0.0,0.0,0.0,0.0,0.0,0.0,0.0,0.099086398790624,5.083966367469738,99.62,34.7737,4.0,4.0,1.0,0.004399,26.47602506365097,267.62999364733696,94.9438522883824
PONEDERA,2023,3,68,2,0.5,0.0,0.0,0.5,0.0,0.0,1.0,0.0,0.5,0.099086398790624,5.083966367469738,99.62,34.7737,4.0,4.0,1.0,0.004399,27.261709489493555,55.23499993234873,93.07170946844693
PONEDERA,2023,5,70,1,1.0,0.0,0.0,0.0,0.0,0.0,1.0,0.0,1.0,0.099086398790624,5.083966367469738,99.62,34.7737,4.0,4.0,1.0,0.004399,28.024125671386734,26.019999999552965,86.62459073747907
PONEDERA,2023,6,71,1,0.0,1.0,0.0,0.0,0.0,1.0,0.0,0.0,1.0,0.099086398790624,5.083966367469738,99.62,34.7737,4.0,4.0,1.0,0.004399,28.081409890311125,90.710001652129,88.89299365452358
PONEDERA,2023,8,73,5,0.0,1.0,0.0,0.0,0.0,0.0,1.0,0.0,0.8,0.099086398790624,5.083966367469738,99.62,34.7737,4.0,4.0,1.0,0.004399,29.062324414934444,179.70999845676124,89.04913439069476
PONEDERA,2023,10,75,5,0.2,0.4,0.0,0.4,0.0,0.0,0.6,0.0,0.2,0.099086398790624,5.083966367469738,99.62,34.7737,4.0,4.0,1.0,0.004399,28.84527468000141,241.95499908924103,91.0194503239223
PONEDERA,2023,11,76,9,0.6666666666666666,0.2222222222222222,0.0,0.1111111111111111,0.0,0.1111111111111111,0.5555555555555556,0.0,0.6666666666666666,0.099086398790624,5.083966367469738,99.62,34.7737,4.0,4.0,1.0,0.004399,29.287886374337354,142.32999899424613,91.41500990731376
PONEDERA,2023,12,77,16,0.5,0.3125,0.0,0.1875,0.0,0.0,0.8125,0.0,0.375,0.099086398790624,5.083966367469738,99.62,34.7737,4.0,4.0,1.0,0.004399,28.39401234218054,201.22500231862068,93.3596602848598
PONEDERA,2023,13,78,9,0.6666666666666666,0.2222222222222222,0.0,0.1111111111111111,0.0,0.0,0.7777777777777778,0.0,0.3333333333333333,0.099086398790624,5.083966367469738,99.62,34.7737,4.0,4.0,1.0,0.004399,28.296285247802757,234.06000092625615,94.28393718174526
PUERTO COLOMBIA,2018,1,1,2,0.0,1.0,0.0,0.0,0.0,0.0,0.0,0.0,0.0,1.902684311740348,1.652850517266362,99.66,-0.4242,2.0,0.0,0.0,0.607878,27.726508985246955,153.37999811954796,89.44124467032296
PUERTO COLOMBIA,2018,2,2,1,0.0,1.0,0.0,0.0,0.0,0.0,0.0,0.0,1.0,1.902684311740348,1.652850517266362,99.66,-0.4242,2.0,0.0,0.0,0.607878,27.215793500627807,197.2400001958013,89.1714654650007
PUERTO COLOMBIA,2018,5,5,1,1.0,0.0,0.0,0.0,0.0,1.0,0.0,0.0,1.0,1.902684311740348,1.652850517266362,99.66,-0.4242,2.0,0.0,0.0,0.607878,26.626887076241648,0.0,81.44300896780831
PUERTO COLOMBIA,2018,6,6,1,0.0,1.0,0.0,0.0,0.0,1.0,0.0,0.0,1.0,1.902684311740348,1.652850517266362,99.66,-0.4242,2.0,0.0,0.0,0.607878,27.01683578491213,1.1999999973922963,84.05560793195453
PUERTO COLOMBIA,2018,7,7,5,0.0,0.4,0.0,0.6,0.0,0.0,0.4,0.0,0.6,1.902684311740348,1.652850517266362,99.66,-0.4242,2.0,0.0,0.0,0.607878,27.381473432268432,35.56000076234341,84.48980631147113
PUERTO COLOMBIA,2018,8,8,4,0.5,0.25,0.0,0.25,0.0,0.0,0.5,0.0,0.25,1.902684311740348,1.652850517266362,99.66,-0.4242,2.0,0.0,0.0,0.607878,27.553249795096285,205.66000042296943,87.61550303867885
PUERTO COLOMBIA,2018,9,9,2,0.0,1.0,0.0,0.0,0.0,0.0,0.5,0.0,0.5,1.902684311740348,1.652850517266362,99.66,-0.4242,2.0,0.0,0.0,0.607878,28.070357622419102,158.94999966397882,87.81159673418317
PUERTO COLOMBIA,2018,11,11,6,0.6666666666666666,0.1666666666666666,0.0,0.1666666666666666,0.0,0.0,0.5,0.0,0.8333333333333334,1.902684311740348,1.652850517266362,99.66,-0.4242,2.0,0.0,0.0,0.607878,27.61186316353936,76.70000034756958,89.54194477626255
PUERTO COLOMBIA,2018,12,12,13,0.4615384615384615,0.1538461538461538,0.0,0.3846153846153846,0.0,0.0769230769230769,0.6153846153846154,0.0,0.6153846153846154,1.902684311740348,1.652850517266362,99.66,-0.4242,2.0,0.0,0.0,0.607878,27.6446984427316,131.59000009298325,90.4497263772147
PUERTO COLOMBIA,2018,13,13,3,0.3333333333333333,0.0,0.0,0.6666666666666666,0.0,0.0,0.6666666666666666,0.0,1.0,1.902684311740348,1.652850517266362,99.66,-0.4242,2.0,0.0,0.0,0.607878,27.56765736171179,232.57999861240387,90.8265893118722
PUERTO COLOMBIA,2019,1,14,3,0.0,1.0,0.0,0.0,0.0,0.0,0.0,0.0,0.6666666666666666,1.902684311740348,1.652850517266362,99.44,-0.4242,2.0,0.0,0.0,0.607878,27.227483367919938,167.21999926120043,89.37102726527623
PUERTO COLOMBIA,2019,5,18,2,0.0,0.0,0.0,1.0,0.0,0.0,0.5,0.0,0.5,1.902684311740348,1.652850517266362,99.44,-0.4242,2.0,0.0,0.0,0.607878,26.79389779227122,2.889999995008111,83.84269659859794
PUERTO COLOMBIA,2019,6,19,7,0.1428571428571428,0.7142857142857143,0.0,0.1428571428571428,0.0,0.0,0.4285714285714285,0.0,0.5714285714285714,1.902684311740348,1.652850517266362,99.44,-0.4242,2.0,0.0,0.0,0.607878,26.666503252301915,3.949999872595072,83.77866853986468
PUERTO COLOMBIA,2019,7,20,2,0.0,1.0,0.0,0.0,0.0,0.0,1.0,0.0,0.5,1.902684311740348,1.652850517266362,99.44,-0.4242,2.0,0.0,0.0,0.607878,27.648897334507552,28.77000017650425,84.36014311654228
PUERTO COLOMBIA,2019,8,21,2,0.0,0.5,0.0,0.5,0.0,0.0,0.5,0.0,0.0,1.902684311740348,1.652850517266362,99.44,-0.4242,2.0,0.0,0.0,0.607878,28.113430459158785,164.64999949000776,85.55988202776227
PUERTO COLOMBIA,2019,9,22,1,0.0,1.0,0.0,0.0,0.0,0.0,1.0,0.0,1.0,1.902684311740348,1.652850517266362,99.44,-0.4242,2.0,0.0,0.0,0.607878,28.024290793282663,237.56000079587105,88.80907549176898
PUERTO COLOMBIA,2019,10,23,1,1.0,0.0,0.0,0.0,0.0,0.0,0.0,0.0,1.0,1.902684311740348,1.652850517266362,99.44,-0.4242,2.0,0.0,0.0,0.607878,28.0881913321359,40.87000082060695,88.0580667768206
PUERTO COLOMBIA,2019,11,24,4,0.25,0.0,0.25,0.5,0.0,0.25,0.75,0.0,0.5,1.902684311740348,1.652850517266362,99.44,-0.4242,2.0,0.0,0.0,0.607878,27.93255876813618,77.74000051245093,90.49968773978097
PUERTO COLOMBIA,2019,12,25,8,0.25,0.5,0.0,0.25,0.0,0.0,0.375,0.0,0.25,1.902684311740348,1.652850517266362,99.44,-0.4242,2.0,0.0,0.0,0.607878,27.99417648315432,148.94000041298568,90.4326378958566
PUERTO COLOMBIA,2019,13,26,11,0.5454545454545454,0.1818181818181818,0.0,0.2727272727272727,0.0,0.1818181818181818,0.3636363636363636,0.0,0.5454545454545454,1.902684311740348,1.652850517266362,99.44,-0.4242,2.0,0.0,0.0,0.607878,27.48765171595985,215.8000000715256,91.44605990818567
PUERTO COLOMBIA,2020,1,27,9,0.3333333333333333,0.2222222222222222,0.0,0.4444444444444444,0.0,0.2222222222222222,0.2222222222222222,0.1111111111111111,0.8888888888888888,1.902684311740348,1.652850517266362,99.23,-0.4242,2.0,0.0,0.0,0.607878,27.211460004534057,307.56000089645386,90.176607131958
PUERTO COLOMBIA,2020,2,28,8,0.125,0.625,0.0,0.25,0.0,0.0,0.375,0.0,0.625,1.902684311740348,1.652850517266362,99.23,-0.4242,2.0,0.0,0.0,0.607878,27.50422330583847,90.38000033609568,88.28892735072544
PUERTO COLOMBIA,2020,3,29,5,0.6,0.2,0.0,0.2,0.0,0.0,0.8,0.0,0.2,1.902684311740348,1.652850517266362,99.23,-0.4242,2.0,0.0,0.0,0.607878,27.68370862688339,56.77000021748245,87.6324280330113
PUERTO COLOMBIA,2020,4,30,1,1.0,0.0,0.0,0.0,0.0,0.0,0.0,0.0,0.0,1.902684311740348,1.652850517266362,99.23,-0.4242,2.0,0.0,0.0,0.607878,27.022540517953743,21.24000001884997,83.6867338327261
PUERTO COLOMBIA,2020,10,36,1,1.0,0.0,0.0,0.0,0.0,0.0,1.0,0.0,0.0,1.902684311740348,1.652850517266362,99.23,-0.4242,2.0,0.0,0.0,0.607878,27.84868338448663,188.99000183306637,88.81746319362095
PUERTO COLOMBIA,2020,11,37,1,0.0,1.0,0.0,0.0,0.0,0.0,0.0,0.0,0.0,1.902684311740348,1.652850517266362,99.23,-0.4242,2.0,0.0,0.0,0.607878,27.908995383126417,141.4099986385554,90.89335060119627
PUERTO COLOMBIA,2021,1,40,1,1.0,0.0,0.0,0.0,0.0,0.0,1.0,0.0,1.0,1.902684311740348,1.652850517266362,96.54,-0.4242,2.0,0.0,0.0,0.607878,26.88423908778601,236.40000154078007,89.10840252467564
PUERTO COLOMBIA,2021,2,41,2,0.0,0.5,0.0,0.5,0.0,0.0,0.0,0.0,0.0,1.902684311740348,1.652850517266362,96.54,-0.4242,2.0,0.0,0.0,0.607878,27.18859416416715,60.110000263899565,86.49027987888881
PUERTO COLOMBIA,2021,5,44,1,0.0,1.0,0.0,0.0,0.0,0.0,0.0,0.0,1.0,1.902684311740348,1.652850517266362,96.54,-0.4242,2.0,0.0,0.0,0.607878,27.1989445277623,14.800000004470348,82.11508750915527
PUERTO COLOMBIA,2021,8,47,1,0.0,0.0,0.0,1.0,0.0,1.0,0.0,0.0,1.0,1.902684311740348,1.652850517266362,96.54,-0.4242,2.0,0.0,0.0,0.607878,27.68685357230052,60.61999970301986,85.59654481070382
PUERTO COLOMBIA,2021,11,50,4,0.0,0.75,0.0,0.25,0.0,0.25,0.25,0.0,0.5,1.902684311740348,1.652850517266362,96.54,,2.0,1.0,1.0,0.003199,27.56934073311944,159.87000142596662,90.08611161368232
PUERTO COLOMBIA,2021,12,51,27,0.4074074074074074,0.074074074074074,0.0,0.5185185185185185,0.0,0.0,0.6666666666666666,0.1111111111111111,0.5555555555555556,1.902684311740348,1.652850517266362,96.54,40.0552,2.0,1.0,1.0,0.003199,27.178442164829814,353.1700032055378,91.03182710920062
PUERTO COLOMBIA,2021,13,52,34,0.4117647058823529,0.2352941176470588,0.0,0.3529411764705882,0.0,0.088235294117647,0.5294117647058824,0.0,0.2941176470588235,1.902684311740348,1.652850517266362,96.54,40.0552,2.0,1.0,1.0,0.003199,27.542759377615813,244.60999973118305,90.258207321167
PUERTO COLOMBIA,2022,1,53,25,0.56,0.2,0.0,0.24,0.0,0.08,0.52,0.12,0.6,1.902684311740348,1.652850517266362,96.95,40.0552,2.0,1.0,1.0,0.003199,27.355414145333445,101.19000047072768,87.07693045479911
PUERTO COLOMBIA,2022,2,54,17,0.4117647058823529,0.1764705882352941,0.0,0.4117647058823529,0.0,0.0588235294117647,0.2941176470588235,0.1764705882352941,0.5294117647058824,1.902684311740348,1.652850517266362,96.95,40.0552,2.0,1.0,1.0,0.003199,27.110411189152664,24.45999986492097,85.82398341252254
PUERTO COLOMBIA,2022,3,55,9,0.3333333333333333,0.1111111111111111,0.0,0.5555555555555556,0.0,0.0,0.7777777777777778,0.1111111111111111,0.3333333333333333,1.902684311740348,1.652850517266362,96.95,40.0552,2.0,1.0,1.0,0.003199,26.91870524088543,0.0,84.44165802001953
PUERTO COLOMBIA,2022,4,56,8,0.5,0.0,0.0,0.5,0.0,0.0,0.625,0.125,0.5,1.902684311740348,1.652850517266362,96.95,40.0552,2.0,1.0,1.0,0.003199,26.656763785226023,29.230000004172325,83.45391382489886
PUERTO COLOMBIA,2022,5,57,23,0.3043478260869565,0.3043478260869565,0.0,0.391304347826087,0.0,0.0434782608695652,0.4782608695652174,0.0434782608695652,0.4782608695652174,1.902684311740348,1.652850517266362,96.95,,2.0,1.0,1.0,0.003199,27.0769472394671,23.790000962093472,81.02266693115234
PUERTO COLOMBIA,2022,6,58,66,0.5454545454545454,0.2575757575757575,0.0,0.1969696969696969,0.0,0.0757575757575757,0.5757575757575758,0.1515151515151515,0.5606060606060606,1.902684311740348,1.652850517266362,96.95,-11.9526,2.0,2.0,1.0,0.002,27.445264979771224,63.720002816990025,82.51221302577427
PUERTO COLOMBIA,2022,7,59,76,0.5921052631578947,0.2368421052631578,0.0,0.1710526315789473,0.0,0.0526315789473684,0.5526315789473685,0.0526315789473684,0.6710526315789473,1.902684311740348,1.652850517266362,96.95,-11.9526,2.0,2.0,1.0,0.002,27.56703556605749,114.63999987393618,85.39899444580078
PUERTO COLOMBIA,2022,8,60,113,0.4778761061946903,0.3893805309734513,0.0,0.1327433628318584,0.0,0.0884955752212389,0.4601769911504424,0.0884955752212389,0.4867256637168141,1.902684311740348,1.652850517266362,96.95,-11.9526,2.0,2.0,1.0,0.002,27.847909000941705,186.92999997735023,86.97561264038086
PUERTO COLOMBIA,2022,9,61,57,0.543859649122807,0.2982456140350877,0.0,0.1578947368421052,0.0,0.0350877192982456,0.5087719298245614,0.0350877192982456,0.4736842105263157,1.902684311740348,1.652850517266362,96.95,-11.9526,2.0,2.0,1.0,0.002,27.43312279837474,377.1099968552589,89.33969579424176
PUERTO COLOMBIA,2022,10,62,51,0.5098039215686274,0.2941176470588235,0.0,0.196078431372549,0.0,0.0784313725490196,0.4313725490196078,0.1372549019607843,0.392156862745098,1.902684311740348,1.652850517266362,96.95,-11.9526,2.0,2.0,1.0,0.002,27.673558262416314,227.16000250726935,89.41478620256696
PUERTO COLOMBIA,2022,11,63,36,0.2777777777777778,0.3611111111111111,0.0,0.3611111111111111,0.0,0.1111111111111111,0.3055555555555556,0.0833333333333333,0.5555555555555556,1.902684311740348,1.652850517266362,96.95,-11.9526,2.0,2.0,1.0,0.002,27.504324667794386,272.84999933838844,90.70301900591168
PUERTO COLOMBIA,2022,12,64,32,0.46875,0.34375,0.0,0.1875,0.0,0.0625,0.375,0.09375,0.53125,1.902684311740348,1.652850517266362,96.95,-11.9526,2.0,2.0,1.0,0.002,27.5414874485561,245.1599980592728,90.8547270638602
PUERTO COLOMBIA,2022,13,65,26,0.3846153846153846,0.4230769230769231,0.0,0.1923076923076923,0.0,0.0769230769230769,0.4230769230769231,0.0384615384615384,0.6153846153846154,1.902684311740348,1.652850517266362,96.95,-11.9526,2.0,2.0,1.0,0.002,26.952488381522056,276.0499979555607,92.1516271318708
PUERTO COLOMBIA,2023,1,66,9,0.4444444444444444,0.1111111111111111,0.0,0.4444444444444444,0.0,0.0,0.2222222222222222,0.0,0.4444444444444444,1.902684311740348,1.652850517266362,97.78,-11.9526,2.0,2.0,1.0,0.002,26.8619939531599,360.7200025320053,91.19634328569684
PUERTO COLOMBIA,2023,2,67,5,0.6,0.4,0.0,0.0,0.0,0.0,0.4,0.2,0.4,1.902684311740348,1.652850517266362,97.78,-11.9526,2.0,2.0,1.0,0.002,26.75847396850588,288.30000040493906,89.25221906389508
PUERTO COLOMBIA,2023,3,68,7,0.4285714285714285,0.1428571428571428,0.0,0.4285714285714285,0.0,0.1428571428571428,0.2857142857142857,0.1428571428571428,0.7142857142857143,1.902684311740348,1.652850517266362,97.78,-11.9526,2.0,2.0,1.0,0.002,26.771902886752446,8.879999995231628,84.59873594086746
PUERTO COLOMBIA,2023,4,69,3,0.3333333333333333,0.6666666666666666,0.0,0.0,0.0,0.0,1.0,0.0,0.6666666666666666,1.902684311740348,1.652850517266362,97.78,-11.9526,2.0,2.0,1.0,0.002,26.80360074724472,18.72999992966652,83.88877023969378
PUERTO COLOMBIA,2023,5,70,4,0.0,0.5,0.0,0.5,0.0,0.0,0.5,0.0,0.75,1.902684311740348,1.652850517266362,97.78,-11.9526,2.0,2.0,1.0,0.002,26.3179265703474,0.0,81.68890925816127
PUERTO COLOMBIA,2023,6,71,3,0.0,0.6666666666666666,0.0,0.3333333333333333,0.0,0.0,0.3333333333333333,0.0,0.3333333333333333,1.902684311740348,1.652850517266362,97.78,-11.9526,2.0,2.0,1.0,0.002,26.82803170340404,36.30999987758696,84.28382274082729
PUERTO COLOMBIA,2023,7,72,1,0.0,0.0,0.0,1.0,0.0,0.0,1.0,0.0,0.0,1.902684311740348,1.652850517266362,97.78,-11.9526,2.0,2.0,1.0,0.002,27.22349973406113,71.29000043310225,83.1734676361084
PUERTO COLOMBIA,2023,8,73,5,0.0,1.0,0.0,0.0,0.0,0.0,0.0,0.0,0.6,1.902684311740348,1.652850517266362,97.78,-11.9526,2.0,2.0,1.0,0.002,28.14591369628908,107.15000136755408,86.77481297084263
PUERTO COLOMBIA,2023,10,75,4,0.5,0.25,0.0,0.25,0.0,0.0,0.5,0.0,0.5,1.902684311740348,1.652850517266362,97.78,-11.9526,2.0,2.0,1.0,0.002,28.510847255161853,152.72000051289797,88.91921942574638
PUERTO COLOMBIA,2023,11,76,5,0.6,0.0,0.0,0.4,0.0,0.0,0.4,0.0,0.2,1.902684311740348,1.652850517266362,97.78,-11.9526,2.0,2.0,1.0,0.002,28.47720761980332,72.15000046230853,90.33190781729562
PUERTO COLOMBIA,2023,12,77,2,0.0,1.0,0.0,0.0,0.0,0.0,0.0,0.0,0.5,1.902684311740348,1.652850517266362,97.78,-11.9526,2.0,2.0,1.0,0.002,28.323616463797453,131.00999804586172,90.99062810625348
PUERTO COLOMBIA,2023,13,78,5,0.2,0.4,0.0,0.4,0.0,0.0,0.8,0.0,0.2,1.902684311740348,1.652850517266362,97.78,-11.9526,2.0,2.0,1.0,0.002,28.36163755144394,178.77999883890152,90.76269803728376
REPELÓN,2018,10,10,1,0.0,1.0,0.0,0.0,0.0,0.0,1.0,0.0,1.0,1.438214320297147,1.562069763225594,56.62,15.6672,2.0,0.0,1.0,0.0004,27.99999357354707,78.91833341052687,89.93219484601703
REPELÓN,2019,7,20,1,1.0,0.0,0.0,0.0,0.0,0.0,0.0,0.0,0.0,1.438214320297147,1.562069763225594,67.39,15.6672,2.0,0.0,1.0,0.0004,28.753428758893715,89.1600000038743,84.97645484076607
REPELÓN,2019,10,23,1,0.0,0.0,0.0,1.0,0.0,0.0,1.0,0.0,0.0,1.438214320297147,1.562069763225594,67.39,15.6672,2.0,0.0,1.0,0.0004,28.94791268242733,91.52722208050116,87.68046718173557
REPELÓN,2019,12,25,4,0.5,0.0,0.0,0.5,0.0,0.5,0.5,0.25,0.75,1.438214320297147,1.562069763225594,67.39,15.6672,2.0,0.0,1.0,0.0004,28.30767433933482,175.91999887840615,91.36860744536868
REPELÓN,2019,13,26,17,0.5294117647058824,0.0,0.0,0.4705882352941176,0.0,0.1176470588235294,0.7058823529411765,0.0,0.7058823529411765,1.438214320297147,1.562069763225594,67.39,15.6672,2.0,0.0,1.0,0.0004,27.551398516458203,189.0305569580308,92.03238251095726
REPELÓN,2020,1,27,20,0.55,0.05,0.0,0.35,0.05,0.05,0.7,0.0,0.4,1.438214320297147,1.562069763225594,100.0,15.6672,2.0,0.0,1.0,0.0004,26.8638056517909,218.84611196981533,92.87055952082235
REPELÓN,2020,2,28,12,0.5833333333333334,0.0,0.0,0.4166666666666667,0.0,0.0833333333333333,0.75,0.0,0.6666666666666666,1.438214320297147,1.562069763225594,100.0,15.6672,2.0,0.0,1.0,0.0004,27.40983370826361,130.5011115366662,91.42263815138077
REPELÓN,2020,3,29,5,0.8,0.0,0.0,0.2,0.0,0.0,0.6,0.0,0.4,1.438214320297147,1.562069763225594,100.0,15.6672,2.0,0.0,1.0,0.0004,28.109953917649708,99.842222660573,90.49338248923972
REPELÓN,2020,4,30,1,1.0,0.0,0.0,0.0,0.0,0.0,0.0,0.0,0.0,1.438214320297147,1.562069763225594,100.0,15.6672,2.0,0.0,1.0,0.0004,28.19711930147266,43.99222317510457,85.81462539498963
REPELÓN,2020,5,31,4,0.75,0.0,0.0,0.25,0.0,0.0,0.75,0.0,0.5,1.438214320297147,1.562069763225594,100.0,15.6672,2.0,0.0,1.0,0.0004,28.651314984679875,68.5627777762711,84.50394151072022
REPELÓN,2020,6,32,4,0.5,0.5,0.0,0.0,0.0,0.0,0.75,0.0,0.25,1.438214320297147,1.562069763225594,100.0,,2.0,0.0,1.0,0.0004,28.484713046765226,45.64888886555477,83.54950061172404
REPELÓN,2020,8,34,1,0.0,0.0,0.0,1.0,0.0,0.0,1.0,0.0,0.0,1.438214320297147,1.562069763225594,100.0,-18.1445,2.0,1.0,1.0,0.0012,29.295607281235814,149.94833292784514,85.7235397258133
REPELÓN,2020,9,35,3,0.6666666666666666,0.0,0.0,0.3333333333333333,0.0,0.6666666666666666,0.0,0.0,0.3333333333333333,1.438214320297147,1.562069763225594,100.0,-18.1445,2.0,1.0,1.0,0.0012,28.22157993215736,231.13666540108343,88.52852271347449
REPELÓN,2020,10,36,2,0.5,0.0,0.0,0.5,0.0,0.0,0.5,0.0,1.0,1.438214320297147,1.562069763225594,100.0,-18.1445,2.0,1.0,1.0,0.0012,27.838361863232198,205.47000020845897,90.20715065607948
REPELÓN,2020,11,37,2,0.5,0.0,0.0,0.5,0.0,0.0,0.5,0.0,0.5,1.438214320297147,1.562069763225594,100.0,-18.1445,2.0,1.0,1.0,0.0012,27.864909108479832,151.23166615157214,92.41079555491292
REPELÓN,2020,12,38,1,0.0,0.0,0.0,1.0,0.0,0.0,1.0,0.0,0.0,1.438214320297147,1.562069763225594,100.0,-18.1445,2.0,1.0,1.0,0.0012,27.18867162876031,261.21888773750374,92.63847419698402
REPELÓN,2020,13,39,2,0.0,0.0,0.0,1.0,0.0,0.0,1.0,0.0,0.5,1.438214320297147,1.562069763225594,100.0,-18.1445,2.0,1.0,1.0,0.0012,27.04345377361966,252.35777776108847,92.9945891143153
REPELÓN,2021,1,40,2,0.5,0.5,0.0,0.0,0.0,0.0,1.0,0.0,0.5,1.438214320297147,1.562069763225594,100.0,-18.1445,2.0,1.0,1.0,0.0012,26.40302530117138,219.1527803396737,92.0306349052954
REPELÓN,2021,11,50,1,0.0,0.0,0.0,1.0,0.0,0.0,1.0,0.0,1.0,1.438214320297147,1.562069763225594,100.0,-18.1445,2.0,1.0,1.0,0.0012,27.539521688632885,185.78833284615368,90.90393899988246
REPELÓN,2021,12,51,1,0.0,0.0,0.0,1.0,0.0,0.0,1.0,0.0,1.0,1.438214320297147,1.562069763225594,100.0,,2.0,1.0,1.0,0.0012,26.843379219499244,302.0138884871094,92.8967995820222
REPELÓN,2021,13,52,2,0.0,1.0,0.0,0.0,0.0,0.0,1.0,0.5,1.0,1.438214320297147,1.562069763225594,100.0,7.0213,2.0,2.0,0.0,0.065187,27.22238350116389,181.83611191133107,91.81748327628644
REPELÓN,2022,7,59,1,0.0,0.0,0.0,1.0,0.0,0.0,1.0,1.0,0.0,1.438214320297147,1.562069763225594,100.0,7.0213,2.0,2.0,0.0,0.065187,28.07845721370962,179.07388880904074,86.68468960756978
REPELÓN,2022,9,61,1,1.0,0.0,0.0,0.0,0.0,0.0,1.0,0.0,0.0,1.438214320297147,1.562069763225594,100.0,7.0213,2.0,2.0,0.0,0.065187,27.190966058155876,321.22277880598,91.1365250077828
REPELÓN,2022,10,62,1,0.0,1.0,0.0,0.0,0.0,0.0,1.0,1.0,0.0,1.438214320297147,1.562069763225594,100.0,7.0213,2.0,2.0,0.0,0.065187,27.56001286986015,221.84944468074372,92.0170798831516
REPELÓN,2022,12,64,1,0.0,1.0,0.0,0.0,0.0,0.0,1.0,1.0,1.0,1.438214320297147,1.562069763225594,100.0,7.0213,2.0,2.0,0.0,0.065187,27.41994225234584,222.9322222868601,93.41839418966303
REPELÓN,2023,1,66,1,0.0,1.0,0.0,0.0,0.0,0.0,1.0,0.0,1.0,1.438214320297147,1.562069763225594,83.28,7.0213,2.0,2.0,0.0,0.065187,26.647035802609093,258.04111072972967,92.92284416521667
REPELÓN,2023,9,74,3,0.3333333333333333,0.3333333333333333,0.0,0.3333333333333333,0.0,0.0,0.3333333333333333,0.0,0.6666666666666666,1.438214320297147,1.562069763225594,83.28,7.0213,2.0,2.0,0.0,0.065187,28.257657825126877,215.044999981368,90.38583548611436
SABANAGRANDE,2018,1,1,2,0.0,0.0,0.0,1.0,0.0,0.0,0.0,0.0,0.5,0.574154076286911,1.54405300391256,99.98,-2.7986,3.0,0.0,0.0,0.106779,27.686937495640368,295.1900004297495,92.28081539699008
SABANAGRANDE,2018,4,4,1,0.0,1.0,0.0,0.0,0.0,0.0,0.0,0.0,0.0,0.574154076286911,1.54405300391256,99.98,-2.7986,3.0,0.0,0.0,0.106779,27.524008073477923,74.21999877132475,90.26087241337216
SABANAGRANDE,2018,6,6,1,1.0,0.0,0.0,0.0,0.0,0.0,1.0,0.0,1.0,0.574154076286911,1.54405300391256,99.98,-2.7986,3.0,0.0,0.0,0.106779,28.1626405988421,8.770000176504254,85.87390054975238
SABANAGRANDE,2018,8,8,2,0.0,0.5,0.0,0.5,0.0,0.0,0.5,0.0,0.5,0.574154076286911,1.54405300391256,99.98,-2.7986,3.0,0.0,0.0,0.106779,27.825542885916597,324.8399974703789,89.41623714991978
SABANAGRANDE,2018,9,9,1,1.0,0.0,0.0,0.0,0.0,0.0,1.0,0.0,1.0,0.574154076286911,1.54405300391256,99.98,-2.7986,3.0,0.0,0.0,0.106779,28.16427819388256,273.3600022494793,89.71839414324079
SABANAGRANDE,2018,10,10,1,0.0,1.0,0.0,0.0,0.0,0.0,1.0,0.0,1.0,0.574154076286911,1.54405300391256,99.98,-2.7986,3.0,0.0,0.0,0.106779,28.179968043736068,116.70000003650784,88.86448124476841
SABANAGRANDE,2018,11,11,3,0.0,0.3333333333333333,0.0,0.6666666666666666,0.0,0.0,0.6666666666666666,0.0,0.6666666666666666,0.574154076286911,1.54405300391256,99.98,-2.7986,3.0,0.0,0.0,0.106779,28.20812159946988,163.66999774053693,89.7888616834368
SABANAGRANDE,2018,12,12,1,1.0,0.0,0.0,0.0,0.0,0.0,1.0,0.0,0.0,0.574154076286911,1.54405300391256,99.98,-2.7986,3.0,0.0,0.0,0.106779,27.976185280936125,219.92000105977056,91.025087084089
SABANAGRANDE,2019,3,16,2,0.5,0.5,0.0,0.0,0.0,0.0,1.0,0.0,0.5,0.574154076286911,1.54405300391256,99.9,-2.7986,3.0,0.0,0.0,0.106779,27.604390171596,2.510000050067901,88.83020292009626
SABANAGRANDE,2019,7,20,1,0.0,0.0,0.0,1.0,0.0,1.0,0.0,0.0,0.0,0.574154076286911,1.54405300391256,99.9,-2.7986,3.0,0.0,0.0,0.106779,28.8160361153739,77.58000011742115,84.99032456534249
SABANAGRANDE,2019,8,21,2,0.0,0.5,0.0,0.5,0.0,0.5,0.0,0.0,1.0,0.574154076286911,1.54405300391256,99.9,-2.7986,3.0,0.0,0.0,0.106779,28.87006149291994,306.77999838627875,85.98243577139718
SABANAGRANDE,2019,9,22,2,0.0,1.0,0.0,0.0,0.0,0.0,0.5,0.0,0.5,0.574154076286911,1.54405300391256,99.9,-2.7986,3.0,0.0,0.0,0.106779,28.2377023969378,300.1600031852722,89.54152870178223
SABANAGRANDE,2019,10,23,2,0.5,0.0,0.0,0.5,0.0,0.0,1.0,0.0,0.5,0.574154076286911,1.54405300391256,99.9,-2.7986,3.0,0.0,0.0,0.106779,28.84764360700337,136.60000302642584,87.43775858197894
SABANAGRANDE,2019,11,24,1,1.0,0.0,0.0,0.0,0.0,0.0,1.0,0.0,1.0,0.574154076286911,1.54405300391256,99.9,-2.7986,3.0,0.0,0.0,0.106779,28.60704520089288,187.6899995803833,89.71587126595634
SABANAGRANDE,2019,12,25,1,0.0,1.0,0.0,0.0,0.0,0.0,1.0,0.0,1.0,0.574154076286911,1.54405300391256,99.9,-2.7986,3.0,0.0,0.0,0.106779,28.318874795096285,281.9300002157688,91.3482265472412
SABANAGRANDE,2019,13,26,3,0.6666666666666666,0.0,0.0,0.3333333333333333,0.0,0.0,0.6666666666666666,0.0,0.3333333333333333,0.574154076286911,1.54405300391256,99.9,-2.7986,3.0,0.0,0.0,0.106779,27.59734715053015,277.7299993038177,92.55573190961566
SABANAGRANDE,2020,1,27,4,0.5,0.0,0.0,0.5,0.0,0.25,0.5,0.0,0.5,0.574154076286911,1.54405300391256,99.83,-2.7986,3.0,0.0,0.0,0.106779,26.99663369315013,349.7800031900406,93.17488125392369
SABANAGRANDE,2020,2,28,2,0.0,0.0,0.0,1.0,0.0,0.0,0.5,0.0,0.5,0.574154076286911,1.54405300391256,99.83,,3.0,0.0,0.0,0.106779,27.494871303013408,343.8900002390146,91.5964469909668
SABANAGRANDE,2020,11,37,1,0.0,1.0,0.0,0.0,0.0,0.0,0.0,0.0,1.0,0.574154076286911,1.54405300391256,99.83,20.4291,3.0,1.0,1.0,0.010398,28.10261470249723,224.23000040650368,91.32265417916436
SABANAGRANDE,2020,12,38,4,0.25,0.5,0.0,0.25,0.0,0.0,0.75,0.0,0.75,0.574154076286911,1.54405300391256,99.83,20.4291,3.0,1.0,1.0,0.010398,27.46403764997212,404.9800003170967,92.08472633361816
SABANAGRANDE,2020,13,39,10,0.4,0.1,0.0,0.5,0.0,0.2,0.6,0.0,0.2,0.574154076286911,1.54405300391256,99.83,20.4291,3.0,1.0,1.0,0.010398,27.355467551095167,418.010000705719,92.73056057521276
SABANAGRANDE,2020,14,40,6,0.6666666666666666,0.3333333333333333,0.0,0.0,0.0,0.0,0.6666666666666666,0.0,0.8333333333333334,0.574154076286911,1.54405300391256,99.83,,3.0,2.0,1.0,0.009198,26.796308135986347,392.630000025034,92.3997881753104
SABANAGRANDE,2021,1,40,9,0.5555555555555556,0.2222222222222222,0.0,0.2222222222222222,0.0,0.0,0.8888888888888888,0.0,0.4444444444444444,0.574154076286911,1.54405300391256,99.68,,3.0,2.0,1.0,0.009198,26.50753391810828,319.51000288128853,92.70788519723077
SABANAGRANDE,2021,2,41,2,0.0,0.5,0.0,0.5,0.0,0.0,1.0,0.0,0.5,0.574154076286911,1.54405300391256,99.68,-24.1188,3.0,2.0,1.0,0.009198,27.17503019060409,164.77000004053116,90.90592166355678
SABANAGRANDE,2021,6,45,1,0.0,1.0,0.0,0.0,0.0,0.0,0.0,0.0,1.0,0.574154076286911,1.54405300391256,99.68,-24.1188,3.0,2.0,1.0,0.009198,28.28992614746096,132.83999998494983,82.87728772844586
SABANAGRANDE,2021,10,49,2,0.5,0.0,0.0,0.5,0.0,0.0,0.0,0.0,0.5,0.574154076286911,1.54405300391256,99.68,-24.1188,3.0,2.0,1.0,0.009198,27.715163530622227,256.3399994149804,89.71395083836147
SABANAGRANDE,2021,12,51,1,1.0,0.0,0.0,0.0,0.0,0.0,0.0,0.0,1.0,0.574154076286911,1.54405300391256,99.68,,3.0,3.0,0.0,0.057988,27.05112173897881,444.4299968481064,92.23606027875628
SABANAGRANDE,2021,13,52,4,0.25,0.5,0.0,0.25,0.0,0.0,0.5,0.25,0.25,0.574154076286911,1.54405300391256,99.68,4.2284,3.0,3.0,0.0,0.057988,27.47481634957452,286.88999949768186,91.51719120570591
SABANAGRANDE,2022,1,53,1,0.0,0.0,0.0,1.0,0.0,0.0,0.0,0.0,0.0,0.574154076286911,1.54405300391256,99.93,4.2284,3.0,3.0,0.0,0.057988,27.194859531947564,229.4100041091442,92.03711782182964
SABANAGRANDE,2022,2,54,1,1.0,0.0,0.0,0.0,0.0,0.0,1.0,0.0,1.0,0.574154076286911,1.54405300391256,99.93,4.2284,3.0,3.0,0.0,0.057988,27.55635223388674,76.80999996885657,90.06873174814078
SABANAGRANDE,2022,8,60,2,0.5,0.0,0.0,0.5,0.0,0.0,1.0,0.0,0.5,0.574154076286911,1.54405300391256,99.93,4.2284,3.0,3.0,0.0,0.057988,28.033374132428868,250.3299985527992,89.11492265973773
SABANAGRANDE,2022,9,61,3,0.3333333333333333,0.0,0.0,0.6666666666666666,0.0,0.3333333333333333,0.6666666666666666,0.0,1.0,0.574154076286911,1.54405300391256,99.93,4.2284,3.0,3.0,0.0,0.057988,27.50210342407229,458.11999917030334,90.39532552446636
SABANAGRANDE,2022,10,62,1,1.0,0.0,0.0,0.0,0.0,0.0,1.0,0.0,0.0,0.574154076286911,1.54405300391256,99.93,4.2284,3.0,3.0,0.0,0.057988,27.90486134120398,308.3199996352196,90.89981869288852
SABANAGRANDE,2022,11,63,4,0.0,0.5,0.0,0.5,0.0,0.0,0.75,0.0,0.5,0.574154076286911,1.54405300391256,99.93,4.2284,3.0,3.0,0.0,0.057988,27.797141374860512,455.23000079393387,91.55325126647948
SABANAGRANDE,2022,12,64,3,0.3333333333333333,0.6666666666666666,0.0,0.0,0.0,0.0,0.6666666666666666,0.0,0.6666666666666666,0.574154076286911,1.54405300391256,99.93,4.2284,3.0,3.0,0.0,0.057988,27.67865524291994,368.80999743938446,92.74768665858676
SABANAGRANDE,2023,1,66,1,1.0,0.0,0.0,0.0,0.0,0.0,0.0,0.0,1.0,0.574154076286911,1.54405300391256,99.51,4.2284,3.0,3.0,0.0,0.057988,26.814579445975188,387.0000026226044,93.48053795950752
SABANAGRANDE,2023,3,68,2,0.0,0.5,0.0,0.5,0.0,0.0,0.0,0.0,1.0,0.574154076286911,1.54405300391256,99.51,4.2284,3.0,3.0,0.0,0.057988,27.143303391029114,56.550000943243504,89.99464758511247
SABANAGRANDE,2023,4,69,1,0.0,0.0,0.0,1.0,0.0,0.0,1.0,0.0,1.0,0.574154076286911,1.54405300391256,99.51,4.2284,3.0,3.0,0.0,0.057988,27.5268973214286,60.13999983668327,88.11073221479144
SABANAGRANDE,2023,7,72,1,0.0,0.0,0.0,1.0,0.0,0.0,1.0,0.0,1.0,0.574154076286911,1.54405300391256,99.51,4.2284,3.0,3.0,0.0,0.057988,28.40774470738004,178.73999901115894,83.61732401166644
SABANAGRANDE,2023,10,75,1,0.0,1.0,0.0,0.0,0.0,0.0,0.0,0.0,0.0,0.574154076286911,1.54405300391256,99.51,4.2284,3.0,3.0,0.0,0.057988,28.79643892560688,277.4099989831448,89.6692338671003
SABANAGRANDE,2023,13,78,1,0.0,0.0,0.0,1.0,0.0,0.0,0.0,0.0,1.0,0.574154076286911,1.54405300391256,99.51,4.2284,3.0,3.0,0.0,0.057988,28.36853288922993,275.6600003838539,92.88667242867606
SABANALARGA,2018,1,1,1,0.0,0.0,0.0,1.0,0.0,0.0,0.0,0.0,0.0,0.705266525333551,8.32490008654472,98.93,18.4037,1.0,0.0,1.0,0.0,27.29457299368724,250.175000756979,93.30761010306222
SABANALARGA,2018,2,2,1,0.0,1.0,0.0,0.0,0.0,0.0,0.0,0.0,1.0,0.705266525333551,8.32490008654472,98.93,18.4037,1.0,0.0,1.0,0.0,26.786331067766486,247.48999893665317,93.67111369541712
SABANALARGA,2018,3,3,2,0.0,0.5,0.0,0.5,0.0,0.0,0.5,0.0,0.5,0.705266525333551,8.32490008654472,98.93,18.4037,1.0,0.0,1.0,0.0,27.25591483280578,138.89500039815903,90.35591599036908
SABANALARGA,2018,5,5,1,0.0,1.0,0.0,0.0,0.0,0.0,1.0,0.0,1.0,0.705266525333551,8.32490008654472,98.93,18.4037,1.0,0.0,1.0,0.0,27.68619362967357,0.7600000165402885,83.85986818586078
SABANALARGA,2018,6,6,3,0.0,0.3333333333333333,0.0,0.6666666666666666,0.0,0.0,0.6666666666666666,0.0,0.6666666666666666,0.705266525333551,8.32490008654472,98.93,18.4037,1.0,0.0,1.0,0.0,27.944941275460398,9.845000218600031,86.95275688171387
SABANALARGA,2018,7,7,2,0.0,0.5,0.0,0.5,0.0,0.0,0.5,0.0,0.0,0.705266525333551,8.32490008654472,98.93,18.4037,1.0,0.0,1.0,0.0,28.141620526994995,71.48500094935298,86.93853596278599
SABANALARGA,2018,8,8,8,0.5,0.0,0.0,0.5,0.0,0.125,0.625,0.0,0.5,0.705266525333551,8.32490008654472,98.93,18.4037,1.0,0.0,1.0,0.0,27.579581560407384,232.2199982404709,90.14482470921108
SABANALARGA,2018,9,9,7,0.5714285714285714,0.1428571428571428,0.0,0.2857142857142857,0.0,0.0,0.5714285714285714,0.0,0.2857142857142857,0.705266525333551,8.32490008654472,98.93,18.4037,1.0,0.0,1.0,0.0,27.75130996704103,198.63500200212,91.35088457380024
SABANALARGA,2018,10,10,10,0.2,0.4,0.0,0.4,0.0,0.1,0.7,0.0,0.7,0.705266525333551,8.32490008654472,98.93,18.4037,1.0,0.0,1.0,0.0,27.782238442557222,83.38499983586371,90.42306082589286
SABANALARGA,2018,11,11,15,0.4,0.0666666666666666,0.0,0.5333333333333333,0.0,0.0666666666666666,0.6666666666666666,0.0,0.2,0.705266525333551,8.32490008654472,98.93,18.4037,1.0,0.0,1.0,0.0,28.01452080862865,114.82999863103032,90.61071968078612
SABANALARGA,2018,12,12,21,0.4285714285714285,0.238095238095238,0.0,0.3333333333333333,0.0,0.0476190476190476,0.6190476190476191,0.0476190476190476,0.4761904761904761,0.705266525333551,8.32490008654472,98.93,18.4037,1.0,0.0,1.0,0.0,27.82631944928853,161.0750014781952,91.5172996520996
SABANALARGA,2018,13,13,28,0.5,0.0714285714285714,0.0,0.3928571428571428,0.0357142857142857,0.0714285714285714,0.6071428571428571,0.0,0.4642857142857143,0.705266525333551,8.32490008654472,98.93,18.4037,1.0,0.0,1.0,0.0,27.18843776157926,276.5299983918667,93.6382955823626
SABANALARGA,2019,1,14,30,0.3,0.0333333333333333,0.0,0.6666666666666666,0.0,0.0333333333333333,0.6666666666666666,0.0333333333333333,0.4333333333333333,0.705266525333551,8.32490008654472,98.36,18.4037,1.0,0.0,1.0,0.0,26.897897338867203,195.32499988377091,93.07953262329102
SABANALARGA,2019,2,15,19,0.4210526315789473,0.1578947368421052,0.0,0.4210526315789473,0.0,0.0526315789473684,0.7894736842105263,0.0,0.3684210526315789,0.705266525333551,8.32490008654472,98.36,18.4037,1.0,0.0,1.0,0.0,27.279563794817257,100.0899996329099,92.91669273376463
SABANALARGA,2019,3,16,7,0.4285714285714285,0.1428571428571428,0.0,0.4285714285714285,0.0,0.1428571428571428,0.7142857142857143,0.0,0.8571428571428571,0.705266525333551,8.32490008654472,98.36,18.4037,1.0,0.0,1.0,0.0,27.418438393729087,1.9999999832361928,89.39474024091449
SABANALARGA,2019,4,17,10,0.7,0.0,0.0,0.3,0.0,0.0,1.0,0.0,0.2,0.705266525333551,8.32490008654472,98.36,,1.0,0.0,1.0,0.0,27.419425911738976,103.24500072002412,88.0055160522461
SABANALARGA,2019,5,18,18,0.4444444444444444,0.0555555555555555,0.0,0.4444444444444444,0.0555555555555555,0.0,0.8888888888888888,0.0,0.2222222222222222,0.705266525333551,8.32490008654472,98.36,-3.2062,1.0,1.0,1.0,0.0,28.054755510602696,107.35000056028366,86.12061037336078
SABANALARGA,2019,6,19,15,0.3333333333333333,0.1333333333333333,0.0,0.5333333333333333,0.0,0.0,0.8,0.0,0.5333333333333333,0.705266525333551,8.32490008654472,98.36,-3.2062,1.0,1.0,1.0,0.0,28.07425624302457,46.48999990709126,85.31404113769531
SABANALARGA,2019,7,20,35,0.5142857142857142,0.0285714285714285,0.0,0.4571428571428571,0.0,0.0571428571428571,0.6285714285714286,0.0,0.2857142857142857,0.705266525333551,8.32490008654472,98.36,-3.2062,1.0,1.0,1.0,0.0,28.5937210083008,70.76999966055155,85.99891798836845
SABANALARGA,2019,8,21,27,0.2962962962962963,0.074074074074074,0.0,0.6296296296296297,0.0,0.037037037037037,0.7037037037037037,0.0,0.5185185185185185,0.705266525333551,8.32490008654472,98.36,-3.2062,1.0,1.0,1.0,0.0,28.59338585989818,223.01499650347975,87.14093181065151
SABANALARGA,2019,9,22,28,0.4642857142857143,0.1428571428571428,0.0,0.3928571428571428,0.0,0.0357142857142857,0.5714285714285714,0.0,0.5714285714285714,0.705266525333551,8.32490008654472,98.36,-3.2062,1.0,1.0,1.0,0.0,27.859864262172174,217.2049997448921,90.82476479666572
SABANALARGA,2019,10,23,17,0.6470588235294118,0.1176470588235294,0.0,0.1764705882352941,0.0588235294117647,0.0588235294117647,0.5882352941176471,0.0,0.5882352941176471,0.705266525333551,8.32490008654472,98.36,-3.2062,1.0,1.0,1.0,0.0,28.65799865722658,115.49500020593403,88.30786023821149
SABANALARGA,2019,11,24,35,0.4857142857142857,0.0857142857142857,0.0,0.4285714285714285,0.0,0.0285714285714285,0.6285714285714286,0.0,0.4285714285714285,0.705266525333551,8.32490008654472,98.36,-3.2062,1.0,1.0,1.0,0.0,28.50551539829801,154.9299995796755,90.00888170514789
SABANALARGA,2019,12,25,37,0.3783783783783784,0.1621621621621621,0.0,0.4594594594594595,0.0,0.081081081081081,0.6486486486486487,0.054054054054054,0.3243243243243243,0.705266525333551,8.32490008654472,98.36,-3.2062,1.0,1.0,1.0,0.0,28.026500047956212,202.6300015449524,92.20072528294156
SABANALARGA,2019,13,26,43,0.3953488372093023,0.0465116279069767,0.0,0.5581395348837209,0.0,0.0697674418604651,0.6511627906976745,0.0,0.4883720930232558,0.705266525333551,8.32490008654472,98.36,-3.2062,1.0,1.0,1.0,0.0,27.30952933175225,212.90500217676163,93.10112135750909
SABANALARGA,2020,1,27,31,0.3870967741935484,0.1290322580645161,0.0,0.4838709677419355,0.0,0.1290322580645161,0.3870967741935484,0.0,0.4193548387096774,0.705266525333551,8.32490008654472,98.82,-3.2062,1.0,1.0,1.0,0.0,26.664565386090977,264.66500079631805,93.91573687962124
SABANALARGA,2020,2,28,16,0.6875,0.0625,0.0,0.25,0.0,0.0625,0.4375,0.0625,0.3125,0.705266525333551,8.32490008654472,98.82,-3.2062,1.0,1.0,1.0,0.0,27.213628932407943,223.78000074625012,92.37804358346122
SABANALARGA,2020,3,29,6,0.6666666666666666,0.0,0.0,0.3333333333333333,0.0,0.3333333333333333,0.3333333333333333,0.0,0.3333333333333333,0.705266525333551,8.32490008654472,98.82,-3.2062,1.0,1.0,1.0,0.0,27.896122414725188,176.3199995085597,91.46491268702916
SABANALARGA,2020,4,30,2,0.0,0.0,0.0,1.0,0.0,0.0,1.0,0.0,0.0,0.705266525333551,8.32490008654472,98.82,-3.2062,1.0,1.0,1.0,0.0,27.900389216496407,27.99999999254942,86.969970703125
SABANALARGA,2020,6,32,2,0.0,0.5,0.0,0.5,0.0,0.0,1.0,0.0,0.0,0.705266525333551,8.32490008654472,98.82,-3.2062,1.0,1.0,1.0,0.0,28.13394208635604,67.26000003516674,84.88134629385812
SABANALARGA,2020,8,34,4,0.25,0.25,0.0,0.5,0.0,0.0,0.5,0.0,1.0,0.705266525333551,8.32490008654472,98.82,-3.2062,1.0,1.0,1.0,0.0,29.15338178362168,181.12499931454656,86.57777949741909
SABANALARGA,2020,9,35,7,0.2857142857142857,0.1428571428571428,0.0,0.5714285714285714,0.0,0.0,0.8571428571428571,0.1428571428571428,0.5714285714285714,0.705266525333551,8.32490008654472,98.82,-3.2062,1.0,1.0,1.0,0.0,28.0815254211426,292.0499973297119,89.51637731279645
SABANALARGA,2020,10,36,7,0.4285714285714285,0.1428571428571428,0.0,0.4285714285714285,0.0,0.0,0.7142857142857143,0.0,0.7142857142857143,0.705266525333551,8.32490008654472,98.82,-3.2062,1.0,1.0,1.0,0.0,27.609689331054707,232.61000099778173,90.9534397125244
SABANALARGA,2020,11,37,16,0.5,0.125,0.0,0.375,0.0,0.0625,0.875,0.1875,0.5,0.705266525333551,8.32490008654472,98.82,-3.2062,1.0,1.0,1.0,0.0,27.63691700526648,170.54499849677086,93.05687059674943
SABANALARGA,2020,12,38,9,0.5555555555555556,0.1111111111111111,0.0,0.3333333333333333,0.0,0.2222222222222222,0.6666666666666666,0.0,0.8888888888888888,0.705266525333551,8.32490008654472,98.82,-3.2062,1.0,1.0,1.0,0.0,26.97938908168249,304.9200003147125,93.49015317644393
SABANALARGA,2020,13,39,19,0.6842105263157895,0.0,0.0,0.3157894736842105,0.0,0.0,0.7368421052631579,0.0,0.3157894736842105,0.705266525333551,8.32490008654472,98.82,-3.2062,1.0,1.0,1.0,0.0,26.88144727434433,328.07000041008,93.89083317347936
SABANALARGA,2020,14,40,3,0.6666666666666666,0.0,0.0,0.3333333333333333,0.0,0.3333333333333333,0.6666666666666666,0.0,0.6666666666666666,0.705266525333551,8.32490008654472,98.82,-3.2062,1.0,1.0,1.0,0.0,26.453064945765924,304.0900037884712,93.42128263201032
SABANALARGA,2021,1,40,9,0.5555555555555556,0.1111111111111111,0.0,0.2222222222222222,0.1111111111111111,0.0,0.5555555555555556,0.1111111111111111,0.6666666666666666,0.705266525333551,8.32490008654472,97.55,-3.2062,1.0,1.0,1.0,0.0,26.209115055629205,271.5450030565262,93.22219467163086
SABANALARGA,2021,2,41,3,1.0,0.0,0.0,0.0,0.0,0.0,1.0,0.3333333333333333,0.3333333333333333,0.705266525333551,8.32490008654472,97.55,-3.2062,1.0,1.0,1.0,0.0,26.887180219377807,172.39999973773956,91.75599343436105
SABANALARGA,2021,4,43,1,0.0,1.0,0.0,0.0,0.0,0.0,0.0,0.0,1.0,0.705266525333551,8.32490008654472,97.55,-3.2062,1.0,1.0,1.0,0.0,27.412444959368035,38.89999997615814,87.77334403991699
SABANALARGA,2021,5,44,2,0.0,1.0,0.0,0.0,0.0,0.0,0.5,0.0,0.0,0.705266525333551,8.32490008654472,97.55,-3.2062,1.0,1.0,1.0,0.0,28.170462908063637,183.2199999392033,85.84149060930524
SABANALARGA,2021,6,45,1,0.0,0.0,0.0,1.0,0.0,0.0,0.0,0.0,1.0,0.705266525333551,8.32490008654472,97.55,-3.2062,1.0,1.0,1.0,0.0,28.04636317661832,106.03999986499548,84.4448961530413
SABANALARGA,2021,7,46,4,0.75,0.25,0.0,0.0,0.0,0.0,0.5,0.0,0.25,0.705266525333551,8.32490008654472,97.55,-3.2062,1.0,1.0,1.0,0.0,28.062151663643988,176.6399995237589,87.36157580784389
SABANALARGA,2021,8,47,12,0.4166666666666667,0.1666666666666666,0.0,0.4166666666666667,0.0,0.0,0.5,0.0,0.5,0.705266525333551,8.32490008654472,97.55,-3.2062,1.0,1.0,1.0,0.0,27.87884837559293,152.1000015437603,87.85826546805245
SABANALARGA,2021,9,48,14,0.4285714285714285,0.3571428571428571,0.0,0.2142857142857142,0.0,0.1428571428571428,0.7142857142857143,0.0,0.5714285714285714,0.705266525333551,8.32490008654472,97.55,-3.2062,1.0,1.0,1.0,0.0,27.429121180943103,272.6700001358986,90.2497762952532
SABANALARGA,2021,10,49,15,0.4666666666666667,0.1333333333333333,0.0,0.4,0.0,0.0666666666666666,0.6666666666666666,0.0666666666666666,0.7333333333333333,0.705266525333551,8.32490008654472,97.55,-3.2062,1.0,1.0,1.0,0.0,27.28118722098216,220.46500086784363,91.34566743033272
SABANALARGA,2021,11,50,48,0.4375,0.125,0.0,0.4375,0.0,0.1041666666666666,0.6875,0.0,0.4375,0.705266525333551,8.32490008654472,97.55,-3.2062,1.0,1.0,1.0,0.0,27.32250039236888,207.66499980539083,91.53799029759
SABANALARGA,2021,12,51,39,0.5384615384615384,0.1794871794871795,0.0,0.2564102564102564,0.0256410256410256,0.0769230769230769,0.5384615384615384,0.0512820512820512,0.4358974358974359,0.705266525333551,8.32490008654472,97.55,-3.2062,1.0,1.0,1.0,0.0,26.61824787684851,355.90499740839005,93.70207813807896
SABANALARGA,2021,13,52,26,0.4615384615384615,0.0769230769230769,0.0,0.4615384615384615,0.0,0.2307692307692307,0.6538461538461539,0.0384615384615384,0.6153846153846154,0.705266525333551,8.32490008654472,97.55,-3.2062,1.0,1.0,1.0,0.0,27.028094591413243,216.44500090926888,92.75464139665876
SABANALARGA,2022,1,53,22,0.4545454545454545,0.0909090909090909,0.0454545454545454,0.4090909090909091,0.0,0.0454545454545454,0.6363636363636364,0.1363636363636363,0.4090909090909091,0.705266525333551,8.32490008654472,98.88,-3.2062,1.0,1.0,1.0,0.0,26.83859895978657,200.94000029563904,92.89725576128278
SABANALARGA,2022,2,54,8,0.625,0.125,0.0,0.25,0.0,0.125,0.375,0.0,0.625,0.705266525333551,8.32490008654472,98.88,-3.2062,1.0,1.0,1.0,0.0,27.137144587590168,93.65000007301568,91.0615727351262
SABANALARGA,2022,3,55,5,0.2,0.2,0.0,0.6,0.0,0.0,0.6,0.0,0.8,0.705266525333551,8.32490008654472,98.88,-3.2062,1.0,1.0,1.0,0.0,27.094684855143253,9.0,89.0216776529948
SABANALARGA,2022,4,56,7,0.5714285714285714,0.1428571428571428,0.0,0.2857142857142857,0.0,0.0,0.4285714285714285,0.0,0.2857142857142857,0.705266525333551,8.32490008654472,98.88,-3.2062,1.0,1.0,1.0,0.0,27.21376953125002,204.34000000357628,88.33005714416504
SABANALARGA,2022,5,57,6,0.8333333333333334,0.0,0.0,0.1666666666666666,0.0,0.0,0.6666666666666666,0.0,0.5,0.705266525333551,8.32490008654472,98.88,-3.2062,1.0,1.0,1.0,0.0,27.735757991245837,79.90999990701675,85.55504826136998
SABANALARGA,2022,6,58,20,0.45,0.15,0.0,0.4,0.0,0.0,0.55,0.15,0.4,0.705266525333551,8.32490008654472,98.88,-3.2062,1.0,1.0,1.0,0.0,28.18555167061944,186.06500067561865,86.67320142473493
SABANALARGA,2022,7,59,40,0.425,0.175,0.025,0.375,0.0,0.025,0.7,0.025,0.55,0.705266525333551,8.32490008654472,98.88,-3.2062,1.0,1.0,1.0,0.0,28.02490768432619,187.5249996036291,87.6490227835519
SABANALARGA,2022,8,60,46,0.4347826086956521,0.1739130434782608,0.0,0.391304347826087,0.0,0.0434782608695652,0.5652173913043478,0.0217391304347826,0.5869565217391305,0.705266525333551,8.32490008654472,98.88,-3.2062,1.0,1.0,1.0,0.0,27.69479032244003,217.17499780654907,90.60471834455218
SABANALARGA,2022,9,61,41,0.5853658536585366,0.048780487804878,0.0,0.3658536585365853,0.0,0.024390243902439,0.8048780487804879,0.024390243902439,0.4634146341463415,0.705266525333551,8.32490008654472,98.88,-3.2062,1.0,1.0,1.0,0.0,27.0689031328474,369.1650011539459,92.02802331107004
SABANALARGA,2022,10,62,24,0.5,0.125,0.0,0.375,0.0,0.0,0.7083333333333334,0.0833333333333333,0.4166666666666667,0.705266525333551,8.32490008654472,98.88,-3.2062,1.0,1.0,1.0,0.0,27.399318041120274,253.805000603199,92.66833632332938
SABANALARGA,2022,11,63,42,0.5714285714285714,0.0952380952380952,0.0238095238095238,0.3095238095238095,0.0,0.0238095238095238,0.7142857142857143,0.0476190476190476,0.6428571428571429,0.705266525333551,8.32490008654472,98.88,-3.2062,1.0,1.0,1.0,0.0,27.255871800013967,360.0199974477291,93.43356132507324
SABANALARGA,2022,12,64,25,0.52,0.0,0.04,0.4,0.04,0.0,0.72,0.04,0.56,0.705266525333551,8.32490008654472,98.88,-3.2062,1.0,1.0,1.0,0.0,27.21314773559572,293.9500004053116,94.13975715637208
SABANALARGA,2022,13,65,25,0.44,0.2,0.0,0.36,0.0,0.08,0.56,0.0,0.44,0.705266525333551,8.32490008654472,98.88,-3.2062,1.0,1.0,1.0,0.0,26.516099548339863,270.04499757289886,94.05159759521484
SABANALARGA,2023,1,66,14,0.3571428571428571,0.1428571428571428,0.0,0.5,0.0,0.0,0.3571428571428571,0.0,0.5714285714285714,0.705266525333551,8.32490008654472,98.36,-3.2062,1.0,1.0,1.0,0.0,26.4718697684152,310.08000046014786,94.10737419128418
SABANALARGA,2023,2,67,8,0.125,0.375,0.125,0.375,0.0,0.0,0.375,0.125,0.625,0.705266525333551,8.32490008654472,98.36,-3.2062,1.0,1.0,1.0,0.0,26.310846492222392,293.25000166893005,93.79639407566616
SABANALARGA,2023,3,68,3,0.6666666666666666,0.3333333333333333,0.0,0.0,0.0,0.3333333333333333,0.0,0.0,0.6666666666666666,0.705266525333551,8.32490008654472,98.36,-3.2062,1.0,1.0,1.0,0.0,26.855984076138217,84.33000198751688,90.66850728002088
SABANALARGA,2023,4,69,5,0.4,0.6,0.0,0.0,0.0,0.0,0.6,0.0,0.4,0.705266525333551,8.32490008654472,98.36,-3.2062,1.0,1.0,1.0,0.0,27.29201660156252,56.59999971836805,88.92267526899066
SABANALARGA,2023,5,70,2,0.5,0.5,0.0,0.0,0.0,0.0,0.5,0.0,1.0,0.705266525333551,8.32490008654472,98.36,-3.2062,1.0,1.0,1.0,0.0,27.30744705200197,39.55499999970198,84.02863883972168
SABANALARGA,2023,6,71,2,0.5,0.5,0.0,0.0,0.0,0.0,0.5,0.0,0.5,0.705266525333551,8.32490008654472,98.36,-3.2062,1.0,1.0,1.0,0.0,27.544001879010896,112.9350011292845,87.69071851457868
SABANALARGA,2023,7,72,1,0.0,1.0,0.0,0.0,0.0,0.0,1.0,0.0,1.0,0.705266525333551,8.32490008654472,98.36,-3.2062,1.0,1.0,1.0,0.0,28.09337387084963,214.10500180721283,85.11311176845005
SABANALARGA,2023,8,73,5,0.6,0.2,0.0,0.2,0.0,0.0,0.8,0.2,0.8,0.705266525333551,8.32490008654472,98.36,-3.2062,1.0,1.0,1.0,0.0,28.55617566789902,162.124997921288,88.7241518838065
SABANALARGA,2023,9,74,4,0.25,0.5,0.0,0.25,0.0,0.0,0.75,0.0,1.0,0.705266525333551,8.32490008654472,98.36,-3.2062,1.0,1.0,1.0,0.0,28.133564976283505,324.29500007629395,91.217102595738
SABANALARGA,2023,10,75,3,0.0,0.3333333333333333,0.0,0.6666666666666666,0.0,0.0,1.0,0.0,0.3333333333333333,0.705266525333551,8.32490008654472,98.36,-3.2062,1.0,1.0,1.0,0.0,28.322069876534613,265.2749997973442,91.39034598214286
SABANALARGA,2023,11,76,4,0.0,0.75,0.25,0.0,0.0,0.25,0.75,0.0,0.5,0.705266525333551,8.32490008654472,98.36,-3.2062,1.0,1.0,1.0,0.0,28.868615722656266,113.68500063568354,91.12595176696776
SABANALARGA,2023,12,77,2,0.0,1.0,0.0,0.0,0.0,0.0,1.0,0.0,0.0,0.705266525333551,8.32490008654472,98.36,-3.2062,1.0,1.0,1.0,0.0,27.998018973214304,194.94500257074836,93.30963379996165
SABANALARGA,2023,13,78,3,0.6666666666666666,0.3333333333333333,0.0,0.0,0.0,0.0,0.6666666666666666,0.0,0.6666666666666666,0.705266525333551,8.32490008654472,98.36,-3.2062,1.0,1.0,1.0,0.0,27.96021695818221,220.0900018066168,93.97645650591168
SANTA LUCÍA,2019,4,17,1,1.0,0.0,0.0,0.0,0.0,0.0,1.0,0.0,0.0,2.134185015397168,9.113102284704611,93.6,-4.7578,0.0,0.0,0.0,0.105179,28.39614854132995,159.26000209649405,86.54609373246116
SANTA LUCÍA,2019,13,26,2,0.0,0.0,0.0,1.0,0.0,0.0,1.0,0.0,0.5,2.134185015397168,9.113102284704611,93.6,-4.7578,0.0,0.0,0.0,0.105179,27.72474096389047,190.74333401272693,92.1848734901065
SANTA LUCÍA,2020,1,27,1,0.0,0.0,0.0,1.0,0.0,0.0,1.0,0.0,1.0,2.134185015397168,9.113102284704611,100.0,-4.7578,0.0,0.0,0.0,0.105179,27.029222833542622,188.95333418250084,92.69002387637184
SANTA LUCÍA,2020,5,31,3,0.6666666666666666,0.3333333333333333,0.0,0.0,0.0,0.3333333333333333,0.6666666666666666,0.0,0.6666666666666666,2.134185015397168,9.113102284704611,100.0,-4.7578,0.0,0.0,0.0,0.105179,29.26806666056317,102.43666793902716,84.25311279296875
SANTA LUCÍA,2020,6,32,3,0.3333333333333333,0.0,0.0,0.6666666666666666,0.0,0.0,1.0,0.0,0.6666666666666666,2.134185015397168,9.113102284704611,100.0,-4.7578,0.0,0.0,0.0,0.105179,29.10926571800598,114.30666788419089,83.16717701866513
SANTA LUCÍA,2020,7,33,1,0.0,0.0,0.0,1.0,0.0,0.0,1.0,0.0,0.0,2.134185015397168,9.113102284704611,100.0,-4.7578,0.0,0.0,0.0,0.105179,29.63635515485493,118.14333365112545,83.93669073922294
SANTA LUCÍA,2020,8,34,4,0.5,0.0,0.0,0.5,0.0,0.5,0.5,0.0,0.75,2.134185015397168,9.113102284704611,100.0,-4.7578,0.0,0.0,0.0,0.105179,29.716889227004305,184.4099997033676,85.35132008507138
SANTA LUCÍA,2020,9,35,4,0.5,0.0,0.0,0.5,0.0,0.0,1.0,0.0,0.75,2.134185015397168,9.113102284704611,100.0,-4.7578,0.0,0.0,0.0,0.105179,28.57440283639093,209.2533348550399,87.99432627360025
SANTA LUCÍA,2020,10,36,1,0.0,0.0,0.0,1.0,0.0,0.0,0.0,0.0,1.0,2.134185015397168,9.113102284704611,100.0,-4.7578,0.0,0.0,0.0,0.105179,28.400955454508484,197.7333330300947,89.2664221809024
SANTA LUCÍA,2021,10,49,2,0.0,0.0,0.0,1.0,0.0,0.0,1.0,0.0,0.0,2.134185015397168,9.113102284704611,100.0,-4.7578,0.0,0.0,0.0,0.105179,27.94857541038879,185.6366674428185,90.03555697486514
SANTA LUCÍA,2021,11,50,3,0.3333333333333333,0.3333333333333333,0.0,0.3333333333333333,0.0,0.0,1.0,0.0,0.6666666666666666,2.134185015397168,9.113102284704611,100.0,-4.7578,0.0,0.0,0.0,0.105179,28.13741545904253,172.86333336681128,90.1209838503883
SANTA LUCÍA,2021,12,51,1,0.0,0.0,0.0,1.0,0.0,0.0,1.0,0.0,1.0,2.134185015397168,9.113102284704611,100.0,-4.7578,0.0,0.0,0.0,0.105179,27.1010681152344,276.6999982992808,92.5832265218099
SANTA LUCÍA,2021,13,52,2,0.0,0.0,0.0,1.0,0.0,0.0,1.0,0.0,0.0,2.134185015397168,9.113102284704611,100.0,-4.7578,0.0,0.0,0.0,0.105179,27.437961832682312,159.50666730105877,91.8019468216669
SANTA LUCÍA,2022,1,53,3,0.0,0.0,0.0,1.0,0.0,0.0,1.0,0.0,0.3333333333333333,2.134185015397168,9.113102284704611,100.0,-4.7578,0.0,0.0,0.0,0.105179,27.40205917358401,194.10333397984505,91.56615366254536
SANTA LUCÍA,2022,2,54,5,0.2,0.2,0.0,0.6,0.0,0.0,1.0,0.0,0.8,2.134185015397168,9.113102284704611,100.0,-4.7578,0.0,0.0,0.0,0.105179,28.049927305563926,119.81000029792386,89.84459774310773
SANTA LUCÍA,2022,3,55,1,0.0,1.0,0.0,0.0,0.0,1.0,0.0,0.0,1.0,2.134185015397168,9.113102284704611,100.0,-4.7578,0.0,0.0,0.0,0.105179,28.08633490668405,13.0,88.14647420247395
SANTA LUCÍA,2022,4,56,1,1.0,0.0,0.0,0.0,0.0,0.0,1.0,0.0,0.0,2.134185015397168,9.113102284704611,100.0,-4.7578,0.0,0.0,0.0,0.105179,28.104588899158323,314.270001600186,87.58001200358072
SANTA LUCÍA,2022,13,65,1,1.0,0.0,0.0,0.0,0.0,0.0,1.0,0.0,1.0,2.134185015397168,9.113102284704611,100.0,-4.7578,0.0,0.0,0.0,0.105179,27.127811322893447,232.96999838203192,92.44517062959216
SANTA LUCÍA,2023,1,66,1,0.0,0.0,1.0,0.0,0.0,0.0,1.0,0.0,1.0,2.134185015397168,9.113102284704611,94.8,-4.7578,0.0,0.0,0.0,0.105179,26.817462448846754,238.40999881426492,92.66563015892392
SANTA LUCÍA,2023,5,70,1,0.0,0.0,0.0,1.0,0.0,0.0,1.0,0.0,0.0,2.134185015397168,9.113102284704611,94.8,-4.7578,0.0,0.0,0.0,0.105179,28.554081399100195,58.490000630418464,82.26028451465424
SANTO TOMÁS,2018,1,1,2,0.0,0.5,0.0,0.5,0.0,0.0,0.5,0.0,0.5,2.537834539424502,5.124024254807073,100.0,-1.9764,1.0,0.0,1.0,0.039992,27.471898469470823,295.1900004297495,92.89490863255092
SANTO TOMÁS,2018,3,3,1,1.0,0.0,0.0,0.0,0.0,0.0,1.0,0.0,0.0,2.537834539424502,5.124024254807073,100.0,-1.9764,1.0,0.0,1.0,0.039992,27.364708069549238,159.270001873374,90.18211531365054
SANTO TOMÁS,2018,5,5,1,0.0,1.0,0.0,0.0,0.0,0.0,0.0,0.0,1.0,2.537834539424502,5.124024254807073,100.0,-1.9764,1.0,0.0,1.0,0.039992,27.676567331949894,0.6100000180304047,83.87948699224562
SANTO TOMÁS,2018,6,6,1,0.0,0.0,0.0,1.0,0.0,0.0,0.0,0.0,0.0,2.537834539424502,5.124024254807073,100.0,-1.9764,1.0,0.0,1.0,0.039992,27.946842629568938,8.770000176504254,86.85425885518393
SANTO TOMÁS,2018,11,11,1,1.0,0.0,0.0,0.0,0.0,0.0,0.0,0.0,0.0,2.537834539424502,5.124024254807073,100.0,-1.9764,1.0,0.0,1.0,0.039992,27.976619611467655,163.66999774053693,90.57403573535736
SANTO TOMÁS,2018,12,12,1,0.0,1.0,0.0,0.0,0.0,0.0,0.0,0.0,1.0,2.537834539424502,5.124024254807073,100.0,-1.9764,1.0,0.0,1.0,0.039992,27.74906002226332,219.92000105977056,91.730681010655
SANTO TOMÁS,2019,5,18,1,0.0,1.0,0.0,0.0,0.0,0.0,1.0,0.0,1.0,2.537834539424502,5.124024254807073,99.94,-1.9764,1.0,0.0,1.0,0.039992,27.99018158685596,113.5200001001358,86.20311464582171
SANTO TOMÁS,2019,6,19,1,0.0,1.0,0.0,0.0,0.0,0.0,1.0,0.0,1.0,2.537834539424502,5.124024254807073,99.94,-1.9764,1.0,0.0,1.0,0.039992,28.06223885672436,41.63000022247434,85.19889540899366
SANTO TOMÁS,2019,7,20,2,0.5,0.0,0.0,0.5,0.0,0.0,0.5,0.0,0.5,2.537834539424502,5.124024254807073,99.94,-1.9764,1.0,0.0,1.0,0.039992,28.592641267322385,77.58000011742115,86.0287981487456
SANTO TOMÁS,2019,8,21,2,0.5,0.5,0.0,0.0,0.0,0.0,0.5,0.0,0.0,2.537834539424502,5.124024254807073,99.94,-1.9764,1.0,0.0,1.0,0.039992,28.641248321533222,306.77999838627875,86.98052842276437
SANTO TOMÁS,2019,9,22,1,1.0,0.0,0.0,0.0,0.0,0.0,1.0,0.0,1.0,2.537834539424502,5.124024254807073,99.94,-1.9764,1.0,0.0,1.0,0.039992,28.00721257527672,300.1600031852722,90.36418932960149
SANTO TOMÁS,2019,11,24,2,0.5,0.5,0.0,0.0,0.0,0.0,1.0,0.0,0.0,2.537834539424502,5.124024254807073,99.94,-1.9764,1.0,0.0,1.0,0.039992,28.37413141159787,187.6899995803833,90.50528462727866
SANTO TOMÁS,2019,12,25,1,0.0,1.0,0.0,0.0,0.0,0.0,0.0,0.0,1.0,2.537834539424502,5.124024254807073,99.94,-1.9764,1.0,0.0,1.0,0.039992,28.090278516496955,281.9300002157688,92.03858457292829
SANTO TOMÁS,2019,13,26,1,0.0,0.0,0.0,1.0,0.0,0.0,1.0,0.0,1.0,2.537834539424502,5.124024254807073,99.94,-1.9764,1.0,0.0,1.0,0.039992,27.376613689604287,277.7299993038177,93.16921969822477
SANTO TOMÁS,2020,1,27,1,1.0,0.0,0.0,0.0,0.0,0.0,1.0,0.0,1.0,2.537834539424502,5.124024254807073,99.89,-1.9764,1.0,0.0,1.0,0.039992,26.783913094656832,349.7800031900406,93.74557377043224
SANTO TOMÁS,2020,2,28,2,0.5,0.0,0.0,0.5,0.0,0.0,1.0,0.0,0.5,2.537834539424502,5.124024254807073,99.89,-1.9764,1.0,0.0,1.0,0.039992,27.28531145368306,343.8900002390146,92.24048478262765
SANTO TOMÁS,2020,3,29,1,0.0,0.0,0.0,1.0,0.0,0.0,1.0,0.0,0.0,2.537834539424502,5.124024254807073,99.89,-1.9764,1.0,0.0,1.0,0.039992,27.74950688680015,246.92999997921288,91.95012637547084
SANTO TOMÁS,2020,4,30,1,0.0,1.0,0.0,0.0,0.0,0.0,0.0,0.0,1.0,2.537834539424502,5.124024254807073,99.89,-1.9764,1.0,0.0,1.0,0.039992,27.668532307942737,28.47999998368323,87.68674693963467
SANTO TOMÁS,2020,8,34,1,0.0,0.0,0.0,1.0,0.0,0.0,0.0,0.0,1.0,2.537834539424502,5.124024254807073,99.89,-1.9764,1.0,0.0,1.0,0.039992,29.137735530308337,197.13000002503395,86.63546780177525
SANTO TOMÁS,2020,11,37,2,0.0,0.0,0.0,1.0,0.0,0.0,0.5,0.0,1.0,2.537834539424502,5.124024254807073,99.89,-1.9764,1.0,0.0,1.0,0.039992,27.871605173746765,224.23000040650368,92.03364363170806
SANTO TOMÁS,2020,13,39,1,0.0,1.0,0.0,0.0,0.0,0.0,1.0,0.0,1.0,2.537834539424502,5.124024254807073,99.89,-1.9764,1.0,0.0,1.0,0.039992,27.1352238246373,418.010000705719,93.33599944341748
SANTO TOMÁS,2021,1,40,2,0.0,0.5,0.0,0.5,0.0,0.0,0.5,0.0,0.5,2.537834539424502,5.124024254807073,99.87,-1.9764,1.0,0.0,1.0,0.039992,26.30152010236469,319.51000288128853,93.29723285493397
SANTO TOMÁS,2021,9,48,1,1.0,0.0,0.0,0.0,0.0,1.0,0.0,0.0,1.0,2.537834539424502,5.124024254807073,99.87,-1.9764,1.0,0.0,1.0,0.039992,27.57473017374677,366.9700001478195,89.68864849635533
SANTO TOMÁS,2021,10,49,1,0.0,0.0,0.0,1.0,0.0,0.0,1.0,0.0,0.0,2.537834539424502,5.124024254807073,99.87,-1.9764,1.0,0.0,1.0,0.039992,27.484702228364515,256.3399994149804,90.51721309480212
SANTO TOMÁS,2021,11,50,1,0.0,1.0,0.0,0.0,0.0,0.0,0.0,0.0,1.0,2.537834539424502,5.124024254807073,99.87,-1.9764,1.0,0.0,1.0,0.039992,27.571433003743515,256.28999857604504,90.71291451227098
SANTO TOMÁS,2021,12,51,4,0.5,0.5,0.0,0.0,0.0,0.0,1.0,0.0,0.75,2.537834539424502,5.124024254807073,99.87,-1.9764,1.0,0.0,1.0,0.039992,26.82805695306689,444.4299968481064,92.88007945106143
SANTO TOMÁS,2021,13,52,2,0.0,1.0,0.0,0.0,0.0,0.0,0.5,0.0,0.0,2.537834539424502,5.124024254807073,99.87,-1.9764,1.0,0.0,1.0,0.039992,27.25539605276928,286.88999949768186,92.17960030691964
SANTO TOMÁS,2022,1,53,1,0.0,0.0,0.0,1.0,0.0,0.0,0.0,0.0,1.0,2.537834539424502,5.124024254807073,99.93,-1.9764,1.0,0.0,1.0,0.039992,26.9870304652623,229.4100041091442,92.65958431788852
SANTO TOMÁS,2022,2,54,1,1.0,0.0,0.0,0.0,0.0,0.0,1.0,0.0,1.0,2.537834539424502,5.124024254807073,99.93,-1.9764,1.0,0.0,1.0,0.039992,27.34970460549381,76.80999996885657,90.7935430086576
SANTO TOMÁS,2022,3,55,1,0.0,1.0,0.0,0.0,0.0,0.0,0.0,0.0,0.0,2.537834539424502,5.124024254807073,99.93,-1.9764,1.0,0.0,1.0,0.039992,27.30611063639324,17.0,88.53053029378255
SANTO TOMÁS,2022,4,56,2,0.5,0.0,0.0,0.5,0.0,0.0,0.5,0.0,1.0,2.537834539424502,5.124024254807073,99.93,-1.9764,1.0,0.0,1.0,0.039992,27.34592190697082,198.44000286608932,88.31370026724679
SANTO TOMÁS,2022,8,60,1,0.0,0.0,1.0,0.0,0.0,0.0,1.0,0.0,0.0,2.537834539424502,5.124024254807073,99.93,-1.9764,1.0,0.0,1.0,0.039992,27.8072205316453,250.3299985527992,89.95927819751557
SANTO TOMÁS,2022,9,61,2,0.5,0.5,0.0,0.0,0.0,0.0,1.0,0.0,0.0,2.537834539424502,5.124024254807073,99.93,-1.9764,1.0,0.0,1.0,0.039992,27.273820132300997,458.11999917030334,91.1754056839716
SANTO TOMÁS,2022,10,62,1,1.0,0.0,0.0,0.0,0.0,0.0,0.0,0.0,0.0,2.537834539424502,5.124024254807073,99.93,-1.9764,1.0,0.0,1.0,0.039992,27.67352538335893,308.3199996352196,91.64520763215565
SANTO TOMÁS,2022,11,63,4,0.0,0.75,0.0,0.25,0.0,0.0,0.75,0.0,0.75,2.537834539424502,5.124024254807073,99.93,-1.9764,1.0,0.0,1.0,0.039992,27.567486426943848,455.23000079393387,92.25032306852796
SANTO TOMÁS,2022,12,64,1,1.0,0.0,0.0,0.0,0.0,0.0,1.0,0.0,0.0,2.537834539424502,5.124024254807073,99.93,,1.0,0.0,1.0,0.039992,27.452518172491185,368.80999743938446,93.36720030648368
SANTO TOMÁS,2022,13,65,2,0.5,0.5,0.0,0.0,0.0,0.0,0.5,0.0,1.0,2.537834539424502,5.124024254807073,99.93,10.775,1.0,1.0,0.0,0.070786,26.75974353608633,350.79999828338623,93.59462492806573
SANTO TOMÁS,2023,1,66,3,0.3333333333333333,0.3333333333333333,0.0,0.3333333333333333,0.0,0.0,1.0,0.0,0.6666666666666666,2.537834539424502,5.124024254807073,99.69,10.775,1.0,1.0,0.0,0.070786,26.602714974539648,387.0000026226044,94.035311290196
SANTO TOMÁS,2023,5,70,4,0.25,0.75,0.0,0.0,0.0,0.0,0.5,0.0,0.25,2.537834539424502,5.124024254807073,99.69,10.775,1.0,1.0,0.0,0.070786,27.4463932219006,16.0,83.49604842776344
SANTO TOMÁS,2023,6,71,1,0.0,1.0,0.0,0.0,0.0,0.0,0.0,0.0,0.0,2.537834539424502,5.124024254807073,99.69,10.775,1.0,1.0,0.0,0.070786,27.58262550717311,97.37000115215778,87.40329043070474
SANTO TOMÁS,2023,8,73,1,1.0,0.0,0.0,0.0,0.0,0.0,1.0,0.0,1.0,2.537834539424502,5.124024254807073,99.69,10.775,1.0,1.0,0.0,0.070786,28.6042791820708,195.2199979573488,88.42553992498488
SANTO TOMÁS,2023,9,74,1,0.0,1.0,0.0,0.0,0.0,0.0,1.0,0.0,1.0,2.537834539424502,5.124024254807073,99.69,10.775,1.0,1.0,0.0,0.070786,28.289274560837544,404.340000718832,90.76430956522624
SANTO TOMÁS,2023,10,75,2,0.5,0.5,0.0,0.0,0.0,0.0,1.0,0.0,0.5,2.537834539424502,5.124024254807073,99.69,10.775,1.0,1.0,0.0,0.070786,28.561841401599725,277.4099989831448,90.47567085992723
SANTO TOMÁS,2023,11,76,2,0.5,0.5,0.0,0.0,0.0,0.0,0.5,0.0,0.5,2.537834539424502,5.124024254807073,99.69,10.775,1.0,1.0,0.0,0.070786,28.874410974411763,166.2799997162074,91.10108675275532
SANTO TOMÁS,2023,12,77,4,0.25,0.75,0.0,0.0,0.0,0.25,0.5,0.0,0.25,2.537834539424502,5.124024254807073,99.69,10.775,1.0,1.0,0.0,0.070786,28.154528735932875,226.630000770092,92.93707629612514
SANTO TOMÁS,2023,13,78,1,1.0,0.0,0.0,0.0,0.0,0.0,1.0,0.0,0.0,2.537834539424502,5.124024254807073,99.69,10.775,1.0,1.0,0.0,0.070786,28.145364198230585,275.6600003838539,93.4827762785412
SOLEDAD,2018,1,1,132,0.4545454545454545,0.2348484848484848,0.0,0.3106060606060606,0.0,0.053030303030303,0.3787878787878788,0.0,0.4848484848484848,2.112103133879049,1.787470321237574,99.58,-6.187,1.0,0.0,1.0,0.002,27.648523494175524,153.37999811954796,91.94976070949008
SOLEDAD,2018,2,2,88,0.4886363636363636,0.2386363636363636,0.0,0.2613636363636363,0.0113636363636363,0.0681818181818181,0.3863636363636363,0.0113636363636363,0.5340909090909091,2.112103133879049,1.787470321237574,99.58,-6.187,1.0,0.0,1.0,0.002,27.319184875488304,197.2400001958013,91.39814049857004
SOLEDAD,2018,3,3,25,0.48,0.28,0.0,0.24,0.0,0.08,0.44,0.08,0.68,2.112103133879049,1.787470321237574,99.58,-6.187,1.0,0.0,1.0,0.002,27.63669844002561,41.41999990493059,87.40413639463227
SOLEDAD,2018,4,4,15,0.2,0.4666666666666667,0.0,0.2666666666666666,0.0666666666666666,0.0666666666666666,0.3333333333333333,0.0666666666666666,0.6666666666666666,2.112103133879049,1.787470321237574,99.58,-6.187,1.0,0.0,1.0,0.002,27.73474142140358,20.50000008381903,86.90374729551118
SOLEDAD,2018,5,5,19,0.3684210526315789,0.3157894736842105,0.0,0.3157894736842105,0.0,0.1578947368421052,0.3157894736842105,0.0,0.5789473684210527,2.112103133879049,1.787470321237574,99.58,-6.187,1.0,0.0,1.0,0.002,27.276910400390648,0.0,83.42995861598423
SOLEDAD,2018,6,6,11,0.2727272727272727,0.2727272727272727,0.0,0.4545454545454545,0.0,0.0,0.2727272727272727,0.0909090909090909,0.6363636363636364,2.112103133879049,1.787470321237574,99.58,-6.187,1.0,0.0,1.0,0.002,27.70154778616771,1.1999999973922963,84.96229362487793
SOLEDAD,2018,7,7,24,0.2083333333333333,0.4583333333333333,0.0,0.3333333333333333,0.0,0.0416666666666666,0.4583333333333333,0.0,0.7916666666666666,2.112103133879049,1.787470321237574,99.58,-6.187,1.0,0.0,1.0,0.002,28.0221627371652,35.56000076234341,85.12205723353794
SOLEDAD,2018,8,8,42,0.6428571428571429,0.1428571428571428,0.0,0.1904761904761904,0.0238095238095238,0.0952380952380952,0.3095238095238095,0.0238095238095238,0.6428571428571429,2.112103133879049,1.787470321237574,99.58,-6.187,1.0,0.0,1.0,0.002,28.08191397530694,205.66000042296943,87.70594787597656
SOLEDAD,2018,9,9,47,0.4468085106382978,0.2127659574468085,0.0,0.3191489361702128,0.0212765957446808,0.0851063829787234,0.4042553191489361,0.0,0.5106382978723404,2.112103133879049,1.787470321237574,99.58,-6.187,1.0,0.0,1.0,0.002,28.38866468157089,158.94999966397882,88.33840806143624
SOLEDAD,2018,10,10,53,0.320754716981132,0.3018867924528302,0.0188679245283018,0.3396226415094339,0.0188679245283018,0.0566037735849056,0.4528301886792453,0.0566037735849056,0.5849056603773585,2.112103133879049,1.787470321237574,99.58,-6.187,1.0,0.0,1.0,0.002,27.940004512241927,60.709999687969685,89.45008523123605
SOLEDAD,2018,11,11,51,0.3529411764705882,0.2549019607843137,0.0,0.3725490196078431,0.0196078431372549,0.1764705882352941,0.2549019607843137,0.0,0.6470588235294118,2.112103133879049,1.787470321237574,99.58,-6.187,1.0,0.0,1.0,0.002,27.620536695207885,76.70000034756958,91.07981191362651
SOLEDAD,2018,12,12,84,0.3928571428571428,0.2142857142857142,0.0,0.3928571428571428,0.0,0.0119047619047619,0.4285714285714285,0.0,0.4880952380952381,2.112103133879049,1.787470321237574,99.58,-6.187,1.0,0.0,1.0,0.002,27.53714686802457,131.59000009298325,92.38385472978864
SOLEDAD,2018,13,13,84,0.5238095238095238,0.2261904761904762,0.0,0.25,0.0,0.0238095238095238,0.4047619047619047,0.0119047619047619,0.5952380952380952,2.112103133879049,1.787470321237574,99.58,-6.187,1.0,0.0,1.0,0.002,27.45347202845985,232.57999861240387,93.01761163984028
SOLEDAD,2019,1,14,82,0.4512195121951219,0.1829268292682926,0.0,0.3658536585365853,0.0,0.0365853658536585,0.3536585365853658,0.0121951219512195,0.524390243902439,2.112103133879049,1.787470321237574,99.6,-6.187,1.0,0.0,1.0,0.002,27.19964915684293,167.21999926120043,91.90157781328472
SOLEDAD,2019,2,15,48,0.4375,0.1458333333333333,0.0208333333333333,0.375,0.0208333333333333,0.0208333333333333,0.5,0.0208333333333333,0.5208333333333334,2.112103133879049,1.787470321237574,99.6,-6.187,1.0,0.0,1.0,0.002,27.51506631033763,51.82000016234815,90.9540786743164
SOLEDAD,2019,3,16,11,0.4545454545454545,0.0909090909090909,0.0,0.4545454545454545,0.0,0.0,0.3636363636363636,0.0,0.5454545454545454,2.112103133879049,1.787470321237574,99.6,-6.187,1.0,0.0,1.0,0.002,27.222625078473797,0.2899999916553497,87.53120149884906
SOLEDAD,2019,4,17,9,0.4444444444444444,0.3333333333333333,0.0,0.2222222222222222,0.0,0.0,0.2222222222222222,0.0,0.3333333333333333,2.112103133879049,1.787470321237574,99.6,-6.187,1.0,0.0,1.0,0.002,27.01538896231818,12.770000064745544,86.35279451567551
SOLEDAD,2019,5,18,8,0.25,0.25,0.0,0.5,0.0,0.125,0.375,0.0,0.375,2.112103133879049,1.787470321237574,99.6,,1.0,0.0,1.0,0.002,27.41497628348216,2.889999995008111,85.3029534476144
SOLEDAD,2019,6,19,14,0.3571428571428571,0.2142857142857142,0.0,0.4285714285714285,0.0,0.0714285714285714,0.3571428571428571,0.0,0.6428571428571429,2.112103133879049,1.787470321237574,99.6,1.7455,1.0,1.0,1.0,0.0008,27.388130078996948,3.949999872595072,84.7606895991734
SOLEDAD,2019,7,20,27,0.4814814814814814,0.1111111111111111,0.0,0.4074074074074074,0.0,0.037037037037037,0.2962962962962963,0.0,0.4814814814814814,2.112103133879049,1.787470321237574,99.6,1.7455,1.0,1.0,1.0,0.0008,28.256294141496948,28.77000017650425,85.02240889413017
SOLEDAD,2019,8,21,32,0.4375,0.25,0.0,0.25,0.0625,0.0625,0.21875,0.03125,0.59375,2.112103133879049,1.787470321237574,99.6,1.7455,1.0,1.0,1.0,0.0008,28.585864366803868,164.64999949000776,86.10847554888043
SOLEDAD,2019,9,22,19,0.2631578947368421,0.4210526315789473,0.0,0.3157894736842105,0.0,0.0526315789473684,0.3157894736842105,0.0,0.5789473684210527,2.112103133879049,1.787470321237574,99.6,1.7455,1.0,1.0,1.0,0.0008,28.365129089355488,237.56000079587105,89.0861462184361
SOLEDAD,2019,10,23,26,0.4230769230769231,0.1923076923076923,0.0,0.3846153846153846,0.0,0.1153846153846153,0.3846153846153846,0.0,0.5769230769230769,2.112103133879049,1.787470321237574,99.6,1.7455,1.0,1.0,1.0,0.0008,28.212886156354653,40.87000082060695,89.18316813877651
SOLEDAD,2019,11,24,55,0.4181818181818181,0.2,0.0,0.3636363636363636,0.0181818181818181,0.0545454545454545,0.4,0.0,0.6181818181818182,2.112103133879049,1.787470321237574,99.6,1.7455,1.0,1.0,1.0,0.0008,27.911234065464583,77.74000051245093,91.79347555977958
SOLEDAD,2019,12,25,123,0.3821138211382114,0.1544715447154471,0.0,0.4471544715447154,0.016260162601626,0.032520325203252,0.4227642276422764,0.0,0.5284552845528455,2.112103133879049,1.787470321237574,99.6,1.7455,1.0,1.0,1.0,0.0008,27.85911276681085,148.94000041298568,92.3531014578683
SOLEDAD,2019,13,26,156,0.532051282051282,0.1346153846153846,0.0,0.3333333333333333,0.0,0.0384615384615384,0.4807692307692308,0.0128205128205128,0.5576923076923077,2.112103133879049,1.787470321237574,99.6,1.7455,1.0,1.0,1.0,0.0008,27.387408556257,215.8000000715256,93.4886510031564
SOLEDAD,2020,1,27,203,0.4975369458128079,0.1921182266009852,0.0,0.3103448275862069,0.0,0.0935960591133004,0.2413793103448276,0.0197044334975369,0.5073891625615764,2.112103133879049,1.787470321237574,99.35,1.7455,1.0,1.0,1.0,0.0008,27.182000732421898,307.56000089645386,92.52917616707938
SOLEDAD,2020,2,28,107,0.4953271028037383,0.2429906542056074,0.0,0.2616822429906542,0.0,0.0841121495327102,0.2990654205607476,0.0,0.4392523364485981,2.112103133879049,1.787470321237574,99.35,1.7455,1.0,1.0,1.0,0.0008,27.54121606009349,90.38000033609568,90.75134331839423
SOLEDAD,2020,3,29,37,0.3513513513513513,0.3243243243243243,0.0,0.3243243243243243,0.0,0.054054054054054,0.3513513513513513,0.054054054054054,0.4594594594594595,2.112103133879049,1.787470321237574,99.35,1.7455,1.0,1.0,1.0,0.0008,27.864865875244163,56.77000021748245,89.65809113638741
SOLEDAD,2020,4,30,6,0.3333333333333333,0.5,0.0,0.1666666666666666,0.0,0.1666666666666666,0.1666666666666666,0.0,0.6666666666666666,2.112103133879049,1.787470321237574,99.35,1.7455,1.0,1.0,1.0,0.0008,27.47353574312653,21.24000001884997,85.86730458186223
SOLEDAD,2020,5,31,4,0.75,0.25,0.0,0.0,0.0,0.0,0.5,0.0,0.75,2.112103133879049,1.787470321237574,99.35,1.7455,1.0,1.0,1.0,0.0008,27.77847660609656,43.0,84.78654670715332
SOLEDAD,2020,6,32,6,0.0,0.8333333333333334,0.0,0.1666666666666666,0.0,0.1666666666666666,0.3333333333333333,0.0,0.6666666666666666,2.112103133879049,1.787470321237574,99.35,1.7455,1.0,1.0,1.0,0.0008,27.57177668980192,10.25,84.33208547319684
SOLEDAD,2020,7,33,3,0.3333333333333333,0.3333333333333333,0.0,0.3333333333333333,0.0,0.3333333333333333,0.0,0.0,0.6666666666666666,2.112103133879049,1.787470321237574,99.35,1.7455,1.0,1.0,1.0,0.0008,28.299157169887017,10.269999971613288,84.94765990121024
SOLEDAD,2020,8,34,4,0.25,0.25,0.0,0.5,0.0,0.25,0.5,0.0,1.0,2.112103133879049,1.787470321237574,99.35,1.7455,1.0,1.0,1.0,0.0008,28.796393694196446,75.29000002145767,85.93493543352399
SOLEDAD,2020,9,35,9,0.4444444444444444,0.4444444444444444,0.0,0.1111111111111111,0.0,0.0,0.3333333333333333,0.0,0.4444444444444444,2.112103133879049,1.787470321237574,99.35,1.7455,1.0,1.0,1.0,0.0008,28.50334265572686,290.50999999046326,88.55671065194267
SOLEDAD,2020,10,36,10,0.3,0.3,0.0,0.4,0.0,0.1,0.4,0.0,0.4,2.112103133879049,1.787470321237574,99.35,1.7455,1.0,1.0,1.0,0.0008,28.01661398751397,188.99000183306637,89.74310384477887
SOLEDAD,2020,11,37,10,0.2,0.4,0.1,0.3,0.0,0.1,0.3,0.0,0.7,2.112103133879049,1.787470321237574,99.35,1.7455,1.0,1.0,1.0,0.0008,27.906582859584283,141.4099986385554,92.07190840584892
SOLEDAD,2020,12,38,20,0.35,0.2,0.0,0.45,0.0,0.0,0.45,0.05,0.4,2.112103133879049,1.787470321237574,99.35,1.7455,1.0,1.0,1.0,0.0008,27.342790222167988,299.90000036358833,93.39799172537668
SOLEDAD,2020,13,39,33,0.2727272727272727,0.3939393939393939,0.0,0.3333333333333333,0.0,0.0606060606060606,0.303030303030303,0.0,0.3636363636363636,2.112103133879049,1.787470321237574,99.35,1.7455,1.0,1.0,1.0,0.0008,27.363258252825077,322.9700038433075,93.92370223999023
SOLEDAD,2020,14,40,10,0.5,0.2,0.0,0.3,0.0,0.2,0.4,0.0,0.4,2.112103133879049,1.787470321237574,99.35,1.7455,1.0,1.0,1.0,0.0008,27.165878186907104,256.8500002399087,92.20740236554828
SOLEDAD,2021,1,40,25,0.2,0.36,0.0,0.44,0.0,0.0,0.44,0.04,0.48,2.112103133879049,1.787470321237574,99.46,1.7455,1.0,1.0,1.0,0.0008,26.99805167061944,236.40000154078007,91.40031841823031
SOLEDAD,2021,2,41,26,0.2692307692307692,0.3076923076923077,0.0,0.4230769230769231,0.0,0.1923076923076923,0.2692307692307692,0.0,0.5769230769230769,2.112103133879049,1.787470321237574,99.46,1.7455,1.0,1.0,1.0,0.0008,27.413153948102696,60.110000263899565,88.80095427376884
SOLEDAD,2021,3,42,13,0.6153846153846154,0.3076923076923077,0.0,0.0769230769230769,0.0,0.0,0.4615384615384615,0.0,0.8461538461538461,2.112103133879049,1.787470321237574,99.46,1.7455,1.0,1.0,1.0,0.0008,27.21370849609377,14.0,86.24879264831543
SOLEDAD,2021,4,43,8,0.125,0.625,0.0,0.25,0.0,0.0,0.125,0.0,0.875,2.112103133879049,1.787470321237574,99.46,1.7455,1.0,1.0,1.0,0.0008,27.241658782959004,10.480000011622906,85.75132478986468
SOLEDAD,2021,5,44,5,0.2,0.6,0.0,0.2,0.0,0.0,0.2,0.0,0.2,2.112103133879049,1.787470321237574,99.46,1.7455,1.0,1.0,1.0,0.0008,27.80279312133791,14.800000004470348,83.88476889474052
SOLEDAD,2021,6,45,14,0.4285714285714285,0.2142857142857142,0.0,0.2857142857142857,0.0714285714285714,0.0714285714285714,0.4285714285714285,0.0,0.5714285714285714,2.112103133879049,1.787470321237574,99.46,1.7455,1.0,1.0,1.0,0.0008,27.655903298514254,19.93999996222556,83.40891102382115
SOLEDAD,2021,7,46,20,0.55,0.15,0.0,0.3,0.0,0.1,0.5,0.0,0.65,2.112103133879049,1.787470321237574,99.46,1.7455,1.0,1.0,1.0,0.0008,28.064156014578703,79.91999984905124,85.97942978995187
SOLEDAD,2021,8,47,34,0.4411764705882353,0.2058823529411764,0.0,0.3529411764705882,0.0,0.088235294117647,0.4705882352941176,0.0588235294117647,0.5,2.112103133879049,1.787470321237574,99.46,1.7455,1.0,1.0,1.0,0.0008,28.17781982421877,60.61999970301986,86.18728283473423
SOLEDAD,2021,9,48,81,0.5679012345679012,0.074074074074074,0.0,0.3580246913580246,0.0,0.0987654320987654,0.5061728395061729,0.0123456790123456,0.4814814814814814,2.112103133879049,1.787470321237574,99.46,1.7455,1.0,1.0,1.0,0.0008,28.032743617466537,243.3400000333786,88.50592150006976
SOLEDAD,2021,10,49,186,0.5483870967741935,0.1612903225806451,0.0,0.2849462365591398,0.0053763440860215,0.0698924731182795,0.4731182795698925,0.0376344086021505,0.543010752688172,2.112103133879049,1.787470321237574,99.46,1.7455,1.0,1.0,1.0,0.0008,27.773692430768712,143.8999992068857,89.70506068638393
SOLEDAD,2021,11,50,292,0.4863013698630137,0.1952054794520548,0.0034246575342465,0.3150684931506849,0.0,0.0787671232876712,0.5,0.0171232876712328,0.5684931506849316,2.112103133879049,1.787470321237574,99.46,1.7455,1.0,1.0,1.0,0.0008,27.579650769914924,159.87000142596662,91.57211140223912
SOLEDAD,2021,12,51,500,0.506,0.246,0.0,0.246,0.002,0.088,0.366,0.016,0.564,2.112103133879049,1.787470321237574,99.46,1.7455,1.0,1.0,1.0,0.0008,27.12834265572686,353.1700032055378,92.8837250300816
SOLEDAD,2021,13,52,347,0.4236311239193083,0.2853025936599423,0.0,0.2881844380403458,0.0028818443804034,0.0951008645533141,0.3631123919308357,0.0259365994236311,0.5043227665706052,2.112103133879049,1.787470321237574,99.46,1.7455,1.0,1.0,1.0,0.0008,27.43818871634349,244.60999973118305,92.59741728646416
SOLEDAD,2022,1,53,184,0.4347826086956521,0.2934782608695652,0.0,0.2717391304347826,0.0,0.108695652173913,0.3206521739130434,0.0380434782608695,0.5652173913043478,2.112103133879049,1.787470321237574,99.56,1.7455,1.0,1.0,1.0,0.0008,27.42363183157786,101.19000047072768,89.74659402029855
SOLEDAD,2022,2,54,118,0.5423728813559322,0.135593220338983,0.0,0.3220338983050847,0.0,0.0932203389830508,0.3220338983050847,0.0084745762711864,0.5338983050847458,2.112103133879049,1.787470321237574,99.56,1.7455,1.0,1.0,1.0,0.0008,27.37129774827225,24.45999986492097,88.18973658635066
SOLEDAD,2022,3,55,54,0.4814814814814814,0.1851851851851851,0.0,0.3148148148148148,0.0185185185185185,0.2037037037037037,0.2407407407407407,0.0,0.4259259259259259,2.112103133879049,1.787470321237574,99.56,1.7455,1.0,1.0,1.0,0.0008,27.28926493326824,0.0,86.75110117594402
SOLEDAD,2022,4,56,23,0.6521739130434783,0.1739130434782608,0.0,0.1739130434782608,0.0,0.2608695652173913,0.3043478260869565,0.1304347826086956,0.5652173913043478,2.112103133879049,1.787470321237574,99.56,1.7455,1.0,1.0,1.0,0.0008,27.16167984008791,29.230000004172325,85.60997118268695
SOLEDAD,2022,5,57,17,0.3529411764705882,0.4705882352941176,0.0,0.1764705882352941,0.0,0.1764705882352941,0.3529411764705882,0.0,0.6470588235294118,2.112103133879049,1.787470321237574,99.56,1.7455,1.0,1.0,1.0,0.0008,27.675002397809727,23.790000962093472,83.06323405674526
SOLEDAD,2022,6,58,30,0.3333333333333333,0.3,0.0,0.3666666666666666,0.0,0.2666666666666666,0.2666666666666666,0.1666666666666666,0.7333333333333333,2.112103133879049,1.787470321237574,99.56,1.7455,1.0,1.0,1.0,0.0008,28.076425170898457,63.720002816990025,83.74785668509347
SOLEDAD,2022,7,59,61,0.4426229508196721,0.3278688524590163,0.0,0.2295081967213114,0.0,0.081967213114754,0.2459016393442623,0.0327868852459016,0.5573770491803278,2.112103133879049,1.787470321237574,99.56,1.7455,1.0,1.0,1.0,0.0008,28.18316421508791,114.63999987393618,85.82398005894252
SOLEDAD,2022,8,60,106,0.4716981132075472,0.2358490566037736,0.0,0.2924528301886792,0.0,0.0849056603773584,0.4056603773584906,0.0188679245283018,0.5188679245283019,2.112103133879049,1.787470321237574,99.56,1.7455,1.0,1.0,1.0,0.0008,28.343405478341257,186.92999997735023,87.23767852783203
SOLEDAD,2022,9,61,136,0.4632352941176471,0.2794117647058823,0.0,0.2573529411764705,0.0,0.1176470588235294,0.3676470588235294,0.0147058823529411,0.5294117647058824,2.112103133879049,1.787470321237574,99.56,1.7455,1.0,1.0,1.0,0.0008,27.83461750575476,377.1099968552589,89.56049728393555
SOLEDAD,2022,10,62,184,0.4945652173913043,0.2934782608695652,0.0,0.2119565217391304,0.0,0.0489130434782608,0.4510869565217391,0.0380434782608695,0.5706521739130435,2.112103133879049,1.787470321237574,99.56,1.7455,1.0,1.0,1.0,0.0008,27.857973807198675,227.16000250726935,90.3085218157087
SOLEDAD,2022,11,63,287,0.5226480836236934,0.2439024390243902,0.0,0.229965156794425,0.0034843205574912,0.0940766550522648,0.4808362369337979,0.0418118466898954,0.4982578397212543,2.112103133879049,1.787470321237574,99.56,1.7455,1.0,1.0,1.0,0.0008,27.52940848214288,272.84999933838844,92.02390561785016
SOLEDAD,2022,12,64,418,0.5119617224880383,0.284688995215311,0.0,0.2033492822966507,0.0,0.0717703349282296,0.492822966507177,0.0406698564593301,0.5263157894736842,2.112103133879049,1.787470321237574,99.56,1.7455,1.0,1.0,1.0,0.0008,27.48557706560409,245.1599980592728,92.73026248386928
SOLEDAD,2022,13,65,507,0.534516765285996,0.2445759368836292,0.0,0.2189349112426035,0.0019723865877712,0.1104536489151873,0.4181459566074951,0.0315581854043392,0.52465483234714,2.112103133879049,1.787470321237574,99.56,1.7455,1.0,1.0,1.0,0.0008,26.924456351143995,276.0499979555607,94.05233383178712
SOLEDAD,2023,1,66,402,0.5099502487562189,0.2686567164179104,0.0,0.2189054726368159,0.0024875621890547,0.0895522388059701,0.4577114427860697,0.0199004975124378,0.527363184079602,2.112103133879049,1.787470321237574,99.7,1.7455,1.0,1.0,1.0,0.0008,26.89973057338171,360.7200025320053,93.29690715244838
SOLEDAD,2023,2,67,210,0.4142857142857143,0.2857142857142857,0.0,0.3,0.0,0.0809523809523809,0.4333333333333333,0.019047619047619,0.580952380952381,2.112103133879049,1.787470321237574,99.7,1.7455,1.0,1.0,1.0,0.0008,26.90690928867887,288.30000040493906,91.44283294677734
SOLEDAD,2023,3,68,72,0.5416666666666666,0.25,0.0,0.1944444444444444,0.0138888888888888,0.0555555555555555,0.5277777777777778,0.0277777777777777,0.5,2.112103133879049,1.787470321237574,99.7,1.7455,1.0,1.0,1.0,0.0008,27.08164788607895,8.879999995231628,87.23100517536032
SOLEDAD,2023,4,69,32,0.34375,0.375,0.0,0.28125,0.0,0.0,0.625,0.0,0.59375,2.112103133879049,1.787470321237574,99.7,1.7455,1.0,1.0,1.0,0.0008,27.290424782889254,18.72999992966652,85.9710772378104
SOLEDAD,2023,5,70,49,0.2653061224489796,0.4081632653061224,0.0,0.3265306122448979,0.0,0.0408163265306122,0.4693877551020408,0.0612244897959183,0.4693877551020408,2.112103133879049,1.787470321237574,99.7,1.7455,1.0,1.0,1.0,0.0008,26.99376286097937,0.0,83.59839630126953
SOLEDAD,2023,6,71,32,0.25,0.4375,0.0,0.3125,0.0,0.0625,0.53125,0.03125,0.65625,2.112103133879049,1.787470321237574,99.7,1.7455,1.0,1.0,1.0,0.0008,27.53258830479215,36.30999987758696,85.12642724173409
SOLEDAD,2023,7,72,49,0.4285714285714285,0.3265306122448979,0.0204081632653061,0.2244897959183673,0.0,0.1428571428571428,0.4489795918367347,0.0,0.5918367346938775,2.112103133879049,1.787470321237574,99.7,1.7455,1.0,1.0,1.0,0.0008,27.873076738630044,71.29000043310225,84.10657092503139
SOLEDAD,2023,8,73,102,0.4901960784313725,0.2254901960784313,0.0,0.284313725490196,0.0,0.0490196078431372,0.5882352941176471,0.0,0.4901960784313725,2.112103133879049,1.787470321237574,99.7,1.7455,1.0,1.0,1.0,0.0008,28.596802738734677,107.15000136755408,87.06988334655762
SOLEDAD,2023,9,74,71,0.380281690140845,0.3098591549295774,0.0,0.3098591549295774,0.0,0.056338028169014,0.5070422535211268,0.0140845070422535,0.4647887323943662,2.112103133879049,1.787470321237574,99.7,1.7455,1.0,1.0,1.0,0.0008,28.70760171072826,312.280000641942,88.89255360194615
SOLEDAD,2023,10,75,64,0.46875,0.25,0.015625,0.265625,0.0,0.078125,0.546875,0.015625,0.609375,2.112103133879049,1.787470321237574,99.7,1.7455,1.0,1.0,1.0,0.0008,28.596043069022063,152.72000051289797,89.8994721003941
SOLEDAD,2023,11,76,45,0.4888888888888889,0.2888888888888888,0.0,0.2222222222222222,0.0,0.0888888888888888,0.3777777777777777,0.0,0.5777777777777777,2.112103133879049,1.787470321237574,99.7,1.7455,1.0,1.0,1.0,0.0008,28.388461412702306,72.15000046230853,91.71335193089077
SOLEDAD,2023,12,77,68,0.3676470588235294,0.4117647058823529,0.0147058823529411,0.2058823529411764,0.0,0.1323529411764706,0.4117647058823529,0.0,0.5441176470588235,2.112103133879049,1.787470321237574,99.7,1.7455,1.0,1.0,1.0,0.0008,28.160612269810287,131.00999804586172,92.81844466073171
SOLEDAD,2023,13,78,54,0.5,0.3148148148148148,0.0,0.1851851851851851,0.0,0.0,0.5925925925925926,0.0,0.5370370370370371,2.112103133879049,1.787470321237574,99.7,1.7455,1.0,1.0,1.0,0.0008,28.159147426060287,178.77999883890152,92.97464152744838
SUAN,2018,6,6,1,0.0,0.0,0.0,1.0,0.0,0.0,0.0,0.0,0.0,0.096866397333771,15.05169670349008,,0.8058,0.0,0.0,0.0,0.385923,28.91674357822965,11.439999932423234,85.55356407165527
SUAN,2019,1,14,1,0.0,0.0,0.0,1.0,0.0,0.0,1.0,0.0,0.0,0.096866397333771,15.05169670349008,,0.8058,0.0,0.0,0.0,0.385923,27.324060058593773,167.84999957680702,92.29310171944756
SUAN,2019,2,15,1,0.0,0.0,0.0,1.0,0.0,0.0,1.0,0.0,0.0,0.096866397333771,15.05169670349008,,0.8058,0.0,0.0,0.0,0.385923,28.120692007882276,99.09000066295266,91.10818917410714
SUAN,2019,6,19,1,1.0,0.0,0.0,0.0,0.0,0.0,1.0,0.0,0.0,0.096866397333771,15.05169670349008,,0.8058,0.0,0.0,0.0,0.385923,29.13987448556085,56.9400007147342,83.97021021161761
SUAN,2019,7,20,2,0.5,0.0,0.0,0.5,0.0,0.0,1.0,0.0,0.0,0.096866397333771,15.05169670349008,,0.8058,0.0,0.0,0.0,0.385923,29.285242789132276,89.21999987214804,85.2018735068185
SUAN,2019,8,21,1,1.0,0.0,0.0,0.0,0.0,0.0,1.0,0.0,1.0,0.096866397333771,15.05169670349008,,0.8058,0.0,0.0,0.0,0.385923,28.902296229771224,263.8099994249642,87.23073414393834
SUAN,2019,9,22,5,0.4,0.0,0.0,0.6,0.0,0.2,0.6,0.0,0.8,0.096866397333771,15.05169670349008,,0.8058,0.0,0.0,0.0,0.385923,28.09580328805108,199.5399999320507,91.07558195931573
SUAN,2019,10,23,1,0.0,0.0,0.0,1.0,0.0,0.0,0.0,0.0,1.0,0.096866397333771,15.05169670349008,,0.8058,0.0,0.0,0.0,0.385923,29.31156964983261,117.9700025767088,88.88394818987165
SUAN,2019,11,24,1,1.0,0.0,0.0,0.0,0.0,0.0,1.0,0.0,1.0,0.096866397333771,15.05169670349008,,0.8058,0.0,0.0,0.0,0.385923,28.975850132533505,152.91999938338995,90.43624687194824
SUAN,2019,12,25,4,0.0,0.0,0.0,1.0,0.0,0.0,0.75,0.0,0.5,0.096866397333771,15.05169670349008,,0.8058,0.0,0.0,0.0,0.385923,28.54660404750281,219.26999950408936,92.01445525033134
SUAN,2019,13,26,3,0.0,0.3333333333333333,0.0,0.6666666666666666,0.0,0.0,1.0,0.0,0.3333333333333333,0.096866397333771,15.05169670349008,,0.8058,0.0,0.0,0.0,0.385923,27.536496734619163,204.67000061273572,93.3270503452846
SUAN,2020,1,27,9,0.8888888888888888,0.0,0.0,0.1111111111111111,0.0,0.1111111111111111,0.1111111111111111,0.0,0.5555555555555556,0.096866397333771,15.05169670349008,,0.8058,0.0,0.0,0.0,0.385923,26.898384530203703,205.64000058174133,93.60913385663714
SUAN,2020,2,28,3,1.0,0.0,0.0,0.0,0.0,0.0,0.3333333333333333,0.0,1.0,0.096866397333771,15.05169670349008,,0.8058,0.0,0.0,0.0,0.385923,27.705704716273736,314.3399997726083,91.5770525251116
SUAN,2020,3,29,1,1.0,0.0,0.0,0.0,0.0,0.0,0.0,0.0,1.0,0.096866397333771,15.05169670349008,,0.8058,0.0,0.0,0.0,0.385923,28.450633893694214,238.68999619595704,90.64292199271064
SUAN,2020,4,30,2,0.5,0.0,0.0,0.5,0.0,0.0,0.5,0.0,0.5,0.096866397333771,15.05169670349008,,0.8058,0.0,0.0,0.0,0.385923,28.50109018179088,35.709999987855554,87.24962792029747
SUAN,2021,11,50,1,0.0,0.0,0.0,1.0,0.0,0.0,1.0,0.0,1.0,0.096866397333771,15.05169670349008,,0.8058,0.0,0.0,0.0,0.385923,28.109007045200908,174.84000058472157,90.82068743024554
SUAN,2021,12,51,1,1.0,0.0,0.0,0.0,0.0,0.0,1.0,0.0,1.0,0.096866397333771,15.05169670349008,,0.8058,0.0,0.0,0.0,0.385923,26.954651859828427,303.17999590933323,93.53329386029924
SUAN,2021,13,52,2,0.0,0.0,0.0,1.0,0.0,0.0,0.5,0.0,0.5,0.096866397333771,15.05169670349008,,0.8058,0.0,0.0,0.0,0.385923,27.30289557320733,171.21000013500452,92.84492438180106
SUAN,2022,1,53,4,0.25,0.5,0.0,0.25,0.0,0.0,0.75,0.0,0.5,0.096866397333771,15.05169670349008,,0.8058,0.0,0.0,0.0,0.385923,27.40879265921458,179.31000052392483,92.14341354370116
SUAN,2022,2,54,12,0.4166666666666667,0.0833333333333333,0.0,0.5,0.0,0.1666666666666666,0.8333333333333334,0.0,0.4166666666666667,0.096866397333771,15.05169670349008,,0.8058,0.0,0.0,0.0,0.385923,28.218795541616604,80.26000025495887,90.15944935725284
SUAN,2022,3,55,7,0.0,0.1428571428571428,0.0,0.8571428571428571,0.0,0.1428571428571428,0.7142857142857143,0.0,0.5714285714285714,0.096866397333771,15.05169670349008,,0.8058,0.0,0.0,0.0,0.385923,28.191018676757835,19.0,88.43007151285808
SUAN,2022,4,56,2,0.5,0.0,0.0,0.5,0.0,0.0,1.0,0.0,1.0,0.096866397333771,15.05169670349008,,0.8058,0.0,0.0,0.0,0.385923,28.2219667707171,228.25000190734863,88.24836921691895
SUAN,2022,5,57,5,0.6,0.0,0.0,0.4,0.0,0.0,1.0,0.0,0.8,0.096866397333771,15.05169670349008,,0.8058,0.0,0.0,0.0,0.385923,28.662945229666597,67.70999993383884,86.06342588152204
SUAN,2022,6,58,14,0.2857142857142857,0.1428571428571428,0.0,0.5714285714285714,0.0,0.1428571428571428,0.7142857142857143,0.2857142857142857,0.4285714285714285,0.096866397333771,15.05169670349008,,0.8058,0.0,0.0,0.0,0.385923,29.06329879760744,147.40000001341105,85.6517333984375
SUAN,2022,7,59,7,0.4285714285714285,0.1428571428571428,0.0,0.4285714285714285,0.0,0.0,1.0,0.0,0.5714285714285714,0.096866397333771,15.05169670349008,,0.8058,0.0,0.0,0.0,0.385923,28.66404059273858,207.89000012725592,86.82801192147392
SUAN,2022,8,60,10,0.8,0.1,0.0,0.1,0.0,0.0,0.8,0.0,0.7,0.096866397333771,15.05169670349008,,0.8058,0.0,0.0,0.0,0.385923,28.0835275922503,171.72999960184097,89.97122492109027
SUAN,2022,9,61,3,0.3333333333333333,0.6666666666666666,0.0,0.0,0.0,0.3333333333333333,0.3333333333333333,0.0,1.0,0.096866397333771,15.05169670349008,,0.8058,0.0,0.0,0.0,0.385923,27.4800108773368,303.4800024032593,91.60195132664272
SUAN,2022,10,62,1,0.0,0.0,0.0,1.0,0.0,0.0,1.0,0.0,1.0,0.096866397333771,15.05169670349008,,0.8058,0.0,0.0,0.0,0.385923,27.694206128801635,186.32000145316124,92.54417664664132
SUAN,2023,6,71,2,0.5,0.5,0.0,0.0,0.0,0.0,1.0,0.0,0.0,0.096866397333771,15.05169670349008,,0.8058,0.0,0.0,0.0,0.385923,28.484507315499464,84.04999991692603,86.23037855965751
SUAN,2023,8,73,1,0.0,0.0,0.0,1.0,0.0,0.0,1.0,0.0,1.0,0.096866397333771,15.05169670349008,,0.8058,0.0,0.0,0.0,0.385923,29.31169008527485,164.19999976083636,87.70812961033413
SUAN,2023,9,74,4,0.25,0.0,0.0,0.75,0.0,0.0,1.0,0.0,0.75,0.096866397333771,15.05169670349008,,0.8058,0.0,0.0,0.0,0.385923,28.485506221226306,220.8500011563301,90.93912724086216
SUAN,2023,10,75,3,0.6666666666666666,0.0,0.0,0.3333333333333333,0.0,0.0,0.6666666666666666,0.0,0.6666666666666666,0.096866397333771,15.05169670349008,,0.8058,0.0,0.0,0.0,0.385923,28.92851137433735,206.4999981224537,90.80335889543804
SUAN,2023,12,77,4,0.25,0.0,0.0,0.75,0.0,0.0,0.75,0.0,0.5,0.096866397333771,15.05169670349008,,0.8058,0.0,0.0,0.0,0.385923,28.55496368408205,175.819999858737,92.48063714163644
TUBARÁ,2018,7,7,1,0.0,1.0,0.0,0.0,0.0,0.0,0.0,0.0,1.0,2.257754046682011,5.215228565790677,98.65,-1.0507,0.0,0.0,0.0,0.238752,27.385349164690314,11.230000212788582,85.83216149466378
TUBARÁ,2018,8,8,3,0.3333333333333333,0.0,0.0,0.6666666666666666,0.0,0.0,0.0,0.0,0.3333333333333333,2.257754046682011,5.215228565790677,98.65,-1.0507,0.0,0.0,0.0,0.238752,27.5659483773368,75.96000001579523,87.91097559247699
TUBARÁ,2018,9,9,2,0.0,1.0,0.0,0.0,0.0,0.0,0.0,0.0,1.0,2.257754046682011,5.215228565790677,98.65,-1.0507,0.0,0.0,0.0,0.238752,27.68857018607005,74.01000056415796,90.10396984645298
TUBARÁ,2018,10,10,3,0.3333333333333333,0.0,0.0,0.6666666666666666,0.0,0.0,0.6666666666666666,0.0,1.0,2.257754046682011,5.215228565790677,98.65,-1.0507,0.0,0.0,0.0,0.238752,27.427205113002252,29.410000026226044,90.23650223868232
TUBARÁ,2018,11,11,1,1.0,0.0,0.0,0.0,0.0,0.0,1.0,0.0,1.0,2.257754046682011,5.215228565790677,98.65,-1.0507,0.0,0.0,0.0,0.238752,27.374914332798568,36.19000009633601,90.8384314945766
TUBARÁ,2018,13,13,1,0.0,0.0,0.0,1.0,0.0,0.0,0.0,0.0,0.0,2.257754046682011,5.215228565790677,98.65,-1.0507,0.0,0.0,0.0,0.238752,26.91837463378908,146.6699987333268,93.0000092642648
TUBARÁ,2019,1,14,1,0.0,1.0,0.0,0.0,0.0,0.0,1.0,1.0,0.0,2.257754046682011,5.215228565790677,97.96,-1.0507,0.0,0.0,0.0,0.238752,26.729097529820056,125.91000059060752,91.62919180733816
TUBARÁ,2019,7,20,1,0.0,0.0,0.0,1.0,0.0,0.0,1.0,0.0,0.0,2.257754046682011,5.215228565790677,97.96,-1.0507,0.0,0.0,0.0,0.238752,27.609341648646787,12.679999977350237,85.29722349984306
TUBARÁ,2019,11,24,2,0.0,1.0,0.0,0.0,0.0,0.0,0.5,0.0,1.0,2.257754046682011,5.215228565790677,97.96,-1.0507,0.0,0.0,0.0,0.238752,27.765751320975188,47.07000013813376,90.6462356022426
TUBARÁ,2020,1,27,4,0.25,0.0,0.0,0.75,0.0,0.0,0.75,0.0,0.25,2.257754046682011,5.215228565790677,98.31,-1.0507,0.0,0.0,0.0,0.238752,26.76365650721961,165.54000121355057,92.19793564932688
TUBARÁ,2020,2,28,10,0.6,0.1,0.0,0.3,0.0,0.0,0.5,0.0,0.3,2.257754046682011,5.215228565790677,98.31,-1.0507,0.0,0.0,0.0,0.238752,27.197504207066142,42.59999977983534,90.32660647800992
TUBARÁ,2020,3,29,1,0.0,0.0,0.0,1.0,0.0,0.0,0.0,0.0,0.0,2.257754046682011,5.215228565790677,98.31,-1.0507,0.0,0.0,0.0,0.238752,27.633385685512017,40.09000010974705,89.14602606637138
TUBARÁ,2020,6,32,1,0.0,1.0,0.0,0.0,0.0,0.0,1.0,0.0,1.0,2.257754046682011,5.215228565790677,98.31,-1.0507,0.0,0.0,0.0,0.238752,27.0139589582171,0.2000000029802322,84.51988628932408
TUBARÁ,2020,7,33,1,0.0,1.0,0.0,0.0,0.0,0.0,0.0,1.0,0.0,2.257754046682011,5.215228565790677,98.31,-1.0507,0.0,0.0,0.0,0.238752,27.672720118931384,6.9999998938292265,85.38818822588239
TUBARÁ,2021,5,44,1,0.0,0.0,0.0,1.0,0.0,0.0,0.0,0.0,1.0,2.257754046682011,5.215228565790677,99.11,-1.0507,0.0,0.0,0.0,0.238752,27.03997410365515,13.32999999821186,84.39536775861468
TUBARÁ,2021,9,48,1,0.0,1.0,0.0,0.0,0.0,1.0,0.0,0.0,1.0,2.257754046682011,5.215228565790677,99.11,-1.0507,0.0,0.0,0.0,0.238752,27.44209169660297,105.4199988245964,89.46500396728516
TUBARÁ,2021,11,50,3,0.3333333333333333,0.3333333333333333,0.0,0.3333333333333333,0.0,0.0,0.6666666666666666,0.0,0.6666666666666666,2.257754046682011,5.215228565790677,99.11,-1.0507,0.0,0.0,0.0,0.238752,26.966527012416314,108.70999993942678,91.99916321890694
TUBARÁ,2021,12,51,3,0.3333333333333333,0.3333333333333333,0.0,0.3333333333333333,0.0,0.0,0.3333333333333333,0.0,0.6666666666666666,2.257754046682011,5.215228565790677,99.11,-1.0507,0.0,0.0,0.0,0.238752,26.541671643938358,256.29000256210566,93.45051383972168
TUBARÁ,2021,13,52,1,1.0,0.0,0.0,0.0,0.0,0.0,1.0,0.0,0.0,2.257754046682011,5.215228565790677,99.11,-1.0507,0.0,0.0,0.0,0.238752,26.865725272042432,129.70000096410513,92.934725352696
TUBARÁ,2022,1,53,1,0.0,0.0,0.0,1.0,0.0,0.0,1.0,0.0,1.0,2.257754046682011,5.215228565790677,97.19,-1.0507,0.0,0.0,0.0,0.238752,26.993509456089587,78.9299998767674,89.06633050101144
TUBARÁ,2022,2,54,1,0.0,0.0,0.0,1.0,0.0,0.0,0.0,0.0,0.0,2.257754046682011,5.215228565790677,97.19,-1.0507,0.0,0.0,0.0,0.238752,26.794435119628925,21.550000002607703,88.08090386023888
TUBARÁ,2022,3,55,1,1.0,0.0,0.0,0.0,0.0,0.0,1.0,1.0,1.0,2.257754046682011,5.215228565790677,97.19,-1.0507,0.0,0.0,0.0,0.238752,26.664453125000023,0.0,87.248291015625
TUBARÁ,2022,4,56,1,1.0,0.0,0.0,0.0,0.0,0.0,1.0,0.0,0.0,2.257754046682011,5.215228565790677,97.19,-1.0507,0.0,0.0,0.0,0.238752,26.471648515973783,12.059999998658895,85.53037343706403
TUBARÁ,2022,5,57,1,1.0,0.0,0.0,0.0,0.0,0.0,1.0,0.0,0.0,2.257754046682011,5.215228565790677,97.19,-1.0507,0.0,0.0,0.0,0.238752,26.93083724975588,6.740000016987324,83.20225552150181
TUBARÁ,2022,7,59,6,0.8333333333333334,0.0,0.0,0.1666666666666666,0.0,0.0,0.3333333333333333,0.0,0.5,2.257754046682011,5.215228565790677,97.19,-1.0507,0.0,0.0,0.0,0.238752,27.60124468122212,54.98999965749681,85.66828863961356
TUBARÁ,2022,10,62,1,1.0,0.0,0.0,0.0,0.0,0.0,1.0,0.0,0.0,2.257754046682011,5.215228565790677,97.19,-1.0507,0.0,0.0,0.0,0.238752,27.05188304356168,159.61000029742718,91.66754967825752
TUBARÁ,2022,11,63,7,0.4285714285714285,0.2857142857142857,0.0,0.2857142857142857,0.0,0.0,0.2857142857142857,0.1428571428571428,0.7142857142857143,2.257754046682011,5.215228565790677,97.19,-1.0507,0.0,0.0,0.0,0.238752,26.86457704816548,199.2400023341179,93.41582325526646
TUBARÁ,2022,12,64,9,0.3333333333333333,0.3333333333333333,0.0,0.3333333333333333,0.0,0.1111111111111111,0.6666666666666666,0.0,0.0,2.257754046682011,5.215228565790677,97.19,-1.0507,0.0,0.0,0.0,0.238752,26.863923645019558,169.92999874055386,93.42996161324638
TUBARÁ,2022,13,65,1,0.0,0.0,0.0,1.0,0.0,0.0,1.0,0.0,1.0,2.257754046682011,5.215228565790677,97.19,-1.0507,0.0,0.0,0.0,0.238752,26.35298363821849,145.3499998562038,93.95799473353794
TUBARÁ,2023,2,67,1,1.0,0.0,0.0,0.0,0.0,0.0,0.0,0.0,1.0,2.257754046682011,5.215228565790677,96.85,-1.0507,0.0,0.0,0.0,0.238752,26.4567216055734,262.8600021135062,91.00928987775532
TUBARÁ,2023,4,69,1,1.0,0.0,0.0,0.0,0.0,0.0,1.0,0.0,0.0,2.257754046682011,5.215228565790677,96.85,-1.0507,0.0,0.0,0.0,0.238752,26.74224897112168,12.089999999850988,85.78758484976632
TUBARÁ,2023,7,72,1,0.0,1.0,0.0,0.0,0.0,0.0,0.0,0.0,1.0,2.257754046682011,5.215228565790677,96.85,-1.0507,0.0,0.0,0.0,0.238752,27.08372323172435,52.58000011742115,84.98216520036969
TUBARÁ,2023,12,77,1,1.0,0.0,0.0,0.0,0.0,0.0,1.0,0.0,0.0,2.257754046682011,5.215228565790677,96.85,-1.0507,0.0,0.0,0.0,0.238752,27.75148707798551,123.24999981746078,92.75127492632184
USIACURÍ,2018,1,1,1,1.0,0.0,0.0,0.0,0.0,0.0,1.0,0.0,1.0,0.849955816326732,16.59706955994731,98.07,-2.7432,2.0,0.0,1.0,0.0004,27.135486857096375,250.17499995728332,93.18570200602213
USIACURÍ,2018,6,6,1,0.0,1.0,0.0,0.0,0.0,0.0,1.0,0.0,1.0,0.849955816326732,16.59706955994731,98.07,-2.7432,2.0,0.0,1.0,0.0004,27.63906159173877,9.845000131055713,86.51934414818173
USIACURÍ,2018,7,7,4,0.0,0.25,0.0,0.5,0.25,0.0,0.75,0.0,0.5,0.849955816326732,16.59706955994731,98.07,-2.7432,2.0,0.0,1.0,0.0004,27.848435065859867,71.48500049114227,86.578458241054
USIACURÍ,2018,8,8,5,0.4,0.2,0.0,0.4,0.0,0.0,1.0,0.0,0.2,0.849955816326732,16.59706955994731,98.07,-2.7432,2.0,0.0,1.0,0.0004,27.345379675002352,232.2199988166491,90.2333690098354
USIACURÍ,2018,11,11,2,0.0,1.0,0.0,0.0,0.0,0.0,1.0,0.0,0.0,0.849955816326732,16.59706955994731,98.07,-2.7432,2.0,0.0,1.0,0.0004,27.83782166980564,114.82999916064244,90.410734358288
USIACURÍ,2018,12,12,3,0.3333333333333333,0.3333333333333333,0.0,0.3333333333333333,0.0,0.0,0.3333333333333333,0.0,0.3333333333333333,0.849955816326732,16.59706955994731,98.07,-2.7432,2.0,0.0,1.0,0.0004,27.66957117716473,161.07500073251626,91.29509144737608
USIACURÍ,2018,13,13,2,0.0,1.0,0.0,0.0,0.0,0.0,1.0,0.0,0.5,0.849955816326732,16.59706955994731,98.07,-2.7432,2.0,0.0,1.0,0.0004,27.04041497366772,276.5299986253182,93.60402343386696
USIACURÍ,2019,2,15,2,0.0,1.0,0.0,0.0,0.0,0.5,0.5,0.0,0.0,0.849955816326732,16.59706955994731,98.27,-2.7432,2.0,0.0,1.0,0.0004,27.092822011311878,100.09000007994472,92.77407618931362
USIACURÍ,2019,7,20,1,0.0,1.0,0.0,0.0,0.0,0.0,0.0,0.0,1.0,0.849955816326732,16.59706955994731,98.27,-2.7432,2.0,0.0,1.0,0.0004,28.303394753592386,70.76999986171722,85.50672885349819
USIACURÍ,2019,9,22,3,1.0,0.0,0.0,0.0,0.0,0.0,1.0,0.0,1.0,0.849955816326732,16.59706955994731,98.27,-2.7432,2.0,0.0,1.0,0.0004,27.65251784551714,217.20500075817108,90.94120089213052
USIACURÍ,2019,12,25,1,0.0,1.0,0.0,0.0,0.0,0.0,1.0,1.0,0.0,0.849955816326732,16.59706955994731,98.27,-2.7432,2.0,0.0,1.0,0.0004,27.872705441429527,202.63000013679263,92.07813044956752
USIACURÍ,2020,2,28,1,1.0,0.0,0.0,0.0,0.0,0.0,1.0,0.0,1.0,0.849955816326732,16.59706955994731,98.45,-2.7432,2.0,0.0,1.0,0.0004,27.040367562430276,223.7800006493926,92.15821429661342
USIACURÍ,2020,10,36,1,0.0,0.0,0.0,1.0,0.0,0.0,0.0,0.0,0.0,0.849955816326732,16.59706955994731,98.45,-2.7432,2.0,0.0,1.0,0.0004,27.43359436761768,232.61000073887408,90.96702412196568
USIACURÍ,2021,13,52,2,0.0,0.5,0.0,0.5,0.0,0.5,0.0,0.0,0.5,0.849955816326732,16.59706955994731,99.23,-2.7432,2.0,0.0,1.0,0.0004,26.889255596342565,216.44499976808828,92.58948662167504
USIACURÍ,2022,1,53,1,0.0,1.0,0.0,0.0,0.0,0.0,1.0,0.0,1.0,0.849955816326732,16.59706955994731,98.74,-2.7432,2.0,0.0,1.0,0.0004,26.66618844895138,200.94000143806144,92.75980686006092
USIACURÍ,2022,5,57,2,0.5,0.5,0.0,0.0,0.0,0.0,0.5,0.0,0.0,0.849955816326732,16.59706955994731,98.74,-2.7432,2.0,0.0,1.0,0.0004,27.441615586053786,79.91000030438106,84.80733471825009
USIACURÍ,2022,7,59,1,1.0,0.0,0.0,0.0,0.0,0.0,1.0,0.0,0.0,0.849955816326732,16.59706955994731,98.74,-2.7432,2.0,0.0,1.0,0.0004,27.75475482032415,187.52500054736933,87.39050738016763
USIACURÍ,2022,11,63,2,1.0,0.0,0.0,0.0,0.0,0.0,0.5,0.0,0.5,0.849955816326732,16.59706955994731,98.74,-2.7432,2.0,0.0,1.0,0.0004,27.10649697440013,360.01999913652736,93.61452883765811
USIACURÍ,2022,12,64,1,0.0,1.0,0.0,0.0,0.0,0.0,1.0,0.0,1.0,0.849955816326732,16.59706955994731,98.74,-2.7432,2.0,0.0,1.0,0.0004,27.04887615385512,293.94999967018765,94.27259100051153
USIACURÍ,2022,13,65,2,0.0,0.0,0.0,1.0,0.0,0.0,1.0,0.0,0.5,0.849955816326732,16.59706955994731,98.74,-2.7432,2.0,0.0,1.0,0.0004,26.36934160505025,270.0449987128377,94.0693452017648
USIACURÍ,2023,1,66,1,0.0,1.0,0.0,0.0,0.0,0.0,0.0,0.0,0.0,0.849955816326732,16.59706955994731,97.93,,2.0,0.0,1.0,0.0004,26.30294825236005,310.08000071843463,94.09669512794132
USIACURÍ,2023,4,69,2,1.0,0.0,0.0,0.0,0.0,0.0,1.0,0.0,0.5,0.849955816326732,16.59706955994731,97.93,119.9957,2.0,1.0,1.0,0.0004,27.018346405029323,56.5999998425444,88.48206438337054
USIACURÍ,2023,5,70,5,0.6,0.2,0.0,0.2,0.0,0.0,0.8,0.0,0.4,0.849955816326732,16.59706955994731,97.93,119.9957,2.0,1.0,1.0,0.0004,27.01585976736888,39.55499999970198,83.06339091346378
USIACURÍ,2023,6,71,7,0.8571428571428571,0.1428571428571428,0.0,0.0,0.0,0.1428571428571428,0.5714285714285714,0.0,0.5714285714285714,0.849955816326732,16.59706955994731,97.93,119.9957,2.0,1.0,1.0,0.0004,27.242913455054897,112.93500079152484,87.36361458188011
USIACURÍ,2023,7,72,46,0.5869565217391305,0.1739130434782608,0.0,0.2391304347826087,0.0,0.0434782608695652,0.7391304347826086,0.0,0.6304347826086957,0.849955816326732,16.59706955994731,97.93,,2.0,1.0,1.0,0.0004,27.806160590762207,214.1050015042225,84.50068155924478
USIACURÍ,2023,8,73,62,0.4838709677419355,0.1612903225806451,0.0,0.3548387096774194,0.0,0.0161290322580645,0.8387096774193549,0.0,0.5161290322580645,0.849955816326732,16.59706955994731,97.93,-28.6171,2.0,2.0,1.0,0.010398,28.301427278064576,162.124998661379,88.61383801414853
USIACURÍ,2023,9,74,23,0.5652173913043478,0.0434782608695652,0.0,0.391304347826087,0.0,0.0,0.8260869565217391,0.0,0.4347826086956521,0.849955816326732,16.59706955994731,97.93,-28.6171,2.0,2.0,1.0,0.010398,27.91467455909368,324.295000123481,91.380673181443
USIACURÍ,2023,10,75,29,0.4827586206896552,0.1034482758620689,0.0,0.4137931034482758,0.0,0.0,0.8275862068965517,0.0,0.5517241379310345,0.849955816326732,16.59706955994731,97.93,-28.6171,2.0,2.0,1.0,0.010398,28.13390375773114,265.274999777476,91.4490200224377
USIACURÍ,2023,11,76,24,0.375,0.0833333333333333,0.0,0.5416666666666666,0.0,0.0416666666666666,0.6666666666666666,0.0,0.5,0.849955816326732,16.59706955994731,97.93,-28.6171,2.0,2.0,1.0,0.010398,28.687091355096754,113.6850001315276,90.99199585687548
USIACURÍ,2023,12,77,11,0.3636363636363636,0.0909090909090909,0.0,0.5454545454545454,0.0,0.0,0.6363636363636364,0.0,0.2727272727272727,0.849955816326732,16.59706955994731,97.93,-28.6171,2.0,2.0,1.0,0.010398,27.844002750941712,194.9450012141218,93.33174251374744
USIACURÍ,2023,13,78,2,1.0,0.0,0.0,0.0,0.0,0.0,1.0,0.0,0.0,0.849955816326732,16.59706955994731,97.93,-28.6171,2.0,2.0,1.0,0.010398,27.8132277715774,220.09000129252672,93.98647480919249
