municipio,año,periodo,semana,numcasos,ciclo_vital_adolescencia,ciclo_vital_adulto,ciclo_vital_adulto_mayor,ciclo_vital_ancianidad,ciclo_vital_infancia,ciclo_vital_menor_de_1_año,ciclo_vital_primera_infancia,regimen_salud_contributivo,regimen_salud_especial,regimen_salud_excepción,regimen_salud_indeterminado,regimen_salud_no_asegurado,regimen_salud_subsidiado,evento_clasico,evento_grave,hospitalizado_no,hospitalizado_si,desenlace_fallecido,desenlace_vivo,sexo_femenino,sexo_masculino,subregion_centro,subregion_costera,subregion_metropolitana,subregion_oriental,subregion_sur,area_cabecera_municipal,area_centro_poblado,area_rural_disperso,tipo_caso_conf_por_laboratorio,tipo_caso_conf_por_nexo,tipo_caso_probable,temp_media,humedad,precipitacion,acueducto_continuidad_horas_dia,acueducto_continuidad_porcentaje,dist_rio,dist_lago
BARANOA,2017,6,23,1,0.0,0.0,0.0,0.0,0.0,0.0,1.0,0.0,0.0,0.0,0.0,0.0,1.0,1.0,0.0,1.0,0.0,0.0,1.0,0.0,1.0,1.0,0.0,0.0,0.0,0.0,0.0,1.0,0.0,0.0,0.0,1.0,27.449916730608283,92.41043526785714,8.872857119355883,23.64,98.57,1.275986857905614,17.60367485448971
BARANOA,2017,7,28,2,0.0,1.0,0.0,0.0,0.0,0.0,0.0,0.5,0.0,0.0,0.0,0.0,0.5,1.0,0.0,0.0,1.0,0.0,1.0,0.0,1.0,1.0,0.0,0.0,0.0,0.0,1.0,0.0,0.0,0.5,0.0,0.5,27.06032714843752,92.48133414132256,11.188571521214076,23.64,98.57,1.275986857905614,17.60367485448971
BARANOA,2017,11,43,1,0.0,1.0,0.0,0.0,0.0,0.0,0.0,0.0,0.0,0.0,0.0,0.0,1.0,1.0,0.0,0.0,1.0,0.0,1.0,1.0,0.0,1.0,0.0,0.0,0.0,0.0,1.0,0.0,0.0,1.0,0.0,0.0,26.592098127092655,94.8346873692104,16.420000076293945,23.64,98.57,1.275986857905614,17.60367485448971
BARANOA,2017,11,44,1,0.0,1.0,0.0,0.0,0.0,0.0,0.0,1.0,0.0,0.0,0.0,0.0,0.0,1.0,0.0,0.0,1.0,0.0,1.0,0.0,1.0,1.0,0.0,0.0,0.0,0.0,1.0,0.0,0.0,0.0,0.0,1.0,26.64185485839846,92.18362644740512,3.90428572680269,23.64,98.57,1.275986857905614,17.60367485448971
BARANOA,2017,12,47,1,0.0,1.0,0.0,0.0,0.0,0.0,0.0,1.0,0.0,0.0,0.0,0.0,0.0,1.0,0.0,1.0,0.0,0.0,1.0,0.0,1.0,1.0,0.0,0.0,0.0,0.0,1.0,0.0,0.0,0.0,0.0,1.0,26.282573590959835,95.31138392857144,7.569999865123203,23.64,98.57,1.275986857905614,17.60367485448971
BARANOA,2017,13,49,1,0.0,1.0,0.0,0.0,0.0,0.0,0.0,0.0,0.0,0.0,0.0,0.0,1.0,1.0,0.0,0.0,1.0,0.0,1.0,1.0,0.0,1.0,0.0,0.0,0.0,0.0,1.0,0.0,0.0,0.0,0.0,1.0,27.29212341308596,91.811037336077,10.729999948825157,23.64,98.57,1.275986857905614,17.60367485448971
BARANOA,2018,2,7,1,1.0,0.0,0.0,0.0,0.0,0.0,0.0,1.0,0.0,0.0,0.0,0.0,0.0,1.0,0.0,1.0,0.0,0.0,1.0,1.0,0.0,1.0,0.0,0.0,0.0,0.0,1.0,0.0,0.0,1.0,0.0,0.0,27.0778747558594,82.76981571742466,0.021428571747882,23.73,98.93,1.275986857905614,17.60367485448971
BARANOA,2018,4,16,1,0.0,1.0,0.0,0.0,0.0,0.0,0.0,0.0,0.0,0.0,0.0,0.0,1.0,1.0,0.0,0.0,1.0,0.0,1.0,1.0,0.0,1.0,0.0,0.0,0.0,0.0,1.0,0.0,0.0,0.0,0.0,1.0,28.08100716727122,88.13280051095145,2.8185714270387376,23.73,98.93,1.275986857905614,17.60367485448971
BARANOA,2018,5,18,1,0.0,1.0,0.0,0.0,0.0,0.0,0.0,0.0,0.0,0.0,0.0,0.0,1.0,1.0,0.0,0.0,1.0,0.0,1.0,1.0,0.0,1.0,0.0,0.0,0.0,0.0,1.0,0.0,0.0,0.0,0.0,1.0,27.12718026297435,90.8925279889788,9.129999910082136,23.73,98.93,1.275986857905614,17.60367485448971
BARANOA,2018,6,23,1,0.0,0.0,1.0,0.0,0.0,0.0,0.0,0.0,0.0,0.0,0.0,0.0,1.0,1.0,0.0,0.0,1.0,0.0,1.0,0.0,1.0,1.0,0.0,0.0,0.0,0.0,1.0,0.0,0.0,0.0,0.0,1.0,27.955636596679707,91.12848663330078,4.411428553717477,23.73,98.93,1.275986857905614,17.60367485448971
BARANOA,2018,6,24,1,0.0,0.0,1.0,0.0,0.0,0.0,0.0,1.0,0.0,0.0,0.0,0.0,0.0,1.0,0.0,0.0,1.0,0.0,1.0,0.0,1.0,1.0,0.0,0.0,0.0,0.0,1.0,0.0,0.0,0.0,0.0,1.0,27.35230625697547,92.23223549979072,9.869999804667064,23.73,98.93,1.275986857905614,17.60367485448971
BARANOA,2018,7,26,1,0.0,0.0,0.0,0.0,1.0,0.0,0.0,0.0,0.0,0.0,0.0,0.0,1.0,1.0,0.0,0.0,1.0,0.0,1.0,0.0,1.0,1.0,0.0,0.0,0.0,0.0,1.0,0.0,0.0,0.0,0.0,1.0,27.14750061035158,92.08117130824498,5.704285723822458,23.73,98.93,1.275986857905614,17.60367485448971
BARANOA,2018,7,27,2,0.0,0.0,0.5,0.0,0.5,0.0,0.0,0.0,0.0,0.0,0.0,0.5,0.5,1.0,0.0,0.5,0.5,0.0,1.0,0.5,0.5,1.0,0.0,0.0,0.0,0.0,1.0,0.0,0.0,0.0,0.0,1.0,27.564444841657384,90.00616891043526,2.3585714995861053,23.73,98.93,1.275986857905614,17.60367485448971
BARANOA,2018,8,29,3,0.3333333333333333,0.0,0.0,0.0,0.6666666666666666,0.0,0.0,0.0,0.0,0.0,0.0,0.0,1.0,0.6666666666666666,0.3333333333333333,0.3333333333333333,0.6666666666666666,0.0,1.0,0.3333333333333333,0.6666666666666666,1.0,0.0,0.0,0.0,0.0,1.0,0.0,0.0,0.3333333333333333,0.0,0.6666666666666666,28.036660766601585,89.51269640241351,1.932857130255018,23.73,98.93,1.275986857905614,17.60367485448971
BARANOA,2018,8,30,1,0.0,0.0,0.0,0.0,1.0,0.0,0.0,1.0,0.0,0.0,0.0,0.0,0.0,1.0,0.0,1.0,0.0,0.0,1.0,1.0,0.0,1.0,0.0,0.0,0.0,0.0,1.0,0.0,0.0,0.0,0.0,1.0,26.9319767543248,93.52066476004464,11.60857139314924,23.73,98.93,1.275986857905614,17.60367485448971
BARANOA,2018,8,31,1,1.0,0.0,0.0,0.0,0.0,0.0,0.0,0.0,0.0,0.0,0.0,0.0,1.0,1.0,0.0,0.0,1.0,0.0,1.0,0.0,1.0,1.0,0.0,0.0,0.0,0.0,1.0,0.0,0.0,1.0,0.0,0.0,26.792886352539085,94.48639133998326,9.477142589432852,23.73,98.93,1.275986857905614,17.60367485448971
BARANOA,2018,8,32,2,0.0,0.0,0.0,0.0,0.5,0.0,0.5,1.0,0.0,0.0,0.0,0.0,0.0,1.0,0.0,0.5,0.5,0.0,1.0,1.0,0.0,1.0,0.0,0.0,0.0,0.0,1.0,0.0,0.0,0.5,0.0,0.5,28.14261125837056,89.92407989501953,0.3628571358110223,23.73,98.93,1.275986857905614,17.60367485448971
BARANOA,2018,9,34,2,0.5,0.5,0.0,0.0,0.0,0.0,0.0,0.0,0.0,0.0,0.0,0.0,1.0,0.5,0.5,0.5,0.5,0.5,0.5,0.0,1.0,1.0,0.0,0.0,0.0,0.0,1.0,0.0,0.0,0.5,0.0,0.5,27.708609880719884,91.77906036376952,3.9071428307465146,23.73,98.93,1.275986857905614,17.60367485448971
BARANOA,2018,9,35,4,0.5,0.0,0.0,0.0,0.25,0.0,0.25,0.0,0.25,0.0,0.0,0.0,0.75,1.0,0.0,0.25,0.75,0.0,1.0,0.5,0.5,1.0,0.0,0.0,0.0,0.0,1.0,0.0,0.0,0.5,0.0,0.5,27.369093104771224,94.36893136160714,7.794285706111363,23.73,98.93,1.275986857905614,17.60367485448971
BARANOA,2018,9,36,5,0.2,0.0,0.0,0.0,0.8,0.0,0.0,0.2,0.0,0.0,0.0,0.0,0.8,1.0,0.0,0.2,0.8,0.0,1.0,0.4,0.6,1.0,0.0,0.0,0.0,0.0,1.0,0.0,0.0,0.4,0.0,0.6,26.8547324044364,94.6119613647461,13.334285872323171,23.73,98.93,1.275986857905614,17.60367485448971
BARANOA,2018,10,37,5,0.4,0.0,0.0,0.0,0.6,0.0,0.0,0.4,0.2,0.0,0.0,0.0,0.4,1.0,0.0,0.0,1.0,0.0,1.0,0.6,0.4,1.0,0.0,0.0,0.0,0.0,1.0,0.0,0.0,0.4,0.0,0.6,26.93272225516185,93.95086669921876,11.362857001168388,23.73,98.93,1.275986857905614,17.60367485448971
BARANOA,2018,10,38,5,0.6,0.0,0.0,0.0,0.2,0.0,0.2,0.6,0.0,0.0,0.0,0.0,0.4,1.0,0.0,0.0,1.0,0.0,1.0,0.6,0.4,1.0,0.0,0.0,0.0,0.0,1.0,0.0,0.0,0.4,0.0,0.6,27.49487784249444,94.00964900425502,9.36000001004764,23.73,98.93,1.275986857905614,17.60367485448971
BARANOA,2018,10,39,12,0.4166666666666667,0.0833333333333333,0.0,0.0,0.3333333333333333,0.0,0.1666666666666666,0.5,0.0,0.0,0.0,0.0,0.5,0.9166666666666666,0.0833333333333333,0.1666666666666666,0.8333333333333334,0.0,1.0,0.8333333333333334,0.1666666666666666,1.0,0.0,0.0,0.0,0.0,1.0,0.0,0.0,0.3333333333333333,0.0,0.6666666666666666,26.95450526646207,94.29233769008091,12.910000017711097,23.73,98.93,1.275986857905614,17.60367485448971
BARANOA,2018,10,40,10,0.5,0.2,0.0,0.0,0.1,0.0,0.2,0.4,0.0,0.0,0.0,0.0,0.6,0.9,0.1,0.3,0.7,0.0,1.0,0.5,0.5,1.0,0.0,0.0,0.0,0.0,1.0,0.0,0.0,0.3,0.0,0.7,26.320646449497787,94.73369598388672,17.117142541067942,23.73,98.93,1.275986857905614,17.60367485448971
BARANOA,2018,11,41,9,0.7777777777777778,0.1111111111111111,0.0,0.0,0.1111111111111111,0.0,0.0,0.3333333333333333,0.0,0.0,0.0,0.0,0.6666666666666666,1.0,0.0,0.3333333333333333,0.6666666666666666,0.0,1.0,0.4444444444444444,0.5555555555555556,1.0,0.0,0.0,0.0,0.0,1.0,0.0,0.0,0.1111111111111111,0.1111111111111111,0.7777777777777778,26.274196515764533,93.40266527448382,8.305714351790291,23.73,98.93,1.275986857905614,17.60367485448971
BARANOA,2018,11,42,4,0.5,0.0,0.0,0.0,0.0,0.0,0.5,0.5,0.0,0.0,0.0,0.0,0.5,1.0,0.0,0.25,0.75,0.0,1.0,0.5,0.5,1.0,0.0,0.0,0.0,0.0,1.0,0.0,0.0,0.25,0.0,0.75,26.57459193638394,94.1912612915039,8.077142890010562,23.73,98.93,1.275986857905614,17.60367485448971
BARANOA,2018,11,43,5,0.6,0.0,0.0,0.0,0.2,0.0,0.2,0.2,0.0,0.0,0.0,0.0,0.8,1.0,0.0,0.2,0.8,0.0,1.0,0.4,0.6,1.0,0.0,0.0,0.0,0.0,1.0,0.0,0.0,0.0,0.0,1.0,26.846972220284616,93.60000283377512,6.541428429739816,23.73,98.93,1.275986857905614,17.60367485448971
BARANOA,2018,11,44,6,0.6666666666666666,0.1666666666666666,0.0,0.0,0.1666666666666666,0.0,0.0,0.6666666666666666,0.0,0.0,0.0,0.0,0.3333333333333333,1.0,0.0,0.1666666666666666,0.8333333333333334,0.0,1.0,0.8333333333333334,0.1666666666666666,1.0,0.0,0.0,0.0,0.0,1.0,0.0,0.0,0.1666666666666666,0.0,0.8333333333333334,26.741213553292432,93.4431871686663,9.155714307512556,23.73,98.93,1.275986857905614,17.60367485448971
BARANOA,2018,12,45,8,0.625,0.25,0.0,0.0,0.125,0.0,0.0,0.75,0.0,0.0,0.0,0.0,0.25,1.0,0.0,0.0,1.0,0.0,1.0,0.375,0.625,1.0,0.0,0.0,0.0,0.0,1.0,0.0,0.0,0.5,0.0,0.5,26.875087629045776,93.19571576799665,3.415714258594172,23.73,98.93,1.275986857905614,17.60367485448971
BARANOA,2018,12,46,2,0.5,0.5,0.0,0.0,0.0,0.0,0.0,0.0,0.0,0.0,0.0,0.0,1.0,1.0,0.0,0.0,1.0,0.0,1.0,1.0,0.0,1.0,0.0,0.0,0.0,0.0,1.0,0.0,0.0,0.0,0.0,1.0,27.197863333565863,92.93497031075614,7.062857212764876,23.73,98.93,1.275986857905614,17.60367485448971
BARANOA,2018,12,47,8,0.5,0.0,0.0,0.0,0.375,0.0,0.125,0.375,0.125,0.0,0.0,0.0,0.5,1.0,0.0,0.25,0.75,0.0,1.0,0.125,0.875,1.0,0.0,0.0,0.0,0.0,1.0,0.0,0.0,0.25,0.0,0.75,26.963346644810287,93.75496782575335,4.174285796071802,23.73,98.93,1.275986857905614,17.60367485448971
BARANOA,2018,12,48,8,0.5,0.375,0.0,0.0,0.125,0.0,0.0,0.625,0.0,0.0,0.0,0.0,0.375,1.0,0.0,0.5,0.5,0.0,1.0,0.25,0.75,1.0,0.0,0.0,0.0,0.0,1.0,0.0,0.0,0.125,0.0,0.875,26.71946977887837,93.460451398577,3.548571432541524,23.73,98.93,1.275986857905614,17.60367485448971
BARANOA,2018,13,49,12,0.5833333333333334,0.1666666666666666,0.0,0.0,0.0833333333333333,0.0,0.1666666666666666,0.5,0.0,0.0,0.0,0.0,0.5,1.0,0.0,0.3333333333333333,0.6666666666666666,0.0,1.0,0.4166666666666667,0.5833333333333334,1.0,0.0,0.0,0.0,0.0,1.0,0.0,0.0,0.3333333333333333,0.0,0.6666666666666666,26.61586914062502,92.45698765345982,0.0800000014049665,23.73,98.93,1.275986857905614,17.60367485448971
BARANOA,2018,13,50,15,0.4,0.0666666666666666,0.0,0.0,0.3333333333333333,0.0,0.2,0.2666666666666666,0.0,0.0,0.0,0.0,0.7333333333333333,1.0,0.0,0.0666666666666666,0.9333333333333332,0.0,1.0,0.6,0.4,1.0,0.0,0.0,0.0,0.0,1.0,0.0,0.0,0.2,0.0,0.8,27.2178414481027,90.47938864571708,0.0685714262404611,23.73,98.93,1.275986857905614,17.60367485448971
BARANOA,2018,13,51,12,0.5,0.0,0.0,0.0,0.5,0.0,0.0,0.25,0.0,0.0,0.0,0.0,0.75,1.0,0.0,0.0833333333333333,0.9166666666666666,0.0,1.0,0.5,0.5,1.0,0.0,0.0,0.0,0.0,0.8333333333333334,0.1666666666666666,0.0,0.25,0.0,0.75,26.830126517159613,92.01140812465124,0.2100000080785581,23.73,98.93,1.275986857905614,17.60367485448971
BARANOA,2018,13,52,15,0.4,0.0666666666666666,0.0,0.0,0.3333333333333333,0.0,0.2,0.4,0.0,0.0,0.0,0.0666666666666666,0.5333333333333333,1.0,0.0,0.1333333333333333,0.8666666666666667,0.0,1.0,0.5333333333333333,0.4666666666666667,1.0,0.0,0.0,0.0,0.0,0.9333333333333332,0.0,0.0666666666666666,0.3333333333333333,0.0,0.6666666666666666,26.959917776925245,84.72386823381696,0.0,23.73,98.93,1.275986857905614,17.60367485448971
BARANOA,2019,1,1,16,0.5625,0.0625,0.0,0.0,0.3125,0.0,0.0625,0.4375,0.0,0.0,0.0,0.0,0.5625,1.0,0.0,0.0,1.0,0.0,1.0,0.6875,0.3125,1.0,0.0,0.0,0.0,0.0,0.75,0.25,0.0,0.25,0.0,0.75,26.69031023297993,87.2140862601144,4.428571428571429,23.54,98.34,1.275986857905614,17.60367485448971
BARANOA,2019,1,2,18,0.6111111111111112,0.0555555555555555,0.0,0.0,0.2777777777777778,0.0,0.0555555555555555,0.2777777777777778,0.0,0.0,0.0,0.0,0.7222222222222222,1.0,0.0,0.0555555555555555,0.9444444444444444,0.0,1.0,0.5,0.5,1.0,0.0,0.0,0.0,0.0,1.0,0.0,0.0,0.0555555555555555,0.0,0.9444444444444444,26.40384608677457,90.3831787109375,8.317143125193459,23.54,98.34,1.275986857905614,17.60367485448971
BARANOA,2019,1,3,13,0.3846153846153846,0.0769230769230769,0.0,0.0,0.3846153846153846,0.0,0.1538461538461538,0.1538461538461538,0.0,0.1538461538461538,0.0,0.0,0.6923076923076923,0.9230769230769232,0.0769230769230769,0.1538461538461538,0.8461538461538461,0.0,1.0,0.6923076923076923,0.3076923076923077,1.0,0.0,0.0,0.0,0.0,0.8461538461538461,0.1538461538461538,0.0,0.0769230769230769,0.0,0.9230769230769232,26.787223161969887,87.76782335553851,0.0,23.54,98.34,1.275986857905614,17.60367485448971
BARANOA,2019,1,4,8,0.375,0.125,0.0,0.0,0.375,0.0,0.125,0.25,0.0,0.0,0.0,0.0,0.75,1.0,0.0,0.0,1.0,0.0,1.0,0.25,0.75,1.0,0.0,0.0,0.0,0.0,1.0,0.0,0.0,0.375,0.0,0.625,27.39328918457033,87.23919459751674,5.714285714285714,23.54,98.34,1.275986857905614,17.60367485448971
BARANOA,2019,2,5,4,0.5,0.25,0.0,0.0,0.25,0.0,0.0,0.0,0.0,0.0,0.0,0.0,1.0,1.0,0.0,0.0,1.0,0.0,1.0,0.25,0.75,1.0,0.0,0.0,0.0,0.0,1.0,0.0,0.0,0.25,0.0,0.75,27.02990766252792,87.59246608189174,2.7142857142857144,23.54,98.34,1.275986857905614,17.60367485448971
BARANOA,2019,2,6,5,0.4,0.0,0.0,0.0,0.4,0.0,0.2,0.2,0.0,0.0,0.0,0.0,0.8,1.0,0.0,0.0,1.0,0.0,1.0,0.8,0.2,1.0,0.0,0.0,0.0,0.0,0.8,0.2,0.0,0.2,0.0,0.8,27.342178780691988,83.54926518031529,0.0,23.54,98.34,1.275986857905614,17.60367485448971
BARANOA,2019,2,7,6,0.5,0.1666666666666666,0.0,0.0,0.3333333333333333,0.0,0.0,0.0,0.1666666666666666,0.0,0.0,0.0,0.8333333333333334,0.8333333333333334,0.1666666666666666,0.0,1.0,0.0,1.0,0.8333333333333334,0.1666666666666666,1.0,0.0,0.0,0.0,0.0,1.0,0.0,0.0,0.0,0.0,1.0,27.689717320033505,88.89183262416294,2.944285716329302,23.54,98.34,1.275986857905614,17.60367485448971
BARANOA,2019,3,9,3,0.3333333333333333,0.3333333333333333,0.0,0.0,0.0,0.3333333333333333,0.0,0.3333333333333333,0.0,0.0,0.0,0.0,0.6666666666666666,1.0,0.0,0.0,1.0,0.0,1.0,0.3333333333333333,0.6666666666666666,1.0,0.0,0.0,0.0,0.0,1.0,0.0,0.0,0.0,0.0,1.0,27.643670654296898,85.62292589460101,1.2585714305085796,23.54,98.34,1.275986857905614,17.60367485448971
BARANOA,2019,3,10,6,0.5,0.0,0.0,0.0,0.5,0.0,0.0,0.1666666666666666,0.0,0.0,0.0,0.0,0.8333333333333334,1.0,0.0,0.0,1.0,0.0,1.0,0.6666666666666666,0.3333333333333333,1.0,0.0,0.0,0.0,0.0,1.0,0.0,0.0,0.0,0.0,1.0,27.37237374441966,85.14383588518415,0.014285714498588,23.54,98.34,1.275986857905614,17.60367485448971
BARANOA,2019,3,11,5,0.2,0.0,0.0,0.0,0.6,0.0,0.2,0.2,0.0,0.0,0.0,0.0,0.8,1.0,0.0,0.0,1.0,0.0,1.0,0.6,0.4,1.0,0.0,0.0,0.0,0.0,1.0,0.0,0.0,0.0,0.0,1.0,27.71403764997212,84.11113848005023,1.8571428571428568,23.54,98.34,1.275986857905614,17.60367485448971
BARANOA,2019,3,12,5,0.6,0.0,0.0,0.0,0.2,0.0,0.2,0.0,0.0,0.0,0.0,0.0,1.0,1.0,0.0,0.2,0.8,0.0,1.0,0.0,1.0,1.0,0.0,0.0,0.0,0.0,1.0,0.0,0.0,0.0,0.0,1.0,27.445650809151807,87.40482875279018,2.820000029568161,23.54,98.34,1.275986857905614,17.60367485448971
BARANOA,2019,4,13,2,0.5,0.5,0.0,0.0,0.0,0.0,0.0,0.0,0.0,0.0,0.0,0.0,1.0,1.0,0.0,0.0,1.0,0.0,1.0,0.5,0.5,1.0,0.0,0.0,0.0,0.0,1.0,0.0,0.0,0.0,0.0,1.0,27.74824785505024,86.95835876464844,1.905714281435524,23.54,98.34,1.275986857905614,17.60367485448971
BARANOA,2019,5,17,1,0.0,0.0,0.0,0.0,0.0,0.0,1.0,0.0,0.0,0.0,0.0,0.0,1.0,1.0,0.0,0.0,1.0,0.0,1.0,0.0,1.0,1.0,0.0,0.0,0.0,0.0,1.0,0.0,0.0,0.0,0.0,1.0,28.011274501255592,87.0656509399414,4.242857091394918,23.54,98.34,1.275986857905614,17.60367485448971
BARANOA,2019,5,18,1,0.0,0.0,0.0,0.0,1.0,0.0,0.0,1.0,0.0,0.0,0.0,0.0,0.0,1.0,0.0,0.0,1.0,0.0,1.0,0.0,1.0,1.0,0.0,0.0,0.0,0.0,1.0,0.0,0.0,0.0,0.0,1.0,29.5182564871652,83.80116816929409,2.3571428592715944,23.54,98.34,1.275986857905614,17.60367485448971
BARANOA,2019,5,19,2,0.0,0.0,0.0,0.0,0.0,0.0,1.0,0.0,0.0,0.0,0.0,0.0,1.0,1.0,0.0,0.5,0.5,0.0,1.0,0.0,1.0,1.0,0.0,0.0,0.0,0.0,1.0,0.0,0.0,0.0,0.0,1.0,27.661451503208728,89.57314845493862,18.22428577286857,23.54,98.34,1.275986857905614,17.60367485448971
BARANOA,2019,5,20,1,0.0,0.0,0.0,0.0,1.0,0.0,0.0,0.0,0.0,0.0,0.0,0.0,1.0,1.0,0.0,0.0,1.0,0.0,1.0,0.0,1.0,1.0,0.0,0.0,0.0,0.0,1.0,0.0,0.0,0.0,0.0,1.0,27.34676513671877,91.95847865513392,14.615714039121354,23.54,98.34,1.275986857905614,17.60367485448971
BARANOA,2019,6,22,1,1.0,0.0,0.0,0.0,0.0,0.0,0.0,1.0,0.0,0.0,0.0,0.0,0.0,1.0,0.0,0.0,1.0,0.0,1.0,0.0,1.0,1.0,0.0,0.0,0.0,0.0,1.0,0.0,0.0,1.0,0.0,0.0,26.943797956194214,92.27033233642578,16.340000288827078,23.54,98.34,1.275986857905614,17.60367485448971
BARANOA,2019,6,23,2,0.0,0.5,0.0,0.0,0.0,0.0,0.5,0.5,0.0,0.0,0.0,0.0,0.5,1.0,0.0,0.0,1.0,0.0,1.0,0.5,0.5,1.0,0.0,0.0,0.0,0.0,1.0,0.0,0.0,0.5,0.0,0.5,27.6404488699777,92.47926003592356,10.53285709449223,23.54,98.34,1.275986857905614,17.60367485448971
BARANOA,2019,7,25,1,1.0,0.0,0.0,0.0,0.0,0.0,0.0,0.0,0.0,0.0,0.0,0.0,1.0,1.0,0.0,0.0,1.0,0.0,1.0,0.0,1.0,1.0,0.0,0.0,0.0,0.0,1.0,0.0,0.0,1.0,0.0,0.0,28.579618617466533,88.88618469238281,8.648571763719831,23.54,98.34,1.275986857905614,17.60367485448971
BARANOA,2019,7,26,1,0.0,0.0,0.0,0.0,1.0,0.0,0.0,0.0,0.0,0.0,0.0,0.0,1.0,1.0,0.0,0.0,1.0,0.0,1.0,1.0,0.0,1.0,0.0,0.0,0.0,0.0,1.0,0.0,0.0,0.0,0.0,1.0,27.94909057617189,89.66238185337612,3.1014285683631897,23.54,98.34,1.275986857905614,17.60367485448971
BARANOA,2019,7,27,1,1.0,0.0,0.0,0.0,0.0,0.0,0.0,1.0,0.0,0.0,0.0,0.0,0.0,1.0,0.0,0.0,1.0,0.0,1.0,0.0,1.0,1.0,0.0,0.0,0.0,0.0,1.0,0.0,0.0,1.0,0.0,0.0,28.14245867047993,89.50201198032924,4.4485714712313245,23.54,98.34,1.275986857905614,17.60367485448971
BARANOA,2019,7,28,3,0.3333333333333333,0.0,0.0,0.0,0.6666666666666666,0.0,0.0,0.0,0.0,0.0,0.0,0.0,1.0,1.0,0.0,0.3333333333333333,0.6666666666666666,0.0,1.0,0.6666666666666666,0.3333333333333333,1.0,0.0,0.0,0.0,0.0,1.0,0.0,0.0,0.0,0.0,1.0,27.451239885602696,90.28643035888672,6.034285869981561,23.54,98.34,1.275986857905614,17.60367485448971
BARANOA,2019,8,29,3,0.0,0.3333333333333333,0.3333333333333333,0.3333333333333333,0.0,0.0,0.0,0.3333333333333333,0.0,0.0,0.0,0.0,0.6666666666666666,1.0,0.0,0.0,1.0,0.0,1.0,0.3333333333333333,0.6666666666666666,1.0,0.0,0.0,0.0,0.0,1.0,0.0,0.0,0.3333333333333333,0.0,0.6666666666666666,28.318311854771224,90.77391597202846,2.3914285387311662,23.54,98.34,1.275986857905614,17.60367485448971
BARANOA,2019,8,30,2,1.0,0.0,0.0,0.0,0.0,0.0,0.0,0.0,0.0,0.0,0.0,0.0,1.0,1.0,0.0,0.0,1.0,0.0,1.0,0.5,0.5,1.0,0.0,0.0,0.0,0.0,1.0,0.0,0.0,0.0,0.0,1.0,27.31775817871096,92.07536206926618,11.714285782405309,23.54,98.34,1.275986857905614,17.60367485448971
BARANOA,2019,8,31,1,0.0,0.0,0.0,0.0,1.0,0.0,0.0,0.0,0.0,0.0,0.0,0.0,1.0,1.0,0.0,0.0,1.0,0.0,1.0,0.0,1.0,1.0,0.0,0.0,0.0,0.0,1.0,0.0,0.0,0.0,0.0,1.0,27.959113420758943,92.84705461774554,5.064285687037876,23.54,98.34,1.275986857905614,17.60367485448971
BARANOA,2019,8,32,9,0.3333333333333333,0.0,0.1111111111111111,0.0,0.5555555555555556,0.0,0.0,0.3333333333333333,0.0,0.0,0.0,0.2222222222222222,0.4444444444444444,0.8888888888888888,0.1111111111111111,0.1111111111111111,0.8888888888888888,0.0,1.0,0.5555555555555556,0.4444444444444444,1.0,0.0,0.0,0.0,0.0,1.0,0.0,0.0,0.2222222222222222,0.0,0.7777777777777778,28.10677926199779,91.63390023367744,4.83714268888746,23.54,98.34,1.275986857905614,17.60367485448971
BARANOA,2019,9,33,7,0.5714285714285714,0.1428571428571428,0.0,0.0,0.1428571428571428,0.0,0.1428571428571428,0.2857142857142857,0.0,0.0,0.0,0.0,0.7142857142857143,1.0,0.0,0.1428571428571428,0.8571428571428571,0.0,1.0,0.1428571428571428,0.8571428571428571,1.0,0.0,0.0,0.0,0.0,1.0,0.0,0.0,0.0,0.0,1.0,27.16167384556364,93.14291708809988,17.401428631373815,23.54,98.34,1.275986857905614,17.60367485448971
BARANOA,2019,9,34,7,0.5714285714285714,0.1428571428571428,0.0,0.0,0.2857142857142857,0.0,0.0,0.1428571428571428,0.0,0.0,0.0,0.0,0.8571428571428571,0.8571428571428571,0.1428571428571428,0.0,1.0,0.0,1.0,1.0,0.0,1.0,0.0,0.0,0.0,0.0,1.0,0.0,0.0,0.2857142857142857,0.0,0.7142857142857143,27.802383858816977,93.71691458565849,6.547142739806857,23.54,98.34,1.275986857905614,17.60367485448971
BARANOA,2019,9,35,4,0.75,0.0,0.0,0.0,0.0,0.0,0.25,0.25,0.0,0.0,0.0,0.0,0.75,1.0,0.0,0.0,1.0,0.0,1.0,0.5,0.5,1.0,0.0,0.0,0.0,0.0,1.0,0.0,0.0,0.25,0.0,0.75,27.784162684849345,92.4078608921596,12.53571435383388,23.54,98.34,1.275986857905614,17.60367485448971
BARANOA,2019,9,36,9,0.5555555555555556,0.1111111111111111,0.0,0.0,0.2222222222222222,0.0,0.1111111111111111,0.2222222222222222,0.0,0.0,0.0,0.0,0.7777777777777778,1.0,0.0,0.0,1.0,0.0,1.0,0.3333333333333333,0.6666666666666666,1.0,0.0,0.0,0.0,0.0,0.8888888888888888,0.1111111111111111,0.0,0.0,0.0,1.0,27.714188058035734,94.07463836669922,3.915714306490762,23.54,98.34,1.275986857905614,17.60367485448971
BARANOA,2019,10,37,11,0.3636363636363636,0.0909090909090909,0.0,0.0,0.4545454545454545,0.0,0.0909090909090909,0.1818181818181818,0.0909090909090909,0.0909090909090909,0.0,0.0,0.6363636363636364,1.0,0.0,0.0,1.0,0.0,1.0,0.3636363636363636,0.6363636363636364,1.0,0.0,0.0,0.0,0.0,0.9090909090909092,0.0909090909090909,0.0,0.0,0.0,1.0,27.960761369977696,93.57026127406527,7.535714387893677,23.54,98.34,1.275986857905614,17.60367485448971
BARANOA,2019,10,38,10,0.8,0.0,0.0,0.0,0.2,0.0,0.0,0.0,0.0,0.0,0.0,0.0,1.0,1.0,0.0,0.0,1.0,0.0,1.0,0.5,0.5,1.0,0.0,0.0,0.0,0.0,1.0,0.0,0.0,0.2,0.0,0.8,26.22242344447547,94.41596003941127,14.859999997275215,23.54,98.34,1.275986857905614,17.60367485448971
BARANOA,2019,10,39,9,0.6666666666666666,0.0,0.0,0.0,0.2222222222222222,0.0,0.1111111111111111,0.1111111111111111,0.0,0.0,0.0,0.0,0.8888888888888888,1.0,0.0,0.0,1.0,0.0,1.0,0.4444444444444444,0.5555555555555556,1.0,0.0,0.0,0.0,0.0,1.0,0.0,0.0,0.0,0.0,1.0,26.897757829938637,94.55353655133928,8.158571345465523,23.54,98.34,1.275986857905614,17.60367485448971
BARANOA,2019,10,40,12,0.75,0.0,0.0833333333333333,0.0,0.1666666666666666,0.0,0.0,0.1666666666666666,0.0,0.0,0.0,0.0,0.8333333333333334,1.0,0.0,0.0833333333333333,0.9166666666666666,0.0,1.0,0.5,0.5,1.0,0.0,0.0,0.0,0.0,0.9166666666666666,0.0833333333333333,0.0,0.0833333333333333,0.0,0.9166666666666666,26.2795850481306,95.07118225097656,9.839999880109517,23.54,98.34,1.275986857905614,17.60367485448971
BARANOA,2019,11,41,16,0.5625,0.1875,0.0,0.0,0.25,0.0,0.0,0.25,0.0,0.0,0.0,0.0,0.75,1.0,0.0,0.125,0.875,0.0,1.0,0.375,0.625,1.0,0.0,0.0,0.0,0.0,0.875,0.125,0.0,0.0,0.0,1.0,26.12476501464844,94.97069004603794,14.544285876410347,23.54,98.34,1.275986857905614,17.60367485448971
BARANOA,2019,11,42,7,0.5714285714285714,0.0,0.0,0.0,0.1428571428571428,0.0,0.2857142857142857,0.2857142857142857,0.0,0.0,0.0,0.0,0.7142857142857143,1.0,0.0,0.0,1.0,0.0,1.0,0.4285714285714285,0.5714285714285714,1.0,0.0,0.0,0.0,0.0,1.0,0.0,0.0,0.1428571428571428,0.0,0.8571428571428571,26.187663922991085,94.88613564627512,22.70857174055917,23.54,98.34,1.275986857905614,17.60367485448971
BARANOA,2019,11,43,16,0.375,0.0,0.0,0.0,0.5625,0.0,0.0625,0.4375,0.0,0.0,0.0,0.0,0.5625,0.9375,0.0625,0.0,1.0,0.0,1.0,0.4375,0.5625,1.0,0.0,0.0,0.0,0.0,0.9375,0.0625,0.0,0.1875,0.0,0.8125,26.325036621093773,94.8512725830078,7.1142856904438565,23.54,98.34,1.275986857905614,17.60367485448971
BARANOA,2019,11,44,15,0.4666666666666667,0.2,0.0666666666666666,0.0,0.2666666666666666,0.0,0.0,0.2666666666666666,0.0666666666666666,0.0,0.0,0.0,0.6666666666666666,1.0,0.0,0.0,1.0,0.0,1.0,0.7333333333333333,0.2666666666666666,1.0,0.0,0.0,0.0,0.0,0.9333333333333332,0.0666666666666666,0.0,0.4666666666666667,0.0,0.5333333333333333,26.818651907784613,93.66458456856864,5.381428582327707,23.54,98.34,1.275986857905614,17.60367485448971
BARANOA,2019,12,45,13,0.4615384615384615,0.0769230769230769,0.0769230769230769,0.0,0.3076923076923077,0.0,0.0769230769230769,0.0769230769230769,0.0,0.0,0.0,0.0,0.9230769230769232,1.0,0.0,0.0,1.0,0.0,1.0,0.3076923076923077,0.6923076923076923,1.0,0.0,0.0,0.0,0.0,0.8461538461538461,0.1538461538461538,0.0,0.1538461538461538,0.0,0.8461538461538461,27.012196568080377,92.17579432896206,16.831428621496475,23.54,98.34,1.275986857905614,17.60367485448971
BARANOA,2019,12,46,8,0.5,0.25,0.0,0.0,0.125,0.0,0.125,0.25,0.0,0.0,0.0,0.0,0.75,1.0,0.0,0.125,0.875,0.0,1.0,0.5,0.5,1.0,0.0,0.0,0.0,0.0,0.875,0.125,0.0,0.125,0.0,0.875,26.33482404436386,94.7741459437779,4.484285714370864,23.54,98.34,1.275986857905614,17.60367485448971
BARANOA,2019,12,47,22,0.4545454545454545,0.0454545454545454,0.0454545454545454,0.0,0.4090909090909091,0.0,0.0454545454545454,0.2727272727272727,0.0,0.0,0.0,0.0454545454545454,0.6818181818181818,0.9545454545454546,0.0454545454545454,0.0454545454545454,0.9545454545454546,0.0,1.0,0.4545454545454545,0.5454545454545454,1.0,0.0,0.0,0.0,0.0,1.0,0.0,0.0,0.0,0.0,1.0,26.5645451136998,94.2972651890346,19.935714278902328,23.54,98.34,1.275986857905614,17.60367485448971
BARANOA,2019,12,48,24,0.6666666666666666,0.0833333333333333,0.0,0.0,0.1666666666666666,0.0,0.0833333333333333,0.2916666666666667,0.0,0.0,0.0,0.0416666666666666,0.6666666666666666,0.9583333333333334,0.0416666666666666,0.0416666666666666,0.9583333333333334,0.0,1.0,0.375,0.625,1.0,0.0,0.0,0.0,0.0,1.0,0.0,0.0,0.1666666666666666,0.0,0.8333333333333334,27.384024919782387,90.63949693952289,13.339999990803856,23.54,98.34,1.275986857905614,17.60367485448971
BARANOA,2019,13,49,22,0.7272727272727273,0.0,0.0,0.0,0.1818181818181818,0.0,0.0909090909090909,0.2727272727272727,0.0454545454545454,0.0,0.0,0.0,0.6818181818181818,1.0,0.0,0.0454545454545454,0.9545454545454546,0.0,1.0,0.4090909090909091,0.5909090909090909,1.0,0.0,0.0,0.0,0.0,1.0,0.0,0.0,0.0909090909090909,0.0,0.9090909090909092,27.00367562430248,93.95950644356864,5.924285722630365,23.54,98.34,1.275986857905614,17.60367485448971
BARANOA,2019,13,50,18,0.4444444444444444,0.0,0.0,0.0,0.2777777777777778,0.0,0.2777777777777778,0.2777777777777778,0.0,0.0,0.0,0.0,0.7222222222222222,1.0,0.0,0.0555555555555555,0.9444444444444444,0.0,1.0,0.6111111111111112,0.3888888888888889,1.0,0.0,0.0,0.0,0.0,0.9444444444444444,0.0555555555555555,0.0,0.1111111111111111,0.0,0.8888888888888888,26.969576590401804,91.8417718069894,6.171428571588227,23.54,98.34,1.275986857905614,17.60367485448971
BARANOA,2019,13,51,24,0.625,0.2083333333333333,0.0,0.0,0.125,0.0,0.0416666666666666,0.25,0.0,0.0,0.0416666666666666,0.0,0.7083333333333334,0.9583333333333334,0.0416666666666666,0.0833333333333333,0.9166666666666666,0.0,1.0,0.5,0.5,1.0,0.0,0.0,0.0,0.0,0.9583333333333334,0.0416666666666666,0.0,0.125,0.0,0.875,27.634766060965426,92.49732208251952,8.39714283442923,23.54,98.34,1.275986857905614,17.60367485448971
BARANOA,2019,13,52,21,0.3809523809523809,0.0,0.0,0.0,0.5238095238095238,0.0,0.0952380952380952,0.2857142857142857,0.0,0.0,0.0,0.0,0.7142857142857143,1.0,0.0,0.0476190476190476,0.9523809523809524,0.0,1.0,0.3333333333333333,0.6666666666666666,1.0,0.0,0.0,0.0,0.0,0.9523809523809524,0.0476190476190476,0.0,0.0476190476190476,0.0,0.9523809523809524,27.43381870814733,92.11291176932198,9.107142865657806,23.54,98.34,1.275986857905614,17.60367485448971
BARANOA,2020,1,1,22,0.3181818181818182,0.1363636363636363,0.0,0.0,0.5,0.0,0.0454545454545454,0.2727272727272727,0.0,0.0,0.0,0.0454545454545454,0.6818181818181818,1.0,0.0,0.2272727272727272,0.7727272727272727,0.0,1.0,0.5454545454545454,0.4545454545454545,1.0,0.0,0.0,0.0,0.0,0.9090909090909092,0.0909090909090909,0.0,0.2727272727272727,0.0,0.7272727272727273,26.897310965401807,91.42395673479352,0.8571428571428571,23.66,98.71,1.275986857905614,17.60367485448971
BARANOA,2020,1,2,18,0.6666666666666666,0.1111111111111111,0.0,0.0,0.0555555555555555,0.0,0.1666666666666666,0.2777777777777778,0.0,0.0,0.0,0.0,0.7222222222222222,1.0,0.0,0.0555555555555555,0.9444444444444444,0.0,1.0,0.5,0.5,1.0,0.0,0.0,0.0,0.0,0.8888888888888888,0.1111111111111111,0.0,0.0,0.0,1.0,27.51132681710381,84.94940512520927,0.0,23.66,98.71,1.275986857905614,17.60367485448971
BARANOA,2020,1,3,20,0.45,0.15,0.0,0.0,0.35,0.0,0.05,0.3,0.0,0.0,0.0,0.2,0.5,1.0,0.0,0.45,0.55,0.0,1.0,0.75,0.25,1.0,0.0,0.0,0.0,0.0,0.95,0.05,0.0,0.1,0.0,0.9,27.541356113978814,85.22216469900948,0.2385714237711259,23.66,98.71,1.275986857905614,17.60367485448971
BARANOA,2020,1,4,7,0.2857142857142857,0.1428571428571428,0.0,0.0,0.5714285714285714,0.0,0.0,0.0,0.0,0.0,0.0,0.1428571428571428,0.8571428571428571,1.0,0.0,0.2857142857142857,0.7142857142857143,0.0,1.0,0.5714285714285714,0.4285714285714285,1.0,0.0,0.0,0.0,0.0,0.7142857142857143,0.2857142857142857,0.0,0.0,0.0,1.0,26.59568612234935,90.98636954171316,10.830000002469337,23.66,98.71,1.275986857905614,17.60367485448971
BARANOA,2020,2,5,11,0.2727272727272727,0.1818181818181818,0.0,0.0,0.1818181818181818,0.0,0.3636363636363636,0.1818181818181818,0.0,0.0,0.0,0.0909090909090909,0.7272727272727273,1.0,0.0,0.2727272727272727,0.7272727272727273,0.0,1.0,0.7272727272727273,0.2727272727272727,1.0,0.0,0.0,0.0,0.0,0.9090909090909092,0.0909090909090909,0.0,0.1818181818181818,0.0,0.8181818181818182,27.917851475306936,88.1820319039481,4.857142857142857,23.66,98.71,1.275986857905614,17.60367485448971
BARANOA,2020,2,6,8,0.375,0.125,0.0,0.0,0.5,0.0,0.0,0.5,0.0,0.0,0.0,0.0,0.5,0.875,0.125,0.125,0.875,0.0,1.0,0.75,0.25,1.0,0.0,0.0,0.0,0.0,1.0,0.0,0.0,0.0,0.125,0.875,27.555653599330377,86.91168866838727,0.0,23.66,98.71,1.275986857905614,17.60367485448971
BARANOA,2020,2,7,7,0.4285714285714285,0.1428571428571428,0.0,0.1428571428571428,0.1428571428571428,0.0,0.1428571428571428,0.2857142857142857,0.0,0.1428571428571428,0.0,0.0,0.5714285714285714,1.0,0.0,0.2857142857142857,0.7142857142857143,0.0,1.0,0.5714285714285714,0.4285714285714285,1.0,0.0,0.0,0.0,0.0,0.8571428571428571,0.1428571428571428,0.0,0.0,0.0,1.0,27.89205540248328,82.64958081926618,0.0,23.66,98.71,1.275986857905614,17.60367485448971
BARANOA,2020,2,8,5,0.4,0.0,0.0,0.0,0.6,0.0,0.0,0.0,0.0,0.0,0.0,0.0,1.0,1.0,0.0,0.8,0.2,0.0,1.0,0.4,0.6,1.0,0.0,0.0,0.0,0.0,0.8,0.2,0.0,0.0,0.0,1.0,27.214726475306943,86.1871828351702,3.2957142857568607,23.66,98.71,1.275986857905614,17.60367485448971
BARANOA,2020,3,9,4,1.0,0.0,0.0,0.0,0.0,0.0,0.0,0.0,0.0,0.0,0.0,0.0,1.0,1.0,0.0,0.25,0.75,0.0,1.0,0.5,0.5,1.0,0.0,0.0,0.0,0.0,0.75,0.25,0.0,0.0,0.0,1.0,27.411462402343773,87.22577776227679,4.714285714285714,23.66,98.71,1.275986857905614,17.60367485448971
BARANOA,2020,3,10,3,0.0,0.3333333333333333,0.0,0.0,0.6666666666666666,0.0,0.0,0.3333333333333333,0.0,0.0,0.0,0.3333333333333333,0.3333333333333333,1.0,0.0,0.3333333333333333,0.6666666666666666,0.0,1.0,0.3333333333333333,0.6666666666666666,1.0,0.0,0.0,0.0,0.0,0.3333333333333333,0.6666666666666666,0.0,0.0,0.0,1.0,27.626469639369443,83.28558894566127,0.7142857142857143,23.66,98.71,1.275986857905614,17.60367485448971
BARANOA,2020,3,12,1,0.0,0.0,0.0,0.0,0.0,0.0,1.0,0.0,0.0,0.0,0.0,0.0,1.0,1.0,0.0,1.0,0.0,0.0,1.0,0.0,1.0,1.0,0.0,0.0,0.0,0.0,0.0,1.0,0.0,0.0,0.0,1.0,27.557491193498898,83.82598223005023,0.1142857159887041,23.66,98.71,1.275986857905614,17.60367485448971
BARANOA,2020,4,13,2,0.5,0.0,0.0,0.0,0.5,0.0,0.0,1.0,0.0,0.0,0.0,0.0,0.0,1.0,0.0,0.0,1.0,0.0,1.0,1.0,0.0,1.0,0.0,0.0,0.0,0.0,1.0,0.0,0.0,0.0,0.0,1.0,27.810126604352696,85.02962929861886,2.7457142855439867,23.66,98.71,1.275986857905614,17.60367485448971
BARANOA,2020,4,14,1,0.0,0.0,0.0,0.0,1.0,0.0,0.0,1.0,0.0,0.0,0.0,0.0,0.0,1.0,0.0,1.0,0.0,0.0,1.0,0.0,1.0,1.0,0.0,0.0,0.0,0.0,0.0,1.0,0.0,0.0,0.0,1.0,28.343039812360512,87.7760249546596,3.784285856144769,23.66,98.71,1.275986857905614,17.60367485448971
BARANOA,2020,4,16,1,0.0,0.0,0.0,0.0,1.0,0.0,0.0,0.0,0.0,0.0,0.0,0.0,1.0,1.0,0.0,0.0,1.0,0.0,1.0,1.0,0.0,1.0,0.0,0.0,0.0,0.0,1.0,0.0,0.0,0.0,0.0,1.0,28.217300851004488,87.32017953055245,5.247142853481429,23.66,98.71,1.275986857905614,17.60367485448971
BARANOA,2020,6,24,1,0.0,1.0,0.0,0.0,0.0,0.0,0.0,0.0,0.0,0.0,0.0,0.0,1.0,1.0,0.0,1.0,0.0,0.0,1.0,1.0,0.0,1.0,0.0,0.0,0.0,0.0,1.0,0.0,0.0,0.0,0.0,1.0,27.04819205147881,91.72559138706752,8.391428572790963,23.66,98.71,1.275986857905614,17.60367485448971
BARANOA,2020,8,29,1,0.0,0.0,0.0,0.0,1.0,0.0,0.0,0.0,0.0,0.0,0.0,0.0,1.0,1.0,0.0,1.0,0.0,0.0,1.0,1.0,0.0,1.0,0.0,0.0,0.0,0.0,1.0,0.0,0.0,0.0,0.0,1.0,27.41231907435828,91.88836669921876,7.591428624732154,23.66,98.71,1.275986857905614,17.60367485448971
BARANOA,2020,8,30,2,0.5,0.0,0.0,0.0,0.5,0.0,0.0,0.5,0.0,0.0,0.0,0.0,0.5,1.0,0.0,1.0,0.0,0.0,1.0,1.0,0.0,1.0,0.0,0.0,0.0,0.0,1.0,0.0,0.0,0.0,0.0,1.0,26.704400634765648,94.86895315987724,12.024285657065256,23.66,98.71,1.275986857905614,17.60367485448971
BARANOA,2020,8,31,1,1.0,0.0,0.0,0.0,0.0,0.0,0.0,0.0,0.0,0.0,0.0,0.0,1.0,1.0,0.0,0.0,1.0,0.0,1.0,1.0,0.0,1.0,0.0,0.0,0.0,0.0,0.0,1.0,0.0,0.0,0.0,1.0,27.70755702427457,93.475590297154,8.238571388380867,23.66,98.71,1.275986857905614,17.60367485448971
BARANOA,2020,8,32,3,0.6666666666666666,0.0,0.3333333333333333,0.0,0.0,0.0,0.0,0.3333333333333333,0.0,0.0,0.0,0.0,0.6666666666666666,0.6666666666666666,0.3333333333333333,0.3333333333333333,0.6666666666666666,0.0,1.0,0.6666666666666666,0.3333333333333333,1.0,0.0,0.0,0.0,0.0,0.6666666666666666,0.3333333333333333,0.0,0.3333333333333333,0.0,0.6666666666666666,27.774989972795783,93.80807495117188,5.762857283864703,23.66,98.71,1.275986857905614,17.60367485448971
BARANOA,2020,9,33,4,0.0,0.0,0.25,0.0,0.5,0.0,0.25,0.0,0.0,0.0,0.0,0.0,1.0,0.75,0.25,0.0,1.0,0.0,1.0,0.5,0.5,1.0,0.0,0.0,0.0,0.0,0.25,0.5,0.25,0.25,0.0,0.75,26.87412632533484,93.38587515694756,10.088571616581508,23.66,98.71,1.275986857905614,17.60367485448971
BARANOA,2020,9,34,3,0.6666666666666666,0.0,0.0,0.0,0.3333333333333333,0.0,0.0,0.0,0.0,0.0,0.0,0.0,1.0,1.0,0.0,0.3333333333333333,0.6666666666666666,0.0,1.0,0.3333333333333333,0.6666666666666666,1.0,0.0,0.0,0.0,0.0,0.6666666666666666,0.0,0.3333333333333333,0.0,0.0,1.0,26.42710048130582,94.58011518205916,23.68142863682338,23.66,98.71,1.275986857905614,17.60367485448971
BARANOA,2020,9,35,4,0.25,0.25,0.0,0.0,0.25,0.0,0.25,0.25,0.0,0.0,0.0,0.25,0.5,1.0,0.0,0.5,0.5,0.0,1.0,0.25,0.75,1.0,0.0,0.0,0.0,0.0,0.25,0.5,0.25,0.0,0.0,1.0,26.677795846121665,94.62515694754464,9.97857127870832,23.66,98.71,1.275986857905614,17.60367485448971
BARANOA,2020,9,36,1,1.0,0.0,0.0,0.0,0.0,0.0,0.0,1.0,0.0,0.0,0.0,0.0,0.0,1.0,0.0,1.0,0.0,0.0,1.0,1.0,0.0,1.0,0.0,0.0,0.0,0.0,0.0,1.0,0.0,0.0,0.0,1.0,26.51142926897324,94.75458744594027,17.8371427825519,23.66,98.71,1.275986857905614,17.60367485448971
BARANOA,2020,10,37,1,0.0,0.0,0.0,0.0,1.0,0.0,0.0,0.0,0.0,0.0,0.0,0.0,1.0,1.0,0.0,1.0,0.0,0.0,1.0,0.0,1.0,1.0,0.0,0.0,0.0,0.0,0.0,1.0,0.0,0.0,0.0,1.0,27.273307146344887,94.85718536376952,21.010000024523052,23.66,98.71,1.275986857905614,17.60367485448971
BARANOA,2020,10,38,1,1.0,0.0,0.0,0.0,0.0,0.0,0.0,0.0,0.0,0.0,0.0,0.0,1.0,1.0,0.0,0.0,1.0,0.0,1.0,0.0,1.0,1.0,0.0,0.0,0.0,0.0,1.0,0.0,0.0,0.0,0.0,1.0,26.72105233328685,94.63320922851562,13.277142899377006,23.66,98.71,1.275986857905614,17.60367485448971
BARANOA,2020,10,39,1,0.0,0.0,0.0,0.0,1.0,0.0,0.0,0.0,0.0,0.0,0.0,1.0,0.0,1.0,0.0,1.0,0.0,0.0,1.0,1.0,0.0,1.0,0.0,0.0,0.0,0.0,0.0,1.0,0.0,0.0,0.0,1.0,26.869180297851585,94.2973153250558,8.359999929155622,23.66,98.71,1.275986857905614,17.60367485448971
BARANOA,2020,10,40,4,0.75,0.0,0.0,0.0,0.25,0.0,0.0,0.0,0.0,0.0,0.0,0.0,1.0,1.0,0.0,0.25,0.75,0.0,1.0,0.5,0.5,1.0,0.0,0.0,0.0,0.0,0.25,0.25,0.5,0.0,0.0,1.0,25.9082449776786,93.73118700299943,13.321428605488368,23.66,98.71,1.275986857905614,17.60367485448971
BARANOA,2020,11,41,6,0.5,0.0,0.1666666666666666,0.0,0.3333333333333333,0.0,0.0,0.1666666666666666,0.0,0.0,0.0,0.0,0.8333333333333334,1.0,0.0,0.5,0.5,0.0,1.0,0.1666666666666666,0.8333333333333334,1.0,0.0,0.0,0.0,0.0,1.0,0.0,0.0,0.0,0.0,1.0,26.581837681361627,93.53948538643974,7.04571425489017,23.66,98.71,1.275986857905614,17.60367485448971
BARANOA,2020,11,42,1,1.0,0.0,0.0,0.0,0.0,0.0,0.0,0.0,0.0,0.0,0.0,0.0,1.0,1.0,0.0,0.0,1.0,0.0,1.0,1.0,0.0,1.0,0.0,0.0,0.0,0.0,0.0,0.0,1.0,0.0,0.0,1.0,25.937908063616096,94.06770978655132,13.692856967449188,23.66,98.71,1.275986857905614,17.60367485448971
BARANOA,2020,11,44,2,1.0,0.0,0.0,0.0,0.0,0.0,0.0,0.5,0.0,0.0,0.0,0.0,0.5,1.0,0.0,0.5,0.5,0.0,1.0,0.5,0.5,1.0,0.0,0.0,0.0,0.0,0.5,0.0,0.5,0.0,0.0,1.0,25.812437220982165,94.13308497837612,16.998571468251093,23.66,98.71,1.275986857905614,17.60367485448971
BARANOA,2020,12,45,2,0.0,0.0,0.0,0.0,1.0,0.0,0.0,0.0,0.0,0.0,0.0,0.0,1.0,1.0,0.0,0.0,1.0,0.0,1.0,0.0,1.0,1.0,0.0,0.0,0.0,0.0,0.5,0.0,0.5,0.0,0.0,1.0,25.779894583565863,94.62941196986608,11.49857144696372,23.66,98.71,1.275986857905614,17.60367485448971
BARANOA,2020,12,46,6,0.1666666666666666,0.0,0.0,0.0,0.6666666666666666,0.1666666666666666,0.0,0.1666666666666666,0.0,0.1666666666666666,0.0,0.0,0.6666666666666666,1.0,0.0,0.1666666666666666,0.8333333333333334,0.0,1.0,0.8333333333333334,0.1666666666666666,1.0,0.0,0.0,0.0,0.0,1.0,0.0,0.0,0.0,0.0,1.0,25.2761648995536,93.99800872802734,15.63285742487226,23.66,98.71,1.275986857905614,17.60367485448971
BARANOA,2020,12,48,3,0.6666666666666666,0.0,0.0,0.0,0.0,0.0,0.3333333333333333,0.0,0.0,0.0,0.0,0.0,1.0,1.0,0.0,0.0,1.0,0.0,1.0,0.6666666666666666,0.3333333333333333,1.0,0.0,0.0,0.0,0.0,0.6666666666666666,0.3333333333333333,0.0,0.0,0.0,1.0,26.28656485421318,93.77306147984096,14.150000061307637,23.66,98.71,1.275986857905614,17.60367485448971
BARANOA,2020,13,49,1,1.0,0.0,0.0,0.0,0.0,0.0,0.0,0.0,0.0,0.0,0.0,0.0,1.0,1.0,0.0,0.0,1.0,0.0,1.0,1.0,0.0,1.0,0.0,0.0,0.0,0.0,0.0,0.0,1.0,0.0,0.0,1.0,26.3385450090681,94.07144927978516,10.29714284624372,23.66,98.71,1.275986857905614,17.60367485448971
BARANOA,2020,13,50,2,1.0,0.0,0.0,0.0,0.0,0.0,0.0,0.0,0.0,0.0,0.0,0.0,1.0,1.0,0.0,0.0,1.0,0.0,1.0,0.0,1.0,1.0,0.0,0.0,0.0,0.0,1.0,0.0,0.0,0.0,0.0,1.0,26.391514805385064,91.8873792375837,5.235714273793357,23.66,98.71,1.275986857905614,17.60367485448971
BARANOA,2020,13,51,3,0.3333333333333333,0.0,0.0,0.0,0.3333333333333333,0.0,0.3333333333333333,0.3333333333333333,0.0,0.0,0.0,0.0,0.6666666666666666,1.0,0.0,0.6666666666666666,0.3333333333333333,0.0,1.0,0.0,1.0,1.0,0.0,0.0,0.0,0.0,0.6666666666666666,0.3333333333333333,0.0,0.0,0.0,1.0,26.64567827497212,91.32068198067802,1.494285719735282,23.66,98.71,1.275986857905614,17.60367485448971
BARANOA,2020,13,52,4,0.25,0.0,0.0,0.0,0.5,0.0,0.25,0.5,0.0,0.0,0.0,0.0,0.5,1.0,0.0,0.25,0.75,0.0,1.0,0.75,0.25,1.0,0.0,0.0,0.0,0.0,1.0,0.0,0.0,0.0,0.0,1.0,26.629248918805825,91.11371612548828,8.617142847606114,23.66,98.71,1.275986857905614,17.60367485448971
BARANOA,2020,14,53,3,0.6666666666666666,0.3333333333333333,0.0,0.0,0.0,0.0,0.0,0.3333333333333333,0.0,0.0,0.0,0.0,0.6666666666666666,1.0,0.0,0.0,1.0,0.0,1.0,1.0,0.0,1.0,0.0,0.0,0.0,0.0,0.6666666666666666,0.3333333333333333,0.0,0.0,0.0,1.0,26.751504516601585,87.98423767089844,0.5,23.66,98.71,1.275986857905614,17.60367485448971
BARANOA,2021,1,2,3,1.0,0.0,0.0,0.0,0.0,0.0,0.0,0.3333333333333333,0.0,0.0,0.0,0.0,0.6666666666666666,1.0,0.0,0.0,1.0,0.0,1.0,1.0,0.0,1.0,0.0,0.0,0.0,0.0,1.0,0.0,0.0,0.3333333333333333,0.0,0.6666666666666666,27.14313005719868,88.61614663260323,3.434285717351096,23.63,98.8,1.275986857905614,17.60367485448971
BARANOA,2021,1,4,1,0.0,0.0,0.0,0.0,1.0,0.0,0.0,0.0,0.0,0.0,0.0,0.0,1.0,1.0,0.0,0.0,1.0,0.0,1.0,0.0,1.0,1.0,0.0,0.0,0.0,0.0,1.0,0.0,0.0,0.0,0.0,1.0,27.207400076729925,86.37267630440849,0.0,23.63,98.8,1.275986857905614,17.60367485448971
BARANOA,2021,2,5,1,0.0,0.0,0.0,0.0,1.0,0.0,0.0,0.0,0.0,0.0,0.0,0.0,1.0,0.0,1.0,0.0,1.0,0.0,1.0,0.0,1.0,1.0,0.0,0.0,0.0,0.0,1.0,0.0,0.0,0.0,0.0,1.0,26.91813921247212,86.58663940429688,2.1428572790963307,23.63,98.8,1.275986857905614,17.60367485448971
BARANOA,2021,4,13,1,0.0,0.0,0.0,1.0,0.0,0.0,0.0,1.0,0.0,0.0,0.0,0.0,0.0,1.0,0.0,1.0,0.0,0.0,1.0,1.0,0.0,1.0,0.0,0.0,0.0,0.0,1.0,0.0,0.0,0.0,0.0,1.0,28.480497523716537,80.99637930733817,1.8785714288907391,23.63,98.8,1.275986857905614,17.60367485448971
BARANOA,2021,7,27,1,1.0,0.0,0.0,0.0,0.0,0.0,0.0,1.0,0.0,0.0,0.0,0.0,0.0,1.0,0.0,0.0,1.0,0.0,1.0,0.0,1.0,1.0,0.0,0.0,0.0,0.0,1.0,0.0,0.0,0.0,0.0,1.0,27.11450456891743,91.97055380684988,7.572857154267175,23.63,98.8,1.275986857905614,17.60367485448971
BARANOA,2021,8,29,1,0.0,0.0,0.0,0.0,1.0,0.0,0.0,0.0,0.0,0.0,0.0,0.0,1.0,1.0,0.0,0.0,1.0,0.0,1.0,1.0,0.0,1.0,0.0,0.0,0.0,0.0,0.0,0.0,1.0,0.0,0.0,1.0,27.76554478236609,89.82447596958706,1.9814285444361823,23.63,98.8,1.275986857905614,17.60367485448971
BARANOA,2021,8,31,1,0.0,0.0,0.0,0.0,0.0,0.0,1.0,0.0,0.0,0.0,0.0,0.0,1.0,1.0,0.0,0.0,1.0,0.0,1.0,0.0,1.0,1.0,0.0,0.0,0.0,0.0,1.0,0.0,0.0,0.0,0.0,1.0,27.246874564034616,92.6919937133789,6.765714270727975,23.63,98.8,1.275986857905614,17.60367485448971
BARANOA,2021,9,33,1,1.0,0.0,0.0,0.0,0.0,0.0,0.0,0.0,0.0,0.0,0.0,0.0,1.0,1.0,0.0,1.0,0.0,0.0,1.0,0.0,1.0,1.0,0.0,0.0,0.0,0.0,1.0,0.0,0.0,0.0,0.0,1.0,26.442886788504484,93.64541516985211,23.689999716622488,23.63,98.8,1.275986857905614,17.60367485448971
BARANOA,2021,9,34,2,0.5,0.0,0.0,0.0,0.5,0.0,0.0,0.5,0.0,0.0,0.0,0.0,0.5,1.0,0.0,0.0,1.0,0.0,1.0,1.0,0.0,1.0,0.0,0.0,0.0,0.0,1.0,0.0,0.0,0.0,0.0,1.0,26.32035435267858,94.15473393031527,17.024285452706472,23.63,98.8,1.275986857905614,17.60367485448971
BARANOA,2021,9,36,6,0.5,0.0,0.1666666666666666,0.0,0.1666666666666666,0.0,0.1666666666666666,0.5,0.0,0.0,0.0,0.0,0.5,1.0,0.0,0.1666666666666666,0.8333333333333334,0.0,1.0,0.3333333333333333,0.6666666666666666,1.0,0.0,0.0,0.0,0.0,1.0,0.0,0.0,0.1666666666666666,0.0,0.8333333333333334,26.487414114815863,94.34164210728235,13.902857048170906,23.63,98.8,1.275986857905614,17.60367485448971
BARANOA,2021,10,37,5,0.8,0.0,0.0,0.0,0.2,0.0,0.0,0.0,0.0,0.0,0.0,0.0,1.0,1.0,0.0,0.2,0.8,0.0,1.0,0.4,0.6,1.0,0.0,0.0,0.0,0.0,0.6,0.4,0.0,0.0,0.0,1.0,26.642369297572564,93.7070792061942,10.64714288711548,23.63,98.8,1.275986857905614,17.60367485448971
BARANOA,2021,10,38,5,0.6,0.0,0.0,0.0,0.4,0.0,0.0,0.2,0.0,0.0,0.0,0.0,0.8,1.0,0.0,0.0,1.0,0.0,1.0,0.2,0.8,1.0,0.0,0.0,0.0,0.0,1.0,0.0,0.0,0.6,0.0,0.4,26.850673566545783,92.60995156424386,7.328571428677866,23.63,98.8,1.275986857905614,17.60367485448971
BARANOA,2021,10,39,9,0.3333333333333333,0.1111111111111111,0.0,0.0,0.3333333333333333,0.0,0.2222222222222222,0.2222222222222222,0.0,0.0,0.0,0.0,0.7777777777777778,0.8888888888888888,0.1111111111111111,0.3333333333333333,0.6666666666666666,0.0,1.0,0.4444444444444444,0.5555555555555556,1.0,0.0,0.0,0.0,0.0,0.8888888888888888,0.1111111111111111,0.0,0.4444444444444444,0.0,0.5555555555555556,26.850863211495557,92.92000470842632,11.899999933583397,23.63,98.8,1.275986857905614,17.60367485448971
BARANOA,2021,10,40,5,0.2,0.4,0.0,0.0,0.4,0.0,0.0,0.2,0.0,0.0,0.0,0.0,0.8,1.0,0.0,0.2,0.8,0.0,1.0,0.4,0.6,1.0,0.0,0.0,0.0,0.0,1.0,0.0,0.0,0.2,0.0,0.8,26.85585719517301,93.77596500941684,8.650000095367432,23.63,98.8,1.275986857905614,17.60367485448971
BARANOA,2021,11,41,6,0.3333333333333333,0.1666666666666666,0.0,0.0,0.5,0.0,0.0,0.3333333333333333,0.0,0.0,0.0,0.0,0.6666666666666666,1.0,0.0,0.1666666666666666,0.8333333333333334,0.0,1.0,0.5,0.5,1.0,0.0,0.0,0.0,0.0,0.8333333333333334,0.0,0.1666666666666666,0.1666666666666666,0.0,0.8333333333333334,26.61620483398439,93.04361942836216,13.97285715171269,23.63,98.8,1.275986857905614,17.60367485448971
BARANOA,2021,11,42,4,0.25,0.0,0.0,0.0,0.25,0.0,0.5,0.0,0.0,0.0,0.25,0.0,0.75,1.0,0.0,0.5,0.5,0.0,1.0,0.5,0.5,1.0,0.0,0.0,0.0,0.0,1.0,0.0,0.0,0.25,0.0,0.75,26.554666137695328,94.1000497000558,12.32999985558646,23.63,98.8,1.275986857905614,17.60367485448971
BARANOA,2021,11,43,4,0.5,0.25,0.0,0.0,0.0,0.0,0.25,0.25,0.0,0.0,0.0,0.0,0.75,1.0,0.0,0.5,0.5,0.0,1.0,0.25,0.75,1.0,0.0,0.0,0.0,0.0,1.0,0.0,0.0,0.0,0.0,1.0,26.523843383789085,94.09172058105467,17.672857301575796,23.63,98.8,1.275986857905614,17.60367485448971
BARANOA,2021,11,44,4,1.0,0.0,0.0,0.0,0.0,0.0,0.0,0.0,0.0,0.0,0.0,0.0,1.0,1.0,0.0,0.0,1.0,0.0,1.0,0.5,0.5,1.0,0.0,0.0,0.0,0.0,1.0,0.0,0.0,0.0,0.0,1.0,25.60348118373328,93.5999058314732,13.08428600856236,23.63,98.8,1.275986857905614,17.60367485448971
BARANOA,2021,12,45,8,0.625,0.0,0.0,0.0,0.375,0.0,0.0,0.5,0.0,0.0,0.0,0.0,0.5,1.0,0.0,0.25,0.75,0.0,1.0,0.75,0.25,1.0,0.0,0.0,0.0,0.0,1.0,0.0,0.0,0.125,0.0,0.875,26.69412493024556,93.38394492013114,2.6328571821962083,23.63,98.8,1.275986857905614,17.60367485448971
BARANOA,2021,12,46,10,0.5,0.1,0.1,0.0,0.3,0.0,0.0,0.4,0.0,0.1,0.0,0.1,0.4,0.9,0.1,0.4,0.6,0.0,1.0,0.5,0.5,1.0,0.0,0.0,0.0,0.0,0.9,0.1,0.0,0.1,0.0,0.9,26.853389630998908,93.4548819405692,9.697143392903463,23.63,98.8,1.275986857905614,17.60367485448971
BARANOA,2021,12,47,6,0.3333333333333333,0.0,0.0,0.0,0.6666666666666666,0.0,0.0,0.1666666666666666,0.0,0.1666666666666666,0.0,0.0,0.6666666666666666,1.0,0.0,0.1666666666666666,0.8333333333333334,0.0,1.0,0.1666666666666666,0.8333333333333334,1.0,0.0,0.0,0.0,0.0,1.0,0.0,0.0,0.5,0.0,0.5,26.16431361607144,93.98465510777064,7.221428505011967,23.63,98.8,1.275986857905614,17.60367485448971
BARANOA,2021,12,48,5,0.6,0.0,0.0,0.0,0.4,0.0,0.0,0.4,0.0,0.0,0.0,0.0,0.6,1.0,0.0,0.2,0.8,0.0,1.0,0.8,0.2,1.0,0.0,0.0,0.0,0.0,1.0,0.0,0.0,0.4,0.0,0.6,26.2486271449498,93.98202078683036,11.127142974308558,23.63,98.8,1.275986857905614,17.60367485448971
BARANOA,2021,13,49,5,0.8,0.2,0.0,0.0,0.0,0.0,0.0,0.4,0.0,0.2,0.0,0.0,0.4,1.0,0.0,0.0,1.0,0.0,1.0,0.6,0.4,1.0,0.0,0.0,0.0,0.0,1.0,0.0,0.0,0.0,0.0,1.0,27.170547921316984,90.54815891810826,4.285714285714286,23.63,98.8,1.275986857905614,17.60367485448971
BARANOA,2021,13,50,4,0.75,0.0,0.0,0.0,0.25,0.0,0.0,0.0,0.0,0.0,0.0,0.0,1.0,1.0,0.0,0.0,1.0,0.0,1.0,0.5,0.5,1.0,0.0,0.0,0.0,0.0,1.0,0.0,0.0,0.0,0.0,1.0,26.68590698242189,90.72151838030132,1.7414285710879736,23.63,98.8,1.275986857905614,17.60367485448971
BARANOA,2021,13,51,5,0.8,0.2,0.0,0.0,0.0,0.0,0.0,0.2,0.0,0.0,0.0,0.0,0.8,1.0,0.0,0.0,1.0,0.0,1.0,1.0,0.0,1.0,0.0,0.0,0.0,0.0,1.0,0.0,0.0,0.0,0.0,1.0,26.719628906250023,92.5288325718471,3.225714285991021,23.63,98.8,1.275986857905614,17.60367485448971
BARANOA,2021,13,52,6,0.8333333333333334,0.0,0.0,0.0,0.1666666666666666,0.0,0.0,0.3333333333333333,0.0,0.0,0.0,0.0,0.6666666666666666,1.0,0.0,0.5,0.5,0.0,1.0,0.6666666666666666,0.3333333333333333,1.0,0.0,0.0,0.0,0.0,1.0,0.0,0.0,0.1666666666666666,0.0,0.8333333333333334,27.05471409388952,91.6236801147461,4.862857138471944,23.63,98.8,1.275986857905614,17.60367485448971
BARANOA,2022,1,1,1,0.0,1.0,0.0,0.0,0.0,0.0,0.0,0.0,0.0,0.0,0.0,0.0,1.0,1.0,0.0,0.0,1.0,0.0,1.0,0.0,1.0,1.0,0.0,0.0,0.0,0.0,1.0,0.0,0.0,0.0,0.0,1.0,26.982581438337075,89.06569998604911,0.0,23.85,99.54,1.275986857905614,17.60367485448971
BARANOA,2022,1,2,3,0.3333333333333333,0.0,0.0,0.0,0.3333333333333333,0.0,0.3333333333333333,0.0,0.0,0.0,0.0,0.0,1.0,1.0,0.0,0.0,1.0,0.0,1.0,0.6666666666666666,0.3333333333333333,1.0,0.0,0.0,0.0,0.0,1.0,0.0,0.0,0.0,0.0,1.0,26.496187918526807,90.07305690220424,5.491428572152342,23.85,99.54,1.275986857905614,17.60367485448971
BARANOA,2022,1,4,2,0.5,0.0,0.5,0.0,0.0,0.0,0.0,0.5,0.0,0.0,0.0,0.0,0.5,1.0,0.0,0.0,1.0,0.0,1.0,0.0,1.0,1.0,0.0,0.0,0.0,0.0,1.0,0.0,0.0,0.0,0.0,1.0,26.93193315778462,88.5708977835519,15.571428980146136,23.85,99.54,1.275986857905614,17.60367485448971
BARANOA,2022,2,6,1,0.0,0.0,1.0,0.0,0.0,0.0,0.0,0.0,0.0,0.0,0.0,0.0,1.0,1.0,0.0,0.0,1.0,0.0,1.0,1.0,0.0,1.0,0.0,0.0,0.0,0.0,1.0,0.0,0.0,1.0,0.0,0.0,27.11644243512837,88.3221686226981,2.372857155544417,23.85,99.54,1.275986857905614,17.60367485448971
BARANOA,2022,3,9,1,0.0,0.0,1.0,0.0,0.0,0.0,0.0,0.0,0.0,1.0,0.0,0.0,0.0,1.0,0.0,0.0,1.0,0.0,1.0,0.0,1.0,1.0,0.0,0.0,0.0,0.0,1.0,0.0,0.0,1.0,0.0,0.0,27.360770525251137,86.45047106061664,1.6771428510546684,23.85,99.54,1.275986857905614,17.60367485448971
BARANOA,2022,5,20,1,0.0,0.0,0.0,0.0,0.0,0.0,1.0,0.0,0.0,0.0,0.0,0.0,1.0,1.0,0.0,0.0,1.0,0.0,1.0,1.0,0.0,1.0,0.0,0.0,0.0,0.0,1.0,0.0,0.0,1.0,0.0,0.0,27.136254882812523,92.16826847621373,10.46142864227295,23.85,99.54,1.275986857905614,17.60367485448971
BARANOA,2022,6,21,3,0.0,1.0,0.0,0.0,0.0,0.0,0.0,0.0,0.0,0.3333333333333333,0.0,0.0,0.6666666666666666,1.0,0.0,0.3333333333333333,0.6666666666666666,0.0,1.0,0.6666666666666666,0.3333333333333333,1.0,0.0,0.0,0.0,0.0,1.0,0.0,0.0,0.6666666666666666,0.0,0.3333333333333333,27.568017578125023,91.42273821149554,6.964285739830562,23.85,99.54,1.275986857905614,17.60367485448971
BARANOA,2022,6,22,1,0.0,1.0,0.0,0.0,0.0,0.0,0.0,0.0,0.0,0.0,0.0,0.0,1.0,1.0,0.0,1.0,0.0,0.0,1.0,0.0,1.0,1.0,0.0,0.0,0.0,0.0,1.0,0.0,0.0,0.0,0.0,1.0,27.177294485909613,92.92789241245816,12.591428416115898,23.85,99.54,1.275986857905614,17.60367485448971
BARANOA,2022,6,23,1,0.0,1.0,0.0,0.0,0.0,0.0,0.0,0.0,0.0,0.0,0.0,0.0,1.0,1.0,0.0,0.0,1.0,0.0,1.0,0.0,1.0,1.0,0.0,0.0,0.0,0.0,1.0,0.0,0.0,0.0,0.0,1.0,26.41250871930805,93.0456074305943,22.281428473336355,23.85,99.54,1.275986857905614,17.60367485448971
BARANOA,2022,7,25,1,0.0,0.0,0.0,0.0,1.0,0.0,0.0,0.0,0.0,0.0,0.0,0.0,1.0,1.0,0.0,0.0,1.0,0.0,1.0,1.0,0.0,1.0,0.0,0.0,0.0,0.0,1.0,0.0,0.0,0.0,0.0,1.0,26.693385968889523,93.75941903250558,17.125714438302175,23.85,99.54,1.275986857905614,17.60367485448971
BARANOA,2022,7,26,1,1.0,0.0,0.0,0.0,0.0,0.0,0.0,1.0,0.0,0.0,0.0,0.0,0.0,1.0,0.0,0.0,1.0,0.0,1.0,0.0,1.0,1.0,0.0,0.0,0.0,0.0,1.0,0.0,0.0,0.0,0.0,1.0,26.528052629743325,93.36312321254184,11.454285723822457,23.85,99.54,1.275986857905614,17.60367485448971
BARANOA,2022,7,27,2,0.5,0.5,0.0,0.0,0.0,0.0,0.0,1.0,0.0,0.0,0.0,0.0,0.0,1.0,0.0,0.0,1.0,0.0,1.0,0.0,1.0,1.0,0.0,0.0,0.0,0.0,1.0,0.0,0.0,0.0,0.0,1.0,27.687064470563637,93.42995343889508,8.9928571837289,23.85,99.54,1.275986857905614,17.60367485448971
BARANOA,2022,8,29,5,0.4,0.4,0.0,0.0,0.2,0.0,0.0,0.2,0.0,0.0,0.0,0.0,0.8,1.0,0.0,0.2,0.8,0.0,1.0,0.6,0.4,1.0,0.0,0.0,0.0,0.0,0.2,0.4,0.4,0.2,0.0,0.8,27.485168892996672,93.70266505650112,7.677142824445452,23.85,99.54,1.275986857905614,17.60367485448971
BARANOA,2022,8,30,5,0.6,0.4,0.0,0.0,0.0,0.0,0.0,0.4,0.0,0.0,0.0,0.2,0.4,1.0,0.0,0.4,0.6,0.0,1.0,0.4,0.6,1.0,0.0,0.0,0.0,0.0,0.8,0.0,0.2,0.0,0.0,1.0,26.85730024065293,94.36811065673828,15.811428649084908,23.85,99.54,1.275986857905614,17.60367485448971
BARANOA,2022,8,31,5,0.2,0.2,0.4,0.0,0.2,0.0,0.0,0.8,0.0,0.0,0.0,0.0,0.2,1.0,0.0,0.0,1.0,0.0,1.0,0.4,0.6,1.0,0.0,0.0,0.0,0.0,0.6,0.2,0.2,0.0,0.0,1.0,27.220302472795776,92.56429617745536,26.187142976692744,23.85,99.54,1.275986857905614,17.60367485448971
BARANOA,2022,9,33,1,1.0,0.0,0.0,0.0,0.0,0.0,0.0,0.0,0.0,0.0,0.0,0.0,1.0,1.0,0.0,0.0,1.0,0.0,1.0,1.0,0.0,1.0,0.0,0.0,0.0,0.0,0.0,1.0,0.0,0.0,0.0,1.0,27.14471479143417,93.9721221923828,18.914285114833287,23.85,99.54,1.275986857905614,17.60367485448971
BARANOA,2022,9,34,3,0.6666666666666666,0.0,0.0,0.0,0.3333333333333333,0.0,0.0,0.3333333333333333,0.0,0.0,0.0,0.0,0.6666666666666666,1.0,0.0,0.0,1.0,0.0,1.0,0.3333333333333333,0.6666666666666666,1.0,0.0,0.0,0.0,0.0,1.0,0.0,0.0,0.0,0.0,1.0,26.624843488420783,94.3139397757394,13.980000155312675,23.85,99.54,1.275986857905614,17.60367485448971
BARANOA,2022,9,35,3,0.6666666666666666,0.0,0.0,0.0,0.3333333333333333,0.0,0.0,0.0,0.0,0.0,0.0,0.3333333333333333,0.6666666666666666,0.6666666666666666,0.3333333333333333,0.3333333333333333,0.6666666666666666,0.0,1.0,0.0,1.0,1.0,0.0,0.0,0.0,0.0,1.0,0.0,0.0,0.0,0.0,1.0,26.75409197126118,95.19233158656527,12.304285866873604,23.85,99.54,1.275986857905614,17.60367485448971
BARANOA,2022,9,36,5,0.6,0.2,0.0,0.0,0.2,0.0,0.0,0.2,0.0,0.0,0.0,0.0,0.8,1.0,0.0,0.2,0.8,0.0,1.0,0.2,0.8,1.0,0.0,0.0,0.0,0.0,0.8,0.2,0.0,0.0,0.0,1.0,26.95352434430805,95.4229245867048,10.057142751557487,23.85,99.54,1.275986857905614,17.60367485448971
BARANOA,2022,10,37,2,1.0,0.0,0.0,0.0,0.0,0.0,0.0,0.0,0.0,0.5,0.0,0.0,0.5,1.0,0.0,0.5,0.5,0.0,1.0,1.0,0.0,1.0,0.0,0.0,0.0,0.0,0.5,0.5,0.0,0.5,0.0,0.5,26.73877432686944,94.66895839146206,13.37999987602234,23.85,99.54,1.275986857905614,17.60367485448971
BARANOA,2022,10,38,6,0.0,0.1666666666666666,0.0,0.0,0.5,0.0,0.3333333333333333,0.1666666666666666,0.0,0.0,0.0,0.0,0.8333333333333334,1.0,0.0,0.1666666666666666,0.8333333333333334,0.0,1.0,0.3333333333333333,0.6666666666666666,1.0,0.0,0.0,0.0,0.0,0.3333333333333333,0.5,0.1666666666666666,0.3333333333333333,0.0,0.6666666666666666,25.952909633091537,94.8488028390067,13.9442857333592,23.85,99.54,1.275986857905614,17.60367485448971
BARANOA,2022,10,39,2,0.0,0.5,0.0,0.0,0.5,0.0,0.0,0.5,0.0,0.0,0.0,0.0,0.5,1.0,0.0,1.0,0.0,0.0,1.0,0.0,1.0,1.0,0.0,0.0,0.0,0.0,0.5,0.0,0.5,0.5,0.0,0.5,26.35357927594868,95.67710876464844,8.222857236862183,23.85,99.54,1.275986857905614,17.60367485448971
BARANOA,2022,10,40,1,1.0,0.0,0.0,0.0,0.0,0.0,0.0,0.0,0.0,1.0,0.0,0.0,0.0,1.0,0.0,1.0,0.0,0.0,1.0,0.0,1.0,1.0,0.0,0.0,0.0,0.0,1.0,0.0,0.0,0.0,0.0,1.0,26.47267848423551,94.37713841029576,14.874285527638026,23.85,99.54,1.275986857905614,17.60367485448971
BARANOA,2022,11,41,7,0.2857142857142857,0.0,0.0,0.0,0.4285714285714285,0.0,0.2857142857142857,0.4285714285714285,0.0,0.0,0.0,0.0,0.5714285714285714,1.0,0.0,0.1428571428571428,0.8571428571428571,0.0,1.0,0.2857142857142857,0.7142857142857143,1.0,0.0,0.0,0.0,0.0,0.7142857142857143,0.2857142857142857,0.0,0.2857142857142857,0.0,0.7142857142857143,26.403671700613863,95.24930245535714,11.548571280070714,23.85,99.54,1.275986857905614,17.60367485448971
BARANOA,2022,11,42,4,0.25,0.25,0.0,0.0,0.5,0.0,0.0,0.5,0.0,0.0,0.0,0.0,0.5,1.0,0.0,0.5,0.5,0.0,1.0,0.25,0.75,1.0,0.0,0.0,0.0,0.0,0.75,0.25,0.0,0.25,0.0,0.75,26.512983485630603,95.1887948172433,13.63571446282523,23.85,99.54,1.275986857905614,17.60367485448971
BARANOA,2022,11,43,4,0.0,0.75,0.0,0.0,0.25,0.0,0.0,0.75,0.0,0.0,0.0,0.0,0.25,1.0,0.0,0.25,0.75,0.0,1.0,0.25,0.75,1.0,0.0,0.0,0.0,0.0,0.75,0.0,0.25,0.25,0.0,0.75,26.198423549107165,94.7401591709682,8.968571577753341,23.85,99.54,1.275986857905614,17.60367485448971
BARANOA,2022,11,44,3,0.3333333333333333,0.3333333333333333,0.0,0.0,0.3333333333333333,0.0,0.0,0.3333333333333333,0.0,0.0,0.0,0.0,0.6666666666666666,1.0,0.0,0.0,1.0,0.0,1.0,1.0,0.0,1.0,0.0,0.0,0.0,0.0,0.6666666666666666,0.3333333333333333,0.0,0.0,0.0,1.0,26.010838535853814,94.9937973022461,16.535714302744186,23.85,99.54,1.275986857905614,17.60367485448971
BARANOA,2022,12,45,3,0.0,0.0,0.0,0.0,1.0,0.0,0.0,0.6666666666666666,0.0,0.0,0.0,0.0,0.3333333333333333,1.0,0.0,0.0,1.0,0.0,1.0,0.3333333333333333,0.6666666666666666,1.0,0.0,0.0,0.0,0.0,0.3333333333333333,0.0,0.6666666666666666,0.0,0.0,1.0,25.04019208635605,95.5017362322126,13.449999945504326,23.85,99.54,1.275986857905614,17.60367485448971
BARANOA,2022,12,46,6,0.5,0.1666666666666666,0.1666666666666666,0.0,0.0,0.0,0.1666666666666666,0.3333333333333333,0.0,0.0,0.0,0.0,0.6666666666666666,1.0,0.0,0.0,1.0,0.0,1.0,0.3333333333333333,0.6666666666666666,1.0,0.0,0.0,0.0,0.0,0.8333333333333334,0.0,0.1666666666666666,0.1666666666666666,0.0,0.8333333333333334,25.847133527483283,95.5610602242606,19.80571416446141,23.85,99.54,1.275986857905614,17.60367485448971
BARANOA,2022,12,47,6,0.3333333333333333,0.3333333333333333,0.0,0.0,0.1666666666666666,0.0,0.1666666666666666,0.1666666666666666,0.0,0.0,0.0,0.0,0.8333333333333334,1.0,0.0,0.1666666666666666,0.8333333333333334,0.0,1.0,0.5,0.5,1.0,0.0,0.0,0.0,0.0,0.6666666666666666,0.1666666666666666,0.1666666666666666,0.1666666666666666,0.0,0.8333333333333334,26.361049543108283,94.29809679303852,6.917142833982195,23.85,99.54,1.275986857905614,17.60367485448971
BARANOA,2022,13,49,2,1.0,0.0,0.0,0.0,0.0,0.0,0.0,0.5,0.0,0.0,0.0,0.0,0.5,1.0,0.0,0.0,1.0,0.0,1.0,0.0,1.0,1.0,0.0,0.0,0.0,0.0,1.0,0.0,0.0,0.5,0.0,0.5,25.80301164899555,90.96441868373326,6.362857145922525,23.85,99.54,1.275986857905614,17.60367485448971
BARANOA,2022,13,51,4,1.0,0.0,0.0,0.0,0.0,0.0,0.0,0.5,0.0,0.0,0.0,0.0,0.5,1.0,0.0,0.25,0.75,0.0,1.0,0.0,1.0,1.0,0.0,0.0,0.0,0.0,1.0,0.0,0.0,0.0,0.0,1.0,26.95494559151788,89.49974822998047,0.7142857142857143,23.85,99.54,1.275986857905614,17.60367485448971
BARANOA,2022,13,52,1,1.0,0.0,0.0,0.0,0.0,0.0,0.0,0.0,0.0,0.0,0.0,0.0,1.0,1.0,0.0,0.0,1.0,0.0,1.0,0.0,1.0,1.0,0.0,0.0,0.0,0.0,1.0,0.0,0.0,1.0,0.0,0.0,26.4337838309152,90.54985918317524,0.2857142857142857,23.85,99.54,1.275986857905614,17.60367485448971
BARANOA,2023,1,1,3,0.6666666666666666,0.0,0.0,0.0,0.3333333333333333,0.0,0.0,0.3333333333333333,0.0,0.0,0.0,0.0,0.6666666666666666,1.0,0.0,0.3333333333333333,0.6666666666666666,0.0,1.0,1.0,0.0,1.0,0.0,0.0,0.0,0.0,1.0,0.0,0.0,0.3333333333333333,0.0,0.6666666666666666,26.573229544503366,92.83940887451172,2.492857141154153,23.87,99.63,1.275986857905614,17.60367485448971
BARANOA,2023,1,2,1,0.0,0.0,0.0,0.0,0.0,0.0,1.0,0.0,0.0,0.0,0.0,0.0,1.0,1.0,0.0,1.0,0.0,0.0,1.0,0.0,1.0,1.0,0.0,0.0,0.0,0.0,1.0,0.0,0.0,1.0,0.0,0.0,26.52610822405136,92.43131692068916,2.812857121229172,23.87,99.63,1.275986857905614,17.60367485448971
BARANOA,2023,1,3,3,0.0,0.0,0.0,0.0,1.0,0.0,0.0,0.3333333333333333,0.0,0.0,0.0,0.0,0.6666666666666666,0.6666666666666666,0.3333333333333333,0.0,1.0,0.0,1.0,0.3333333333333333,0.6666666666666666,1.0,0.0,0.0,0.0,0.0,1.0,0.0,0.0,0.6666666666666666,0.0,0.3333333333333333,26.745398821149568,90.05642591203961,4.571428571428571,23.87,99.63,1.275986857905614,17.60367485448971
BARANOA,2023,1,4,5,0.4,0.2,0.0,0.0,0.0,0.2,0.2,0.0,0.0,0.0,0.0,0.0,1.0,1.0,0.0,0.0,1.0,0.0,1.0,0.6,0.4,1.0,0.0,0.0,0.0,0.0,0.8,0.2,0.0,0.6,0.0,0.4,27.38853062220985,83.58489009312221,0.0,23.87,99.63,1.275986857905614,17.60367485448971
BARANOA,2023,2,5,3,0.3333333333333333,0.3333333333333333,0.0,0.0,0.0,0.0,0.3333333333333333,1.0,0.0,0.0,0.0,0.0,0.0,1.0,0.0,0.0,1.0,0.0,1.0,0.3333333333333333,0.6666666666666666,1.0,0.0,0.0,0.0,0.0,1.0,0.0,0.0,0.0,0.0,1.0,26.4495047433036,84.76487840924945,0.1428571428571428,23.87,99.63,1.275986857905614,17.60367485448971
BARANOA,2023,3,9,1,0.0,0.0,1.0,0.0,0.0,0.0,0.0,0.0,0.0,0.0,0.0,0.0,1.0,1.0,0.0,0.0,1.0,0.0,1.0,1.0,0.0,1.0,0.0,0.0,0.0,0.0,1.0,0.0,0.0,0.0,0.0,1.0,26.96908176967077,86.31614140101841,0.0,23.87,99.63,1.275986857905614,17.60367485448971
BARANOA,2023,3,11,1,0.0,0.0,1.0,0.0,0.0,0.0,0.0,1.0,0.0,0.0,0.0,0.0,0.0,1.0,0.0,0.0,1.0,0.0,1.0,1.0,0.0,1.0,0.0,0.0,0.0,0.0,1.0,0.0,0.0,0.0,0.0,1.0,26.85052097865515,91.68260410853794,12.0200001512255,23.87,99.63,1.275986857905614,17.60367485448971
BARANOA,2023,4,13,3,0.3333333333333333,0.0,0.3333333333333333,0.0,0.3333333333333333,0.0,0.0,0.6666666666666666,0.0,0.0,0.0,0.0,0.3333333333333333,1.0,0.0,0.0,1.0,0.0,1.0,0.6666666666666666,0.3333333333333333,1.0,0.0,0.0,0.0,0.0,1.0,0.0,0.0,0.0,0.0,1.0,27.76507611955917,82.75512041364398,4.154285714030266,23.87,99.63,1.275986857905614,17.60367485448971
BARANOA,2023,5,17,1,1.0,0.0,0.0,0.0,0.0,0.0,0.0,0.0,0.0,0.0,0.0,0.0,1.0,1.0,0.0,0.0,1.0,0.0,1.0,0.0,1.0,1.0,0.0,0.0,0.0,0.0,1.0,0.0,0.0,0.0,0.0,1.0,27.444650268554703,90.62791442871094,5.227142823593957,23.87,99.63,1.275986857905614,17.60367485448971
BARANOA,2023,5,20,1,0.0,1.0,0.0,0.0,0.0,0.0,0.0,0.0,0.0,0.0,0.0,0.0,1.0,1.0,0.0,0.0,1.0,0.0,1.0,1.0,0.0,1.0,0.0,0.0,0.0,0.0,1.0,0.0,0.0,0.0,0.0,1.0,28.20370309012279,90.03886958530971,12.30000003533704,23.87,99.63,1.275986857905614,17.60367485448971
BARANOA,2023,6,21,1,1.0,0.0,0.0,0.0,0.0,0.0,0.0,0.0,0.0,0.0,0.0,0.0,1.0,1.0,0.0,1.0,0.0,0.0,1.0,1.0,0.0,1.0,0.0,0.0,0.0,0.0,1.0,0.0,0.0,0.0,0.0,1.0,27.501330130440863,92.34315708705356,11.14999978882926,23.87,99.63,1.275986857905614,17.60367485448971
BARANOA,2023,6,24,2,0.0,0.0,0.5,0.0,0.0,0.0,0.5,1.0,0.0,0.0,0.0,0.0,0.0,1.0,0.0,0.0,1.0,0.0,1.0,1.0,0.0,1.0,0.0,0.0,0.0,0.0,1.0,0.0,0.0,0.0,0.0,1.0,28.347900826590426,92.13190351213728,7.028571350233896,23.87,99.63,1.275986857905614,17.60367485448971
BARANOA,2023,7,28,2,0.5,0.5,0.0,0.0,0.0,0.0,0.0,1.0,0.0,0.0,0.0,0.0,0.0,1.0,0.0,0.0,1.0,0.0,1.0,1.0,0.0,1.0,0.0,0.0,0.0,0.0,1.0,0.0,0.0,0.0,0.0,1.0,28.181564767020117,90.91247885567802,2.62999997820173,23.87,99.63,1.275986857905614,17.60367485448971
BARANOA,2023,8,29,6,0.5,0.0,0.0,0.0,0.5,0.0,0.0,0.1666666666666666,0.1666666666666666,0.0,0.0,0.0,0.6666666666666666,1.0,0.0,0.3333333333333333,0.6666666666666666,0.0,1.0,0.5,0.5,1.0,0.0,0.0,0.0,0.0,1.0,0.0,0.0,0.8333333333333334,0.0,0.1666666666666666,28.740149797712075,90.5757359095982,3.8400000347090617,23.87,99.63,1.275986857905614,17.60367485448971
BARANOA,2023,8,31,5,0.6,0.4,0.0,0.0,0.0,0.0,0.0,0.2,0.0,0.0,0.0,0.0,0.8,1.0,0.0,0.2,0.8,0.0,1.0,0.4,0.6,1.0,0.0,0.0,0.0,0.0,1.0,0.0,0.0,0.4,0.0,0.6,28.45135105678016,93.1745899745396,4.341428523617132,23.87,99.63,1.275986857905614,17.60367485448971
BARANOA,2023,9,33,1,0.0,1.0,0.0,0.0,0.0,0.0,0.0,1.0,0.0,0.0,0.0,0.0,0.0,1.0,0.0,0.0,1.0,0.0,1.0,0.0,1.0,1.0,0.0,0.0,0.0,0.0,1.0,0.0,0.0,0.0,0.0,1.0,27.644278826032384,93.8328159877232,7.164285625730242,23.87,99.63,1.275986857905614,17.60367485448971
BARANOA,2023,9,34,1,1.0,0.0,0.0,0.0,0.0,0.0,0.0,0.0,0.0,0.0,0.0,0.0,1.0,1.0,0.0,0.0,1.0,0.0,1.0,0.0,1.0,1.0,0.0,0.0,0.0,0.0,1.0,0.0,0.0,0.0,0.0,1.0,27.317311314174123,94.32140241350446,11.710000208445958,23.87,99.63,1.275986857905614,17.60367485448971
BARANOA,2023,9,35,1,1.0,0.0,0.0,0.0,0.0,0.0,0.0,0.0,0.0,0.0,0.0,0.0,1.0,1.0,0.0,1.0,0.0,0.0,1.0,0.0,1.0,1.0,0.0,0.0,0.0,0.0,1.0,0.0,0.0,1.0,0.0,0.0,28.350904628208728,94.15914372035436,6.921428671904972,23.87,99.63,1.275986857905614,17.60367485448971
BARANOA,2023,9,36,3,0.3333333333333333,0.0,0.0,0.0,0.3333333333333333,0.0,0.3333333333333333,0.3333333333333333,0.0,0.0,0.0,0.0,0.6666666666666666,1.0,0.0,0.3333333333333333,0.6666666666666666,0.0,1.0,0.0,1.0,1.0,0.0,0.0,0.0,0.0,1.0,0.0,0.0,0.3333333333333333,0.0,0.6666666666666666,27.59980817522324,94.65591103690012,6.841428467205593,23.87,99.63,1.275986857905614,17.60367485448971
BARANOA,2023,10,37,2,0.0,1.0,0.0,0.0,0.0,0.0,0.0,0.0,0.0,0.0,0.0,0.0,1.0,1.0,0.0,0.5,0.5,0.0,1.0,1.0,0.0,1.0,0.0,0.0,0.0,0.0,1.0,0.0,0.0,0.5,0.0,0.5,27.784805733816988,94.33727591378349,4.3642856904438565,23.87,99.63,1.275986857905614,17.60367485448971
BARANOA,2023,10,38,3,0.3333333333333333,0.0,0.0,0.0,0.6666666666666666,0.0,0.0,0.0,0.3333333333333333,0.0,0.0,0.0,0.6666666666666666,1.0,0.0,0.0,1.0,0.0,1.0,0.0,1.0,1.0,0.0,0.0,0.0,0.0,1.0,0.0,0.0,0.6666666666666666,0.0,0.3333333333333333,27.868133980887286,93.89190019880024,8.404285737446376,23.87,99.63,1.275986857905614,17.60367485448971
BARANOA,2023,10,39,1,1.0,0.0,0.0,0.0,0.0,0.0,0.0,0.0,0.0,0.0,0.0,0.0,1.0,1.0,0.0,1.0,0.0,0.0,1.0,0.0,1.0,1.0,0.0,0.0,0.0,0.0,1.0,0.0,0.0,0.0,0.0,1.0,27.730820138113863,95.84543718610492,7.774285759244647,23.87,99.63,1.275986857905614,17.60367485448971
BARANOA,2023,10,40,6,0.5,0.3333333333333333,0.0,0.1666666666666666,0.0,0.0,0.0,0.0,0.0,0.1666666666666666,0.0,0.0,0.8333333333333334,1.0,0.0,0.6666666666666666,0.3333333333333333,0.0,1.0,0.3333333333333333,0.6666666666666666,1.0,0.0,0.0,0.0,0.0,1.0,0.0,0.0,0.1666666666666666,0.0,0.8333333333333334,27.324979945591537,94.82822636195591,16.508571326732635,23.87,99.63,1.275986857905614,17.60367485448971
BARANOA,2023,11,42,2,0.5,0.5,0.0,0.0,0.0,0.0,0.0,1.0,0.0,0.0,0.0,0.0,0.0,1.0,0.0,0.5,0.5,0.0,1.0,0.5,0.5,1.0,0.0,0.0,0.0,0.0,1.0,0.0,0.0,0.0,0.0,1.0,27.34632699148997,94.7260992867606,7.144285815102713,23.87,99.63,1.275986857905614,17.60367485448971
BARANOA,2023,11,43,1,0.0,1.0,0.0,0.0,0.0,0.0,0.0,0.0,0.0,0.0,0.0,0.0,1.0,1.0,0.0,0.0,1.0,0.0,1.0,1.0,0.0,1.0,0.0,0.0,0.0,0.0,1.0,0.0,0.0,0.0,0.0,1.0,26.56567208426341,94.969849722726,20.669999871935165,23.87,99.63,1.275986857905614,17.60367485448971
BARANOA,2023,11,44,1,0.0,1.0,0.0,0.0,0.0,0.0,0.0,0.0,0.0,0.0,0.0,0.0,1.0,1.0,0.0,1.0,0.0,0.0,1.0,1.0,0.0,1.0,0.0,0.0,0.0,0.0,1.0,0.0,0.0,0.0,0.0,1.0,26.216816929408505,96.3644747052874,15.93571434702192,23.87,99.63,1.275986857905614,17.60367485448971
BARANOA,2023,12,45,4,0.75,0.25,0.0,0.0,0.0,0.0,0.0,0.5,0.25,0.0,0.0,0.0,0.25,1.0,0.0,0.5,0.5,0.0,1.0,0.75,0.25,1.0,0.0,0.0,0.0,0.0,0.75,0.25,0.0,0.25,0.0,0.75,27.734639195033505,94.8085207257952,4.429999998637608,23.87,99.63,1.275986857905614,17.60367485448971
BARANOA,2023,12,46,4,0.25,0.5,0.0,0.0,0.25,0.0,0.0,0.25,0.0,0.0,0.0,0.0,0.75,1.0,0.0,0.0,1.0,0.0,1.0,1.0,0.0,1.0,0.0,0.0,0.0,0.0,1.0,0.0,0.0,0.25,0.0,0.75,27.21894662039622,94.68458993094308,7.585714357239859,23.87,99.63,1.275986857905614,17.60367485448971
BARANOA,2023,12,47,3,1.0,0.0,0.0,0.0,0.0,0.0,0.0,0.0,0.0,0.0,0.0,0.0,1.0,1.0,0.0,0.3333333333333333,0.6666666666666666,0.0,1.0,0.3333333333333333,0.6666666666666666,1.0,0.0,0.0,0.0,0.0,1.0,0.0,0.0,0.0,0.0,1.0,26.53111310686386,94.88766043526786,8.417142961706434,23.87,99.63,1.275986857905614,17.60367485448971
BARANOA,2023,12,48,4,0.75,0.25,0.0,0.0,0.0,0.0,0.0,0.5,0.0,0.0,0.0,0.0,0.5,1.0,0.0,0.25,0.75,0.0,1.0,0.75,0.25,1.0,0.0,0.0,0.0,0.0,1.0,0.0,0.0,0.25,0.0,0.75,27.419713047572564,91.6561017717634,4.177143122468676,23.87,99.63,1.275986857905614,17.60367485448971
BARANOA,2023,13,49,3,0.6666666666666666,0.0,0.0,0.0,0.3333333333333333,0.0,0.0,0.0,0.0,0.0,0.0,0.0,1.0,1.0,0.0,0.3333333333333333,0.6666666666666666,0.0,1.0,0.0,1.0,1.0,0.0,0.0,0.0,0.0,1.0,0.0,0.0,0.0,0.0,1.0,27.407730538504484,89.77533939906529,4.857142857142857,23.87,99.63,1.275986857905614,17.60367485448971
BARANOA,2023,13,50,3,0.3333333333333333,0.3333333333333333,0.0,0.0,0.3333333333333333,0.0,0.0,0.3333333333333333,0.0,0.0,0.0,0.0,0.6666666666666666,1.0,0.0,0.3333333333333333,0.6666666666666666,0.0,1.0,0.6666666666666666,0.3333333333333333,1.0,0.0,0.0,0.0,0.0,1.0,0.0,0.0,0.0,0.0,1.0,27.909489658900693,88.83922358921596,5.159999984981758,23.87,99.63,1.275986857905614,17.60367485448971
BARANOA,2023,13,51,8,0.875,0.0,0.0,0.0,0.125,0.0,0.0,0.25,0.0,0.0,0.0,0.0,0.75,1.0,0.0,0.375,0.625,0.0,1.0,0.375,0.625,1.0,0.0,0.0,0.0,0.0,1.0,0.0,0.0,0.125,0.0,0.875,27.466014753069214,91.54373604910714,23.90428571083716,23.87,99.63,1.275986857905614,17.60367485448971
CAMPO DE LA CRUZ,2017,4,15,1,0.0,0.0,0.0,0.0,0.0,0.0,1.0,0.0,0.0,0.0,0.0,0.0,1.0,1.0,0.0,1.0,0.0,0.0,1.0,1.0,0.0,0.0,0.0,0.0,0.0,1.0,1.0,0.0,0.0,0.0,0.0,1.0,29.86883370535716,81.92300088065011,3.6171428465417454,23.6013010816785,98.64824082525033,0.262271827829908,5.433398254450008
CAMPO DE LA CRUZ,2017,6,24,1,0.0,1.0,0.0,0.0,0.0,0.0,0.0,0.0,0.0,0.0,0.0,0.0,1.0,1.0,0.0,1.0,0.0,0.0,1.0,0.0,1.0,0.0,0.0,0.0,0.0,1.0,1.0,0.0,0.0,0.0,0.0,1.0,27.99805167061944,88.94667053222656,11.679999998637609,23.6013010816785,98.64824082525033,0.262271827829908,5.433398254450008
CAMPO DE LA CRUZ,2017,8,31,1,0.0,0.0,0.0,0.0,0.0,0.0,1.0,0.0,0.0,0.0,0.0,0.0,1.0,1.0,0.0,0.0,1.0,0.0,1.0,1.0,0.0,0.0,0.0,0.0,0.0,1.0,1.0,0.0,0.0,0.0,0.0,1.0,27.49814976283485,92.26264190673828,11.529999911785126,23.6013010816785,98.64824082525033,0.262271827829908,5.433398254450008
CAMPO DE LA CRUZ,2017,9,34,1,0.0,0.0,0.0,0.0,1.0,0.0,0.0,0.0,0.0,0.0,0.0,0.0,1.0,1.0,0.0,1.0,0.0,0.0,1.0,1.0,0.0,0.0,0.0,0.0,0.0,1.0,1.0,0.0,0.0,0.0,0.0,1.0,27.500135585239978,93.67145538330078,4.6271428891590665,23.6013010816785,98.64824082525033,0.262271827829908,5.433398254450008
CAMPO DE LA CRUZ,2019,5,20,1,1.0,0.0,0.0,0.0,0.0,0.0,0.0,0.0,0.0,0.0,0.0,0.0,1.0,1.0,0.0,0.0,1.0,0.0,1.0,0.0,1.0,0.0,0.0,0.0,0.0,1.0,1.0,0.0,0.0,1.0,0.0,0.0,28.194443184988863,89.30261884416852,9.569999967302596,14.44,60.64,0.262271827829908,5.433398254450008
CAMPO DE LA CRUZ,2019,7,27,3,0.3333333333333333,0.6666666666666666,0.0,0.0,0.0,0.0,0.0,0.3333333333333333,0.0,0.0,0.0,0.0,0.6666666666666666,1.0,0.0,0.3333333333333333,0.6666666666666666,0.0,1.0,0.0,1.0,0.0,0.0,0.0,0.0,1.0,1.0,0.0,0.0,0.3333333333333333,0.0,0.6666666666666666,29.719766235351575,87.14783150809151,2.8357142380305698,14.44,60.64,0.262271827829908,5.433398254450008
CAMPO DE LA CRUZ,2019,7,28,4,0.25,0.25,0.0,0.0,0.0,0.0,0.5,0.0,0.0,0.0,0.0,0.0,1.0,0.75,0.25,0.5,0.5,0.0,1.0,0.5,0.5,0.0,0.0,0.0,0.0,1.0,1.0,0.0,0.0,0.0,0.0,1.0,28.93655221121654,87.86277553013393,4.807142872895513,14.44,60.64,0.262271827829908,5.433398254450008
CAMPO DE LA CRUZ,2019,8,29,1,1.0,0.0,0.0,0.0,0.0,0.0,0.0,0.0,0.0,0.0,0.0,0.0,1.0,1.0,0.0,1.0,0.0,0.0,1.0,0.0,1.0,0.0,0.0,0.0,0.0,1.0,1.0,0.0,0.0,0.0,0.0,1.0,29.83995535714288,87.1709453037807,3.197142878813403,14.44,60.64,0.262271827829908,5.433398254450008
CAMPO DE LA CRUZ,2019,8,30,1,0.0,1.0,0.0,0.0,0.0,0.0,0.0,0.0,0.0,0.0,0.0,0.0,1.0,1.0,0.0,0.0,1.0,0.0,1.0,1.0,0.0,0.0,0.0,0.0,0.0,1.0,1.0,0.0,0.0,1.0,0.0,0.0,28.402926199776804,90.55184064592632,10.849999968494688,14.44,60.64,0.262271827829908,5.433398254450008
CAMPO DE LA CRUZ,2019,8,31,1,0.0,0.0,0.0,0.0,0.0,0.0,1.0,0.0,0.0,0.0,0.0,0.0,1.0,1.0,0.0,1.0,0.0,0.0,1.0,1.0,0.0,0.0,0.0,0.0,0.0,1.0,1.0,0.0,0.0,0.0,0.0,1.0,29.1887625558036,89.32051413399833,1.9214285271508356,14.44,60.64,0.262271827829908,5.433398254450008
CAMPO DE LA CRUZ,2019,8,32,1,0.0,0.0,0.0,0.0,0.0,0.0,1.0,0.0,0.0,0.0,0.0,0.0,1.0,1.0,0.0,0.0,1.0,0.0,1.0,0.0,1.0,0.0,0.0,0.0,0.0,1.0,1.0,0.0,0.0,0.0,0.0,1.0,29.182277570452023,89.7050040108817,3.7414285583155498,14.44,60.64,0.262271827829908,5.433398254450008
CAMPO DE LA CRUZ,2019,9,34,1,1.0,0.0,0.0,0.0,0.0,0.0,0.0,0.0,0.0,0.0,0.0,0.0,1.0,1.0,0.0,1.0,0.0,0.0,1.0,0.0,1.0,0.0,0.0,0.0,0.0,1.0,1.0,0.0,0.0,1.0,0.0,0.0,28.63620692661832,92.3257108415876,4.802857090319906,14.44,60.64,0.262271827829908,5.433398254450008
CAMPO DE LA CRUZ,2019,9,36,3,0.6666666666666666,0.0,0.0,0.0,0.0,0.0,0.3333333333333333,0.0,0.0,0.0,0.0,0.0,1.0,1.0,0.0,0.3333333333333333,0.6666666666666666,0.0,1.0,0.6666666666666666,0.3333333333333333,0.0,0.0,0.0,0.0,1.0,1.0,0.0,0.0,0.3333333333333333,0.0,0.6666666666666666,28.91499154227122,91.1886247907366,3.2999999736036574,14.44,60.64,0.262271827829908,5.433398254450008
CAMPO DE LA CRUZ,2019,10,40,2,1.0,0.0,0.0,0.0,0.0,0.0,0.0,0.0,0.0,0.0,0.0,0.0,1.0,1.0,0.0,0.5,0.5,0.0,1.0,0.5,0.5,0.0,0.0,0.0,0.0,1.0,1.0,0.0,0.0,0.0,0.0,1.0,26.83877389090404,93.68025643484933,5.678571428571429,14.44,60.64,0.262271827829908,5.433398254450008
CAMPO DE LA CRUZ,2019,11,42,1,1.0,0.0,0.0,0.0,0.0,0.0,0.0,0.0,0.0,0.0,0.0,0.0,1.0,1.0,0.0,0.0,1.0,0.0,1.0,1.0,0.0,0.0,0.0,0.0,0.0,1.0,1.0,0.0,0.0,0.0,0.0,1.0,26.73619341169087,93.31633649553572,12.82571428162711,14.44,60.64,0.262271827829908,5.433398254450008
CAMPO DE LA CRUZ,2019,11,43,1,0.0,0.0,0.0,0.0,1.0,0.0,0.0,0.0,0.0,0.0,0.0,0.0,1.0,1.0,0.0,0.0,1.0,0.0,1.0,1.0,0.0,0.0,0.0,0.0,0.0,1.0,1.0,0.0,0.0,1.0,0.0,0.0,26.80309448242189,93.35335540771484,4.9957142387117655,14.44,60.64,0.262271827829908,5.433398254450008
CAMPO DE LA CRUZ,2019,12,45,1,1.0,0.0,0.0,0.0,0.0,0.0,0.0,0.0,0.0,0.0,0.0,1.0,0.0,1.0,0.0,0.0,1.0,0.0,1.0,1.0,0.0,0.0,0.0,0.0,0.0,1.0,1.0,0.0,0.0,1.0,0.0,0.0,27.56922520228797,92.08900778634208,12.849999930177416,14.44,60.64,0.262271827829908,5.433398254450008
CAMPO DE LA CRUZ,2019,12,47,1,0.0,1.0,0.0,0.0,0.0,0.0,0.0,0.0,0.0,0.0,0.0,0.0,1.0,1.0,0.0,0.0,1.0,0.0,1.0,0.0,1.0,0.0,0.0,0.0,0.0,1.0,1.0,0.0,0.0,1.0,0.0,0.0,27.72269592285158,91.20943014962332,18.79714289733342,14.44,60.64,0.262271827829908,5.433398254450008
CAMPO DE LA CRUZ,2019,13,49,1,0.0,0.0,0.0,0.0,0.0,0.0,1.0,0.0,0.0,0.0,0.0,0.0,1.0,1.0,0.0,0.0,1.0,0.0,1.0,1.0,0.0,0.0,0.0,0.0,0.0,1.0,1.0,0.0,0.0,0.0,0.0,1.0,28.133307756696446,91.54882158551898,3.689999982714653,14.44,60.64,0.262271827829908,5.433398254450008
CAMPO DE LA CRUZ,2019,13,50,3,1.0,0.0,0.0,0.0,0.0,0.0,0.0,0.6666666666666666,0.0,0.0,0.0,0.0,0.3333333333333333,1.0,0.0,0.3333333333333333,0.6666666666666666,0.0,1.0,0.3333333333333333,0.6666666666666666,0.0,0.0,0.0,0.0,1.0,1.0,0.0,0.0,0.0,0.0,1.0,28.1543387276786,90.24112374441964,2.9042857132319893,14.44,60.64,0.262271827829908,5.433398254450008
CAMPO DE LA CRUZ,2019,13,51,3,0.3333333333333333,0.0,0.0,0.0,0.3333333333333333,0.3333333333333333,0.0,0.0,0.0,0.0,0.0,0.0,1.0,1.0,0.0,0.0,1.0,0.0,1.0,0.3333333333333333,0.6666666666666666,0.0,0.0,0.0,0.0,1.0,1.0,0.0,0.0,0.0,0.0,1.0,28.88708975655694,89.64330618722099,8.409999994827169,14.44,60.64,0.262271827829908,5.433398254450008
CAMPO DE LA CRUZ,2019,13,52,1,1.0,0.0,0.0,0.0,0.0,0.0,0.0,0.0,0.0,0.0,0.0,0.0,1.0,1.0,0.0,0.0,1.0,0.0,1.0,0.0,1.0,0.0,0.0,0.0,0.0,1.0,1.0,0.0,0.0,0.0,0.0,1.0,28.5319305419922,89.81475067138672,12.757142352206367,14.44,60.64,0.262271827829908,5.433398254450008
CAMPO DE LA CRUZ,2020,1,4,4,0.5,0.25,0.0,0.0,0.25,0.0,0.0,0.25,0.0,0.0,0.0,0.0,0.75,1.0,0.0,0.75,0.25,0.0,1.0,0.25,0.75,0.0,0.0,0.0,0.0,1.0,1.0,0.0,0.0,0.0,0.0,1.0,27.93619689941408,87.60597773960659,5.491428571087973,24.0,100.0,0.262271827829908,5.433398254450008
CAMPO DE LA CRUZ,2020,3,9,1,0.0,0.0,0.0,0.0,0.0,1.0,0.0,0.0,0.0,0.0,0.0,0.0,1.0,1.0,0.0,0.0,1.0,0.0,1.0,0.0,1.0,0.0,0.0,0.0,0.0,1.0,1.0,0.0,0.0,0.0,0.0,1.0,29.079400634765644,84.37808990478516,3.7142857142857135,24.0,100.0,0.262271827829908,5.433398254450008
CAMPO DE LA CRUZ,2020,8,32,1,0.0,0.0,0.0,0.0,0.0,0.0,1.0,0.0,0.0,0.0,0.0,0.0,1.0,1.0,0.0,0.0,1.0,0.0,1.0,1.0,0.0,0.0,0.0,0.0,0.0,1.0,1.0,0.0,0.0,0.0,0.0,1.0,28.651374162946446,91.47259194510325,4.485714307853153,24.0,100.0,0.262271827829908,5.433398254450008
CAMPO DE LA CRUZ,2021,7,27,1,0.0,0.0,1.0,0.0,0.0,0.0,0.0,0.0,0.0,0.0,0.0,0.0,1.0,0.0,1.0,0.0,1.0,0.0,1.0,1.0,0.0,0.0,0.0,0.0,0.0,1.0,1.0,0.0,0.0,0.0,0.0,1.0,28.147877720424116,89.90486907958984,5.328571472849164,24.0,100.0,0.262271827829908,5.433398254450008
CAMPO DE LA CRUZ,2021,8,32,1,0.0,1.0,0.0,0.0,0.0,0.0,0.0,1.0,0.0,0.0,0.0,0.0,0.0,1.0,0.0,1.0,0.0,0.0,1.0,0.0,1.0,0.0,0.0,0.0,0.0,1.0,1.0,0.0,0.0,0.0,0.0,1.0,28.198055158342655,90.3173370361328,7.087142850671496,24.0,100.0,0.262271827829908,5.433398254450008
CAMPO DE LA CRUZ,2021,10,38,1,0.0,1.0,0.0,0.0,0.0,0.0,0.0,1.0,0.0,0.0,0.0,0.0,0.0,0.0,1.0,0.0,1.0,0.0,1.0,0.0,1.0,0.0,0.0,0.0,0.0,1.0,1.0,0.0,0.0,0.0,0.0,1.0,27.296973528180825,92.12222290039062,3.758571391659124,24.0,100.0,0.262271827829908,5.433398254450008
CAMPO DE LA CRUZ,2021,10,39,1,0.0,0.0,0.0,0.0,0.0,0.0,1.0,0.0,0.0,0.0,0.0,0.0,1.0,1.0,0.0,0.0,1.0,0.0,1.0,1.0,0.0,0.0,0.0,0.0,0.0,1.0,1.0,0.0,0.0,0.0,0.0,1.0,27.4332955496652,92.14181191580636,7.721428505011967,24.0,100.0,0.262271827829908,5.433398254450008
CAMPO DE LA CRUZ,2021,11,44,1,0.0,1.0,0.0,0.0,0.0,0.0,0.0,0.0,0.0,0.0,0.0,0.0,1.0,1.0,0.0,1.0,0.0,0.0,1.0,1.0,0.0,0.0,0.0,0.0,0.0,1.0,1.0,0.0,0.0,1.0,0.0,0.0,26.07579520089288,91.801878792899,8.058571423803057,24.0,100.0,0.262271827829908,5.433398254450008
CAMPO DE LA CRUZ,2021,12,45,1,1.0,0.0,0.0,0.0,0.0,0.0,0.0,0.0,0.0,0.0,0.0,0.0,1.0,1.0,0.0,0.0,1.0,0.0,1.0,0.0,1.0,0.0,0.0,0.0,0.0,1.0,1.0,0.0,0.0,0.0,0.0,1.0,27.198469325474356,92.1576439993722,0.961428593311991,24.0,100.0,0.262271827829908,5.433398254450008
CAMPO DE LA CRUZ,2021,12,47,1,0.0,0.0,0.0,0.0,0.0,0.0,1.0,0.0,0.0,0.0,0.0,0.0,1.0,1.0,0.0,1.0,0.0,0.0,1.0,0.0,1.0,0.0,0.0,0.0,0.0,1.0,1.0,0.0,0.0,1.0,0.0,0.0,27.11623535156252,91.37832532610211,6.3542857851300925,24.0,100.0,0.262271827829908,5.433398254450008
CAMPO DE LA CRUZ,2021,12,48,1,0.0,0.0,0.0,0.0,0.0,0.0,1.0,0.0,0.0,0.0,0.0,0.0,1.0,1.0,0.0,1.0,0.0,0.0,1.0,1.0,0.0,0.0,0.0,0.0,0.0,1.0,1.0,0.0,0.0,1.0,0.0,0.0,26.96126491001676,92.22464098249164,7.25428569316864,24.0,100.0,0.262271827829908,5.433398254450008
CAMPO DE LA CRUZ,2021,13,49,2,0.5,0.0,0.0,0.0,0.5,0.0,0.0,0.0,0.0,0.0,0.0,0.0,1.0,1.0,0.0,0.5,0.5,0.0,1.0,0.5,0.5,0.0,0.0,0.0,0.0,1.0,1.0,0.0,0.0,0.5,0.0,0.5,28.319449724469884,90.78687613351003,4.714285714285714,24.0,100.0,0.262271827829908,5.433398254450008
CAMPO DE LA CRUZ,2021,13,51,3,0.0,0.3333333333333333,0.3333333333333333,0.0,0.3333333333333333,0.0,0.0,0.0,0.0,0.0,0.0,0.0,1.0,0.6666666666666666,0.3333333333333333,0.3333333333333333,0.6666666666666666,0.0,1.0,0.3333333333333333,0.6666666666666666,0.0,0.0,0.0,0.0,1.0,1.0,0.0,0.0,0.6666666666666666,0.0,0.3333333333333333,28.036187744140648,89.49986049107143,2.4457143199230944,24.0,100.0,0.262271827829908,5.433398254450008
CAMPO DE LA CRUZ,2021,13,52,2,0.0,0.5,0.0,0.0,0.0,0.0,0.5,0.5,0.0,0.0,0.0,0.0,0.5,1.0,0.0,1.0,0.0,0.0,1.0,1.0,0.0,0.0,0.0,0.0,0.0,1.0,1.0,0.0,0.0,1.0,0.0,0.0,28.2961364746094,90.1880111694336,5.825714285884585,24.0,100.0,0.262271827829908,5.433398254450008
CAMPO DE LA CRUZ,2022,1,2,1,0.0,0.0,0.0,0.0,1.0,0.0,0.0,1.0,0.0,0.0,0.0,0.0,0.0,1.0,0.0,0.0,1.0,0.0,1.0,1.0,0.0,0.0,0.0,0.0,0.0,1.0,1.0,0.0,0.0,1.0,0.0,0.0,27.748550851004477,89.11294882638114,4.321428843906948,24.0,100.0,0.262271827829908,5.433398254450008
CAMPO DE LA CRUZ,2022,1,3,1,1.0,0.0,0.0,0.0,0.0,0.0,0.0,0.0,0.0,0.0,0.0,0.0,1.0,1.0,0.0,1.0,0.0,0.0,1.0,1.0,0.0,0.0,0.0,0.0,0.0,1.0,1.0,0.0,0.0,0.0,0.0,1.0,28.491854422433057,87.18486022949219,7.428571428571429,24.0,100.0,0.262271827829908,5.433398254450008
CAMPO DE LA CRUZ,2022,2,5,4,0.25,0.0,0.0,0.0,0.75,0.0,0.0,0.0,0.0,0.0,0.0,0.0,1.0,1.0,0.0,0.25,0.75,0.0,1.0,0.5,0.5,0.0,0.0,0.0,0.0,1.0,1.0,0.0,0.0,0.25,0.0,0.75,28.296921212332613,87.26528603690011,7.285714285714286,24.0,100.0,0.262271827829908,5.433398254450008
CAMPO DE LA CRUZ,2022,2,6,5,0.6,0.0,0.0,0.0,0.2,0.0,0.2,0.0,0.0,0.0,0.0,0.0,1.0,1.0,0.0,0.4,0.6,0.0,1.0,0.2,0.8,0.0,0.0,0.0,0.0,1.0,1.0,0.0,0.0,0.6,0.0,0.4,28.43715602329801,87.05880410330636,2.11428570321628,24.0,100.0,0.262271827829908,5.433398254450008
CAMPO DE LA CRUZ,2022,2,7,7,0.2857142857142857,0.1428571428571428,0.1428571428571428,0.0,0.2857142857142857,0.0,0.1428571428571428,0.1428571428571428,0.0,0.0,0.0,0.1428571428571428,0.7142857142857143,1.0,0.0,0.2857142857142857,0.7142857142857143,0.0,1.0,0.4285714285714285,0.5714285714285714,0.0,0.0,0.0,0.0,1.0,1.0,0.0,0.0,0.5714285714285714,0.0,0.4285714285714285,29.04094412667413,84.14403206961495,1.114285715988704,24.0,100.0,0.262271827829908,5.433398254450008
CAMPO DE LA CRUZ,2022,2,8,1,1.0,0.0,0.0,0.0,0.0,0.0,0.0,0.0,0.0,0.0,0.0,0.0,1.0,1.0,0.0,1.0,0.0,0.0,1.0,0.0,1.0,0.0,0.0,0.0,0.0,1.0,1.0,0.0,0.0,1.0,0.0,0.0,28.73840375627792,82.00805555071149,2.301428571343422,24.0,100.0,0.262271827829908,5.433398254450008
CAMPO DE LA CRUZ,2022,3,9,1,0.0,0.0,0.0,0.0,0.0,0.0,1.0,0.0,0.0,0.0,0.0,0.0,1.0,1.0,0.0,1.0,0.0,0.0,1.0,1.0,0.0,0.0,0.0,0.0,0.0,1.0,1.0,0.0,0.0,1.0,0.0,0.0,28.66169128417971,84.51304953438895,2.815714300743171,24.0,100.0,0.262271827829908,5.433398254450008
CAMPO DE LA CRUZ,2022,3,10,2,0.5,0.0,0.0,0.0,0.0,0.0,0.5,0.0,0.0,0.0,0.0,0.0,1.0,1.0,0.0,0.5,0.5,0.0,1.0,0.5,0.5,0.0,0.0,0.0,0.0,1.0,1.0,0.0,0.0,0.5,0.0,0.5,28.75923418317524,86.63266318184989,1.370000000510897,24.0,100.0,0.262271827829908,5.433398254450008
CAMPO DE LA CRUZ,2022,3,11,1,1.0,0.0,0.0,0.0,0.0,0.0,0.0,0.0,0.0,0.0,0.0,0.0,1.0,1.0,0.0,0.0,1.0,0.0,1.0,0.0,1.0,0.0,0.0,0.0,0.0,1.0,1.0,0.0,0.0,0.0,0.0,1.0,29.20975428989957,84.84946768624442,8.73428570159844,24.0,100.0,0.262271827829908,5.433398254450008
CAMPO DE LA CRUZ,2022,3,12,1,0.0,0.0,0.0,0.0,1.0,0.0,0.0,0.0,0.0,0.0,0.0,0.0,1.0,1.0,0.0,0.0,1.0,0.0,1.0,1.0,0.0,0.0,0.0,0.0,0.0,1.0,1.0,0.0,0.0,0.0,0.0,1.0,29.69680829729354,82.6081041608538,8.88142857168402,24.0,100.0,0.262271827829908,5.433398254450008
CAMPO DE LA CRUZ,2022,4,14,3,0.0,0.0,0.0,0.0,1.0,0.0,0.0,0.0,0.0,0.0,0.0,0.0,1.0,1.0,0.0,0.3333333333333333,0.6666666666666666,0.0,1.0,0.6666666666666666,0.3333333333333333,0.0,0.0,0.0,0.0,1.0,0.3333333333333333,0.0,0.6666666666666666,0.3333333333333333,0.0,0.6666666666666666,28.695607212611616,86.45293862479073,6.380000080381121,24.0,100.0,0.262271827829908,5.433398254450008
CAMPO DE LA CRUZ,2022,4,16,2,0.0,0.5,0.0,0.0,0.5,0.0,0.0,0.0,0.0,0.0,0.0,0.0,1.0,1.0,0.0,0.0,1.0,0.0,1.0,0.5,0.5,0.0,0.0,0.0,0.0,1.0,0.5,0.5,0.0,0.5,0.0,0.5,27.97055097307479,88.01796068464007,11.874285697937012,24.0,100.0,0.262271827829908,5.433398254450008
CAMPO DE LA CRUZ,2022,5,18,1,1.0,0.0,0.0,0.0,0.0,0.0,0.0,0.0,0.0,0.0,0.0,0.0,1.0,1.0,0.0,1.0,0.0,0.0,1.0,0.0,1.0,0.0,0.0,0.0,0.0,1.0,0.0,1.0,0.0,1.0,0.0,0.0,28.349548775809176,88.46122087751117,7.198571426527841,24.0,100.0,0.262271827829908,5.433398254450008
CAMPO DE LA CRUZ,2022,5,20,2,0.5,0.0,0.0,0.0,0.5,0.0,0.0,0.0,0.0,0.0,0.0,0.0,1.0,1.0,0.0,0.5,0.5,0.0,1.0,0.0,1.0,0.0,0.0,0.0,0.0,1.0,1.0,0.0,0.0,1.0,0.0,0.0,28.106096976143995,89.3967045375279,6.038571493966239,24.0,100.0,0.262271827829908,5.433398254450008
CAMPO DE LA CRUZ,2022,6,21,4,0.75,0.0,0.0,0.0,0.0,0.0,0.25,0.0,0.0,0.0,0.25,0.0,0.75,1.0,0.0,0.5,0.5,0.0,1.0,0.25,0.75,0.0,0.0,0.0,0.0,1.0,0.75,0.25,0.0,1.0,0.0,0.0,28.49635576520649,89.18465641566685,5.418571438108172,24.0,100.0,0.262271827829908,5.433398254450008
CAMPO DE LA CRUZ,2022,6,22,3,0.3333333333333333,0.3333333333333333,0.0,0.0,0.3333333333333333,0.0,0.0,0.0,0.0,0.0,0.3333333333333333,0.0,0.6666666666666666,1.0,0.0,0.6666666666666666,0.3333333333333333,0.0,1.0,0.3333333333333333,0.6666666666666666,0.0,0.0,0.0,0.0,1.0,0.6666666666666666,0.3333333333333333,0.0,0.3333333333333333,0.0,0.6666666666666666,28.034454781668547,90.17919267926898,7.955714430127825,24.0,100.0,0.262271827829908,5.433398254450008
CAMPO DE LA CRUZ,2022,6,23,1,0.0,0.0,0.0,0.0,0.0,0.0,1.0,0.0,0.0,0.0,0.0,0.0,1.0,0.0,1.0,0.0,1.0,0.0,1.0,0.0,1.0,0.0,0.0,0.0,0.0,1.0,1.0,0.0,0.0,0.0,0.0,1.0,27.228326416015644,90.7074203491211,14.124286004475184,24.0,100.0,0.262271827829908,5.433398254450008
CAMPO DE LA CRUZ,2022,6,24,3,0.3333333333333333,0.0,0.0,0.0,0.6666666666666666,0.0,0.0,0.0,0.0,0.0,0.0,0.0,1.0,0.6666666666666666,0.3333333333333333,0.3333333333333333,0.6666666666666666,0.0,1.0,1.0,0.0,0.0,0.0,0.0,0.0,1.0,1.0,0.0,0.0,0.6666666666666666,0.0,0.3333333333333333,27.11091003417971,90.83071027483258,11.74857132775443,24.0,100.0,0.262271827829908,5.433398254450008
CAMPO DE LA CRUZ,2022,7,25,2,0.0,0.5,0.0,0.0,0.5,0.0,0.0,0.5,0.0,0.0,0.0,0.0,0.5,1.0,0.0,1.0,0.0,0.0,1.0,1.0,0.0,0.0,0.0,0.0,0.0,1.0,1.0,0.0,0.0,1.0,0.0,0.0,27.332607160295783,92.02420915876117,12.020000100135803,24.0,100.0,0.262271827829908,5.433398254450008
CAMPO DE LA CRUZ,2022,7,26,2,0.5,0.0,0.0,0.0,0.5,0.0,0.0,0.0,0.0,0.0,0.5,0.0,0.5,1.0,0.0,1.0,0.0,0.0,1.0,0.5,0.5,0.0,0.0,0.0,0.0,1.0,1.0,0.0,0.0,1.0,0.0,0.0,27.136224365234398,91.8004847935268,5.950000034911292,24.0,100.0,0.262271827829908,5.433398254450008
CAMPO DE LA CRUZ,2022,7,27,1,0.0,0.0,0.0,0.0,1.0,0.0,0.0,0.0,0.0,0.0,0.0,0.0,1.0,1.0,0.0,1.0,0.0,0.0,1.0,1.0,0.0,0.0,0.0,0.0,0.0,1.0,1.0,0.0,0.0,1.0,0.0,0.0,28.246342686244443,91.74649374825614,6.277142899377005,24.0,100.0,0.262271827829908,5.433398254450008
CAMPO DE LA CRUZ,2022,7,28,8,0.375,0.0,0.0,0.0,0.375,0.125,0.125,0.0,0.0,0.0,0.125,0.125,0.75,1.0,0.0,0.625,0.375,0.0,1.0,0.5,0.5,0.0,0.0,0.0,0.0,1.0,1.0,0.0,0.0,0.75,0.0,0.25,28.083827863420783,91.14037431989398,5.964285739830562,24.0,100.0,0.262271827829908,5.433398254450008
CAMPO DE LA CRUZ,2022,8,29,4,1.0,0.0,0.0,0.0,0.0,0.0,0.0,0.0,0.0,0.0,0.0,0.0,1.0,1.0,0.0,0.5,0.5,0.0,1.0,0.25,0.75,0.0,0.0,0.0,0.0,1.0,1.0,0.0,0.0,0.5,0.0,0.5,28.17174246651788,91.56369890485492,6.002857191222055,24.0,100.0,0.262271827829908,5.433398254450008
CAMPO DE LA CRUZ,2022,8,30,2,0.0,0.0,0.5,0.0,0.5,0.0,0.0,0.0,0.0,0.0,0.0,0.0,1.0,1.0,0.0,1.0,0.0,0.0,1.0,0.5,0.5,0.0,0.0,0.0,0.0,1.0,1.0,0.0,0.0,1.0,0.0,0.0,27.757741001674123,92.26467459542413,8.807142696210317,24.0,100.0,0.262271827829908,5.433398254450008
CAMPO DE LA CRUZ,2022,8,31,2,0.0,0.5,0.0,0.0,0.5,0.0,0.0,0.0,0.0,0.0,0.0,0.0,1.0,1.0,0.0,0.5,0.5,0.0,1.0,0.5,0.5,0.0,0.0,0.0,0.0,1.0,1.0,0.0,0.0,1.0,0.0,0.0,28.035494559151807,91.48527199881416,17.445714269365585,24.0,100.0,0.262271827829908,5.433398254450008
CAMPO DE LA CRUZ,2022,8,32,2,0.0,1.0,0.0,0.0,0.0,0.0,0.0,0.0,0.0,0.0,0.5,0.0,0.5,1.0,0.0,1.0,0.0,0.0,1.0,0.5,0.5,0.0,0.0,0.0,0.0,1.0,1.0,0.0,0.0,1.0,0.0,0.0,28.2511666434152,91.86513410295758,7.137142930712018,24.0,100.0,0.262271827829908,5.433398254450008
CAMPO DE LA CRUZ,2022,9,33,1,0.0,0.0,0.0,0.0,0.0,0.0,1.0,0.0,0.0,0.0,0.0,0.0,1.0,1.0,0.0,1.0,0.0,0.0,1.0,0.0,1.0,0.0,0.0,0.0,0.0,1.0,1.0,0.0,0.0,1.0,0.0,0.0,27.84314226422992,93.06923239571708,13.442857333592006,24.0,100.0,0.262271827829908,5.433398254450008
CAMPO DE LA CRUZ,2022,9,34,2,0.0,0.0,0.0,0.0,0.5,0.0,0.5,0.0,0.0,0.0,0.0,0.0,1.0,1.0,0.0,0.5,0.5,0.0,1.0,1.0,0.0,0.0,0.0,0.0,0.0,1.0,1.0,0.0,0.0,1.0,0.0,0.0,27.545430210658505,92.79614366803852,8.674285484211785,24.0,100.0,0.262271827829908,5.433398254450008
CAMPO DE LA CRUZ,2022,9,35,3,0.3333333333333333,0.3333333333333333,0.0,0.0,0.0,0.0,0.3333333333333333,0.0,0.0,0.0,0.0,0.0,1.0,0.6666666666666666,0.3333333333333333,0.6666666666666666,0.3333333333333333,0.0,1.0,1.0,0.0,0.0,0.0,0.0,0.0,1.0,0.6666666666666666,0.3333333333333333,0.0,0.6666666666666666,0.0,0.3333333333333333,27.559736415318092,93.08736092703684,6.841428450175694,24.0,100.0,0.262271827829908,5.433398254450008
CAMPO DE LA CRUZ,2022,10,37,1,1.0,0.0,0.0,0.0,0.0,0.0,0.0,0.0,0.0,0.0,0.0,0.0,1.0,1.0,0.0,0.0,1.0,0.0,1.0,0.0,1.0,0.0,0.0,0.0,0.0,1.0,1.0,0.0,0.0,0.0,0.0,1.0,27.45247802734377,92.48982783726284,8.527142695018224,24.0,100.0,0.262271827829908,5.433398254450008
CAMPO DE LA CRUZ,2022,10,38,2,0.0,0.5,0.0,0.0,0.5,0.0,0.0,0.0,0.0,0.0,0.0,0.0,1.0,1.0,0.0,0.5,0.5,0.0,1.0,0.0,1.0,0.0,0.0,0.0,0.0,1.0,1.0,0.0,0.0,0.5,0.0,0.5,26.696862792968773,92.71373094831196,8.7842857837677,24.0,100.0,0.262271827829908,5.433398254450008
CAMPO DE LA CRUZ,2022,11,41,1,0.0,0.0,0.0,0.0,1.0,0.0,0.0,0.0,0.0,0.0,0.0,0.0,1.0,1.0,0.0,1.0,0.0,0.0,1.0,1.0,0.0,0.0,0.0,0.0,0.0,1.0,1.0,0.0,0.0,1.0,0.0,0.0,26.93333042689734,93.11367906842914,6.501428604125977,24.0,100.0,0.262271827829908,5.433398254450008
CAMPO DE LA CRUZ,2022,11,44,1,0.0,1.0,0.0,0.0,0.0,0.0,0.0,0.0,0.0,0.0,1.0,0.0,0.0,1.0,0.0,1.0,0.0,0.0,1.0,0.0,1.0,0.0,0.0,0.0,0.0,1.0,1.0,0.0,0.0,1.0,0.0,0.0,26.61447841099332,93.16613115583148,8.28000007356916,24.0,100.0,0.262271827829908,5.433398254450008
CAMPO DE LA CRUZ,2022,12,45,1,0.0,1.0,0.0,0.0,0.0,0.0,0.0,0.0,0.0,0.0,0.0,0.0,1.0,1.0,0.0,0.0,1.0,0.0,1.0,1.0,0.0,0.0,0.0,0.0,0.0,1.0,1.0,0.0,0.0,1.0,0.0,0.0,25.72159293038506,93.46636853899274,11.834285599844796,24.0,100.0,0.262271827829908,5.433398254450008
CAMPO DE LA CRUZ,2022,12,46,1,0.0,1.0,0.0,0.0,0.0,0.0,0.0,0.0,0.0,0.0,0.0,0.0,1.0,1.0,0.0,0.0,1.0,0.0,1.0,0.0,1.0,0.0,0.0,0.0,0.0,1.0,1.0,0.0,0.0,0.0,0.0,1.0,26.394152396065863,93.408449445452,9.405714307512556,24.0,100.0,0.262271827829908,5.433398254450008
CAMPO DE LA CRUZ,2023,3,12,1,0.0,1.0,0.0,0.0,0.0,0.0,0.0,1.0,0.0,0.0,0.0,0.0,0.0,1.0,0.0,0.0,1.0,0.0,1.0,0.0,1.0,0.0,0.0,0.0,0.0,1.0,1.0,0.0,0.0,0.0,0.0,1.0,28.623605346679707,85.05666133335659,0.3014285777296339,17.42,73.3,0.262271827829908,5.433398254450008
CAMPO DE LA CRUZ,2023,5,17,1,0.0,0.0,0.0,0.0,1.0,0.0,0.0,0.0,0.0,0.0,0.0,0.0,1.0,1.0,0.0,1.0,0.0,0.0,1.0,1.0,0.0,0.0,0.0,0.0,0.0,1.0,1.0,0.0,0.0,1.0,0.0,0.0,28.958241489955377,87.20434134347099,2.760000013879367,17.42,73.3,0.262271827829908,5.433398254450008
CAMPO DE LA CRUZ,2023,6,22,1,0.0,0.0,0.0,0.0,0.0,0.0,1.0,0.0,0.0,0.0,0.0,0.0,1.0,1.0,0.0,1.0,0.0,0.0,1.0,0.0,1.0,0.0,0.0,0.0,0.0,1.0,1.0,0.0,0.0,1.0,0.0,0.0,28.437969098772346,90.61492265973772,10.572857090405057,17.42,73.3,0.262271827829908,5.433398254450008
CAMPO DE LA CRUZ,2023,7,25,1,1.0,0.0,0.0,0.0,0.0,0.0,0.0,0.0,0.0,0.0,0.0,0.0,1.0,1.0,0.0,1.0,0.0,0.0,1.0,1.0,0.0,0.0,0.0,0.0,0.0,1.0,1.0,0.0,0.0,1.0,0.0,0.0,29.89104832240515,88.45046997070312,6.33857136964798,17.42,73.3,0.262271827829908,5.433398254450008
CAMPO DE LA CRUZ,2023,7,26,2,0.0,1.0,0.0,0.0,0.0,0.0,0.0,0.0,0.0,0.0,0.0,0.0,1.0,1.0,0.0,1.0,0.0,0.0,1.0,0.5,0.5,0.0,0.0,0.0,0.0,1.0,1.0,0.0,0.0,1.0,0.0,0.0,29.056355503627252,89.44678388323102,11.3671427326543,17.42,73.3,0.262271827829908,5.433398254450008
CAMPO DE LA CRUZ,2023,7,27,2,0.5,0.0,0.0,0.0,0.0,0.5,0.0,0.0,0.0,0.0,0.0,0.0,1.0,1.0,0.0,1.0,0.0,0.0,1.0,0.5,0.5,0.0,0.0,0.0,0.0,1.0,1.0,0.0,0.0,1.0,0.0,0.0,28.188895525251137,90.94830104282924,8.855714218957084,17.42,73.3,0.262271827829908,5.433398254450008
CAMPO DE LA CRUZ,2023,7,28,1,0.0,0.0,0.0,0.0,1.0,0.0,0.0,0.0,0.0,0.0,0.0,0.0,1.0,1.0,0.0,1.0,0.0,0.0,1.0,0.0,1.0,0.0,0.0,0.0,0.0,1.0,1.0,0.0,0.0,1.0,0.0,0.0,29.158242797851575,90.28048706054688,2.2157142843518938,17.42,73.3,0.262271827829908,5.433398254450008
CAMPO DE LA CRUZ,2023,8,29,1,0.0,0.0,0.0,0.0,1.0,0.0,0.0,0.0,0.0,0.0,0.0,0.0,1.0,1.0,0.0,1.0,0.0,0.0,1.0,1.0,0.0,0.0,0.0,0.0,0.0,1.0,1.0,0.0,0.0,1.0,0.0,0.0,30.194687325613863,87.05449676513672,2.9499999936670065,17.42,73.3,0.262271827829908,5.433398254450008
CAMPO DE LA CRUZ,2023,8,30,1,0.0,0.0,0.0,0.0,0.0,0.0,1.0,0.0,0.0,0.0,0.0,0.0,1.0,1.0,0.0,1.0,0.0,0.0,1.0,0.0,1.0,0.0,0.0,0.0,0.0,1.0,1.0,0.0,0.0,1.0,0.0,0.0,29.53442862374444,88.43644060407367,6.26571431436709,17.42,73.3,0.262271827829908,5.433398254450008
CAMPO DE LA CRUZ,2023,8,31,2,0.5,0.0,0.0,0.0,0.5,0.0,0.0,0.0,0.0,0.0,0.5,0.0,0.5,1.0,0.0,1.0,0.0,0.0,1.0,1.0,0.0,0.0,0.0,0.0,0.0,1.0,1.0,0.0,0.0,1.0,0.0,0.0,29.764797101702037,90.03387451171875,2.964285716414452,17.42,73.3,0.262271827829908,5.433398254450008
CAMPO DE LA CRUZ,2023,9,35,1,0.0,1.0,0.0,0.0,0.0,0.0,0.0,0.0,0.0,0.0,0.0,0.0,1.0,1.0,0.0,0.0,1.0,0.0,1.0,1.0,0.0,0.0,0.0,0.0,0.0,1.0,1.0,0.0,0.0,0.0,0.0,1.0,29.592187500000023,91.13082776750836,5.290000006556511,17.42,73.3,0.262271827829908,5.433398254450008
CAMPO DE LA CRUZ,2023,10,37,1,0.0,0.0,0.0,0.0,1.0,0.0,0.0,0.0,0.0,1.0,0.0,0.0,0.0,1.0,0.0,0.0,1.0,0.0,1.0,0.0,1.0,0.0,0.0,0.0,0.0,1.0,1.0,0.0,0.0,0.0,0.0,1.0,28.670441109793547,92.32016318184988,3.731428623199463,17.42,73.3,0.262271827829908,5.433398254450008
CAMPO DE LA CRUZ,2023,10,38,1,0.0,0.0,0.0,0.0,0.0,0.0,1.0,0.0,0.0,0.0,0.0,0.0,1.0,1.0,0.0,1.0,0.0,0.0,1.0,1.0,0.0,0.0,0.0,0.0,0.0,1.0,1.0,0.0,0.0,1.0,0.0,0.0,28.87247619628908,91.71271514892578,5.492857226303646,17.42,73.3,0.262271827829908,5.433398254450008
CAMPO DE LA CRUZ,2023,13,49,1,1.0,0.0,0.0,0.0,0.0,0.0,0.0,0.0,0.0,0.0,0.0,0.0,1.0,1.0,0.0,1.0,0.0,0.0,1.0,0.0,1.0,0.0,0.0,0.0,0.0,1.0,1.0,0.0,0.0,1.0,0.0,0.0,28.799404035295776,88.46942138671875,6.571428571428571,17.42,73.3,0.262271827829908,5.433398254450008
CANDELARIA,2017,8,29,1,0.0,1.0,0.0,0.0,0.0,0.0,0.0,1.0,0.0,0.0,0.0,0.0,0.0,1.0,0.0,0.0,1.0,0.0,1.0,1.0,0.0,0.0,0.0,0.0,0.0,1.0,1.0,0.0,0.0,0.0,0.0,1.0,28.016567121233283,92.32617950439452,5.735714329140527,23.588335817789645,98.6011749188968,1.044205284417448,4.608124745188931
CANDELARIA,2017,9,36,1,0.0,0.0,1.0,0.0,0.0,0.0,0.0,0.0,0.0,0.0,0.0,0.0,1.0,1.0,0.0,0.0,1.0,0.0,1.0,0.0,1.0,0.0,0.0,0.0,0.0,1.0,1.0,0.0,0.0,0.0,0.0,1.0,27.112418474469887,93.57967812674386,11.945713979857308,23.588335817789645,98.6011749188968,1.044205284417448,4.608124745188931
CANDELARIA,2017,10,39,1,1.0,0.0,0.0,0.0,0.0,0.0,0.0,0.0,0.0,0.0,0.0,0.0,1.0,1.0,0.0,1.0,0.0,0.0,1.0,0.0,1.0,0.0,0.0,0.0,0.0,1.0,1.0,0.0,0.0,0.0,0.0,1.0,27.257414027622787,94.04892294747488,8.424285748175212,23.588335817789645,98.6011749188968,1.044205284417448,4.608124745188931
CANDELARIA,2018,11,42,1,1.0,0.0,0.0,0.0,0.0,0.0,0.0,0.0,0.0,0.0,0.0,0.0,1.0,1.0,0.0,0.0,1.0,0.0,1.0,0.0,1.0,0.0,0.0,0.0,0.0,1.0,1.0,0.0,0.0,0.0,0.0,1.0,26.842056710379488,93.2692620413644,7.724285738808768,12.44,52.05,1.044205284417448,4.608124745188931
CANDELARIA,2019,5,17,1,1.0,0.0,0.0,0.0,0.0,0.0,0.0,0.0,0.0,0.0,0.0,1.0,0.0,1.0,0.0,1.0,0.0,0.0,1.0,1.0,0.0,0.0,0.0,0.0,0.0,1.0,1.0,0.0,0.0,0.0,0.0,1.0,28.740904017857165,86.63214547293526,8.121428576963288,16.63,69.7,1.044205284417448,4.608124745188931
CANDELARIA,2019,6,22,1,1.0,0.0,0.0,0.0,0.0,0.0,0.0,0.0,0.0,0.0,0.0,0.0,1.0,1.0,0.0,0.0,1.0,0.0,1.0,0.0,1.0,0.0,0.0,0.0,0.0,1.0,1.0,0.0,0.0,1.0,0.0,0.0,27.51502816336497,91.63173348563058,10.125714421272278,16.63,69.7,1.044205284417448,4.608124745188931
CANDELARIA,2019,7,26,2,0.0,0.0,0.0,0.0,0.5,0.0,0.5,0.0,0.0,0.0,0.0,0.0,1.0,1.0,0.0,0.5,0.5,0.0,1.0,1.0,0.0,0.0,0.0,0.0,0.0,1.0,1.0,0.0,0.0,0.0,0.0,1.0,29.08046875000002,88.48262568882534,3.1385715007781982,16.63,69.7,1.044205284417448,4.608124745188931
CANDELARIA,2019,7,27,1,1.0,0.0,0.0,0.0,0.0,0.0,0.0,0.0,0.0,0.0,0.0,0.0,1.0,1.0,0.0,1.0,0.0,0.0,1.0,0.0,1.0,0.0,0.0,0.0,0.0,1.0,1.0,0.0,0.0,0.0,0.0,1.0,29.39015459333149,88.65784454345703,2.8357142380305698,16.63,69.7,1.044205284417448,4.608124745188931
CANDELARIA,2019,8,29,1,0.0,0.0,0.0,0.0,1.0,0.0,0.0,0.0,0.0,0.0,0.0,0.0,1.0,1.0,0.0,0.0,1.0,0.0,1.0,1.0,0.0,0.0,0.0,0.0,0.0,1.0,1.0,0.0,0.0,0.0,0.0,1.0,29.50831865583149,88.68595232282367,3.197142878813403,16.63,69.7,1.044205284417448,4.608124745188931
CANDELARIA,2019,8,31,2,0.0,0.0,0.0,0.0,1.0,0.0,0.0,0.0,0.0,0.0,0.0,0.0,1.0,1.0,0.0,1.0,0.0,0.0,1.0,1.0,0.0,0.0,0.0,0.0,0.0,1.0,1.0,0.0,0.0,0.0,0.0,1.0,28.886773681640644,90.7671628679548,1.9214285271508356,16.63,69.7,1.044205284417448,4.608124745188931
CANDELARIA,2019,9,35,2,0.5,0.5,0.0,0.0,0.0,0.0,0.0,1.0,0.0,0.0,0.0,0.0,0.0,1.0,0.0,0.0,1.0,0.0,1.0,0.5,0.5,0.0,0.0,0.0,0.0,1.0,1.0,0.0,0.0,0.0,0.0,1.0,28.71293683733261,91.32110159737724,12.987142822572164,16.63,69.7,1.044205284417448,4.608124745188931
CANDELARIA,2019,9,36,1,1.0,0.0,0.0,0.0,0.0,0.0,0.0,0.0,0.0,0.0,0.0,0.0,1.0,1.0,0.0,1.0,0.0,0.0,1.0,0.0,1.0,0.0,0.0,0.0,0.0,1.0,1.0,0.0,0.0,0.0,0.0,1.0,28.61365443638395,92.5580553327288,3.2999999736036574,16.63,69.7,1.044205284417448,4.608124745188931
CANDELARIA,2019,10,37,1,0.0,0.0,0.0,0.0,1.0,0.0,0.0,0.0,0.0,0.0,0.0,0.0,1.0,1.0,0.0,0.0,1.0,0.0,1.0,0.0,1.0,0.0,0.0,0.0,0.0,1.0,0.0,1.0,0.0,1.0,0.0,0.0,28.469075230189755,92.53411974225726,5.467142939567566,16.63,69.7,1.044205284417448,4.608124745188931
CANDELARIA,2019,10,38,1,0.0,0.0,0.0,0.0,1.0,0.0,0.0,0.0,0.0,0.0,0.0,0.0,1.0,1.0,0.0,1.0,0.0,0.0,1.0,1.0,0.0,0.0,0.0,0.0,0.0,1.0,1.0,0.0,0.0,0.0,0.0,1.0,26.5433070591518,94.49960654122488,12.682857172829763,16.63,69.7,1.044205284417448,4.608124745188931
CANDELARIA,2019,10,40,1,0.0,0.0,0.0,0.0,1.0,0.0,0.0,0.0,0.0,0.0,0.0,0.0,1.0,1.0,0.0,0.0,1.0,0.0,1.0,1.0,0.0,0.0,0.0,0.0,0.0,1.0,1.0,0.0,0.0,0.0,0.0,1.0,26.611509486607165,94.9394989013672,5.678571428571429,16.63,69.7,1.044205284417448,4.608124745188931
CANDELARIA,2019,11,42,2,0.5,0.0,0.0,0.0,0.5,0.0,0.0,0.5,0.0,0.0,0.0,0.0,0.5,1.0,0.0,0.0,1.0,0.0,1.0,0.0,1.0,0.0,0.0,0.0,0.0,1.0,1.0,0.0,0.0,0.5,0.0,0.5,26.501591709681943,94.5692378452846,12.82571428162711,16.63,69.7,1.044205284417448,4.608124745188931
CANDELARIA,2019,11,43,4,0.5,0.0,0.0,0.0,0.5,0.0,0.0,0.25,0.0,0.0,0.0,0.0,0.75,1.0,0.0,0.0,1.0,0.0,1.0,0.5,0.5,0.0,0.0,0.0,0.0,1.0,1.0,0.0,0.0,0.25,0.0,0.75,26.5592982700893,94.5956072126116,4.9957142387117655,16.63,69.7,1.044205284417448,4.608124745188931
CANDELARIA,2019,11,44,2,0.5,0.5,0.0,0.0,0.0,0.0,0.0,0.5,0.0,0.0,0.0,0.0,0.5,1.0,0.0,0.0,1.0,0.0,1.0,0.0,1.0,0.0,0.0,0.0,0.0,1.0,1.0,0.0,0.0,0.0,0.0,1.0,26.944079153878366,93.89069475446428,4.90285725252969,16.63,69.7,1.044205284417448,4.608124745188931
CANDELARIA,2019,12,45,1,0.0,0.0,0.0,0.0,1.0,0.0,0.0,1.0,0.0,0.0,0.0,0.0,0.0,1.0,0.0,0.0,1.0,0.0,1.0,0.0,1.0,0.0,0.0,0.0,0.0,1.0,1.0,0.0,0.0,0.0,0.0,1.0,27.27829459054132,93.35307856968473,12.849999930177416,16.63,69.7,1.044205284417448,4.608124745188931
CANDELARIA,2019,12,48,1,1.0,0.0,0.0,0.0,0.0,0.0,0.0,0.0,0.0,0.0,0.0,0.0,1.0,1.0,0.0,0.0,1.0,0.0,1.0,1.0,0.0,0.0,0.0,0.0,0.0,1.0,1.0,0.0,0.0,0.0,0.0,1.0,28.065558733258943,90.6606717790876,15.585714280605316,16.63,69.7,1.044205284417448,4.608124745188931
CANDELARIA,2019,13,49,1,0.0,0.0,0.0,0.0,1.0,0.0,0.0,0.0,0.0,0.0,0.0,0.0,1.0,1.0,0.0,0.0,1.0,0.0,1.0,0.0,1.0,0.0,0.0,0.0,0.0,1.0,1.0,0.0,0.0,0.0,0.0,1.0,27.79478280203685,92.79578399658205,3.689999982714653,16.63,69.7,1.044205284417448,4.608124745188931
CANDELARIA,2019,13,50,2,0.0,0.0,0.0,0.0,0.5,0.0,0.5,0.0,0.0,0.0,0.5,0.0,0.5,1.0,0.0,1.0,0.0,0.0,1.0,0.5,0.5,0.0,0.0,0.0,0.0,1.0,1.0,0.0,0.0,0.0,0.0,1.0,27.810370744977696,91.52312578473772,2.9042857132319893,16.63,69.7,1.044205284417448,4.608124745188931
CANDELARIA,2019,13,52,1,0.0,1.0,0.0,0.0,0.0,0.0,0.0,1.0,0.0,0.0,0.0,0.0,0.0,1.0,0.0,0.0,1.0,0.0,1.0,1.0,0.0,0.0,0.0,0.0,0.0,1.0,1.0,0.0,0.0,0.0,0.0,1.0,28.16331525530135,91.09874616350446,12.757142352206367,16.63,69.7,1.044205284417448,4.608124745188931
CANDELARIA,2020,1,1,1,1.0,0.0,0.0,0.0,0.0,0.0,0.0,1.0,0.0,0.0,0.0,0.0,0.0,1.0,0.0,1.0,0.0,0.0,1.0,1.0,0.0,0.0,0.0,0.0,0.0,1.0,1.0,0.0,0.0,0.0,0.0,1.0,27.678151157924123,91.5251693725586,1.4285714285714286,24.0,100.0,1.044205284417448,4.608124745188931
CANDELARIA,2020,1,4,1,1.0,0.0,0.0,0.0,0.0,0.0,0.0,0.0,0.0,0.0,0.0,0.0,1.0,1.0,0.0,1.0,0.0,0.0,1.0,1.0,0.0,0.0,0.0,0.0,0.0,1.0,1.0,0.0,0.0,0.0,0.0,1.0,27.587803867885064,88.9498062133789,5.491428571087973,24.0,100.0,1.044205284417448,4.608124745188931
CANDELARIA,2021,10,39,1,0.0,0.0,0.0,0.0,0.0,0.0,1.0,0.0,0.0,0.0,0.0,0.0,1.0,1.0,0.0,1.0,0.0,0.0,1.0,0.0,1.0,0.0,0.0,0.0,0.0,1.0,1.0,0.0,0.0,0.0,0.0,1.0,27.18472987583707,93.45938001360211,7.721428505011967,24.0,100.0,1.044205284417448,4.608124745188931
CANDELARIA,2022,5,17,1,0.0,0.0,1.0,0.0,0.0,0.0,0.0,0.0,0.0,0.0,0.0,0.0,1.0,1.0,0.0,1.0,0.0,0.0,1.0,0.0,1.0,0.0,0.0,0.0,0.0,1.0,1.0,0.0,0.0,1.0,0.0,0.0,27.750737217494443,89.7014912196568,5.968571424484253,24.0,100.0,1.044205284417448,4.608124745188931
CANDELARIA,2022,6,22,1,1.0,0.0,0.0,0.0,0.0,0.0,0.0,0.0,0.0,0.0,0.0,0.0,1.0,1.0,0.0,1.0,0.0,0.0,1.0,1.0,0.0,0.0,0.0,0.0,0.0,1.0,1.0,0.0,0.0,1.0,0.0,0.0,27.761335536411853,91.56009456089564,7.955714430127825,24.0,100.0,1.044205284417448,4.608124745188931
CANDELARIA,2022,6,23,1,0.0,0.0,0.0,0.0,0.0,0.0,1.0,0.0,0.0,0.0,0.0,0.0,1.0,1.0,0.0,1.0,0.0,0.0,1.0,1.0,0.0,0.0,0.0,0.0,0.0,1.0,1.0,0.0,0.0,1.0,0.0,0.0,26.99677647181921,92.0790786743164,14.124286004475184,24.0,100.0,1.044205284417448,4.608124745188931
CANDELARIA,2022,7,25,2,0.0,0.0,0.0,0.0,0.0,0.0,1.0,0.5,0.0,0.0,0.0,0.0,0.5,1.0,0.0,0.5,0.5,0.0,1.0,0.0,1.0,0.0,0.0,0.0,0.0,1.0,1.0,0.0,0.0,0.0,0.0,1.0,27.104730224609398,93.36661420549665,12.020000100135803,24.0,100.0,1.044205284417448,4.608124745188931
CANDELARIA,2022,8,29,2,0.5,0.0,0.0,0.0,0.0,0.0,0.5,0.0,0.0,0.0,0.0,0.0,1.0,0.5,0.5,0.5,0.5,0.0,1.0,0.5,0.5,0.0,0.0,0.0,0.0,1.0,1.0,0.0,0.0,0.5,0.0,0.5,27.91535993303573,92.93661499023438,6.002857191222055,24.0,100.0,1.044205284417448,4.608124745188931
CANDELARIA,2022,8,30,1,1.0,0.0,0.0,0.0,0.0,0.0,0.0,0.0,0.0,0.0,0.0,0.0,1.0,1.0,0.0,1.0,0.0,0.0,1.0,1.0,0.0,0.0,0.0,0.0,0.0,1.0,1.0,0.0,0.0,0.0,0.0,1.0,27.520569283621672,93.61594935825892,8.807142696210317,24.0,100.0,1.044205284417448,4.608124745188931
CANDELARIA,2022,9,33,1,1.0,0.0,0.0,0.0,0.0,0.0,0.0,0.0,0.0,0.0,0.0,0.0,1.0,1.0,0.0,1.0,0.0,0.0,1.0,1.0,0.0,0.0,0.0,0.0,0.0,1.0,1.0,0.0,0.0,0.0,0.0,1.0,27.59941580636163,94.39114161900112,13.442857333592006,24.0,100.0,1.044205284417448,4.608124745188931
CANDELARIA,2022,9,34,1,1.0,0.0,0.0,0.0,0.0,0.0,0.0,0.0,0.0,0.0,0.0,0.0,1.0,0.0,1.0,0.0,1.0,0.0,1.0,1.0,0.0,0.0,0.0,0.0,0.0,1.0,1.0,0.0,0.0,0.0,0.0,1.0,27.31282741001676,94.12361471993584,8.674285484211785,24.0,100.0,1.044205284417448,4.608124745188931
CANDELARIA,2022,11,41,1,1.0,0.0,0.0,0.0,0.0,0.0,0.0,0.0,0.0,0.0,0.0,0.0,1.0,1.0,0.0,1.0,0.0,0.0,1.0,0.0,1.0,0.0,0.0,0.0,0.0,1.0,1.0,0.0,0.0,1.0,0.0,0.0,26.695940726143995,94.3824691772461,6.501428604125977,24.0,100.0,1.044205284417448,4.608124745188931
CANDELARIA,2022,11,42,1,0.0,0.0,0.0,0.0,0.0,0.0,1.0,1.0,0.0,0.0,0.0,0.0,0.0,1.0,0.0,1.0,0.0,0.0,1.0,1.0,0.0,0.0,0.0,0.0,0.0,1.0,1.0,0.0,0.0,1.0,0.0,0.0,26.78515450613841,95.5042953491211,9.348571368626184,24.0,100.0,1.044205284417448,4.608124745188931
CANDELARIA,2022,12,47,1,1.0,0.0,0.0,0.0,0.0,0.0,0.0,0.0,0.0,0.0,0.0,0.0,1.0,1.0,0.0,0.0,1.0,0.0,1.0,1.0,0.0,0.0,0.0,0.0,0.0,1.0,1.0,0.0,0.0,1.0,0.0,0.0,26.692592511858283,93.7352044241769,5.171428554824421,24.0,100.0,1.044205284417448,4.608124745188931
CANDELARIA,2023,2,6,1,1.0,0.0,0.0,0.0,0.0,0.0,0.0,1.0,0.0,0.0,0.0,0.0,0.0,1.0,0.0,0.0,1.0,0.0,1.0,0.0,1.0,0.0,0.0,0.0,0.0,1.0,1.0,0.0,0.0,1.0,0.0,0.0,28.596174403599356,82.64556666782924,0.2857142857142857,5.71,23.83,1.044205284417448,4.608124745188931
CANDELARIA,2023,2,7,1,0.0,0.0,0.0,0.0,1.0,0.0,0.0,0.0,0.0,0.0,0.0,0.0,1.0,1.0,0.0,0.0,1.0,0.0,1.0,0.0,1.0,0.0,0.0,0.0,0.0,1.0,1.0,0.0,0.0,1.0,0.0,0.0,28.67835824148997,82.80045863560268,4.719999999872276,5.71,23.83,1.044205284417448,4.608124745188931
CANDELARIA,2023,9,34,1,1.0,0.0,0.0,0.0,0.0,0.0,0.0,1.0,0.0,0.0,0.0,0.0,0.0,1.0,0.0,0.0,1.0,0.0,1.0,1.0,0.0,0.0,0.0,0.0,0.0,1.0,0.0,1.0,0.0,0.0,0.0,1.0,27.91441388811386,93.27587018694196,9.444285729101724,5.71,23.83,1.044205284417448,4.608124745188931
CANDELARIA,2023,9,35,2,0.5,0.5,0.0,0.0,0.0,0.0,0.0,0.0,0.0,0.0,0.0,0.0,1.0,0.5,0.5,0.0,1.0,0.0,1.0,0.5,0.5,0.0,0.0,0.0,0.0,1.0,0.5,0.5,0.0,0.0,0.0,1.0,29.26395350864957,92.50764574323382,5.290000006556511,5.71,23.83,1.044205284417448,4.608124745188931
CANDELARIA,2023,9,36,1,1.0,0.0,0.0,0.0,0.0,0.0,0.0,1.0,0.0,0.0,0.0,0.0,0.0,1.0,0.0,1.0,0.0,0.0,1.0,0.0,1.0,0.0,0.0,0.0,0.0,1.0,0.0,1.0,0.0,0.0,0.0,1.0,28.14778834751676,94.14160919189452,5.582857148987906,5.71,23.83,1.044205284417448,4.608124745188931
CANDELARIA,2023,13,51,1,0.0,1.0,0.0,0.0,0.0,0.0,0.0,0.0,0.0,0.0,0.0,0.0,1.0,1.0,0.0,1.0,0.0,0.0,1.0,1.0,0.0,0.0,0.0,0.0,0.0,1.0,1.0,0.0,0.0,1.0,0.0,0.0,28.430147879464304,89.93297249930245,15.567142852715085,5.71,23.83,1.044205284417448,4.608124745188931
GALAPA,2017,2,5,1,0.0,0.0,1.0,0.0,0.0,0.0,0.0,0.0,0.0,0.0,0.0,0.0,1.0,1.0,0.0,1.0,0.0,0.0,1.0,0.0,1.0,0.0,0.0,1.0,0.0,0.0,1.0,0.0,0.0,0.0,0.0,1.0,27.2667916434152,85.75749860491071,0.0,23.86,99.59,0.728151113212237,12.860763614518282
GALAPA,2017,2,7,1,1.0,0.0,0.0,0.0,0.0,0.0,0.0,0.0,0.0,0.0,0.0,0.0,1.0,1.0,0.0,1.0,0.0,0.0,1.0,0.0,1.0,0.0,0.0,1.0,0.0,0.0,1.0,0.0,0.0,0.0,0.0,1.0,26.79590759277346,86.83827645438058,7.857142857142857,23.86,99.59,0.728151113212237,12.860763614518282
GALAPA,2017,3,12,2,0.0,0.0,0.5,0.0,0.0,0.0,0.5,0.5,0.0,0.0,0.0,0.0,0.5,1.0,0.0,1.0,0.0,0.0,1.0,1.0,0.0,0.0,0.0,1.0,0.0,0.0,1.0,0.0,0.0,0.0,0.0,1.0,27.253592790876127,86.23453303745815,3.3571428627307927,23.86,99.59,0.728151113212237,12.860763614518282
GALAPA,2017,4,14,1,0.0,1.0,0.0,0.0,0.0,0.0,0.0,1.0,0.0,0.0,0.0,0.0,0.0,1.0,0.0,1.0,0.0,0.0,1.0,1.0,0.0,0.0,0.0,1.0,0.0,0.0,1.0,0.0,0.0,0.0,0.0,1.0,28.699794660295783,83.71833038330078,3.7185714284756353,23.86,99.59,0.728151113212237,12.860763614518282
GALAPA,2017,5,17,1,0.0,0.0,0.0,1.0,0.0,0.0,0.0,0.0,0.0,0.0,0.0,0.0,1.0,1.0,0.0,1.0,0.0,0.0,1.0,0.0,1.0,0.0,0.0,1.0,0.0,0.0,1.0,0.0,0.0,0.0,0.0,1.0,28.62814810616631,88.86648777553013,1.935714268790824,23.86,99.59,0.728151113212237,12.860763614518282
GALAPA,2017,5,20,1,0.0,1.0,0.0,0.0,0.0,0.0,0.0,0.0,0.0,0.0,0.0,0.0,1.0,1.0,0.0,1.0,0.0,0.0,1.0,0.0,1.0,0.0,0.0,1.0,0.0,0.0,1.0,0.0,0.0,0.0,0.0,1.0,28.30108904157368,88.29162052699498,6.76571414832558,23.86,99.59,0.728151113212237,12.860763614518282
GALAPA,2017,6,21,1,0.0,1.0,0.0,0.0,0.0,0.0,0.0,0.0,0.0,0.0,0.0,0.0,1.0,1.0,0.0,1.0,0.0,0.0,1.0,0.0,1.0,0.0,0.0,1.0,0.0,0.0,1.0,0.0,0.0,0.0,0.0,1.0,28.273590523856047,88.33617837088448,5.969999994550433,23.86,99.59,0.728151113212237,12.860763614518282
GALAPA,2017,6,24,2,0.5,0.5,0.0,0.0,0.0,0.0,0.0,0.0,0.0,0.0,0.0,0.0,1.0,1.0,0.0,1.0,0.0,0.0,1.0,0.5,0.5,0.0,0.0,1.0,0.0,0.0,1.0,0.0,0.0,0.0,0.0,1.0,27.458644757952023,90.54786137172154,13.284285817827495,23.86,99.59,0.728151113212237,12.860763614518282
GALAPA,2017,7,26,1,1.0,0.0,0.0,0.0,0.0,0.0,0.0,0.0,0.0,0.0,0.0,0.0,1.0,1.0,0.0,1.0,0.0,0.0,1.0,0.0,1.0,0.0,0.0,1.0,0.0,0.0,1.0,0.0,0.0,0.0,0.0,1.0,27.868986293247783,89.98687417166573,4.082857063838413,23.86,99.59,0.728151113212237,12.860763614518282
GALAPA,2017,9,34,1,0.0,0.0,0.0,0.0,1.0,0.0,0.0,0.0,0.0,0.0,0.0,0.0,1.0,1.0,0.0,1.0,0.0,0.0,1.0,0.0,1.0,0.0,0.0,1.0,0.0,0.0,1.0,0.0,0.0,0.0,0.0,1.0,27.069787597656266,94.21967315673828,6.37714283806937,23.86,99.59,0.728151113212237,12.860763614518282
GALAPA,2017,9,36,1,0.0,1.0,0.0,0.0,0.0,0.0,0.0,0.0,0.0,0.0,0.0,0.0,1.0,1.0,0.0,1.0,0.0,0.0,1.0,0.0,1.0,0.0,0.0,1.0,0.0,0.0,1.0,0.0,0.0,0.0,0.0,1.0,27.037026977539085,94.32488468715124,7.277142933436802,23.86,99.59,0.728151113212237,12.860763614518282
GALAPA,2017,10,38,2,0.5,0.0,0.0,0.0,0.0,0.0,0.5,0.0,0.0,0.0,0.0,0.0,1.0,1.0,0.0,1.0,0.0,0.0,1.0,0.5,0.5,0.0,0.0,1.0,0.0,0.0,1.0,0.0,0.0,0.0,0.0,1.0,27.369016810825908,94.30198669433594,5.068571397236416,23.86,99.59,0.728151113212237,12.860763614518282
GALAPA,2017,10,39,1,0.0,0.0,0.0,0.0,0.0,0.0,1.0,0.0,0.0,0.0,0.0,0.0,1.0,0.0,1.0,0.0,1.0,0.0,1.0,1.0,0.0,0.0,0.0,1.0,0.0,0.0,1.0,0.0,0.0,1.0,0.0,0.0,27.113063703264523,93.18748583112443,13.704285417284284,23.86,99.59,0.728151113212237,12.860763614518282
GALAPA,2017,10,40,3,0.0,0.3333333333333333,0.0,0.0,0.6666666666666666,0.0,0.0,0.0,0.0,0.0,0.0,0.0,1.0,1.0,0.0,0.6666666666666666,0.3333333333333333,0.0,1.0,0.3333333333333333,0.6666666666666666,0.0,0.0,1.0,0.0,0.0,1.0,0.0,0.0,0.0,0.0,1.0,26.730957467215426,93.36597333635602,13.445714439664568,23.86,99.59,0.728151113212237,12.860763614518282
GALAPA,2017,11,41,3,0.0,0.6666666666666666,0.0,0.0,0.3333333333333333,0.0,0.0,0.0,0.0,0.0,0.0,0.3333333333333333,0.6666666666666666,1.0,0.0,1.0,0.0,0.0,1.0,0.0,1.0,0.0,0.0,1.0,0.0,0.0,1.0,0.0,0.0,0.0,0.0,1.0,27.490045166015648,91.3634294782366,2.705714253442628,23.86,99.59,0.728151113212237,12.860763614518282
GALAPA,2017,11,42,5,0.2,0.6,0.0,0.0,0.0,0.0,0.2,0.2,0.0,0.0,0.0,0.0,0.8,1.0,0.0,1.0,0.0,0.0,1.0,0.2,0.8,0.0,0.0,1.0,0.0,0.0,1.0,0.0,0.0,0.0,0.0,1.0,27.82279575892859,92.46337781633648,3.151428504713944,23.86,99.59,0.728151113212237,12.860763614518282
GALAPA,2017,11,43,1,0.0,1.0,0.0,0.0,0.0,0.0,0.0,0.0,0.0,0.0,0.0,0.0,1.0,1.0,0.0,1.0,0.0,0.0,1.0,1.0,0.0,0.0,0.0,1.0,0.0,0.0,1.0,0.0,0.0,0.0,0.0,1.0,26.760182407924127,94.12609100341795,11.5499997820173,23.86,99.59,0.728151113212237,12.860763614518282
GALAPA,2017,11,44,2,0.5,0.5,0.0,0.0,0.0,0.0,0.0,0.5,0.0,0.0,0.0,0.0,0.5,1.0,0.0,1.0,0.0,0.0,1.0,0.5,0.5,0.0,0.0,1.0,0.0,0.0,1.0,0.0,0.0,0.0,0.0,1.0,26.98181849888395,90.71474892752512,2.925714272739632,23.86,99.59,0.728151113212237,12.860763614518282
GALAPA,2017,12,45,1,0.0,1.0,0.0,0.0,0.0,0.0,0.0,0.0,0.0,0.0,0.0,0.0,1.0,1.0,0.0,1.0,0.0,0.0,1.0,1.0,0.0,0.0,0.0,1.0,0.0,0.0,1.0,0.0,0.0,0.0,0.0,1.0,26.67561383928573,92.83798326764789,7.677142943654742,23.86,99.59,0.728151113212237,12.860763614518282
GALAPA,2017,12,46,1,0.0,1.0,0.0,0.0,0.0,0.0,0.0,1.0,0.0,0.0,0.0,0.0,0.0,1.0,0.0,1.0,0.0,0.0,1.0,0.0,1.0,0.0,0.0,1.0,0.0,0.0,1.0,0.0,0.0,0.0,0.0,1.0,26.457140677315863,92.70078604561942,9.867142609187535,23.86,99.59,0.728151113212237,12.860763614518282
GALAPA,2017,13,49,3,0.0,0.6666666666666666,0.3333333333333333,0.0,0.0,0.0,0.0,0.3333333333333333,0.0,0.0,0.0,0.3333333333333333,0.3333333333333333,1.0,0.0,1.0,0.0,0.0,1.0,0.3333333333333333,0.6666666666666666,0.0,0.0,1.0,0.0,0.0,0.6666666666666666,0.3333333333333333,0.0,0.0,0.0,1.0,27.523213413783505,88.86573573521206,2.619999985609736,23.86,99.59,0.728151113212237,12.860763614518282
GALAPA,2017,13,50,1,1.0,0.0,0.0,0.0,0.0,0.0,0.0,0.0,0.0,0.0,0.0,0.0,1.0,1.0,0.0,1.0,0.0,0.0,1.0,1.0,0.0,0.0,0.0,1.0,0.0,0.0,1.0,0.0,0.0,0.0,0.0,1.0,27.245839146205377,88.214357648577,3.0485714333398,23.86,99.59,0.728151113212237,12.860763614518282
GALAPA,2017,13,51,1,0.0,1.0,0.0,0.0,0.0,0.0,0.0,0.0,0.0,0.0,0.0,0.0,1.0,1.0,0.0,1.0,0.0,0.0,1.0,1.0,0.0,0.0,0.0,1.0,0.0,0.0,1.0,0.0,0.0,0.0,0.0,1.0,27.47239510672435,84.54198019845145,0.0,23.86,99.59,0.728151113212237,12.860763614518282
GALAPA,2017,13,52,2,0.5,0.5,0.0,0.0,0.0,0.0,0.0,0.0,0.0,0.0,0.0,0.0,1.0,1.0,0.0,1.0,0.0,0.0,1.0,1.0,0.0,0.0,0.0,1.0,0.0,0.0,1.0,0.0,0.0,0.0,0.0,1.0,26.827000645228814,87.8349108014788,0.2157142800944191,23.86,99.59,0.728151113212237,12.860763614518282
GALAPA,2018,1,1,1,1.0,0.0,0.0,0.0,0.0,0.0,0.0,1.0,0.0,0.0,0.0,0.0,0.0,1.0,0.0,0.0,1.0,0.0,1.0,1.0,0.0,0.0,0.0,1.0,0.0,0.0,1.0,0.0,0.0,1.0,0.0,0.0,26.85972202845985,90.40381186349052,2.0171428535665785,23.77,99.02,0.728151113212237,12.860763614518282
GALAPA,2018,2,7,1,0.0,1.0,0.0,0.0,0.0,0.0,0.0,1.0,0.0,0.0,0.0,0.0,0.0,1.0,0.0,0.0,1.0,0.0,1.0,1.0,0.0,0.0,0.0,1.0,0.0,0.0,1.0,0.0,0.0,1.0,0.0,0.0,26.629667445591537,83.88441903250558,0.0,23.77,99.02,0.728151113212237,12.860763614518282
GALAPA,2018,4,13,1,0.0,1.0,0.0,0.0,0.0,0.0,0.0,0.0,0.0,0.0,0.0,0.0,1.0,1.0,0.0,0.0,1.0,0.0,1.0,1.0,0.0,0.0,0.0,1.0,0.0,0.0,1.0,0.0,0.0,1.0,0.0,0.0,27.199023001534613,84.36776188441685,0.0200000000851494,23.77,99.02,0.728151113212237,12.860763614518282
GALAPA,2018,4,15,1,1.0,0.0,0.0,0.0,0.0,0.0,0.0,0.0,0.0,0.0,0.0,0.0,1.0,1.0,0.0,0.0,1.0,0.0,1.0,1.0,0.0,0.0,0.0,1.0,0.0,0.0,1.0,0.0,0.0,1.0,0.0,0.0,27.496427699497783,87.49661690848214,2.487142977969987,23.77,99.02,0.728151113212237,12.860763614518282
GALAPA,2018,5,19,3,0.3333333333333333,0.6666666666666666,0.0,0.0,0.0,0.0,0.0,0.6666666666666666,0.0,0.0,0.0,0.0,0.3333333333333333,1.0,0.0,0.3333333333333333,0.6666666666666666,0.0,1.0,1.0,0.0,0.0,0.0,1.0,0.0,0.0,1.0,0.0,0.0,0.3333333333333333,0.0,0.6666666666666666,27.490773228236627,89.29953983851841,10.064285797732216,23.77,99.02,0.728151113212237,12.860763614518282
GALAPA,2018,6,22,1,0.0,0.0,1.0,0.0,0.0,0.0,0.0,0.0,0.0,0.0,0.0,0.0,1.0,1.0,0.0,0.0,1.0,0.0,1.0,0.0,1.0,0.0,0.0,1.0,0.0,0.0,1.0,0.0,0.0,0.0,0.0,1.0,28.05754350934712,89.12464795793805,4.722857236862183,23.77,99.02,0.728151113212237,12.860763614518282
GALAPA,2018,7,25,1,0.0,1.0,0.0,0.0,0.0,0.0,0.0,0.0,0.0,0.0,0.0,0.0,1.0,1.0,0.0,1.0,0.0,0.0,1.0,0.0,1.0,0.0,0.0,1.0,0.0,0.0,1.0,0.0,0.0,0.0,0.0,1.0,27.497179739815863,90.67269461495536,4.421428433486393,23.77,99.02,0.728151113212237,12.860763614518282
GALAPA,2018,7,27,1,0.0,0.0,0.0,0.0,1.0,0.0,0.0,0.0,0.0,0.0,0.0,0.0,1.0,1.0,0.0,0.0,1.0,0.0,1.0,1.0,0.0,0.0,0.0,1.0,0.0,0.0,1.0,0.0,0.0,0.0,0.0,1.0,27.352515520368325,90.60438646589007,0.7014285876814809,23.77,99.02,0.728151113212237,12.860763614518282
GALAPA,2018,7,28,2,0.0,0.5,0.0,0.0,0.5,0.0,0.0,0.5,0.0,0.0,0.0,0.0,0.5,1.0,0.0,0.5,0.5,0.0,1.0,1.0,0.0,0.0,0.0,1.0,0.0,0.0,1.0,0.0,0.0,0.5,0.0,0.5,27.478221784319214,90.56280081612724,0.957142882315176,23.77,99.02,0.728151113212237,12.860763614518282
GALAPA,2018,8,29,1,1.0,0.0,0.0,0.0,0.0,0.0,0.0,0.0,0.0,0.0,0.0,0.0,1.0,1.0,0.0,0.0,1.0,0.0,1.0,0.0,1.0,0.0,0.0,1.0,0.0,0.0,1.0,0.0,0.0,0.0,0.0,1.0,27.351201084681943,90.90673937116352,0.4100000145179884,23.77,99.02,0.728151113212237,12.860763614518282
GALAPA,2018,8,30,1,1.0,0.0,0.0,0.0,0.0,0.0,0.0,0.0,0.0,0.0,0.0,0.0,1.0,1.0,0.0,1.0,0.0,0.0,1.0,1.0,0.0,0.0,0.0,1.0,0.0,0.0,1.0,0.0,0.0,0.0,0.0,1.0,26.67803126743864,94.29760851178852,5.9199999911444525,23.77,99.02,0.728151113212237,12.860763614518282
GALAPA,2018,8,31,3,0.6666666666666666,0.0,0.0,0.0,0.0,0.0,0.3333333333333333,0.0,0.0,0.0,0.0,0.0,1.0,1.0,0.0,0.6666666666666666,0.3333333333333333,0.0,1.0,0.6666666666666666,0.3333333333333333,0.0,0.0,1.0,0.0,0.0,1.0,0.0,0.0,0.6666666666666666,0.0,0.3333333333333333,26.94890965053015,92.2292949131557,4.570000043937138,23.77,99.02,0.728151113212237,12.860763614518282
GALAPA,2018,8,32,1,1.0,0.0,0.0,0.0,0.0,0.0,0.0,1.0,0.0,0.0,0.0,0.0,0.0,1.0,0.0,0.0,1.0,0.0,1.0,1.0,0.0,0.0,0.0,1.0,0.0,0.0,1.0,0.0,0.0,0.0,0.0,1.0,27.545898873465426,90.58233424595424,0.0571428571960755,23.77,99.02,0.728151113212237,12.860763614518282
GALAPA,2018,9,33,1,0.0,0.0,0.0,0.0,1.0,0.0,0.0,0.0,0.0,0.0,0.0,0.0,1.0,1.0,0.0,1.0,0.0,0.0,1.0,0.0,1.0,0.0,0.0,1.0,0.0,0.0,1.0,0.0,0.0,0.0,0.0,1.0,26.94162902832033,92.4748306274414,2.567142869744982,23.77,99.02,0.728151113212237,12.860763614518282
GALAPA,2018,9,34,1,0.0,1.0,0.0,0.0,0.0,0.0,0.0,1.0,0.0,0.0,0.0,0.0,0.0,1.0,0.0,0.0,1.0,0.0,1.0,0.0,1.0,0.0,0.0,1.0,0.0,0.0,1.0,0.0,0.0,0.0,0.0,1.0,27.365801565987734,92.22830745152064,1.8671428646360124,23.77,99.02,0.728151113212237,12.860763614518282
GALAPA,2018,9,35,1,0.0,1.0,0.0,0.0,0.0,0.0,0.0,0.0,0.0,0.0,0.0,0.0,1.0,1.0,0.0,0.0,1.0,0.0,1.0,0.0,1.0,0.0,0.0,1.0,0.0,0.0,1.0,0.0,0.0,1.0,0.0,0.0,27.204067121233283,92.8584954398019,3.0671428782599315,23.77,99.02,0.728151113212237,12.860763614518282
GALAPA,2018,10,37,7,0.4285714285714285,0.0,0.0,0.0,0.2857142857142857,0.0,0.2857142857142857,0.4285714285714285,0.0,0.0,0.0,0.0,0.5714285714285714,0.8571428571428571,0.1428571428571428,0.2857142857142857,0.7142857142857143,0.0,1.0,0.5714285714285714,0.4285714285714285,0.0,0.0,1.0,0.0,0.0,1.0,0.0,0.0,0.0,0.0,1.0,26.84729265485493,94.34481593540735,8.065714223044258,23.77,99.02,0.728151113212237,12.860763614518282
GALAPA,2018,10,38,6,0.0,0.1666666666666666,0.0,0.0,0.3333333333333333,0.1666666666666666,0.3333333333333333,0.1666666666666666,0.0,0.0,0.0,0.0,0.8333333333333334,1.0,0.0,0.1666666666666666,0.8333333333333334,0.0,1.0,0.1666666666666666,0.8333333333333334,0.0,0.0,1.0,0.0,0.0,1.0,0.0,0.0,0.6666666666666666,0.0,0.3333333333333333,27.46106654575895,93.331421988351,4.810000002384186,23.77,99.02,0.728151113212237,12.860763614518282
GALAPA,2018,10,39,7,0.5714285714285714,0.1428571428571428,0.0,0.0,0.1428571428571428,0.0,0.1428571428571428,0.0,0.0,0.0,0.0,0.1428571428571428,0.8571428571428571,1.0,0.0,0.5714285714285714,0.4285714285714285,0.0,1.0,0.7142857142857143,0.2857142857142857,0.0,0.0,1.0,0.0,0.0,1.0,0.0,0.0,0.2857142857142857,0.0,0.7142857142857143,27.141104997907387,91.57914515904018,9.015714262213026,23.77,99.02,0.728151113212237,12.860763614518282
GALAPA,2018,10,40,4,0.25,0.5,0.0,0.0,0.0,0.0,0.25,1.0,0.0,0.0,0.0,0.0,0.0,1.0,0.0,0.25,0.75,0.0,1.0,0.25,0.75,0.0,0.0,1.0,0.0,0.0,1.0,0.0,0.0,0.75,0.0,0.25,26.57100176130024,94.95996202741352,11.334285599844796,23.77,99.02,0.728151113212237,12.860763614518282
GALAPA,2018,11,41,5,0.6,0.2,0.0,0.0,0.2,0.0,0.0,0.0,0.0,0.0,0.0,0.2,0.8,1.0,0.0,0.2,0.8,0.0,1.0,0.2,0.8,0.0,0.0,1.0,0.0,0.0,1.0,0.0,0.0,0.0,0.0,1.0,26.355220685686408,92.5331322806222,10.034285741192956,23.77,99.02,0.728151113212237,12.860763614518282
GALAPA,2018,11,42,6,0.6666666666666666,0.0,0.0,0.0,0.1666666666666666,0.0,0.1666666666666666,0.3333333333333333,0.0,0.0,0.0,0.0,0.6666666666666666,1.0,0.0,0.3333333333333333,0.6666666666666666,0.0,1.0,0.6666666666666666,0.3333333333333333,0.0,0.0,1.0,0.0,0.0,1.0,0.0,0.0,0.5,0.0,0.5,26.821646990094887,92.24360983712332,4.561428578836577,23.77,99.02,0.728151113212237,12.860763614518282
GALAPA,2018,11,43,4,0.75,0.0,0.0,0.0,0.25,0.0,0.0,0.5,0.0,0.0,0.0,0.0,0.5,1.0,0.0,0.5,0.5,0.0,1.0,0.0,1.0,0.0,0.0,1.0,0.0,0.0,1.0,0.0,0.0,0.0,0.0,1.0,26.946514020647346,92.42176927839007,3.619999953678676,23.77,99.02,0.728151113212237,12.860763614518282
GALAPA,2018,11,44,4,0.5,0.0,0.0,0.0,0.0,0.0,0.5,0.5,0.0,0.0,0.0,0.0,0.5,1.0,0.0,0.5,0.5,0.0,1.0,0.75,0.25,0.0,0.0,1.0,0.0,0.0,1.0,0.0,0.0,0.5,0.0,0.5,26.960366821289085,91.42428806849888,5.672857049320426,23.77,99.02,0.728151113212237,12.860763614518282
GALAPA,2018,12,45,5,0.8,0.0,0.0,0.0,0.0,0.0,0.2,0.2,0.0,0.0,0.0,0.0,0.8,0.8,0.2,0.0,1.0,0.0,1.0,0.4,0.6,0.0,0.0,1.0,0.0,0.0,1.0,0.0,0.0,0.2,0.0,0.8,27.016734967912964,91.55346352713448,2.1200000353689705,23.77,99.02,0.728151113212237,12.860763614518282
GALAPA,2018,12,46,2,0.5,0.0,0.0,0.0,0.5,0.0,0.0,0.5,0.0,0.0,0.0,0.0,0.5,1.0,0.0,0.0,1.0,0.0,1.0,1.0,0.0,0.0,0.0,1.0,0.0,0.0,1.0,0.0,0.0,0.0,0.0,1.0,27.321810477120557,91.63513728550502,3.105714295325534,23.77,99.02,0.728151113212237,12.860763614518282
GALAPA,2018,12,47,16,0.3125,0.375,0.0625,0.0,0.1875,0.0,0.0625,0.25,0.0,0.0,0.0,0.0,0.75,1.0,0.0,0.6875,0.3125,0.0,1.0,0.25,0.75,0.0,0.0,1.0,0.0,0.0,1.0,0.0,0.0,0.25,0.0,0.75,27.16072126116073,91.0654591151646,0.9842857228858132,23.77,99.02,0.728151113212237,12.860763614518282
GALAPA,2018,12,48,2,0.0,0.5,0.0,0.0,0.5,0.0,0.0,0.0,0.0,0.0,0.0,0.0,1.0,1.0,0.0,0.5,0.5,0.0,1.0,0.5,0.5,0.0,0.0,1.0,0.0,0.0,1.0,0.0,0.0,0.0,0.0,1.0,26.927699933733276,90.3586186000279,1.1928571124694176,23.77,99.02,0.728151113212237,12.860763614518282
GALAPA,2018,13,49,7,0.5714285714285714,0.0,0.0,0.0,0.0,0.0,0.4285714285714285,0.2857142857142857,0.0,0.0,0.0,0.0,0.7142857142857143,1.0,0.0,0.5714285714285714,0.4285714285714285,0.0,1.0,0.1428571428571428,0.8571428571428571,0.0,0.0,1.0,0.0,0.0,1.0,0.0,0.0,0.1428571428571428,0.0,0.8571428571428571,26.849888828822564,88.08712768554688,0.0,23.77,99.02,0.728151113212237,12.860763614518282
GALAPA,2018,13,50,13,0.5384615384615384,0.0,0.0,0.0,0.4615384615384615,0.0,0.0,0.2307692307692307,0.0,0.0,0.0,0.0,0.7692307692307693,1.0,0.0,0.3076923076923077,0.6923076923076923,0.0,1.0,0.4615384615384615,0.5384615384615384,0.0,0.0,1.0,0.0,0.0,1.0,0.0,0.0,0.4615384615384615,0.0,0.5384615384615384,27.003797694614978,88.08249773297992,0.0,23.77,99.02,0.728151113212237,12.860763614518282
GALAPA,2018,13,51,13,0.6923076923076923,0.0769230769230769,0.0,0.0,0.0,0.0,0.2307692307692307,0.2307692307692307,0.0,0.0,0.0769230769230769,0.0769230769230769,0.6153846153846154,1.0,0.0,0.3846153846153846,0.6153846153846154,0.0,1.0,0.3076923076923077,0.6923076923076923,0.0,0.0,1.0,0.0,0.0,1.0,0.0,0.0,0.1538461538461538,0.0,0.8461538461538461,26.715992954799127,89.65584237234933,0.0414285702364785,23.77,99.02,0.728151113212237,12.860763614518282
GALAPA,2018,13,52,14,0.5714285714285714,0.1428571428571428,0.0714285714285714,0.0,0.1428571428571428,0.0,0.0714285714285714,0.3571428571428571,0.0,0.0,0.0,0.0,0.6428571428571429,1.0,0.0,0.5714285714285714,0.4285714285714285,0.0,1.0,0.6428571428571429,0.3571428571428571,0.0,0.0,1.0,0.0,0.0,1.0,0.0,0.0,0.2857142857142857,0.0,0.7142857142857143,26.68417401994979,84.08450426374164,0.0,23.77,99.02,0.728151113212237,12.860763614518282
GALAPA,2019,1,1,9,0.5555555555555556,0.1111111111111111,0.0,0.0,0.3333333333333333,0.0,0.0,0.1111111111111111,0.0,0.0,0.0,0.0,0.8888888888888888,0.8888888888888888,0.1111111111111111,0.1111111111111111,0.8888888888888888,0.1111111111111111,0.8888888888888888,0.6666666666666666,0.3333333333333333,0.0,0.0,1.0,0.0,0.0,1.0,0.0,0.0,0.2222222222222222,0.0,0.7777777777777778,26.384670148577037,85.9582268851144,0.0,23.78,99.24,0.728151113212237,12.860763614518282
GALAPA,2019,1,1,9,0.5555555555555556,0.1111111111111111,0.0,0.0,0.3333333333333333,0.0,0.0,0.1111111111111111,0.0,0.0,0.0,0.0,0.8888888888888888,0.8888888888888888,0.1111111111111111,0.1111111111111111,0.8888888888888888,0.1111111111111111,0.8888888888888888,0.6666666666666666,0.3333333333333333,0.0,0.0,1.0,0.0,0.0,1.0,0.0,0.0,0.2222222222222222,0.0,0.7777777777777778,26.384670148577037,85.9582268851144,0.0,23.59,98.5,0.728151113212237,12.860763614518282
GALAPA,2019,1,2,4,1.0,0.0,0.0,0.0,0.0,0.0,0.0,0.25,0.0,0.0,0.0,0.0,0.75,1.0,0.0,0.5,0.5,0.0,1.0,0.5,0.5,0.0,0.0,1.0,0.0,0.0,1.0,0.0,0.0,0.5,0.0,0.5,26.439338030133943,87.08826664515904,0.3385714305830853,23.78,99.24,0.728151113212237,12.860763614518282
GALAPA,2019,1,2,4,1.0,0.0,0.0,0.0,0.0,0.0,0.0,0.25,0.0,0.0,0.0,0.0,0.75,1.0,0.0,0.5,0.5,0.0,1.0,0.5,0.5,0.0,0.0,1.0,0.0,0.0,1.0,0.0,0.0,0.5,0.0,0.5,26.439338030133943,87.08826664515904,0.3385714305830853,23.59,98.5,0.728151113212237,12.860763614518282
GALAPA,2019,1,3,8,0.25,0.0,0.0,0.0,0.5,0.0,0.25,0.125,0.0,0.0,0.0,0.0,0.875,1.0,0.0,0.25,0.75,0.0,1.0,0.625,0.375,0.0,0.0,1.0,0.0,0.0,1.0,0.0,0.0,0.125,0.0,0.875,26.47583487374444,86.72945840018136,0.0,23.78,99.24,0.728151113212237,12.860763614518282
GALAPA,2019,1,3,8,0.25,0.0,0.0,0.0,0.5,0.0,0.25,0.125,0.0,0.0,0.0,0.0,0.875,1.0,0.0,0.25,0.75,0.0,1.0,0.625,0.375,0.0,0.0,1.0,0.0,0.0,1.0,0.0,0.0,0.125,0.0,0.875,26.47583487374444,86.72945840018136,0.0,23.59,98.5,0.728151113212237,12.860763614518282
GALAPA,2019,1,4,3,0.6666666666666666,0.0,0.0,0.0,0.3333333333333333,0.0,0.0,0.3333333333333333,0.0,0.0,0.0,0.0,0.6666666666666666,1.0,0.0,0.3333333333333333,0.6666666666666666,0.0,1.0,0.6666666666666666,0.3333333333333333,0.0,0.0,1.0,0.0,0.0,1.0,0.0,0.0,0.6666666666666666,0.0,0.3333333333333333,26.851135689871658,86.29334694998605,1.0,23.78,99.24,0.728151113212237,12.860763614518282
GALAPA,2019,1,4,3,0.6666666666666666,0.0,0.0,0.0,0.3333333333333333,0.0,0.0,0.3333333333333333,0.0,0.0,0.0,0.0,0.6666666666666666,1.0,0.0,0.3333333333333333,0.6666666666666666,0.0,1.0,0.6666666666666666,0.3333333333333333,0.0,0.0,1.0,0.0,0.0,1.0,0.0,0.0,0.6666666666666666,0.0,0.3333333333333333,26.851135689871658,86.29334694998605,1.0,23.59,98.5,0.728151113212237,12.860763614518282
GALAPA,2019,2,5,5,0.6,0.2,0.0,0.0,0.0,0.0,0.2,0.6,0.0,0.0,0.0,0.0,0.4,1.0,0.0,0.4,0.6,0.0,1.0,0.6,0.4,0.0,0.0,1.0,0.0,0.0,1.0,0.0,0.0,0.8,0.0,0.2,26.78131147112168,85.7826156616211,0.0,23.78,99.24,0.728151113212237,12.860763614518282
GALAPA,2019,2,5,5,0.6,0.2,0.0,0.0,0.0,0.0,0.2,0.6,0.0,0.0,0.0,0.0,0.4,1.0,0.0,0.4,0.6,0.0,1.0,0.6,0.4,0.0,0.0,1.0,0.0,0.0,1.0,0.0,0.0,0.8,0.0,0.2,26.78131147112168,85.7826156616211,0.0,23.59,98.5,0.728151113212237,12.860763614518282
GALAPA,2019,2,6,2,0.5,0.0,0.0,0.0,0.0,0.0,0.5,0.0,0.0,0.0,0.0,0.0,1.0,1.0,0.0,1.0,0.0,0.0,1.0,0.5,0.5,0.0,0.0,1.0,0.0,0.0,1.0,0.0,0.0,0.0,0.0,1.0,26.733669172014533,84.14845602852958,0.0,23.78,99.24,0.728151113212237,12.860763614518282
GALAPA,2019,2,6,2,0.5,0.0,0.0,0.0,0.0,0.0,0.5,0.0,0.0,0.0,0.0,0.0,1.0,1.0,0.0,1.0,0.0,0.0,1.0,0.5,0.5,0.0,0.0,1.0,0.0,0.0,1.0,0.0,0.0,0.0,0.0,1.0,26.733669172014533,84.14845602852958,0.0,23.59,98.5,0.728151113212237,12.860763614518282
GALAPA,2019,2,7,1,0.0,0.0,0.0,0.0,0.0,0.0,1.0,0.0,0.0,0.0,0.0,0.0,1.0,1.0,0.0,1.0,0.0,0.0,1.0,0.0,1.0,0.0,0.0,1.0,0.0,0.0,1.0,0.0,0.0,0.0,0.0,1.0,27.13913661411832,87.96043504987445,0.3499999996274709,23.78,99.24,0.728151113212237,12.860763614518282
GALAPA,2019,2,7,1,0.0,0.0,0.0,0.0,0.0,0.0,1.0,0.0,0.0,0.0,0.0,0.0,1.0,1.0,0.0,1.0,0.0,0.0,1.0,0.0,1.0,0.0,0.0,1.0,0.0,0.0,1.0,0.0,0.0,0.0,0.0,1.0,27.13913661411832,87.96043504987445,0.3499999996274709,23.59,98.5,0.728151113212237,12.860763614518282
GALAPA,2019,3,9,1,0.0,0.0,0.0,0.0,0.0,0.0,1.0,0.0,0.0,0.0,0.0,0.0,1.0,1.0,0.0,0.0,1.0,0.0,1.0,1.0,0.0,0.0,0.0,1.0,0.0,0.0,1.0,0.0,0.0,1.0,0.0,0.0,26.98961356026788,85.01927185058594,0.0814285698745931,23.78,99.24,0.728151113212237,12.860763614518282
GALAPA,2019,3,9,1,0.0,0.0,0.0,0.0,0.0,0.0,1.0,0.0,0.0,0.0,0.0,0.0,1.0,1.0,0.0,0.0,1.0,0.0,1.0,1.0,0.0,0.0,0.0,1.0,0.0,0.0,1.0,0.0,0.0,1.0,0.0,0.0,26.98961356026788,85.01927185058594,0.0814285698745931,23.59,98.5,0.728151113212237,12.860763614518282
GALAPA,2019,4,13,2,0.0,1.0,0.0,0.0,0.0,0.0,0.0,0.0,0.0,0.0,0.0,0.0,1.0,1.0,0.0,1.0,0.0,0.0,1.0,0.0,1.0,0.0,0.0,1.0,0.0,0.0,1.0,0.0,0.0,0.0,0.0,1.0,27.36917375837056,86.98255266462054,0.0314285715243645,23.78,99.24,0.728151113212237,12.860763614518282
GALAPA,2019,4,13,2,0.0,1.0,0.0,0.0,0.0,0.0,0.0,0.0,0.0,0.0,0.0,0.0,1.0,1.0,0.0,1.0,0.0,0.0,1.0,0.0,1.0,0.0,0.0,1.0,0.0,0.0,1.0,0.0,0.0,0.0,0.0,1.0,27.36917375837056,86.98255266462054,0.0314285715243645,23.59,98.5,0.728151113212237,12.860763614518282
GALAPA,2019,4,16,1,0.0,0.0,0.0,0.0,1.0,0.0,0.0,0.0,0.0,0.0,0.0,0.0,1.0,1.0,0.0,1.0,0.0,0.0,1.0,1.0,0.0,0.0,0.0,1.0,0.0,0.0,1.0,0.0,0.0,0.0,0.0,1.0,27.931883021763408,86.09706660679409,1.8957143165171144,23.78,99.24,0.728151113212237,12.860763614518282
GALAPA,2019,4,16,1,0.0,0.0,0.0,0.0,1.0,0.0,0.0,0.0,0.0,0.0,0.0,0.0,1.0,1.0,0.0,1.0,0.0,0.0,1.0,1.0,0.0,0.0,0.0,1.0,0.0,0.0,1.0,0.0,0.0,0.0,0.0,1.0,27.931883021763408,86.09706660679409,1.8957143165171144,23.59,98.5,0.728151113212237,12.860763614518282
GALAPA,2019,6,24,1,1.0,0.0,0.0,0.0,0.0,0.0,0.0,0.0,0.0,0.0,0.0,0.0,1.0,1.0,0.0,0.0,1.0,0.0,1.0,0.0,1.0,0.0,0.0,1.0,0.0,0.0,1.0,0.0,0.0,0.0,0.0,1.0,28.075712367466537,89.84550040108817,1.8414285209562096,23.78,99.24,0.728151113212237,12.860763614518282
GALAPA,2019,6,24,1,1.0,0.0,0.0,0.0,0.0,0.0,0.0,0.0,0.0,0.0,0.0,0.0,1.0,1.0,0.0,0.0,1.0,0.0,1.0,0.0,1.0,0.0,0.0,1.0,0.0,0.0,1.0,0.0,0.0,0.0,0.0,1.0,28.075712367466537,89.84550040108817,1.8414285209562096,23.59,98.5,0.728151113212237,12.860763614518282
GALAPA,2019,7,26,3,0.3333333333333333,0.6666666666666666,0.0,0.0,0.0,0.0,0.0,0.0,0.0,0.0,0.0,0.3333333333333333,0.6666666666666666,1.0,0.0,0.3333333333333333,0.6666666666666666,0.0,1.0,0.3333333333333333,0.6666666666666666,0.0,0.0,1.0,0.0,0.0,1.0,0.0,0.0,0.3333333333333333,0.0,0.6666666666666666,27.7268027169364,90.20395115443638,0.5557142693017211,23.78,99.24,0.728151113212237,12.860763614518282
GALAPA,2019,7,26,3,0.3333333333333333,0.6666666666666666,0.0,0.0,0.0,0.0,0.0,0.0,0.0,0.0,0.0,0.3333333333333333,0.6666666666666666,1.0,0.0,0.3333333333333333,0.6666666666666666,0.0,1.0,0.3333333333333333,0.6666666666666666,0.0,0.0,1.0,0.0,0.0,1.0,0.0,0.0,0.3333333333333333,0.0,0.6666666666666666,27.7268027169364,90.20395115443638,0.5557142693017211,23.59,98.5,0.728151113212237,12.860763614518282
GALAPA,2019,8,29,1,0.0,0.0,0.0,0.0,1.0,0.0,0.0,1.0,0.0,0.0,0.0,0.0,0.0,1.0,0.0,0.0,1.0,0.0,1.0,0.0,1.0,0.0,0.0,1.0,0.0,0.0,1.0,0.0,0.0,1.0,0.0,0.0,27.61494271414622,91.23504529680524,0.3400000035762786,23.78,99.24,0.728151113212237,12.860763614518282
GALAPA,2019,8,29,1,0.0,0.0,0.0,0.0,1.0,0.0,0.0,1.0,0.0,0.0,0.0,0.0,0.0,1.0,0.0,0.0,1.0,0.0,1.0,0.0,1.0,0.0,0.0,1.0,0.0,0.0,1.0,0.0,0.0,1.0,0.0,0.0,27.61494271414622,91.23504529680524,0.3400000035762786,23.59,98.5,0.728151113212237,12.860763614518282
GALAPA,2019,8,30,1,0.0,1.0,0.0,0.0,0.0,0.0,0.0,1.0,0.0,0.0,0.0,0.0,0.0,1.0,0.0,1.0,0.0,0.0,1.0,1.0,0.0,0.0,0.0,1.0,0.0,0.0,1.0,0.0,0.0,0.0,0.0,1.0,27.061643763950915,92.75744301932198,3.3314286039343903,23.78,99.24,0.728151113212237,12.860763614518282
GALAPA,2019,8,30,1,0.0,1.0,0.0,0.0,0.0,0.0,0.0,1.0,0.0,0.0,0.0,0.0,0.0,1.0,0.0,1.0,0.0,0.0,1.0,1.0,0.0,0.0,0.0,1.0,0.0,0.0,1.0,0.0,0.0,0.0,0.0,1.0,27.061643763950915,92.75744301932198,3.3314286039343903,23.59,98.5,0.728151113212237,12.860763614518282
GALAPA,2019,8,32,1,1.0,0.0,0.0,0.0,0.0,0.0,0.0,1.0,0.0,0.0,0.0,0.0,0.0,1.0,0.0,1.0,0.0,0.0,1.0,0.0,1.0,0.0,0.0,1.0,0.0,0.0,1.0,0.0,0.0,0.0,0.0,1.0,27.67991463797435,92.9513408115932,2.8628571459225247,23.78,99.24,0.728151113212237,12.860763614518282
GALAPA,2019,8,32,1,1.0,0.0,0.0,0.0,0.0,0.0,0.0,1.0,0.0,0.0,0.0,0.0,0.0,1.0,0.0,1.0,0.0,0.0,1.0,0.0,1.0,0.0,0.0,1.0,0.0,0.0,1.0,0.0,0.0,0.0,0.0,1.0,27.67991463797435,92.9513408115932,2.8628571459225247,23.59,98.5,0.728151113212237,12.860763614518282
GALAPA,2019,9,33,1,0.0,0.0,0.0,0.0,0.0,0.0,1.0,0.0,0.0,0.0,0.0,0.0,1.0,1.0,0.0,0.0,1.0,0.0,1.0,1.0,0.0,0.0,0.0,1.0,0.0,0.0,0.0,1.0,0.0,1.0,0.0,0.0,26.98175092424668,92.13934762137276,12.798571403537478,23.78,99.24,0.728151113212237,12.860763614518282
GALAPA,2019,9,33,1,0.0,0.0,0.0,0.0,0.0,0.0,1.0,0.0,0.0,0.0,0.0,0.0,1.0,1.0,0.0,0.0,1.0,0.0,1.0,1.0,0.0,0.0,0.0,1.0,0.0,0.0,0.0,1.0,0.0,1.0,0.0,0.0,26.98175092424668,92.13934762137276,12.798571403537478,23.59,98.5,0.728151113212237,12.860763614518282
GALAPA,2019,9,34,1,1.0,0.0,0.0,0.0,0.0,0.0,0.0,0.0,0.0,0.0,0.0,0.0,1.0,1.0,0.0,0.0,1.0,0.0,1.0,0.0,1.0,0.0,0.0,1.0,0.0,0.0,1.0,0.0,0.0,0.0,0.0,1.0,27.522670636858283,93.7191423688616,3.941428647243551,23.78,99.24,0.728151113212237,12.860763614518282
GALAPA,2019,9,34,1,1.0,0.0,0.0,0.0,0.0,0.0,0.0,0.0,0.0,0.0,0.0,0.0,1.0,1.0,0.0,0.0,1.0,0.0,1.0,0.0,1.0,0.0,0.0,1.0,0.0,0.0,1.0,0.0,0.0,0.0,0.0,1.0,27.522670636858283,93.7191423688616,3.941428647243551,23.59,98.5,0.728151113212237,12.860763614518282
GALAPA,2019,10,40,3,0.3333333333333333,0.3333333333333333,0.0,0.0,0.3333333333333333,0.0,0.0,0.0,0.0,0.0,0.0,0.0,1.0,1.0,0.0,0.0,1.0,0.0,1.0,0.0,1.0,0.0,0.0,1.0,0.0,0.0,0.6666666666666666,0.3333333333333333,0.0,0.6666666666666666,0.0,0.3333333333333333,26.59361528669086,94.15085710797992,7.752857140132359,23.78,99.24,0.728151113212237,12.860763614518282
GALAPA,2019,10,40,3,0.3333333333333333,0.3333333333333333,0.0,0.0,0.3333333333333333,0.0,0.0,0.0,0.0,0.0,0.0,0.0,1.0,1.0,0.0,0.0,1.0,0.0,1.0,0.0,1.0,0.0,0.0,1.0,0.0,0.0,0.6666666666666666,0.3333333333333333,0.0,0.6666666666666666,0.0,0.3333333333333333,26.59361528669086,94.15085710797992,7.752857140132359,23.59,98.5,0.728151113212237,12.860763614518282
GALAPA,2019,11,42,1,1.0,0.0,0.0,0.0,0.0,0.0,0.0,1.0,0.0,0.0,0.0,0.0,0.0,1.0,0.0,1.0,0.0,0.0,1.0,0.0,1.0,0.0,0.0,1.0,0.0,0.0,1.0,0.0,0.0,0.0,0.0,1.0,26.468957519531276,93.640257699149,21.12000015803746,23.78,99.24,0.728151113212237,12.860763614518282
GALAPA,2019,11,42,1,1.0,0.0,0.0,0.0,0.0,0.0,0.0,1.0,0.0,0.0,0.0,0.0,0.0,1.0,0.0,1.0,0.0,0.0,1.0,0.0,1.0,0.0,0.0,1.0,0.0,0.0,1.0,0.0,0.0,0.0,0.0,1.0,26.468957519531276,93.640257699149,21.12000015803746,23.59,98.5,0.728151113212237,12.860763614518282
GALAPA,2019,11,44,1,0.0,0.0,0.0,0.0,0.0,0.0,1.0,1.0,0.0,0.0,0.0,0.0,0.0,1.0,0.0,0.0,1.0,0.0,1.0,0.0,1.0,0.0,0.0,1.0,0.0,0.0,1.0,0.0,0.0,1.0,0.0,0.0,27.353459385463196,90.68694305419922,1.7957142825637544,23.78,99.24,0.728151113212237,12.860763614518282
GALAPA,2019,11,44,1,0.0,0.0,0.0,0.0,0.0,0.0,1.0,1.0,0.0,0.0,0.0,0.0,0.0,1.0,0.0,0.0,1.0,0.0,1.0,0.0,1.0,0.0,0.0,1.0,0.0,0.0,1.0,0.0,0.0,1.0,0.0,0.0,27.353459385463196,90.68694305419922,1.7957142825637544,23.59,98.5,0.728151113212237,12.860763614518282
GALAPA,2019,12,47,2,1.0,0.0,0.0,0.0,0.0,0.0,0.0,0.5,0.0,0.0,0.0,0.0,0.5,1.0,0.0,0.0,1.0,0.0,1.0,0.5,0.5,0.0,0.0,1.0,0.0,0.0,1.0,0.0,0.0,0.5,0.0,0.5,27.01694205147881,89.9450912475586,4.329999991825649,23.78,99.24,0.728151113212237,12.860763614518282
GALAPA,2019,12,47,2,1.0,0.0,0.0,0.0,0.0,0.0,0.0,0.5,0.0,0.0,0.0,0.0,0.5,1.0,0.0,0.0,1.0,0.0,1.0,0.5,0.5,0.0,0.0,1.0,0.0,0.0,1.0,0.0,0.0,0.5,0.0,0.5,27.01694205147881,89.9450912475586,4.329999991825649,23.59,98.5,0.728151113212237,12.860763614518282
GALAPA,2019,13,49,3,0.6666666666666666,0.0,0.0,0.0,0.3333333333333333,0.0,0.0,0.3333333333333333,0.0,0.0,0.0,0.0,0.6666666666666666,1.0,0.0,0.6666666666666666,0.3333333333333333,0.0,1.0,0.0,1.0,0.0,0.0,1.0,0.0,0.0,1.0,0.0,0.0,0.6666666666666666,0.0,0.3333333333333333,27.284698922293547,90.8427483694894,2.657142878909196,23.78,99.24,0.728151113212237,12.860763614518282
GALAPA,2019,13,49,3,0.6666666666666666,0.0,0.0,0.0,0.3333333333333333,0.0,0.0,0.3333333333333333,0.0,0.0,0.0,0.0,0.6666666666666666,1.0,0.0,0.6666666666666666,0.3333333333333333,0.0,1.0,0.0,1.0,0.0,0.0,1.0,0.0,0.0,1.0,0.0,0.0,0.6666666666666666,0.0,0.3333333333333333,27.284698922293547,90.8427483694894,2.657142878909196,23.59,98.5,0.728151113212237,12.860763614518282
GALAPA,2019,13,51,2,0.5,0.0,0.0,0.0,0.5,0.0,0.0,0.0,0.0,0.0,0.0,0.0,1.0,1.0,0.0,0.5,0.5,0.0,1.0,0.0,1.0,0.0,0.0,1.0,0.0,0.0,1.0,0.0,0.0,0.0,0.0,1.0,27.785073852539085,89.46298653738839,1.1885714445795332,23.78,99.24,0.728151113212237,12.860763614518282
GALAPA,2019,13,51,2,0.5,0.0,0.0,0.0,0.5,0.0,0.0,0.0,0.0,0.0,0.0,0.0,1.0,1.0,0.0,0.5,0.5,0.0,1.0,0.0,1.0,0.0,0.0,1.0,0.0,0.0,1.0,0.0,0.0,0.0,0.0,1.0,27.785073852539085,89.46298653738839,1.1885714445795332,23.59,98.5,0.728151113212237,12.860763614518282
GALAPA,2019,13,52,5,1.0,0.0,0.0,0.0,0.0,0.0,0.0,0.4,0.0,0.0,0.0,0.0,0.6,1.0,0.0,0.2,0.8,0.0,1.0,0.4,0.6,0.0,0.0,1.0,0.0,0.0,1.0,0.0,0.0,0.4,0.0,0.6,27.627849469866096,90.0110593523298,1.1485714209931237,23.78,99.24,0.728151113212237,12.860763614518282
GALAPA,2019,13,52,5,1.0,0.0,0.0,0.0,0.0,0.0,0.0,0.4,0.0,0.0,0.0,0.0,0.6,1.0,0.0,0.2,0.8,0.0,1.0,0.4,0.6,0.0,0.0,1.0,0.0,0.0,1.0,0.0,0.0,0.4,0.0,0.6,27.627849469866096,90.0110593523298,1.1485714209931237,23.59,98.5,0.728151113212237,12.860763614518282
GALAPA,2020,1,1,3,1.0,0.0,0.0,0.0,0.0,0.0,0.0,0.6666666666666666,0.0,0.0,0.0,0.0,0.3333333333333333,1.0,0.0,0.3333333333333333,0.6666666666666666,0.0,1.0,0.0,1.0,0.0,0.0,1.0,0.0,0.0,1.0,0.0,0.0,0.6666666666666666,0.0,0.3333333333333333,27.2211133684431,87.30822644914899,0.2857142857142857,23.82,99.41,0.728151113212237,12.860763614518282
GALAPA,2020,1,1,3,1.0,0.0,0.0,0.0,0.0,0.0,0.0,0.6666666666666666,0.0,0.0,0.0,0.0,0.3333333333333333,1.0,0.0,0.3333333333333333,0.6666666666666666,0.0,1.0,0.0,1.0,0.0,0.0,1.0,0.0,0.0,1.0,0.0,0.0,0.6666666666666666,0.0,0.3333333333333333,27.2211133684431,87.30822644914899,0.2857142857142857,23.8,99.47,0.728151113212237,12.860763614518282
GALAPA,2020,1,2,7,0.8571428571428571,0.1428571428571428,0.0,0.0,0.0,0.0,0.0,0.1428571428571428,0.0,0.1428571428571428,0.0,0.0,0.7142857142857143,1.0,0.0,0.4285714285714285,0.5714285714285714,0.0,1.0,0.5714285714285714,0.4285714285714285,0.0,0.0,1.0,0.0,0.0,1.0,0.0,0.0,0.5714285714285714,0.0,0.4285714285714285,27.435152762276804,82.21749441964286,0.0,23.82,99.41,0.728151113212237,12.860763614518282
GALAPA,2020,1,2,7,0.8571428571428571,0.1428571428571428,0.0,0.0,0.0,0.0,0.0,0.1428571428571428,0.0,0.1428571428571428,0.0,0.0,0.7142857142857143,1.0,0.0,0.4285714285714285,0.5714285714285714,0.0,1.0,0.5714285714285714,0.4285714285714285,0.0,0.0,1.0,0.0,0.0,1.0,0.0,0.0,0.5714285714285714,0.0,0.4285714285714285,27.435152762276804,82.21749441964286,0.0,23.8,99.47,0.728151113212237,12.860763614518282
GALAPA,2020,1,3,7,0.5714285714285714,0.0,0.0,0.0,0.2857142857142857,0.0,0.1428571428571428,0.5714285714285714,0.0,0.0,0.0,0.0,0.4285714285714285,1.0,0.0,0.4285714285714285,0.5714285714285714,0.0,1.0,0.4285714285714285,0.5714285714285714,0.0,0.0,1.0,0.0,0.0,1.0,0.0,0.0,0.4285714285714285,0.0,0.5714285714285714,26.854298618861627,85.6521486554827,0.0614285695233515,23.82,99.41,0.728151113212237,12.860763614518282
GALAPA,2020,1,3,7,0.5714285714285714,0.0,0.0,0.0,0.2857142857142857,0.0,0.1428571428571428,0.5714285714285714,0.0,0.0,0.0,0.0,0.4285714285714285,1.0,0.0,0.4285714285714285,0.5714285714285714,0.0,1.0,0.4285714285714285,0.5714285714285714,0.0,0.0,1.0,0.0,0.0,1.0,0.0,0.0,0.4285714285714285,0.0,0.5714285714285714,26.854298618861627,85.6521486554827,0.0614285695233515,23.8,99.47,0.728151113212237,12.860763614518282
GALAPA,2020,1,4,6,0.5,0.0,0.0,0.0,0.3333333333333333,0.0,0.1666666666666666,0.5,0.0,0.0,0.0,0.0,0.5,1.0,0.0,0.5,0.5,0.0,1.0,1.0,0.0,0.0,0.0,1.0,0.0,0.0,1.0,0.0,0.0,0.1666666666666666,0.0,0.8333333333333334,26.7346391950335,89.36560712541852,8.258571433169502,23.82,99.41,0.728151113212237,12.860763614518282
GALAPA,2020,1,4,6,0.5,0.0,0.0,0.0,0.3333333333333333,0.0,0.1666666666666666,0.5,0.0,0.0,0.0,0.0,0.5,1.0,0.0,0.5,0.5,0.0,1.0,1.0,0.0,0.0,0.0,1.0,0.0,0.0,1.0,0.0,0.0,0.1666666666666666,0.0,0.8333333333333334,26.7346391950335,89.36560712541852,8.258571433169502,23.8,99.47,0.728151113212237,12.860763614518282
GALAPA,2020,2,5,1,0.0,0.0,0.0,0.0,1.0,0.0,0.0,1.0,0.0,0.0,0.0,0.0,0.0,1.0,0.0,1.0,0.0,0.0,1.0,1.0,0.0,0.0,0.0,1.0,0.0,0.0,1.0,0.0,0.0,1.0,0.0,0.0,27.77621285574779,85.57450757707868,0.5714285714285714,23.82,99.41,0.728151113212237,12.860763614518282
GALAPA,2020,2,5,1,0.0,0.0,0.0,0.0,1.0,0.0,0.0,1.0,0.0,0.0,0.0,0.0,0.0,1.0,0.0,1.0,0.0,0.0,1.0,1.0,0.0,0.0,0.0,1.0,0.0,0.0,1.0,0.0,0.0,1.0,0.0,0.0,27.77621285574779,85.57450757707868,0.5714285714285714,23.8,99.47,0.728151113212237,12.860763614518282
GALAPA,2020,2,6,3,0.3333333333333333,0.0,0.0,0.0,0.3333333333333333,0.0,0.3333333333333333,0.3333333333333333,0.0,0.0,0.0,0.0,0.6666666666666666,1.0,0.0,0.6666666666666666,0.3333333333333333,0.0,1.0,0.3333333333333333,0.6666666666666666,0.0,0.0,1.0,0.0,0.0,1.0,0.0,0.0,0.0,0.0,1.0,27.397714233398453,84.01121412004743,0.0,23.82,99.41,0.728151113212237,12.860763614518282
GALAPA,2020,2,6,3,0.3333333333333333,0.0,0.0,0.0,0.3333333333333333,0.0,0.3333333333333333,0.3333333333333333,0.0,0.0,0.0,0.0,0.6666666666666666,1.0,0.0,0.6666666666666666,0.3333333333333333,0.0,1.0,0.3333333333333333,0.6666666666666666,0.0,0.0,1.0,0.0,0.0,1.0,0.0,0.0,0.0,0.0,1.0,27.397714233398453,84.01121412004743,0.0,23.8,99.47,0.728151113212237,12.860763614518282
GALAPA,2020,3,9,1,0.0,0.0,1.0,0.0,0.0,0.0,0.0,1.0,0.0,0.0,0.0,0.0,0.0,1.0,0.0,0.0,1.0,0.0,1.0,0.0,1.0,0.0,0.0,1.0,0.0,0.0,1.0,0.0,0.0,0.0,0.0,1.0,27.134142630440863,86.33159855433873,1.1428571428571428,23.82,99.41,0.728151113212237,12.860763614518282
GALAPA,2020,3,9,1,0.0,0.0,1.0,0.0,0.0,0.0,0.0,1.0,0.0,0.0,0.0,0.0,0.0,1.0,0.0,0.0,1.0,0.0,1.0,0.0,1.0,0.0,0.0,1.0,0.0,0.0,1.0,0.0,0.0,0.0,0.0,1.0,27.134142630440863,86.33159855433873,1.1428571428571428,23.8,99.47,0.728151113212237,12.860763614518282
GALAPA,2020,3,10,1,1.0,0.0,0.0,0.0,0.0,0.0,0.0,1.0,0.0,0.0,0.0,0.0,0.0,1.0,0.0,0.0,1.0,0.0,1.0,0.0,1.0,0.0,0.0,1.0,0.0,0.0,1.0,0.0,0.0,0.0,0.0,1.0,27.211580984933057,83.47766658238002,0.0,23.82,99.41,0.728151113212237,12.860763614518282
GALAPA,2020,3,10,1,1.0,0.0,0.0,0.0,0.0,0.0,0.0,1.0,0.0,0.0,0.0,0.0,0.0,1.0,0.0,0.0,1.0,0.0,1.0,0.0,1.0,0.0,0.0,1.0,0.0,0.0,1.0,0.0,0.0,0.0,0.0,1.0,27.211580984933057,83.47766658238002,0.0,23.8,99.47,0.728151113212237,12.860763614518282
GALAPA,2020,4,14,1,0.0,0.0,0.0,0.0,1.0,0.0,0.0,1.0,0.0,0.0,0.0,0.0,0.0,1.0,0.0,1.0,0.0,0.0,1.0,1.0,0.0,0.0,0.0,1.0,0.0,0.0,1.0,0.0,0.0,0.0,0.0,1.0,27.830056762695328,87.84009987967355,0.8114285679267985,23.82,99.41,0.728151113212237,12.860763614518282
GALAPA,2020,4,14,1,0.0,0.0,0.0,0.0,1.0,0.0,0.0,1.0,0.0,0.0,0.0,0.0,0.0,1.0,0.0,1.0,0.0,0.0,1.0,1.0,0.0,0.0,0.0,1.0,0.0,0.0,1.0,0.0,0.0,0.0,0.0,1.0,27.830056762695328,87.84009987967355,0.8114285679267985,23.8,99.47,0.728151113212237,12.860763614518282
GALAPA,2020,6,23,1,0.0,1.0,0.0,0.0,0.0,0.0,0.0,1.0,0.0,0.0,0.0,0.0,0.0,1.0,0.0,1.0,0.0,0.0,1.0,0.0,1.0,0.0,0.0,1.0,0.0,0.0,1.0,0.0,0.0,0.0,0.0,1.0,28.171040562221,88.83838980538505,7.342857011726925,23.82,99.41,0.728151113212237,12.860763614518282
GALAPA,2020,6,23,1,0.0,1.0,0.0,0.0,0.0,0.0,0.0,1.0,0.0,0.0,0.0,0.0,0.0,1.0,0.0,1.0,0.0,0.0,1.0,0.0,1.0,0.0,0.0,1.0,0.0,0.0,1.0,0.0,0.0,0.0,0.0,1.0,28.171040562221,88.83838980538505,7.342857011726925,23.8,99.47,0.728151113212237,12.860763614518282
GALAPA,2020,6,24,1,0.0,1.0,0.0,0.0,0.0,0.0,0.0,1.0,0.0,0.0,0.0,0.0,0.0,1.0,0.0,1.0,0.0,0.0,1.0,0.0,1.0,0.0,0.0,1.0,0.0,0.0,1.0,0.0,0.0,0.0,0.0,1.0,27.60128173828127,89.15570068359375,5.199999932731901,23.82,99.41,0.728151113212237,12.860763614518282
GALAPA,2020,6,24,1,0.0,1.0,0.0,0.0,0.0,0.0,0.0,1.0,0.0,0.0,0.0,0.0,0.0,1.0,0.0,1.0,0.0,0.0,1.0,0.0,1.0,0.0,0.0,1.0,0.0,0.0,1.0,0.0,0.0,0.0,0.0,1.0,27.60128173828127,89.15570068359375,5.199999932731901,23.8,99.47,0.728151113212237,12.860763614518282
GALAPA,2020,12,47,1,0.0,0.0,0.0,0.0,1.0,0.0,0.0,1.0,0.0,0.0,0.0,0.0,0.0,1.0,0.0,1.0,0.0,0.0,1.0,1.0,0.0,0.0,0.0,1.0,0.0,0.0,1.0,0.0,0.0,0.0,0.0,1.0,26.715735735212068,92.17775399344308,5.047142820698874,23.82,99.41,0.728151113212237,12.860763614518282
GALAPA,2020,12,47,1,0.0,0.0,0.0,0.0,1.0,0.0,0.0,1.0,0.0,0.0,0.0,0.0,0.0,1.0,0.0,1.0,0.0,0.0,1.0,1.0,0.0,0.0,0.0,1.0,0.0,0.0,1.0,0.0,0.0,0.0,0.0,1.0,26.715735735212068,92.17775399344308,5.047142820698874,23.8,99.47,0.728151113212237,12.860763614518282
GALAPA,2020,14,53,2,0.5,0.5,0.0,0.0,0.0,0.0,0.0,0.5,0.0,0.0,0.0,0.0,0.5,1.0,0.0,0.0,1.0,0.0,1.0,0.5,0.5,0.0,0.0,1.0,0.0,0.0,1.0,0.0,0.0,0.0,0.0,1.0,26.95234832763674,84.80998992919922,0.0,23.82,99.41,0.728151113212237,12.860763614518282
GALAPA,2020,14,53,2,0.5,0.5,0.0,0.0,0.0,0.0,0.0,0.5,0.0,0.0,0.0,0.0,0.5,1.0,0.0,0.0,1.0,0.0,1.0,0.5,0.5,0.0,0.0,1.0,0.0,0.0,1.0,0.0,0.0,0.0,0.0,1.0,26.95234832763674,84.80998992919922,0.0,23.8,99.47,0.728151113212237,12.860763614518282
GALAPA,2021,1,1,3,0.0,0.3333333333333333,0.3333333333333333,0.0,0.3333333333333333,0.0,0.0,0.3333333333333333,0.0,0.0,0.0,0.0,0.6666666666666666,0.6666666666666666,0.3333333333333333,0.3333333333333333,0.6666666666666666,0.0,1.0,0.0,1.0,0.0,0.0,1.0,0.0,0.0,1.0,0.0,0.0,0.6666666666666666,0.0,0.3333333333333333,26.778976876395117,86.24167851039341,0.0,23.88,99.49,0.728151113212237,12.860763614518282
GALAPA,2021,1,1,3,0.0,0.3333333333333333,0.3333333333333333,0.0,0.3333333333333333,0.0,0.0,0.3333333333333333,0.0,0.0,0.0,0.0,0.6666666666666666,0.6666666666666666,0.3333333333333333,0.3333333333333333,0.6666666666666666,0.0,1.0,0.0,1.0,0.0,0.0,1.0,0.0,0.0,1.0,0.0,0.0,0.6666666666666666,0.0,0.3333333333333333,26.778976876395117,86.24167851039341,0.0,23.7,99.17,0.728151113212237,12.860763614518282
GALAPA,2021,1,2,2,0.5,0.0,0.0,0.0,0.0,0.0,0.5,0.5,0.0,0.0,0.0,0.0,0.5,1.0,0.0,0.5,0.5,0.0,1.0,0.5,0.5,0.0,0.0,1.0,0.0,0.0,1.0,0.0,0.0,0.0,0.0,1.0,27.07212001255582,86.55992780412946,0.0685714302318436,23.88,99.49,0.728151113212237,12.860763614518282
GALAPA,2021,1,2,2,0.5,0.0,0.0,0.0,0.0,0.0,0.5,0.5,0.0,0.0,0.0,0.0,0.5,1.0,0.0,0.5,0.5,0.0,1.0,0.5,0.5,0.0,0.0,1.0,0.0,0.0,1.0,0.0,0.0,0.0,0.0,1.0,27.07212001255582,86.55992780412946,0.0685714302318436,23.7,99.17,0.728151113212237,12.860763614518282
GALAPA,2021,1,4,2,0.5,0.0,0.0,0.0,0.0,0.0,0.5,0.5,0.0,0.0,0.0,0.0,0.5,1.0,0.0,0.0,1.0,0.0,1.0,1.0,0.0,0.0,0.0,1.0,0.0,0.0,1.0,0.0,0.0,0.0,0.0,1.0,26.709675816127252,85.74885777064732,0.0,23.88,99.49,0.728151113212237,12.860763614518282
GALAPA,2021,1,4,2,0.5,0.0,0.0,0.0,0.0,0.0,0.5,0.5,0.0,0.0,0.0,0.0,0.5,1.0,0.0,0.0,1.0,0.0,1.0,1.0,0.0,0.0,0.0,1.0,0.0,0.0,1.0,0.0,0.0,0.0,0.0,1.0,26.709675816127252,85.74885777064732,0.0,23.7,99.17,0.728151113212237,12.860763614518282
GALAPA,2021,2,5,2,0.5,0.5,0.0,0.0,0.0,0.0,0.0,1.0,0.0,0.0,0.0,0.0,0.0,1.0,0.0,0.0,1.0,0.0,1.0,0.0,1.0,0.0,0.0,1.0,0.0,0.0,1.0,0.0,0.0,0.5,0.0,0.5,26.55938982282368,86.10015542166573,0.0,23.88,99.49,0.728151113212237,12.860763614518282
GALAPA,2021,2,5,2,0.5,0.5,0.0,0.0,0.0,0.0,0.0,1.0,0.0,0.0,0.0,0.0,0.0,1.0,0.0,0.0,1.0,0.0,1.0,0.0,1.0,0.0,0.0,1.0,0.0,0.0,1.0,0.0,0.0,0.5,0.0,0.5,26.55938982282368,86.10015542166573,0.0,23.7,99.17,0.728151113212237,12.860763614518282
GALAPA,2021,2,7,1,0.0,0.0,0.0,0.0,1.0,0.0,0.0,0.0,0.0,0.0,0.0,1.0,0.0,0.0,1.0,0.0,1.0,0.0,1.0,0.0,1.0,0.0,0.0,1.0,0.0,0.0,1.0,0.0,0.0,0.0,0.0,1.0,27.66934247698105,84.11405072893415,1.8228571436234884,23.88,99.49,0.728151113212237,12.860763614518282
GALAPA,2021,2,7,1,0.0,0.0,0.0,0.0,1.0,0.0,0.0,0.0,0.0,0.0,0.0,1.0,0.0,0.0,1.0,0.0,1.0,0.0,1.0,0.0,1.0,0.0,0.0,1.0,0.0,0.0,1.0,0.0,0.0,0.0,0.0,1.0,27.66934247698105,84.11405072893415,1.8228571436234884,23.7,99.17,0.728151113212237,12.860763614518282
GALAPA,2021,6,21,1,0.0,0.0,0.0,0.0,0.0,0.0,1.0,1.0,0.0,0.0,0.0,0.0,0.0,1.0,0.0,1.0,0.0,0.0,1.0,1.0,0.0,0.0,0.0,1.0,0.0,0.0,1.0,0.0,0.0,0.0,0.0,1.0,27.99329528808596,87.98993464878627,13.068571396172048,23.88,99.49,0.728151113212237,12.860763614518282
GALAPA,2021,6,21,1,0.0,0.0,0.0,0.0,0.0,0.0,1.0,1.0,0.0,0.0,0.0,0.0,0.0,1.0,0.0,1.0,0.0,0.0,1.0,1.0,0.0,0.0,0.0,1.0,0.0,0.0,1.0,0.0,0.0,0.0,0.0,1.0,27.99329528808596,87.98993464878627,13.068571396172048,23.7,99.17,0.728151113212237,12.860763614518282
GALAPA,2021,8,29,1,0.0,0.0,1.0,0.0,0.0,0.0,0.0,1.0,0.0,0.0,0.0,0.0,0.0,1.0,0.0,0.0,1.0,0.0,1.0,1.0,0.0,0.0,0.0,1.0,0.0,0.0,1.0,0.0,0.0,0.0,0.0,1.0,27.47986537388395,90.4977035522461,0.5528571549803019,23.88,99.49,0.728151113212237,12.860763614518282
GALAPA,2021,8,29,1,0.0,0.0,1.0,0.0,0.0,0.0,0.0,1.0,0.0,0.0,0.0,0.0,0.0,1.0,0.0,0.0,1.0,0.0,1.0,1.0,0.0,0.0,0.0,1.0,0.0,0.0,1.0,0.0,0.0,0.0,0.0,1.0,27.47986537388395,90.4977035522461,0.5528571549803019,23.7,99.17,0.728151113212237,12.860763614518282
GALAPA,2021,9,34,1,0.0,1.0,0.0,0.0,0.0,0.0,0.0,1.0,0.0,0.0,0.0,0.0,0.0,1.0,0.0,0.0,1.0,0.0,1.0,0.0,1.0,0.0,0.0,1.0,0.0,0.0,1.0,0.0,0.0,1.0,0.0,0.0,26.58623875209265,93.8510022844587,12.99714309828622,23.88,99.49,0.728151113212237,12.860763614518282
GALAPA,2021,9,34,1,0.0,1.0,0.0,0.0,0.0,0.0,0.0,1.0,0.0,0.0,0.0,0.0,0.0,1.0,0.0,0.0,1.0,0.0,1.0,0.0,1.0,0.0,0.0,1.0,0.0,0.0,1.0,0.0,0.0,1.0,0.0,0.0,26.58623875209265,93.8510022844587,12.99714309828622,23.7,99.17,0.728151113212237,12.860763614518282
GALAPA,2021,9,35,1,1.0,0.0,0.0,0.0,0.0,0.0,0.0,1.0,0.0,0.0,0.0,0.0,0.0,1.0,0.0,1.0,0.0,0.0,1.0,1.0,0.0,0.0,0.0,1.0,0.0,0.0,1.0,0.0,0.0,0.0,0.0,1.0,26.55789882114957,93.84700012207033,12.034285873174667,23.88,99.49,0.728151113212237,12.860763614518282
GALAPA,2021,9,35,1,1.0,0.0,0.0,0.0,0.0,0.0,0.0,1.0,0.0,0.0,0.0,0.0,0.0,1.0,0.0,1.0,0.0,0.0,1.0,1.0,0.0,0.0,0.0,1.0,0.0,0.0,1.0,0.0,0.0,0.0,0.0,1.0,26.55789882114957,93.84700012207033,12.034285873174667,23.7,99.17,0.728151113212237,12.860763614518282
GALAPA,2021,9,36,4,0.25,0.5,0.0,0.0,0.25,0.0,0.0,0.5,0.0,0.0,0.0,0.0,0.5,1.0,0.0,0.0,1.0,0.0,1.0,1.0,0.0,0.0,0.0,1.0,0.0,0.0,1.0,0.0,0.0,0.5,0.0,0.5,26.6550013950893,94.23338971819196,13.33285733631679,23.88,99.49,0.728151113212237,12.860763614518282
GALAPA,2021,9,36,4,0.25,0.5,0.0,0.0,0.25,0.0,0.0,0.5,0.0,0.0,0.0,0.0,0.5,1.0,0.0,0.0,1.0,0.0,1.0,1.0,0.0,0.0,0.0,1.0,0.0,0.0,1.0,0.0,0.0,0.5,0.0,0.5,26.6550013950893,94.23338971819196,13.33285733631679,23.7,99.17,0.728151113212237,12.860763614518282
GALAPA,2021,10,37,4,0.5,0.5,0.0,0.0,0.0,0.0,0.0,0.0,0.0,0.0,0.0,0.0,1.0,1.0,0.0,0.5,0.5,0.0,1.0,0.5,0.5,0.0,0.0,1.0,0.0,0.0,1.0,0.0,0.0,0.0,0.0,1.0,26.92678876604355,92.9481691632952,9.298571399280004,23.88,99.49,0.728151113212237,12.860763614518282
GALAPA,2021,10,37,4,0.5,0.5,0.0,0.0,0.0,0.0,0.0,0.0,0.0,0.0,0.0,0.0,1.0,1.0,0.0,0.5,0.5,0.0,1.0,0.5,0.5,0.0,0.0,1.0,0.0,0.0,1.0,0.0,0.0,0.0,0.0,1.0,26.92678876604355,92.9481691632952,9.298571399280004,23.7,99.17,0.728151113212237,12.860763614518282
GALAPA,2021,10,38,9,0.6666666666666666,0.2222222222222222,0.0,0.0,0.1111111111111111,0.0,0.0,0.1111111111111111,0.0,0.0,0.0,0.0,0.8888888888888888,1.0,0.0,0.4444444444444444,0.5555555555555556,0.0,1.0,0.7777777777777778,0.2222222222222222,0.0,0.0,1.0,0.0,0.0,1.0,0.0,0.0,0.0,0.0,1.0,27.099507359096005,92.36533791678292,6.651428646274975,23.88,99.49,0.728151113212237,12.860763614518282
GALAPA,2021,10,38,9,0.6666666666666666,0.2222222222222222,0.0,0.0,0.1111111111111111,0.0,0.0,0.1111111111111111,0.0,0.0,0.0,0.0,0.8888888888888888,1.0,0.0,0.4444444444444444,0.5555555555555556,0.0,1.0,0.7777777777777778,0.2222222222222222,0.0,0.0,1.0,0.0,0.0,1.0,0.0,0.0,0.0,0.0,1.0,27.099507359096005,92.36533791678292,6.651428646274975,23.7,99.17,0.728151113212237,12.860763614518282
GALAPA,2021,10,39,6,0.3333333333333333,0.1666666666666666,0.0,0.0,0.5,0.0,0.0,0.3333333333333333,0.0,0.0,0.0,0.0,0.6666666666666666,1.0,0.0,0.5,0.5,0.0,1.0,0.3333333333333333,0.6666666666666666,0.0,0.0,1.0,0.0,0.0,1.0,0.0,0.0,0.0,0.0,1.0,27.047849818638408,92.32904706682476,8.758571654558182,23.88,99.49,0.728151113212237,12.860763614518282
GALAPA,2021,10,39,6,0.3333333333333333,0.1666666666666666,0.0,0.0,0.5,0.0,0.0,0.3333333333333333,0.0,0.0,0.0,0.0,0.6666666666666666,1.0,0.0,0.5,0.5,0.0,1.0,0.3333333333333333,0.6666666666666666,0.0,0.0,1.0,0.0,0.0,1.0,0.0,0.0,0.0,0.0,1.0,27.047849818638408,92.32904706682476,8.758571654558182,23.7,99.17,0.728151113212237,12.860763614518282
GALAPA,2021,10,40,10,0.6,0.1,0.0,0.0,0.2,0.0,0.1,0.6,0.0,0.0,0.0,0.1,0.3,1.0,0.0,0.7,0.3,0.0,1.0,0.4,0.6,0.0,0.0,1.0,0.0,0.0,1.0,0.0,0.0,0.2,0.0,0.8,27.0104439871652,94.04231807163784,6.682857002530779,23.88,99.49,0.728151113212237,12.860763614518282
GALAPA,2021,10,40,10,0.6,0.1,0.0,0.0,0.2,0.0,0.1,0.6,0.0,0.0,0.0,0.1,0.3,1.0,0.0,0.7,0.3,0.0,1.0,0.4,0.6,0.0,0.0,1.0,0.0,0.0,1.0,0.0,0.0,0.2,0.0,0.8,27.0104439871652,94.04231807163784,6.682857002530779,23.7,99.17,0.728151113212237,12.860763614518282
GALAPA,2021,11,41,6,0.8333333333333334,0.0,0.0,0.0,0.1666666666666666,0.0,0.0,0.3333333333333333,0.0,0.0,0.0,0.0,0.6666666666666666,1.0,0.0,0.1666666666666666,0.8333333333333334,0.0,1.0,0.0,1.0,0.0,0.0,1.0,0.0,0.0,0.8333333333333334,0.1666666666666666,0.0,0.1666666666666666,0.0,0.8333333333333334,26.861005946568103,92.77532632010325,12.037142753601074,23.88,99.49,0.728151113212237,12.860763614518282
GALAPA,2021,11,41,6,0.8333333333333334,0.0,0.0,0.0,0.1666666666666666,0.0,0.0,0.3333333333333333,0.0,0.0,0.0,0.0,0.6666666666666666,1.0,0.0,0.1666666666666666,0.8333333333333334,0.0,1.0,0.0,1.0,0.0,0.0,1.0,0.0,0.0,0.8333333333333334,0.1666666666666666,0.0,0.1666666666666666,0.0,0.8333333333333334,26.861005946568103,92.77532632010325,12.037142753601074,23.7,99.17,0.728151113212237,12.860763614518282
GALAPA,2021,11,42,8,0.5,0.25,0.0,0.0,0.125,0.0,0.125,0.25,0.0,0.0,0.0,0.125,0.625,0.875,0.125,0.5,0.5,0.0,1.0,0.625,0.375,0.0,0.0,1.0,0.0,0.0,0.875,0.125,0.0,0.125,0.0,0.875,26.71761474609377,93.60796356201172,11.32428571156093,23.88,99.49,0.728151113212237,12.860763614518282
GALAPA,2021,11,42,8,0.5,0.25,0.0,0.0,0.125,0.0,0.125,0.25,0.0,0.0,0.0,0.125,0.625,0.875,0.125,0.5,0.5,0.0,1.0,0.625,0.375,0.0,0.0,1.0,0.0,0.0,0.875,0.125,0.0,0.125,0.0,0.875,26.71761474609377,93.60796356201172,11.32428571156093,23.7,99.17,0.728151113212237,12.860763614518282
GALAPA,2021,11,43,10,0.3,0.5,0.0,0.0,0.2,0.0,0.0,0.4,0.0,0.0,0.0,0.0,0.6,0.9,0.1,0.3,0.7,0.0,1.0,0.2,0.8,0.0,0.0,1.0,0.0,0.0,1.0,0.0,0.0,0.0,0.0,1.0,26.70740879603797,93.26585497174943,14.708571451050895,23.88,99.49,0.728151113212237,12.860763614518282
GALAPA,2021,11,43,10,0.3,0.5,0.0,0.0,0.2,0.0,0.0,0.4,0.0,0.0,0.0,0.0,0.6,0.9,0.1,0.3,0.7,0.0,1.0,0.2,0.8,0.0,0.0,1.0,0.0,0.0,1.0,0.0,0.0,0.0,0.0,1.0,26.70740879603797,93.26585497174943,14.708571451050895,23.7,99.17,0.728151113212237,12.860763614518282
GALAPA,2021,11,44,4,0.5,0.5,0.0,0.0,0.0,0.0,0.0,0.25,0.0,0.0,0.0,0.0,0.75,1.0,0.0,0.5,0.5,0.0,1.0,0.75,0.25,0.0,0.0,1.0,0.0,0.0,1.0,0.0,0.0,0.25,0.0,0.75,26.106140572684165,92.11319405691964,10.682857172829763,23.88,99.49,0.728151113212237,12.860763614518282
GALAPA,2021,11,44,4,0.5,0.5,0.0,0.0,0.0,0.0,0.0,0.25,0.0,0.0,0.0,0.0,0.75,1.0,0.0,0.5,0.5,0.0,1.0,0.75,0.25,0.0,0.0,1.0,0.0,0.0,1.0,0.0,0.0,0.25,0.0,0.75,26.106140572684165,92.11319405691964,10.682857172829763,23.7,99.17,0.728151113212237,12.860763614518282
GALAPA,2021,12,45,13,0.5384615384615384,0.1538461538461538,0.0,0.0,0.2307692307692307,0.0,0.0769230769230769,0.3846153846153846,0.0,0.0,0.0,0.0,0.6153846153846154,1.0,0.0,0.6923076923076923,0.3076923076923077,0.0,1.0,0.3846153846153846,0.6153846153846154,0.0,0.0,1.0,0.0,0.0,0.9230769230769232,0.0769230769230769,0.0,0.1538461538461538,0.0,0.8461538461538461,27.208027866908505,89.32349177769252,2.864285707473755,23.88,99.49,0.728151113212237,12.860763614518282
GALAPA,2021,12,45,13,0.5384615384615384,0.1538461538461538,0.0,0.0,0.2307692307692307,0.0,0.0769230769230769,0.3846153846153846,0.0,0.0,0.0,0.0,0.6153846153846154,1.0,0.0,0.6923076923076923,0.3076923076923077,0.0,1.0,0.3846153846153846,0.6153846153846154,0.0,0.0,1.0,0.0,0.0,0.9230769230769232,0.0769230769230769,0.0,0.1538461538461538,0.0,0.8461538461538461,27.208027866908505,89.32349177769252,2.864285707473755,23.7,99.17,0.728151113212237,12.860763614518282
GALAPA,2021,12,46,10,0.7,0.2,0.0,0.0,0.1,0.0,0.0,0.6,0.0,0.0,0.0,0.0,0.4,1.0,0.0,0.4,0.6,0.0,1.0,0.4,0.6,0.0,0.0,1.0,0.0,0.0,1.0,0.0,0.0,0.2,0.0,0.8,27.24000374930248,89.50742558070591,2.714285716946636,23.88,99.49,0.728151113212237,12.860763614518282
GALAPA,2021,12,46,10,0.7,0.2,0.0,0.0,0.1,0.0,0.0,0.6,0.0,0.0,0.0,0.0,0.4,1.0,0.0,0.4,0.6,0.0,1.0,0.4,0.6,0.0,0.0,1.0,0.0,0.0,1.0,0.0,0.0,0.2,0.0,0.8,27.24000374930248,89.50742558070591,2.714285716946636,23.7,99.17,0.728151113212237,12.860763614518282
GALAPA,2021,12,47,10,0.4,0.3,0.0,0.0,0.2,0.0,0.1,0.6,0.0,0.1,0.0,0.0,0.3,1.0,0.0,0.6,0.4,0.0,1.0,0.4,0.6,0.0,0.0,1.0,0.0,0.0,1.0,0.0,0.0,0.5,0.0,0.5,26.727236502511182,91.24485996791294,3.6257143329296793,23.88,99.49,0.728151113212237,12.860763614518282
GALAPA,2021,12,47,10,0.4,0.3,0.0,0.0,0.2,0.0,0.1,0.6,0.0,0.1,0.0,0.0,0.3,1.0,0.0,0.6,0.4,0.0,1.0,0.4,0.6,0.0,0.0,1.0,0.0,0.0,1.0,0.0,0.0,0.5,0.0,0.5,26.727236502511182,91.24485996791294,3.6257143329296793,23.7,99.17,0.728151113212237,12.860763614518282
GALAPA,2021,12,48,16,0.3125,0.3125,0.0625,0.0,0.25,0.0,0.0625,0.4375,0.0,0.0,0.0,0.0,0.5625,1.0,0.0,0.6875,0.3125,0.0,1.0,0.5625,0.4375,0.0,0.0,1.0,0.0,0.0,0.9375,0.0625,0.0,0.125,0.0,0.875,26.85921630859377,90.08233751569476,6.581428595951626,23.88,99.49,0.728151113212237,12.860763614518282
GALAPA,2021,12,48,16,0.3125,0.3125,0.0625,0.0,0.25,0.0,0.0625,0.4375,0.0,0.0,0.0,0.0,0.5625,1.0,0.0,0.6875,0.3125,0.0,1.0,0.5625,0.4375,0.0,0.0,1.0,0.0,0.0,0.9375,0.0625,0.0,0.125,0.0,0.875,26.85921630859377,90.08233751569476,6.581428595951626,23.7,99.17,0.728151113212237,12.860763614518282
GALAPA,2021,13,49,7,0.1428571428571428,0.5714285714285714,0.0,0.0,0.2857142857142857,0.0,0.0,0.2857142857142857,0.0,0.0,0.0,0.1428571428571428,0.5714285714285714,0.8571428571428571,0.1428571428571428,0.2857142857142857,0.7142857142857143,0.0,1.0,0.5714285714285714,0.4285714285714285,0.0,0.0,1.0,0.0,0.0,0.8571428571428571,0.1428571428571428,0.0,0.1428571428571428,0.0,0.8571428571428571,27.25369088309154,87.81802586146763,0.0,23.88,99.49,0.728151113212237,12.860763614518282
GALAPA,2021,13,49,7,0.1428571428571428,0.5714285714285714,0.0,0.0,0.2857142857142857,0.0,0.0,0.2857142857142857,0.0,0.0,0.0,0.1428571428571428,0.5714285714285714,0.8571428571428571,0.1428571428571428,0.2857142857142857,0.7142857142857143,0.0,1.0,0.5714285714285714,0.4285714285714285,0.0,0.0,1.0,0.0,0.0,0.8571428571428571,0.1428571428571428,0.0,0.1428571428571428,0.0,0.8571428571428571,27.25369088309154,87.81802586146763,0.0,23.7,99.17,0.728151113212237,12.860763614518282
GALAPA,2021,13,50,14,0.4285714285714285,0.2857142857142857,0.0,0.0,0.2857142857142857,0.0,0.0,0.4285714285714285,0.0,0.0,0.0,0.1428571428571428,0.4285714285714285,1.0,0.0,0.6428571428571429,0.3571428571428571,0.0,1.0,0.4285714285714285,0.5714285714285714,0.0,0.0,1.0,0.0,0.0,0.8571428571428571,0.1428571428571428,0.0,0.2142857142857142,0.0,0.7857142857142857,26.783345249720988,88.211667742048,0.1728571421865905,23.88,99.49,0.728151113212237,12.860763614518282
GALAPA,2021,13,50,14,0.4285714285714285,0.2857142857142857,0.0,0.0,0.2857142857142857,0.0,0.0,0.4285714285714285,0.0,0.0,0.0,0.1428571428571428,0.4285714285714285,1.0,0.0,0.6428571428571429,0.3571428571428571,0.0,1.0,0.4285714285714285,0.5714285714285714,0.0,0.0,1.0,0.0,0.0,0.8571428571428571,0.1428571428571428,0.0,0.2142857142857142,0.0,0.7857142857142857,26.783345249720988,88.211667742048,0.1728571421865905,23.7,99.17,0.728151113212237,12.860763614518282
GALAPA,2021,13,51,10,0.5,0.3,0.0,0.0,0.2,0.0,0.0,0.5,0.0,0.0,0.0,0.0,0.5,1.0,0.0,0.5,0.5,0.0,1.0,0.5,0.5,0.0,0.0,1.0,0.0,0.0,1.0,0.0,0.0,0.1,0.0,0.9,26.83437282017301,89.68365042550224,2.177142838548337,23.88,99.49,0.728151113212237,12.860763614518282
GALAPA,2021,13,51,10,0.5,0.3,0.0,0.0,0.2,0.0,0.0,0.5,0.0,0.0,0.0,0.0,0.5,1.0,0.0,0.5,0.5,0.0,1.0,0.5,0.5,0.0,0.0,1.0,0.0,0.0,1.0,0.0,0.0,0.1,0.0,0.9,26.83437282017301,89.68365042550224,2.177142838548337,23.7,99.17,0.728151113212237,12.860763614518282
GALAPA,2021,13,52,11,0.2727272727272727,0.2727272727272727,0.0,0.0,0.4545454545454545,0.0,0.0,0.5454545454545454,0.0,0.0,0.0,0.0,0.4545454545454545,0.9090909090909092,0.0909090909090909,0.1818181818181818,0.8181818181818182,0.0,1.0,0.6363636363636364,0.3636363636363636,0.0,0.0,1.0,0.0,0.0,1.0,0.0,0.0,0.3636363636363636,0.0,0.6363636363636364,27.19778050013953,87.69587162562779,1.1442857142537832,23.88,99.49,0.728151113212237,12.860763614518282
GALAPA,2021,13,52,11,0.2727272727272727,0.2727272727272727,0.0,0.0,0.4545454545454545,0.0,0.0,0.5454545454545454,0.0,0.0,0.0,0.0,0.4545454545454545,0.9090909090909092,0.0909090909090909,0.1818181818181818,0.8181818181818182,0.0,1.0,0.6363636363636364,0.3636363636363636,0.0,0.0,1.0,0.0,0.0,1.0,0.0,0.0,0.3636363636363636,0.0,0.6363636363636364,27.19778050013953,87.69587162562779,1.1442857142537832,23.7,99.17,0.728151113212237,12.860763614518282
GALAPA,2022,1,1,7,0.5714285714285714,0.2857142857142857,0.0,0.0,0.1428571428571428,0.0,0.0,0.5714285714285714,0.0,0.0,0.0,0.0,0.4285714285714285,0.8571428571428571,0.1428571428571428,0.2857142857142857,0.7142857142857143,0.0,1.0,0.5714285714285714,0.4285714285714285,0.0,0.0,1.0,0.0,0.0,1.0,0.0,0.0,0.1428571428571428,0.0,0.8571428571428571,26.765638514927478,85.57161494663784,0.0,23.84,99.44,0.728151113212237,12.860763614518282
GALAPA,2022,1,1,7,0.5714285714285714,0.2857142857142857,0.0,0.0,0.1428571428571428,0.0,0.0,0.5714285714285714,0.0,0.0,0.0,0.0,0.4285714285714285,0.8571428571428571,0.1428571428571428,0.2857142857142857,0.7142857142857143,0.0,1.0,0.5714285714285714,0.4285714285714285,0.0,0.0,1.0,0.0,0.0,1.0,0.0,0.0,0.1428571428571428,0.0,0.8571428571428571,26.765638514927478,85.57161494663784,0.0,23.45,98.22,0.728151113212237,12.860763614518282
GALAPA,2022,1,2,9,0.2222222222222222,0.3333333333333333,0.0,0.0,0.2222222222222222,0.0,0.2222222222222222,0.6666666666666666,0.0,0.0,0.0,0.1111111111111111,0.2222222222222222,1.0,0.0,0.4444444444444444,0.5555555555555556,0.0,1.0,0.2222222222222222,0.7777777777777778,0.0,0.0,1.0,0.0,0.0,1.0,0.0,0.0,0.1111111111111111,0.0,0.8888888888888888,26.530605207170776,86.08451080322266,3.032857143453189,23.84,99.44,0.728151113212237,12.860763614518282
GALAPA,2022,1,2,9,0.2222222222222222,0.3333333333333333,0.0,0.0,0.2222222222222222,0.0,0.2222222222222222,0.6666666666666666,0.0,0.0,0.0,0.1111111111111111,0.2222222222222222,1.0,0.0,0.4444444444444444,0.5555555555555556,0.0,1.0,0.2222222222222222,0.7777777777777778,0.0,0.0,1.0,0.0,0.0,1.0,0.0,0.0,0.1111111111111111,0.0,0.8888888888888888,26.530605207170776,86.08451080322266,3.032857143453189,23.45,98.22,0.728151113212237,12.860763614518282
GALAPA,2022,1,3,3,0.6666666666666666,0.0,0.0,0.0,0.0,0.0,0.3333333333333333,0.6666666666666666,0.0,0.0,0.0,0.0,0.3333333333333333,1.0,0.0,0.3333333333333333,0.6666666666666666,0.0,1.0,0.3333333333333333,0.6666666666666666,0.0,0.0,1.0,0.0,0.0,1.0,0.0,0.0,0.0,0.0,1.0,26.942071533203148,86.10962459019252,0.0,23.84,99.44,0.728151113212237,12.860763614518282
GALAPA,2022,1,3,3,0.6666666666666666,0.0,0.0,0.0,0.0,0.0,0.3333333333333333,0.6666666666666666,0.0,0.0,0.0,0.0,0.3333333333333333,1.0,0.0,0.3333333333333333,0.6666666666666666,0.0,1.0,0.3333333333333333,0.6666666666666666,0.0,0.0,1.0,0.0,0.0,1.0,0.0,0.0,0.0,0.0,1.0,26.942071533203148,86.10962459019252,0.0,23.45,98.22,0.728151113212237,12.860763614518282
GALAPA,2022,1,4,2,0.5,0.0,0.0,0.0,0.5,0.0,0.0,1.0,0.0,0.0,0.0,0.0,0.0,1.0,0.0,0.0,1.0,0.0,1.0,0.5,0.5,0.0,0.0,1.0,0.0,0.0,1.0,0.0,0.0,0.5,0.0,0.5,26.83952593122212,85.33892495291573,0.8571428571428571,23.84,99.44,0.728151113212237,12.860763614518282
GALAPA,2022,1,4,2,0.5,0.0,0.0,0.0,0.5,0.0,0.0,1.0,0.0,0.0,0.0,0.0,0.0,1.0,0.0,0.0,1.0,0.0,1.0,0.5,0.5,0.0,0.0,1.0,0.0,0.0,1.0,0.0,0.0,0.5,0.0,0.5,26.83952593122212,85.33892495291573,0.8571428571428571,23.45,98.22,0.728151113212237,12.860763614518282
GALAPA,2022,2,5,1,1.0,0.0,0.0,0.0,0.0,0.0,0.0,1.0,0.0,0.0,0.0,0.0,0.0,0.0,1.0,0.0,1.0,0.0,1.0,0.0,1.0,0.0,0.0,1.0,0.0,0.0,1.0,0.0,0.0,0.0,0.0,1.0,27.06623447963172,84.69364166259766,3.000000136239188,23.84,99.44,0.728151113212237,12.860763614518282
GALAPA,2022,2,5,1,1.0,0.0,0.0,0.0,0.0,0.0,0.0,1.0,0.0,0.0,0.0,0.0,0.0,0.0,1.0,0.0,1.0,0.0,1.0,0.0,1.0,0.0,0.0,1.0,0.0,0.0,1.0,0.0,0.0,0.0,0.0,1.0,27.06623447963172,84.69364166259766,3.000000136239188,23.45,98.22,0.728151113212237,12.860763614518282
GALAPA,2022,2,6,5,0.6,0.4,0.0,0.0,0.0,0.0,0.0,0.4,0.0,0.0,0.0,0.0,0.6,1.0,0.0,0.4,0.6,0.0,1.0,0.4,0.6,0.0,0.0,1.0,0.0,0.0,1.0,0.0,0.0,0.0,0.0,1.0,27.24817592075895,84.67948804582868,0.6771428582391569,23.84,99.44,0.728151113212237,12.860763614518282
GALAPA,2022,2,6,5,0.6,0.4,0.0,0.0,0.0,0.0,0.0,0.4,0.0,0.0,0.0,0.0,0.6,1.0,0.0,0.4,0.6,0.0,1.0,0.4,0.6,0.0,0.0,1.0,0.0,0.0,1.0,0.0,0.0,0.0,0.0,1.0,27.24817592075895,84.67948804582868,0.6771428582391569,23.45,98.22,0.728151113212237,12.860763614518282
GALAPA,2022,2,7,5,0.4,0.6,0.0,0.0,0.0,0.0,0.0,0.4,0.0,0.0,0.0,0.0,0.6,1.0,0.0,0.6,0.4,0.0,1.0,0.8,0.2,0.0,0.0,1.0,0.0,0.0,1.0,0.0,0.0,0.0,0.0,1.0,27.422884695870557,81.6033194405692,0.0,23.84,99.44,0.728151113212237,12.860763614518282
GALAPA,2022,2,7,5,0.4,0.6,0.0,0.0,0.0,0.0,0.0,0.4,0.0,0.0,0.0,0.0,0.6,1.0,0.0,0.6,0.4,0.0,1.0,0.8,0.2,0.0,0.0,1.0,0.0,0.0,1.0,0.0,0.0,0.0,0.0,1.0,27.422884695870557,81.6033194405692,0.0,23.45,98.22,0.728151113212237,12.860763614518282
GALAPA,2022,2,8,2,0.5,0.0,0.0,0.0,0.0,0.0,0.5,0.0,0.0,0.0,0.0,0.0,1.0,1.0,0.0,1.0,0.0,0.0,1.0,0.0,1.0,0.0,0.0,1.0,0.0,0.0,1.0,0.0,0.0,0.0,0.0,1.0,27.048444911411845,81.9004658290318,0.0071428572492939,23.84,99.44,0.728151113212237,12.860763614518282
GALAPA,2022,2,8,2,0.5,0.0,0.0,0.0,0.0,0.0,0.5,0.0,0.0,0.0,0.0,0.0,1.0,1.0,0.0,1.0,0.0,0.0,1.0,0.0,1.0,0.0,0.0,1.0,0.0,0.0,1.0,0.0,0.0,0.0,0.0,1.0,27.048444911411845,81.9004658290318,0.0071428572492939,23.45,98.22,0.728151113212237,12.860763614518282
GALAPA,2022,3,9,1,0.0,1.0,0.0,0.0,0.0,0.0,0.0,0.0,0.0,0.0,0.0,0.0,1.0,1.0,0.0,0.0,1.0,0.0,1.0,0.0,1.0,0.0,0.0,1.0,0.0,0.0,1.0,0.0,0.0,1.0,0.0,0.0,27.28538556780136,85.59784262520927,0.0785714284117732,23.84,99.44,0.728151113212237,12.860763614518282
GALAPA,2022,3,9,1,0.0,1.0,0.0,0.0,0.0,0.0,0.0,0.0,0.0,0.0,0.0,0.0,1.0,1.0,0.0,0.0,1.0,0.0,1.0,0.0,1.0,0.0,0.0,1.0,0.0,0.0,1.0,0.0,0.0,1.0,0.0,0.0,27.28538556780136,85.59784262520927,0.0785714284117732,23.45,98.22,0.728151113212237,12.860763614518282
GALAPA,2022,3,10,1,1.0,0.0,0.0,0.0,0.0,0.0,0.0,0.0,0.0,0.0,0.0,0.0,1.0,1.0,0.0,1.0,0.0,0.0,1.0,1.0,0.0,0.0,0.0,1.0,0.0,0.0,1.0,0.0,0.0,0.0,0.0,1.0,27.564200701032387,84.33072662353516,2.688571557402611,23.84,99.44,0.728151113212237,12.860763614518282
GALAPA,2022,3,10,1,1.0,0.0,0.0,0.0,0.0,0.0,0.0,0.0,0.0,0.0,0.0,0.0,1.0,1.0,0.0,1.0,0.0,0.0,1.0,1.0,0.0,0.0,0.0,1.0,0.0,0.0,1.0,0.0,0.0,0.0,0.0,1.0,27.564200701032387,84.33072662353516,2.688571557402611,23.45,98.22,0.728151113212237,12.860763614518282
GALAPA,2022,3,11,2,0.5,0.0,0.0,0.0,0.5,0.0,0.0,0.5,0.0,0.0,0.0,0.0,0.5,1.0,0.0,0.5,0.5,0.0,1.0,0.0,1.0,0.0,0.0,1.0,0.0,0.0,1.0,0.0,0.0,0.0,0.0,1.0,27.73382175990516,84.41023908342633,6.134285985891308,23.84,99.44,0.728151113212237,12.860763614518282
GALAPA,2022,3,11,2,0.5,0.0,0.0,0.0,0.5,0.0,0.0,0.5,0.0,0.0,0.0,0.0,0.5,1.0,0.0,0.5,0.5,0.0,1.0,0.0,1.0,0.0,0.0,1.0,0.0,0.0,1.0,0.0,0.0,0.0,0.0,1.0,27.73382175990516,84.41023908342633,6.134285985891308,23.45,98.22,0.728151113212237,12.860763614518282
GALAPA,2022,3,12,1,1.0,0.0,0.0,0.0,0.0,0.0,0.0,1.0,0.0,0.0,0.0,0.0,0.0,1.0,0.0,0.0,1.0,0.0,1.0,0.0,1.0,0.0,0.0,1.0,0.0,0.0,1.0,0.0,0.0,0.0,0.0,1.0,27.70813467843194,82.47157178606305,0.0028571427932807,23.84,99.44,0.728151113212237,12.860763614518282
GALAPA,2022,3,12,1,1.0,0.0,0.0,0.0,0.0,0.0,0.0,1.0,0.0,0.0,0.0,0.0,0.0,1.0,0.0,0.0,1.0,0.0,1.0,0.0,1.0,0.0,0.0,1.0,0.0,0.0,1.0,0.0,0.0,0.0,0.0,1.0,27.70813467843194,82.47157178606305,0.0028571427932807,23.45,98.22,0.728151113212237,12.860763614518282
GALAPA,2022,4,14,1,0.0,1.0,0.0,0.0,0.0,0.0,0.0,1.0,0.0,0.0,0.0,0.0,0.0,1.0,0.0,0.0,1.0,0.0,1.0,0.0,1.0,0.0,0.0,1.0,0.0,0.0,1.0,0.0,0.0,1.0,0.0,0.0,27.69183393205917,87.25704193115234,2.927142871277673,23.84,99.44,0.728151113212237,12.860763614518282
GALAPA,2022,4,14,1,0.0,1.0,0.0,0.0,0.0,0.0,0.0,1.0,0.0,0.0,0.0,0.0,0.0,1.0,0.0,0.0,1.0,0.0,1.0,0.0,1.0,0.0,0.0,1.0,0.0,0.0,1.0,0.0,0.0,1.0,0.0,0.0,27.69183393205917,87.25704193115234,2.927142871277673,23.45,98.22,0.728151113212237,12.860763614518282
GALAPA,2022,4,16,4,0.25,0.25,0.0,0.0,0.25,0.0,0.25,0.5,0.0,0.0,0.0,0.0,0.5,1.0,0.0,0.75,0.25,0.0,1.0,0.25,0.75,0.0,0.0,1.0,0.0,0.0,1.0,0.0,0.0,0.25,0.0,0.75,27.515573120117207,89.4079350062779,10.587142808096749,23.84,99.44,0.728151113212237,12.860763614518282
GALAPA,2022,4,16,4,0.25,0.25,0.0,0.0,0.25,0.0,0.25,0.5,0.0,0.0,0.0,0.0,0.5,1.0,0.0,0.75,0.25,0.0,1.0,0.25,0.75,0.0,0.0,1.0,0.0,0.0,1.0,0.0,0.0,0.25,0.0,0.75,27.515573120117207,89.4079350062779,10.587142808096749,23.45,98.22,0.728151113212237,12.860763614518282
GALAPA,2022,5,17,1,1.0,0.0,0.0,0.0,0.0,0.0,0.0,1.0,0.0,0.0,0.0,0.0,0.0,1.0,0.0,0.0,1.0,0.0,1.0,1.0,0.0,0.0,0.0,1.0,0.0,0.0,1.0,0.0,0.0,1.0,0.0,0.0,27.74856392996654,86.66163308279855,5.021428602082389,23.84,99.44,0.728151113212237,12.860763614518282
GALAPA,2022,5,17,1,1.0,0.0,0.0,0.0,0.0,0.0,0.0,1.0,0.0,0.0,0.0,0.0,0.0,1.0,0.0,0.0,1.0,0.0,1.0,1.0,0.0,0.0,0.0,1.0,0.0,0.0,1.0,0.0,0.0,1.0,0.0,0.0,27.74856392996654,86.66163308279855,5.021428602082389,23.45,98.22,0.728151113212237,12.860763614518282
GALAPA,2022,5,19,1,1.0,0.0,0.0,0.0,0.0,0.0,0.0,0.0,0.0,0.0,0.0,0.0,1.0,1.0,0.0,0.0,1.0,0.0,1.0,0.0,1.0,0.0,0.0,1.0,0.0,0.0,1.0,0.0,0.0,0.0,0.0,1.0,27.722578212193103,89.28518676757812,6.265714292015348,23.84,99.44,0.728151113212237,12.860763614518282
GALAPA,2022,5,19,1,1.0,0.0,0.0,0.0,0.0,0.0,0.0,0.0,0.0,0.0,0.0,0.0,1.0,1.0,0.0,0.0,1.0,0.0,1.0,0.0,1.0,0.0,0.0,1.0,0.0,0.0,1.0,0.0,0.0,0.0,0.0,1.0,27.722578212193103,89.28518676757812,6.265714292015348,23.45,98.22,0.728151113212237,12.860763614518282
GALAPA,2022,6,21,1,0.0,1.0,0.0,0.0,0.0,0.0,0.0,1.0,0.0,0.0,0.0,0.0,0.0,1.0,0.0,0.0,1.0,0.0,1.0,0.0,1.0,0.0,0.0,1.0,0.0,0.0,1.0,0.0,0.0,0.0,0.0,1.0,27.95748291015627,89.46820940290179,3.2685714789799283,23.84,99.44,0.728151113212237,12.860763614518282
GALAPA,2022,6,21,1,0.0,1.0,0.0,0.0,0.0,0.0,0.0,1.0,0.0,0.0,0.0,0.0,0.0,1.0,0.0,0.0,1.0,0.0,1.0,0.0,1.0,0.0,0.0,1.0,0.0,0.0,1.0,0.0,0.0,0.0,0.0,1.0,27.95748291015627,89.46820940290179,3.2685714789799283,23.45,98.22,0.728151113212237,12.860763614518282
GALAPA,2022,6,22,6,0.6666666666666666,0.3333333333333333,0.0,0.0,0.0,0.0,0.0,0.3333333333333333,0.0,0.0,0.0,0.0,0.6666666666666666,1.0,0.0,0.5,0.5,0.0,1.0,0.6666666666666666,0.3333333333333333,0.0,0.0,1.0,0.0,0.0,1.0,0.0,0.0,0.5,0.0,0.5,27.71204310825895,90.46119471958706,9.822857175554548,23.84,99.44,0.728151113212237,12.860763614518282
GALAPA,2022,6,22,6,0.6666666666666666,0.3333333333333333,0.0,0.0,0.0,0.0,0.0,0.3333333333333333,0.0,0.0,0.0,0.0,0.6666666666666666,1.0,0.0,0.5,0.5,0.0,1.0,0.6666666666666666,0.3333333333333333,0.0,0.0,1.0,0.0,0.0,1.0,0.0,0.0,0.5,0.0,0.5,27.71204310825895,90.46119471958706,9.822857175554548,23.45,98.22,0.728151113212237,12.860763614518282
GALAPA,2022,6,23,1,0.0,1.0,0.0,0.0,0.0,0.0,0.0,1.0,0.0,0.0,0.0,0.0,0.0,1.0,0.0,0.0,1.0,0.0,1.0,0.0,1.0,0.0,0.0,1.0,0.0,0.0,1.0,0.0,0.0,1.0,0.0,0.0,27.02423139299668,91.34553636823382,20.1614283152989,23.84,99.44,0.728151113212237,12.860763614518282
GALAPA,2022,6,23,1,0.0,1.0,0.0,0.0,0.0,0.0,0.0,1.0,0.0,0.0,0.0,0.0,0.0,1.0,0.0,0.0,1.0,0.0,1.0,0.0,1.0,0.0,0.0,1.0,0.0,0.0,1.0,0.0,0.0,1.0,0.0,0.0,27.02423139299668,91.34553636823382,20.1614283152989,23.45,98.22,0.728151113212237,12.860763614518282
GALAPA,2022,6,24,3,0.0,1.0,0.0,0.0,0.0,0.0,0.0,0.0,0.0,0.0,0.0,0.0,1.0,1.0,0.0,0.3333333333333333,0.6666666666666666,0.0,1.0,0.6666666666666666,0.3333333333333333,0.0,0.0,1.0,0.0,0.0,1.0,0.0,0.0,0.3333333333333333,0.0,0.6666666666666666,26.95460553850448,90.83490317208428,15.055714130401611,23.84,99.44,0.728151113212237,12.860763614518282
GALAPA,2022,6,24,3,0.0,1.0,0.0,0.0,0.0,0.0,0.0,0.0,0.0,0.0,0.0,0.0,1.0,1.0,0.0,0.3333333333333333,0.6666666666666666,0.0,1.0,0.6666666666666666,0.3333333333333333,0.0,0.0,1.0,0.0,0.0,1.0,0.0,0.0,0.3333333333333333,0.0,0.6666666666666666,26.95460553850448,90.83490317208428,15.055714130401611,23.45,98.22,0.728151113212237,12.860763614518282
GALAPA,2022,7,25,3,0.3333333333333333,0.3333333333333333,0.0,0.0,0.3333333333333333,0.0,0.0,0.0,0.0,0.0,0.0,0.0,1.0,0.6666666666666666,0.3333333333333333,0.6666666666666666,0.3333333333333333,0.0,1.0,1.0,0.0,0.0,0.0,1.0,0.0,0.0,1.0,0.0,0.0,0.0,0.0,1.0,27.005147007533505,91.21448843819756,13.668571404048375,23.84,99.44,0.728151113212237,12.860763614518282
GALAPA,2022,7,25,3,0.3333333333333333,0.3333333333333333,0.0,0.0,0.3333333333333333,0.0,0.0,0.0,0.0,0.0,0.0,0.0,1.0,0.6666666666666666,0.3333333333333333,0.6666666666666666,0.3333333333333333,0.0,1.0,1.0,0.0,0.0,0.0,1.0,0.0,0.0,1.0,0.0,0.0,0.0,0.0,1.0,27.005147007533505,91.21448843819756,13.668571404048375,23.45,98.22,0.728151113212237,12.860763614518282
GALAPA,2022,7,26,2,0.5,0.5,0.0,0.0,0.0,0.0,0.0,0.0,0.0,0.0,0.0,0.0,1.0,1.0,0.0,0.5,0.5,0.0,1.0,0.5,0.5,0.0,0.0,1.0,0.0,0.0,1.0,0.0,0.0,0.5,0.0,0.5,26.91953866141185,92.45186288016184,11.901428665433611,23.84,99.44,0.728151113212237,12.860763614518282
GALAPA,2022,7,26,2,0.5,0.5,0.0,0.0,0.0,0.0,0.0,0.0,0.0,0.0,0.0,0.0,1.0,1.0,0.0,0.5,0.5,0.0,1.0,0.5,0.5,0.0,0.0,1.0,0.0,0.0,1.0,0.0,0.0,0.5,0.0,0.5,26.91953866141185,92.45186288016184,11.901428665433611,23.45,98.22,0.728151113212237,12.860763614518282
GALAPA,2022,7,27,1,1.0,0.0,0.0,0.0,0.0,0.0,0.0,1.0,0.0,0.0,0.0,0.0,0.0,1.0,0.0,0.0,1.0,0.0,1.0,0.0,1.0,0.0,0.0,1.0,0.0,0.0,1.0,0.0,0.0,0.0,0.0,1.0,27.831887817382835,90.6869125366211,4.215714369501386,23.84,99.44,0.728151113212237,12.860763614518282
GALAPA,2022,7,27,1,1.0,0.0,0.0,0.0,0.0,0.0,0.0,1.0,0.0,0.0,0.0,0.0,0.0,1.0,0.0,0.0,1.0,0.0,1.0,0.0,1.0,0.0,0.0,1.0,0.0,0.0,1.0,0.0,0.0,0.0,0.0,1.0,27.831887817382835,90.6869125366211,4.215714369501386,23.45,98.22,0.728151113212237,12.860763614518282
GALAPA,2022,7,28,3,0.6666666666666666,0.0,0.3333333333333333,0.0,0.0,0.0,0.0,0.6666666666666666,0.0,0.0,0.0,0.0,0.3333333333333333,0.6666666666666666,0.3333333333333333,0.0,1.0,0.0,1.0,0.6666666666666666,0.3333333333333333,0.0,0.0,1.0,0.0,0.0,1.0,0.0,0.0,1.0,0.0,0.0,27.36080540248328,91.89037758963448,8.335714371076651,23.84,99.44,0.728151113212237,12.860763614518282
GALAPA,2022,7,28,3,0.6666666666666666,0.0,0.3333333333333333,0.0,0.0,0.0,0.0,0.6666666666666666,0.0,0.0,0.0,0.0,0.3333333333333333,0.6666666666666666,0.3333333333333333,0.0,1.0,0.0,1.0,0.6666666666666666,0.3333333333333333,0.0,0.0,1.0,0.0,0.0,1.0,0.0,0.0,1.0,0.0,0.0,27.36080540248328,91.89037758963448,8.335714371076651,23.45,98.22,0.728151113212237,12.860763614518282
GALAPA,2022,8,29,10,0.6,0.1,0.0,0.0,0.2,0.0,0.1,0.6,0.0,0.0,0.0,0.0,0.4,1.0,0.0,0.4,0.6,0.0,1.0,0.4,0.6,0.0,0.0,1.0,0.0,0.0,1.0,0.0,0.0,0.4,0.0,0.6,27.49181518554689,92.64425005231584,3.548571382250105,23.84,99.44,0.728151113212237,12.860763614518282
GALAPA,2022,8,29,10,0.6,0.1,0.0,0.0,0.2,0.0,0.1,0.6,0.0,0.0,0.0,0.0,0.4,1.0,0.0,0.4,0.6,0.0,1.0,0.4,0.6,0.0,0.0,1.0,0.0,0.0,1.0,0.0,0.0,0.4,0.0,0.6,27.49181518554689,92.64425005231584,3.548571382250105,23.45,98.22,0.728151113212237,12.860763614518282
GALAPA,2022,8,30,11,0.5454545454545454,0.1818181818181818,0.0,0.0,0.2727272727272727,0.0,0.0,0.7272727272727273,0.0,0.0,0.0,0.0,0.2727272727272727,1.0,0.0,0.6363636363636364,0.3636363636363636,0.0,1.0,0.3636363636363636,0.6363636363636364,0.0,0.0,1.0,0.0,0.0,1.0,0.0,0.0,0.2727272727272727,0.0909090909090909,0.6363636363636364,26.80567757742747,92.40760694231304,11.25571438244411,23.84,99.44,0.728151113212237,12.860763614518282
GALAPA,2022,8,30,11,0.5454545454545454,0.1818181818181818,0.0,0.0,0.2727272727272727,0.0,0.0,0.7272727272727273,0.0,0.0,0.0,0.0,0.2727272727272727,1.0,0.0,0.6363636363636364,0.3636363636363636,0.0,1.0,0.3636363636363636,0.6363636363636364,0.0,0.0,1.0,0.0,0.0,1.0,0.0,0.0,0.2727272727272727,0.0909090909090909,0.6363636363636364,26.80567757742747,92.40760694231304,11.25571438244411,23.45,98.22,0.728151113212237,12.860763614518282
GALAPA,2022,8,31,13,0.4615384615384615,0.1538461538461538,0.1538461538461538,0.0,0.2307692307692307,0.0,0.0,0.3076923076923077,0.0,0.0,0.0,0.0,0.6923076923076923,0.9230769230769232,0.0769230769230769,0.1538461538461538,0.8461538461538461,0.0,1.0,0.5384615384615384,0.4615384615384615,0.0,0.0,1.0,0.0,0.0,0.9230769230769232,0.0769230769230769,0.0,0.3846153846153846,0.0,0.6153846153846154,27.2410108293806,92.23826599121094,13.144285815102714,23.84,99.44,0.728151113212237,12.860763614518282
GALAPA,2022,8,31,13,0.4615384615384615,0.1538461538461538,0.1538461538461538,0.0,0.2307692307692307,0.0,0.0,0.3076923076923077,0.0,0.0,0.0,0.0,0.6923076923076923,0.9230769230769232,0.0769230769230769,0.1538461538461538,0.8461538461538461,0.0,1.0,0.5384615384615384,0.4615384615384615,0.0,0.0,1.0,0.0,0.0,0.9230769230769232,0.0769230769230769,0.0,0.3846153846153846,0.0,0.6153846153846154,27.2410108293806,92.23826599121094,13.144285815102714,23.45,98.22,0.728151113212237,12.860763614518282
GALAPA,2022,8,32,4,0.25,0.25,0.0,0.0,0.5,0.0,0.0,0.5,0.0,0.0,0.0,0.0,0.5,1.0,0.0,0.75,0.25,0.0,1.0,0.75,0.25,0.0,0.0,1.0,0.0,0.0,1.0,0.0,0.0,0.0,0.0,1.0,27.04332449776788,93.89140864780973,7.878571182489395,23.84,99.44,0.728151113212237,12.860763614518282
GALAPA,2022,8,32,4,0.25,0.25,0.0,0.0,0.5,0.0,0.0,0.5,0.0,0.0,0.0,0.0,0.5,1.0,0.0,0.75,0.25,0.0,1.0,0.75,0.25,0.0,0.0,1.0,0.0,0.0,1.0,0.0,0.0,0.0,0.0,1.0,27.04332449776788,93.89140864780973,7.878571182489395,23.45,98.22,0.728151113212237,12.860763614518282
GALAPA,2022,9,33,6,0.5,0.5,0.0,0.0,0.0,0.0,0.0,0.5,0.0,0.0,0.0,0.0,0.5,0.8333333333333334,0.1666666666666666,0.3333333333333333,0.6666666666666666,0.0,1.0,0.3333333333333333,0.6666666666666666,0.0,0.0,1.0,0.0,0.0,1.0,0.0,0.0,0.3333333333333333,0.0,0.6666666666666666,27.063522774832613,92.73675755092076,9.1185713495527,23.84,99.44,0.728151113212237,12.860763614518282
GALAPA,2022,9,33,6,0.5,0.5,0.0,0.0,0.0,0.0,0.0,0.5,0.0,0.0,0.0,0.0,0.5,0.8333333333333334,0.1666666666666666,0.3333333333333333,0.6666666666666666,0.0,1.0,0.3333333333333333,0.6666666666666666,0.0,0.0,1.0,0.0,0.0,1.0,0.0,0.0,0.3333333333333333,0.0,0.6666666666666666,27.063522774832613,92.73675755092076,9.1185713495527,23.45,98.22,0.728151113212237,12.860763614518282
GALAPA,2022,9,34,14,0.6428571428571429,0.0714285714285714,0.0,0.0,0.2142857142857142,0.0,0.0714285714285714,0.4285714285714285,0.0,0.0,0.0,0.0,0.5714285714285714,0.8571428571428571,0.1428571428571428,0.2142857142857142,0.7857142857142857,0.0,1.0,0.2857142857142857,0.7142857142857143,0.0,0.0,1.0,0.0,0.0,1.0,0.0,0.0,0.3571428571428571,0.0,0.6428571428571429,26.72617710658484,93.6222654070173,10.97571417263576,23.84,99.44,0.728151113212237,12.860763614518282
GALAPA,2022,9,34,14,0.6428571428571429,0.0714285714285714,0.0,0.0,0.2142857142857142,0.0,0.0714285714285714,0.4285714285714285,0.0,0.0,0.0,0.0,0.5714285714285714,0.8571428571428571,0.1428571428571428,0.2142857142857142,0.7857142857142857,0.0,1.0,0.2857142857142857,0.7142857142857143,0.0,0.0,1.0,0.0,0.0,1.0,0.0,0.0,0.3571428571428571,0.0,0.6428571428571429,26.72617710658484,93.6222654070173,10.97571417263576,23.45,98.22,0.728151113212237,12.860763614518282
GALAPA,2022,9,35,9,0.4444444444444444,0.3333333333333333,0.0,0.0,0.1111111111111111,0.1111111111111111,0.0,0.3333333333333333,0.0,0.0,0.0,0.0,0.6666666666666666,1.0,0.0,0.3333333333333333,0.6666666666666666,0.0,1.0,0.5555555555555556,0.4444444444444444,0.0,0.0,1.0,0.0,0.0,1.0,0.0,0.0,0.2222222222222222,0.0,0.7777777777777778,26.740805925641755,93.97348022460938,9.865714243480138,23.84,99.44,0.728151113212237,12.860763614518282
GALAPA,2022,9,35,9,0.4444444444444444,0.3333333333333333,0.0,0.0,0.1111111111111111,0.1111111111111111,0.0,0.3333333333333333,0.0,0.0,0.0,0.0,0.6666666666666666,1.0,0.0,0.3333333333333333,0.6666666666666666,0.0,1.0,0.5555555555555556,0.4444444444444444,0.0,0.0,1.0,0.0,0.0,1.0,0.0,0.0,0.2222222222222222,0.0,0.7777777777777778,26.740805925641755,93.97348022460938,9.865714243480138,23.45,98.22,0.728151113212237,12.860763614518282
GALAPA,2022,9,36,10,0.5,0.4,0.0,0.0,0.1,0.0,0.0,0.3,0.0,0.0,0.0,0.0,0.7,0.9,0.1,0.4,0.6,0.0,1.0,0.6,0.4,0.0,0.0,1.0,0.0,0.0,1.0,0.0,0.0,0.4,0.0,0.6,27.047727748325904,94.00554983956474,7.059999925749643,23.84,99.44,0.728151113212237,12.860763614518282
GALAPA,2022,9,36,10,0.5,0.4,0.0,0.0,0.1,0.0,0.0,0.3,0.0,0.0,0.0,0.0,0.7,0.9,0.1,0.4,0.6,0.0,1.0,0.6,0.4,0.0,0.0,1.0,0.0,0.0,1.0,0.0,0.0,0.4,0.0,0.6,27.047727748325904,94.00554983956474,7.059999925749643,23.45,98.22,0.728151113212237,12.860763614518282
GALAPA,2022,10,37,12,0.4166666666666667,0.4166666666666667,0.0,0.0,0.0833333333333333,0.0,0.0833333333333333,0.3333333333333333,0.0,0.0,0.0,0.0,0.6666666666666666,1.0,0.0,0.5,0.5,0.0,1.0,0.5833333333333334,0.4166666666666667,0.0,0.0,1.0,0.0,0.0,1.0,0.0,0.0,0.5833333333333334,0.0,0.4166666666666667,26.977367292131717,94.26946912493024,8.854285819189888,23.84,99.44,0.728151113212237,12.860763614518282
GALAPA,2022,10,37,12,0.4166666666666667,0.4166666666666667,0.0,0.0,0.0833333333333333,0.0,0.0833333333333333,0.3333333333333333,0.0,0.0,0.0,0.0,0.6666666666666666,1.0,0.0,0.5,0.5,0.0,1.0,0.5833333333333334,0.4166666666666667,0.0,0.0,1.0,0.0,0.0,1.0,0.0,0.0,0.5833333333333334,0.0,0.4166666666666667,26.977367292131717,94.26946912493024,8.854285819189888,23.45,98.22,0.728151113212237,12.860763614518282
GALAPA,2022,10,38,6,0.3333333333333333,0.3333333333333333,0.0,0.0,0.3333333333333333,0.0,0.0,0.3333333333333333,0.0,0.0,0.0,0.0,0.6666666666666666,0.8333333333333334,0.1666666666666666,0.3333333333333333,0.6666666666666666,0.0,1.0,0.8333333333333334,0.1666666666666666,0.0,0.0,1.0,0.0,0.0,1.0,0.0,0.0,0.1666666666666666,0.0,0.8333333333333334,26.07119794573104,95.17747061593192,11.38428555216108,23.84,99.44,0.728151113212237,12.860763614518282
GALAPA,2022,10,38,6,0.3333333333333333,0.3333333333333333,0.0,0.0,0.3333333333333333,0.0,0.0,0.3333333333333333,0.0,0.0,0.0,0.0,0.6666666666666666,0.8333333333333334,0.1666666666666666,0.3333333333333333,0.6666666666666666,0.0,1.0,0.8333333333333334,0.1666666666666666,0.0,0.0,1.0,0.0,0.0,1.0,0.0,0.0,0.1666666666666666,0.0,0.8333333333333334,26.07119794573104,95.17747061593192,11.38428555216108,23.45,98.22,0.728151113212237,12.860763614518282
GALAPA,2022,10,39,10,0.5,0.4,0.0,0.0,0.1,0.0,0.0,0.2,0.0,0.0,0.0,0.0,0.8,1.0,0.0,0.6,0.4,0.0,1.0,0.5,0.5,0.0,0.0,1.0,0.0,0.0,1.0,0.0,0.0,0.3,0.0,0.7,26.50604291643417,95.8238024030413,8.794285825320653,23.84,99.44,0.728151113212237,12.860763614518282
GALAPA,2022,10,39,10,0.5,0.4,0.0,0.0,0.1,0.0,0.0,0.2,0.0,0.0,0.0,0.0,0.8,1.0,0.0,0.6,0.4,0.0,1.0,0.5,0.5,0.0,0.0,1.0,0.0,0.0,1.0,0.0,0.0,0.3,0.0,0.7,26.50604291643417,95.8238024030413,8.794285825320653,23.45,98.22,0.728151113212237,12.860763614518282
GALAPA,2022,10,40,11,0.4545454545454545,0.3636363636363636,0.0,0.0,0.1818181818181818,0.0,0.0,0.1818181818181818,0.0,0.0909090909090909,0.0,0.0,0.7272727272727273,0.9090909090909092,0.0909090909090909,0.2727272727272727,0.7272727272727273,0.0,1.0,0.1818181818181818,0.8181818181818182,0.0,0.0,1.0,0.0,0.0,1.0,0.0,0.0,0.2727272727272727,0.0,0.7272727272727273,26.653379603794654,93.49783325195312,9.079999757664543,23.84,99.44,0.728151113212237,12.860763614518282
GALAPA,2022,10,40,11,0.4545454545454545,0.3636363636363636,0.0,0.0,0.1818181818181818,0.0,0.0,0.1818181818181818,0.0,0.0909090909090909,0.0,0.0,0.7272727272727273,0.9090909090909092,0.0909090909090909,0.2727272727272727,0.7272727272727273,0.0,1.0,0.1818181818181818,0.8181818181818182,0.0,0.0,1.0,0.0,0.0,1.0,0.0,0.0,0.2727272727272727,0.0,0.7272727272727273,26.653379603794654,93.49783325195312,9.079999757664543,23.45,98.22,0.728151113212237,12.860763614518282
GALAPA,2022,11,41,12,0.6666666666666666,0.1666666666666666,0.0,0.0,0.0833333333333333,0.0,0.0833333333333333,0.5,0.0,0.0,0.0,0.0,0.5,0.8333333333333334,0.1666666666666666,0.5,0.5,0.0,1.0,0.5833333333333334,0.4166666666666667,0.0,0.0,1.0,0.0,0.0,1.0,0.0,0.0,0.4166666666666667,0.0,0.5833333333333334,26.571736363002252,94.18004608154295,12.0557142666408,23.84,99.44,0.728151113212237,12.860763614518282
GALAPA,2022,11,41,12,0.6666666666666666,0.1666666666666666,0.0,0.0,0.0833333333333333,0.0,0.0833333333333333,0.5,0.0,0.0,0.0,0.0,0.5,0.8333333333333334,0.1666666666666666,0.5,0.5,0.0,1.0,0.5833333333333334,0.4166666666666667,0.0,0.0,1.0,0.0,0.0,1.0,0.0,0.0,0.4166666666666667,0.0,0.5833333333333334,26.571736363002252,94.18004608154295,12.0557142666408,23.45,98.22,0.728151113212237,12.860763614518282
GALAPA,2022,11,42,13,0.3076923076923077,0.3076923076923077,0.0,0.0,0.3076923076923077,0.0,0.0769230769230769,0.4615384615384615,0.0,0.0,0.0,0.0,0.5384615384615384,1.0,0.0,0.7692307692307693,0.2307692307692307,0.0,1.0,0.5384615384615384,0.4615384615384615,0.0,0.0,1.0,0.0,0.0,1.0,0.0,0.0,0.3846153846153846,0.0,0.6153846153846154,26.50284946986609,94.43859536307198,10.372857093811035,23.84,99.44,0.728151113212237,12.860763614518282
GALAPA,2022,11,42,13,0.3076923076923077,0.3076923076923077,0.0,0.0,0.3076923076923077,0.0,0.0769230769230769,0.4615384615384615,0.0,0.0,0.0,0.0,0.5384615384615384,1.0,0.0,0.7692307692307693,0.2307692307692307,0.0,1.0,0.5384615384615384,0.4615384615384615,0.0,0.0,1.0,0.0,0.0,1.0,0.0,0.0,0.3846153846153846,0.0,0.6153846153846154,26.50284946986609,94.43859536307198,10.372857093811035,23.45,98.22,0.728151113212237,12.860763614518282
GALAPA,2022,11,43,17,0.5294117647058824,0.3529411764705882,0.0,0.0,0.0588235294117647,0.0,0.0588235294117647,0.2352941176470588,0.0,0.0,0.0,0.0,0.7647058823529411,0.8823529411764706,0.1176470588235294,0.4117647058823529,0.5882352941176471,0.0,1.0,0.5882352941176471,0.4117647058823529,0.0,0.0,1.0,0.0,0.0,1.0,0.0,0.0,0.0588235294117647,0.0,0.9411764705882352,26.482579258510068,93.7152600969587,8.890000138963972,23.84,99.44,0.728151113212237,12.860763614518282
GALAPA,2022,11,43,17,0.5294117647058824,0.3529411764705882,0.0,0.0,0.0588235294117647,0.0,0.0588235294117647,0.2352941176470588,0.0,0.0,0.0,0.0,0.7647058823529411,0.8823529411764706,0.1176470588235294,0.4117647058823529,0.5882352941176471,0.0,1.0,0.5882352941176471,0.4117647058823529,0.0,0.0,1.0,0.0,0.0,1.0,0.0,0.0,0.0588235294117647,0.0,0.9411764705882352,26.482579258510068,93.7152600969587,8.890000138963972,23.45,98.22,0.728151113212237,12.860763614518282
GALAPA,2022,11,44,26,0.5,0.2692307692307692,0.0,0.0,0.1923076923076923,0.0,0.0384615384615384,0.2307692307692307,0.0,0.0769230769230769,0.0,0.0,0.6923076923076923,0.9230769230769232,0.0769230769230769,0.4615384615384615,0.5384615384615384,0.0,1.0,0.5,0.5,0.0,0.0,1.0,0.0,0.0,1.0,0.0,0.0,0.2307692307692307,0.0,0.7692307692307693,26.62569144112725,92.74468667166572,14.030000294957842,23.84,99.44,0.728151113212237,12.860763614518282
GALAPA,2022,11,44,26,0.5,0.2692307692307692,0.0,0.0,0.1923076923076923,0.0,0.0384615384615384,0.2307692307692307,0.0,0.0769230769230769,0.0,0.0,0.6923076923076923,0.9230769230769232,0.0769230769230769,0.4615384615384615,0.5384615384615384,0.0,1.0,0.5,0.5,0.0,0.0,1.0,0.0,0.0,1.0,0.0,0.0,0.2307692307692307,0.0,0.7692307692307693,26.62569144112725,92.74468667166572,14.030000294957842,23.45,98.22,0.728151113212237,12.860763614518282
GALAPA,2022,12,45,20,0.65,0.2,0.0,0.0,0.15,0.0,0.0,0.4,0.0,0.0,0.0,0.0,0.6,0.95,0.05,0.55,0.45,0.0,1.0,0.8,0.2,0.0,0.0,1.0,0.0,0.0,1.0,0.0,0.0,0.35,0.0,0.65,25.665085274832613,94.16107504708428,17.218571390424454,23.84,99.44,0.728151113212237,12.860763614518282
GALAPA,2022,12,45,20,0.65,0.2,0.0,0.0,0.15,0.0,0.0,0.4,0.0,0.0,0.0,0.0,0.6,0.95,0.05,0.55,0.45,0.0,1.0,0.8,0.2,0.0,0.0,1.0,0.0,0.0,1.0,0.0,0.0,0.35,0.0,0.65,25.665085274832613,94.16107504708428,17.218571390424454,23.45,98.22,0.728151113212237,12.860763614518282
GALAPA,2022,12,46,20,0.4,0.1,0.05,0.0,0.4,0.0,0.05,0.25,0.0,0.1,0.0,0.05,0.6,0.9,0.1,0.45,0.55,0.0,1.0,0.4,0.6,0.0,0.0,1.0,0.0,0.0,1.0,0.0,0.0,0.25,0.0,0.75,26.39722159249444,93.63367789132256,23.772857223238265,23.84,99.44,0.728151113212237,12.860763614518282
GALAPA,2022,12,46,20,0.4,0.1,0.05,0.0,0.4,0.0,0.05,0.25,0.0,0.1,0.0,0.05,0.6,0.9,0.1,0.45,0.55,0.0,1.0,0.4,0.6,0.0,0.0,1.0,0.0,0.0,1.0,0.0,0.0,0.25,0.0,0.75,26.39722159249444,93.63367789132256,23.772857223238265,23.45,98.22,0.728151113212237,12.860763614518282
GALAPA,2022,12,47,9,0.5555555555555556,0.1111111111111111,0.1111111111111111,0.0,0.2222222222222222,0.0,0.0,0.7777777777777778,0.0,0.0,0.0,0.0,0.2222222222222222,1.0,0.0,0.5555555555555556,0.4444444444444444,0.0,1.0,0.4444444444444444,0.5555555555555556,0.0,0.0,1.0,0.0,0.0,1.0,0.0,0.0,0.3333333333333333,0.0,0.6666666666666666,26.882900129045776,91.2394790649414,3.3571428060531616,23.84,99.44,0.728151113212237,12.860763614518282
GALAPA,2022,12,47,9,0.5555555555555556,0.1111111111111111,0.1111111111111111,0.0,0.2222222222222222,0.0,0.0,0.7777777777777778,0.0,0.0,0.0,0.0,0.2222222222222222,1.0,0.0,0.5555555555555556,0.4444444444444444,0.0,1.0,0.4444444444444444,0.5555555555555556,0.0,0.0,1.0,0.0,0.0,1.0,0.0,0.0,0.3333333333333333,0.0,0.6666666666666666,26.882900129045776,91.2394790649414,3.3571428060531616,23.45,98.22,0.728151113212237,12.860763614518282
GALAPA,2022,12,48,10,0.5,0.3,0.0,0.0,0.1,0.0,0.1,0.5,0.0,0.0,0.0,0.0,0.5,1.0,0.0,0.4,0.6,0.0,1.0,0.2,0.8,0.0,0.0,1.0,0.0,0.0,1.0,0.0,0.0,0.2,0.0,0.8,26.57891889299668,90.0428706577846,4.917142847552896,23.84,99.44,0.728151113212237,12.860763614518282
GALAPA,2022,12,48,10,0.5,0.3,0.0,0.0,0.1,0.0,0.1,0.5,0.0,0.0,0.0,0.0,0.5,1.0,0.0,0.4,0.6,0.0,1.0,0.2,0.8,0.0,0.0,1.0,0.0,0.0,1.0,0.0,0.0,0.2,0.0,0.8,26.57891889299668,90.0428706577846,4.917142847552896,23.45,98.22,0.728151113212237,12.860763614518282
GALAPA,2022,13,49,8,0.875,0.125,0.0,0.0,0.0,0.0,0.0,0.25,0.0,0.0,0.0,0.0,0.75,1.0,0.0,0.25,0.75,0.0,1.0,0.25,0.75,0.0,0.0,1.0,0.0,0.0,1.0,0.0,0.0,0.125,0.0,0.875,26.474766758510068,86.38729422433036,1.0585714280605316,23.84,99.44,0.728151113212237,12.860763614518282
GALAPA,2022,13,49,8,0.875,0.125,0.0,0.0,0.0,0.0,0.0,0.25,0.0,0.0,0.0,0.0,0.75,1.0,0.0,0.25,0.75,0.0,1.0,0.25,0.75,0.0,0.0,1.0,0.0,0.0,1.0,0.0,0.0,0.125,0.0,0.875,26.474766758510068,86.38729422433036,1.0585714280605316,23.45,98.22,0.728151113212237,12.860763614518282
GALAPA,2022,13,50,16,0.6875,0.125,0.0,0.0,0.0625,0.0625,0.0625,0.5,0.0,0.0,0.0,0.0,0.5,1.0,0.0,0.4375,0.5625,0.0,1.0,0.5,0.5,0.0,0.0,1.0,0.0,0.0,1.0,0.0,0.0,0.375,0.0,0.625,26.586679077148453,88.53997366768974,0.3528571426868438,23.84,99.44,0.728151113212237,12.860763614518282
GALAPA,2022,13,50,16,0.6875,0.125,0.0,0.0,0.0625,0.0625,0.0625,0.5,0.0,0.0,0.0,0.0,0.5,1.0,0.0,0.4375,0.5625,0.0,1.0,0.5,0.5,0.0,0.0,1.0,0.0,0.0,1.0,0.0,0.0,0.375,0.0,0.625,26.586679077148453,88.53997366768974,0.3528571426868438,23.45,98.22,0.728151113212237,12.860763614518282
GALAPA,2022,13,51,15,0.2666666666666666,0.4,0.0,0.0,0.3333333333333333,0.0,0.0,0.4,0.0,0.1333333333333333,0.0,0.0,0.4666666666666667,1.0,0.0,0.6,0.4,0.0,1.0,0.3333333333333333,0.6666666666666666,0.0,0.0,1.0,0.0,0.0,1.0,0.0,0.0,0.3333333333333333,0.0,0.6666666666666666,26.872794451032387,86.54231698172433,0.7142857142857143,23.84,99.44,0.728151113212237,12.860763614518282
GALAPA,2022,13,51,15,0.2666666666666666,0.4,0.0,0.0,0.3333333333333333,0.0,0.0,0.4,0.0,0.1333333333333333,0.0,0.0,0.4666666666666667,1.0,0.0,0.6,0.4,0.0,1.0,0.3333333333333333,0.6666666666666666,0.0,0.0,1.0,0.0,0.0,1.0,0.0,0.0,0.3333333333333333,0.0,0.6666666666666666,26.872794451032387,86.54231698172433,0.7142857142857143,23.45,98.22,0.728151113212237,12.860763614518282
GALAPA,2022,13,52,14,0.6428571428571429,0.2142857142857142,0.0,0.0,0.0714285714285714,0.0,0.0714285714285714,0.3571428571428571,0.0,0.0,0.0,0.0714285714285714,0.5714285714285714,1.0,0.0,0.5714285714285714,0.4285714285714285,0.0,1.0,0.3571428571428571,0.6428571428571429,0.0,0.0,1.0,0.0,0.0,1.0,0.0,0.0,0.3571428571428571,0.0,0.6428571428571429,26.61967947823663,86.99889482770648,0.0,23.84,99.44,0.728151113212237,12.860763614518282
GALAPA,2022,13,52,14,0.6428571428571429,0.2142857142857142,0.0,0.0,0.0714285714285714,0.0,0.0714285714285714,0.3571428571428571,0.0,0.0,0.0,0.0714285714285714,0.5714285714285714,1.0,0.0,0.5714285714285714,0.4285714285714285,0.0,1.0,0.3571428571428571,0.6428571428571429,0.0,0.0,1.0,0.0,0.0,1.0,0.0,0.0,0.3571428571428571,0.0,0.6428571428571429,26.61967947823663,86.99889482770648,0.0,23.45,98.22,0.728151113212237,12.860763614518282
GALAPA,2023,1,1,11,0.5454545454545454,0.4545454545454545,0.0,0.0,0.0,0.0,0.0,0.2727272727272727,0.0,0.0,0.0,0.0,0.7272727272727273,1.0,0.0,0.3636363636363636,0.6363636363636364,0.0,1.0,0.0909090909090909,0.9090909090909092,0.0,0.0,1.0,0.0,0.0,0.9090909090909092,0.0909090909090909,0.0,0.1818181818181818,0.0,0.8181818181818182,26.73440813337055,88.12091936383929,0.8642857143921512,23.94,99.84,0.728151113212237,12.860763614518282
GALAPA,2023,1,1,11,0.5454545454545454,0.4545454545454545,0.0,0.0,0.0,0.0,0.0,0.2727272727272727,0.0,0.0,0.0,0.0,0.7272727272727273,1.0,0.0,0.3636363636363636,0.6363636363636364,0.0,1.0,0.0909090909090909,0.9090909090909092,0.0,0.0,1.0,0.0,0.0,0.9090909090909092,0.0909090909090909,0.0,0.1818181818181818,0.0,0.8181818181818182,26.73440813337055,88.12091936383929,0.8642857143921512,23.22,97.29,0.728151113212237,12.860763614518282
GALAPA,2023,1,2,10,0.4,0.4,0.1,0.0,0.1,0.0,0.0,0.3,0.0,0.0,0.0,0.0,0.7,1.0,0.0,0.4,0.6,0.0,1.0,0.4,0.6,0.0,0.0,1.0,0.0,0.0,1.0,0.0,0.0,0.5,0.0,0.5,26.78663024902346,88.51092747279576,1.239999989845923,23.94,99.84,0.728151113212237,12.860763614518282
GALAPA,2023,1,2,10,0.4,0.4,0.1,0.0,0.1,0.0,0.0,0.3,0.0,0.0,0.0,0.0,0.7,1.0,0.0,0.4,0.6,0.0,1.0,0.4,0.6,0.0,0.0,1.0,0.0,0.0,1.0,0.0,0.0,0.5,0.0,0.5,26.78663024902346,88.51092747279576,1.239999989845923,23.22,97.29,0.728151113212237,12.860763614518282
GALAPA,2023,1,3,8,0.375,0.25,0.125,0.0,0.25,0.0,0.0,0.25,0.0,0.0,0.0,0.125,0.625,1.0,0.0,0.5,0.5,0.0,1.0,0.75,0.25,0.0,0.0,1.0,0.0,0.0,1.0,0.0,0.0,0.5,0.0,0.5,26.961535208565863,85.80643572126117,1.2857142857142858,23.94,99.84,0.728151113212237,12.860763614518282
GALAPA,2023,1,3,8,0.375,0.25,0.125,0.0,0.25,0.0,0.0,0.25,0.0,0.0,0.0,0.125,0.625,1.0,0.0,0.5,0.5,0.0,1.0,0.75,0.25,0.0,0.0,1.0,0.0,0.0,1.0,0.0,0.0,0.5,0.0,0.5,26.961535208565863,85.80643572126117,1.2857142857142858,23.22,97.29,0.728151113212237,12.860763614518282
GALAPA,2023,1,4,6,0.3333333333333333,0.0,0.0,0.0,0.5,0.0,0.1666666666666666,0.0,0.0,0.0,0.0,0.1666666666666666,0.8333333333333334,1.0,0.0,0.6666666666666666,0.3333333333333333,0.0,1.0,0.6666666666666666,0.3333333333333333,0.0,0.0,1.0,0.0,0.0,1.0,0.0,0.0,0.5,0.0,0.5,27.04081115722658,83.0802503313337,0.0,23.94,99.84,0.728151113212237,12.860763614518282
GALAPA,2023,1,4,6,0.3333333333333333,0.0,0.0,0.0,0.5,0.0,0.1666666666666666,0.0,0.0,0.0,0.0,0.1666666666666666,0.8333333333333334,1.0,0.0,0.6666666666666666,0.3333333333333333,0.0,1.0,0.6666666666666666,0.3333333333333333,0.0,0.0,1.0,0.0,0.0,1.0,0.0,0.0,0.5,0.0,0.5,27.04081115722658,83.0802503313337,0.0,23.22,97.29,0.728151113212237,12.860763614518282
GALAPA,2023,2,5,3,0.3333333333333333,0.3333333333333333,0.0,0.0,0.3333333333333333,0.0,0.0,0.3333333333333333,0.0,0.0,0.0,0.0,0.6666666666666666,1.0,0.0,0.0,1.0,0.0,1.0,0.3333333333333333,0.6666666666666666,0.0,0.0,1.0,0.0,0.0,1.0,0.0,0.0,0.0,0.0,1.0,26.28968200683595,83.33198002406529,0.0,23.94,99.84,0.728151113212237,12.860763614518282
GALAPA,2023,2,5,3,0.3333333333333333,0.3333333333333333,0.0,0.0,0.3333333333333333,0.0,0.0,0.3333333333333333,0.0,0.0,0.0,0.0,0.6666666666666666,1.0,0.0,0.0,1.0,0.0,1.0,0.3333333333333333,0.6666666666666666,0.0,0.0,1.0,0.0,0.0,1.0,0.0,0.0,0.0,0.0,1.0,26.28968200683595,83.33198002406529,0.0,23.22,97.29,0.728151113212237,12.860763614518282
GALAPA,2023,2,6,4,0.0,0.0,0.25,0.0,0.5,0.0,0.25,0.25,0.0,0.0,0.0,0.0,0.75,1.0,0.0,0.75,0.25,0.0,1.0,0.25,0.75,0.0,0.0,1.0,0.0,0.0,1.0,0.0,0.0,0.25,0.0,0.75,26.906710379464307,84.2067631312779,0.0,23.94,99.84,0.728151113212237,12.860763614518282
GALAPA,2023,2,6,4,0.0,0.0,0.25,0.0,0.5,0.0,0.25,0.25,0.0,0.0,0.0,0.0,0.75,1.0,0.0,0.75,0.25,0.0,1.0,0.25,0.75,0.0,0.0,1.0,0.0,0.0,1.0,0.0,0.0,0.25,0.0,0.75,26.906710379464307,84.2067631312779,0.0,23.22,97.29,0.728151113212237,12.860763614518282
GALAPA,2023,2,7,4,0.75,0.25,0.0,0.0,0.0,0.0,0.0,0.75,0.0,0.0,0.0,0.0,0.25,1.0,0.0,0.5,0.5,0.0,1.0,1.0,0.0,0.0,0.0,1.0,0.0,0.0,1.0,0.0,0.0,0.75,0.0,0.25,26.7258239746094,84.43069675990513,0.0,23.94,99.84,0.728151113212237,12.860763614518282
GALAPA,2023,2,7,4,0.75,0.25,0.0,0.0,0.0,0.0,0.0,0.75,0.0,0.0,0.0,0.0,0.25,1.0,0.0,0.5,0.5,0.0,1.0,1.0,0.0,0.0,0.0,1.0,0.0,0.0,1.0,0.0,0.0,0.75,0.0,0.25,26.7258239746094,84.43069675990513,0.0,23.22,97.29,0.728151113212237,12.860763614518282
GALAPA,2023,2,8,2,0.5,0.5,0.0,0.0,0.0,0.0,0.0,0.5,0.0,0.0,0.0,0.0,0.5,1.0,0.0,1.0,0.0,0.0,1.0,0.0,1.0,0.0,0.0,1.0,0.0,0.0,1.0,0.0,0.0,0.5,0.0,0.5,26.273257010323675,82.72033364432198,0.0,23.94,99.84,0.728151113212237,12.860763614518282
GALAPA,2023,2,8,2,0.5,0.5,0.0,0.0,0.0,0.0,0.0,0.5,0.0,0.0,0.0,0.0,0.5,1.0,0.0,1.0,0.0,0.0,1.0,0.0,1.0,0.0,0.0,1.0,0.0,0.0,1.0,0.0,0.0,0.5,0.0,0.5,26.273257010323675,82.72033364432198,0.0,23.22,97.29,0.728151113212237,12.860763614518282
GALAPA,2023,3,9,1,0.0,1.0,0.0,0.0,0.0,0.0,0.0,1.0,0.0,0.0,0.0,0.0,0.0,1.0,0.0,0.0,1.0,0.0,1.0,0.0,1.0,0.0,0.0,1.0,0.0,0.0,1.0,0.0,0.0,0.0,0.0,1.0,26.59393354143417,85.5341557094029,0.0,23.94,99.84,0.728151113212237,12.860763614518282
GALAPA,2023,3,9,1,0.0,1.0,0.0,0.0,0.0,0.0,0.0,1.0,0.0,0.0,0.0,0.0,0.0,1.0,0.0,0.0,1.0,0.0,1.0,0.0,1.0,0.0,0.0,1.0,0.0,0.0,1.0,0.0,0.0,0.0,0.0,1.0,26.59393354143417,85.5341557094029,0.0,23.22,97.29,0.728151113212237,12.860763614518282
GALAPA,2023,4,13,1,0.0,0.0,0.0,0.0,0.0,0.0,1.0,1.0,0.0,0.0,0.0,0.0,0.0,1.0,0.0,1.0,0.0,0.0,1.0,1.0,0.0,0.0,0.0,1.0,0.0,0.0,1.0,0.0,0.0,1.0,0.0,0.0,27.419669451032384,82.3602523803711,0.0,23.94,99.84,0.728151113212237,12.860763614518282
GALAPA,2023,4,13,1,0.0,0.0,0.0,0.0,0.0,0.0,1.0,1.0,0.0,0.0,0.0,0.0,0.0,1.0,0.0,1.0,0.0,0.0,1.0,1.0,0.0,0.0,0.0,1.0,0.0,0.0,1.0,0.0,0.0,1.0,0.0,0.0,27.419669451032384,82.3602523803711,0.0,23.22,97.29,0.728151113212237,12.860763614518282
GALAPA,2023,4,15,1,0.0,0.0,0.0,0.0,1.0,0.0,0.0,0.0,0.0,0.0,0.0,0.0,1.0,1.0,0.0,1.0,0.0,0.0,1.0,0.0,1.0,0.0,0.0,1.0,0.0,0.0,1.0,0.0,0.0,0.0,0.0,1.0,27.627465820312523,85.1204354422433,1.7728571420801538,23.94,99.84,0.728151113212237,12.860763614518282
GALAPA,2023,4,15,1,0.0,0.0,0.0,0.0,1.0,0.0,0.0,0.0,0.0,0.0,0.0,0.0,1.0,1.0,0.0,1.0,0.0,0.0,1.0,0.0,1.0,0.0,0.0,1.0,0.0,0.0,1.0,0.0,0.0,0.0,0.0,1.0,27.627465820312523,85.1204354422433,1.7728571420801538,23.22,97.29,0.728151113212237,12.860763614518282
GALAPA,2023,5,18,1,0.0,0.0,0.0,0.0,1.0,0.0,0.0,0.0,0.0,0.0,0.0,0.0,1.0,1.0,0.0,1.0,0.0,0.0,1.0,0.0,1.0,0.0,0.0,1.0,0.0,0.0,1.0,0.0,0.0,1.0,0.0,0.0,28.168370274135064,87.57659149169922,7.177143096923828,23.94,99.84,0.728151113212237,12.860763614518282
GALAPA,2023,5,18,1,0.0,0.0,0.0,0.0,1.0,0.0,0.0,0.0,0.0,0.0,0.0,0.0,1.0,1.0,0.0,1.0,0.0,0.0,1.0,0.0,1.0,0.0,0.0,1.0,0.0,0.0,1.0,0.0,0.0,1.0,0.0,0.0,28.168370274135064,87.57659149169922,7.177143096923828,23.22,97.29,0.728151113212237,12.860763614518282
GALAPA,2023,5,20,1,1.0,0.0,0.0,0.0,0.0,0.0,0.0,0.0,0.0,0.0,0.0,0.0,1.0,1.0,0.0,1.0,0.0,0.0,1.0,1.0,0.0,0.0,0.0,1.0,0.0,0.0,1.0,0.0,0.0,0.0,0.0,1.0,28.26881016322547,89.42095729282924,4.58428562725229,23.94,99.84,0.728151113212237,12.860763614518282
GALAPA,2023,5,20,1,1.0,0.0,0.0,0.0,0.0,0.0,0.0,0.0,0.0,0.0,0.0,0.0,1.0,1.0,0.0,1.0,0.0,0.0,1.0,1.0,0.0,0.0,0.0,1.0,0.0,0.0,1.0,0.0,0.0,0.0,0.0,1.0,28.26881016322547,89.42095729282924,4.58428562725229,23.22,97.29,0.728151113212237,12.860763614518282
GALAPA,2023,6,23,1,0.0,1.0,0.0,0.0,0.0,0.0,0.0,1.0,0.0,0.0,0.0,0.0,0.0,1.0,0.0,1.0,0.0,0.0,1.0,1.0,0.0,0.0,0.0,1.0,0.0,0.0,1.0,0.0,0.0,1.0,0.0,0.0,27.96380222865516,90.52477046421596,11.147142853055682,23.94,99.84,0.728151113212237,12.860763614518282
GALAPA,2023,6,23,1,0.0,1.0,0.0,0.0,0.0,0.0,0.0,1.0,0.0,0.0,0.0,0.0,0.0,1.0,0.0,1.0,0.0,0.0,1.0,1.0,0.0,0.0,0.0,1.0,0.0,0.0,1.0,0.0,0.0,1.0,0.0,0.0,27.96380222865516,90.52477046421596,11.147142853055682,23.22,97.29,0.728151113212237,12.860763614518282
GALAPA,2023,7,27,2,0.5,0.5,0.0,0.0,0.0,0.0,0.0,1.0,0.0,0.0,0.0,0.0,0.0,1.0,0.0,0.5,0.5,0.0,1.0,0.5,0.5,0.0,0.0,1.0,0.0,0.0,1.0,0.0,0.0,1.0,0.0,0.0,27.531642804827037,92.92046792166572,9.64714309147426,23.94,99.84,0.728151113212237,12.860763614518282
GALAPA,2023,7,27,2,0.5,0.5,0.0,0.0,0.0,0.0,0.0,1.0,0.0,0.0,0.0,0.0,0.0,1.0,0.0,0.5,0.5,0.0,1.0,0.5,0.5,0.0,0.0,1.0,0.0,0.0,1.0,0.0,0.0,1.0,0.0,0.0,27.531642804827037,92.92046792166572,9.64714309147426,23.22,97.29,0.728151113212237,12.860763614518282
GALAPA,2023,7,28,1,0.0,0.0,0.0,0.0,1.0,0.0,0.0,0.0,0.0,0.0,0.0,0.0,1.0,1.0,0.0,0.0,1.0,0.0,1.0,0.0,1.0,0.0,0.0,1.0,0.0,0.0,1.0,0.0,0.0,0.0,0.0,1.0,28.144895717075915,90.10980769566127,0.7314285534833159,23.94,99.84,0.728151113212237,12.860763614518282
GALAPA,2023,7,28,1,0.0,0.0,0.0,0.0,1.0,0.0,0.0,0.0,0.0,0.0,0.0,0.0,1.0,1.0,0.0,0.0,1.0,0.0,1.0,0.0,1.0,0.0,0.0,1.0,0.0,0.0,1.0,0.0,0.0,0.0,0.0,1.0,28.144895717075915,90.10980769566127,0.7314285534833159,23.22,97.29,0.728151113212237,12.860763614518282
GALAPA,2023,8,29,1,0.0,1.0,0.0,0.0,0.0,0.0,0.0,0.0,0.0,0.0,0.0,0.0,1.0,1.0,0.0,0.0,1.0,0.0,1.0,0.0,1.0,0.0,0.0,1.0,0.0,0.0,1.0,0.0,0.0,0.0,0.0,1.0,28.082766287667425,91.625244140625,1.2457142663853509,23.94,99.84,0.728151113212237,12.860763614518282
GALAPA,2023,8,29,1,0.0,1.0,0.0,0.0,0.0,0.0,0.0,0.0,0.0,0.0,0.0,0.0,1.0,1.0,0.0,0.0,1.0,0.0,1.0,0.0,1.0,0.0,0.0,1.0,0.0,0.0,1.0,0.0,0.0,0.0,0.0,1.0,28.082766287667425,91.625244140625,1.2457142663853509,23.22,97.29,0.728151113212237,12.860763614518282
GALAPA,2023,8,30,2,0.5,0.0,0.0,0.0,0.5,0.0,0.0,0.0,0.0,0.5,0.0,0.0,0.5,1.0,0.0,0.5,0.5,0.0,1.0,0.0,1.0,0.0,0.0,1.0,0.0,0.0,1.0,0.0,0.0,0.0,0.0,1.0,27.717355346679707,92.81484876360211,5.090000073026333,23.94,99.84,0.728151113212237,12.860763614518282
GALAPA,2023,8,30,2,0.5,0.0,0.0,0.0,0.5,0.0,0.0,0.0,0.0,0.5,0.0,0.0,0.5,1.0,0.0,0.5,0.5,0.0,1.0,0.0,1.0,0.0,0.0,1.0,0.0,0.0,1.0,0.0,0.0,0.0,0.0,1.0,27.717355346679707,92.81484876360211,5.090000073026333,23.22,97.29,0.728151113212237,12.860763614518282
GALAPA,2023,8,31,4,0.5,0.5,0.0,0.0,0.0,0.0,0.0,0.0,0.0,0.0,0.0,0.0,1.0,1.0,0.0,0.5,0.5,0.0,1.0,0.25,0.75,0.0,0.0,1.0,0.0,0.0,1.0,0.0,0.0,0.25,0.0,0.75,28.03978227887837,92.96035875592914,1.7842856986182076,23.94,99.84,0.728151113212237,12.860763614518282
GALAPA,2023,8,31,4,0.5,0.5,0.0,0.0,0.0,0.0,0.0,0.0,0.0,0.0,0.0,0.0,1.0,1.0,0.0,0.5,0.5,0.0,1.0,0.25,0.75,0.0,0.0,1.0,0.0,0.0,1.0,0.0,0.0,0.25,0.0,0.75,28.03978227887837,92.96035875592914,1.7842856986182076,23.22,97.29,0.728151113212237,12.860763614518282
GALAPA,2023,8,32,2,0.5,0.0,0.5,0.0,0.0,0.0,0.0,0.5,0.0,0.0,0.0,0.0,0.5,0.5,0.5,0.5,0.5,0.0,1.0,0.5,0.5,0.0,0.0,1.0,0.0,0.0,1.0,0.0,0.0,0.0,0.0,1.0,27.76609191894533,93.35858590262276,2.420000020946776,23.94,99.84,0.728151113212237,12.860763614518282
GALAPA,2023,8,32,2,0.5,0.0,0.5,0.0,0.0,0.0,0.0,0.5,0.0,0.0,0.0,0.0,0.5,0.5,0.5,0.5,0.5,0.0,1.0,0.5,0.5,0.0,0.0,1.0,0.0,0.0,1.0,0.0,0.0,0.0,0.0,1.0,27.76609191894533,93.35858590262276,2.420000020946776,23.22,97.29,0.728151113212237,12.860763614518282
GALAPA,2023,9,33,1,0.0,0.0,0.0,0.0,1.0,0.0,0.0,0.0,0.0,0.0,0.0,0.0,1.0,1.0,0.0,0.0,1.0,0.0,1.0,1.0,0.0,0.0,0.0,1.0,0.0,0.0,1.0,0.0,0.0,0.0,0.0,1.0,27.569111851283505,93.7970232282366,3.3771427933658877,23.94,99.84,0.728151113212237,12.860763614518282
GALAPA,2023,9,33,1,0.0,0.0,0.0,0.0,1.0,0.0,0.0,0.0,0.0,0.0,0.0,0.0,1.0,1.0,0.0,0.0,1.0,0.0,1.0,1.0,0.0,0.0,0.0,1.0,0.0,0.0,1.0,0.0,0.0,0.0,0.0,1.0,27.569111851283505,93.7970232282366,3.3771427933658877,23.22,97.29,0.728151113212237,12.860763614518282
GALAPA,2023,9,34,3,0.3333333333333333,0.0,0.0,0.0,0.6666666666666666,0.0,0.0,0.3333333333333333,0.3333333333333333,0.0,0.0,0.0,0.3333333333333333,1.0,0.0,0.0,1.0,0.0,1.0,0.3333333333333333,0.6666666666666666,0.0,0.0,1.0,0.0,0.0,1.0,0.0,0.0,0.3333333333333333,0.0,0.6666666666666666,27.307938058035734,94.26631818498883,8.502857063497816,23.94,99.84,0.728151113212237,12.860763614518282
GALAPA,2023,9,34,3,0.3333333333333333,0.0,0.0,0.0,0.6666666666666666,0.0,0.0,0.3333333333333333,0.3333333333333333,0.0,0.0,0.0,0.3333333333333333,1.0,0.0,0.0,1.0,0.0,1.0,0.3333333333333333,0.6666666666666666,0.0,0.0,1.0,0.0,0.0,1.0,0.0,0.0,0.3333333333333333,0.0,0.6666666666666666,27.307938058035734,94.26631818498883,8.502857063497816,23.22,97.29,0.728151113212237,12.860763614518282
GALAPA,2023,10,38,1,0.0,1.0,0.0,0.0,0.0,0.0,0.0,1.0,0.0,0.0,0.0,0.0,0.0,1.0,0.0,0.0,1.0,0.0,1.0,0.0,1.0,0.0,0.0,1.0,0.0,0.0,1.0,0.0,0.0,0.0,0.0,1.0,27.929073224748908,91.99397604806084,4.404285754476275,23.94,99.84,0.728151113212237,12.860763614518282
GALAPA,2023,10,38,1,0.0,1.0,0.0,0.0,0.0,0.0,0.0,1.0,0.0,0.0,0.0,0.0,0.0,1.0,0.0,0.0,1.0,0.0,1.0,0.0,1.0,0.0,0.0,1.0,0.0,0.0,1.0,0.0,0.0,0.0,0.0,1.0,27.929073224748908,91.99397604806084,4.404285754476275,23.22,97.29,0.728151113212237,12.860763614518282
GALAPA,2023,11,43,2,1.0,0.0,0.0,0.0,0.0,0.0,0.0,0.0,0.0,0.0,0.0,0.0,1.0,1.0,0.0,0.5,0.5,0.0,1.0,1.0,0.0,0.0,0.0,1.0,0.0,0.0,1.0,0.0,0.0,0.0,0.0,1.0,26.746525791713196,93.8614730834961,17.358571205820358,23.94,99.84,0.728151113212237,12.860763614518282
GALAPA,2023,11,43,2,1.0,0.0,0.0,0.0,0.0,0.0,0.0,0.0,0.0,0.0,0.0,0.0,1.0,1.0,0.0,0.5,0.5,0.0,1.0,1.0,0.0,0.0,0.0,1.0,0.0,0.0,1.0,0.0,0.0,0.0,0.0,1.0,26.746525791713196,93.8614730834961,17.358571205820358,23.22,97.29,0.728151113212237,12.860763614518282
GALAPA,2023,12,45,1,1.0,0.0,0.0,0.0,0.0,0.0,0.0,0.0,0.0,0.0,0.0,0.0,1.0,1.0,0.0,1.0,0.0,0.0,1.0,1.0,0.0,0.0,0.0,1.0,0.0,0.0,1.0,0.0,0.0,0.0,0.0,1.0,27.98434927804132,92.17688642229352,2.501428621155875,23.94,99.84,0.728151113212237,12.860763614518282
GALAPA,2023,12,45,1,1.0,0.0,0.0,0.0,0.0,0.0,0.0,0.0,0.0,0.0,0.0,0.0,1.0,1.0,0.0,1.0,0.0,0.0,1.0,1.0,0.0,0.0,0.0,1.0,0.0,0.0,1.0,0.0,0.0,0.0,0.0,1.0,27.98434927804132,92.17688642229352,2.501428621155875,23.22,97.29,0.728151113212237,12.860763614518282
GALAPA,2023,12,46,1,0.0,0.0,0.0,0.0,1.0,0.0,0.0,0.0,0.0,0.0,0.0,0.0,1.0,1.0,0.0,1.0,0.0,0.0,1.0,0.0,1.0,0.0,0.0,1.0,0.0,0.0,1.0,0.0,0.0,0.0,0.0,1.0,27.52299761090962,91.97151729038784,7.83857148034232,23.94,99.84,0.728151113212237,12.860763614518282
GALAPA,2023,12,46,1,0.0,0.0,0.0,0.0,1.0,0.0,0.0,0.0,0.0,0.0,0.0,0.0,1.0,1.0,0.0,1.0,0.0,0.0,1.0,0.0,1.0,0.0,0.0,1.0,0.0,0.0,1.0,0.0,0.0,0.0,0.0,1.0,27.52299761090962,91.97151729038784,7.83857148034232,23.22,97.29,0.728151113212237,12.860763614518282
GALAPA,2023,13,49,1,1.0,0.0,0.0,0.0,0.0,0.0,0.0,0.0,0.0,0.0,0.0,0.0,1.0,1.0,0.0,1.0,0.0,0.0,1.0,0.0,1.0,0.0,0.0,1.0,0.0,0.0,1.0,0.0,0.0,0.0,0.0,1.0,27.38254917689734,88.72938864571708,0.0,23.94,99.84,0.728151113212237,12.860763614518282
GALAPA,2023,13,49,1,1.0,0.0,0.0,0.0,0.0,0.0,0.0,0.0,0.0,0.0,0.0,0.0,1.0,1.0,0.0,1.0,0.0,0.0,1.0,0.0,1.0,0.0,0.0,1.0,0.0,0.0,1.0,0.0,0.0,0.0,0.0,1.0,27.38254917689734,88.72938864571708,0.0,23.22,97.29,0.728151113212237,12.860763614518282
JUAN DE ACOSTA,2017,7,25,1,0.0,1.0,0.0,0.0,0.0,0.0,0.0,1.0,0.0,0.0,0.0,0.0,0.0,1.0,0.0,1.0,0.0,0.0,1.0,0.0,1.0,0.0,1.0,0.0,0.0,0.0,0.0,0.0,1.0,0.0,0.0,1.0,27.32438267299109,90.74160875592914,5.105714389256069,23.07,96.26,1.859178163350998,10.258566363420968
JUAN DE ACOSTA,2017,13,49,1,0.0,1.0,0.0,0.0,0.0,0.0,0.0,0.0,0.0,0.0,0.0,0.0,1.0,1.0,0.0,0.0,1.0,0.0,1.0,0.0,1.0,0.0,1.0,0.0,0.0,0.0,0.0,1.0,0.0,0.0,0.0,1.0,27.293603515625016,91.20158168247768,11.404285158429827,23.07,96.26,1.859178163350998,10.258566363420968
JUAN DE ACOSTA,2017,13,51,1,0.0,0.0,0.0,0.0,0.0,1.0,0.0,0.0,0.0,0.0,0.0,1.0,0.0,1.0,0.0,0.0,1.0,0.0,1.0,1.0,0.0,0.0,1.0,0.0,0.0,0.0,1.0,0.0,0.0,0.0,0.0,1.0,27.09885777064733,85.00191497802734,0.0,23.07,96.26,1.859178163350998,10.258566363420968
JUAN DE ACOSTA,2018,1,3,1,0.0,0.0,0.0,0.0,1.0,0.0,0.0,0.0,0.0,0.0,0.0,1.0,0.0,1.0,0.0,0.0,1.0,0.0,1.0,0.0,1.0,0.0,1.0,0.0,0.0,0.0,1.0,0.0,0.0,0.0,0.0,1.0,27.21109052385604,88.3954609462193,0.985714282308306,23.58,98.3,1.859178163350998,10.258566363420968
JUAN DE ACOSTA,2018,4,16,1,1.0,0.0,0.0,0.0,0.0,0.0,0.0,0.0,0.0,0.0,0.0,0.0,1.0,1.0,0.0,0.0,1.0,0.0,1.0,0.0,1.0,0.0,1.0,0.0,0.0,0.0,1.0,0.0,0.0,0.0,0.0,1.0,28.51260637555805,84.65235573904855,1.1300000143902642,23.58,98.3,1.859178163350998,10.258566363420968
JUAN DE ACOSTA,2018,5,17,1,0.0,1.0,0.0,0.0,0.0,0.0,0.0,1.0,0.0,0.0,0.0,0.0,0.0,1.0,0.0,1.0,0.0,0.0,1.0,1.0,0.0,0.0,1.0,0.0,0.0,0.0,1.0,0.0,0.0,1.0,0.0,0.0,27.94551783970426,87.66712079729352,3.1357143265860423,23.58,98.3,1.859178163350998,10.258566363420968
JUAN DE ACOSTA,2018,5,19,1,0.0,0.0,0.0,0.0,1.0,0.0,0.0,0.0,0.0,0.0,0.0,0.0,1.0,1.0,0.0,1.0,0.0,0.0,1.0,0.0,1.0,0.0,1.0,0.0,0.0,0.0,1.0,0.0,0.0,0.0,0.0,1.0,27.08583766392301,89.9379163469587,8.677142926624843,23.58,98.3,1.859178163350998,10.258566363420968
JUAN DE ACOSTA,2018,5,20,3,0.6666666666666666,0.0,0.0,0.0,0.0,0.0,0.3333333333333333,0.0,0.0,0.0,0.0,0.0,1.0,1.0,0.0,0.3333333333333333,0.6666666666666666,0.0,1.0,1.0,0.0,0.0,1.0,0.0,0.0,0.0,0.3333333333333333,0.6666666666666666,0.0,0.3333333333333333,0.0,0.6666666666666666,26.92127816336497,90.60628836495536,4.645714240414756,23.58,98.3,1.859178163350998,10.258566363420968
JUAN DE ACOSTA,2018,6,21,2,0.0,0.5,0.0,0.0,0.5,0.0,0.0,1.0,0.0,0.0,0.0,0.0,0.0,1.0,0.0,0.5,0.5,0.0,1.0,0.5,0.5,0.0,1.0,0.0,0.0,0.0,0.5,0.5,0.0,0.5,0.0,0.5,26.968327549525693,91.68819318498883,6.712857246398926,23.58,98.3,1.859178163350998,10.258566363420968
JUAN DE ACOSTA,2018,6,23,1,0.0,0.0,0.0,0.0,0.0,0.0,1.0,1.0,0.0,0.0,0.0,0.0,0.0,1.0,0.0,0.0,1.0,0.0,1.0,1.0,0.0,0.0,1.0,0.0,0.0,0.0,1.0,0.0,0.0,1.0,0.0,0.0,27.97846810477122,89.91147831508091,1.8457143045961857,23.58,98.3,1.859178163350998,10.258566363420968
JUAN DE ACOSTA,2018,7,27,1,1.0,0.0,0.0,0.0,0.0,0.0,0.0,0.0,0.0,0.0,0.0,0.0,1.0,1.0,0.0,1.0,0.0,0.0,1.0,0.0,1.0,0.0,1.0,0.0,0.0,0.0,0.0,1.0,0.0,0.0,0.0,1.0,27.630816214425234,89.47874341692243,1.4557142603610242,23.58,98.3,1.859178163350998,10.258566363420968
JUAN DE ACOSTA,2018,7,28,1,0.0,0.0,0.0,0.0,1.0,0.0,0.0,0.0,0.0,0.0,0.0,0.0,1.0,1.0,0.0,0.0,1.0,0.0,1.0,1.0,0.0,0.0,1.0,0.0,0.0,0.0,1.0,0.0,0.0,1.0,0.0,0.0,28.45506330217636,85.75359453473773,0.2314285710453987,23.58,98.3,1.859178163350998,10.258566363420968
JUAN DE ACOSTA,2018,8,30,1,0.0,0.0,0.0,0.0,1.0,0.0,0.0,0.0,0.0,0.0,0.0,0.0,1.0,1.0,0.0,1.0,0.0,0.0,1.0,0.0,1.0,0.0,1.0,0.0,0.0,0.0,1.0,0.0,0.0,0.0,0.0,1.0,27.54074794224331,90.2245363507952,4.031428609575544,23.58,98.3,1.859178163350998,10.258566363420968
JUAN DE ACOSTA,2018,8,32,3,0.6666666666666666,0.0,0.0,0.0,0.3333333333333333,0.0,0.0,0.3333333333333333,0.0,0.0,0.0,0.3333333333333333,0.3333333333333333,1.0,0.0,0.3333333333333333,0.6666666666666666,0.0,1.0,0.0,1.0,0.0,1.0,0.0,0.0,0.0,0.6666666666666666,0.3333333333333333,0.0,0.3333333333333333,0.0,0.6666666666666666,28.48386099679132,87.12951006208148,0.1200000013091734,23.58,98.3,1.859178163350998,10.258566363420968
JUAN DE ACOSTA,2018,9,33,1,1.0,0.0,0.0,0.0,0.0,0.0,0.0,0.0,0.0,0.0,0.0,0.0,1.0,1.0,0.0,1.0,0.0,0.0,1.0,0.0,1.0,0.0,1.0,0.0,0.0,0.0,1.0,0.0,0.0,0.0,0.0,1.0,27.57518484933038,87.65313175746373,3.837142767650741,23.58,98.3,1.859178163350998,10.258566363420968
JUAN DE ACOSTA,2018,9,34,5,0.4,0.0,0.0,0.0,0.2,0.0,0.4,0.0,0.0,0.0,0.0,0.2,0.8,1.0,0.0,0.4,0.6,0.0,1.0,0.6,0.4,0.0,1.0,0.0,0.0,0.0,0.8,0.2,0.0,0.4,0.0,0.6,28.425607299804703,88.0192620413644,0.8085714192794902,23.58,98.3,1.859178163350998,10.258566363420968
JUAN DE ACOSTA,2018,9,36,1,1.0,0.0,0.0,0.0,0.0,0.0,0.0,1.0,0.0,0.0,0.0,0.0,0.0,1.0,0.0,1.0,0.0,0.0,1.0,1.0,0.0,0.0,1.0,0.0,0.0,0.0,1.0,0.0,0.0,0.0,0.0,1.0,27.419394792829262,91.65770067487443,7.477142878941128,23.58,98.3,1.859178163350998,10.258566363420968
JUAN DE ACOSTA,2018,10,38,1,1.0,0.0,0.0,0.0,0.0,0.0,0.0,0.0,0.0,0.0,0.0,0.0,1.0,1.0,0.0,0.0,1.0,0.0,1.0,0.0,1.0,0.0,1.0,0.0,0.0,0.0,1.0,0.0,0.0,0.0,0.0,1.0,27.544961547851585,93.23222896030973,5.5085714140108655,23.58,98.3,1.859178163350998,10.258566363420968
JUAN DE ACOSTA,2018,10,39,2,0.0,0.0,0.0,0.0,0.5,0.0,0.5,0.0,0.0,0.0,0.0,0.0,1.0,1.0,0.0,0.0,1.0,0.0,1.0,1.0,0.0,0.0,1.0,0.0,0.0,0.0,1.0,0.0,0.0,0.5,0.0,0.5,26.93927045549666,93.64822605678012,8.407142894608635,23.58,98.3,1.859178163350998,10.258566363420968
JUAN DE ACOSTA,2018,10,40,3,0.0,0.3333333333333333,0.0,0.0,0.0,0.0,0.6666666666666666,1.0,0.0,0.0,0.0,0.0,0.0,1.0,0.0,0.3333333333333333,0.6666666666666666,0.0,1.0,0.3333333333333333,0.6666666666666666,0.0,1.0,0.0,0.0,0.0,0.6666666666666666,0.0,0.3333333333333333,0.0,0.0,1.0,26.42777622767858,92.43971470424108,7.992857047489712,23.58,98.3,1.859178163350998,10.258566363420968
JUAN DE ACOSTA,2018,11,41,3,0.3333333333333333,0.0,0.0,0.0,0.6666666666666666,0.0,0.0,0.0,0.0,0.0,0.0,0.0,1.0,1.0,0.0,0.3333333333333333,0.6666666666666666,0.0,1.0,0.3333333333333333,0.6666666666666666,0.0,1.0,0.0,0.0,0.0,1.0,0.0,0.0,0.3333333333333333,0.0,0.6666666666666666,26.249021693638408,91.55145699637276,5.700000098773411,23.58,98.3,1.859178163350998,10.258566363420968
JUAN DE ACOSTA,2018,11,42,1,1.0,0.0,0.0,0.0,0.0,0.0,0.0,0.0,0.0,0.0,0.0,0.0,1.0,1.0,0.0,1.0,0.0,0.0,1.0,0.0,1.0,0.0,1.0,0.0,0.0,0.0,0.0,1.0,0.0,0.0,0.0,1.0,26.72540544782368,91.9286368233817,6.015714184514114,23.58,98.3,1.859178163350998,10.258566363420968
JUAN DE ACOSTA,2018,12,45,3,0.3333333333333333,0.6666666666666666,0.0,0.0,0.0,0.0,0.0,0.6666666666666666,0.0,0.0,0.0,0.0,0.3333333333333333,1.0,0.0,1.0,0.0,0.0,1.0,0.6666666666666666,0.3333333333333333,0.0,1.0,0.0,0.0,0.0,1.0,0.0,0.0,0.6666666666666666,0.0,0.3333333333333333,27.00534973144533,91.56059810093473,2.419999959745577,23.58,98.3,1.859178163350998,10.258566363420968
JUAN DE ACOSTA,2018,12,48,2,0.0,0.0,0.0,0.0,0.5,0.0,0.5,0.0,0.0,0.0,0.0,0.0,1.0,1.0,0.0,0.5,0.5,0.0,1.0,1.0,0.0,0.0,1.0,0.0,0.0,0.0,1.0,0.0,0.0,0.5,0.0,0.5,26.854662649972116,91.97744532993862,1.4885714620883976,23.58,98.3,1.859178163350998,10.258566363420968
JUAN DE ACOSTA,2018,13,49,2,0.0,0.0,0.0,0.0,0.5,0.0,0.5,0.0,0.0,0.0,0.0,0.0,1.0,1.0,0.0,0.0,1.0,0.0,1.0,1.0,0.0,0.0,1.0,0.0,0.0,0.0,1.0,0.0,0.0,0.0,0.0,1.0,26.827778843471005,90.58853367396765,0.04428571436022,23.58,98.3,1.859178163350998,10.258566363420968
JUAN DE ACOSTA,2018,13,50,6,0.1666666666666666,0.1666666666666666,0.0,0.0,0.3333333333333333,0.0,0.3333333333333333,0.0,0.0,0.0,0.0,0.0,1.0,1.0,0.0,0.0,1.0,0.0,1.0,0.3333333333333333,0.6666666666666666,0.0,1.0,0.0,0.0,0.0,0.8333333333333334,0.0,0.1666666666666666,0.1666666666666666,0.0,0.8333333333333334,27.351700265066988,88.1029281616211,0.1057142828192029,23.58,98.3,1.859178163350998,10.258566363420968
JUAN DE ACOSTA,2018,13,51,2,0.5,0.0,0.0,0.0,0.0,0.0,0.5,0.0,0.0,0.0,0.0,0.0,1.0,1.0,0.0,0.0,1.0,0.0,1.0,0.0,1.0,0.0,1.0,0.0,0.0,0.0,1.0,0.0,0.0,0.0,0.0,1.0,27.26604832240516,89.32049560546875,0.0628571446452821,23.58,98.3,1.859178163350998,10.258566363420968
JUAN DE ACOSTA,2018,13,52,1,1.0,0.0,0.0,0.0,0.0,0.0,0.0,0.0,0.0,0.0,0.0,0.0,1.0,1.0,0.0,0.0,1.0,0.0,1.0,1.0,0.0,0.0,1.0,0.0,0.0,0.0,1.0,0.0,0.0,0.0,0.0,1.0,27.35964355468752,81.09901973179409,0.0,23.58,98.3,1.859178163350998,10.258566363420968
JUAN DE ACOSTA,2019,1,1,2,0.0,0.5,0.0,0.0,0.5,0.0,0.0,0.5,0.0,0.0,0.0,0.0,0.5,1.0,0.0,0.0,1.0,0.0,1.0,0.5,0.5,0.0,1.0,0.0,0.0,0.0,1.0,0.0,0.0,0.5,0.0,0.5,27.015625435965426,84.95018441336495,1.0,23.54,98.12,1.859178163350998,10.258566363420968
JUAN DE ACOSTA,2019,1,2,2,0.0,0.5,0.0,0.0,0.5,0.0,0.0,0.5,0.0,0.0,0.0,0.0,0.5,1.0,0.0,0.5,0.5,0.0,1.0,0.5,0.5,0.0,1.0,0.0,0.0,0.0,0.5,0.5,0.0,1.0,0.0,0.0,26.795848737444214,88.24877384730748,6.478571427719934,23.54,98.12,1.859178163350998,10.258566363420968
JUAN DE ACOSTA,2019,1,3,2,0.0,0.0,0.0,0.0,0.5,0.0,0.5,0.5,0.0,0.0,0.0,0.0,0.5,1.0,0.0,0.5,0.5,0.0,1.0,1.0,0.0,0.0,1.0,0.0,0.0,0.0,1.0,0.0,0.0,0.0,0.5,0.5,27.086546107700908,85.41615295410156,1.4285714285714286,23.54,98.12,1.859178163350998,10.258566363420968
JUAN DE ACOSTA,2019,1,4,1,0.0,1.0,0.0,0.0,0.0,0.0,0.0,0.0,0.0,0.0,0.0,1.0,0.0,1.0,0.0,1.0,0.0,0.0,1.0,0.0,1.0,0.0,1.0,0.0,0.0,0.0,1.0,0.0,0.0,1.0,0.0,0.0,27.7441824776786,84.75342123849052,7.714285714285714,23.54,98.12,1.859178163350998,10.258566363420968
JUAN DE ACOSTA,2019,3,9,3,0.6666666666666666,0.0,0.0,0.0,0.3333333333333333,0.0,0.0,0.0,0.0,0.0,0.0,0.0,1.0,1.0,0.0,1.0,0.0,0.0,1.0,0.3333333333333333,0.6666666666666666,0.0,1.0,0.0,0.0,0.0,1.0,0.0,0.0,1.0,0.0,0.0,27.886512102399568,82.55348750523159,2.025714273963656,23.54,98.12,1.859178163350998,10.258566363420968
JUAN DE ACOSTA,2019,3,10,1,0.0,0.0,0.0,0.0,0.0,0.0,1.0,0.0,0.0,0.0,0.0,0.0,1.0,1.0,0.0,1.0,0.0,0.0,1.0,0.0,1.0,0.0,1.0,0.0,0.0,0.0,0.0,1.0,0.0,0.0,0.0,1.0,27.510938807896224,83.29534803118024,0.8785714283585548,23.54,98.12,1.859178163350998,10.258566363420968
JUAN DE ACOSTA,2019,4,14,1,0.0,1.0,0.0,0.0,0.0,0.0,0.0,0.0,0.0,0.0,0.0,0.0,1.0,1.0,0.0,1.0,0.0,0.0,1.0,0.0,1.0,0.0,1.0,0.0,0.0,0.0,1.0,0.0,0.0,0.0,0.0,1.0,28.417919049944203,82.1214120047433,2.529999996934618,23.54,98.12,1.859178163350998,10.258566363420968
JUAN DE ACOSTA,2019,5,19,1,0.0,0.0,0.0,0.0,1.0,0.0,0.0,0.0,0.0,0.0,0.0,0.0,1.0,1.0,0.0,1.0,0.0,0.0,1.0,1.0,0.0,0.0,1.0,0.0,0.0,0.0,0.0,0.0,1.0,1.0,0.0,0.0,28.005024937221,87.41760689871651,8.025714261191231,23.54,98.12,1.859178163350998,10.258566363420968
JUAN DE ACOSTA,2019,7,25,1,0.0,1.0,0.0,0.0,0.0,0.0,0.0,1.0,0.0,0.0,0.0,0.0,0.0,1.0,0.0,0.0,1.0,0.0,1.0,1.0,0.0,0.0,1.0,0.0,0.0,0.0,1.0,0.0,0.0,0.0,0.0,1.0,28.63799874441966,86.78666251046317,4.659999996423721,23.54,98.12,1.859178163350998,10.258566363420968
JUAN DE ACOSTA,2019,7,27,1,1.0,0.0,0.0,0.0,0.0,0.0,0.0,0.0,0.0,0.0,0.0,0.0,1.0,1.0,0.0,0.0,1.0,0.0,1.0,1.0,0.0,0.0,1.0,0.0,0.0,0.0,1.0,0.0,0.0,0.0,0.0,1.0,28.974840872628366,84.67601122174945,0.7771428432315588,23.54,98.12,1.859178163350998,10.258566363420968
JUAN DE ACOSTA,2019,7,28,1,1.0,0.0,0.0,0.0,0.0,0.0,0.0,0.0,0.0,0.0,0.0,0.0,1.0,1.0,0.0,0.0,1.0,0.0,1.0,1.0,0.0,0.0,1.0,0.0,0.0,0.0,1.0,0.0,0.0,1.0,0.0,0.0,28.203238786969884,86.4452383858817,4.361428631735699,23.54,98.12,1.859178163350998,10.258566363420968
JUAN DE ACOSTA,2019,8,29,1,0.0,0.0,0.0,0.0,1.0,0.0,0.0,0.0,0.0,0.0,0.0,0.0,1.0,1.0,0.0,0.0,1.0,0.0,1.0,1.0,0.0,0.0,1.0,0.0,0.0,0.0,1.0,0.0,0.0,0.0,0.0,1.0,29.00830339704243,86.33308737618583,2.4057144248592004,23.54,98.12,1.859178163350998,10.258566363420968
JUAN DE ACOSTA,2019,8,30,2,0.0,0.0,0.0,0.0,0.5,0.0,0.5,0.0,0.0,0.0,0.0,0.0,1.0,1.0,0.0,0.0,1.0,0.0,1.0,0.0,1.0,0.0,1.0,0.0,0.0,0.0,1.0,0.0,0.0,0.0,0.0,1.0,28.106916591099356,87.37622397286552,3.2299999935286388,23.54,98.12,1.859178163350998,10.258566363420968
JUAN DE ACOSTA,2019,8,31,1,1.0,0.0,0.0,0.0,0.0,0.0,0.0,0.0,0.0,0.0,0.0,0.0,1.0,1.0,0.0,0.0,1.0,0.0,1.0,1.0,0.0,0.0,1.0,0.0,0.0,0.0,0.0,0.0,1.0,0.0,0.0,1.0,28.80506722586497,88.02983638218471,2.142857156427844,23.54,98.12,1.859178163350998,10.258566363420968
JUAN DE ACOSTA,2019,9,33,2,0.0,0.5,0.0,0.0,0.5,0.0,0.0,0.5,0.0,0.0,0.0,0.0,0.5,1.0,0.0,0.5,0.5,0.0,1.0,0.5,0.5,0.0,1.0,0.0,0.0,0.0,1.0,0.0,0.0,0.0,0.0,1.0,27.646718052455373,89.69138772147042,10.144285440444946,23.54,98.12,1.859178163350998,10.258566363420968
JUAN DE ACOSTA,2019,9,35,1,0.0,0.0,0.0,0.0,1.0,0.0,0.0,0.0,0.0,0.0,0.0,0.0,1.0,1.0,0.0,0.0,1.0,0.0,1.0,1.0,0.0,0.0,1.0,0.0,0.0,0.0,0.0,1.0,0.0,0.0,0.0,1.0,28.10110081263952,89.01880427769252,3.8042857391493663,23.54,98.12,1.859178163350998,10.258566363420968
JUAN DE ACOSTA,2019,10,40,1,1.0,0.0,0.0,0.0,0.0,0.0,0.0,0.0,0.0,0.0,0.0,0.0,1.0,1.0,0.0,0.0,1.0,0.0,1.0,0.0,1.0,0.0,1.0,0.0,0.0,0.0,0.0,1.0,0.0,1.0,0.0,0.0,26.46760384695872,93.80518995012557,5.73571423121861,23.54,98.12,1.859178163350998,10.258566363420968
JUAN DE ACOSTA,2019,11,43,2,0.5,0.5,0.0,0.0,0.0,0.0,0.0,0.5,0.0,0.0,0.0,0.0,0.5,1.0,0.0,0.0,1.0,0.0,1.0,0.5,0.5,0.0,1.0,0.0,0.0,0.0,1.0,0.0,0.0,0.5,0.0,0.5,26.549220929827023,93.952390398298,4.024285784789494,23.54,98.12,1.859178163350998,10.258566363420968
JUAN DE ACOSTA,2019,12,45,2,1.0,0.0,0.0,0.0,0.0,0.0,0.0,0.0,0.0,0.0,0.0,0.0,1.0,1.0,0.0,0.5,0.5,0.0,1.0,1.0,0.0,0.0,1.0,0.0,0.0,0.0,1.0,0.0,0.0,0.5,0.0,0.5,27.16275721958707,91.12675149100168,4.842857177768435,23.54,98.12,1.859178163350998,10.258566363420968
JUAN DE ACOSTA,2019,12,46,1,1.0,0.0,0.0,0.0,0.0,0.0,0.0,0.0,0.0,0.0,0.0,0.0,1.0,1.0,0.0,0.0,1.0,0.0,1.0,1.0,0.0,0.0,1.0,0.0,0.0,0.0,1.0,0.0,0.0,1.0,0.0,0.0,26.572120012555825,93.38824571881976,1.997142850288323,23.54,98.12,1.859178163350998,10.258566363420968
JUAN DE ACOSTA,2019,12,47,1,0.0,0.0,0.0,0.0,0.0,0.0,1.0,1.0,0.0,0.0,0.0,0.0,0.0,1.0,0.0,0.0,1.0,0.0,1.0,0.0,1.0,0.0,1.0,0.0,0.0,0.0,1.0,0.0,0.0,1.0,0.0,0.0,27.009639630998908,91.42415400913784,3.7528572721140727,23.54,98.12,1.859178163350998,10.258566363420968
JUAN DE ACOSTA,2019,12,48,2,1.0,0.0,0.0,0.0,0.0,0.0,0.0,0.0,0.0,0.0,0.0,0.0,1.0,1.0,0.0,0.0,1.0,0.0,1.0,0.5,0.5,0.0,1.0,0.0,0.0,0.0,1.0,0.0,0.0,0.5,0.0,0.5,27.577567400251134,88.79798017229352,3.745714272771562,23.54,98.12,1.859178163350998,10.258566363420968
JUAN DE ACOSTA,2019,13,50,2,0.5,0.0,0.0,0.0,0.5,0.0,0.0,0.5,0.0,0.0,0.0,0.0,0.5,1.0,0.0,0.5,0.5,0.0,1.0,0.5,0.5,0.0,1.0,0.0,0.0,0.0,1.0,0.0,0.0,0.0,0.0,1.0,27.59733843122212,88.80085863385882,5.607142994446414,23.54,98.12,1.859178163350998,10.258566363420968
JUAN DE ACOSTA,2020,1,1,1,0.0,0.0,0.0,0.0,1.0,0.0,0.0,0.0,0.0,0.0,0.0,0.0,1.0,1.0,0.0,0.0,1.0,0.0,1.0,1.0,0.0,0.0,1.0,0.0,0.0,0.0,1.0,0.0,0.0,0.0,0.0,1.0,27.843927001953148,87.3237784249442,1.5714285714285714,23.32,97.21,1.859178163350998,10.258566363420968
JUAN DE ACOSTA,2020,1,4,1,0.0,0.0,0.0,0.0,0.0,0.0,1.0,1.0,0.0,0.0,0.0,0.0,0.0,1.0,0.0,0.0,1.0,0.0,1.0,1.0,0.0,0.0,1.0,0.0,0.0,0.0,0.0,1.0,0.0,0.0,0.0,1.0,27.164350673130603,88.28709084647042,6.981428563594818,23.32,97.21,1.859178163350998,10.258566363420968
JUAN DE ACOSTA,2020,3,9,1,0.0,1.0,0.0,0.0,0.0,0.0,0.0,1.0,0.0,0.0,0.0,0.0,0.0,1.0,0.0,0.0,1.0,0.0,1.0,0.0,1.0,0.0,1.0,0.0,0.0,0.0,1.0,0.0,0.0,0.0,0.0,1.0,27.92403128487725,84.81181008475167,0.1428571428571428,23.32,97.21,1.859178163350998,10.258566363420968
JUAN DE ACOSTA,2020,3,11,1,0.0,1.0,0.0,0.0,0.0,0.0,0.0,1.0,0.0,0.0,0.0,0.0,0.0,1.0,0.0,1.0,0.0,0.0,1.0,1.0,0.0,0.0,1.0,0.0,0.0,0.0,1.0,0.0,0.0,0.0,0.0,1.0,27.707384817940863,83.02791377476284,4.0,23.32,97.21,1.859178163350998,10.258566363420968
JUAN DE ACOSTA,2020,3,12,1,0.0,0.0,0.0,0.0,0.0,0.0,1.0,1.0,0.0,0.0,0.0,0.0,0.0,1.0,0.0,0.0,1.0,0.0,1.0,1.0,0.0,0.0,1.0,0.0,0.0,0.0,0.0,0.0,1.0,0.0,0.0,1.0,28.07340393066408,80.29776981898716,3.388571428401129,23.32,97.21,1.859178163350998,10.258566363420968
JUAN DE ACOSTA,2020,10,38,1,0.0,1.0,0.0,0.0,0.0,0.0,0.0,0.0,0.0,0.0,0.0,1.0,0.0,1.0,0.0,0.0,1.0,0.0,1.0,1.0,0.0,0.0,1.0,0.0,0.0,0.0,1.0,0.0,0.0,0.0,0.0,1.0,26.827730887276804,93.5916748046875,6.6442857299532205,23.32,97.21,1.859178163350998,10.258566363420968
JUAN DE ACOSTA,2020,12,47,1,0.0,0.0,0.0,0.0,1.0,0.0,0.0,0.0,0.0,0.0,0.0,0.0,1.0,1.0,0.0,1.0,0.0,0.0,1.0,0.0,1.0,0.0,1.0,0.0,0.0,0.0,1.0,0.0,0.0,0.0,0.0,1.0,26.275742013113863,92.32748740059988,5.200000075357301,23.32,97.21,1.859178163350998,10.258566363420968
JUAN DE ACOSTA,2020,13,51,2,0.0,0.5,0.0,0.0,0.5,0.0,0.0,0.5,0.0,0.0,0.0,0.0,0.5,1.0,0.0,0.0,1.0,0.0,1.0,0.5,0.5,0.0,1.0,0.0,0.0,0.0,1.0,0.0,0.0,0.0,0.0,1.0,26.693274797712068,89.81931849888393,1.9428571462631223,23.32,97.21,1.859178163350998,10.258566363420968
JUAN DE ACOSTA,2021,1,1,2,0.0,0.0,0.0,0.0,0.5,0.0,0.5,0.5,0.0,0.0,0.0,0.0,0.5,1.0,0.0,1.0,0.0,0.0,1.0,1.0,0.0,0.0,1.0,0.0,0.0,0.0,1.0,0.0,0.0,0.0,0.0,1.0,26.641567121233283,87.6109150477818,1.4285714285714286,23.5,98.29,1.859178163350998,10.258566363420968
JUAN DE ACOSTA,2021,1,4,1,0.0,0.0,0.0,0.0,0.0,0.0,1.0,0.0,0.0,0.0,0.0,0.0,1.0,1.0,0.0,0.0,1.0,0.0,1.0,1.0,0.0,0.0,1.0,0.0,0.0,0.0,1.0,0.0,0.0,0.0,0.0,1.0,27.126622227260068,85.32979147774833,0.0,23.5,98.29,1.859178163350998,10.258566363420968
JUAN DE ACOSTA,2021,2,5,1,0.0,0.0,0.0,0.0,1.0,0.0,0.0,0.0,0.0,0.0,0.0,0.0,1.0,1.0,0.0,1.0,0.0,0.0,1.0,1.0,0.0,0.0,1.0,0.0,0.0,0.0,1.0,0.0,0.0,0.0,0.0,1.0,26.908602469308047,85.8277816772461,4.571428571428571,23.5,98.29,1.859178163350998,10.258566363420968
JUAN DE ACOSTA,2021,6,21,1,0.0,1.0,0.0,0.0,0.0,0.0,0.0,1.0,0.0,0.0,0.0,0.0,0.0,1.0,0.0,1.0,0.0,0.0,1.0,0.0,1.0,0.0,1.0,0.0,0.0,0.0,1.0,0.0,0.0,1.0,0.0,0.0,28.02755344935828,85.85428401402065,6.515714526176453,23.5,98.29,1.859178163350998,10.258566363420968
JUAN DE ACOSTA,2021,6,24,2,0.5,0.5,0.0,0.0,0.0,0.0,0.0,0.5,0.0,0.0,0.0,0.0,0.5,1.0,0.0,0.5,0.5,0.0,1.0,0.5,0.5,0.0,1.0,0.0,0.0,0.0,1.0,0.0,0.0,0.5,0.0,0.5,27.005868530273457,90.67640250069756,8.094285658427648,23.5,98.29,1.859178163350998,10.258566363420968
JUAN DE ACOSTA,2021,8,32,1,1.0,0.0,0.0,0.0,0.0,0.0,0.0,1.0,0.0,0.0,0.0,0.0,0.0,1.0,0.0,0.0,1.0,0.0,1.0,0.0,1.0,0.0,1.0,0.0,0.0,0.0,0.0,1.0,0.0,1.0,0.0,0.0,27.076571219308047,92.24243055071148,5.8785713740757535,23.5,98.29,1.859178163350998,10.258566363420968
JUAN DE ACOSTA,2021,9,33,1,0.0,0.0,0.0,0.0,1.0,0.0,0.0,0.0,0.0,0.0,0.0,0.0,1.0,1.0,0.0,1.0,0.0,0.0,1.0,1.0,0.0,0.0,1.0,0.0,0.0,0.0,1.0,0.0,0.0,0.0,0.0,1.0,26.473419625418547,92.0450679234096,12.2714284488133,23.5,98.29,1.859178163350998,10.258566363420968
JUAN DE ACOSTA,2021,9,34,1,0.0,0.0,0.0,0.0,0.0,0.0,1.0,1.0,0.0,0.0,0.0,0.0,0.0,1.0,0.0,1.0,0.0,0.0,1.0,0.0,1.0,0.0,1.0,0.0,0.0,0.0,1.0,0.0,0.0,1.0,0.0,0.0,26.391081019810283,93.7127456665039,10.760000024523054,23.5,98.29,1.859178163350998,10.258566363420968
JUAN DE ACOSTA,2021,9,35,1,0.0,0.0,0.0,0.0,0.0,0.0,1.0,1.0,0.0,0.0,0.0,0.0,0.0,1.0,0.0,0.0,1.0,0.0,1.0,0.0,1.0,0.0,1.0,0.0,0.0,0.0,1.0,0.0,0.0,1.0,0.0,0.0,26.27794799804689,93.77123478480748,10.61714290614639,23.5,98.29,1.859178163350998,10.258566363420968
JUAN DE ACOSTA,2021,9,36,1,0.0,0.0,0.0,0.0,1.0,0.0,0.0,0.0,0.0,0.0,0.0,0.0,1.0,1.0,0.0,0.0,1.0,0.0,1.0,0.0,1.0,0.0,1.0,0.0,0.0,0.0,0.0,0.0,1.0,0.0,0.0,1.0,26.675592041015644,93.86781747000558,6.36857145173209,23.5,98.29,1.859178163350998,10.258566363420968
JUAN DE ACOSTA,2021,10,37,1,0.0,1.0,0.0,0.0,0.0,0.0,0.0,0.0,0.0,0.0,0.0,1.0,0.0,1.0,0.0,1.0,0.0,0.0,1.0,0.0,1.0,0.0,1.0,0.0,0.0,0.0,1.0,0.0,0.0,0.0,0.0,1.0,26.55359366280694,92.8987295968192,6.654285703386579,23.5,98.29,1.859178163350998,10.258566363420968
JUAN DE ACOSTA,2021,11,44,2,0.5,0.0,0.0,0.0,0.5,0.0,0.0,0.0,0.0,0.0,0.0,0.5,0.5,1.0,0.0,0.0,1.0,0.0,1.0,1.0,0.0,0.0,1.0,0.0,0.0,0.0,1.0,0.0,0.0,0.0,0.0,1.0,25.58406328473774,91.40525817871094,10.338571412222723,23.5,98.29,1.859178163350998,10.258566363420968
JUAN DE ACOSTA,2021,12,46,3,0.6666666666666666,0.3333333333333333,0.0,0.0,0.0,0.0,0.0,0.0,0.0,0.0,0.0,0.3333333333333333,0.6666666666666666,1.0,0.0,0.3333333333333333,0.6666666666666666,0.0,1.0,0.3333333333333333,0.6666666666666666,0.0,1.0,0.0,0.0,0.0,1.0,0.0,0.0,0.0,0.0,1.0,26.950173950195328,92.67354583740234,10.421428595270427,23.5,98.29,1.859178163350998,10.258566363420968
JUAN DE ACOSTA,2021,12,47,2,0.5,0.0,0.0,0.0,0.0,0.5,0.0,0.0,0.0,0.0,0.0,0.0,1.0,1.0,0.0,0.5,0.5,0.0,1.0,0.5,0.5,0.0,1.0,0.0,0.0,0.0,0.5,0.5,0.0,0.0,0.0,1.0,26.30098005022324,92.602046421596,5.937142874513354,23.5,98.29,1.859178163350998,10.258566363420968
JUAN DE ACOSTA,2021,12,48,4,0.75,0.25,0.0,0.0,0.0,0.0,0.0,0.0,0.0,0.0,0.0,0.0,1.0,1.0,0.0,0.0,1.0,0.0,1.0,0.75,0.25,0.0,1.0,0.0,0.0,0.0,0.5,0.5,0.0,0.0,0.0,1.0,26.42741873604912,91.87788936070034,5.239999958447048,23.5,98.29,1.859178163350998,10.258566363420968
JUAN DE ACOSTA,2021,13,49,2,1.0,0.0,0.0,0.0,0.0,0.0,0.0,0.0,0.0,0.0,0.0,0.0,1.0,1.0,0.0,0.0,1.0,0.0,1.0,1.0,0.0,0.0,1.0,0.0,0.0,0.0,1.0,0.0,0.0,0.5,0.0,0.5,27.0192330496652,89.34881918770927,3.2857142857142856,23.5,98.29,1.859178163350998,10.258566363420968
JUAN DE ACOSTA,2021,13,51,1,1.0,0.0,0.0,0.0,0.0,0.0,0.0,0.0,0.0,0.0,0.0,0.0,1.0,1.0,0.0,0.0,1.0,0.0,1.0,1.0,0.0,0.0,1.0,0.0,0.0,0.0,1.0,0.0,0.0,1.0,0.0,0.0,26.63069850376676,91.0066408429827,1.5442857311240263,23.5,98.29,1.859178163350998,10.258566363420968
JUAN DE ACOSTA,2022,1,1,2,0.0,1.0,0.0,0.0,0.0,0.0,0.0,0.5,0.0,0.0,0.0,0.0,0.5,1.0,0.0,0.5,0.5,0.0,1.0,0.5,0.5,0.0,1.0,0.0,0.0,0.0,1.0,0.0,0.0,0.0,0.0,1.0,26.857502964564752,87.56585475376674,0.0,23.47,98.09,1.859178163350998,10.258566363420968
JUAN DE ACOSTA,2022,1,2,3,0.0,0.0,0.0,0.0,0.3333333333333333,0.0,0.6666666666666666,0.3333333333333333,0.0,0.0,0.0,0.0,0.6666666666666666,1.0,0.0,0.0,1.0,0.0,1.0,0.3333333333333333,0.6666666666666666,0.0,1.0,0.0,0.0,0.0,1.0,0.0,0.0,0.0,0.0,1.0,26.525493512834835,87.57075500488281,5.177142857973065,23.47,98.09,1.859178163350998,10.258566363420968
JUAN DE ACOSTA,2022,1,4,3,0.3333333333333333,0.0,0.3333333333333333,0.0,0.3333333333333333,0.0,0.0,0.0,0.0,0.3333333333333333,0.0,0.0,0.6666666666666666,1.0,0.0,0.3333333333333333,0.6666666666666666,0.0,1.0,0.3333333333333333,0.6666666666666666,0.0,1.0,0.0,0.0,0.0,0.6666666666666666,0.3333333333333333,0.0,0.3333333333333333,0.0,0.6666666666666666,26.88675406319756,85.6902847290039,17.14285741533552,23.47,98.09,1.859178163350998,10.258566363420968
JUAN DE ACOSTA,2022,2,5,1,0.0,0.0,0.0,0.0,0.0,0.0,1.0,0.0,0.0,0.0,0.0,0.0,1.0,1.0,0.0,0.0,1.0,0.0,1.0,0.0,1.0,0.0,1.0,0.0,0.0,0.0,0.0,1.0,0.0,0.0,0.0,1.0,27.04841657366073,86.09500558035714,6.2857144219534735,23.47,98.09,1.859178163350998,10.258566363420968
JUAN DE ACOSTA,2022,2,7,2,0.5,0.0,0.0,0.0,0.0,0.0,0.5,0.0,0.0,0.0,0.0,0.0,1.0,1.0,0.0,0.0,1.0,0.0,1.0,1.0,0.0,0.0,1.0,0.0,0.0,0.0,0.5,0.5,0.0,0.0,0.0,1.0,27.45545785086497,81.00372205461774,0.5785714217594692,23.47,98.09,1.859178163350998,10.258566363420968
JUAN DE ACOSTA,2022,3,9,1,1.0,0.0,0.0,0.0,0.0,0.0,0.0,1.0,0.0,0.0,0.0,0.0,0.0,1.0,0.0,0.0,1.0,0.0,1.0,0.0,1.0,0.0,1.0,0.0,0.0,0.0,1.0,0.0,0.0,0.0,0.0,1.0,27.32452218191966,85.39237213134766,3.5957143072571074,23.47,98.09,1.859178163350998,10.258566363420968
JUAN DE ACOSTA,2022,5,20,1,1.0,0.0,0.0,0.0,0.0,0.0,0.0,0.0,0.0,0.0,0.0,1.0,0.0,1.0,0.0,0.0,1.0,0.0,1.0,1.0,0.0,0.0,1.0,0.0,0.0,0.0,0.0,1.0,0.0,0.0,0.0,1.0,27.272993251255595,91.00450788225446,5.559999857630048,23.47,98.09,1.859178163350998,10.258566363420968
JUAN DE ACOSTA,2022,6,23,2,1.0,0.0,0.0,0.0,0.0,0.0,0.0,0.0,0.0,0.0,0.0,0.0,1.0,1.0,0.0,0.0,1.0,0.0,1.0,1.0,0.0,0.0,1.0,0.0,0.0,0.0,1.0,0.0,0.0,0.0,0.0,1.0,26.431636701311398,91.66468920026507,15.348571368626184,23.47,98.09,1.859178163350998,10.258566363420968
JUAN DE ACOSTA,2022,7,25,6,0.5,0.1666666666666666,0.0,0.0,0.1666666666666666,0.0,0.1666666666666666,0.1666666666666666,0.0,0.0,0.0,0.1666666666666666,0.6666666666666666,1.0,0.0,0.3333333333333333,0.6666666666666666,0.0,1.0,0.3333333333333333,0.6666666666666666,0.0,1.0,0.0,0.0,0.0,1.0,0.0,0.0,0.5,0.0,0.5,26.63096880231587,92.73375047956196,9.890000002724785,23.47,98.09,1.859178163350998,10.258566363420968
JUAN DE ACOSTA,2022,7,26,7,0.2857142857142857,0.2857142857142857,0.0,0.0,0.4285714285714285,0.0,0.0,0.0,0.0,0.0,0.0,0.1428571428571428,0.8571428571428571,1.0,0.0,0.5714285714285714,0.4285714285714285,0.0,1.0,0.7142857142857143,0.2857142857142857,0.0,1.0,0.0,0.0,0.0,1.0,0.0,0.0,0.8571428571428571,0.0,0.1428571428571428,26.4272160121373,92.10438319614956,7.304285764694214,23.47,98.09,1.859178163350998,10.258566363420968
JUAN DE ACOSTA,2022,7,28,2,1.0,0.0,0.0,0.0,0.0,0.0,0.0,0.0,0.0,0.0,0.0,0.0,1.0,1.0,0.0,0.0,1.0,0.0,1.0,0.5,0.5,0.0,1.0,0.0,0.0,0.0,0.5,0.5,0.0,0.5,0.0,0.5,27.296012224469884,92.93411254882812,6.288571247032711,23.47,98.09,1.859178163350998,10.258566363420968
JUAN DE ACOSTA,2022,8,29,3,0.3333333333333333,0.3333333333333333,0.0,0.0,0.3333333333333333,0.0,0.0,0.0,0.0,0.0,0.0,0.0,1.0,1.0,0.0,0.0,1.0,0.0,1.0,0.3333333333333333,0.6666666666666666,0.0,1.0,0.0,0.0,0.0,1.0,0.0,0.0,0.0,0.0,1.0,27.37068873814176,93.54399980817524,5.265714236668178,23.47,98.09,1.859178163350998,10.258566363420968
JUAN DE ACOSTA,2022,8,31,1,1.0,0.0,0.0,0.0,0.0,0.0,0.0,0.0,0.0,0.0,0.0,0.0,1.0,0.0,1.0,0.0,1.0,0.0,1.0,1.0,0.0,0.0,1.0,0.0,0.0,0.0,1.0,0.0,0.0,0.0,0.0,1.0,27.105307878766755,92.09481593540735,14.281428745814733,23.47,98.09,1.859178163350998,10.258566363420968
JUAN DE ACOSTA,2022,8,32,1,1.0,0.0,0.0,0.0,0.0,0.0,0.0,0.0,0.0,0.0,0.0,0.0,1.0,0.0,1.0,0.0,1.0,0.0,1.0,1.0,0.0,0.0,1.0,0.0,0.0,0.0,1.0,0.0,0.0,0.0,0.0,1.0,27.029543631417425,94.83190373011998,7.02285715511867,23.47,98.09,1.859178163350998,10.258566363420968
JUAN DE ACOSTA,2022,9,33,1,0.0,1.0,0.0,0.0,0.0,0.0,0.0,1.0,0.0,0.0,0.0,0.0,0.0,1.0,0.0,1.0,0.0,0.0,1.0,0.0,1.0,0.0,1.0,0.0,0.0,0.0,1.0,0.0,0.0,1.0,0.0,0.0,27.176344081333724,92.96411677769252,11.848571300506592,23.47,98.09,1.859178163350998,10.258566363420968
JUAN DE ACOSTA,2022,9,34,2,0.5,0.0,0.0,0.0,0.0,0.0,0.5,1.0,0.0,0.0,0.0,0.0,0.0,1.0,0.0,0.0,1.0,0.0,1.0,1.0,0.0,0.0,1.0,0.0,0.0,0.0,1.0,0.0,0.0,0.0,0.0,1.0,26.580329241071446,93.49058205740792,9.86142887387957,23.47,98.09,1.859178163350998,10.258566363420968
JUAN DE ACOSTA,2022,10,38,4,0.75,0.0,0.0,0.0,0.0,0.0,0.25,0.0,0.0,0.0,0.0,0.0,1.0,1.0,0.0,0.25,0.75,0.0,1.0,0.25,0.75,0.0,1.0,0.0,0.0,0.0,1.0,0.0,0.0,0.25,0.0,0.75,25.95381862095426,93.46277400425502,5.869999987738473,23.47,98.09,1.859178163350998,10.258566363420968
JUAN DE ACOSTA,2022,10,39,1,1.0,0.0,0.0,0.0,0.0,0.0,0.0,0.0,0.0,0.0,0.0,0.0,1.0,1.0,0.0,1.0,0.0,0.0,1.0,1.0,0.0,0.0,1.0,0.0,0.0,0.0,1.0,0.0,0.0,0.0,0.0,1.0,26.344755336216537,94.07055010114398,4.872857089553561,23.47,98.09,1.859178163350998,10.258566363420968
JUAN DE ACOSTA,2022,10,40,2,1.0,0.0,0.0,0.0,0.0,0.0,0.0,0.0,0.0,0.0,0.0,0.0,1.0,0.5,0.5,0.0,1.0,0.0,1.0,0.5,0.5,0.0,1.0,0.0,0.0,0.0,1.0,0.0,0.0,0.5,0.0,0.5,26.43605303083149,92.45858001708984,9.250000067055224,23.47,98.09,1.859178163350998,10.258566363420968
JUAN DE ACOSTA,2022,11,41,4,0.5,0.0,0.0,0.0,0.5,0.0,0.0,0.0,0.0,0.0,0.0,0.0,1.0,1.0,0.0,0.75,0.25,0.0,1.0,0.5,0.5,0.0,1.0,0.0,0.0,0.0,1.0,0.0,0.0,0.0,0.0,1.0,26.49875357491631,93.24598257882256,6.778571333203997,23.47,98.09,1.859178163350998,10.258566363420968
JUAN DE ACOSTA,2022,11,42,5,0.2,0.4,0.0,0.0,0.2,0.0,0.2,0.0,0.0,0.0,0.0,0.2,0.8,1.0,0.0,0.4,0.6,0.0,1.0,0.4,0.6,0.0,1.0,0.0,0.0,0.0,0.8,0.2,0.0,0.2,0.0,0.8,26.63933279854913,93.65145765032086,6.337142774036953,23.47,98.09,1.859178163350998,10.258566363420968
JUAN DE ACOSTA,2022,11,43,4,0.75,0.0,0.0,0.0,0.25,0.0,0.0,0.5,0.0,0.0,0.0,0.0,0.5,1.0,0.0,0.25,0.75,0.0,1.0,0.0,1.0,0.0,1.0,0.0,0.0,0.0,1.0,0.0,0.0,0.0,0.0,1.0,26.312642124721,92.3553227015904,7.097142917769296,23.47,98.09,1.859178163350998,10.258566363420968
JUAN DE ACOSTA,2022,11,44,6,0.8333333333333334,0.1666666666666666,0.0,0.0,0.0,0.0,0.0,0.3333333333333333,0.0,0.1666666666666666,0.0,0.3333333333333333,0.1666666666666666,1.0,0.0,0.3333333333333333,0.6666666666666666,0.0,1.0,0.3333333333333333,0.6666666666666666,0.0,1.0,0.0,0.0,0.0,1.0,0.0,0.0,0.0,0.0,1.0,26.23452366420201,93.34605407714844,6.801428581987109,23.47,98.09,1.859178163350998,10.258566363420968
JUAN DE ACOSTA,2022,12,45,3,0.3333333333333333,0.3333333333333333,0.0,0.0,0.0,0.0,0.3333333333333333,0.0,0.0,0.0,0.0,0.0,1.0,1.0,0.0,0.0,1.0,0.0,1.0,0.6666666666666666,0.3333333333333333,0.0,1.0,0.0,0.0,0.0,1.0,0.0,0.0,0.3333333333333333,0.0,0.6666666666666666,25.22532479422435,93.88598741803852,13.00428567613874,23.47,98.09,1.859178163350998,10.258566363420968
JUAN DE ACOSTA,2022,12,46,3,0.3333333333333333,0.3333333333333333,0.0,0.0,0.3333333333333333,0.0,0.0,0.3333333333333333,0.0,0.0,0.0,0.0,0.6666666666666666,1.0,0.0,0.3333333333333333,0.6666666666666666,0.0,1.0,0.3333333333333333,0.6666666666666666,0.0,1.0,0.0,0.0,0.0,1.0,0.0,0.0,0.0,0.0,1.0,26.037561035156276,94.2339346749442,18.698571128504614,23.47,98.09,1.859178163350998,10.258566363420968
JUAN DE ACOSTA,2022,12,47,8,0.875,0.125,0.0,0.0,0.0,0.0,0.0,0.125,0.0,0.0,0.125,0.0,0.75,1.0,0.0,0.25,0.75,0.0,1.0,0.375,0.625,0.0,1.0,0.0,0.0,0.0,1.0,0.0,0.0,0.25,0.0,0.75,26.51284179687501,93.7390659877232,4.24428574528013,23.47,98.09,1.859178163350998,10.258566363420968
JUAN DE ACOSTA,2022,13,49,7,0.5714285714285714,0.0,0.0,0.0,0.4285714285714285,0.0,0.0,0.1428571428571428,0.0,0.0,0.0,0.0,0.8571428571428571,0.7142857142857143,0.2857142857142857,0.0,1.0,0.0,1.0,0.2857142857142857,0.7142857142857143,0.0,1.0,0.0,0.0,0.0,1.0,0.0,0.0,0.2857142857142857,0.0,0.7142857142857143,26.064274815150693,88.77349635532924,4.801428573472159,23.47,98.09,1.859178163350998,10.258566363420968
JUAN DE ACOSTA,2022,13,50,5,0.4,0.0,0.2,0.0,0.4,0.0,0.0,0.6,0.0,0.0,0.0,0.0,0.4,1.0,0.0,0.0,1.0,0.0,1.0,0.4,0.6,0.0,1.0,0.0,0.0,0.0,1.0,0.0,0.0,0.0,0.0,1.0,26.38967503138953,90.3434328351702,9.214285975056034,23.47,98.09,1.859178163350998,10.258566363420968
JUAN DE ACOSTA,2022,13,51,4,0.75,0.25,0.0,0.0,0.0,0.0,0.0,0.25,0.0,0.0,0.0,0.0,0.75,1.0,0.0,0.0,1.0,0.0,1.0,0.5,0.5,0.0,1.0,0.0,0.0,0.0,1.0,0.0,0.0,0.25,0.0,0.75,26.855451747349356,87.61025129045758,4.428571428571429,23.47,98.09,1.859178163350998,10.258566363420968
JUAN DE ACOSTA,2022,13,52,5,0.6,0.0,0.0,0.0,0.4,0.0,0.0,0.6,0.0,0.0,0.0,0.0,0.4,1.0,0.0,0.0,1.0,0.0,1.0,0.8,0.2,0.0,1.0,0.0,0.0,0.0,1.0,0.0,0.0,0.0,0.0,1.0,26.53784005301341,88.75425938197544,1.0,23.47,98.09,1.859178163350998,10.258566363420968
JUAN DE ACOSTA,2023,1,1,5,0.8,0.2,0.0,0.0,0.0,0.0,0.0,0.2,0.0,0.0,0.0,0.0,0.8,1.0,0.0,0.2,0.8,0.0,1.0,0.8,0.2,0.0,1.0,0.0,0.0,0.0,1.0,0.0,0.0,0.0,0.0,1.0,26.764727347237734,91.31854357038226,4.1099999994039536,23.18,96.76,1.859178163350998,10.258566363420968
JUAN DE ACOSTA,2023,1,2,2,1.0,0.0,0.0,0.0,0.0,0.0,0.0,0.5,0.0,0.0,0.0,0.0,0.5,1.0,0.0,0.5,0.5,0.0,1.0,0.0,1.0,0.0,1.0,0.0,0.0,0.0,1.0,0.0,0.0,0.0,0.0,1.0,26.81746172223774,89.80182865687779,1.8985714252505983,23.18,96.76,1.859178163350998,10.258566363420968
JUAN DE ACOSTA,2023,1,4,1,1.0,0.0,0.0,0.0,0.0,0.0,0.0,0.0,0.0,0.0,0.0,0.0,1.0,1.0,0.0,0.0,1.0,0.0,1.0,0.0,1.0,0.0,1.0,0.0,0.0,0.0,1.0,0.0,0.0,0.0,0.0,1.0,27.406483677455373,81.79192788260323,0.0,23.18,96.76,1.859178163350998,10.258566363420968
JUAN DE ACOSTA,2023,2,5,1,0.0,1.0,0.0,0.0,0.0,0.0,0.0,0.0,0.0,0.0,0.0,0.0,1.0,1.0,0.0,0.0,1.0,0.0,1.0,1.0,0.0,0.0,1.0,0.0,0.0,0.0,0.0,1.0,0.0,0.0,0.0,1.0,26.48348170689176,82.90505981445312,0.0,23.18,96.76,1.859178163350998,10.258566363420968
JUAN DE ACOSTA,2023,2,6,4,0.25,0.5,0.25,0.0,0.0,0.0,0.0,0.25,0.0,0.0,0.0,0.0,0.75,1.0,0.0,0.25,0.75,0.0,1.0,0.25,0.75,0.0,1.0,0.0,0.0,0.0,1.0,0.0,0.0,0.0,0.0,1.0,27.2444266183036,81.71706826346261,3.2857142857142856,23.18,96.76,1.859178163350998,10.258566363420968
JUAN DE ACOSTA,2023,2,7,1,1.0,0.0,0.0,0.0,0.0,0.0,0.0,1.0,0.0,0.0,0.0,0.0,0.0,1.0,0.0,0.0,1.0,0.0,1.0,1.0,0.0,0.0,1.0,0.0,0.0,0.0,1.0,0.0,0.0,1.0,0.0,0.0,27.054149518694214,82.0684334891183,5.729999999914851,23.18,96.76,1.859178163350998,10.258566363420968
JUAN DE ACOSTA,2023,2,8,2,1.0,0.0,0.0,0.0,0.0,0.0,0.0,0.0,0.0,0.0,0.0,0.0,1.0,1.0,0.0,1.0,0.0,0.0,1.0,0.0,1.0,0.0,1.0,0.0,0.0,0.0,1.0,0.0,0.0,0.5,0.0,0.5,26.545493425641748,80.62930733816964,0.0,23.18,96.76,1.859178163350998,10.258566363420968
JUAN DE ACOSTA,2023,3,9,1,0.0,1.0,0.0,0.0,0.0,0.0,0.0,0.0,0.0,0.0,0.0,0.0,1.0,1.0,0.0,0.0,1.0,0.0,1.0,0.0,1.0,0.0,1.0,0.0,0.0,0.0,1.0,0.0,0.0,0.0,0.0,1.0,26.914531598772346,85.32739802769252,0.0028571427932807,23.18,96.76,1.859178163350998,10.258566363420968
JUAN DE ACOSTA,2023,3,10,3,0.3333333333333333,0.3333333333333333,0.0,0.0,0.3333333333333333,0.0,0.0,0.0,0.0,0.0,0.0,0.0,1.0,1.0,0.0,0.0,1.0,0.0,1.0,1.0,0.0,0.0,1.0,0.0,0.0,0.0,1.0,0.0,0.0,0.0,0.0,1.0,26.784400285993325,85.8041272844587,2.6385714262723923,23.18,96.76,1.859178163350998,10.258566363420968
JUAN DE ACOSTA,2023,3,11,1,0.0,1.0,0.0,0.0,0.0,0.0,0.0,0.0,0.0,0.0,0.0,0.0,1.0,0.0,1.0,0.0,1.0,0.0,1.0,0.0,1.0,0.0,1.0,0.0,0.0,0.0,1.0,0.0,0.0,0.0,0.0,1.0,27.1310995919364,90.45365469796316,12.815714291163854,23.18,96.76,1.859178163350998,10.258566363420968
JUAN DE ACOSTA,2023,5,17,1,0.0,0.0,0.0,0.0,1.0,0.0,0.0,1.0,0.0,0.0,0.0,0.0,0.0,1.0,0.0,0.0,1.0,0.0,1.0,1.0,0.0,0.0,1.0,0.0,0.0,0.0,1.0,0.0,0.0,0.0,0.0,1.0,27.7610281808036,88.74755423409599,3.5542857306344167,23.18,96.76,1.859178163350998,10.258566363420968
JUAN DE ACOSTA,2023,6,24,2,0.5,0.0,0.0,0.0,0.5,0.0,0.0,0.5,0.0,0.0,0.0,0.0,0.5,1.0,0.0,0.0,1.0,0.0,1.0,0.0,1.0,0.0,1.0,0.0,0.0,0.0,0.0,1.0,0.0,0.0,0.0,1.0,28.34751717703685,90.8199713570731,3.797142880303519,23.18,96.76,1.859178163350998,10.258566363420968
JUAN DE ACOSTA,2023,7,25,2,0.5,0.5,0.0,0.0,0.0,0.0,0.0,0.5,0.0,0.0,0.0,0.0,0.5,1.0,0.0,0.5,0.5,0.0,1.0,0.5,0.5,0.0,1.0,0.0,0.0,0.0,1.0,0.0,0.0,0.0,0.0,1.0,28.662977382114978,90.56031363351003,9.662857123783656,23.18,96.76,1.859178163350998,10.258566363420968
JUAN DE ACOSTA,2023,8,29,1,0.0,0.0,0.0,0.0,1.0,0.0,0.0,1.0,0.0,0.0,0.0,0.0,0.0,1.0,0.0,0.0,1.0,0.0,1.0,0.0,1.0,0.0,1.0,0.0,0.0,0.0,0.0,1.0,0.0,1.0,0.0,0.0,28.71279296875002,89.75567844935826,1.5971428594951118,23.18,96.76,1.859178163350998,10.258566363420968
JUAN DE ACOSTA,2023,8,30,2,0.5,0.0,0.0,0.0,0.5,0.0,0.0,0.5,0.0,0.0,0.0,0.0,0.5,1.0,0.0,0.5,0.5,0.0,1.0,0.5,0.5,0.0,1.0,0.0,0.0,0.0,0.5,0.5,0.0,1.0,0.0,0.0,28.58104422433038,88.55306570870536,3.060000002384186,23.18,96.76,1.859178163350998,10.258566363420968
JUAN DE ACOSTA,2023,9,33,1,0.0,0.0,0.0,0.0,1.0,0.0,0.0,0.0,0.0,0.0,0.0,0.0,1.0,1.0,0.0,0.0,1.0,0.0,1.0,1.0,0.0,0.0,1.0,0.0,0.0,0.0,1.0,0.0,0.0,1.0,0.0,0.0,28.114155796596,92.1027101789202,3.5428571701049805,23.18,96.76,1.859178163350998,10.258566363420968
JUAN DE ACOSTA,2023,13,49,1,1.0,0.0,0.0,0.0,0.0,0.0,0.0,0.0,0.0,0.0,0.0,0.0,1.0,1.0,0.0,1.0,0.0,0.0,1.0,1.0,0.0,0.0,1.0,0.0,0.0,0.0,1.0,0.0,0.0,0.0,0.0,1.0,27.303515189034616,89.09206826346261,1.7142857142857142,23.18,96.76,1.859178163350998,10.258566363420968
LURUACO,2017,1,3,1,0.0,1.0,0.0,0.0,0.0,0.0,0.0,0.0,0.0,0.0,0.0,0.0,1.0,1.0,0.0,0.0,1.0,0.0,1.0,0.0,1.0,1.0,0.0,0.0,0.0,0.0,1.0,0.0,0.0,0.0,0.0,1.0,26.74401172456289,87.81989966498482,0.5,23.03791946584945,96.09090103559934,1.906556563719911,1.591647379259128
LURUACO,2017,1,4,1,0.0,1.0,0.0,0.0,0.0,0.0,0.0,0.0,0.0,0.0,0.0,0.0,1.0,1.0,0.0,1.0,0.0,0.0,1.0,0.0,1.0,1.0,0.0,0.0,0.0,0.0,1.0,0.0,0.0,0.0,0.0,1.0,27.064775206550745,89.45497676304409,0.7857142857142857,23.03791946584945,96.09090103559934,1.906556563719911,1.591647379259128
LURUACO,2017,4,16,2,0.0,0.5,0.0,0.0,0.0,0.0,0.5,0.0,0.0,0.0,0.0,0.0,1.0,1.0,0.0,1.0,0.0,0.0,1.0,1.0,0.0,1.0,0.0,0.0,0.0,0.0,0.5,0.5,0.0,0.0,0.0,1.0,28.16222824823291,88.57569437178354,-4281.208565848215,23.03791946584945,96.09090103559934,1.906556563719911,1.591647379259128
LURUACO,2017,5,18,1,0.0,1.0,0.0,0.0,0.0,0.0,0.0,1.0,0.0,0.0,0.0,0.0,0.0,1.0,0.0,1.0,0.0,0.0,1.0,1.0,0.0,1.0,0.0,0.0,0.0,0.0,0.0,1.0,0.0,0.0,0.0,1.0,27.777032712906145,89.47777278839597,-4995.779994419643,23.03791946584945,96.09090103559934,1.906556563719911,1.591647379259128
LURUACO,2017,5,20,1,0.0,0.0,1.0,0.0,0.0,0.0,0.0,0.0,0.0,0.0,0.0,1.0,0.0,1.0,0.0,0.0,1.0,0.0,1.0,0.0,1.0,1.0,0.0,0.0,0.0,0.0,1.0,0.0,0.0,0.0,0.0,1.0,27.852218579489108,90.59269750685918,-4996.774274553572,23.03791946584945,96.09090103559934,1.906556563719911,1.591647379259128
LURUACO,2017,6,22,1,1.0,0.0,0.0,0.0,0.0,0.0,0.0,0.0,0.0,0.0,0.0,0.0,1.0,1.0,0.0,0.0,1.0,0.0,1.0,0.0,1.0,1.0,0.0,0.0,0.0,0.0,1.0,0.0,0.0,0.0,0.0,1.0,28.09420190235928,89.67705996074373,-3569.280691964286,23.03791946584945,96.09090103559934,1.906556563719911,1.591647379259128
LURUACO,2017,6,23,1,0.0,0.0,1.0,0.0,0.0,0.0,0.0,0.0,0.0,0.0,0.0,0.0,1.0,1.0,0.0,1.0,0.0,0.0,1.0,0.0,1.0,1.0,0.0,0.0,0.0,0.0,0.0,0.0,1.0,0.0,0.0,1.0,27.60252012222534,91.70040360708084,-4995.855747767857,23.03791946584945,96.09090103559934,1.906556563719911,1.591647379259128
LURUACO,2017,7,25,3,0.0,0.6666666666666666,0.3333333333333333,0.0,0.0,0.0,0.0,0.0,0.0,0.0,0.0,0.0,1.0,1.0,0.0,1.0,0.0,0.0,1.0,0.3333333333333333,0.6666666666666666,1.0,0.0,0.0,0.0,0.0,1.0,0.0,0.0,0.0,0.0,1.0,27.43556959364152,91.15187230185856,-4996.947126116072,23.03791946584945,96.09090103559934,1.906556563719911,1.591647379259128
LURUACO,2017,10,40,2,0.0,0.5,0.0,0.5,0.0,0.0,0.0,0.0,0.0,0.0,0.0,0.0,1.0,1.0,0.0,1.0,0.0,0.0,1.0,0.5,0.5,1.0,0.0,0.0,0.0,0.0,0.5,0.5,0.0,0.0,0.0,1.0,26.57556922549295,93.99507286435085,-4283.240025111607,23.03791946584945,96.09090103559934,1.906556563719911,1.591647379259128
LURUACO,2018,9,34,1,0.0,1.0,0.0,0.0,0.0,0.0,0.0,1.0,0.0,0.0,0.0,0.0,0.0,1.0,0.0,0.0,1.0,0.0,1.0,1.0,0.0,1.0,0.0,0.0,0.0,0.0,1.0,0.0,0.0,0.0,0.0,1.0,28.295360213991195,89.5107667711046,-4999.095703125,17.07,71.65,1.906556563719911,1.591647379259128
LURUACO,2018,9,36,1,0.0,0.0,0.0,0.0,0.0,0.0,1.0,0.0,0.0,0.0,0.0,0.0,1.0,1.0,0.0,0.0,1.0,0.0,1.0,0.0,1.0,1.0,0.0,0.0,0.0,0.0,1.0,0.0,0.0,1.0,0.0,0.0,27.33164658319385,92.66776251414466,-4995.761369977678,17.07,71.65,1.906556563719911,1.591647379259128
LURUACO,2018,13,50,2,1.0,0.0,0.0,0.0,0.0,0.0,0.0,0.5,0.0,0.0,0.0,0.0,0.5,1.0,0.0,0.0,1.0,0.0,1.0,1.0,0.0,1.0,0.0,0.0,0.0,0.0,1.0,0.0,0.0,0.0,0.0,1.0,27.46092025514634,89.20574381994822,-4999.447126116072,17.07,71.65,1.906556563719911,1.591647379259128
LURUACO,2018,13,51,1,0.0,0.0,0.0,0.0,0.0,0.0,1.0,0.0,0.0,0.0,0.0,0.0,1.0,1.0,0.0,1.0,0.0,0.0,1.0,0.0,1.0,1.0,0.0,0.0,0.0,0.0,1.0,0.0,0.0,0.0,0.0,1.0,27.293215748620423,90.40491679358104,-4999.468610491072,17.07,71.65,1.906556563719911,1.591647379259128
LURUACO,2019,2,5,1,0.0,0.0,0.0,0.0,0.0,0.0,1.0,0.0,0.0,0.0,0.0,0.0,1.0,1.0,0.0,0.0,1.0,0.0,1.0,0.0,1.0,1.0,0.0,0.0,0.0,0.0,1.0,0.0,0.0,0.0,0.0,1.0,27.47872144911029,86.42738196963356,0.2142857142857142,18.58,78.11,1.906556563719911,1.591647379259128
LURUACO,2019,4,15,1,1.0,0.0,0.0,0.0,0.0,0.0,0.0,0.0,0.0,0.0,0.0,1.0,0.0,0.0,1.0,0.0,1.0,0.0,1.0,1.0,0.0,1.0,0.0,0.0,0.0,0.0,0.0,1.0,0.0,1.0,0.0,0.0,28.419084772988,86.70086294507223,-4283.95068359375,18.58,78.11,1.906556563719911,1.591647379259128
LURUACO,2019,5,19,1,0.0,0.0,0.0,0.0,0.0,0.0,1.0,0.0,0.0,0.0,0.0,0.0,1.0,1.0,0.0,0.0,1.0,0.0,1.0,1.0,0.0,1.0,0.0,0.0,0.0,0.0,1.0,0.0,0.0,0.0,0.0,1.0,28.050421772305945,88.21506633455792,-4281.272809709822,18.58,78.11,1.906556563719911,1.591647379259128
LURUACO,2019,7,26,1,1.0,0.0,0.0,0.0,0.0,0.0,0.0,1.0,0.0,0.0,0.0,0.0,0.0,1.0,0.0,1.0,0.0,0.0,1.0,0.0,1.0,1.0,0.0,0.0,0.0,0.0,1.0,0.0,0.0,1.0,0.0,0.0,28.40748494466148,87.59052167619977,-3567.845703125,18.58,78.11,1.906556563719911,1.591647379259128
LURUACO,2019,8,31,1,0.0,0.0,0.0,0.0,0.0,0.0,1.0,0.0,0.0,0.0,0.0,0.0,1.0,1.0,0.0,0.0,1.0,0.0,1.0,0.0,1.0,1.0,0.0,0.0,0.0,0.0,1.0,0.0,0.0,0.0,0.0,1.0,28.63578888423861,89.7701386951265,-4998.428501674107,18.58,78.11,1.906556563719911,1.591647379259128
LURUACO,2019,9,33,1,0.0,0.0,0.0,0.0,1.0,0.0,0.0,0.0,0.0,0.0,0.0,0.0,1.0,1.0,0.0,0.0,1.0,0.0,1.0,1.0,0.0,1.0,0.0,0.0,0.0,0.0,1.0,0.0,0.0,0.0,0.0,1.0,27.586117166186163,90.94390081980872,-4994.427804129465,18.58,78.11,1.906556563719911,1.591647379259128
LURUACO,2019,10,40,3,0.0,0.6666666666666666,0.0,0.0,0.3333333333333333,0.0,0.0,1.0,0.0,0.0,0.0,0.0,0.0,1.0,0.0,0.0,1.0,0.0,1.0,0.3333333333333333,0.6666666666666666,1.0,0.0,0.0,0.0,0.0,0.3333333333333333,0.6666666666666666,0.0,0.3333333333333333,0.0,0.6666666666666666,26.506649392748663,94.19954499744236,-4996.632045200893,18.58,78.11,1.906556563719911,1.591647379259128
LURUACO,2019,11,41,3,0.3333333333333333,0.0,0.0,0.0,0.6666666666666666,0.0,0.0,0.6666666666666666,0.0,0.0,0.0,0.0,0.3333333333333333,1.0,0.0,0.0,1.0,0.0,1.0,0.3333333333333333,0.6666666666666666,1.0,0.0,0.0,0.0,0.0,0.6666666666666666,0.3333333333333333,0.0,0.3333333333333333,0.0,0.6666666666666666,26.39522341773625,93.3391587999132,-4995.399972098215,18.58,78.11,1.906556563719911,1.591647379259128
LURUACO,2019,11,42,2,0.0,0.0,0.0,0.0,0.5,0.0,0.5,0.0,0.0,0.0,0.0,0.0,1.0,1.0,0.0,0.0,1.0,0.0,1.0,0.0,1.0,1.0,0.0,0.0,0.0,0.0,1.0,0.0,0.0,0.0,0.0,1.0,26.44747701977929,93.2497104463123,-4994.637137276785,18.58,78.11,1.906556563719911,1.591647379259128
LURUACO,2019,11,43,3,0.3333333333333333,0.0,0.3333333333333333,0.0,0.3333333333333333,0.0,0.0,0.3333333333333333,0.0,0.0,0.0,0.0,0.6666666666666666,0.6666666666666666,0.3333333333333333,0.3333333333333333,0.6666666666666666,0.0,1.0,0.6666666666666666,0.3333333333333333,1.0,0.0,0.0,0.0,0.0,1.0,0.0,0.0,0.0,0.0,1.0,26.576698133680576,94.23699248783171,-4997.487862723215,18.58,78.11,1.906556563719911,1.591647379259128
LURUACO,2019,11,44,3,0.3333333333333333,0.0,0.0,0.0,0.3333333333333333,0.0,0.3333333333333333,0.0,0.0,0.0,0.0,0.0,1.0,1.0,0.0,1.0,0.0,0.0,1.0,0.3333333333333333,0.6666666666666666,1.0,0.0,0.0,0.0,0.0,0.6666666666666666,0.3333333333333333,0.0,0.0,0.0,1.0,27.040833439902684,92.69363197447764,-4997.767299107143,18.58,78.11,1.906556563719911,1.591647379259128
LURUACO,2019,12,45,2,0.5,0.0,0.0,0.0,0.5,0.0,0.0,0.0,0.0,0.0,0.0,0.0,1.0,1.0,0.0,0.0,1.0,0.0,1.0,1.0,0.0,1.0,0.0,0.0,0.0,0.0,1.0,0.0,0.0,0.0,0.0,1.0,27.217210751488118,91.66569155738468,-3568.6500418526784,18.58,78.11,1.906556563719911,1.591647379259128
LURUACO,2019,12,46,4,0.25,0.0,0.0,0.0,0.25,0.0,0.5,0.25,0.0,0.0,0.0,0.0,0.75,1.0,0.0,0.0,1.0,0.0,1.0,1.0,0.0,1.0,0.0,0.0,0.0,0.0,0.5,0.5,0.0,0.0,0.0,1.0,26.608625817677357,93.84546261742,-4998.50146484375,18.58,78.11,1.906556563719911,1.591647379259128
LURUACO,2019,12,47,2,0.0,0.0,0.0,0.0,1.0,0.0,0.0,0.0,0.0,0.0,0.0,0.0,1.0,1.0,0.0,0.0,1.0,0.0,1.0,1.0,0.0,1.0,0.0,0.0,0.0,0.0,1.0,0.0,0.0,0.0,0.0,1.0,26.986939396933938,92.46111406598772,-2854.980747699737,18.58,78.11,1.906556563719911,1.591647379259128
LURUACO,2019,12,48,6,0.5,0.0,0.0,0.0,0.3333333333333333,0.0,0.1666666666666666,0.0,0.0,0.0,0.0,0.0,1.0,1.0,0.0,0.3333333333333333,0.6666666666666666,0.0,1.0,0.0,1.0,1.0,0.0,0.0,0.0,0.0,0.6666666666666666,0.3333333333333333,0.0,0.3333333333333333,0.0,0.6666666666666666,27.634596518864733,89.71990203857422,-1426.5556640625,18.58,78.11,1.906556563719911,1.591647379259128
LURUACO,2019,13,49,3,0.3333333333333333,0.0,0.0,0.0,0.3333333333333333,0.0,0.3333333333333333,0.3333333333333333,0.0,0.0,0.0,0.0,0.6666666666666666,1.0,0.0,0.0,1.0,0.0,1.0,0.3333333333333333,0.6666666666666666,1.0,0.0,0.0,0.0,0.0,0.3333333333333333,0.6666666666666666,0.0,0.0,0.0,1.0,27.423262290349104,92.69064415825736,-4284.077845982143,18.58,78.11,1.906556563719911,1.591647379259128
LURUACO,2019,13,50,3,0.3333333333333333,0.0,0.0,0.0,0.3333333333333333,0.0,0.3333333333333333,0.0,0.0,0.0,0.0,0.0,1.0,1.0,0.0,0.0,1.0,0.0,1.0,0.6666666666666666,0.3333333333333333,1.0,0.0,0.0,0.0,0.0,0.6666666666666666,0.3333333333333333,0.0,0.0,0.0,1.0,27.5361281622024,90.04613010467044,-1425.6249999318804,18.58,78.11,1.906556563719911,1.591647379259128
LURUACO,2019,13,51,6,0.0,0.0,0.0,0.0,0.8333333333333334,0.0,0.1666666666666666,0.0,0.0,0.0,0.0,0.0,1.0,1.0,0.0,0.0,1.0,0.0,1.0,0.5,0.5,1.0,0.0,0.0,0.0,0.0,0.6666666666666666,0.3333333333333333,0.0,0.0,0.0,1.0,28.281809440491724,90.17486269511872,-2854.3356584821427,18.58,78.11,1.906556563719911,1.591647379259128
LURUACO,2019,13,52,3,0.3333333333333333,0.0,0.0,0.0,0.3333333333333333,0.0,0.3333333333333333,0.0,0.0,0.0,0.0,0.0,1.0,1.0,0.0,0.0,1.0,0.0,1.0,0.6666666666666666,0.3333333333333333,1.0,0.0,0.0,0.0,0.0,0.6666666666666666,0.3333333333333333,0.0,0.0,0.0,1.0,28.04485715835817,89.8162576584589,-2855.7443498883927,18.58,78.11,1.906556563719911,1.591647379259128
LURUACO,2020,1,1,3,0.3333333333333333,0.0,0.0,0.0,0.3333333333333333,0.0,0.3333333333333333,0.0,0.0,0.3333333333333333,0.0,0.0,0.6666666666666666,1.0,0.0,0.0,1.0,0.0,1.0,0.3333333333333333,0.6666666666666666,1.0,0.0,0.0,0.0,0.0,1.0,0.0,0.0,0.3333333333333333,0.0,0.6666666666666666,27.70136873759922,88.9344707670666,0.7857142857142857,24.0,100.0,1.906556563719911,1.591647379259128
LURUACO,2020,1,2,3,0.3333333333333333,0.0,0.0,0.0,0.6666666666666666,0.0,0.0,0.3333333333333333,0.0,0.0,0.0,0.0,0.6666666666666666,1.0,0.0,0.3333333333333333,0.6666666666666666,0.0,1.0,0.6666666666666666,0.3333333333333333,1.0,0.0,0.0,0.0,0.0,1.0,0.0,0.0,0.3333333333333333,0.0,0.6666666666666666,28.14360259525361,82.29697805737692,0.0,24.0,100.0,1.906556563719911,1.591647379259128
LURUACO,2020,1,3,7,0.5714285714285714,0.0,0.0,0.0,0.1428571428571428,0.0,0.2857142857142857,0.2857142857142857,0.0,0.0,0.0,0.0,0.7142857142857143,1.0,0.0,0.2857142857142857,0.7142857142857143,0.0,1.0,0.7142857142857143,0.2857142857142857,1.0,0.0,0.0,0.0,0.0,0.7142857142857143,0.2857142857142857,0.0,0.1428571428571428,0.0,0.8571428571428571,28.01907053145153,83.79562486921039,-1428.382184709821,24.0,100.0,1.906556563719911,1.591647379259128
LURUACO,2020,1,4,6,0.8333333333333334,0.0,0.0,0.0,0.0,0.0,0.1666666666666666,0.0,0.0,0.0,0.0,0.0,1.0,1.0,0.0,0.1666666666666666,0.8333333333333334,0.0,1.0,0.1666666666666666,0.8333333333333334,1.0,0.0,0.0,0.0,0.0,1.0,0.0,0.0,0.0,0.0,1.0,27.1523383730934,89.34546794588604,-1424.937848772321,24.0,100.0,1.906556563719911,1.591647379259128
LURUACO,2020,2,5,2,1.0,0.0,0.0,0.0,0.0,0.0,0.0,0.0,0.0,0.0,0.0,0.0,1.0,1.0,0.0,0.0,1.0,0.0,1.0,1.0,0.0,1.0,0.0,0.0,0.0,0.0,1.0,0.0,0.0,0.0,0.0,1.0,28.4846626887246,86.31350550575861,1.2142857142857142,24.0,100.0,1.906556563719911,1.591647379259128
LURUACO,2020,2,7,2,0.5,0.0,0.0,0.0,0.5,0.0,0.0,0.0,0.0,0.0,0.0,0.0,1.0,1.0,0.0,0.5,0.5,0.0,1.0,1.0,0.0,1.0,0.0,0.0,0.0,0.0,0.5,0.5,0.0,0.0,0.0,1.0,28.298051573738245,81.55691395108661,0.0,24.0,100.0,1.906556563719911,1.591647379259128
LURUACO,2020,2,8,3,0.6666666666666666,0.0,0.0,0.0,0.0,0.3333333333333333,0.0,0.0,0.0,0.0,0.0,0.0,1.0,1.0,0.0,0.0,1.0,0.0,1.0,0.6666666666666666,0.3333333333333333,1.0,0.0,0.0,0.0,0.0,0.3333333333333333,0.6666666666666666,0.0,0.3333333333333333,0.0,0.6666666666666666,27.69609040759861,84.88922857859778,-712.9285714285714,24.0,100.0,1.906556563719911,1.591647379259128
LURUACO,2020,3,9,2,1.0,0.0,0.0,0.0,0.0,0.0,0.0,0.0,0.0,0.0,0.0,0.0,1.0,1.0,0.0,0.0,1.0,0.0,1.0,0.5,0.5,1.0,0.0,0.0,0.0,0.0,0.5,0.5,0.0,0.0,0.0,1.0,27.95850403800846,85.9503881060888,0.0714285714285714,24.0,100.0,1.906556563719911,1.591647379259128
LURUACO,2020,4,14,1,0.0,0.0,0.0,0.0,1.0,0.0,0.0,1.0,0.0,0.0,0.0,0.0,0.0,1.0,0.0,0.0,1.0,0.0,1.0,1.0,0.0,1.0,0.0,0.0,0.0,0.0,0.0,1.0,0.0,0.0,0.0,1.0,28.8160816495381,85.4365953717913,-4283.650739397322,24.0,100.0,1.906556563719911,1.591647379259128
LURUACO,2020,11,44,1,0.0,1.0,0.0,0.0,0.0,0.0,0.0,1.0,0.0,0.0,0.0,0.0,0.0,1.0,0.0,1.0,0.0,0.0,1.0,1.0,0.0,1.0,0.0,0.0,0.0,0.0,1.0,0.0,0.0,0.0,0.0,1.0,26.02594207279268,93.06360226585753,-4994.900669642857,24.0,100.0,1.906556563719911,1.591647379259128
LURUACO,2020,13,51,1,1.0,0.0,0.0,0.0,0.0,0.0,0.0,0.0,0.0,0.0,0.0,0.0,1.0,1.0,0.0,1.0,0.0,0.0,1.0,1.0,0.0,1.0,0.0,0.0,0.0,0.0,1.0,0.0,0.0,0.0,0.0,1.0,26.81968466138084,90.51463959709046,-713.2428850446429,24.0,100.0,1.906556563719911,1.591647379259128
LURUACO,2021,1,3,1,0.0,0.0,0.0,0.0,1.0,0.0,0.0,0.0,0.0,0.0,0.0,0.0,1.0,1.0,0.0,0.0,1.0,0.0,1.0,1.0,0.0,1.0,0.0,0.0,0.0,0.0,1.0,0.0,0.0,0.0,0.0,1.0,27.221531653025824,86.865360926068,0.2142857142857142,24.0,100.0,1.906556563719911,1.591647379259128
LURUACO,2021,1,4,1,1.0,0.0,0.0,0.0,0.0,0.0,0.0,0.0,0.0,1.0,0.0,0.0,0.0,1.0,0.0,0.0,1.0,0.0,1.0,1.0,0.0,1.0,0.0,0.0,0.0,0.0,1.0,0.0,0.0,1.0,0.0,0.0,27.35241960797992,86.12640090215773,0.0,24.0,100.0,1.906556563719911,1.591647379259128
LURUACO,2021,3,10,1,0.0,0.0,0.0,0.0,1.0,0.0,0.0,1.0,0.0,0.0,0.0,0.0,0.0,0.0,1.0,0.0,1.0,0.0,1.0,1.0,0.0,1.0,0.0,0.0,0.0,0.0,1.0,0.0,0.0,0.0,0.0,1.0,27.791910274445087,83.93869769383991,-713.8293108258929,24.0,100.0,1.906556563719911,1.591647379259128
LURUACO,2021,5,18,1,1.0,0.0,0.0,0.0,0.0,0.0,0.0,0.0,0.0,0.0,0.0,0.0,1.0,1.0,0.0,1.0,0.0,0.0,1.0,0.0,1.0,1.0,0.0,0.0,0.0,0.0,1.0,0.0,0.0,1.0,0.0,0.0,27.213124302455373,88.54136984688895,-4997.715680803572,24.0,100.0,1.906556563719911,1.591647379259128
LURUACO,2021,7,27,3,0.6666666666666666,0.0,0.0,0.0,0.3333333333333333,0.0,0.0,0.3333333333333333,0.0,0.0,0.0,0.3333333333333333,0.3333333333333333,1.0,0.0,0.3333333333333333,0.6666666666666666,0.0,1.0,0.3333333333333333,0.6666666666666666,1.0,0.0,0.0,0.0,0.0,0.6666666666666666,0.3333333333333333,0.0,0.0,0.0,1.0,27.31452452644471,91.19019172305153,-4280.022181919643,24.0,100.0,1.906556563719911,1.591647379259128
LURUACO,2021,7,28,3,0.3333333333333333,0.0,0.0,0.0,0.3333333333333333,0.0,0.3333333333333333,0.0,0.0,0.0,0.0,0.3333333333333333,0.6666666666666666,1.0,0.0,0.3333333333333333,0.6666666666666666,0.0,1.0,0.3333333333333333,0.6666666666666666,1.0,0.0,0.0,0.0,0.0,0.6666666666666666,0.3333333333333333,0.0,0.0,0.0,1.0,27.182073393322188,91.16946520124164,-4998.010044642857,24.0,100.0,1.906556563719911,1.591647379259128
LURUACO,2021,8,29,2,0.5,0.0,0.0,0.0,0.5,0.0,0.0,0.0,0.0,0.0,0.0,0.0,1.0,1.0,0.0,0.5,0.5,0.0,1.0,0.5,0.5,1.0,0.0,0.0,0.0,0.0,0.5,0.5,0.0,0.0,0.0,1.0,27.81554032583087,89.2013423859127,-4998.781389508928,24.0,100.0,1.906556563719911,1.591647379259128
LURUACO,2021,8,30,4,0.5,0.0,0.0,0.0,0.25,0.0,0.25,0.0,0.0,0.0,0.0,0.0,1.0,1.0,0.0,0.25,0.75,0.0,1.0,0.25,0.75,1.0,0.0,0.0,0.0,0.0,1.0,0.0,0.0,0.0,0.0,1.0,26.85323341006328,90.43575686500186,-4995.959263392857,24.0,100.0,1.906556563719911,1.591647379259128
LURUACO,2021,8,31,2,0.0,0.0,0.0,0.0,1.0,0.0,0.0,0.0,0.0,0.0,0.0,0.0,1.0,1.0,0.0,0.0,1.0,0.0,1.0,1.0,0.0,1.0,0.0,0.0,0.0,0.0,1.0,0.0,0.0,0.0,0.0,1.0,27.359064931718155,91.99953000507658,-4282.940638950893,24.0,100.0,1.906556563719911,1.591647379259128
LURUACO,2021,8,32,3,0.3333333333333333,0.0,0.0,0.0,0.6666666666666666,0.0,0.0,0.0,0.0,0.0,0.0,0.0,1.0,1.0,0.0,0.3333333333333333,0.6666666666666666,0.0,1.0,0.3333333333333333,0.6666666666666666,1.0,0.0,0.0,0.0,0.0,1.0,0.0,0.0,0.3333333333333333,0.0,0.6666666666666666,27.176940627325184,92.43244243803476,-4996.560756138393,24.0,100.0,1.906556563719911,1.591647379259128
LURUACO,2021,9,33,11,0.2727272727272727,0.1818181818181818,0.0,0.0,0.5454545454545454,0.0,0.0,0.0909090909090909,0.0,0.0909090909090909,0.0,0.0,0.8181818181818182,1.0,0.0,0.0909090909090909,0.9090909090909092,0.0,1.0,0.6363636363636364,0.3636363636363636,1.0,0.0,0.0,0.0,0.0,0.9090909090909092,0.0909090909090909,0.0,0.0909090909090909,0.0,0.9090909090909092,26.556419929625527,92.57110244508772,-4993.3642578125,24.0,100.0,1.906556563719911,1.591647379259128
LURUACO,2021,9,34,8,0.75,0.0,0.0,0.0,0.125,0.0,0.125,0.0,0.0,0.0,0.0,0.0,1.0,1.0,0.0,0.0,1.0,0.0,1.0,0.25,0.75,1.0,0.0,0.0,0.0,0.0,0.875,0.125,0.0,0.125,0.0,0.875,26.45682121155756,93.78909556070964,-4994.120047433035,24.0,100.0,1.906556563719911,1.591647379259128
LURUACO,2021,9,35,20,0.5,0.05,0.0,0.0,0.35,0.05,0.05,0.0,0.0,0.0,0.0,0.0,1.0,1.0,0.0,0.15,0.85,0.0,1.0,0.5,0.5,1.0,0.0,0.0,0.0,0.0,1.0,0.0,0.0,0.0,0.0,1.0,26.30441884843133,94.0159479777018,-4994.191476004465,24.0,100.0,1.906556563719911,1.591647379259128
LURUACO,2021,9,36,24,0.5416666666666666,0.0833333333333333,0.0416666666666666,0.0,0.25,0.0,0.0833333333333333,0.0416666666666666,0.0,0.0416666666666666,0.0,0.0416666666666666,0.875,0.9583333333333334,0.0416666666666666,0.3333333333333333,0.6666666666666666,0.0,1.0,0.375,0.625,1.0,0.0,0.0,0.0,0.0,0.9583333333333334,0.0416666666666666,0.0,0.0416666666666666,0.0,0.9583333333333334,26.69791080535405,93.97681560213604,-4996.315638950893,24.0,100.0,1.906556563719911,1.591647379259128
LURUACO,2021,10,37,16,0.5625,0.0625,0.0,0.0,0.3125,0.0,0.0625,0.0,0.0,0.0,0.0,0.0625,0.9375,1.0,0.0,0.125,0.875,0.0,1.0,0.375,0.625,1.0,0.0,0.0,0.0,0.0,1.0,0.0,0.0,0.0,0.0,1.0,26.66107318212116,93.19571697901164,-4996.172921316965,24.0,100.0,1.906556563719911,1.591647379259128
LURUACO,2021,10,38,15,0.6666666666666666,0.0666666666666666,0.0,0.0,0.2666666666666666,0.0,0.0,0.0666666666666666,0.0,0.0,0.0,0.0,0.9333333333333332,1.0,0.0,0.1333333333333333,0.8666666666666667,0.0,1.0,0.6,0.4,1.0,0.0,0.0,0.0,0.0,1.0,0.0,0.0,0.0,0.0,1.0,27.040009465293288,91.96729448106554,-4997.705705915178,24.0,100.0,1.906556563719911,1.591647379259128
LURUACO,2021,10,39,9,0.3333333333333333,0.1111111111111111,0.0,0.0,0.3333333333333333,0.0,0.2222222222222222,0.0,0.0,0.0,0.0,0.0,1.0,1.0,0.0,0.0,1.0,0.0,1.0,0.5555555555555556,0.4444444444444444,1.0,0.0,0.0,0.0,0.0,1.0,0.0,0.0,0.0,0.0,1.0,26.99416988312255,91.95740327380952,-4996.677176339285,24.0,100.0,1.906556563719911,1.591647379259128
LURUACO,2021,10,40,13,0.6153846153846154,0.0,0.0,0.0,0.3846153846153846,0.0,0.0,0.0769230769230769,0.0,0.0,0.0,0.0,0.9230769230769232,1.0,0.0,0.2307692307692307,0.7692307692307693,0.0,1.0,0.6923076923076923,0.3076923076923077,1.0,0.0,0.0,0.0,0.0,1.0,0.0,0.0,0.1538461538461538,0.0,0.8461538461538461,26.97431383889823,92.82582491920108,-4997.443568638393,24.0,100.0,1.906556563719911,1.591647379259128
LURUACO,2021,11,41,7,0.5714285714285714,0.1428571428571428,0.0,0.0,0.1428571428571428,0.0,0.1428571428571428,0.0,0.0,0.1428571428571428,0.0,0.0,0.8571428571428571,1.0,0.0,0.1428571428571428,0.8571428571428571,0.0,1.0,0.4285714285714285,0.5714285714285714,1.0,0.0,0.0,0.0,0.0,0.8571428571428571,0.1428571428571428,0.0,0.0,0.0,1.0,26.73141401987229,92.12940191844152,-4995.362862723215,24.0,100.0,1.906556563719911,1.591647379259128
LURUACO,2021,11,42,10,0.5,0.2,0.0,0.0,0.1,0.0,0.2,0.0,0.0,0.2,0.0,0.0,0.8,1.0,0.0,0.1,0.9,0.0,1.0,0.6,0.4,1.0,0.0,0.0,0.0,0.0,0.9,0.1,0.0,0.0,0.0,1.0,26.767586795867462,92.96583871992809,-4996.071428571428,24.0,100.0,1.906556563719911,1.591647379259128
LURUACO,2021,11,43,6,0.8333333333333334,0.0,0.0,0.0,0.0,0.0,0.1666666666666666,0.0,0.0,0.0,0.0,0.0,1.0,1.0,0.0,0.0,1.0,0.0,1.0,0.8333333333333334,0.1666666666666666,1.0,0.0,0.0,0.0,0.0,1.0,0.0,0.0,0.0,0.0,1.0,26.76570051889573,93.33075992644778,-4995.826381138393,24.0,100.0,1.906556563719911,1.591647379259128
LURUACO,2021,11,44,4,0.75,0.25,0.0,0.0,0.0,0.0,0.0,0.0,0.0,0.0,0.0,0.0,1.0,1.0,0.0,0.0,1.0,0.0,1.0,0.5,0.5,1.0,0.0,0.0,0.0,0.0,1.0,0.0,0.0,0.0,0.0,1.0,25.688470216781404,92.2649647546193,-4994.330705915178,24.0,100.0,1.906556563719911,1.591647379259128
LURUACO,2021,12,45,1,0.0,0.0,0.0,0.0,0.0,0.0,1.0,0.0,0.0,0.0,0.0,0.0,1.0,1.0,0.0,0.0,1.0,0.0,1.0,0.0,1.0,1.0,0.0,0.0,0.0,0.0,1.0,0.0,0.0,0.0,0.0,1.0,26.857966541108677,92.78062160431394,-4998.551409040178,24.0,100.0,1.906556563719911,1.591647379259128
LURUACO,2021,12,46,1,1.0,0.0,0.0,0.0,0.0,0.0,0.0,0.0,0.0,0.0,0.0,0.0,1.0,1.0,0.0,0.0,1.0,0.0,1.0,1.0,0.0,1.0,0.0,0.0,0.0,0.0,1.0,0.0,0.0,0.0,0.0,1.0,27.040412006680956,93.00725688631572,-2851.646414620536,24.0,100.0,1.906556563719911,1.591647379259128
LURUACO,2021,13,50,1,1.0,0.0,0.0,0.0,0.0,0.0,0.0,0.0,0.0,0.0,0.0,0.0,1.0,1.0,0.0,0.0,1.0,0.0,1.0,1.0,0.0,1.0,0.0,0.0,0.0,0.0,1.0,0.0,0.0,0.0,0.0,1.0,26.82198922293529,90.21552191840276,-2139.017159598214,24.0,100.0,1.906556563719911,1.591647379259128
LURUACO,2021,13,52,1,0.0,0.0,0.0,0.0,0.0,0.0,1.0,0.0,0.0,0.0,0.0,1.0,0.0,1.0,0.0,0.0,1.0,0.0,1.0,0.0,1.0,1.0,0.0,0.0,0.0,0.0,1.0,0.0,0.0,0.0,0.0,1.0,27.065847681439145,90.77429550413102,-2854.005719866072,24.0,100.0,1.906556563719911,1.591647379259128
LURUACO,2022,1,2,2,0.0,0.0,0.0,0.0,0.5,0.0,0.5,0.0,0.0,0.0,0.0,0.0,1.0,0.5,0.5,0.0,1.0,0.0,1.0,0.5,0.5,1.0,0.0,0.0,0.0,0.0,0.5,0.5,0.0,0.0,0.0,1.0,26.701887052021345,88.66987948947482,-1425.840053013393,24.0,100.0,1.906556563719911,1.591647379259128
LURUACO,2022,1,4,1,0.0,0.0,1.0,0.0,0.0,0.0,0.0,0.0,0.0,0.0,0.0,0.0,1.0,1.0,0.0,0.0,1.0,0.0,1.0,0.0,1.0,1.0,0.0,0.0,0.0,0.0,1.0,0.0,0.0,0.0,0.0,1.0,27.088776070731047,87.00127459329272,8.57142870766776,24.0,100.0,1.906556563719911,1.591647379259128
LURUACO,2022,2,5,1,1.0,0.0,0.0,0.0,0.0,0.0,0.0,0.0,0.0,0.0,0.0,0.0,1.0,1.0,0.0,0.0,1.0,0.0,1.0,1.0,0.0,1.0,0.0,0.0,0.0,0.0,1.0,0.0,0.0,0.0,0.0,1.0,27.234412250821567,87.076785011897,3.1428572109767368,24.0,100.0,1.906556563719911,1.591647379259128
LURUACO,2022,3,12,1,0.0,1.0,0.0,0.0,0.0,0.0,0.0,1.0,0.0,0.0,0.0,0.0,0.0,1.0,0.0,0.0,1.0,0.0,1.0,1.0,0.0,1.0,0.0,0.0,0.0,0.0,0.0,1.0,0.0,0.0,0.0,1.0,28.358754911876883,83.58748602488684,-708.571428503309,24.0,100.0,1.906556563719911,1.591647379259128
LURUACO,2022,7,26,1,0.0,0.0,0.0,0.0,1.0,0.0,0.0,0.0,0.0,0.0,0.0,0.0,1.0,0.0,1.0,0.0,1.0,0.0,1.0,1.0,0.0,1.0,0.0,0.0,0.0,0.0,1.0,0.0,0.0,0.0,0.0,1.0,26.58196411132815,92.3749039665101,-4995.847865513393,24.0,100.0,1.906556563719911,1.591647379259128
LURUACO,2022,7,28,1,0.0,0.0,0.0,0.0,1.0,0.0,0.0,0.0,0.0,0.0,0.0,0.0,1.0,1.0,0.0,1.0,0.0,0.0,1.0,1.0,0.0,1.0,0.0,0.0,0.0,0.0,1.0,0.0,0.0,1.0,0.0,0.0,27.439160737537225,92.79911440894718,-4996.355678013393,24.0,100.0,1.906556563719911,1.591647379259128
LURUACO,2022,10,39,1,1.0,0.0,0.0,0.0,0.0,0.0,0.0,0.0,0.0,0.0,0.0,0.0,1.0,1.0,0.0,1.0,0.0,0.0,1.0,0.0,1.0,1.0,0.0,0.0,0.0,0.0,1.0,0.0,0.0,0.0,0.0,1.0,26.444403463696705,94.53669448125927,-4997.063616071428,24.0,100.0,1.906556563719911,1.591647379259128
LURUACO,2022,11,42,2,0.5,0.0,0.0,0.0,0.5,0.0,0.0,0.0,0.0,0.0,0.0,0.0,1.0,1.0,0.0,0.0,1.0,0.0,1.0,0.0,1.0,1.0,0.0,0.0,0.0,0.0,1.0,0.0,0.0,0.5,0.0,0.5,26.710878838433175,94.14695860847594,-4996.331403459822,24.0,100.0,1.906556563719911,1.591647379259128
LURUACO,2022,12,45,1,0.0,0.0,0.0,0.0,1.0,0.0,0.0,0.0,0.0,0.0,0.0,0.0,1.0,1.0,0.0,0.0,1.0,0.0,1.0,1.0,0.0,1.0,0.0,0.0,0.0,0.0,1.0,0.0,0.0,0.0,0.0,1.0,25.262876431904157,94.38048601907396,-4992.997837611607,24.0,100.0,1.906556563719911,1.591647379259128
LURUACO,2022,12,47,1,0.0,0.0,0.0,0.0,1.0,0.0,0.0,0.0,0.0,0.0,0.0,0.0,1.0,1.0,0.0,0.0,1.0,0.0,1.0,0.0,1.0,1.0,0.0,0.0,0.0,0.0,1.0,0.0,0.0,0.0,0.0,1.0,26.5906211731926,93.91598958817738,-4997.377859933035,24.0,100.0,1.906556563719911,1.591647379259128
LURUACO,2023,2,6,1,0.0,0.0,0.0,0.0,1.0,0.0,0.0,1.0,0.0,0.0,0.0,0.0,0.0,1.0,0.0,0.0,1.0,0.0,1.0,1.0,0.0,1.0,0.0,0.0,0.0,0.0,0.0,1.0,0.0,1.0,0.0,0.0,27.472431437174503,82.96548280261813,1.6428571428571428,9.66,40.53,1.906556563719911,1.591647379259128
LURUACO,2023,3,9,1,0.0,1.0,0.0,0.0,0.0,0.0,0.0,0.0,0.0,0.0,0.0,0.0,1.0,1.0,0.0,0.0,1.0,0.0,1.0,1.0,0.0,1.0,0.0,0.0,0.0,0.0,1.0,0.0,0.0,1.0,0.0,0.0,27.13830803765193,86.0060803852384,-714.212890625,9.66,40.53,1.906556563719911,1.591647379259128
LURUACO,2023,6,24,1,0.0,0.0,0.0,0.0,0.0,0.0,1.0,0.0,0.0,0.0,0.0,0.0,1.0,1.0,0.0,1.0,0.0,0.0,1.0,0.0,1.0,1.0,0.0,0.0,0.0,0.0,1.0,0.0,0.0,0.0,0.0,1.0,28.49403061639697,91.16749330550904,-4997.601422991072,9.66,40.53,1.906556563719911,1.591647379259128
LURUACO,2023,10,39,1,0.0,0.0,0.0,0.0,0.0,0.0,1.0,0.0,0.0,0.0,0.0,0.0,1.0,1.0,0.0,0.0,1.0,0.0,1.0,1.0,0.0,1.0,0.0,0.0,0.0,0.0,1.0,0.0,0.0,0.0,0.0,1.0,27.95173833937874,94.47505454411582,-4997.414271763393,9.66,40.53,1.906556563719911,1.591647379259128
LURUACO,2023,11,44,1,1.0,0.0,0.0,0.0,0.0,0.0,0.0,0.0,0.0,0.0,0.0,0.0,1.0,1.0,0.0,0.0,1.0,0.0,1.0,1.0,0.0,1.0,0.0,0.0,0.0,0.0,0.0,1.0,0.0,0.0,0.0,1.0,26.36339043511287,94.93140266055153,-4995.418596540178,9.66,40.53,1.906556563719911,1.591647379259128
LURUACO,2023,12,47,1,1.0,0.0,0.0,0.0,0.0,0.0,0.0,1.0,0.0,0.0,0.0,0.0,0.0,1.0,0.0,0.0,1.0,0.0,1.0,0.0,1.0,1.0,0.0,0.0,0.0,0.0,0.0,1.0,0.0,0.0,0.0,1.0,26.784059264167915,93.3852790953621,-4997.457868303572,9.66,40.53,1.906556563719911,1.591647379259128
MALAMBO,2017,3,9,1,0.0,1.0,0.0,0.0,0.0,0.0,0.0,0.0,0.0,0.0,0.0,0.0,1.0,1.0,0.0,0.0,1.0,0.0,1.0,1.0,0.0,0.0,0.0,1.0,0.0,0.0,1.0,0.0,0.0,0.0,0.0,1.0,27.94446788969497,82.43284679594494,1.2938095238946732,6.78,28.34,0.963124270240725,4.55644505974474
MALAMBO,2017,5,17,1,1.0,0.0,0.0,0.0,0.0,0.0,0.0,1.0,0.0,0.0,0.0,0.0,0.0,1.0,0.0,1.0,0.0,0.0,1.0,1.0,0.0,0.0,0.0,1.0,0.0,0.0,1.0,0.0,0.0,0.0,0.0,1.0,29.022490437825542,87.98348526727587,4.911904749770959,6.78,28.34,0.963124270240725,4.55644505974474
MALAMBO,2017,6,21,1,0.0,0.0,0.0,0.0,1.0,0.0,0.0,0.0,0.0,0.0,0.0,0.0,1.0,1.0,0.0,1.0,0.0,0.0,1.0,1.0,0.0,0.0,0.0,1.0,0.0,0.0,1.0,0.0,0.0,0.0,0.0,1.0,28.528408668154785,88.13114420572917,7.630476156870524,6.78,28.34,0.963124270240725,4.55644505974474
MALAMBO,2017,6,22,1,1.0,0.0,0.0,0.0,0.0,0.0,0.0,0.0,0.0,0.0,0.0,0.0,1.0,1.0,0.0,1.0,0.0,0.0,1.0,0.0,1.0,0.0,0.0,1.0,0.0,0.0,1.0,0.0,0.0,0.0,0.0,1.0,28.54931248256141,87.22728111630394,3.354285674435752,6.78,28.34,0.963124270240725,4.55644505974474
MALAMBO,2017,6,23,1,0.0,1.0,0.0,0.0,0.0,0.0,0.0,0.0,0.0,0.0,0.0,0.0,1.0,1.0,0.0,0.0,1.0,0.0,1.0,1.0,0.0,0.0,0.0,1.0,0.0,0.0,1.0,0.0,0.0,0.0,0.0,1.0,28.200089663550983,89.9293667021252,6.713809545905818,6.78,28.34,0.963124270240725,4.55644505974474
MALAMBO,2017,8,30,1,0.0,1.0,0.0,0.0,0.0,0.0,0.0,0.0,0.0,0.0,0.0,1.0,0.0,1.0,0.0,0.0,1.0,0.0,1.0,1.0,0.0,0.0,0.0,1.0,0.0,0.0,1.0,0.0,0.0,0.0,0.0,1.0,28.32701735723589,90.31704929896765,5.0742857314291445,6.78,28.34,0.963124270240725,4.55644505974474
MALAMBO,2017,9,35,3,0.6666666666666666,0.3333333333333333,0.0,0.0,0.0,0.0,0.0,0.3333333333333333,0.0,0.0,0.0,0.0,0.6666666666666666,1.0,0.0,0.6666666666666666,0.3333333333333333,0.0,1.0,0.6666666666666666,0.3333333333333333,0.0,0.0,1.0,0.0,0.0,1.0,0.0,0.0,0.3333333333333333,0.0,0.6666666666666666,27.698033360072564,92.41109393891834,6.811904848686285,6.78,28.34,0.963124270240725,4.55644505974474
MALAMBO,2017,9,36,1,0.0,1.0,0.0,0.0,0.0,0.0,0.0,0.0,0.0,1.0,0.0,0.0,0.0,1.0,0.0,0.0,1.0,0.0,1.0,0.0,1.0,0.0,0.0,1.0,0.0,0.0,1.0,0.0,0.0,0.0,0.0,1.0,27.32290693010605,93.28284091041202,9.55285722868783,6.78,28.34,0.963124270240725,4.55644505974474
MALAMBO,2017,12,45,3,0.0,0.6666666666666666,0.0,0.0,0.3333333333333333,0.0,0.0,0.0,0.0,0.0,0.0,0.0,1.0,1.0,0.0,1.0,0.0,0.0,1.0,0.3333333333333333,0.6666666666666666,0.0,0.0,1.0,0.0,0.0,1.0,0.0,0.0,0.0,0.0,1.0,26.927181861514164,92.77279372442338,8.297619104385376,6.78,28.34,0.963124270240725,4.55644505974474
MALAMBO,2017,12,47,2,0.0,0.0,0.0,0.0,0.5,0.0,0.5,0.0,0.0,0.0,0.0,0.0,1.0,1.0,0.0,1.0,0.0,0.0,1.0,0.0,1.0,0.0,0.0,1.0,0.0,0.0,1.0,0.0,0.0,0.0,0.0,1.0,26.961268543061777,92.58651987711588,6.287142793337504,6.78,28.34,0.963124270240725,4.55644505974474
MALAMBO,2017,12,48,1,0.0,1.0,0.0,0.0,0.0,0.0,0.0,1.0,0.0,0.0,0.0,0.0,0.0,1.0,0.0,0.0,1.0,0.0,1.0,0.0,1.0,0.0,0.0,1.0,0.0,0.0,1.0,0.0,0.0,1.0,0.0,0.0,27.82541518438432,90.5237070719401,10.513333522138142,6.78,28.34,0.963124270240725,4.55644505974474
MALAMBO,2017,13,49,1,0.0,1.0,0.0,0.0,0.0,0.0,0.0,1.0,0.0,0.0,0.0,0.0,0.0,1.0,0.0,1.0,0.0,0.0,1.0,1.0,0.0,0.0,0.0,1.0,0.0,0.0,1.0,0.0,0.0,0.0,0.0,1.0,27.8086842854818,89.43169475737072,5.323333306681541,6.78,28.34,0.963124270240725,4.55644505974474
MALAMBO,2017,13,50,4,0.0,0.5,0.0,0.0,0.0,0.0,0.5,0.5,0.0,0.0,0.0,0.0,0.5,1.0,0.0,0.25,0.75,0.0,1.0,0.75,0.25,0.0,0.0,1.0,0.0,0.0,1.0,0.0,0.0,0.25,0.0,0.75,27.380000232514917,89.30405861990792,3.0371428671337317,6.78,28.34,0.963124270240725,4.55644505974474
MALAMBO,2017,13,51,1,1.0,0.0,0.0,0.0,0.0,0.0,0.0,1.0,0.0,0.0,0.0,0.0,0.0,1.0,0.0,1.0,0.0,0.0,1.0,0.0,1.0,0.0,0.0,1.0,0.0,0.0,1.0,0.0,0.0,0.0,0.0,1.0,27.710735938662605,85.29032425653368,0.1428571428571428,6.78,28.34,0.963124270240725,4.55644505974474
MALAMBO,2018,1,1,1,0.0,0.0,0.0,0.0,1.0,0.0,0.0,0.0,0.0,0.0,0.0,0.0,1.0,1.0,0.0,1.0,0.0,0.0,1.0,0.0,1.0,0.0,0.0,1.0,0.0,0.0,1.0,0.0,0.0,0.0,0.0,1.0,27.03163844517301,90.91790626162576,3.33476185798645,24.0,100.0,0.963124270240725,4.55644505974474
MALAMBO,2018,1,1,1,0.0,0.0,0.0,0.0,1.0,0.0,0.0,0.0,0.0,0.0,0.0,0.0,1.0,1.0,0.0,1.0,0.0,0.0,1.0,0.0,1.0,0.0,0.0,1.0,0.0,0.0,1.0,0.0,0.0,0.0,0.0,1.0,27.03163844517301,90.91790626162576,3.33476185798645,1.59,6.42,0.963124270240725,4.55644505974474
MALAMBO,2018,1,2,2,0.0,0.0,0.0,0.0,0.5,0.0,0.5,0.5,0.0,0.0,0.0,0.0,0.5,1.0,0.0,1.0,0.0,0.0,1.0,0.5,0.5,0.0,0.0,1.0,0.0,0.0,1.0,0.0,0.0,0.0,0.0,1.0,27.35391206287205,89.95660255068825,1.7733333309491477,24.0,100.0,0.963124270240725,4.55644505974474
MALAMBO,2018,1,2,2,0.0,0.0,0.0,0.0,0.5,0.0,0.5,0.5,0.0,0.0,0.0,0.0,0.5,1.0,0.0,1.0,0.0,0.0,1.0,0.5,0.5,0.0,0.0,1.0,0.0,0.0,1.0,0.0,0.0,0.0,0.0,1.0,27.35391206287205,89.95660255068825,1.7733333309491477,1.59,6.42,0.963124270240725,4.55644505974474
MALAMBO,2018,1,4,2,0.5,0.0,0.0,0.0,0.5,0.0,0.0,0.5,0.0,0.0,0.0,0.0,0.5,1.0,0.0,1.0,0.0,0.0,1.0,0.5,0.5,0.0,0.0,1.0,0.0,0.0,1.0,0.0,0.0,0.5,0.0,0.5,28.02125665573849,85.18048931303478,0.0,24.0,100.0,0.963124270240725,4.55644505974474
MALAMBO,2018,1,4,2,0.5,0.0,0.0,0.0,0.5,0.0,0.0,0.5,0.0,0.0,0.0,0.0,0.5,1.0,0.0,1.0,0.0,0.0,1.0,0.5,0.5,0.0,0.0,1.0,0.0,0.0,1.0,0.0,0.0,0.5,0.0,0.5,28.02125665573849,85.18048931303478,0.0,1.59,6.42,0.963124270240725,4.55644505974474
MALAMBO,2018,2,5,3,0.3333333333333333,0.0,0.0,0.0,0.3333333333333333,0.0,0.3333333333333333,0.0,0.0,0.0,0.0,0.0,1.0,1.0,0.0,0.6666666666666666,0.3333333333333333,0.0,1.0,0.3333333333333333,0.6666666666666666,0.0,0.0,1.0,0.0,0.0,1.0,0.0,0.0,0.0,0.0,1.0,27.66720479329429,84.17075420561291,0.0,24.0,100.0,0.963124270240725,4.55644505974474
MALAMBO,2018,2,5,3,0.3333333333333333,0.0,0.0,0.0,0.3333333333333333,0.0,0.3333333333333333,0.0,0.0,0.0,0.0,0.0,1.0,1.0,0.0,0.6666666666666666,0.3333333333333333,0.0,1.0,0.3333333333333333,0.6666666666666666,0.0,0.0,1.0,0.0,0.0,1.0,0.0,0.0,0.0,0.0,1.0,27.66720479329429,84.17075420561291,0.0,1.59,6.42,0.963124270240725,4.55644505974474
MALAMBO,2018,2,6,3,0.0,0.3333333333333333,0.3333333333333333,0.0,0.0,0.0,0.3333333333333333,0.6666666666666666,0.0,0.0,0.0,0.0,0.3333333333333333,1.0,0.0,0.3333333333333333,0.6666666666666666,0.0,1.0,0.6666666666666666,0.3333333333333333,0.0,0.0,1.0,0.0,0.0,1.0,0.0,0.0,0.6666666666666666,0.0,0.3333333333333333,27.504259091331868,83.18231237502324,0.0071428574266887,24.0,100.0,0.963124270240725,4.55644505974474
MALAMBO,2018,2,6,3,0.0,0.3333333333333333,0.3333333333333333,0.0,0.0,0.0,0.3333333333333333,0.6666666666666666,0.0,0.0,0.0,0.0,0.3333333333333333,1.0,0.0,0.3333333333333333,0.6666666666666666,0.0,1.0,0.6666666666666666,0.3333333333333333,0.0,0.0,1.0,0.0,0.0,1.0,0.0,0.0,0.6666666666666666,0.0,0.3333333333333333,27.504259091331868,83.18231237502324,0.0071428574266887,1.59,6.42,0.963124270240725,4.55644505974474
MALAMBO,2018,2,7,1,1.0,0.0,0.0,0.0,0.0,0.0,0.0,1.0,0.0,0.0,0.0,0.0,0.0,1.0,0.0,1.0,0.0,0.0,1.0,1.0,0.0,0.0,0.0,1.0,0.0,0.0,1.0,0.0,0.0,1.0,0.0,0.0,27.179221452985512,83.14139556884766,0.0071428572492939,24.0,100.0,0.963124270240725,4.55644505974474
MALAMBO,2018,2,7,1,1.0,0.0,0.0,0.0,0.0,0.0,0.0,1.0,0.0,0.0,0.0,0.0,0.0,1.0,0.0,1.0,0.0,0.0,1.0,1.0,0.0,0.0,0.0,1.0,0.0,0.0,1.0,0.0,0.0,1.0,0.0,0.0,27.179221452985512,83.14139556884766,0.0071428572492939,1.59,6.42,0.963124270240725,4.55644505974474
MALAMBO,2018,3,10,3,0.3333333333333333,0.0,0.0,0.0,0.0,0.0,0.6666666666666666,0.3333333333333333,0.0,0.0,0.0,0.0,0.6666666666666666,1.0,0.0,0.3333333333333333,0.6666666666666666,0.0,1.0,0.6666666666666666,0.3333333333333333,0.0,0.0,1.0,0.0,0.0,1.0,0.0,0.0,0.3333333333333333,0.0,0.6666666666666666,27.9718690418062,85.1920660109747,0.0309523812362125,24.0,100.0,0.963124270240725,4.55644505974474
MALAMBO,2018,3,10,3,0.3333333333333333,0.0,0.0,0.0,0.0,0.0,0.6666666666666666,0.3333333333333333,0.0,0.0,0.0,0.0,0.6666666666666666,1.0,0.0,0.3333333333333333,0.6666666666666666,0.0,1.0,0.6666666666666666,0.3333333333333333,0.0,0.0,1.0,0.0,0.0,1.0,0.0,0.0,0.3333333333333333,0.0,0.6666666666666666,27.9718690418062,85.1920660109747,0.0309523812362125,1.59,6.42,0.963124270240725,4.55644505974474
MALAMBO,2018,4,13,3,0.0,0.6666666666666666,0.0,0.0,0.0,0.0,0.3333333333333333,0.6666666666666666,0.0,0.0,0.0,0.0,0.3333333333333333,1.0,0.0,0.6666666666666666,0.3333333333333333,0.0,1.0,1.0,0.0,0.0,0.0,1.0,0.0,0.0,1.0,0.0,0.0,0.3333333333333333,0.0,0.6666666666666666,27.77493039085754,83.28427450997489,0.0995238095167137,24.0,100.0,0.963124270240725,4.55644505974474
MALAMBO,2018,4,13,3,0.0,0.6666666666666666,0.0,0.0,0.0,0.0,0.3333333333333333,0.6666666666666666,0.0,0.0,0.0,0.0,0.3333333333333333,1.0,0.0,0.6666666666666666,0.3333333333333333,0.0,1.0,1.0,0.0,0.0,0.0,1.0,0.0,0.0,1.0,0.0,0.0,0.3333333333333333,0.0,0.6666666666666666,27.77493039085754,83.28427450997489,0.0995238095167137,1.59,6.42,0.963124270240725,4.55644505974474
MALAMBO,2018,4,14,1,0.0,0.0,0.0,0.0,1.0,0.0,0.0,0.0,0.0,0.0,0.0,1.0,0.0,1.0,0.0,0.0,1.0,0.0,1.0,1.0,0.0,0.0,0.0,1.0,0.0,0.0,1.0,0.0,0.0,0.0,0.0,1.0,27.757330467587447,86.23185003371465,1.7661904678458258,24.0,100.0,0.963124270240725,4.55644505974474
MALAMBO,2018,4,14,1,0.0,0.0,0.0,0.0,1.0,0.0,0.0,0.0,0.0,0.0,0.0,1.0,0.0,1.0,0.0,0.0,1.0,0.0,1.0,1.0,0.0,0.0,0.0,1.0,0.0,0.0,1.0,0.0,0.0,0.0,0.0,1.0,27.757330467587447,86.23185003371465,1.7661904678458258,1.59,6.42,0.963124270240725,4.55644505974474
MALAMBO,2018,4,15,1,1.0,0.0,0.0,0.0,0.0,0.0,0.0,1.0,0.0,0.0,0.0,0.0,0.0,1.0,0.0,1.0,0.0,0.0,1.0,0.0,1.0,0.0,0.0,1.0,0.0,0.0,1.0,0.0,0.0,1.0,0.0,0.0,27.85107901436945,87.42647334507534,4.0733334351153605,24.0,100.0,0.963124270240725,4.55644505974474
MALAMBO,2018,4,15,1,1.0,0.0,0.0,0.0,0.0,0.0,0.0,1.0,0.0,0.0,0.0,0.0,0.0,1.0,0.0,1.0,0.0,0.0,1.0,0.0,1.0,0.0,0.0,1.0,0.0,0.0,1.0,0.0,0.0,1.0,0.0,0.0,27.85107901436945,87.42647334507534,4.0733334351153605,1.59,6.42,0.963124270240725,4.55644505974474
MALAMBO,2018,4,16,1,1.0,0.0,0.0,0.0,0.0,0.0,0.0,1.0,0.0,0.0,0.0,0.0,0.0,1.0,0.0,0.0,1.0,0.0,1.0,1.0,0.0,0.0,0.0,1.0,0.0,0.0,1.0,0.0,0.0,0.0,0.0,1.0,28.48498942057294,85.69747561500186,1.7528571358748846,24.0,100.0,0.963124270240725,4.55644505974474
MALAMBO,2018,4,16,1,1.0,0.0,0.0,0.0,0.0,0.0,0.0,1.0,0.0,0.0,0.0,0.0,0.0,1.0,0.0,0.0,1.0,0.0,1.0,1.0,0.0,0.0,0.0,1.0,0.0,0.0,1.0,0.0,0.0,0.0,0.0,1.0,28.48498942057294,85.69747561500186,1.7528571358748846,1.59,6.42,0.963124270240725,4.55644505974474
MALAMBO,2018,5,17,1,1.0,0.0,0.0,0.0,0.0,0.0,0.0,1.0,0.0,0.0,0.0,0.0,0.0,1.0,0.0,0.0,1.0,0.0,1.0,0.0,1.0,0.0,0.0,1.0,0.0,0.0,1.0,0.0,0.0,0.0,0.0,1.0,28.061793445405527,88.56934429350353,5.396666654518673,24.0,100.0,0.963124270240725,4.55644505974474
MALAMBO,2018,5,17,1,1.0,0.0,0.0,0.0,0.0,0.0,0.0,1.0,0.0,0.0,0.0,0.0,0.0,1.0,0.0,0.0,1.0,0.0,1.0,0.0,1.0,0.0,0.0,1.0,0.0,0.0,1.0,0.0,0.0,0.0,0.0,1.0,28.061793445405527,88.56934429350353,5.396666654518673,1.59,6.42,0.963124270240725,4.55644505974474
MALAMBO,2018,5,18,3,0.3333333333333333,0.3333333333333333,0.3333333333333333,0.0,0.0,0.0,0.0,1.0,0.0,0.0,0.0,0.0,0.0,1.0,0.0,0.0,1.0,0.0,1.0,0.3333333333333333,0.6666666666666666,0.0,0.0,1.0,0.0,0.0,1.0,0.0,0.0,0.0,0.3333333333333333,0.6666666666666666,27.84538312639511,88.20913478306362,7.082380883218278,24.0,100.0,0.963124270240725,4.55644505974474
MALAMBO,2018,5,18,3,0.3333333333333333,0.3333333333333333,0.3333333333333333,0.0,0.0,0.0,0.0,1.0,0.0,0.0,0.0,0.0,0.0,1.0,0.0,0.0,1.0,0.0,1.0,0.3333333333333333,0.6666666666666666,0.0,0.0,1.0,0.0,0.0,1.0,0.0,0.0,0.0,0.3333333333333333,0.6666666666666666,27.84538312639511,88.20913478306362,7.082380883218278,1.59,6.42,0.963124270240725,4.55644505974474
MALAMBO,2018,5,19,2,0.5,0.0,0.0,0.0,0.0,0.0,0.5,0.5,0.0,0.0,0.0,0.0,0.5,1.0,0.0,1.0,0.0,0.0,1.0,0.0,1.0,0.0,0.0,1.0,0.0,0.0,1.0,0.0,0.0,0.0,0.0,1.0,27.73679940359935,89.08856419154576,12.332857114928109,24.0,100.0,0.963124270240725,4.55644505974474
MALAMBO,2018,5,19,2,0.5,0.0,0.0,0.0,0.0,0.0,0.5,0.5,0.0,0.0,0.0,0.0,0.5,1.0,0.0,1.0,0.0,0.0,1.0,0.0,1.0,0.0,0.0,1.0,0.0,0.0,1.0,0.0,0.0,0.0,0.0,1.0,27.73679940359935,89.08856419154576,12.332857114928109,1.59,6.42,0.963124270240725,4.55644505974474
MALAMBO,2018,5,20,2,1.0,0.0,0.0,0.0,0.0,0.0,0.0,0.5,0.0,0.0,0.0,0.0,0.5,1.0,0.0,0.5,0.5,0.0,1.0,1.0,0.0,0.0,0.0,1.0,0.0,0.0,1.0,0.0,0.0,0.0,0.0,1.0,27.65042739141558,89.04522378104073,10.243333362397694,24.0,100.0,0.963124270240725,4.55644505974474
MALAMBO,2018,5,20,2,1.0,0.0,0.0,0.0,0.0,0.0,0.0,0.5,0.0,0.0,0.0,0.0,0.5,1.0,0.0,0.5,0.5,0.0,1.0,1.0,0.0,0.0,0.0,1.0,0.0,0.0,1.0,0.0,0.0,0.0,0.0,1.0,27.65042739141558,89.04522378104073,10.243333362397694,1.59,6.42,0.963124270240725,4.55644505974474
MALAMBO,2018,6,21,2,0.0,0.0,0.0,0.0,1.0,0.0,0.0,0.0,0.0,0.5,0.0,0.0,0.5,0.5,0.5,0.5,0.5,0.0,1.0,0.0,1.0,0.0,0.0,1.0,0.0,0.0,1.0,0.0,0.0,0.5,0.0,0.5,27.77365591866632,89.87824721563429,11.428095272609166,24.0,100.0,0.963124270240725,4.55644505974474
MALAMBO,2018,6,21,2,0.0,0.0,0.0,0.0,1.0,0.0,0.0,0.0,0.0,0.5,0.0,0.0,0.5,0.5,0.5,0.5,0.5,0.0,1.0,0.0,1.0,0.0,0.0,1.0,0.0,0.0,1.0,0.0,0.0,0.5,0.0,0.5,27.77365591866632,89.87824721563429,11.428095272609166,1.59,6.42,0.963124270240725,4.55644505974474
MALAMBO,2018,6,22,5,0.0,0.4,0.0,0.0,0.4,0.0,0.2,0.2,0.0,0.0,0.0,0.0,0.8,1.0,0.0,0.4,0.6,0.0,1.0,0.4,0.6,0.0,0.0,1.0,0.0,0.0,1.0,0.0,0.0,0.2,0.0,0.8,28.26668701171878,88.94467126755488,6.491428741386959,24.0,100.0,0.963124270240725,4.55644505974474
MALAMBO,2018,6,22,5,0.0,0.4,0.0,0.0,0.4,0.0,0.2,0.2,0.0,0.0,0.0,0.0,0.8,1.0,0.0,0.4,0.6,0.0,1.0,0.4,0.6,0.0,0.0,1.0,0.0,0.0,1.0,0.0,0.0,0.2,0.0,0.8,28.26668701171878,88.94467126755488,6.491428741386959,1.59,6.42,0.963124270240725,4.55644505974474
MALAMBO,2018,6,23,5,0.6,0.2,0.0,0.0,0.2,0.0,0.0,0.2,0.0,0.0,0.0,0.4,0.4,1.0,0.0,0.0,1.0,0.0,1.0,0.2,0.8,0.0,0.0,1.0,0.0,0.0,1.0,0.0,0.0,0.2,0.0,0.8,28.511581130254857,88.50595310756138,3.0390475906786465,24.0,100.0,0.963124270240725,4.55644505974474
MALAMBO,2018,6,23,5,0.6,0.2,0.0,0.0,0.2,0.0,0.0,0.2,0.0,0.0,0.0,0.4,0.4,1.0,0.0,0.0,1.0,0.0,1.0,0.2,0.8,0.0,0.0,1.0,0.0,0.0,1.0,0.0,0.0,0.2,0.0,0.8,28.511581130254857,88.50595310756138,3.0390475906786465,1.59,6.42,0.963124270240725,4.55644505974474
MALAMBO,2018,6,24,2,0.0,0.5,0.0,0.0,0.5,0.0,0.0,0.0,0.0,0.0,0.0,0.0,1.0,1.0,0.0,0.0,1.0,0.0,1.0,1.0,0.0,0.0,0.0,1.0,0.0,0.0,1.0,0.0,0.0,0.0,0.0,1.0,28.009549531482545,89.55068751743862,7.196666565679368,24.0,100.0,0.963124270240725,4.55644505974474
MALAMBO,2018,6,24,2,0.0,0.5,0.0,0.0,0.5,0.0,0.0,0.0,0.0,0.0,0.0,0.0,1.0,1.0,0.0,0.0,1.0,0.0,1.0,1.0,0.0,0.0,0.0,1.0,0.0,0.0,1.0,0.0,0.0,0.0,0.0,1.0,28.009549531482545,89.55068751743862,7.196666565679368,1.59,6.42,0.963124270240725,4.55644505974474
MALAMBO,2018,7,25,6,0.1666666666666666,0.3333333333333333,0.0,0.0,0.5,0.0,0.0,0.1666666666666666,0.0,0.0,0.0,0.0,0.8333333333333334,1.0,0.0,0.3333333333333333,0.6666666666666666,0.0,1.0,0.6666666666666666,0.3333333333333333,0.0,0.0,1.0,0.0,0.0,1.0,0.0,0.0,0.1666666666666666,0.0,0.8333333333333334,27.725978742327037,90.20409683954148,5.132857044537863,24.0,100.0,0.963124270240725,4.55644505974474
MALAMBO,2018,7,25,6,0.1666666666666666,0.3333333333333333,0.0,0.0,0.5,0.0,0.0,0.1666666666666666,0.0,0.0,0.0,0.0,0.8333333333333334,1.0,0.0,0.3333333333333333,0.6666666666666666,0.0,1.0,0.6666666666666666,0.3333333333333333,0.0,0.0,1.0,0.0,0.0,1.0,0.0,0.0,0.1666666666666666,0.0,0.8333333333333334,27.725978742327037,90.20409683954148,5.132857044537863,1.59,6.42,0.963124270240725,4.55644505974474
MALAMBO,2018,7,26,4,0.25,0.25,0.25,0.0,0.25,0.0,0.0,0.75,0.0,0.0,0.0,0.0,0.25,1.0,0.0,0.0,1.0,0.0,1.0,0.25,0.75,0.0,0.0,1.0,0.0,0.0,1.0,0.0,0.0,0.5,0.0,0.5,27.732104056222116,89.77056230817523,3.630000037806375,24.0,100.0,0.963124270240725,4.55644505974474
MALAMBO,2018,7,26,4,0.25,0.25,0.25,0.0,0.25,0.0,0.0,0.75,0.0,0.0,0.0,0.0,0.25,1.0,0.0,0.0,1.0,0.0,1.0,0.25,0.75,0.0,0.0,1.0,0.0,0.0,1.0,0.0,0.0,0.5,0.0,0.5,27.732104056222116,89.77056230817523,3.630000037806375,1.59,6.42,0.963124270240725,4.55644505974474
MALAMBO,2018,7,27,6,0.3333333333333333,0.1666666666666666,0.0,0.0,0.3333333333333333,0.0,0.1666666666666666,0.3333333333333333,0.0,0.0,0.0,0.0,0.6666666666666666,1.0,0.0,0.5,0.5,0.0,1.0,0.3333333333333333,0.6666666666666666,0.0,0.0,1.0,0.0,0.0,1.0,0.0,0.0,0.6666666666666666,0.0,0.3333333333333333,27.84099440801713,89.35312071300687,1.2538095583163555,24.0,100.0,0.963124270240725,4.55644505974474
MALAMBO,2018,7,27,6,0.3333333333333333,0.1666666666666666,0.0,0.0,0.3333333333333333,0.0,0.1666666666666666,0.3333333333333333,0.0,0.0,0.0,0.0,0.6666666666666666,1.0,0.0,0.5,0.5,0.0,1.0,0.3333333333333333,0.6666666666666666,0.0,0.0,1.0,0.0,0.0,1.0,0.0,0.0,0.6666666666666666,0.0,0.3333333333333333,27.84099440801713,89.35312071300687,1.2538095583163555,1.59,6.42,0.963124270240725,4.55644505974474
MALAMBO,2018,7,28,7,0.4285714285714285,0.1428571428571428,0.0,0.0,0.2857142857142857,0.0,0.1428571428571428,0.4285714285714285,0.0,0.0,0.0,0.0,0.5714285714285714,1.0,0.0,0.2857142857142857,0.7142857142857143,0.0,1.0,0.4285714285714285,0.5714285714285714,0.0,0.0,1.0,0.0,0.0,1.0,0.0,0.0,0.2857142857142857,0.0,0.7142857142857143,28.10322469075522,89.14901079450335,1.3223809504083224,24.0,100.0,0.963124270240725,4.55644505974474
MALAMBO,2018,7,28,7,0.4285714285714285,0.1428571428571428,0.0,0.0,0.2857142857142857,0.0,0.1428571428571428,0.4285714285714285,0.0,0.0,0.0,0.0,0.5714285714285714,1.0,0.0,0.2857142857142857,0.7142857142857143,0.0,1.0,0.4285714285714285,0.5714285714285714,0.0,0.0,1.0,0.0,0.0,1.0,0.0,0.0,0.2857142857142857,0.0,0.7142857142857143,28.10322469075522,89.14901079450335,1.3223809504083224,1.59,6.42,0.963124270240725,4.55644505974474
MALAMBO,2018,8,29,4,0.25,0.5,0.0,0.0,0.0,0.0,0.25,0.5,0.0,0.0,0.0,0.25,0.25,0.75,0.25,0.5,0.5,0.0,1.0,0.5,0.5,0.0,0.0,1.0,0.0,0.0,1.0,0.0,0.0,0.5,0.0,0.5,27.996956670851954,89.48571414039249,0.9176190530969984,24.0,100.0,0.963124270240725,4.55644505974474
MALAMBO,2018,8,29,4,0.25,0.5,0.0,0.0,0.0,0.0,0.25,0.5,0.0,0.0,0.0,0.25,0.25,0.75,0.25,0.5,0.5,0.0,1.0,0.5,0.5,0.0,0.0,1.0,0.0,0.0,1.0,0.0,0.0,0.5,0.0,0.5,27.996956670851954,89.48571414039249,0.9176190530969984,1.59,6.42,0.963124270240725,4.55644505974474
MALAMBO,2018,8,30,9,0.1111111111111111,0.3333333333333333,0.0,0.0,0.2222222222222222,0.0,0.3333333333333333,0.1111111111111111,0.0,0.0,0.0,0.0,0.8888888888888888,1.0,0.0,0.6666666666666666,0.3333333333333333,0.0,1.0,0.5555555555555556,0.4444444444444444,0.0,0.0,1.0,0.0,0.0,1.0,0.0,0.0,0.0,0.0,1.0,27.17065182640442,92.86221567789714,7.816190458479382,24.0,100.0,0.963124270240725,4.55644505974474
MALAMBO,2018,8,30,9,0.1111111111111111,0.3333333333333333,0.0,0.0,0.2222222222222222,0.0,0.3333333333333333,0.1111111111111111,0.0,0.0,0.0,0.0,0.8888888888888888,1.0,0.0,0.6666666666666666,0.3333333333333333,0.0,1.0,0.5555555555555556,0.4444444444444444,0.0,0.0,1.0,0.0,0.0,1.0,0.0,0.0,0.0,0.0,1.0,27.17065182640442,92.86221567789714,7.816190458479382,1.59,6.42,0.963124270240725,4.55644505974474
MALAMBO,2018,8,31,2,0.0,0.0,0.0,0.0,0.5,0.0,0.5,1.0,0.0,0.0,0.0,0.0,0.0,1.0,0.0,0.0,1.0,0.0,1.0,1.0,0.0,0.0,0.0,1.0,0.0,0.0,1.0,0.0,0.0,0.0,0.0,1.0,27.29365583147324,91.91924213227772,6.205714225769043,24.0,100.0,0.963124270240725,4.55644505974474
MALAMBO,2018,8,31,2,0.0,0.0,0.0,0.0,0.5,0.0,0.5,1.0,0.0,0.0,0.0,0.0,0.0,1.0,0.0,0.0,1.0,0.0,1.0,1.0,0.0,0.0,0.0,1.0,0.0,0.0,1.0,0.0,0.0,0.0,0.0,1.0,27.29365583147324,91.91924213227772,6.205714225769043,1.59,6.42,0.963124270240725,4.55644505974474
MALAMBO,2018,8,32,2,0.5,0.5,0.0,0.0,0.0,0.0,0.0,0.0,0.0,0.0,0.0,0.0,1.0,1.0,0.0,0.0,1.0,0.0,1.0,0.5,0.5,0.0,0.0,1.0,0.0,0.0,1.0,0.0,0.0,0.0,0.0,1.0,28.151627022879484,89.56305185953775,0.1590476167343911,24.0,100.0,0.963124270240725,4.55644505974474
MALAMBO,2018,8,32,2,0.5,0.5,0.0,0.0,0.0,0.0,0.0,0.0,0.0,0.0,0.0,0.0,1.0,1.0,0.0,0.0,1.0,0.0,1.0,0.5,0.5,0.0,0.0,1.0,0.0,0.0,1.0,0.0,0.0,0.0,0.0,1.0,28.151627022879484,89.56305185953775,0.1590476167343911,1.59,6.42,0.963124270240725,4.55644505974474
MALAMBO,2018,9,33,6,0.5,0.0,0.1666666666666666,0.0,0.1666666666666666,0.0,0.1666666666666666,0.3333333333333333,0.0,0.0,0.0,0.0,0.6666666666666666,1.0,0.0,0.0,1.0,0.0,1.0,0.6666666666666666,0.3333333333333333,0.0,0.0,1.0,0.0,0.0,1.0,0.0,0.0,0.5,0.0,0.5,27.406271507626517,91.10081554594494,3.838571446282523,24.0,100.0,0.963124270240725,4.55644505974474
MALAMBO,2018,9,33,6,0.5,0.0,0.1666666666666666,0.0,0.1666666666666666,0.0,0.1666666666666666,0.3333333333333333,0.0,0.0,0.0,0.0,0.6666666666666666,1.0,0.0,0.0,1.0,0.0,1.0,0.6666666666666666,0.3333333333333333,0.0,0.0,1.0,0.0,0.0,1.0,0.0,0.0,0.5,0.0,0.5,27.406271507626517,91.10081554594494,3.838571446282523,1.59,6.42,0.963124270240725,4.55644505974474
MALAMBO,2018,9,34,3,0.3333333333333333,0.3333333333333333,0.0,0.0,0.0,0.0,0.3333333333333333,0.0,0.0,0.0,0.0,0.0,1.0,1.0,0.0,0.3333333333333333,0.6666666666666666,0.0,1.0,0.6666666666666666,0.3333333333333333,0.0,0.0,1.0,0.0,0.0,1.0,0.0,0.0,0.0,0.0,1.0,27.87414957682294,91.25325593494236,2.547142853339513,24.0,100.0,0.963124270240725,4.55644505974474
MALAMBO,2018,9,34,3,0.3333333333333333,0.3333333333333333,0.0,0.0,0.0,0.0,0.3333333333333333,0.0,0.0,0.0,0.0,0.0,1.0,1.0,0.0,0.3333333333333333,0.6666666666666666,0.0,1.0,0.6666666666666666,0.3333333333333333,0.0,0.0,1.0,0.0,0.0,1.0,0.0,0.0,0.0,0.0,1.0,27.87414957682294,91.25325593494236,2.547142853339513,1.59,6.42,0.963124270240725,4.55644505974474
MALAMBO,2018,9,35,1,0.0,0.0,0.0,0.0,1.0,0.0,0.0,0.0,0.0,0.0,0.0,0.0,1.0,1.0,0.0,0.0,1.0,0.0,1.0,0.0,1.0,0.0,0.0,1.0,0.0,0.0,1.0,0.0,0.0,0.0,0.0,1.0,27.644860839843776,92.48016757056826,4.642857154210409,24.0,100.0,0.963124270240725,4.55644505974474
MALAMBO,2018,9,35,1,0.0,0.0,0.0,0.0,1.0,0.0,0.0,0.0,0.0,0.0,0.0,0.0,1.0,1.0,0.0,0.0,1.0,0.0,1.0,0.0,1.0,0.0,0.0,1.0,0.0,0.0,1.0,0.0,0.0,0.0,0.0,1.0,27.644860839843776,92.48016757056826,4.642857154210409,1.59,6.42,0.963124270240725,4.55644505974474
MALAMBO,2018,9,36,4,0.0,0.25,0.0,0.0,0.75,0.0,0.0,0.25,0.0,0.0,0.0,0.25,0.5,1.0,0.0,0.25,0.75,0.0,1.0,0.75,0.25,0.0,0.0,1.0,0.0,0.0,1.0,0.0,0.0,0.5,0.0,0.5,27.188727678571457,93.85707746233258,11.976190510250277,24.0,100.0,0.963124270240725,4.55644505974474
MALAMBO,2018,9,36,4,0.0,0.25,0.0,0.0,0.75,0.0,0.0,0.25,0.0,0.0,0.0,0.25,0.5,1.0,0.0,0.25,0.75,0.0,1.0,0.75,0.25,0.0,0.0,1.0,0.0,0.0,1.0,0.0,0.0,0.5,0.0,0.5,27.188727678571457,93.85707746233258,11.976190510250277,1.59,6.42,0.963124270240725,4.55644505974474
MALAMBO,2018,10,37,3,0.3333333333333333,0.3333333333333333,0.0,0.0,0.0,0.0,0.3333333333333333,0.6666666666666666,0.0,0.0,0.0,0.0,0.3333333333333333,1.0,0.0,0.3333333333333333,0.6666666666666666,0.0,1.0,0.6666666666666666,0.3333333333333333,0.0,0.0,1.0,0.0,0.0,1.0,0.0,0.0,0.6666666666666666,0.0,0.3333333333333333,27.261937895275317,93.36931900751024,9.164761815752302,24.0,100.0,0.963124270240725,4.55644505974474
MALAMBO,2018,10,37,3,0.3333333333333333,0.3333333333333333,0.0,0.0,0.0,0.0,0.3333333333333333,0.6666666666666666,0.0,0.0,0.0,0.0,0.3333333333333333,1.0,0.0,0.3333333333333333,0.6666666666666666,0.0,1.0,0.6666666666666666,0.3333333333333333,0.0,0.0,1.0,0.0,0.0,1.0,0.0,0.0,0.6666666666666666,0.0,0.3333333333333333,27.261937895275317,93.36931900751024,9.164761815752302,1.59,6.42,0.963124270240725,4.55644505974474
MALAMBO,2018,10,38,1,0.0,1.0,0.0,0.0,0.0,0.0,0.0,0.0,0.0,0.0,0.0,0.0,1.0,1.0,0.0,1.0,0.0,0.0,1.0,1.0,0.0,0.0,0.0,1.0,0.0,0.0,1.0,0.0,0.0,1.0,0.0,0.0,27.85232805524555,92.79642813546316,6.326666671605337,24.0,100.0,0.963124270240725,4.55644505974474
MALAMBO,2018,10,38,1,0.0,1.0,0.0,0.0,0.0,0.0,0.0,0.0,0.0,0.0,0.0,0.0,1.0,1.0,0.0,1.0,0.0,0.0,1.0,1.0,0.0,0.0,0.0,1.0,0.0,0.0,1.0,0.0,0.0,1.0,0.0,0.0,27.85232805524555,92.79642813546316,6.326666671605337,1.59,6.42,0.963124270240725,4.55644505974474
MALAMBO,2018,10,39,3,0.6666666666666666,0.0,0.0,0.0,0.0,0.0,0.3333333333333333,0.3333333333333333,0.0,0.0,0.0,0.0,0.6666666666666666,1.0,0.0,0.6666666666666666,0.3333333333333333,0.0,1.0,1.0,0.0,0.0,0.0,1.0,0.0,0.0,1.0,0.0,0.0,0.6666666666666666,0.0,0.3333333333333333,27.453087652297267,91.82682327997117,10.313809514045715,24.0,100.0,0.963124270240725,4.55644505974474
MALAMBO,2018,10,39,3,0.6666666666666666,0.0,0.0,0.0,0.0,0.0,0.3333333333333333,0.3333333333333333,0.0,0.0,0.0,0.0,0.6666666666666666,1.0,0.0,0.6666666666666666,0.3333333333333333,0.0,1.0,1.0,0.0,0.0,0.0,1.0,0.0,0.0,1.0,0.0,0.0,0.6666666666666666,0.0,0.3333333333333333,27.453087652297267,91.82682327997117,10.313809514045715,1.59,6.42,0.963124270240725,4.55644505974474
MALAMBO,2018,10,40,4,0.5,0.0,0.0,0.0,0.25,0.0,0.25,0.5,0.0,0.0,0.0,0.0,0.5,1.0,0.0,0.25,0.75,0.0,1.0,0.0,1.0,0.0,0.0,1.0,0.0,0.0,1.0,0.0,0.0,0.25,0.0,0.75,26.86024591355099,94.09628223237536,13.26190458025251,24.0,100.0,0.963124270240725,4.55644505974474
MALAMBO,2018,10,40,4,0.5,0.0,0.0,0.0,0.25,0.0,0.25,0.5,0.0,0.0,0.0,0.0,0.5,1.0,0.0,0.25,0.75,0.0,1.0,0.0,1.0,0.0,0.0,1.0,0.0,0.0,1.0,0.0,0.0,0.25,0.0,0.75,26.86024591355099,94.09628223237536,13.26190458025251,1.59,6.42,0.963124270240725,4.55644505974474
MALAMBO,2018,11,41,1,1.0,0.0,0.0,0.0,0.0,0.0,0.0,0.0,0.0,0.0,0.0,0.0,1.0,1.0,0.0,0.0,1.0,0.0,1.0,0.0,1.0,0.0,0.0,1.0,0.0,0.0,1.0,0.0,0.0,0.0,0.0,1.0,26.699984305245568,92.2078835623605,9.458095278058734,24.0,100.0,0.963124270240725,4.55644505974474
MALAMBO,2018,11,41,1,1.0,0.0,0.0,0.0,0.0,0.0,0.0,0.0,0.0,0.0,0.0,0.0,1.0,1.0,0.0,0.0,1.0,0.0,1.0,0.0,1.0,0.0,0.0,1.0,0.0,0.0,1.0,0.0,0.0,0.0,0.0,1.0,26.699984305245568,92.2078835623605,9.458095278058734,1.59,6.42,0.963124270240725,4.55644505974474
MALAMBO,2018,11,42,4,0.0,0.75,0.0,0.0,0.0,0.0,0.25,0.25,0.0,0.0,0.0,0.25,0.5,1.0,0.0,0.5,0.5,0.0,1.0,0.5,0.5,0.0,0.0,1.0,0.0,0.0,1.0,0.0,0.0,0.0,0.0,1.0,27.109929112025693,92.2873328072684,5.733333349227905,24.0,100.0,0.963124270240725,4.55644505974474
MALAMBO,2018,11,42,4,0.0,0.75,0.0,0.0,0.0,0.0,0.25,0.25,0.0,0.0,0.0,0.25,0.5,1.0,0.0,0.5,0.5,0.0,1.0,0.5,0.5,0.0,0.0,1.0,0.0,0.0,1.0,0.0,0.0,0.0,0.0,1.0,27.109929112025693,92.2873328072684,5.733333349227905,1.59,6.42,0.963124270240725,4.55644505974474
MALAMBO,2018,11,43,4,0.0,0.25,0.0,0.0,0.5,0.0,0.25,0.0,0.0,0.0,0.0,0.0,1.0,1.0,0.0,0.75,0.25,0.0,1.0,0.5,0.5,0.0,0.0,1.0,0.0,0.0,1.0,0.0,0.0,0.25,0.0,0.75,27.279414295014902,92.23285057431175,4.593809445699057,24.0,100.0,0.963124270240725,4.55644505974474
MALAMBO,2018,11,43,4,0.0,0.25,0.0,0.0,0.5,0.0,0.25,0.0,0.0,0.0,0.0,0.0,1.0,1.0,0.0,0.75,0.25,0.0,1.0,0.5,0.5,0.0,0.0,1.0,0.0,0.0,1.0,0.0,0.0,0.25,0.0,0.75,27.279414295014902,92.23285057431175,4.593809445699057,1.59,6.42,0.963124270240725,4.55644505974474
MALAMBO,2018,11,44,3,0.6666666666666666,0.3333333333333333,0.0,0.0,0.0,0.0,0.0,0.6666666666666666,0.0,0.0,0.0,0.0,0.3333333333333333,1.0,0.0,0.3333333333333333,0.6666666666666666,0.0,1.0,0.6666666666666666,0.3333333333333333,0.0,0.0,1.0,0.0,0.0,1.0,0.0,0.0,0.3333333333333333,0.0,0.6666666666666666,27.247612072172643,91.57168833414714,6.833809468717802,24.0,100.0,0.963124270240725,4.55644505974474
MALAMBO,2018,11,44,3,0.6666666666666666,0.3333333333333333,0.0,0.0,0.0,0.0,0.0,0.6666666666666666,0.0,0.0,0.0,0.0,0.3333333333333333,1.0,0.0,0.3333333333333333,0.6666666666666666,0.0,1.0,0.6666666666666666,0.3333333333333333,0.0,0.0,1.0,0.0,0.0,1.0,0.0,0.0,0.3333333333333333,0.0,0.6666666666666666,27.247612072172643,91.57168833414714,6.833809468717802,1.59,6.42,0.963124270240725,4.55644505974474
MALAMBO,2018,12,45,6,0.3333333333333333,0.3333333333333333,0.1666666666666666,0.0,0.1666666666666666,0.0,0.0,0.5,0.0,0.0,0.0,0.0,0.5,1.0,0.0,0.5,0.5,0.0,1.0,0.5,0.5,0.0,0.0,1.0,0.0,0.0,1.0,0.0,0.0,0.0,0.0,1.0,27.338640194847503,91.57992735363187,2.551904776444038,24.0,100.0,0.963124270240725,4.55644505974474
MALAMBO,2018,12,45,6,0.3333333333333333,0.3333333333333333,0.1666666666666666,0.0,0.1666666666666666,0.0,0.0,0.5,0.0,0.0,0.0,0.0,0.5,1.0,0.0,0.5,0.5,0.0,1.0,0.5,0.5,0.0,0.0,1.0,0.0,0.0,1.0,0.0,0.0,0.0,0.0,1.0,27.338640194847503,91.57992735363187,2.551904776444038,1.59,6.42,0.963124270240725,4.55644505974474
MALAMBO,2018,12,46,4,0.5,0.0,0.0,0.0,0.25,0.0,0.25,0.25,0.0,0.0,0.0,0.0,0.75,1.0,0.0,0.25,0.75,0.0,1.0,0.0,1.0,0.0,0.0,1.0,0.0,0.0,1.0,0.0,0.0,0.5,0.0,0.5,27.639180937267515,91.54621087937127,4.424761934471982,24.0,100.0,0.963124270240725,4.55644505974474
MALAMBO,2018,12,46,4,0.5,0.0,0.0,0.0,0.25,0.0,0.25,0.25,0.0,0.0,0.0,0.0,0.75,1.0,0.0,0.25,0.75,0.0,1.0,0.0,1.0,0.0,0.0,1.0,0.0,0.0,1.0,0.0,0.0,0.5,0.0,0.5,27.639180937267515,91.54621087937127,4.424761934471982,1.59,6.42,0.963124270240725,4.55644505974474
MALAMBO,2018,12,47,5,0.2,0.0,0.0,0.0,0.8,0.0,0.0,0.2,0.0,0.0,0.0,0.2,0.6,0.8,0.2,0.0,1.0,0.0,1.0,1.0,0.0,0.0,0.0,1.0,0.0,0.0,1.0,0.0,0.0,0.8,0.0,0.2,27.45545567103797,91.42997124081566,2.047619080614476,24.0,100.0,0.963124270240725,4.55644505974474
MALAMBO,2018,12,47,5,0.2,0.0,0.0,0.0,0.8,0.0,0.0,0.2,0.0,0.0,0.0,0.2,0.6,0.8,0.2,0.0,1.0,0.0,1.0,1.0,0.0,0.0,0.0,1.0,0.0,0.0,1.0,0.0,0.0,0.8,0.0,0.2,27.45545567103797,91.42997124081566,2.047619080614476,1.59,6.42,0.963124270240725,4.55644505974474
MALAMBO,2018,12,48,4,1.0,0.0,0.0,0.0,0.0,0.0,0.0,0.25,0.0,0.0,0.0,0.0,0.75,1.0,0.0,0.25,0.75,0.0,1.0,0.5,0.5,0.0,0.0,1.0,0.0,0.0,1.0,0.0,0.0,0.25,0.0,0.75,27.220105561755982,90.88350822812036,1.9780952191601195,24.0,100.0,0.963124270240725,4.55644505974474
MALAMBO,2018,12,48,4,1.0,0.0,0.0,0.0,0.0,0.0,0.0,0.25,0.0,0.0,0.0,0.0,0.75,1.0,0.0,0.25,0.75,0.0,1.0,0.5,0.5,0.0,0.0,1.0,0.0,0.0,1.0,0.0,0.0,0.25,0.0,0.75,27.220105561755982,90.88350822812036,1.9780952191601195,1.59,6.42,0.963124270240725,4.55644505974474
MALAMBO,2018,13,49,4,0.25,0.0,0.0,0.0,0.5,0.0,0.25,1.0,0.0,0.0,0.0,0.0,0.0,1.0,0.0,0.25,0.75,0.0,1.0,0.75,0.25,0.0,0.0,1.0,0.0,0.0,1.0,0.0,0.0,0.25,0.0,0.75,27.13499130975635,89.14291272844586,0.0266666671349888,24.0,100.0,0.963124270240725,4.55644505974474
MALAMBO,2018,13,49,4,0.25,0.0,0.0,0.0,0.5,0.0,0.25,1.0,0.0,0.0,0.0,0.0,0.0,1.0,0.0,0.25,0.75,0.0,1.0,0.75,0.25,0.0,0.0,1.0,0.0,0.0,1.0,0.0,0.0,0.25,0.0,0.75,27.13499130975635,89.14291272844586,0.0266666671349888,1.59,6.42,0.963124270240725,4.55644505974474
MALAMBO,2018,13,50,4,0.5,0.25,0.0,0.0,0.25,0.0,0.0,0.5,0.0,0.0,0.0,0.0,0.5,1.0,0.0,0.25,0.75,0.0,1.0,0.5,0.5,0.0,0.0,1.0,0.0,0.0,1.0,0.0,0.0,0.0,0.0,1.0,27.441129121326288,88.51211475190662,0.0228571420801537,24.0,100.0,0.963124270240725,4.55644505974474
MALAMBO,2018,13,50,4,0.5,0.25,0.0,0.0,0.25,0.0,0.0,0.5,0.0,0.0,0.0,0.0,0.5,1.0,0.0,0.25,0.75,0.0,1.0,0.5,0.5,0.0,0.0,1.0,0.0,0.0,1.0,0.0,0.0,0.0,0.0,1.0,27.441129121326288,88.51211475190662,0.0228571420801537,1.59,6.42,0.963124270240725,4.55644505974474
MALAMBO,2018,13,51,5,0.4,0.0,0.0,0.0,0.2,0.0,0.4,0.6,0.0,0.0,0.0,0.0,0.4,1.0,0.0,0.2,0.8,0.0,1.0,0.4,0.6,0.0,0.0,1.0,0.0,0.0,1.0,0.0,0.0,0.2,0.0,0.8,27.12735828218009,89.9229965209961,0.0976190495171717,24.0,100.0,0.963124270240725,4.55644505974474
MALAMBO,2018,13,51,5,0.4,0.0,0.0,0.0,0.2,0.0,0.4,0.6,0.0,0.0,0.0,0.0,0.4,1.0,0.0,0.2,0.8,0.0,1.0,0.4,0.6,0.0,0.0,1.0,0.0,0.0,1.0,0.0,0.0,0.2,0.0,0.8,27.12735828218009,89.9229965209961,0.0976190495171717,1.59,6.42,0.963124270240725,4.55644505974474
MALAMBO,2018,13,52,5,0.6,0.4,0.0,0.0,0.0,0.0,0.0,0.6,0.0,0.0,0.0,0.0,0.4,1.0,0.0,0.8,0.2,0.0,1.0,0.2,0.8,0.0,0.0,1.0,0.0,0.0,1.0,0.0,0.0,0.8,0.0,0.2,27.15049278622584,84.20717257545108,0.0,24.0,100.0,0.963124270240725,4.55644505974474
MALAMBO,2018,13,52,5,0.6,0.4,0.0,0.0,0.0,0.0,0.0,0.6,0.0,0.0,0.0,0.0,0.4,1.0,0.0,0.8,0.2,0.0,1.0,0.2,0.8,0.0,0.0,1.0,0.0,0.0,1.0,0.0,0.0,0.8,0.0,0.2,27.15049278622584,84.20717257545108,0.0,1.59,6.42,0.963124270240725,4.55644505974474
MALAMBO,2019,1,1,2,0.0,0.0,0.0,0.0,1.0,0.0,0.0,0.0,0.5,0.0,0.0,0.0,0.5,1.0,0.0,0.5,0.5,0.0,1.0,0.5,0.5,0.0,0.0,1.0,0.0,0.0,1.0,0.0,0.0,1.0,0.0,0.0,26.8677677699498,86.08062671479726,1.4761904761904765,24.0,100.0,0.963124270240725,4.55644505974474
MALAMBO,2019,1,1,2,0.0,0.0,0.0,0.0,1.0,0.0,0.0,0.0,0.5,0.0,0.0,0.0,0.5,1.0,0.0,0.5,0.5,0.0,1.0,0.5,0.5,0.0,0.0,1.0,0.0,0.0,1.0,0.0,0.0,1.0,0.0,0.0,26.8677677699498,86.08062671479726,1.4761904761904765,13.72,57.68,0.963124270240725,4.55644505974474
MALAMBO,2019,1,2,5,0.4,0.2,0.0,0.0,0.4,0.0,0.0,0.6,0.2,0.0,0.0,0.0,0.2,1.0,0.0,0.6,0.4,0.0,1.0,0.0,1.0,0.0,0.0,1.0,0.0,0.0,0.8,0.0,0.2,0.0,0.0,1.0,26.80901925223217,87.69931902204242,2.9980953287865435,24.0,100.0,0.963124270240725,4.55644505974474
MALAMBO,2019,1,2,5,0.4,0.2,0.0,0.0,0.4,0.0,0.0,0.6,0.2,0.0,0.0,0.0,0.2,1.0,0.0,0.6,0.4,0.0,1.0,0.0,1.0,0.0,0.0,1.0,0.0,0.0,0.8,0.0,0.2,0.0,0.0,1.0,26.80901925223217,87.69931902204242,2.9980953287865435,13.72,57.68,0.963124270240725,4.55644505974474
MALAMBO,2019,1,3,9,0.2222222222222222,0.3333333333333333,0.0,0.0,0.1111111111111111,0.0,0.3333333333333333,0.5555555555555556,0.0,0.0,0.0,0.0,0.4444444444444444,0.8888888888888888,0.1111111111111111,0.8888888888888888,0.1111111111111111,0.0,1.0,0.5555555555555556,0.4444444444444444,0.0,0.0,1.0,0.0,0.0,1.0,0.0,0.0,0.2222222222222222,0.0,0.7777777777777778,26.95680789039252,86.63421703520275,0.0,24.0,100.0,0.963124270240725,4.55644505974474
MALAMBO,2019,1,3,9,0.2222222222222222,0.3333333333333333,0.0,0.0,0.1111111111111111,0.0,0.3333333333333333,0.5555555555555556,0.0,0.0,0.0,0.0,0.4444444444444444,0.8888888888888888,0.1111111111111111,0.8888888888888888,0.1111111111111111,0.0,1.0,0.5555555555555556,0.4444444444444444,0.0,0.0,1.0,0.0,0.0,1.0,0.0,0.0,0.2222222222222222,0.0,0.7777777777777778,26.95680789039252,86.63421703520275,0.0,13.72,57.68,0.963124270240725,4.55644505974474
MALAMBO,2019,1,4,4,0.5,0.0,0.0,0.0,0.25,0.0,0.25,0.75,0.0,0.0,0.0,0.0,0.25,1.0,0.0,0.5,0.5,0.0,1.0,0.25,0.75,0.0,0.0,1.0,0.0,0.0,1.0,0.0,0.0,0.5,0.0,0.5,27.427364966982907,86.15210396902901,2.571428571428572,24.0,100.0,0.963124270240725,4.55644505974474
MALAMBO,2019,1,4,4,0.5,0.0,0.0,0.0,0.25,0.0,0.25,0.75,0.0,0.0,0.0,0.0,0.25,1.0,0.0,0.5,0.5,0.0,1.0,0.25,0.75,0.0,0.0,1.0,0.0,0.0,1.0,0.0,0.0,0.5,0.0,0.5,27.427364966982907,86.15210396902901,2.571428571428572,13.72,57.68,0.963124270240725,4.55644505974474
MALAMBO,2019,2,5,4,0.5,0.0,0.0,0.0,0.5,0.0,0.0,0.5,0.0,0.0,0.0,0.0,0.5,1.0,0.0,0.5,0.5,0.0,1.0,0.0,1.0,0.0,0.0,1.0,0.0,0.0,1.0,0.0,0.0,0.5,0.0,0.5,27.256475975399944,85.88928622291202,0.9047619047619048,24.0,100.0,0.963124270240725,4.55644505974474
MALAMBO,2019,2,5,4,0.5,0.0,0.0,0.0,0.5,0.0,0.0,0.5,0.0,0.0,0.0,0.0,0.5,1.0,0.0,0.5,0.5,0.0,1.0,0.0,1.0,0.0,0.0,1.0,0.0,0.0,1.0,0.0,0.0,0.5,0.0,0.5,27.256475975399944,85.88928622291202,0.9047619047619048,13.72,57.68,0.963124270240725,4.55644505974474
MALAMBO,2019,2,6,4,0.25,0.0,0.0,0.0,0.5,0.0,0.25,0.25,0.0,0.0,0.0,0.0,0.75,1.0,0.0,0.5,0.5,0.0,1.0,0.75,0.25,0.0,0.0,1.0,0.0,0.0,1.0,0.0,0.0,0.25,0.0,0.75,27.33003423781625,83.59429059709821,0.0,24.0,100.0,0.963124270240725,4.55644505974474
MALAMBO,2019,2,6,4,0.25,0.0,0.0,0.0,0.5,0.0,0.25,0.25,0.0,0.0,0.0,0.0,0.75,1.0,0.0,0.5,0.5,0.0,1.0,0.75,0.25,0.0,0.0,1.0,0.0,0.0,1.0,0.0,0.0,0.25,0.0,0.75,27.33003423781625,83.59429059709821,0.0,13.72,57.68,0.963124270240725,4.55644505974474
MALAMBO,2019,2,7,4,0.25,0.5,0.0,0.0,0.25,0.0,0.0,0.0,0.0,0.0,0.0,0.0,1.0,1.0,0.0,0.25,0.75,0.0,1.0,0.25,0.75,0.0,0.0,1.0,0.0,0.0,1.0,0.0,0.0,0.5,0.0,0.5,27.73094584147137,87.53514062790644,1.214761905194748,24.0,100.0,0.963124270240725,4.55644505974474
MALAMBO,2019,2,7,4,0.25,0.5,0.0,0.0,0.25,0.0,0.0,0.0,0.0,0.0,0.0,0.0,1.0,1.0,0.0,0.25,0.75,0.0,1.0,0.25,0.75,0.0,0.0,1.0,0.0,0.0,1.0,0.0,0.0,0.5,0.0,0.5,27.73094584147137,87.53514062790644,1.214761905194748,13.72,57.68,0.963124270240725,4.55644505974474
MALAMBO,2019,2,8,4,0.75,0.0,0.0,0.0,0.25,0.0,0.0,0.5,0.0,0.0,0.0,0.0,0.5,1.0,0.0,0.25,0.75,0.0,1.0,0.75,0.25,0.0,0.0,1.0,0.0,0.0,1.0,0.0,0.0,0.25,0.0,0.75,27.80943559919088,83.42454892113095,2.5614285752886814,24.0,100.0,0.963124270240725,4.55644505974474
MALAMBO,2019,2,8,4,0.75,0.0,0.0,0.0,0.25,0.0,0.0,0.5,0.0,0.0,0.0,0.0,0.5,1.0,0.0,0.25,0.75,0.0,1.0,0.75,0.25,0.0,0.0,1.0,0.0,0.0,1.0,0.0,0.0,0.25,0.0,0.75,27.80943559919088,83.42454892113095,2.5614285752886814,13.72,57.68,0.963124270240725,4.55644505974474
MALAMBO,2019,3,9,4,0.25,0.0,0.0,0.0,0.5,0.0,0.25,0.75,0.0,0.0,0.0,0.0,0.25,1.0,0.0,0.25,0.75,0.0,1.0,0.75,0.25,0.0,0.0,1.0,0.0,0.0,1.0,0.0,0.0,0.5,0.0,0.5,27.627834937686032,84.61278243291945,0.4738095234192552,24.0,100.0,0.963124270240725,4.55644505974474
MALAMBO,2019,3,9,4,0.25,0.0,0.0,0.0,0.5,0.0,0.25,0.75,0.0,0.0,0.0,0.0,0.25,1.0,0.0,0.25,0.75,0.0,1.0,0.75,0.25,0.0,0.0,1.0,0.0,0.0,1.0,0.0,0.0,0.5,0.0,0.5,27.627834937686032,84.61278243291945,0.4738095234192552,13.72,57.68,0.963124270240725,4.55644505974474
MALAMBO,2019,3,10,4,0.25,0.0,0.0,0.0,0.25,0.0,0.5,0.5,0.0,0.0,0.0,0.0,0.5,1.0,0.0,0.5,0.5,0.0,1.0,0.5,0.5,0.0,0.0,1.0,0.0,0.0,1.0,0.0,0.0,0.5,0.0,0.5,27.42854570661275,84.58022054036459,0.0047619048328626,24.0,100.0,0.963124270240725,4.55644505974474
MALAMBO,2019,3,10,4,0.25,0.0,0.0,0.0,0.25,0.0,0.5,0.5,0.0,0.0,0.0,0.0,0.5,1.0,0.0,0.5,0.5,0.0,1.0,0.5,0.5,0.0,0.0,1.0,0.0,0.0,1.0,0.0,0.0,0.5,0.0,0.5,27.42854570661275,84.58022054036459,0.0047619048328626,13.72,57.68,0.963124270240725,4.55644505974474
MALAMBO,2019,3,11,2,0.5,0.0,0.0,0.0,0.0,0.0,0.5,0.0,0.0,0.5,0.0,0.5,0.0,1.0,0.0,0.0,1.0,0.0,1.0,0.0,1.0,0.0,0.0,1.0,0.0,0.0,1.0,0.0,0.0,0.0,0.0,1.0,27.604786900111637,84.06692068917411,0.619047619047619,24.0,100.0,0.963124270240725,4.55644505974474
MALAMBO,2019,3,11,2,0.5,0.0,0.0,0.0,0.0,0.0,0.5,0.0,0.0,0.5,0.0,0.5,0.0,1.0,0.0,0.0,1.0,0.0,1.0,0.0,1.0,0.0,0.0,1.0,0.0,0.0,1.0,0.0,0.0,0.0,0.0,1.0,27.604786900111637,84.06692068917411,0.619047619047619,13.72,57.68,0.963124270240725,4.55644505974474
MALAMBO,2019,4,13,3,1.0,0.0,0.0,0.0,0.0,0.0,0.0,0.0,0.0,0.0,0.0,0.0,1.0,1.0,0.0,0.3333333333333333,0.6666666666666666,0.0,1.0,1.0,0.0,0.0,0.0,1.0,0.0,0.0,1.0,0.0,0.0,0.0,0.0,1.0,27.91548708961125,86.07441311790829,0.6561904748280842,24.0,100.0,0.963124270240725,4.55644505974474
MALAMBO,2019,4,13,3,1.0,0.0,0.0,0.0,0.0,0.0,0.0,0.0,0.0,0.0,0.0,0.0,1.0,1.0,0.0,0.3333333333333333,0.6666666666666666,0.0,1.0,1.0,0.0,0.0,0.0,1.0,0.0,0.0,1.0,0.0,0.0,0.0,0.0,1.0,27.91548708961125,86.07441311790829,0.6561904748280842,13.72,57.68,0.963124270240725,4.55644505974474
MALAMBO,2019,4,14,4,0.25,0.0,0.25,0.0,0.5,0.0,0.0,0.5,0.0,0.0,0.0,0.0,0.5,1.0,0.0,0.0,1.0,0.0,1.0,0.75,0.25,0.0,0.0,1.0,0.0,0.0,1.0,0.0,0.0,0.25,0.0,0.75,28.463251459030904,83.43595450265067,1.3680952386487095,24.0,100.0,0.963124270240725,4.55644505974474
MALAMBO,2019,4,14,4,0.25,0.0,0.25,0.0,0.5,0.0,0.0,0.5,0.0,0.0,0.0,0.0,0.5,1.0,0.0,0.0,1.0,0.0,1.0,0.75,0.25,0.0,0.0,1.0,0.0,0.0,1.0,0.0,0.0,0.25,0.0,0.75,28.463251459030904,83.43595450265067,1.3680952386487095,13.72,57.68,0.963124270240725,4.55644505974474
MALAMBO,2019,4,15,3,0.3333333333333333,0.3333333333333333,0.0,0.0,0.3333333333333333,0.0,0.0,1.0,0.0,0.0,0.0,0.0,0.0,1.0,0.0,0.3333333333333333,0.6666666666666666,0.0,1.0,1.0,0.0,0.0,0.0,1.0,0.0,0.0,1.0,0.0,0.0,0.0,0.0,1.0,28.24791724795389,86.9214593796503,3.2600000436816896,24.0,100.0,0.963124270240725,4.55644505974474
MALAMBO,2019,4,15,3,0.3333333333333333,0.3333333333333333,0.0,0.0,0.3333333333333333,0.0,0.0,1.0,0.0,0.0,0.0,0.0,0.0,1.0,0.0,0.3333333333333333,0.6666666666666666,0.0,1.0,1.0,0.0,0.0,0.0,1.0,0.0,0.0,1.0,0.0,0.0,0.0,0.0,1.0,28.24791724795389,86.9214593796503,3.2600000436816896,13.72,57.68,0.963124270240725,4.55644505974474
MALAMBO,2019,4,16,2,0.5,0.0,0.0,0.0,0.5,0.0,0.0,0.5,0.0,0.0,0.0,0.0,0.5,1.0,0.0,1.0,0.0,0.0,1.0,0.5,0.5,0.0,0.0,1.0,0.0,0.0,1.0,0.0,0.0,0.0,0.0,1.0,28.368258231026815,85.30688294910249,3.535238103852386,24.0,100.0,0.963124270240725,4.55644505974474
MALAMBO,2019,4,16,2,0.5,0.0,0.0,0.0,0.5,0.0,0.0,0.5,0.0,0.0,0.0,0.0,0.5,1.0,0.0,1.0,0.0,0.0,1.0,0.5,0.5,0.0,0.0,1.0,0.0,0.0,1.0,0.0,0.0,0.0,0.0,1.0,28.368258231026815,85.30688294910249,3.535238103852386,13.72,57.68,0.963124270240725,4.55644505974474
MALAMBO,2019,5,17,1,0.0,0.0,0.0,0.0,1.0,0.0,0.0,0.0,0.0,0.0,0.0,0.0,1.0,1.0,0.0,0.0,1.0,0.0,1.0,1.0,0.0,0.0,0.0,1.0,0.0,0.0,1.0,0.0,0.0,0.0,0.0,1.0,28.403358532133588,85.38416980561756,1.984761886387354,24.0,100.0,0.963124270240725,4.55644505974474
MALAMBO,2019,5,17,1,0.0,0.0,0.0,0.0,1.0,0.0,0.0,0.0,0.0,0.0,0.0,0.0,1.0,1.0,0.0,0.0,1.0,0.0,1.0,1.0,0.0,0.0,0.0,1.0,0.0,0.0,1.0,0.0,0.0,0.0,0.0,1.0,28.403358532133588,85.38416980561756,1.984761886387354,13.72,57.68,0.963124270240725,4.55644505974474
MALAMBO,2019,5,18,2,0.5,0.5,0.0,0.0,0.0,0.0,0.0,1.0,0.0,0.0,0.0,0.0,0.0,1.0,0.0,0.5,0.5,0.0,1.0,0.5,0.5,0.0,0.0,1.0,0.0,0.0,1.0,0.0,0.0,0.5,0.0,0.5,29.4693557012649,83.43712252662296,0.8219047634019737,24.0,100.0,0.963124270240725,4.55644505974474
MALAMBO,2019,5,18,2,0.5,0.5,0.0,0.0,0.0,0.0,0.0,1.0,0.0,0.0,0.0,0.0,0.0,1.0,0.0,0.5,0.5,0.0,1.0,0.5,0.5,0.0,0.0,1.0,0.0,0.0,1.0,0.0,0.0,0.5,0.0,0.5,29.4693557012649,83.43712252662296,0.8219047634019737,13.72,57.68,0.963124270240725,4.55644505974474
MALAMBO,2019,5,19,1,1.0,0.0,0.0,0.0,0.0,0.0,0.0,0.0,0.0,0.0,0.0,0.0,1.0,1.0,0.0,1.0,0.0,0.0,1.0,0.0,1.0,0.0,0.0,1.0,0.0,0.0,1.0,0.0,0.0,0.0,0.0,1.0,28.195969790504115,88.03143601190477,13.46523804891677,24.0,100.0,0.963124270240725,4.55644505974474
MALAMBO,2019,5,19,1,1.0,0.0,0.0,0.0,0.0,0.0,0.0,0.0,0.0,0.0,0.0,0.0,1.0,1.0,0.0,1.0,0.0,0.0,1.0,0.0,1.0,0.0,0.0,1.0,0.0,0.0,1.0,0.0,0.0,0.0,0.0,1.0,28.195969790504115,88.03143601190477,13.46523804891677,13.72,57.68,0.963124270240725,4.55644505974474
MALAMBO,2019,5,20,3,1.0,0.0,0.0,0.0,0.0,0.0,0.0,0.0,0.0,0.3333333333333333,0.0,0.0,0.6666666666666666,0.6666666666666666,0.3333333333333333,0.3333333333333333,0.6666666666666666,0.0,1.0,0.6666666666666666,0.3333333333333333,0.0,0.0,1.0,0.0,0.0,1.0,0.0,0.0,0.6666666666666666,0.0,0.3333333333333333,28.071204485212085,89.37455277215868,12.677618957701185,24.0,100.0,0.963124270240725,4.55644505974474
MALAMBO,2019,5,20,3,1.0,0.0,0.0,0.0,0.0,0.0,0.0,0.0,0.0,0.3333333333333333,0.0,0.0,0.6666666666666666,0.6666666666666666,0.3333333333333333,0.3333333333333333,0.6666666666666666,0.0,1.0,0.6666666666666666,0.3333333333333333,0.0,0.0,1.0,0.0,0.0,1.0,0.0,0.0,0.6666666666666666,0.0,0.3333333333333333,28.071204485212085,89.37455277215868,12.677618957701185,13.72,57.68,0.963124270240725,4.55644505974474
MALAMBO,2019,6,21,1,1.0,0.0,0.0,0.0,0.0,0.0,0.0,1.0,0.0,0.0,0.0,0.0,0.0,1.0,0.0,0.0,1.0,0.0,1.0,0.0,1.0,0.0,0.0,1.0,0.0,0.0,1.0,0.0,0.0,0.0,0.0,1.0,28.18594040643605,89.93092164539155,8.618571468761989,24.0,100.0,0.963124270240725,4.55644505974474
MALAMBO,2019,6,21,1,1.0,0.0,0.0,0.0,0.0,0.0,0.0,1.0,0.0,0.0,0.0,0.0,0.0,1.0,0.0,0.0,1.0,0.0,1.0,0.0,1.0,0.0,0.0,1.0,0.0,0.0,1.0,0.0,0.0,0.0,0.0,1.0,28.18594040643605,89.93092164539155,8.618571468761989,13.72,57.68,0.963124270240725,4.55644505974474
MALAMBO,2019,6,23,2,0.5,0.0,0.0,0.0,0.5,0.0,0.0,0.5,0.0,0.0,0.0,0.5,0.0,1.0,0.0,0.5,0.5,0.0,1.0,0.0,1.0,0.0,0.0,1.0,0.0,0.0,1.0,0.0,0.0,0.0,0.0,1.0,28.33549979073664,89.98876553490048,10.101428764207023,24.0,100.0,0.963124270240725,4.55644505974474
MALAMBO,2019,6,23,2,0.5,0.0,0.0,0.0,0.5,0.0,0.0,0.5,0.0,0.0,0.0,0.5,0.0,1.0,0.0,0.5,0.5,0.0,1.0,0.0,1.0,0.0,0.0,1.0,0.0,0.0,1.0,0.0,0.0,0.0,0.0,1.0,28.33549979073664,89.98876553490048,10.101428764207023,13.72,57.68,0.963124270240725,4.55644505974474
MALAMBO,2019,6,24,1,1.0,0.0,0.0,0.0,0.0,0.0,0.0,0.0,0.0,0.0,0.0,0.0,1.0,1.0,0.0,0.0,1.0,0.0,1.0,1.0,0.0,0.0,0.0,1.0,0.0,0.0,1.0,0.0,0.0,0.0,0.0,1.0,28.44554327101937,88.89035978771392,2.651904783433392,24.0,100.0,0.963124270240725,4.55644505974474
MALAMBO,2019,6,24,1,1.0,0.0,0.0,0.0,0.0,0.0,0.0,0.0,0.0,0.0,0.0,0.0,1.0,1.0,0.0,0.0,1.0,0.0,1.0,1.0,0.0,0.0,0.0,1.0,0.0,0.0,1.0,0.0,0.0,0.0,0.0,1.0,28.44554327101937,88.89035978771392,2.651904783433392,13.72,57.68,0.963124270240725,4.55644505974474
MALAMBO,2019,7,25,2,0.5,0.5,0.0,0.0,0.0,0.0,0.0,0.5,0.0,0.0,0.0,0.0,0.5,1.0,0.0,0.0,1.0,0.0,1.0,0.0,1.0,0.0,0.0,1.0,0.0,0.0,1.0,0.0,0.0,0.0,0.0,1.0,28.80198059082033,88.14517938523066,3.777142968206179,24.0,100.0,0.963124270240725,4.55644505974474
MALAMBO,2019,7,25,2,0.5,0.5,0.0,0.0,0.0,0.0,0.0,0.5,0.0,0.0,0.0,0.0,0.5,1.0,0.0,0.0,1.0,0.0,1.0,0.0,1.0,0.0,0.0,1.0,0.0,0.0,1.0,0.0,0.0,0.0,0.0,1.0,28.80198059082033,88.14517938523066,3.777142968206179,13.72,57.68,0.963124270240725,4.55644505974474
MALAMBO,2019,7,27,2,0.0,1.0,0.0,0.0,0.0,0.0,0.0,0.5,0.0,0.5,0.0,0.0,0.0,1.0,0.0,1.0,0.0,0.0,1.0,0.0,1.0,0.0,0.0,1.0,0.0,0.0,0.0,1.0,0.0,0.0,0.0,1.0,28.060801624116465,89.42134929838635,3.45333344152286,24.0,100.0,0.963124270240725,4.55644505974474
MALAMBO,2019,7,27,2,0.0,1.0,0.0,0.0,0.0,0.0,0.0,0.5,0.0,0.5,0.0,0.0,0.0,1.0,0.0,1.0,0.0,0.0,1.0,0.0,1.0,0.0,0.0,1.0,0.0,0.0,0.0,1.0,0.0,0.0,0.0,1.0,28.060801624116465,89.42134929838635,3.45333344152286,13.72,57.68,0.963124270240725,4.55644505974474
MALAMBO,2019,7,28,3,0.3333333333333333,0.0,0.0,0.0,0.6666666666666666,0.0,0.0,0.6666666666666666,0.0,0.0,0.0,0.0,0.3333333333333333,1.0,0.0,0.3333333333333333,0.6666666666666666,0.0,1.0,1.0,0.0,0.0,0.0,1.0,0.0,0.0,1.0,0.0,0.0,0.3333333333333333,0.0,0.6666666666666666,27.725519525437143,89.69399007161459,3.445714318858726,24.0,100.0,0.963124270240725,4.55644505974474
MALAMBO,2019,7,28,3,0.3333333333333333,0.0,0.0,0.0,0.6666666666666666,0.0,0.0,0.6666666666666666,0.0,0.0,0.0,0.0,0.3333333333333333,1.0,0.0,0.3333333333333333,0.6666666666666666,0.0,1.0,1.0,0.0,0.0,0.0,1.0,0.0,0.0,1.0,0.0,0.0,0.3333333333333333,0.0,0.6666666666666666,27.725519525437143,89.69399007161459,3.445714318858726,13.72,57.68,0.963124270240725,4.55644505974474
MALAMBO,2019,8,29,1,0.0,0.0,0.0,0.0,1.0,0.0,0.0,0.0,0.0,0.0,0.0,0.0,1.0,1.0,0.0,0.0,1.0,0.0,1.0,0.0,1.0,0.0,0.0,1.0,0.0,0.0,1.0,0.0,0.0,0.0,0.0,1.0,28.26723705473402,90.07254318963916,1.0238095152945743,24.0,100.0,0.963124270240725,4.55644505974474
MALAMBO,2019,8,29,1,0.0,0.0,0.0,0.0,1.0,0.0,0.0,0.0,0.0,0.0,0.0,0.0,1.0,1.0,0.0,0.0,1.0,0.0,1.0,0.0,1.0,0.0,0.0,1.0,0.0,0.0,1.0,0.0,0.0,0.0,0.0,1.0,28.26723705473402,90.07254318963916,1.0238095152945743,13.72,57.68,0.963124270240725,4.55644505974474
MALAMBO,2019,8,30,2,0.0,0.0,0.0,0.0,0.5,0.0,0.5,0.5,0.0,0.0,0.0,0.5,0.0,1.0,0.0,0.5,0.5,0.0,1.0,0.5,0.5,0.0,0.0,1.0,0.0,0.0,1.0,0.0,0.0,0.0,0.0,1.0,27.548389689127628,91.46520451136998,6.125714330091363,24.0,100.0,0.963124270240725,4.55644505974474
MALAMBO,2019,8,30,2,0.0,0.0,0.0,0.0,0.5,0.0,0.5,0.5,0.0,0.0,0.0,0.5,0.0,1.0,0.0,0.5,0.5,0.0,1.0,0.5,0.5,0.0,0.0,1.0,0.0,0.0,1.0,0.0,0.0,0.0,0.0,1.0,27.548389689127628,91.46520451136998,6.125714330091363,13.72,57.68,0.963124270240725,4.55644505974474
MALAMBO,2019,8,32,1,1.0,0.0,0.0,0.0,0.0,0.0,0.0,1.0,0.0,0.0,0.0,0.0,0.0,1.0,0.0,0.0,1.0,0.0,1.0,1.0,0.0,0.0,0.0,1.0,0.0,0.0,1.0,0.0,0.0,1.0,0.0,0.0,28.22589154924668,91.55621483212428,3.5209523269108365,24.0,100.0,0.963124270240725,4.55644505974474
MALAMBO,2019,8,32,1,1.0,0.0,0.0,0.0,0.0,0.0,0.0,1.0,0.0,0.0,0.0,0.0,0.0,1.0,0.0,0.0,1.0,0.0,1.0,1.0,0.0,0.0,0.0,1.0,0.0,0.0,1.0,0.0,0.0,1.0,0.0,0.0,28.22589154924668,91.55621483212428,3.5209523269108365,13.72,57.68,0.963124270240725,4.55644505974474
MALAMBO,2019,9,33,1,0.0,0.0,0.0,0.0,1.0,0.0,0.0,0.0,0.0,0.0,0.0,0.0,1.0,1.0,0.0,0.0,1.0,0.0,1.0,0.0,1.0,0.0,0.0,1.0,0.0,0.0,1.0,0.0,0.0,0.0,0.0,1.0,27.44028843470984,91.56035686674572,14.33285714614959,24.0,100.0,0.963124270240725,4.55644505974474
MALAMBO,2019,9,33,1,0.0,0.0,0.0,0.0,1.0,0.0,0.0,0.0,0.0,0.0,0.0,0.0,1.0,1.0,0.0,0.0,1.0,0.0,1.0,0.0,1.0,0.0,0.0,1.0,0.0,0.0,1.0,0.0,0.0,0.0,0.0,1.0,27.44028843470984,91.56035686674572,14.33285714614959,13.72,57.68,0.963124270240725,4.55644505974474
MALAMBO,2019,9,34,1,1.0,0.0,0.0,0.0,0.0,0.0,0.0,0.0,0.0,0.0,0.0,0.0,1.0,1.0,0.0,0.0,1.0,0.0,1.0,1.0,0.0,0.0,0.0,1.0,0.0,0.0,1.0,0.0,0.0,1.0,0.0,0.0,28.01484433128723,92.76892671130952,4.81000001143132,24.0,100.0,0.963124270240725,4.55644505974474
MALAMBO,2019,9,34,1,1.0,0.0,0.0,0.0,0.0,0.0,0.0,0.0,0.0,0.0,0.0,0.0,1.0,1.0,0.0,0.0,1.0,0.0,1.0,1.0,0.0,0.0,0.0,1.0,0.0,0.0,1.0,0.0,0.0,1.0,0.0,0.0,28.01484433128723,92.76892671130952,4.81000001143132,13.72,57.68,0.963124270240725,4.55644505974474
MALAMBO,2019,9,35,1,1.0,0.0,0.0,0.0,0.0,0.0,0.0,1.0,0.0,0.0,0.0,0.0,0.0,1.0,0.0,0.0,1.0,0.0,1.0,1.0,0.0,0.0,0.0,1.0,0.0,0.0,1.0,0.0,0.0,1.0,0.0,0.0,27.987105305989594,92.18699137369792,6.541428622745332,24.0,100.0,0.963124270240725,4.55644505974474
MALAMBO,2019,9,35,1,1.0,0.0,0.0,0.0,0.0,0.0,0.0,1.0,0.0,0.0,0.0,0.0,0.0,1.0,0.0,0.0,1.0,0.0,1.0,1.0,0.0,0.0,0.0,1.0,0.0,0.0,1.0,0.0,0.0,1.0,0.0,0.0,27.987105305989594,92.18699137369792,6.541428622745332,13.72,57.68,0.963124270240725,4.55644505974474
MALAMBO,2019,9,36,2,0.5,0.0,0.0,0.0,0.5,0.0,0.0,0.5,0.0,0.0,0.0,0.0,0.5,1.0,0.0,0.0,1.0,0.0,1.0,0.5,0.5,0.0,0.0,1.0,0.0,0.0,1.0,0.0,0.0,0.5,0.0,0.5,27.99547438848589,92.49530937558129,1.9499999831120167,24.0,100.0,0.963124270240725,4.55644505974474
MALAMBO,2019,9,36,2,0.5,0.0,0.0,0.0,0.5,0.0,0.0,0.5,0.0,0.0,0.0,0.0,0.5,1.0,0.0,0.0,1.0,0.0,1.0,0.5,0.5,0.0,0.0,1.0,0.0,0.0,1.0,0.0,0.0,0.5,0.0,0.5,27.99547438848589,92.49530937558129,1.9499999831120167,13.72,57.68,0.963124270240725,4.55644505974474
MALAMBO,2019,10,37,1,0.0,0.0,0.0,0.0,1.0,0.0,0.0,0.0,0.0,0.0,0.0,0.0,1.0,1.0,0.0,0.0,1.0,0.0,1.0,1.0,0.0,0.0,0.0,1.0,0.0,0.0,1.0,0.0,0.0,0.0,0.0,1.0,28.12751232328872,92.44761330740792,5.745238099779401,24.0,100.0,0.963124270240725,4.55644505974474
MALAMBO,2019,10,37,1,0.0,0.0,0.0,0.0,1.0,0.0,0.0,0.0,0.0,0.0,0.0,0.0,1.0,1.0,0.0,0.0,1.0,0.0,1.0,1.0,0.0,0.0,0.0,1.0,0.0,0.0,1.0,0.0,0.0,0.0,0.0,1.0,28.12751232328872,92.44761330740792,5.745238099779401,13.72,57.68,0.963124270240725,4.55644505974474
MALAMBO,2019,10,38,1,1.0,0.0,0.0,0.0,0.0,0.0,0.0,0.0,0.0,0.0,0.0,0.0,1.0,1.0,0.0,0.0,1.0,0.0,1.0,0.0,1.0,0.0,0.0,1.0,0.0,0.0,1.0,0.0,0.0,0.0,0.0,1.0,26.63956749325709,94.15699150448754,12.750476224081856,24.0,100.0,0.963124270240725,4.55644505974474
MALAMBO,2019,10,38,1,1.0,0.0,0.0,0.0,0.0,0.0,0.0,0.0,0.0,0.0,0.0,0.0,1.0,1.0,0.0,0.0,1.0,0.0,1.0,0.0,1.0,0.0,0.0,1.0,0.0,0.0,1.0,0.0,0.0,0.0,0.0,1.0,26.63956749325709,94.15699150448754,12.750476224081856,13.72,57.68,0.963124270240725,4.55644505974474
MALAMBO,2019,10,39,1,1.0,0.0,0.0,0.0,0.0,0.0,0.0,1.0,0.0,0.0,0.0,0.0,0.0,1.0,0.0,1.0,0.0,0.0,1.0,1.0,0.0,0.0,0.0,1.0,0.0,0.0,1.0,0.0,0.0,0.0,0.0,1.0,27.405186680385075,93.50520615350634,7.518571388153802,24.0,100.0,0.963124270240725,4.55644505974474
MALAMBO,2019,10,39,1,1.0,0.0,0.0,0.0,0.0,0.0,0.0,1.0,0.0,0.0,0.0,0.0,0.0,1.0,0.0,1.0,0.0,0.0,1.0,1.0,0.0,0.0,0.0,1.0,0.0,0.0,1.0,0.0,0.0,0.0,0.0,1.0,27.405186680385075,93.50520615350634,7.518571388153802,13.72,57.68,0.963124270240725,4.55644505974474
MALAMBO,2019,10,40,1,1.0,0.0,0.0,0.0,0.0,0.0,0.0,0.0,0.0,0.0,0.0,0.0,1.0,1.0,0.0,0.0,1.0,0.0,1.0,1.0,0.0,0.0,0.0,1.0,0.0,0.0,1.0,0.0,0.0,1.0,0.0,0.0,26.86431274414065,93.69497426350912,8.44857138679141,24.0,100.0,0.963124270240725,4.55644505974474
MALAMBO,2019,10,40,1,1.0,0.0,0.0,0.0,0.0,0.0,0.0,0.0,0.0,0.0,0.0,0.0,1.0,1.0,0.0,0.0,1.0,0.0,1.0,1.0,0.0,0.0,0.0,1.0,0.0,0.0,1.0,0.0,0.0,1.0,0.0,0.0,26.86431274414065,93.69497426350912,8.44857138679141,13.72,57.68,0.963124270240725,4.55644505974474
MALAMBO,2019,11,41,1,0.0,0.0,0.0,0.0,1.0,0.0,0.0,1.0,0.0,0.0,0.0,0.0,0.0,1.0,0.0,0.0,1.0,0.0,1.0,0.0,1.0,0.0,0.0,1.0,0.0,0.0,1.0,0.0,0.0,1.0,0.0,0.0,26.70706801641557,93.30150676908949,15.114761976968676,24.0,100.0,0.963124270240725,4.55644505974474
MALAMBO,2019,11,41,1,0.0,0.0,0.0,0.0,1.0,0.0,0.0,1.0,0.0,0.0,0.0,0.0,0.0,1.0,0.0,0.0,1.0,0.0,1.0,0.0,1.0,0.0,0.0,1.0,0.0,0.0,1.0,0.0,0.0,1.0,0.0,0.0,26.70706801641557,93.30150676908949,15.114761976968676,13.72,57.68,0.963124270240725,4.55644505974474
MALAMBO,2019,11,42,5,0.2,0.2,0.0,0.0,0.6,0.0,0.0,0.4,0.0,0.2,0.0,0.2,0.2,0.8,0.2,0.2,0.8,0.0,1.0,0.6,0.4,0.0,0.0,1.0,0.0,0.0,1.0,0.0,0.0,0.0,0.0,1.0,26.743650599888426,93.36743854341054,21.64952401887803,24.0,100.0,0.963124270240725,4.55644505974474
MALAMBO,2019,11,42,5,0.2,0.2,0.0,0.0,0.6,0.0,0.0,0.4,0.0,0.2,0.0,0.2,0.2,0.8,0.2,0.2,0.8,0.0,1.0,0.6,0.4,0.0,0.0,1.0,0.0,0.0,1.0,0.0,0.0,0.0,0.0,1.0,26.743650599888426,93.36743854341054,21.64952401887803,13.72,57.68,0.963124270240725,4.55644505974474
MALAMBO,2019,11,43,5,0.4,0.0,0.0,0.0,0.6,0.0,0.0,0.0,0.0,0.0,0.0,0.0,1.0,1.0,0.0,0.4,0.6,0.0,1.0,0.8,0.2,0.0,0.0,1.0,0.0,0.0,1.0,0.0,0.0,0.0,0.0,1.0,27.01527957008001,92.97691526867094,5.696190448034378,24.0,100.0,0.963124270240725,4.55644505974474
MALAMBO,2019,11,43,5,0.4,0.0,0.0,0.0,0.6,0.0,0.0,0.0,0.0,0.0,0.0,0.0,1.0,1.0,0.0,0.4,0.6,0.0,1.0,0.8,0.2,0.0,0.0,1.0,0.0,0.0,1.0,0.0,0.0,0.0,0.0,1.0,27.01527957008001,92.97691526867094,5.696190448034378,13.72,57.68,0.963124270240725,4.55644505974474
MALAMBO,2019,11,44,4,0.25,0.0,0.25,0.0,0.5,0.0,0.0,0.5,0.0,0.0,0.0,0.0,0.5,1.0,0.0,0.25,0.75,0.0,1.0,0.75,0.25,0.0,0.0,1.0,0.0,0.0,1.0,0.0,0.0,0.25,0.0,0.75,27.53205769856773,91.17984553745816,2.990952382485072,24.0,100.0,0.963124270240725,4.55644505974474
MALAMBO,2019,11,44,4,0.25,0.0,0.25,0.0,0.5,0.0,0.0,0.5,0.0,0.0,0.0,0.0,0.5,1.0,0.0,0.25,0.75,0.0,1.0,0.75,0.25,0.0,0.0,1.0,0.0,0.0,1.0,0.0,0.0,0.25,0.0,0.75,27.53205769856773,91.17984553745816,2.990952382485072,13.72,57.68,0.963124270240725,4.55644505974474
MALAMBO,2019,12,45,10,0.2,0.4,0.0,0.0,0.3,0.0,0.1,0.4,0.0,0.0,0.0,0.0,0.6,1.0,0.0,0.3,0.7,0.0,1.0,0.4,0.6,0.0,0.0,1.0,0.0,0.0,1.0,0.0,0.0,0.3,0.0,0.7,27.51579691569013,91.42139434814452,9.887619102285024,24.0,100.0,0.963124270240725,4.55644505974474
MALAMBO,2019,12,45,10,0.2,0.4,0.0,0.0,0.3,0.0,0.1,0.4,0.0,0.0,0.0,0.0,0.6,1.0,0.0,0.3,0.7,0.0,1.0,0.4,0.6,0.0,0.0,1.0,0.0,0.0,1.0,0.0,0.0,0.3,0.0,0.7,27.51579691569013,91.42139434814452,9.887619102285024,13.72,57.68,0.963124270240725,4.55644505974474
MALAMBO,2019,12,46,4,0.75,0.0,0.0,0.0,0.25,0.0,0.0,0.5,0.0,0.0,0.0,0.0,0.5,0.75,0.25,0.25,0.75,0.0,1.0,1.0,0.0,0.0,0.0,1.0,0.0,0.0,1.0,0.0,0.0,0.0,0.0,1.0,26.997292364211336,92.5824657621838,2.8347619046412764,24.0,100.0,0.963124270240725,4.55644505974474
MALAMBO,2019,12,46,4,0.75,0.0,0.0,0.0,0.25,0.0,0.0,0.5,0.0,0.0,0.0,0.0,0.5,0.75,0.25,0.25,0.75,0.0,1.0,1.0,0.0,0.0,0.0,1.0,0.0,0.0,1.0,0.0,0.0,0.0,0.0,1.0,26.997292364211336,92.5824657621838,2.8347619046412764,13.72,57.68,0.963124270240725,4.55644505974474
MALAMBO,2019,12,47,7,0.5714285714285714,0.1428571428571428,0.0,0.0,0.2857142857142857,0.0,0.0,0.5714285714285714,0.0,0.0,0.0,0.0,0.4285714285714285,1.0,0.0,0.2857142857142857,0.7142857142857143,0.0,1.0,0.7142857142857143,0.2857142857142857,0.0,0.0,1.0,0.0,0.0,1.0,0.0,0.0,0.0,0.0,1.0,27.22747337704615,90.8970177060082,9.53190475418454,24.0,100.0,0.963124270240725,4.55644505974474
MALAMBO,2019,12,47,7,0.5714285714285714,0.1428571428571428,0.0,0.0,0.2857142857142857,0.0,0.0,0.5714285714285714,0.0,0.0,0.0,0.0,0.4285714285714285,1.0,0.0,0.2857142857142857,0.7142857142857143,0.0,1.0,0.7142857142857143,0.2857142857142857,0.0,0.0,1.0,0.0,0.0,1.0,0.0,0.0,0.0,0.0,1.0,27.22747337704615,90.8970177060082,9.53190475418454,13.72,57.68,0.963124270240725,4.55644505974474
MALAMBO,2019,12,48,6,0.6666666666666666,0.0,0.0,0.0,0.1666666666666666,0.0,0.1666666666666666,0.0,0.0,0.0,0.0,0.0,1.0,1.0,0.0,0.3333333333333333,0.6666666666666666,0.0,1.0,0.8333333333333334,0.1666666666666666,0.0,0.0,1.0,0.0,0.0,1.0,0.0,0.0,0.5,0.0,0.5,27.818910580589684,89.54003506615048,4.527619044695582,24.0,100.0,0.963124270240725,4.55644505974474
MALAMBO,2019,12,48,6,0.6666666666666666,0.0,0.0,0.0,0.1666666666666666,0.0,0.1666666666666666,0.0,0.0,0.0,0.0,0.0,1.0,1.0,0.0,0.3333333333333333,0.6666666666666666,0.0,1.0,0.8333333333333334,0.1666666666666666,0.0,0.0,1.0,0.0,0.0,1.0,0.0,0.0,0.5,0.0,0.5,27.818910580589684,89.54003506615048,4.527619044695582,13.72,57.68,0.963124270240725,4.55644505974474
MALAMBO,2019,13,49,11,0.2727272727272727,0.1818181818181818,0.0,0.0,0.2727272727272727,0.0909090909090909,0.1818181818181818,0.5454545454545454,0.0,0.0,0.0,0.0,0.4545454545454545,1.0,0.0,0.1818181818181818,0.8181818181818182,0.0,1.0,0.5454545454545454,0.4545454545454545,0.0,0.0,1.0,0.0,0.0,1.0,0.0,0.0,0.0909090909090909,0.0,0.9090909090909092,27.549581327892515,91.3138689313616,3.7461904934829193,24.0,100.0,0.963124270240725,4.55644505974474
MALAMBO,2019,13,49,11,0.2727272727272727,0.1818181818181818,0.0,0.0,0.2727272727272727,0.0909090909090909,0.1818181818181818,0.5454545454545454,0.0,0.0,0.0,0.0,0.4545454545454545,1.0,0.0,0.1818181818181818,0.8181818181818182,0.0,1.0,0.5454545454545454,0.4545454545454545,0.0,0.0,1.0,0.0,0.0,1.0,0.0,0.0,0.0909090909090909,0.0,0.9090909090909092,27.549581327892515,91.3138689313616,3.7461904934829193,13.72,57.68,0.963124270240725,4.55644505974474
MALAMBO,2019,13,50,8,0.75,0.0,0.0,0.0,0.25,0.0,0.0,0.5,0.0,0.0,0.0,0.0,0.5,0.875,0.125,0.125,0.875,0.0,1.0,0.75,0.25,0.0,0.0,1.0,0.0,0.0,1.0,0.0,0.0,0.125,0.0,0.875,27.462011864071822,89.46911076136998,4.154285714296358,24.0,100.0,0.963124270240725,4.55644505974474
MALAMBO,2019,13,50,8,0.75,0.0,0.0,0.0,0.25,0.0,0.0,0.5,0.0,0.0,0.0,0.0,0.5,0.875,0.125,0.125,0.875,0.0,1.0,0.75,0.25,0.0,0.0,1.0,0.0,0.0,1.0,0.0,0.0,0.125,0.0,0.875,27.462011864071822,89.46911076136998,4.154285714296358,13.72,57.68,0.963124270240725,4.55644505974474
MALAMBO,2019,13,51,7,0.4285714285714285,0.4285714285714285,0.0,0.0,0.1428571428571428,0.0,0.0,0.4285714285714285,0.0,0.0,0.0,0.0,0.5714285714285714,1.0,0.0,0.4285714285714285,0.5714285714285714,0.0,1.0,0.5714285714285714,0.4285714285714285,0.0,0.0,1.0,0.0,0.0,1.0,0.0,0.0,0.4285714285714285,0.0,0.5714285714285714,28.104656837100094,89.95030176071894,3.591428574529432,24.0,100.0,0.963124270240725,4.55644505974474
MALAMBO,2019,13,51,7,0.4285714285714285,0.4285714285714285,0.0,0.0,0.1428571428571428,0.0,0.0,0.4285714285714285,0.0,0.0,0.0,0.0,0.5714285714285714,1.0,0.0,0.4285714285714285,0.5714285714285714,0.0,1.0,0.5714285714285714,0.4285714285714285,0.0,0.0,1.0,0.0,0.0,1.0,0.0,0.0,0.4285714285714285,0.0,0.5714285714285714,28.104656837100094,89.95030176071894,3.591428574529432,13.72,57.68,0.963124270240725,4.55644505974474
MALAMBO,2019,13,52,7,0.5714285714285714,0.0,0.0,0.0,0.2857142857142857,0.0,0.1428571428571428,0.2857142857142857,0.0,0.0,0.0,0.0,0.7142857142857143,1.0,0.0,0.0,1.0,0.0,1.0,0.4285714285714285,0.5714285714285714,0.0,0.0,1.0,0.0,0.0,1.0,0.0,0.0,0.1428571428571428,0.0,0.8571428571428571,27.928514462425618,90.13706497918992,3.8014285692146847,24.0,100.0,0.963124270240725,4.55644505974474
MALAMBO,2019,13,52,7,0.5714285714285714,0.0,0.0,0.0,0.2857142857142857,0.0,0.1428571428571428,0.2857142857142857,0.0,0.0,0.0,0.0,0.7142857142857143,1.0,0.0,0.0,1.0,0.0,1.0,0.4285714285714285,0.5714285714285714,0.0,0.0,1.0,0.0,0.0,1.0,0.0,0.0,0.1428571428571428,0.0,0.8571428571428571,27.928514462425618,90.13706497918992,3.8014285692146847,13.72,57.68,0.963124270240725,4.55644505974474
MALAMBO,2020,1,1,12,0.5,0.25,0.0833333333333333,0.0,0.0833333333333333,0.0,0.0833333333333333,0.3333333333333333,0.0,0.0,0.0,0.0833333333333333,0.5833333333333334,0.9166666666666666,0.0833333333333333,0.0,1.0,0.0,1.0,0.75,0.25,0.0,0.0,1.0,0.0,0.0,1.0,0.0,0.0,0.25,0.0,0.75,27.48638523646765,88.19762130010695,0.4761904761904762,24.0,100.0,0.963124270240725,4.55644505974474
MALAMBO,2020,1,1,12,0.5,0.25,0.0833333333333333,0.0,0.0833333333333333,0.0,0.0833333333333333,0.3333333333333333,0.0,0.0,0.0,0.0833333333333333,0.5833333333333334,0.9166666666666666,0.0833333333333333,0.0,1.0,0.0,1.0,0.75,0.25,0.0,0.0,1.0,0.0,0.0,1.0,0.0,0.0,0.25,0.0,0.75,27.48638523646765,88.19762130010695,0.4761904761904762,17.16,72.2,0.963124270240725,4.55644505974474
MALAMBO,2020,1,2,10,0.8,0.0,0.1,0.0,0.1,0.0,0.0,0.5,0.0,0.0,0.1,0.0,0.4,0.8,0.2,0.2,0.8,0.0,1.0,0.4,0.6,0.0,0.0,1.0,0.0,0.0,1.0,0.0,0.0,0.2,0.0,0.8,27.84121602376304,83.01956612723214,0.0,24.0,100.0,0.963124270240725,4.55644505974474
MALAMBO,2020,1,2,10,0.8,0.0,0.1,0.0,0.1,0.0,0.0,0.5,0.0,0.0,0.1,0.0,0.4,0.8,0.2,0.2,0.8,0.0,1.0,0.4,0.6,0.0,0.0,1.0,0.0,0.0,1.0,0.0,0.0,0.2,0.0,0.8,27.84121602376304,83.01956612723214,0.0,17.16,72.2,0.963124270240725,4.55644505974474
MALAMBO,2020,1,3,13,0.2307692307692307,0.3076923076923077,0.0769230769230769,0.0,0.1538461538461538,0.0769230769230769,0.1538461538461538,0.3846153846153846,0.0,0.0,0.0,0.1538461538461538,0.4615384615384615,1.0,0.0,0.3076923076923077,0.6923076923076923,0.0,1.0,0.6923076923076923,0.3076923076923077,0.0,0.0,1.0,0.0,0.0,1.0,0.0,0.0,0.0,0.0,1.0,27.47217349097844,85.19163985479445,0.1204761876059429,24.0,100.0,0.963124270240725,4.55644505974474
MALAMBO,2020,1,3,13,0.2307692307692307,0.3076923076923077,0.0769230769230769,0.0,0.1538461538461538,0.0769230769230769,0.1538461538461538,0.3846153846153846,0.0,0.0,0.0,0.1538461538461538,0.4615384615384615,1.0,0.0,0.3076923076923077,0.6923076923076923,0.0,1.0,0.6923076923076923,0.3076923076923077,0.0,0.0,1.0,0.0,0.0,1.0,0.0,0.0,0.0,0.0,1.0,27.47217349097844,85.19163985479445,0.1204761876059429,17.16,72.2,0.963124270240725,4.55644505974474
MALAMBO,2020,1,4,9,0.4444444444444444,0.1111111111111111,0.0,0.0,0.1111111111111111,0.1111111111111111,0.2222222222222222,0.6666666666666666,0.0,0.0,0.0,0.0,0.3333333333333333,0.8888888888888888,0.1111111111111111,0.2222222222222222,0.7777777777777778,0.0,1.0,0.5555555555555556,0.4444444444444444,0.0,0.0,1.0,0.0,0.0,1.0,0.0,0.0,0.2222222222222222,0.0,0.7777777777777778,27.07225370861237,89.20085834321522,9.11571428960278,24.0,100.0,0.963124270240725,4.55644505974474
MALAMBO,2020,1,4,9,0.4444444444444444,0.1111111111111111,0.0,0.0,0.1111111111111111,0.1111111111111111,0.2222222222222222,0.6666666666666666,0.0,0.0,0.0,0.0,0.3333333333333333,0.8888888888888888,0.1111111111111111,0.2222222222222222,0.7777777777777778,0.0,1.0,0.5555555555555556,0.4444444444444444,0.0,0.0,1.0,0.0,0.0,1.0,0.0,0.0,0.2222222222222222,0.0,0.7777777777777778,27.07225370861237,89.20085834321522,9.11571428960278,17.16,72.2,0.963124270240725,4.55644505974474
MALAMBO,2020,2,5,5,0.6,0.2,0.0,0.0,0.2,0.0,0.0,0.4,0.0,0.0,0.0,0.0,0.6,1.0,0.0,0.4,0.6,0.0,1.0,0.4,0.6,0.0,0.0,1.0,0.0,0.0,0.6,0.2,0.2,0.2,0.0,0.8,28.215897042410745,85.93852996826172,2.0,24.0,100.0,0.963124270240725,4.55644505974474
MALAMBO,2020,2,5,5,0.6,0.2,0.0,0.0,0.2,0.0,0.0,0.4,0.0,0.0,0.0,0.0,0.6,1.0,0.0,0.4,0.6,0.0,1.0,0.4,0.6,0.0,0.0,1.0,0.0,0.0,0.6,0.2,0.2,0.2,0.0,0.8,28.215897042410745,85.93852996826172,2.0,17.16,72.2,0.963124270240725,4.55644505974474
MALAMBO,2020,2,6,9,0.5555555555555556,0.2222222222222222,0.0,0.0,0.1111111111111111,0.0,0.1111111111111111,0.6666666666666666,0.0,0.1111111111111111,0.0,0.0,0.2222222222222222,1.0,0.0,0.4444444444444444,0.5555555555555556,0.0,1.0,0.6666666666666666,0.3333333333333333,0.0,0.0,1.0,0.0,0.0,1.0,0.0,0.0,0.1111111111111111,0.0,0.8888888888888888,27.85301542736238,84.52851940336681,0.0,24.0,100.0,0.963124270240725,4.55644505974474
MALAMBO,2020,2,6,9,0.5555555555555556,0.2222222222222222,0.0,0.0,0.1111111111111111,0.0,0.1111111111111111,0.6666666666666666,0.0,0.1111111111111111,0.0,0.0,0.2222222222222222,1.0,0.0,0.4444444444444444,0.5555555555555556,0.0,1.0,0.6666666666666666,0.3333333333333333,0.0,0.0,1.0,0.0,0.0,1.0,0.0,0.0,0.1111111111111111,0.0,0.8888888888888888,27.85301542736238,84.52851940336681,0.0,17.16,72.2,0.963124270240725,4.55644505974474
MALAMBO,2020,2,7,11,0.7272727272727273,0.0909090909090909,0.0,0.0,0.0909090909090909,0.0,0.0909090909090909,0.2727272727272727,0.0,0.0,0.0909090909090909,0.0,0.6363636363636364,1.0,0.0,0.1818181818181818,0.8181818181818182,0.0,1.0,0.1818181818181818,0.8181818181818182,0.0,0.0,1.0,0.0,0.0,1.0,0.0,0.0,0.1818181818181818,0.0,0.8181818181818182,27.89231044224333,83.24061802455357,0.0,24.0,100.0,0.963124270240725,4.55644505974474
MALAMBO,2020,2,7,11,0.7272727272727273,0.0909090909090909,0.0,0.0,0.0909090909090909,0.0,0.0909090909090909,0.2727272727272727,0.0,0.0,0.0909090909090909,0.0,0.6363636363636364,1.0,0.0,0.1818181818181818,0.8181818181818182,0.0,1.0,0.1818181818181818,0.8181818181818182,0.0,0.0,1.0,0.0,0.0,1.0,0.0,0.0,0.1818181818181818,0.0,0.8181818181818182,27.89231044224333,83.24061802455357,0.0,17.16,72.2,0.963124270240725,4.55644505974474
MALAMBO,2020,2,8,8,0.625,0.125,0.0,0.0,0.25,0.0,0.0,0.375,0.0,0.0,0.0,0.0,0.625,1.0,0.0,0.125,0.875,0.0,1.0,0.375,0.625,0.0,0.0,1.0,0.0,0.0,0.875,0.0,0.125,0.375,0.0,0.625,27.27423357282368,85.7407502673921,1.0985714285856203,24.0,100.0,0.963124270240725,4.55644505974474
MALAMBO,2020,2,8,8,0.625,0.125,0.0,0.0,0.25,0.0,0.0,0.375,0.0,0.0,0.0,0.0,0.625,1.0,0.0,0.125,0.875,0.0,1.0,0.375,0.625,0.0,0.0,1.0,0.0,0.0,0.875,0.0,0.125,0.375,0.0,0.625,27.27423357282368,85.7407502673921,1.0985714285856203,17.16,72.2,0.963124270240725,4.55644505974474
MALAMBO,2020,3,9,7,0.1428571428571428,0.4285714285714285,0.0,0.0,0.2857142857142857,0.0,0.1428571428571428,0.8571428571428571,0.0,0.0,0.0,0.0,0.1428571428571428,1.0,0.0,0.2857142857142857,0.7142857142857143,0.0,1.0,0.2857142857142857,0.7142857142857143,0.0,0.0,1.0,0.0,0.0,1.0,0.0,0.0,0.2857142857142857,0.0,0.7142857142857143,27.634168788364967,85.91574568975538,2.333333333333333,24.0,100.0,0.963124270240725,4.55644505974474
MALAMBO,2020,3,9,7,0.1428571428571428,0.4285714285714285,0.0,0.0,0.2857142857142857,0.0,0.1428571428571428,0.8571428571428571,0.0,0.0,0.0,0.0,0.1428571428571428,1.0,0.0,0.2857142857142857,0.7142857142857143,0.0,1.0,0.2857142857142857,0.7142857142857143,0.0,0.0,1.0,0.0,0.0,1.0,0.0,0.0,0.2857142857142857,0.0,0.7142857142857143,27.634168788364967,85.91574568975538,2.333333333333333,17.16,72.2,0.963124270240725,4.55644505974474
MALAMBO,2020,3,10,12,0.5833333333333334,0.1666666666666666,0.0,0.0,0.25,0.0,0.0,0.4166666666666667,0.0,0.0,0.0,0.0,0.5833333333333334,0.9166666666666666,0.0833333333333333,0.1666666666666666,0.8333333333333334,0.0,1.0,0.5833333333333334,0.4166666666666667,0.0,0.0,1.0,0.0,0.0,1.0,0.0,0.0,0.0833333333333333,0.0,0.9166666666666666,27.761685761951288,82.8977290562221,0.238095238095238,24.0,100.0,0.963124270240725,4.55644505974474
MALAMBO,2020,3,10,12,0.5833333333333334,0.1666666666666666,0.0,0.0,0.25,0.0,0.0,0.4166666666666667,0.0,0.0,0.0,0.0,0.5833333333333334,0.9166666666666666,0.0833333333333333,0.1666666666666666,0.8333333333333334,0.0,1.0,0.5833333333333334,0.4166666666666667,0.0,0.0,1.0,0.0,0.0,1.0,0.0,0.0,0.0833333333333333,0.0,0.9166666666666666,27.761685761951288,82.8977290562221,0.238095238095238,17.16,72.2,0.963124270240725,4.55644505974474
MALAMBO,2020,3,11,6,0.5,0.3333333333333333,0.0,0.0,0.1666666666666666,0.0,0.0,0.3333333333333333,0.0,0.0,0.0,0.1666666666666666,0.5,1.0,0.0,0.1666666666666666,0.8333333333333334,0.0,1.0,0.5,0.5,0.0,0.0,1.0,0.0,0.0,1.0,0.0,0.0,0.3333333333333333,0.0,0.6666666666666666,27.515654500325542,84.84568241664341,3.142857142857143,24.0,100.0,0.963124270240725,4.55644505974474
MALAMBO,2020,3,11,6,0.5,0.3333333333333333,0.0,0.0,0.1666666666666666,0.0,0.0,0.3333333333333333,0.0,0.0,0.0,0.1666666666666666,0.5,1.0,0.0,0.1666666666666666,0.8333333333333334,0.0,1.0,0.5,0.5,0.0,0.0,1.0,0.0,0.0,1.0,0.0,0.0,0.3333333333333333,0.0,0.6666666666666666,27.515654500325542,84.84568241664341,3.142857142857143,17.16,72.2,0.963124270240725,4.55644505974474
MALAMBO,2020,3,12,3,0.6666666666666666,0.0,0.0,0.0,0.3333333333333333,0.0,0.0,0.6666666666666666,0.0,0.0,0.0,0.0,0.3333333333333333,1.0,0.0,0.0,1.0,0.0,1.0,0.3333333333333333,0.6666666666666666,0.0,0.0,1.0,0.0,0.0,1.0,0.0,0.0,0.3333333333333333,0.0,0.6666666666666666,27.78335469563805,82.90331122988746,0.0619047624724251,24.0,100.0,0.963124270240725,4.55644505974474
MALAMBO,2020,3,12,3,0.6666666666666666,0.0,0.0,0.0,0.3333333333333333,0.0,0.0,0.6666666666666666,0.0,0.0,0.0,0.0,0.3333333333333333,1.0,0.0,0.0,1.0,0.0,1.0,0.3333333333333333,0.6666666666666666,0.0,0.0,1.0,0.0,0.0,1.0,0.0,0.0,0.3333333333333333,0.0,0.6666666666666666,27.78335469563805,82.90331122988746,0.0619047624724251,17.16,72.2,0.963124270240725,4.55644505974474
MALAMBO,2020,4,13,3,0.3333333333333333,0.3333333333333333,0.0,0.0,0.3333333333333333,0.0,0.0,0.0,0.0,0.3333333333333333,0.0,0.3333333333333333,0.3333333333333333,1.0,0.0,0.0,1.0,0.0,1.0,0.3333333333333333,0.6666666666666666,0.0,0.0,1.0,0.0,0.0,1.0,0.0,0.0,0.3333333333333333,0.0,0.6666666666666666,28.023586890811032,83.56705147879464,0.9152380951813288,24.0,100.0,0.963124270240725,4.55644505974474
MALAMBO,2020,4,13,3,0.3333333333333333,0.3333333333333333,0.0,0.0,0.3333333333333333,0.0,0.0,0.0,0.0,0.3333333333333333,0.0,0.3333333333333333,0.3333333333333333,1.0,0.0,0.0,1.0,0.0,1.0,0.3333333333333333,0.6666666666666666,0.0,0.0,1.0,0.0,0.0,1.0,0.0,0.0,0.3333333333333333,0.0,0.6666666666666666,28.023586890811032,83.56705147879464,0.9152380951813288,17.16,72.2,0.963124270240725,4.55644505974474
MALAMBO,2020,4,14,6,0.6666666666666666,0.1666666666666666,0.0,0.0,0.1666666666666666,0.0,0.0,0.5,0.0,0.0,0.0,0.0,0.5,1.0,0.0,0.3333333333333333,0.6666666666666666,0.0,1.0,0.6666666666666666,0.3333333333333333,0.0,0.0,1.0,0.0,0.0,1.0,0.0,0.0,0.3333333333333333,0.0,0.6666666666666666,28.429375494094145,86.82455117361886,1.802380997332789,24.0,100.0,0.963124270240725,4.55644505974474
MALAMBO,2020,4,14,6,0.6666666666666666,0.1666666666666666,0.0,0.0,0.1666666666666666,0.0,0.0,0.5,0.0,0.0,0.0,0.0,0.5,1.0,0.0,0.3333333333333333,0.6666666666666666,0.0,1.0,0.6666666666666666,0.3333333333333333,0.0,0.0,1.0,0.0,0.0,1.0,0.0,0.0,0.3333333333333333,0.0,0.6666666666666666,28.429375494094145,86.82455117361886,1.802380997332789,17.16,72.2,0.963124270240725,4.55644505974474
MALAMBO,2020,4,15,1,1.0,0.0,0.0,0.0,0.0,0.0,0.0,0.0,0.0,0.0,0.0,0.0,1.0,1.0,0.0,0.0,1.0,0.0,1.0,0.0,1.0,0.0,0.0,1.0,0.0,0.0,1.0,0.0,0.0,0.0,0.0,1.0,28.665104166666687,85.66163671584356,0.4733333300266946,24.0,100.0,0.963124270240725,4.55644505974474
MALAMBO,2020,4,15,1,1.0,0.0,0.0,0.0,0.0,0.0,0.0,0.0,0.0,0.0,0.0,0.0,1.0,1.0,0.0,0.0,1.0,0.0,1.0,0.0,1.0,0.0,0.0,1.0,0.0,0.0,1.0,0.0,0.0,0.0,0.0,1.0,28.665104166666687,85.66163671584356,0.4733333300266946,17.16,72.2,0.963124270240725,4.55644505974474
MALAMBO,2020,4,16,4,0.75,0.0,0.0,0.0,0.25,0.0,0.0,1.0,0.0,0.0,0.0,0.0,0.0,1.0,0.0,0.0,1.0,0.0,1.0,0.25,0.75,0.0,0.0,1.0,0.0,0.0,1.0,0.0,0.0,0.25,0.0,0.75,28.50138389950709,85.37120019821894,2.3509523760349977,24.0,100.0,0.963124270240725,4.55644505974474
MALAMBO,2020,4,16,4,0.75,0.0,0.0,0.0,0.25,0.0,0.0,1.0,0.0,0.0,0.0,0.0,0.0,1.0,0.0,0.0,1.0,0.0,1.0,0.25,0.75,0.0,0.0,1.0,0.0,0.0,1.0,0.0,0.0,0.25,0.0,0.75,28.50138389950709,85.37120019821894,2.3509523760349977,17.16,72.2,0.963124270240725,4.55644505974474
MALAMBO,2020,5,17,3,0.6666666666666666,0.0,0.0,0.0,0.3333333333333333,0.0,0.0,0.0,0.0,0.0,0.0,0.0,1.0,1.0,0.0,0.0,1.0,0.0,1.0,0.6666666666666666,0.3333333333333333,0.0,0.0,1.0,0.0,0.0,1.0,0.0,0.0,0.6666666666666666,0.0,0.3333333333333333,28.528875877743705,85.71934763590494,1.138095233412016,24.0,100.0,0.963124270240725,4.55644505974474
MALAMBO,2020,5,17,3,0.6666666666666666,0.0,0.0,0.0,0.3333333333333333,0.0,0.0,0.0,0.0,0.0,0.0,0.0,1.0,1.0,0.0,0.0,1.0,0.0,1.0,0.6666666666666666,0.3333333333333333,0.0,0.0,1.0,0.0,0.0,1.0,0.0,0.0,0.6666666666666666,0.0,0.3333333333333333,28.528875877743705,85.71934763590494,1.138095233412016,17.16,72.2,0.963124270240725,4.55644505974474
MALAMBO,2020,5,18,3,0.3333333333333333,0.0,0.0,0.0,0.0,0.0,0.6666666666666666,0.0,0.0,0.0,0.0,0.0,1.0,1.0,0.0,0.3333333333333333,0.6666666666666666,0.0,1.0,0.0,1.0,0.0,0.0,1.0,0.0,0.0,1.0,0.0,0.0,0.0,0.0,1.0,28.846819632394,86.07874043782552,0.7019047524247851,24.0,100.0,0.963124270240725,4.55644505974474
MALAMBO,2020,5,18,3,0.3333333333333333,0.0,0.0,0.0,0.0,0.0,0.6666666666666666,0.0,0.0,0.0,0.0,0.0,1.0,1.0,0.0,0.3333333333333333,0.6666666666666666,0.0,1.0,0.0,1.0,0.0,0.0,1.0,0.0,0.0,1.0,0.0,0.0,0.0,0.0,1.0,28.846819632394,86.07874043782552,0.7019047524247851,17.16,72.2,0.963124270240725,4.55644505974474
MALAMBO,2020,5,20,2,1.0,0.0,0.0,0.0,0.0,0.0,0.0,0.5,0.0,0.0,0.0,0.0,0.5,1.0,0.0,0.0,1.0,0.0,1.0,1.0,0.0,0.0,0.0,1.0,0.0,0.0,1.0,0.0,0.0,0.5,0.0,0.5,28.57785877046132,87.76931944347564,8.688095402149928,24.0,100.0,0.963124270240725,4.55644505974474
MALAMBO,2020,5,20,2,1.0,0.0,0.0,0.0,0.0,0.0,0.0,0.5,0.0,0.0,0.0,0.0,0.5,1.0,0.0,0.0,1.0,0.0,1.0,1.0,0.0,0.0,0.0,1.0,0.0,0.0,1.0,0.0,0.0,0.5,0.0,0.5,28.57785877046132,87.76931944347564,8.688095402149928,17.16,72.2,0.963124270240725,4.55644505974474
MALAMBO,2020,6,21,3,0.3333333333333333,0.3333333333333333,0.0,0.0,0.0,0.0,0.3333333333333333,0.6666666666666666,0.0,0.0,0.0,0.3333333333333333,0.0,1.0,0.0,0.6666666666666666,0.3333333333333333,0.0,1.0,0.6666666666666666,0.3333333333333333,0.0,0.0,1.0,0.0,0.0,1.0,0.0,0.0,0.0,0.0,1.0,28.93495076497399,88.80177052815756,7.300476213296254,24.0,100.0,0.963124270240725,4.55644505974474
MALAMBO,2020,6,21,3,0.3333333333333333,0.3333333333333333,0.0,0.0,0.0,0.0,0.3333333333333333,0.6666666666666666,0.0,0.0,0.0,0.3333333333333333,0.0,1.0,0.0,0.6666666666666666,0.3333333333333333,0.0,1.0,0.6666666666666666,0.3333333333333333,0.0,0.0,1.0,0.0,0.0,1.0,0.0,0.0,0.0,0.0,1.0,28.93495076497399,88.80177052815756,7.300476213296254,17.16,72.2,0.963124270240725,4.55644505974474
MALAMBO,2020,6,22,1,0.0,0.0,0.0,0.0,0.0,0.0,1.0,0.0,0.0,1.0,0.0,0.0,0.0,1.0,0.0,0.0,1.0,0.0,1.0,0.0,1.0,0.0,0.0,1.0,0.0,0.0,1.0,0.0,0.0,0.0,0.0,1.0,27.961515590122808,89.5901888892764,20.29761895679292,24.0,100.0,0.963124270240725,4.55644505974474
MALAMBO,2020,6,22,1,0.0,0.0,0.0,0.0,0.0,0.0,1.0,0.0,0.0,1.0,0.0,0.0,0.0,1.0,0.0,0.0,1.0,0.0,1.0,0.0,1.0,0.0,0.0,1.0,0.0,0.0,1.0,0.0,0.0,0.0,0.0,1.0,27.961515590122808,89.5901888892764,20.29761895679292,17.16,72.2,0.963124270240725,4.55644505974474
MALAMBO,2020,7,25,1,1.0,0.0,0.0,0.0,0.0,0.0,0.0,0.0,0.0,0.0,0.0,0.0,1.0,1.0,0.0,0.0,1.0,0.0,1.0,1.0,0.0,0.0,0.0,1.0,0.0,0.0,1.0,0.0,0.0,0.0,0.0,1.0,28.425520833333355,89.10451870872862,3.74476187756019,24.0,100.0,0.963124270240725,4.55644505974474
MALAMBO,2020,7,25,1,1.0,0.0,0.0,0.0,0.0,0.0,0.0,0.0,0.0,0.0,0.0,0.0,1.0,1.0,0.0,0.0,1.0,0.0,1.0,1.0,0.0,0.0,0.0,1.0,0.0,0.0,1.0,0.0,0.0,0.0,0.0,1.0,28.425520833333355,89.10451870872862,3.74476187756019,17.16,72.2,0.963124270240725,4.55644505974474
MALAMBO,2020,7,28,1,1.0,0.0,0.0,0.0,0.0,0.0,0.0,1.0,0.0,0.0,0.0,0.0,0.0,1.0,0.0,1.0,0.0,0.0,1.0,0.0,1.0,0.0,0.0,1.0,0.0,0.0,1.0,0.0,0.0,0.0,0.0,1.0,27.39616800944013,91.44293685186476,8.720000164849418,24.0,100.0,0.963124270240725,4.55644505974474
MALAMBO,2020,7,28,1,1.0,0.0,0.0,0.0,0.0,0.0,0.0,1.0,0.0,0.0,0.0,0.0,0.0,1.0,0.0,1.0,0.0,0.0,1.0,0.0,1.0,0.0,0.0,1.0,0.0,0.0,1.0,0.0,0.0,0.0,0.0,1.0,27.39616800944013,91.44293685186476,8.720000164849418,17.16,72.2,0.963124270240725,4.55644505974474
MALAMBO,2020,8,31,1,0.0,0.0,0.0,0.0,1.0,0.0,0.0,0.0,0.0,0.0,0.0,0.0,1.0,1.0,0.0,0.0,1.0,0.0,1.0,1.0,0.0,0.0,0.0,1.0,0.0,0.0,1.0,0.0,0.0,0.0,0.0,1.0,28.138071405319973,92.5463122413272,5.26809516832942,24.0,100.0,0.963124270240725,4.55644505974474
MALAMBO,2020,8,31,1,0.0,0.0,0.0,0.0,1.0,0.0,0.0,0.0,0.0,0.0,0.0,0.0,1.0,1.0,0.0,0.0,1.0,0.0,1.0,1.0,0.0,0.0,0.0,1.0,0.0,0.0,1.0,0.0,0.0,0.0,0.0,1.0,28.138071405319973,92.5463122413272,5.26809516832942,17.16,72.2,0.963124270240725,4.55644505974474
MALAMBO,2020,8,32,1,0.0,0.0,0.0,0.0,0.0,0.0,1.0,1.0,0.0,0.0,0.0,0.0,0.0,1.0,0.0,0.0,1.0,0.0,1.0,0.0,1.0,0.0,0.0,1.0,0.0,0.0,1.0,0.0,0.0,0.0,0.0,1.0,28.17046508789065,91.78614807128906,3.579047643003009,24.0,100.0,0.963124270240725,4.55644505974474
MALAMBO,2020,8,32,1,0.0,0.0,0.0,0.0,0.0,0.0,1.0,1.0,0.0,0.0,0.0,0.0,0.0,1.0,0.0,0.0,1.0,0.0,1.0,0.0,1.0,0.0,0.0,1.0,0.0,0.0,1.0,0.0,0.0,0.0,0.0,1.0,28.17046508789065,91.78614807128906,3.579047643003009,17.16,72.2,0.963124270240725,4.55644505974474
MALAMBO,2020,9,33,1,0.0,0.0,0.0,0.0,0.0,0.0,1.0,0.0,0.0,1.0,0.0,0.0,0.0,1.0,0.0,0.0,1.0,0.0,1.0,0.0,1.0,0.0,0.0,1.0,0.0,0.0,1.0,0.0,0.0,0.0,0.0,1.0,27.378054373604936,93.05062103271484,7.2342856866972785,24.0,100.0,0.963124270240725,4.55644505974474
MALAMBO,2020,9,33,1,0.0,0.0,0.0,0.0,0.0,0.0,1.0,0.0,0.0,1.0,0.0,0.0,0.0,1.0,0.0,0.0,1.0,0.0,1.0,0.0,1.0,0.0,0.0,1.0,0.0,0.0,1.0,0.0,0.0,0.0,0.0,1.0,27.378054373604936,93.05062103271484,7.2342856866972785,17.16,72.2,0.963124270240725,4.55644505974474
MALAMBO,2020,9,34,2,0.0,0.0,0.0,0.0,1.0,0.0,0.0,0.5,0.0,0.0,0.0,0.0,0.5,1.0,0.0,0.5,0.5,0.0,1.0,1.0,0.0,0.0,0.0,1.0,0.0,0.0,1.0,0.0,0.0,0.0,0.0,1.0,26.93159891764326,93.9905322846912,22.06523813520159,24.0,100.0,0.963124270240725,4.55644505974474
MALAMBO,2020,9,34,2,0.0,0.0,0.0,0.0,1.0,0.0,0.0,0.5,0.0,0.0,0.0,0.0,0.5,1.0,0.0,0.5,0.5,0.0,1.0,1.0,0.0,0.0,0.0,1.0,0.0,0.0,1.0,0.0,0.0,0.0,0.0,1.0,26.93159891764326,93.9905322846912,22.06523813520159,17.16,72.2,0.963124270240725,4.55644505974474
MALAMBO,2020,9,35,1,1.0,0.0,0.0,0.0,0.0,0.0,0.0,0.0,0.0,0.0,0.0,0.0,1.0,1.0,0.0,0.0,1.0,0.0,1.0,1.0,0.0,0.0,0.0,1.0,0.0,0.0,1.0,0.0,0.0,0.0,0.0,1.0,27.138369315011182,93.1391310918899,7.726190487543741,24.0,100.0,0.963124270240725,4.55644505974474
MALAMBO,2020,9,35,1,1.0,0.0,0.0,0.0,0.0,0.0,0.0,0.0,0.0,0.0,0.0,0.0,1.0,1.0,0.0,0.0,1.0,0.0,1.0,1.0,0.0,0.0,0.0,1.0,0.0,0.0,1.0,0.0,0.0,0.0,0.0,1.0,27.138369315011182,93.1391310918899,7.726190487543741,17.16,72.2,0.963124270240725,4.55644505974474
MALAMBO,2020,9,36,3,0.6666666666666666,0.0,0.0,0.0,0.3333333333333333,0.0,0.0,0.6666666666666666,0.0,0.0,0.0,0.0,0.3333333333333333,1.0,0.0,0.0,1.0,0.0,1.0,1.0,0.0,0.0,0.0,1.0,0.0,0.0,1.0,0.0,0.0,0.3333333333333333,0.0,0.6666666666666666,26.986801583426367,93.90870339529856,15.078095268635524,24.0,100.0,0.963124270240725,4.55644505974474
MALAMBO,2020,9,36,3,0.6666666666666666,0.0,0.0,0.0,0.3333333333333333,0.0,0.0,0.6666666666666666,0.0,0.0,0.0,0.0,0.3333333333333333,1.0,0.0,0.0,1.0,0.0,1.0,1.0,0.0,0.0,0.0,1.0,0.0,0.0,1.0,0.0,0.0,0.3333333333333333,0.0,0.6666666666666666,26.986801583426367,93.90870339529856,15.078095268635524,17.16,72.2,0.963124270240725,4.55644505974474
MALAMBO,2020,10,37,4,0.75,0.0,0.0,0.0,0.25,0.0,0.0,0.75,0.0,0.25,0.0,0.0,0.0,1.0,0.0,1.0,0.0,0.0,1.0,0.25,0.75,0.0,0.0,1.0,0.0,0.0,1.0,0.0,0.0,0.0,0.0,1.0,27.70870651971728,93.4403555733817,16.42333373569307,24.0,100.0,0.963124270240725,4.55644505974474
MALAMBO,2020,10,37,4,0.75,0.0,0.0,0.0,0.25,0.0,0.0,0.75,0.0,0.25,0.0,0.0,0.0,1.0,0.0,1.0,0.0,0.0,1.0,0.25,0.75,0.0,0.0,1.0,0.0,0.0,1.0,0.0,0.0,0.0,0.0,1.0,27.70870651971728,93.4403555733817,16.42333373569307,17.16,72.2,0.963124270240725,4.55644505974474
MALAMBO,2020,10,38,4,0.5,0.25,0.0,0.0,0.25,0.0,0.0,0.5,0.0,0.25,0.0,0.0,0.25,1.0,0.0,0.25,0.75,0.0,1.0,0.25,0.75,0.0,0.0,1.0,0.0,0.0,1.0,0.0,0.0,0.0,0.0,1.0,27.225031244187143,94.02632613409132,10.053333339237032,24.0,100.0,0.963124270240725,4.55644505974474
MALAMBO,2020,10,38,4,0.5,0.25,0.0,0.0,0.25,0.0,0.0,0.5,0.0,0.25,0.0,0.0,0.25,1.0,0.0,0.25,0.75,0.0,1.0,0.25,0.75,0.0,0.0,1.0,0.0,0.0,1.0,0.0,0.0,0.0,0.0,1.0,27.225031244187143,94.02632613409132,10.053333339237032,17.16,72.2,0.963124270240725,4.55644505974474
MALAMBO,2020,10,39,4,0.5,0.5,0.0,0.0,0.0,0.0,0.0,0.5,0.0,0.0,0.0,0.25,0.25,1.0,0.0,0.25,0.75,0.0,1.0,0.5,0.5,0.0,0.0,1.0,0.0,0.0,1.0,0.0,0.0,0.25,0.0,0.75,27.394834681919665,93.61400204613096,7.312380836123512,24.0,100.0,0.963124270240725,4.55644505974474
MALAMBO,2020,10,39,4,0.5,0.5,0.0,0.0,0.0,0.0,0.0,0.5,0.0,0.0,0.0,0.25,0.25,1.0,0.0,0.25,0.75,0.0,1.0,0.5,0.5,0.0,0.0,1.0,0.0,0.0,1.0,0.0,0.0,0.25,0.0,0.75,27.394834681919665,93.61400204613096,7.312380836123512,17.16,72.2,0.963124270240725,4.55644505974474
MALAMBO,2020,10,40,9,0.7777777777777778,0.0,0.0,0.0,0.1111111111111111,0.0,0.1111111111111111,0.4444444444444444,0.0,0.0,0.0,0.0,0.5555555555555556,1.0,0.0,0.1111111111111111,0.8888888888888888,0.0,1.0,0.3333333333333333,0.6666666666666666,0.0,0.0,1.0,0.0,0.0,1.0,0.0,0.0,0.1111111111111111,0.0,0.8888888888888888,26.56540469215032,93.15293557303292,13.493809575126283,24.0,100.0,0.963124270240725,4.55644505974474
MALAMBO,2020,10,40,9,0.7777777777777778,0.0,0.0,0.0,0.1111111111111111,0.0,0.1111111111111111,0.4444444444444444,0.0,0.0,0.0,0.0,0.5555555555555556,1.0,0.0,0.1111111111111111,0.8888888888888888,0.0,1.0,0.3333333333333333,0.6666666666666666,0.0,0.0,1.0,0.0,0.0,1.0,0.0,0.0,0.1111111111111111,0.0,0.8888888888888888,26.56540469215032,93.15293557303292,13.493809575126283,17.16,72.2,0.963124270240725,4.55644505974474
MALAMBO,2020,11,41,4,0.75,0.0,0.0,0.0,0.25,0.0,0.0,0.5,0.0,0.0,0.0,0.0,0.5,1.0,0.0,0.25,0.75,0.0,1.0,0.0,1.0,0.0,0.0,1.0,0.0,0.0,1.0,0.0,0.0,0.0,0.0,1.0,27.254534476143984,91.73120625813802,5.142857192527679,24.0,100.0,0.963124270240725,4.55644505974474
MALAMBO,2020,11,41,4,0.75,0.0,0.0,0.0,0.25,0.0,0.0,0.5,0.0,0.0,0.0,0.0,0.5,1.0,0.0,0.25,0.75,0.0,1.0,0.0,1.0,0.0,0.0,1.0,0.0,0.0,1.0,0.0,0.0,0.0,0.0,1.0,27.254534476143984,91.73120625813802,5.142857192527679,17.16,72.2,0.963124270240725,4.55644505974474
MALAMBO,2020,11,42,3,0.6666666666666666,0.0,0.0,0.0,0.3333333333333333,0.0,0.0,0.6666666666666666,0.0,0.0,0.0,0.0,0.3333333333333333,1.0,0.0,0.6666666666666666,0.3333333333333333,0.0,1.0,0.0,1.0,0.0,0.0,1.0,0.0,0.0,1.0,0.0,0.0,0.3333333333333333,0.0,0.6666666666666666,26.760595848446822,92.65300932384672,11.266190393340022,24.0,100.0,0.963124270240725,4.55644505974474
MALAMBO,2020,11,42,3,0.6666666666666666,0.0,0.0,0.0,0.3333333333333333,0.0,0.0,0.6666666666666666,0.0,0.0,0.0,0.0,0.3333333333333333,1.0,0.0,0.6666666666666666,0.3333333333333333,0.0,1.0,0.0,1.0,0.0,0.0,1.0,0.0,0.0,1.0,0.0,0.0,0.3333333333333333,0.0,0.6666666666666666,26.760595848446822,92.65300932384672,11.266190393340022,17.16,72.2,0.963124270240725,4.55644505974474
MALAMBO,2020,11,43,4,0.0,0.25,0.0,0.0,0.75,0.0,0.0,0.25,0.0,0.25,0.0,0.0,0.5,1.0,0.0,0.5,0.5,0.0,1.0,0.25,0.75,0.0,0.0,1.0,0.0,0.0,1.0,0.0,0.0,0.25,0.0,0.75,27.070883324032767,91.90391576857792,10.482381025950112,24.0,100.0,0.963124270240725,4.55644505974474
MALAMBO,2020,11,43,4,0.0,0.25,0.0,0.0,0.75,0.0,0.0,0.25,0.0,0.25,0.0,0.0,0.5,1.0,0.0,0.5,0.5,0.0,1.0,0.25,0.75,0.0,0.0,1.0,0.0,0.0,1.0,0.0,0.0,0.25,0.0,0.75,27.070883324032767,91.90391576857792,10.482381025950112,17.16,72.2,0.963124270240725,4.55644505974474
MALAMBO,2020,11,44,2,0.0,0.0,0.0,0.0,1.0,0.0,0.0,0.0,0.0,0.0,0.0,0.0,1.0,1.0,0.0,0.5,0.5,0.0,1.0,1.0,0.0,0.0,0.0,1.0,0.0,0.0,1.0,0.0,0.0,0.0,0.0,1.0,26.617163957868325,92.86134810674756,14.6595238220124,24.0,100.0,0.963124270240725,4.55644505974474
MALAMBO,2020,11,44,2,0.0,0.0,0.0,0.0,1.0,0.0,0.0,0.0,0.0,0.0,0.0,0.0,1.0,1.0,0.0,0.5,0.5,0.0,1.0,1.0,0.0,0.0,0.0,1.0,0.0,0.0,1.0,0.0,0.0,0.0,0.0,1.0,26.617163957868325,92.86134810674756,14.6595238220124,17.16,72.2,0.963124270240725,4.55644505974474
MALAMBO,2020,12,45,2,0.5,0.0,0.0,0.0,0.5,0.0,0.0,0.0,0.0,0.0,0.0,0.0,1.0,1.0,0.0,0.5,0.5,0.0,1.0,0.5,0.5,0.0,0.0,1.0,0.0,0.0,1.0,0.0,0.0,0.0,0.0,1.0,26.58565237862725,92.64453815278551,9.855714321136476,24.0,100.0,0.963124270240725,4.55644505974474
MALAMBO,2020,12,45,2,0.5,0.0,0.0,0.0,0.5,0.0,0.0,0.0,0.0,0.0,0.0,0.0,1.0,1.0,0.0,0.5,0.5,0.0,1.0,0.5,0.5,0.0,0.0,1.0,0.0,0.0,1.0,0.0,0.0,0.0,0.0,1.0,26.58565237862725,92.64453815278551,9.855714321136476,17.16,72.2,0.963124270240725,4.55644505974474
MALAMBO,2020,12,46,4,0.5,0.5,0.0,0.0,0.0,0.0,0.0,1.0,0.0,0.0,0.0,0.0,0.0,1.0,0.0,0.5,0.5,0.0,1.0,0.5,0.5,0.0,0.0,1.0,0.0,0.0,1.0,0.0,0.0,0.25,0.0,0.75,26.14786609468008,92.2147692725772,15.150952623004006,24.0,100.0,0.963124270240725,4.55644505974474
MALAMBO,2020,12,46,4,0.5,0.5,0.0,0.0,0.0,0.0,0.0,1.0,0.0,0.0,0.0,0.0,0.0,1.0,0.0,0.5,0.5,0.0,1.0,0.5,0.5,0.0,0.0,1.0,0.0,0.0,1.0,0.0,0.0,0.25,0.0,0.75,26.14786609468008,92.2147692725772,15.150952623004006,17.16,72.2,0.963124270240725,4.55644505974474
MALAMBO,2020,12,47,4,0.5,0.25,0.0,0.0,0.25,0.0,0.0,0.25,0.0,0.0,0.0,0.0,0.75,1.0,0.0,0.25,0.75,0.0,1.0,0.75,0.25,0.0,0.0,1.0,0.0,0.0,1.0,0.0,0.0,0.75,0.0,0.25,26.872041684105305,92.31421370733354,5.840476195017496,24.0,100.0,0.963124270240725,4.55644505974474
MALAMBO,2020,12,47,4,0.5,0.25,0.0,0.0,0.25,0.0,0.0,0.25,0.0,0.0,0.0,0.0,0.75,1.0,0.0,0.25,0.75,0.0,1.0,0.75,0.25,0.0,0.0,1.0,0.0,0.0,1.0,0.0,0.0,0.75,0.0,0.25,26.872041684105305,92.31421370733354,5.840476195017496,17.16,72.2,0.963124270240725,4.55644505974474
MALAMBO,2020,12,48,6,0.5,0.3333333333333333,0.0,0.0,0.1666666666666666,0.0,0.0,0.6666666666666666,0.0,0.0,0.0,0.0,0.3333333333333333,1.0,0.0,0.0,1.0,0.0,1.0,0.3333333333333333,0.6666666666666666,0.0,0.0,1.0,0.0,0.0,0.8333333333333334,0.0,0.1666666666666666,0.5,0.0,0.5,27.168993704659623,90.70526377360028,9.859523855504534,24.0,100.0,0.963124270240725,4.55644505974474
MALAMBO,2020,12,48,6,0.5,0.3333333333333333,0.0,0.0,0.1666666666666666,0.0,0.0,0.6666666666666666,0.0,0.0,0.0,0.0,0.3333333333333333,1.0,0.0,0.0,1.0,0.0,1.0,0.3333333333333333,0.6666666666666666,0.0,0.0,1.0,0.0,0.0,0.8333333333333334,0.0,0.1666666666666666,0.5,0.0,0.5,27.168993704659623,90.70526377360028,9.859523855504534,17.16,72.2,0.963124270240725,4.55644505974474
MALAMBO,2020,13,49,4,0.25,0.0,0.0,0.0,0.5,0.0,0.25,0.5,0.0,0.0,0.0,0.0,0.5,1.0,0.0,0.75,0.25,0.0,1.0,0.25,0.75,0.0,0.0,1.0,0.0,0.0,1.0,0.0,0.0,0.0,0.0,1.0,27.16669689360123,90.53873734247118,6.465714272998627,24.0,100.0,0.963124270240725,4.55644505974474
MALAMBO,2020,13,49,4,0.25,0.0,0.0,0.0,0.5,0.0,0.25,0.5,0.0,0.0,0.0,0.0,0.5,1.0,0.0,0.75,0.25,0.0,1.0,0.25,0.75,0.0,0.0,1.0,0.0,0.0,1.0,0.0,0.0,0.0,0.0,1.0,27.16669689360123,90.53873734247118,6.465714272998627,17.16,72.2,0.963124270240725,4.55644505974474
MALAMBO,2020,13,50,3,0.0,0.3333333333333333,0.0,0.0,0.6666666666666666,0.0,0.0,1.0,0.0,0.0,0.0,0.0,0.0,1.0,0.0,0.3333333333333333,0.6666666666666666,0.0,1.0,0.3333333333333333,0.6666666666666666,0.0,0.0,1.0,0.0,0.0,1.0,0.0,0.0,0.3333333333333333,0.0,0.6666666666666666,27.138462320963573,89.35563369024366,2.0699999981692856,24.0,100.0,0.963124270240725,4.55644505974474
MALAMBO,2020,13,50,3,0.0,0.3333333333333333,0.0,0.0,0.6666666666666666,0.0,0.0,1.0,0.0,0.0,0.0,0.0,0.0,1.0,0.0,0.3333333333333333,0.6666666666666666,0.0,1.0,0.3333333333333333,0.6666666666666666,0.0,0.0,1.0,0.0,0.0,1.0,0.0,0.0,0.3333333333333333,0.0,0.6666666666666666,27.138462320963573,89.35563369024366,2.0699999981692856,17.16,72.2,0.963124270240725,4.55644505974474
MALAMBO,2020,13,51,11,0.5454545454545454,0.2727272727272727,0.0,0.0,0.1818181818181818,0.0,0.0,0.5454545454545454,0.0,0.0909090909090909,0.0,0.0,0.3636363636363636,1.0,0.0,0.2727272727272727,0.7272727272727273,0.0,1.0,0.4545454545454545,0.5454545454545454,0.0,0.0,1.0,0.0,0.0,0.9090909090909092,0.0909090909090909,0.0,0.0,0.0,1.0,27.29584001813618,88.702882312593,0.6038095269884381,24.0,100.0,0.963124270240725,4.55644505974474
MALAMBO,2020,13,51,11,0.5454545454545454,0.2727272727272727,0.0,0.0,0.1818181818181818,0.0,0.0,0.5454545454545454,0.0,0.0909090909090909,0.0,0.0,0.3636363636363636,1.0,0.0,0.2727272727272727,0.7272727272727273,0.0,1.0,0.4545454545454545,0.5454545454545454,0.0,0.0,1.0,0.0,0.0,0.9090909090909092,0.0909090909090909,0.0,0.0,0.0,1.0,27.29584001813618,88.702882312593,0.6038095269884381,17.16,72.2,0.963124270240725,4.55644505974474
MALAMBO,2020,13,52,5,0.4,0.0,0.0,0.0,0.6,0.0,0.0,0.4,0.0,0.0,0.0,0.0,0.6,1.0,0.0,0.2,0.8,0.0,1.0,0.2,0.8,0.0,0.0,1.0,0.0,0.0,1.0,0.0,0.0,0.0,0.0,1.0,27.13027634393605,88.72569274902344,4.39809523451896,24.0,100.0,0.963124270240725,4.55644505974474
MALAMBO,2020,13,52,5,0.4,0.0,0.0,0.0,0.6,0.0,0.0,0.4,0.0,0.0,0.0,0.0,0.6,1.0,0.0,0.2,0.8,0.0,1.0,0.2,0.8,0.0,0.0,1.0,0.0,0.0,1.0,0.0,0.0,0.0,0.0,1.0,27.13027634393605,88.72569274902344,4.39809523451896,17.16,72.2,0.963124270240725,4.55644505974474
MALAMBO,2020,14,53,6,0.5,0.0,0.0,0.0,0.1666666666666666,0.0,0.3333333333333333,0.1666666666666666,0.0,0.0,0.0,0.0,0.8333333333333334,1.0,0.0,0.3333333333333333,0.6666666666666666,0.0,1.0,0.3333333333333333,0.6666666666666666,0.0,0.0,1.0,0.0,0.0,1.0,0.0,0.0,0.0,0.0,1.0,27.25606435139977,85.62118021647134,0.1666666666666666,24.0,100.0,0.963124270240725,4.55644505974474
MALAMBO,2020,14,53,6,0.5,0.0,0.0,0.0,0.1666666666666666,0.0,0.3333333333333333,0.1666666666666666,0.0,0.0,0.0,0.0,0.8333333333333334,1.0,0.0,0.3333333333333333,0.6666666666666666,0.0,1.0,0.3333333333333333,0.6666666666666666,0.0,0.0,1.0,0.0,0.0,1.0,0.0,0.0,0.0,0.0,1.0,27.25606435139977,85.62118021647134,0.1666666666666666,17.16,72.2,0.963124270240725,4.55644505974474
MALAMBO,2021,1,1,6,0.1666666666666666,0.0,0.0,0.0,0.3333333333333333,0.0,0.5,0.3333333333333333,0.0,0.1666666666666666,0.0,0.1666666666666666,0.3333333333333333,1.0,0.0,0.3333333333333333,0.6666666666666666,0.0,1.0,0.6666666666666666,0.3333333333333333,0.0,0.0,1.0,0.0,0.0,1.0,0.0,0.0,0.1666666666666666,0.0,0.8333333333333334,27.128042747860885,87.02753448486328,0.8571428571428571,17.19,72.31,0.963124270240725,4.55644505974474
MALAMBO,2021,1,2,7,0.2857142857142857,0.1428571428571428,0.0,0.0,0.4285714285714285,0.0,0.1428571428571428,0.2857142857142857,0.0,0.1428571428571428,0.0,0.0,0.5714285714285714,1.0,0.0,0.4285714285714285,0.5714285714285714,0.0,1.0,0.2857142857142857,0.7142857142857143,0.0,0.0,1.0,0.0,0.0,0.8571428571428571,0.1428571428571428,0.0,0.1428571428571428,0.0,0.8571428571428571,27.473374575660365,86.83458382742745,1.1904761926049277,17.19,72.31,0.963124270240725,4.55644505974474
MALAMBO,2021,1,3,4,0.25,0.0,0.0,0.0,0.5,0.0,0.25,0.5,0.0,0.0,0.0,0.0,0.5,1.0,0.0,0.0,1.0,0.0,1.0,0.25,0.75,0.0,0.0,1.0,0.0,0.0,1.0,0.0,0.0,0.0,0.0,1.0,27.340543183826288,85.80803607759022,1.6666667120797292,17.19,72.31,0.963124270240725,4.55644505974474
MALAMBO,2021,1,4,4,0.25,0.0,0.0,0.0,0.25,0.0,0.5,0.5,0.0,0.0,0.0,0.0,0.5,1.0,0.0,0.25,0.75,0.0,1.0,0.75,0.25,0.0,0.0,1.0,0.0,0.0,0.75,0.25,0.0,0.0,0.0,1.0,27.2675465901693,85.55039905366444,0.0,17.19,72.31,0.963124270240725,4.55644505974474
MALAMBO,2021,2,5,1,1.0,0.0,0.0,0.0,0.0,0.0,0.0,1.0,0.0,0.0,0.0,0.0,0.0,1.0,0.0,0.0,1.0,0.0,1.0,1.0,0.0,0.0,0.0,1.0,0.0,0.0,1.0,0.0,0.0,1.0,0.0,0.0,27.07865949358262,85.78193155924478,0.7142857596987771,17.19,72.31,0.963124270240725,4.55644505974474
MALAMBO,2021,2,6,8,0.5,0.125,0.0,0.0,0.375,0.0,0.0,0.625,0.0,0.125,0.0,0.0,0.25,1.0,0.0,0.375,0.625,0.0,1.0,0.375,0.625,0.0,0.0,1.0,0.0,0.0,1.0,0.0,0.0,0.375,0.0,0.625,27.930530802408875,84.55125863211495,1.86857142831598,17.19,72.31,0.963124270240725,4.55644505974474
MALAMBO,2021,2,7,10,0.4,0.0,0.0,0.0,0.4,0.0,0.2,0.3,0.0,0.0,0.0,0.0,0.7,1.0,0.0,0.3,0.7,0.0,1.0,0.4,0.6,0.0,0.0,1.0,0.0,0.0,1.0,0.0,0.0,0.2,0.0,0.8,28.156331816173747,84.54539453415644,3.6633333336739313,17.19,72.31,0.963124270240725,4.55644505974474
MALAMBO,2021,2,8,3,0.6666666666666666,0.0,0.0,0.0,0.3333333333333333,0.0,0.0,0.3333333333333333,0.0,0.0,0.0,0.0,0.6666666666666666,1.0,0.0,0.0,1.0,0.0,1.0,1.0,0.0,0.0,0.0,1.0,0.0,0.0,1.0,0.0,0.0,0.3333333333333333,0.0,0.6666666666666666,27.9072938464937,83.22085135323661,1.6666666666666663,17.19,72.31,0.963124270240725,4.55644505974474
MALAMBO,2021,3,9,12,0.4166666666666667,0.25,0.0,0.0,0.25,0.0,0.0833333333333333,0.3333333333333333,0.0,0.0,0.0,0.0,0.6666666666666666,1.0,0.0,0.1666666666666666,0.8333333333333334,0.0,1.0,0.5,0.5,0.0,0.0,1.0,0.0,0.0,1.0,0.0,0.0,0.25,0.0,0.75,27.477655029296898,82.07578640892393,0.5238095238095238,17.19,72.31,0.963124270240725,4.55644505974474
MALAMBO,2021,3,10,6,0.6666666666666666,0.0,0.0,0.0,0.3333333333333333,0.0,0.0,0.3333333333333333,0.0,0.0,0.0,0.0,0.6666666666666666,1.0,0.0,0.1666666666666666,0.8333333333333334,0.0,1.0,0.6666666666666666,0.3333333333333333,0.0,0.0,1.0,0.0,0.0,1.0,0.0,0.0,0.1666666666666666,0.0,0.8333333333333334,27.674210030691984,83.9325198218936,1.7685714285998115,17.19,72.31,0.963124270240725,4.55644505974474
MALAMBO,2021,3,11,5,0.2,0.0,0.0,0.0,0.8,0.0,0.0,0.0,0.0,0.0,0.0,0.0,1.0,1.0,0.0,0.4,0.6,0.0,1.0,0.8,0.2,0.0,0.0,1.0,0.0,0.0,1.0,0.0,0.0,0.2,0.0,0.8,27.573018827892504,83.32132103329613,4.230476189759516,17.19,72.31,0.963124270240725,4.55644505974474
MALAMBO,2021,3,12,6,0.3333333333333333,0.0,0.0,0.0,0.5,0.1666666666666666,0.0,0.3333333333333333,0.0,0.0,0.0,0.1666666666666666,0.5,1.0,0.0,0.1666666666666666,0.8333333333333334,0.0,1.0,0.6666666666666666,0.3333333333333333,0.0,0.0,1.0,0.0,0.0,1.0,0.0,0.0,0.1666666666666666,0.0,0.8333333333333334,27.948132905505982,84.30984569731213,1.8447619011359555,17.19,72.31,0.963124270240725,4.55644505974474
MALAMBO,2021,4,13,5,0.6,0.0,0.0,0.0,0.2,0.0,0.2,0.2,0.0,0.0,0.0,0.0,0.8,1.0,0.0,0.2,0.8,0.0,1.0,0.8,0.2,0.0,0.0,1.0,0.0,0.0,1.0,0.0,0.0,0.6,0.0,0.4,28.437613786969884,82.06701260521298,0.626190476296913,17.19,72.31,0.963124270240725,4.55644505974474
MALAMBO,2021,4,14,2,0.5,0.0,0.0,0.0,0.5,0.0,0.0,0.5,0.0,0.0,0.0,0.0,0.5,0.5,0.5,0.0,1.0,0.0,1.0,0.5,0.5,0.0,0.0,1.0,0.0,0.0,1.0,0.0,0.0,0.5,0.0,0.5,27.70231817336312,85.63313983735586,2.3076190522738864,17.19,72.31,0.963124270240725,4.55644505974474
MALAMBO,2021,4,15,4,0.5,0.0,0.0,0.0,0.25,0.0,0.25,0.5,0.0,0.0,0.0,0.25,0.25,1.0,0.0,0.0,1.0,0.0,1.0,0.25,0.75,0.0,0.0,1.0,0.0,0.0,1.0,0.0,0.0,0.0,0.0,1.0,27.706075468517504,88.70634496779668,3.3523809792740003,17.19,72.31,0.963124270240725,4.55644505974474
MALAMBO,2021,4,16,5,0.2,0.0,0.0,0.0,0.4,0.2,0.2,0.4,0.0,0.0,0.0,0.0,0.6,1.0,0.0,0.0,1.0,0.0,1.0,0.8,0.2,0.0,0.0,1.0,0.0,0.0,1.0,0.0,0.0,0.0,0.0,1.0,28.02125374930248,87.39113362630208,4.212380901688621,17.19,72.31,0.963124270240725,4.55644505974474
MALAMBO,2021,5,18,3,0.6666666666666666,0.0,0.0,0.0,0.3333333333333333,0.0,0.0,0.3333333333333333,0.0,0.0,0.0,0.0,0.6666666666666666,1.0,0.0,0.0,1.0,0.0,1.0,0.0,1.0,0.0,0.0,1.0,0.0,0.0,1.0,0.0,0.0,0.3333333333333333,0.0,0.6666666666666666,27.533210100446457,87.66563124883741,4.222857168742588,17.19,72.31,0.963124270240725,4.55644505974474
MALAMBO,2021,5,19,3,0.0,0.3333333333333333,0.0,0.0,0.3333333333333333,0.0,0.3333333333333333,0.3333333333333333,0.0,0.0,0.0,0.0,0.6666666666666666,1.0,0.0,0.3333333333333333,0.6666666666666666,0.0,1.0,0.6666666666666666,0.3333333333333333,0.0,0.0,1.0,0.0,0.0,1.0,0.0,0.0,0.0,0.0,1.0,28.12905200776603,86.32696424211774,3.3833333672512147,17.19,72.31,0.963124270240725,4.55644505974474
MALAMBO,2021,5,20,3,0.0,0.3333333333333333,0.0,0.0,0.3333333333333333,0.0,0.3333333333333333,0.0,0.0,0.0,0.0,0.0,1.0,1.0,0.0,0.0,1.0,0.0,1.0,1.0,0.0,0.0,0.0,1.0,0.0,0.0,1.0,0.0,0.0,0.0,0.0,1.0,28.3027028401693,86.62062872023809,4.092857230277288,17.19,72.31,0.963124270240725,4.55644505974474
MALAMBO,2021,6,21,1,0.0,0.0,0.0,0.0,1.0,0.0,0.0,1.0,0.0,0.0,0.0,0.0,0.0,1.0,0.0,0.0,1.0,0.0,1.0,1.0,0.0,0.0,0.0,1.0,0.0,0.0,1.0,0.0,0.0,0.0,0.0,1.0,28.34845159621467,87.48511941092355,14.970476223599343,17.19,72.31,0.963124270240725,4.55644505974474
MALAMBO,2021,6,22,5,0.2,0.0,0.0,0.0,0.4,0.2,0.2,0.4,0.0,0.0,0.0,0.0,0.6,1.0,0.0,0.2,0.8,0.0,1.0,0.6,0.4,0.0,0.0,1.0,0.0,0.0,1.0,0.0,0.0,0.4,0.0,0.6,27.795747738792805,88.69888850620815,5.877142813234102,17.19,72.31,0.963124270240725,4.55644505974474
MALAMBO,2021,6,23,1,1.0,0.0,0.0,0.0,0.0,0.0,0.0,0.0,0.0,0.0,0.0,0.0,1.0,1.0,0.0,0.0,1.0,0.0,1.0,0.0,1.0,0.0,0.0,1.0,0.0,0.0,1.0,0.0,0.0,0.0,0.0,1.0,27.4982863653274,89.43131256103516,9.909047583738962,17.19,72.31,0.963124270240725,4.55644505974474
MALAMBO,2021,6,24,3,0.3333333333333333,0.0,0.0,0.0,0.3333333333333333,0.3333333333333333,0.0,0.0,0.0,0.3333333333333333,0.0,0.3333333333333333,0.3333333333333333,1.0,0.0,0.0,1.0,0.0,1.0,0.6666666666666666,0.3333333333333333,0.0,0.0,1.0,0.0,0.0,0.6666666666666666,0.3333333333333333,0.0,0.0,0.0,1.0,27.73689749581476,89.57672736758278,10.611428624107722,17.19,72.31,0.963124270240725,4.55644505974474
MALAMBO,2021,7,25,2,0.5,0.5,0.0,0.0,0.0,0.0,0.0,1.0,0.0,0.0,0.0,0.0,0.0,1.0,0.0,0.0,1.0,0.0,1.0,0.5,0.5,0.0,0.0,1.0,0.0,0.0,1.0,0.0,0.0,0.0,0.0,1.0,27.65694071451826,90.2384534563337,7.209047615528107,17.19,72.31,0.963124270240725,4.55644505974474
MALAMBO,2021,7,26,6,0.3333333333333333,0.0,0.1666666666666666,0.0,0.3333333333333333,0.0,0.1666666666666666,0.1666666666666666,0.0,0.0,0.0,0.0,0.8333333333333334,1.0,0.0,0.1666666666666666,0.8333333333333334,0.0,1.0,0.5,0.5,0.0,0.0,1.0,0.0,0.0,1.0,0.0,0.0,0.1666666666666666,0.0,0.8333333333333334,27.409305100213945,90.02850123814174,10.101904619307744,17.19,72.31,0.963124270240725,4.55644505974474
MALAMBO,2021,7,27,7,0.1428571428571428,0.1428571428571428,0.0,0.0,0.2857142857142857,0.0,0.4285714285714285,0.1428571428571428,0.0,0.1428571428571428,0.0,0.0,0.7142857142857143,1.0,0.0,0.2857142857142857,0.7142857142857143,0.0,1.0,0.7142857142857143,0.2857142857142857,0.0,0.0,1.0,0.0,0.0,1.0,0.0,0.0,0.1428571428571428,0.0,0.8571428571428571,27.76928245907741,90.25648389543804,5.743333363639457,17.19,72.31,0.963124270240725,4.55644505974474
MALAMBO,2021,7,28,12,0.4166666666666667,0.0833333333333333,0.0,0.0,0.25,0.0,0.25,0.5,0.0,0.0,0.0,0.0833333333333333,0.4166666666666667,1.0,0.0,0.25,0.75,0.0,1.0,0.5833333333333334,0.4166666666666667,0.0,0.0,1.0,0.0,0.0,1.0,0.0,0.0,0.1666666666666666,0.0,0.8333333333333334,27.54807070777532,89.83840615408761,3.2547619239914987,17.19,72.31,0.963124270240725,4.55644505974474
MALAMBO,2021,8,29,6,0.5,0.0,0.0,0.0,0.5,0.0,0.0,0.3333333333333333,0.0,0.0,0.0,0.0,0.6666666666666666,0.8333333333333334,0.1666666666666666,0.0,1.0,0.0,1.0,0.3333333333333333,0.6666666666666666,0.0,0.0,1.0,0.0,0.0,1.0,0.0,0.0,0.1666666666666666,0.0,0.8333333333333334,27.98626243954616,89.32564399355934,1.029047618132262,17.19,72.31,0.963124270240725,4.55644505974474
MALAMBO,2021,8,30,21,0.3809523809523809,0.0476190476190476,0.0,0.0,0.3809523809523809,0.0,0.1904761904761904,0.1428571428571428,0.0,0.0,0.0,0.0476190476190476,0.8095238095238095,0.9047619047619048,0.0952380952380952,0.0476190476190476,0.9523809523809524,0.0,1.0,0.4761904761904761,0.5238095238095238,0.0,0.0,1.0,0.0,0.0,1.0,0.0,0.0,0.0952380952380952,0.0,0.9047619047619048,27.120436604817737,90.97591545468283,8.216190501337959,17.19,72.31,0.963124270240725,4.55644505974474
MALAMBO,2021,8,31,27,0.5185185185185185,0.037037037037037,0.0,0.0,0.2592592592592592,0.037037037037037,0.1481481481481481,0.1851851851851851,0.0,0.0,0.0,0.037037037037037,0.7777777777777778,1.0,0.0,0.1111111111111111,0.8888888888888888,0.0,1.0,0.5185185185185185,0.4814814814814814,0.0,0.0,1.0,0.0,0.0,1.0,0.0,0.0,0.2222222222222222,0.0,0.7777777777777778,27.72497602190292,91.99823107038226,3.819999988589968,17.19,72.31,0.963124270240725,4.55644505974474
MALAMBO,2021,8,32,18,0.5,0.0,0.0,0.0,0.3333333333333333,0.0,0.1666666666666666,0.3888888888888889,0.0,0.0555555555555555,0.0,0.0,0.5555555555555556,1.0,0.0,0.2222222222222222,0.7777777777777778,0.0,1.0,0.4444444444444444,0.5555555555555556,0.0,0.0,1.0,0.0,0.0,0.9444444444444444,0.0555555555555555,0.0,0.1666666666666666,0.0,0.8333333333333334,27.4848092215402,91.41000039236886,6.707142801511856,17.19,72.31,0.963124270240725,4.55644505974474
MALAMBO,2021,9,33,37,0.5945945945945946,0.054054054054054,0.0,0.0,0.1621621621621621,0.0,0.1891891891891892,0.2702702702702703,0.0,0.027027027027027,0.0,0.054054054054054,0.6486486486486487,1.0,0.0,0.1621621621621621,0.8378378378378378,0.0,1.0,0.5675675675675675,0.4324324324324324,0.0,0.0,1.0,0.0,0.0,1.0,0.0,0.0,0.027027027027027,0.0,0.972972972972973,26.939539300827786,93.23988523937406,19.61095228649321,17.19,72.31,0.963124270240725,4.55644505974474
MALAMBO,2021,9,34,18,0.4444444444444444,0.1666666666666666,0.0,0.0,0.2777777777777778,0.0,0.1111111111111111,0.1111111111111111,0.0,0.0555555555555555,0.0,0.1111111111111111,0.7222222222222222,1.0,0.0,0.2222222222222222,0.7777777777777778,0.0,1.0,0.3888888888888889,0.6111111111111112,0.0,0.0,1.0,0.0,0.0,1.0,0.0,0.0,0.1111111111111111,0.0,0.8888888888888888,26.886273774646597,92.98377482096352,14.339523883092973,17.19,72.31,0.963124270240725,4.55644505974474
MALAMBO,2021,9,35,36,0.2777777777777778,0.0833333333333333,0.0,0.0,0.4166666666666667,0.0,0.2222222222222222,0.3888888888888889,0.0,0.0277777777777777,0.0,0.1388888888888889,0.4444444444444444,0.9722222222222222,0.0277777777777777,0.1666666666666666,0.8333333333333334,0.0,1.0,0.5555555555555556,0.4444444444444444,0.0,0.0,1.0,0.0,0.0,1.0,0.0,0.0,0.1111111111111111,0.0,0.8888888888888888,26.785128348214307,93.20713878813244,12.779523920445216,17.19,72.31,0.963124270240725,4.55644505974474
MALAMBO,2021,9,36,31,0.4193548387096774,0.0967741935483871,0.0,0.0,0.2903225806451613,0.0,0.1935483870967742,0.4516129032258064,0.0,0.032258064516129,0.0,0.0,0.5161290322580645,1.0,0.0,0.3225806451612903,0.6774193548387096,0.0,1.0,0.4193548387096774,0.5806451612903226,0.0,0.0,1.0,0.0,0.0,1.0,0.0,0.0,0.1935483870967742,0.0,0.8064516129032258,26.980191621326288,93.37475004650295,13.522857240268165,17.19,72.31,0.963124270240725,4.55644505974474
MALAMBO,2021,10,37,37,0.5135135135135135,0.081081081081081,0.0,0.0,0.3243243243243243,0.0,0.081081081081081,0.3783783783783784,0.0,0.027027027027027,0.0,0.054054054054054,0.5405405405405406,1.0,0.0,0.2432432432432432,0.7567567567567568,0.0,1.0,0.4054054054054054,0.5945945945945946,0.0,0.0,1.0,0.0,0.0,1.0,0.0,0.0,0.081081081081081,0.0,0.918918918918919,27.209349568684928,92.42600613548645,9.748095228558496,17.19,72.31,0.963124270240725,4.55644505974474
MALAMBO,2021,10,38,40,0.35,0.1,0.0,0.0,0.45,0.0,0.1,0.375,0.0,0.0,0.0,0.025,0.6,0.975,0.025,0.25,0.75,0.0,1.0,0.525,0.475,0.0,0.0,1.0,0.0,0.0,0.975,0.025,0.0,0.1,0.0,0.9,27.388867768787225,91.77060154506138,6.87714290707594,17.19,72.31,0.963124270240725,4.55644505974474
MALAMBO,2021,10,39,32,0.40625,0.09375,0.0,0.0,0.46875,0.0,0.03125,0.3125,0.0,0.03125,0.0,0.0625,0.59375,0.96875,0.03125,0.34375,0.65625,0.0,1.0,0.4375,0.5625,0.0,0.0,1.0,0.0,0.0,0.96875,0.03125,0.0,0.21875,0.0,0.78125,27.358670625232534,91.87746066138858,9.805714414233252,17.19,72.31,0.963124270240725,4.55644505974474
MALAMBO,2021,10,40,27,0.4814814814814814,0.074074074074074,0.0,0.0,0.4074074074074074,0.0,0.037037037037037,0.2222222222222222,0.0,0.0,0.037037037037037,0.074074074074074,0.6666666666666666,0.9629629629629628,0.037037037037037,0.3333333333333333,0.6666666666666666,0.0,1.0,0.6296296296296297,0.3703703703703703,0.0,0.0,1.0,0.0,0.0,1.0,0.0,0.0,0.1851851851851851,0.0,0.8148148148148148,27.335659644717285,93.23463512602306,7.338571366809662,17.19,72.31,0.963124270240725,4.55644505974474
MALAMBO,2021,11,41,43,0.3953488372093023,0.1395348837209302,0.0,0.0,0.4186046511627907,0.0,0.0465116279069767,0.3023255813953488,0.0,0.0465116279069767,0.0,0.0232558139534883,0.627906976744186,1.0,0.0,0.3255813953488372,0.6744186046511628,0.0,1.0,0.3488372093023256,0.6511627906976745,0.0,0.0,1.0,0.0,0.0,0.9767441860465116,0.0232558139534883,0.0,0.3488372093023256,0.0,0.6511627906976745,27.150872076125392,92.24976312546504,12.682380886304944,17.19,72.31,0.963124270240725,4.55644505974474
MALAMBO,2021,11,42,26,0.4615384615384615,0.1538461538461538,0.0,0.0,0.3461538461538461,0.0,0.0384615384615384,0.3461538461538461,0.0,0.0384615384615384,0.0,0.0,0.6153846153846154,1.0,0.0,0.3461538461538461,0.6538461538461539,0.0,1.0,0.4230769230769231,0.5769230769230769,0.0,0.0,1.0,0.0,0.0,1.0,0.0,0.0,0.1538461538461538,0.0,0.8461538461538461,27.02895362490702,93.10895393008278,11.65952375956944,17.19,72.31,0.963124270240725,4.55644505974474
MALAMBO,2021,11,43,32,0.40625,0.09375,0.0,0.0,0.28125,0.0,0.21875,0.4375,0.0,0.03125,0.0,0.0,0.53125,1.0,0.0,0.28125,0.71875,0.0,1.0,0.34375,0.65625,0.0,0.0,1.0,0.0,0.0,1.0,0.0,0.0,0.15625,0.0,0.84375,27.01812133789065,92.90739077613468,15.696666734559196,17.19,72.31,0.963124270240725,4.55644505974474
MALAMBO,2021,11,44,21,0.4285714285714285,0.0952380952380952,0.0,0.0,0.238095238095238,0.0,0.238095238095238,0.3333333333333333,0.0,0.0,0.0,0.0952380952380952,0.5714285714285714,1.0,0.0,0.1904761904761904,0.8095238095238095,0.0,1.0,0.5714285714285714,0.4285714285714285,0.0,0.0,1.0,0.0,0.0,1.0,0.0,0.0,0.1904761904761904,0.0,0.8095238095238095,26.296808587937143,92.0480441138858,11.483333451407296,17.19,72.31,0.963124270240725,4.55644505974474
MALAMBO,2021,12,45,26,0.5769230769230769,0.1153846153846153,0.0,0.0,0.3076923076923077,0.0,0.0,0.2692307692307692,0.0,0.1153846153846153,0.0,0.0769230769230769,0.5384615384615384,0.9615384615384616,0.0384615384615384,0.3076923076923077,0.6923076923076923,0.0,1.0,0.4615384615384615,0.5384615384615384,0.0,0.0,1.0,0.0,0.0,0.9615384615384616,0.0384615384615384,0.0,0.1923076923076923,0.0,0.8076923076923077,27.39519580659415,90.24889700753349,2.7871428657145727,17.19,72.31,0.963124270240725,4.55644505974474
MALAMBO,2021,12,46,27,0.4074074074074074,0.074074074074074,0.037037037037037,0.0,0.4444444444444444,0.0,0.037037037037037,0.3333333333333333,0.0,0.074074074074074,0.0,0.037037037037037,0.5555555555555556,0.9629629629629628,0.037037037037037,0.3333333333333333,0.6666666666666666,0.0,1.0,0.5555555555555556,0.4444444444444444,0.0,0.0,1.0,0.0,0.0,1.0,0.0,0.0,0.1851851851851851,0.0,0.8148148148148148,27.470607648577037,90.3794174194336,5.041904942265579,17.19,72.31,0.963124270240725,4.55644505974474
MALAMBO,2021,12,47,23,0.5652173913043478,0.0434782608695652,0.0,0.0,0.217391304347826,0.0,0.1739130434782608,0.3043478260869565,0.0,0.0434782608695652,0.0,0.0,0.6521739130434783,1.0,0.0,0.217391304347826,0.782608695652174,0.0,1.0,0.5217391304347826,0.4782608695652174,0.0,0.0,1.0,0.0,0.0,1.0,0.0,0.0,0.1304347826086956,0.0,0.8695652173913043,26.892021251860147,91.6112986973354,4.824285723623775,17.19,72.31,0.963124270240725,4.55644505974474
MALAMBO,2021,12,48,18,0.3333333333333333,0.1666666666666666,0.0,0.0,0.3333333333333333,0.0,0.1666666666666666,0.3888888888888889,0.0,0.1111111111111111,0.0,0.0555555555555555,0.4444444444444444,1.0,0.0,0.2777777777777778,0.7222222222222222,0.0,1.0,0.3888888888888889,0.6111111111111112,0.0,0.0,1.0,0.0,0.0,0.8888888888888888,0.1111111111111111,0.0,0.2777777777777778,0.0,0.7222222222222222,27.013922264462444,90.86969539097376,8.096666722070603,17.19,72.31,0.963124270240725,4.55644505974474
MALAMBO,2021,13,49,16,0.5,0.0625,0.0,0.0,0.25,0.0,0.1875,0.3125,0.0,0.0625,0.0,0.0625,0.5625,0.875,0.125,0.1875,0.8125,0.0,1.0,0.5,0.5,0.0,0.0,1.0,0.0,0.0,0.9375,0.0,0.0625,0.25,0.0,0.75,27.584433855329262,88.39654831659227,1.4285714285714286,17.19,72.31,0.963124270240725,4.55644505974474
MALAMBO,2021,13,50,14,0.5714285714285714,0.0714285714285714,0.0,0.0,0.3571428571428571,0.0,0.0,0.3571428571428571,0.0,0.1428571428571428,0.0,0.0,0.5,1.0,0.0,0.1428571428571428,0.8571428571428571,0.0,1.0,0.3571428571428571,0.6428571428571429,0.0,0.0,1.0,0.0,0.0,0.9285714285714286,0.0714285714285714,0.0,0.1428571428571428,0.0,0.8571428571428571,27.113407389322933,88.66594587053571,0.6957142851537182,17.19,72.31,0.963124270240725,4.55644505974474
MALAMBO,2021,13,51,8,0.25,0.25,0.0,0.0,0.375,0.0,0.125,0.25,0.0,0.125,0.0,0.0,0.625,1.0,0.0,0.25,0.75,0.0,1.0,0.375,0.625,0.0,0.0,1.0,0.0,0.0,0.875,0.125,0.0,0.125,0.0,0.875,27.161879475911487,90.09721556163969,2.526666654362565,17.19,72.31,0.963124270240725,4.55644505974474
MALAMBO,2021,13,52,12,0.3333333333333333,0.4166666666666667,0.0,0.0,0.25,0.0,0.0,0.4166666666666667,0.0,0.0,0.0,0.25,0.3333333333333333,0.9166666666666666,0.0833333333333333,0.0,1.0,0.0,1.0,0.5833333333333334,0.4166666666666667,0.0,0.0,1.0,0.0,0.0,1.0,0.0,0.0,0.1666666666666666,0.0,0.8333333333333334,27.519015066964307,88.54754929315477,2.383809522326504,17.19,72.31,0.963124270240725,4.55644505974474
MALAMBO,2022,1,1,7,0.2857142857142857,0.1428571428571428,0.0,0.0,0.1428571428571428,0.1428571428571428,0.2857142857142857,0.4285714285714285,0.0,0.0,0.0,0.0,0.5714285714285714,0.8571428571428571,0.1428571428571428,0.2857142857142857,0.7142857142857143,0.0,1.0,0.2857142857142857,0.7142857142857143,0.0,0.0,1.0,0.0,0.0,1.0,0.0,0.0,0.1428571428571428,0.0,0.8571428571428571,27.21944289434526,86.40147181919643,0.0,23.89,99.64,0.963124270240725,4.55644505974474
MALAMBO,2022,1,1,7,0.2857142857142857,0.1428571428571428,0.0,0.0,0.1428571428571428,0.1428571428571428,0.2857142857142857,0.4285714285714285,0.0,0.0,0.0,0.0,0.5714285714285714,0.8571428571428571,0.1428571428571428,0.2857142857142857,0.7142857142857143,0.0,1.0,0.2857142857142857,0.7142857142857143,0.0,0.0,1.0,0.0,0.0,1.0,0.0,0.0,0.1428571428571428,0.0,0.8571428571428571,27.21944289434526,86.40147181919643,0.0,17.78,74.81,0.963124270240725,4.55644505974474
MALAMBO,2022,1,2,2,1.0,0.0,0.0,0.0,0.0,0.0,0.0,1.0,0.0,0.0,0.0,0.0,0.0,1.0,0.0,0.0,1.0,0.0,1.0,0.5,0.5,0.0,0.0,1.0,0.0,0.0,1.0,0.0,0.0,0.5,0.0,0.5,26.90309114002049,86.98045676095145,3.8523809530195736,23.89,99.64,0.963124270240725,4.55644505974474
MALAMBO,2022,1,2,2,1.0,0.0,0.0,0.0,0.0,0.0,0.0,1.0,0.0,0.0,0.0,0.0,0.0,1.0,0.0,0.0,1.0,0.0,1.0,0.5,0.5,0.0,0.0,1.0,0.0,0.0,1.0,0.0,0.0,0.5,0.0,0.5,26.90309114002049,86.98045676095145,3.8523809530195736,17.78,74.81,0.963124270240725,4.55644505974474
MALAMBO,2022,1,3,4,0.25,0.5,0.0,0.0,0.0,0.0,0.25,0.75,0.0,0.0,0.0,0.0,0.25,1.0,0.0,0.25,0.75,0.0,1.0,0.5,0.5,0.0,0.0,1.0,0.0,0.0,1.0,0.0,0.0,0.5,0.0,0.5,27.379692150297647,86.35701279413134,1.380952380952381,23.89,99.64,0.963124270240725,4.55644505974474
MALAMBO,2022,1,3,4,0.25,0.5,0.0,0.0,0.0,0.0,0.25,0.75,0.0,0.0,0.0,0.0,0.25,1.0,0.0,0.25,0.75,0.0,1.0,0.5,0.5,0.0,0.0,1.0,0.0,0.0,1.0,0.0,0.0,0.5,0.0,0.5,27.379692150297647,86.35701279413134,1.380952380952381,17.78,74.81,0.963124270240725,4.55644505974474
MALAMBO,2022,1,4,6,0.3333333333333333,0.3333333333333333,0.0,0.0,0.3333333333333333,0.0,0.0,0.3333333333333333,0.0,0.0,0.0,0.0,0.6666666666666666,0.8333333333333334,0.1666666666666666,0.1666666666666666,0.8333333333333334,0.0,1.0,0.3333333333333333,0.6666666666666666,0.0,0.0,1.0,0.0,0.0,1.0,0.0,0.0,0.1666666666666666,0.0,0.8333333333333334,27.2567826043992,85.96183595203217,5.761904898143949,23.89,99.64,0.963124270240725,4.55644505974474
MALAMBO,2022,1,4,6,0.3333333333333333,0.3333333333333333,0.0,0.0,0.3333333333333333,0.0,0.0,0.3333333333333333,0.0,0.0,0.0,0.0,0.6666666666666666,0.8333333333333334,0.1666666666666666,0.1666666666666666,0.8333333333333334,0.0,1.0,0.3333333333333333,0.6666666666666666,0.0,0.0,1.0,0.0,0.0,1.0,0.0,0.0,0.1666666666666666,0.0,0.8333333333333334,27.2567826043992,85.96183595203217,5.761904898143949,17.78,74.81,0.963124270240725,4.55644505974474
MALAMBO,2022,2,5,6,0.1666666666666666,0.0,0.1666666666666666,0.0,0.3333333333333333,0.0,0.3333333333333333,0.3333333333333333,0.0,0.0,0.0,0.0,0.6666666666666666,1.0,0.0,0.3333333333333333,0.6666666666666666,0.0,1.0,0.5,0.5,0.0,0.0,1.0,0.0,0.0,1.0,0.0,0.0,0.0,0.0,1.0,27.446465337844145,85.34695834205264,5.000000090826125,23.89,99.64,0.963124270240725,4.55644505974474
MALAMBO,2022,2,5,6,0.1666666666666666,0.0,0.1666666666666666,0.0,0.3333333333333333,0.0,0.3333333333333333,0.3333333333333333,0.0,0.0,0.0,0.0,0.6666666666666666,1.0,0.0,0.3333333333333333,0.6666666666666666,0.0,1.0,0.5,0.5,0.0,0.0,1.0,0.0,0.0,1.0,0.0,0.0,0.0,0.0,1.0,27.446465337844145,85.34695834205264,5.000000090826125,17.78,74.81,0.963124270240725,4.55644505974474
MALAMBO,2022,2,6,1,0.0,0.0,0.0,0.0,1.0,0.0,0.0,1.0,0.0,0.0,0.0,0.0,0.0,1.0,0.0,1.0,0.0,0.0,1.0,1.0,0.0,0.0,0.0,1.0,0.0,0.0,1.0,0.0,0.0,0.0,0.0,1.0,27.599325706845264,85.37223452613468,1.24238095734091,23.89,99.64,0.963124270240725,4.55644505974474
MALAMBO,2022,2,6,1,0.0,0.0,0.0,0.0,1.0,0.0,0.0,1.0,0.0,0.0,0.0,0.0,0.0,1.0,0.0,1.0,0.0,0.0,1.0,1.0,0.0,0.0,0.0,1.0,0.0,0.0,1.0,0.0,0.0,0.0,0.0,1.0,27.599325706845264,85.37223452613468,1.24238095734091,17.78,74.81,0.963124270240725,4.55644505974474
MALAMBO,2022,2,7,1,1.0,0.0,0.0,0.0,0.0,0.0,0.0,0.0,0.0,0.0,0.0,0.0,1.0,0.0,1.0,0.0,1.0,0.0,1.0,0.0,1.0,0.0,0.0,1.0,0.0,0.0,1.0,0.0,0.0,0.0,0.0,1.0,27.85698561895464,82.15672992524647,0.3147619054431007,23.89,99.64,0.963124270240725,4.55644505974474
MALAMBO,2022,2,7,1,1.0,0.0,0.0,0.0,0.0,0.0,0.0,0.0,0.0,0.0,0.0,0.0,1.0,0.0,1.0,0.0,1.0,0.0,1.0,0.0,1.0,0.0,0.0,1.0,0.0,0.0,1.0,0.0,0.0,0.0,0.0,1.0,27.85698561895464,82.15672992524647,0.3147619054431007,17.78,74.81,0.963124270240725,4.55644505974474
MALAMBO,2022,2,8,3,0.3333333333333333,0.0,0.0,0.0,0.6666666666666666,0.0,0.0,0.3333333333333333,0.0,0.0,0.0,0.0,0.6666666666666666,0.6666666666666666,0.3333333333333333,0.0,1.0,0.0,1.0,0.3333333333333333,0.6666666666666666,0.0,0.0,1.0,0.0,0.0,1.0,0.0,0.0,0.0,0.0,1.0,27.52933146158856,81.61780875069755,0.6766666667092415,23.89,99.64,0.963124270240725,4.55644505974474
MALAMBO,2022,2,8,3,0.3333333333333333,0.0,0.0,0.0,0.6666666666666666,0.0,0.0,0.3333333333333333,0.0,0.0,0.0,0.0,0.6666666666666666,0.6666666666666666,0.3333333333333333,0.0,1.0,0.0,1.0,0.3333333333333333,0.6666666666666666,0.0,0.0,1.0,0.0,0.0,1.0,0.0,0.0,0.0,0.0,1.0,27.52933146158856,81.61780875069755,0.6766666667092415,17.78,74.81,0.963124270240725,4.55644505974474
MALAMBO,2022,3,9,3,0.3333333333333333,0.0,0.0,0.0,0.6666666666666666,0.0,0.0,0.3333333333333333,0.0,0.0,0.0,0.0,0.6666666666666666,1.0,0.0,0.3333333333333333,0.6666666666666666,0.0,1.0,0.3333333333333333,0.6666666666666666,0.0,0.0,1.0,0.0,0.0,0.6666666666666666,0.3333333333333333,0.0,0.3333333333333333,0.0,0.6666666666666666,27.7171569824219,85.22388567243304,0.6114285692927384,23.89,99.64,0.963124270240725,4.55644505974474
MALAMBO,2022,3,9,3,0.3333333333333333,0.0,0.0,0.0,0.6666666666666666,0.0,0.0,0.3333333333333333,0.0,0.0,0.0,0.0,0.6666666666666666,1.0,0.0,0.3333333333333333,0.6666666666666666,0.0,1.0,0.3333333333333333,0.6666666666666666,0.0,0.0,1.0,0.0,0.0,0.6666666666666666,0.3333333333333333,0.0,0.3333333333333333,0.0,0.6666666666666666,27.7171569824219,85.22388567243304,0.6114285692927384,17.78,74.81,0.963124270240725,4.55644505974474
MALAMBO,2022,3,10,3,0.6666666666666666,0.3333333333333333,0.0,0.0,0.0,0.0,0.0,0.3333333333333333,0.0,0.0,0.0,0.0,0.6666666666666666,1.0,0.0,0.0,1.0,0.0,1.0,1.0,0.0,0.0,0.0,1.0,0.0,0.0,1.0,0.0,0.0,0.0,0.0,1.0,27.955951944987003,85.01090894426618,3.12761913949535,23.89,99.64,0.963124270240725,4.55644505974474
MALAMBO,2022,3,10,3,0.6666666666666666,0.3333333333333333,0.0,0.0,0.0,0.0,0.0,0.3333333333333333,0.0,0.0,0.0,0.0,0.6666666666666666,1.0,0.0,0.0,1.0,0.0,1.0,1.0,0.0,0.0,0.0,1.0,0.0,0.0,1.0,0.0,0.0,0.0,0.0,1.0,27.955951944987003,85.01090894426618,3.12761913949535,17.78,74.81,0.963124270240725,4.55644505974474
MALAMBO,2022,3,11,5,0.4,0.4,0.0,0.0,0.2,0.0,0.0,0.8,0.0,0.0,0.0,0.0,0.2,1.0,0.0,0.6,0.4,0.0,1.0,0.4,0.6,0.0,0.0,1.0,0.0,0.0,1.0,0.0,0.0,0.6,0.0,0.4,28.16617809477309,84.83540961855934,7.38142874659527,23.89,99.64,0.963124270240725,4.55644505974474
MALAMBO,2022,3,11,5,0.4,0.4,0.0,0.0,0.2,0.0,0.0,0.8,0.0,0.0,0.0,0.0,0.2,1.0,0.0,0.6,0.4,0.0,1.0,0.4,0.6,0.0,0.0,1.0,0.0,0.0,1.0,0.0,0.0,0.6,0.0,0.4,28.16617809477309,84.83540961855934,7.38142874659527,17.78,74.81,0.963124270240725,4.55644505974474
MALAMBO,2022,4,13,3,0.0,0.0,0.0,0.0,1.0,0.0,0.0,0.6666666666666666,0.0,0.0,0.0,0.0,0.3333333333333333,1.0,0.0,0.3333333333333333,0.6666666666666666,0.0,1.0,0.6666666666666666,0.3333333333333333,0.0,0.0,1.0,0.0,0.0,1.0,0.0,0.0,0.3333333333333333,0.0,0.6666666666666666,28.023206147693475,85.18934667678106,2.6619047799280717,23.89,99.64,0.963124270240725,4.55644505974474
MALAMBO,2022,4,13,3,0.0,0.0,0.0,0.0,1.0,0.0,0.0,0.6666666666666666,0.0,0.0,0.0,0.0,0.3333333333333333,1.0,0.0,0.3333333333333333,0.6666666666666666,0.0,1.0,0.6666666666666666,0.3333333333333333,0.0,0.0,1.0,0.0,0.0,1.0,0.0,0.0,0.3333333333333333,0.0,0.6666666666666666,28.023206147693475,85.18934667678106,2.6619047799280717,17.78,74.81,0.963124270240725,4.55644505974474
MALAMBO,2022,4,14,1,0.0,0.0,0.0,0.0,0.0,0.0,1.0,1.0,0.0,0.0,0.0,0.0,0.0,1.0,0.0,1.0,0.0,0.0,1.0,0.0,1.0,0.0,0.0,1.0,0.0,0.0,1.0,0.0,0.0,1.0,0.0,0.0,28.03516685849146,87.1055915469215,4.490952335652851,23.89,99.64,0.963124270240725,4.55644505974474
MALAMBO,2022,4,14,1,0.0,0.0,0.0,0.0,0.0,0.0,1.0,1.0,0.0,0.0,0.0,0.0,0.0,1.0,0.0,1.0,0.0,0.0,1.0,0.0,1.0,0.0,0.0,1.0,0.0,0.0,1.0,0.0,0.0,1.0,0.0,0.0,28.03516685849146,87.1055915469215,4.490952335652851,17.78,74.81,0.963124270240725,4.55644505974474
MALAMBO,2022,4,16,3,0.3333333333333333,0.3333333333333333,0.0,0.0,0.3333333333333333,0.0,0.0,0.6666666666666666,0.0,0.0,0.0,0.0,0.3333333333333333,1.0,0.0,0.6666666666666666,0.3333333333333333,0.0,1.0,0.3333333333333333,0.6666666666666666,0.0,0.0,1.0,0.0,0.0,1.0,0.0,0.0,0.3333333333333333,0.0,0.6666666666666666,27.78018377394906,88.86802346365792,11.949047678992864,23.89,99.64,0.963124270240725,4.55644505974474
MALAMBO,2022,4,16,3,0.3333333333333333,0.3333333333333333,0.0,0.0,0.3333333333333333,0.0,0.0,0.6666666666666666,0.0,0.0,0.0,0.0,0.3333333333333333,1.0,0.0,0.6666666666666666,0.3333333333333333,0.0,1.0,0.3333333333333333,0.6666666666666666,0.0,0.0,1.0,0.0,0.0,1.0,0.0,0.0,0.3333333333333333,0.0,0.6666666666666666,27.78018377394906,88.86802346365792,11.949047678992864,17.78,74.81,0.963124270240725,4.55644505974474
MALAMBO,2022,5,17,1,0.0,0.0,0.0,0.0,1.0,0.0,0.0,0.0,0.0,0.0,0.0,1.0,0.0,1.0,0.0,0.0,1.0,0.0,1.0,1.0,0.0,0.0,0.0,1.0,0.0,0.0,1.0,0.0,0.0,0.0,0.0,1.0,27.97833586193268,87.02817608061291,6.299047617685227,23.89,99.64,0.963124270240725,4.55644505974474
MALAMBO,2022,5,17,1,0.0,0.0,0.0,0.0,1.0,0.0,0.0,0.0,0.0,0.0,0.0,1.0,0.0,1.0,0.0,0.0,1.0,0.0,1.0,1.0,0.0,0.0,0.0,1.0,0.0,0.0,1.0,0.0,0.0,0.0,0.0,1.0,27.97833586193268,87.02817608061291,6.299047617685227,17.78,74.81,0.963124270240725,4.55644505974474
MALAMBO,2022,5,19,5,0.4,0.2,0.0,0.0,0.4,0.0,0.0,0.4,0.0,0.2,0.0,0.0,0.4,0.8,0.2,0.0,1.0,0.0,1.0,0.2,0.8,0.0,0.0,1.0,0.0,0.0,1.0,0.0,0.0,0.6,0.0,0.4,27.957873099190877,88.88475145612445,7.116190493106842,23.89,99.64,0.963124270240725,4.55644505974474
MALAMBO,2022,5,19,5,0.4,0.2,0.0,0.0,0.4,0.0,0.0,0.4,0.0,0.2,0.0,0.0,0.4,0.8,0.2,0.0,1.0,0.0,1.0,0.2,0.8,0.0,0.0,1.0,0.0,0.0,1.0,0.0,0.0,0.6,0.0,0.4,27.957873099190877,88.88475145612445,7.116190493106842,17.78,74.81,0.963124270240725,4.55644505974474
MALAMBO,2022,5,20,2,1.0,0.0,0.0,0.0,0.0,0.0,0.0,0.0,0.0,0.0,0.0,0.0,1.0,1.0,0.0,0.0,1.0,0.0,1.0,0.0,1.0,0.0,0.0,1.0,0.0,0.0,1.0,0.0,0.0,0.0,0.0,1.0,27.899833025251144,89.91893005371094,10.270000117165702,23.89,99.64,0.963124270240725,4.55644505974474
MALAMBO,2022,5,20,2,1.0,0.0,0.0,0.0,0.0,0.0,0.0,0.0,0.0,0.0,0.0,0.0,1.0,1.0,0.0,0.0,1.0,0.0,1.0,0.0,1.0,0.0,0.0,1.0,0.0,0.0,1.0,0.0,0.0,0.0,0.0,1.0,27.899833025251144,89.91893005371094,10.270000117165702,17.78,74.81,0.963124270240725,4.55644505974474
MALAMBO,2022,6,21,2,0.0,0.0,0.0,0.0,1.0,0.0,0.0,0.5,0.0,0.0,0.0,0.0,0.5,1.0,0.0,0.0,1.0,0.0,1.0,0.5,0.5,0.0,0.0,1.0,0.0,0.0,1.0,0.0,0.0,0.5,0.0,0.5,28.26062055315293,88.89289056687129,4.500476232596806,23.89,99.64,0.963124270240725,4.55644505974474
MALAMBO,2022,6,21,2,0.0,0.0,0.0,0.0,1.0,0.0,0.0,0.5,0.0,0.0,0.0,0.0,0.5,1.0,0.0,0.0,1.0,0.0,1.0,0.5,0.5,0.0,0.0,1.0,0.0,0.0,1.0,0.0,0.0,0.5,0.0,0.5,28.26062055315293,88.89289056687129,4.500476232596806,17.78,74.81,0.963124270240725,4.55644505974474
MALAMBO,2022,6,22,1,0.0,0.0,0.0,0.0,0.0,0.0,1.0,0.0,0.0,0.0,1.0,0.0,0.0,1.0,0.0,1.0,0.0,0.0,1.0,1.0,0.0,0.0,0.0,1.0,0.0,0.0,1.0,0.0,0.0,1.0,0.0,0.0,27.96417570568268,89.98459952218192,10.745714255741664,23.89,99.64,0.963124270240725,4.55644505974474
MALAMBO,2022,6,22,1,0.0,0.0,0.0,0.0,0.0,0.0,1.0,0.0,0.0,0.0,1.0,0.0,0.0,1.0,0.0,1.0,0.0,0.0,1.0,1.0,0.0,0.0,0.0,1.0,0.0,0.0,1.0,0.0,0.0,1.0,0.0,0.0,27.96417570568268,89.98459952218192,10.745714255741664,17.78,74.81,0.963124270240725,4.55644505974474
MALAMBO,2022,6,23,4,0.75,0.25,0.0,0.0,0.0,0.0,0.0,0.0,0.0,0.0,0.0,0.0,1.0,1.0,0.0,0.25,0.75,0.0,1.0,1.0,0.0,0.0,0.0,1.0,0.0,0.0,1.0,0.0,0.0,0.25,0.0,0.75,27.25167526971728,90.59380740211124,20.86809503464472,23.89,99.64,0.963124270240725,4.55644505974474
MALAMBO,2022,6,23,4,0.75,0.25,0.0,0.0,0.0,0.0,0.0,0.0,0.0,0.0,0.0,0.0,1.0,1.0,0.0,0.25,0.75,0.0,1.0,1.0,0.0,0.0,0.0,1.0,0.0,0.0,1.0,0.0,0.0,0.25,0.0,0.75,27.25167526971728,90.59380740211124,20.86809503464472,17.78,74.81,0.963124270240725,4.55644505974474
MALAMBO,2022,6,24,3,0.6666666666666666,0.0,0.0,0.0,0.3333333333333333,0.0,0.0,0.6666666666666666,0.0,0.0,0.0,0.0,0.3333333333333333,1.0,0.0,0.3333333333333333,0.6666666666666666,0.0,1.0,0.6666666666666666,0.3333333333333333,0.0,0.0,1.0,0.0,0.0,1.0,0.0,0.0,0.0,0.0,1.0,27.17671537853425,90.1625453404018,15.972857043856663,23.89,99.64,0.963124270240725,4.55644505974474
MALAMBO,2022,6,24,3,0.6666666666666666,0.0,0.0,0.0,0.3333333333333333,0.0,0.0,0.6666666666666666,0.0,0.0,0.0,0.0,0.3333333333333333,1.0,0.0,0.3333333333333333,0.6666666666666666,0.0,1.0,0.6666666666666666,0.3333333333333333,0.0,0.0,1.0,0.0,0.0,1.0,0.0,0.0,0.0,0.0,1.0,27.17671537853425,90.1625453404018,15.972857043856663,17.78,74.81,0.963124270240725,4.55644505974474
MALAMBO,2022,7,25,3,0.3333333333333333,0.0,0.0,0.0,0.3333333333333333,0.0,0.3333333333333333,0.0,0.0,0.6666666666666666,0.0,0.0,0.3333333333333333,1.0,0.0,0.3333333333333333,0.6666666666666666,0.0,1.0,0.6666666666666666,0.3333333333333333,0.0,0.0,1.0,0.0,0.0,1.0,0.0,0.0,0.0,0.0,1.0,27.330803716750403,90.79054623558407,14.820952415466309,23.89,99.64,0.963124270240725,4.55644505974474
MALAMBO,2022,7,25,3,0.3333333333333333,0.0,0.0,0.0,0.3333333333333333,0.0,0.3333333333333333,0.0,0.0,0.6666666666666666,0.0,0.0,0.3333333333333333,1.0,0.0,0.3333333333333333,0.6666666666666666,0.0,1.0,0.6666666666666666,0.3333333333333333,0.0,0.0,1.0,0.0,0.0,1.0,0.0,0.0,0.0,0.0,1.0,27.330803716750403,90.79054623558407,14.820952415466309,17.78,74.81,0.963124270240725,4.55644505974474
MALAMBO,2022,7,26,1,0.0,1.0,0.0,0.0,0.0,0.0,0.0,0.0,0.0,0.0,0.0,0.0,1.0,1.0,0.0,1.0,0.0,0.0,1.0,1.0,0.0,0.0,0.0,1.0,0.0,0.0,1.0,0.0,0.0,1.0,0.0,0.0,27.21105927966892,91.47874668666294,11.752381018229894,23.89,99.64,0.963124270240725,4.55644505974474
MALAMBO,2022,7,26,1,0.0,1.0,0.0,0.0,0.0,0.0,0.0,0.0,0.0,0.0,0.0,0.0,1.0,1.0,0.0,1.0,0.0,0.0,1.0,1.0,0.0,0.0,0.0,1.0,0.0,0.0,1.0,0.0,0.0,1.0,0.0,0.0,27.21105927966892,91.47874668666294,11.752381018229894,17.78,74.81,0.963124270240725,4.55644505974474
MALAMBO,2022,7,27,4,0.0,0.5,0.0,0.0,0.5,0.0,0.0,0.75,0.0,0.0,0.0,0.0,0.25,1.0,0.0,0.75,0.25,0.0,1.0,0.5,0.5,0.0,0.0,1.0,0.0,0.0,1.0,0.0,0.0,0.5,0.0,0.5,28.205449131556943,90.44275665283205,5.808095307577224,23.89,99.64,0.963124270240725,4.55644505974474
MALAMBO,2022,7,27,4,0.0,0.5,0.0,0.0,0.5,0.0,0.0,0.75,0.0,0.0,0.0,0.0,0.25,1.0,0.0,0.75,0.25,0.0,1.0,0.5,0.5,0.0,0.0,1.0,0.0,0.0,1.0,0.0,0.0,0.5,0.0,0.5,28.205449131556943,90.44275665283205,5.808095307577224,17.78,74.81,0.963124270240725,4.55644505974474
MALAMBO,2022,7,28,2,0.5,0.0,0.0,0.0,0.5,0.0,0.0,0.5,0.0,0.0,0.0,0.0,0.5,1.0,0.0,0.0,1.0,0.0,1.0,1.0,0.0,0.0,0.0,1.0,0.0,0.0,1.0,0.0,0.0,0.5,0.0,0.5,27.78403916131884,91.0742681594122,9.513809522702582,23.89,99.64,0.963124270240725,4.55644505974474
MALAMBO,2022,7,28,2,0.5,0.0,0.0,0.0,0.5,0.0,0.0,0.5,0.0,0.0,0.0,0.0,0.5,1.0,0.0,0.0,1.0,0.0,1.0,1.0,0.0,0.0,0.0,1.0,0.0,0.0,1.0,0.0,0.0,0.5,0.0,0.5,27.78403916131884,91.0742681594122,9.513809522702582,17.78,74.81,0.963124270240725,4.55644505974474
MALAMBO,2022,8,29,1,0.0,0.0,0.0,0.0,0.0,0.0,1.0,0.0,0.0,0.0,0.0,0.0,1.0,1.0,0.0,0.0,1.0,0.0,1.0,1.0,0.0,0.0,0.0,1.0,0.0,0.0,1.0,0.0,0.0,0.0,0.0,1.0,27.8978944324312,91.837890625,4.924761862981887,23.89,99.64,0.963124270240725,4.55644505974474
MALAMBO,2022,8,29,1,0.0,0.0,0.0,0.0,0.0,0.0,1.0,0.0,0.0,0.0,0.0,0.0,1.0,1.0,0.0,0.0,1.0,0.0,1.0,1.0,0.0,0.0,0.0,1.0,0.0,0.0,1.0,0.0,0.0,0.0,0.0,1.0,27.8978944324312,91.837890625,4.924761862981887,17.78,74.81,0.963124270240725,4.55644505974474
MALAMBO,2022,8,30,3,0.3333333333333333,0.0,0.0,0.0,0.3333333333333333,0.0,0.3333333333333333,0.0,0.0,0.0,0.0,0.0,1.0,1.0,0.0,0.0,1.0,0.0,1.0,0.3333333333333333,0.6666666666666666,0.0,0.0,1.0,0.0,0.0,1.0,0.0,0.0,0.3333333333333333,0.0,0.6666666666666666,27.233419218517504,91.94271741594586,12.774285804657708,23.89,99.64,0.963124270240725,4.55644505974474
MALAMBO,2022,8,30,3,0.3333333333333333,0.0,0.0,0.0,0.3333333333333333,0.0,0.3333333333333333,0.0,0.0,0.0,0.0,0.0,1.0,1.0,0.0,0.0,1.0,0.0,1.0,0.3333333333333333,0.6666666666666666,0.0,0.0,1.0,0.0,0.0,1.0,0.0,0.0,0.3333333333333333,0.0,0.6666666666666666,27.233419218517504,91.94271741594586,12.774285804657708,17.78,74.81,0.963124270240725,4.55644505974474
MALAMBO,2022,8,31,3,0.6666666666666666,0.0,0.0,0.0,0.0,0.0,0.3333333333333333,0.0,0.0,0.3333333333333333,0.0,0.0,0.6666666666666666,1.0,0.0,1.0,0.0,0.0,1.0,0.3333333333333333,0.6666666666666666,0.0,0.0,1.0,0.0,0.0,1.0,0.0,0.0,0.3333333333333333,0.0,0.6666666666666666,27.634108479817733,91.34194909958612,17.491904868966056,23.89,99.64,0.963124270240725,4.55644505974474
MALAMBO,2022,8,31,3,0.6666666666666666,0.0,0.0,0.0,0.0,0.0,0.3333333333333333,0.0,0.0,0.3333333333333333,0.0,0.0,0.6666666666666666,1.0,0.0,1.0,0.0,0.0,1.0,0.3333333333333333,0.6666666666666666,0.0,0.0,1.0,0.0,0.0,1.0,0.0,0.0,0.3333333333333333,0.0,0.6666666666666666,27.634108479817733,91.34194909958612,17.491904868966056,17.78,74.81,0.963124270240725,4.55644505974474
MALAMBO,2022,8,32,6,0.5,0.1666666666666666,0.0,0.0,0.1666666666666666,0.1666666666666666,0.0,0.6666666666666666,0.0,0.1666666666666666,0.0,0.0,0.1666666666666666,1.0,0.0,0.5,0.5,0.0,1.0,0.5,0.5,0.0,0.0,1.0,0.0,0.0,1.0,0.0,0.0,0.3333333333333333,0.0,0.6666666666666666,27.494353230794307,92.86684236072358,8.935714128471556,23.89,99.64,0.963124270240725,4.55644505974474
MALAMBO,2022,8,32,6,0.5,0.1666666666666666,0.0,0.0,0.1666666666666666,0.1666666666666666,0.0,0.6666666666666666,0.0,0.1666666666666666,0.0,0.0,0.1666666666666666,1.0,0.0,0.5,0.5,0.0,1.0,0.5,0.5,0.0,0.0,1.0,0.0,0.0,1.0,0.0,0.0,0.3333333333333333,0.0,0.6666666666666666,27.494353230794307,92.86684236072358,8.935714128471556,17.78,74.81,0.963124270240725,4.55644505974474
MALAMBO,2022,9,33,4,0.25,0.5,0.0,0.0,0.25,0.0,0.0,0.25,0.0,0.0,0.0,0.0,0.75,1.0,0.0,0.25,0.75,0.0,1.0,0.25,0.75,0.0,0.0,1.0,0.0,0.0,1.0,0.0,0.0,0.5,0.0,0.5,27.49124043782553,92.18368929908388,12.383809271312897,23.89,99.64,0.963124270240725,4.55644505974474
MALAMBO,2022,9,33,4,0.25,0.5,0.0,0.0,0.25,0.0,0.0,0.25,0.0,0.0,0.0,0.0,0.75,1.0,0.0,0.25,0.75,0.0,1.0,0.25,0.75,0.0,0.0,1.0,0.0,0.0,1.0,0.0,0.0,0.5,0.0,0.5,27.49124043782553,92.18368929908388,12.383809271312897,17.78,74.81,0.963124270240725,4.55644505974474
MALAMBO,2022,9,34,4,0.0,0.25,0.0,0.0,0.5,0.0,0.25,0.5,0.0,0.0,0.25,0.0,0.25,1.0,0.0,0.75,0.25,0.0,1.0,0.75,0.25,0.0,0.0,1.0,0.0,0.0,0.75,0.25,0.0,1.0,0.0,0.0,27.08896571568082,92.88967023577008,11.977142833528063,23.89,99.64,0.963124270240725,4.55644505974474
MALAMBO,2022,9,34,4,0.0,0.25,0.0,0.0,0.5,0.0,0.25,0.5,0.0,0.0,0.25,0.0,0.25,1.0,0.0,0.75,0.25,0.0,1.0,0.75,0.25,0.0,0.0,1.0,0.0,0.0,0.75,0.25,0.0,1.0,0.0,0.0,27.08896571568082,92.88967023577008,11.977142833528063,17.78,74.81,0.963124270240725,4.55644505974474
MALAMBO,2022,9,35,3,0.3333333333333333,0.3333333333333333,0.0,0.0,0.3333333333333333,0.0,0.0,0.3333333333333333,0.0,0.3333333333333333,0.0,0.0,0.3333333333333333,1.0,0.0,0.3333333333333333,0.6666666666666666,0.0,1.0,0.6666666666666666,0.3333333333333333,0.0,0.0,1.0,0.0,0.0,1.0,0.0,0.0,0.6666666666666666,0.0,0.3333333333333333,27.14748753138954,93.42391967773438,10.67857145127796,23.89,99.64,0.963124270240725,4.55644505974474
MALAMBO,2022,9,35,3,0.3333333333333333,0.3333333333333333,0.0,0.0,0.3333333333333333,0.0,0.0,0.3333333333333333,0.0,0.3333333333333333,0.0,0.0,0.3333333333333333,1.0,0.0,0.3333333333333333,0.6666666666666666,0.0,1.0,0.6666666666666666,0.3333333333333333,0.0,0.0,1.0,0.0,0.0,1.0,0.0,0.0,0.6666666666666666,0.0,0.3333333333333333,27.14748753138954,93.42391967773438,10.67857145127796,17.78,74.81,0.963124270240725,4.55644505974474
MALAMBO,2022,9,36,3,0.3333333333333333,0.3333333333333333,0.0,0.3333333333333333,0.0,0.0,0.0,0.6666666666666666,0.0,0.0,0.0,0.0,0.3333333333333333,1.0,0.0,0.0,1.0,0.0,1.0,0.0,1.0,0.0,0.0,1.0,0.0,0.0,0.6666666666666666,0.3333333333333333,0.0,0.3333333333333333,0.0,0.6666666666666666,27.412313261486258,93.56082334972562,8.059047534352256,23.89,99.64,0.963124270240725,4.55644505974474
MALAMBO,2022,9,36,3,0.3333333333333333,0.3333333333333333,0.0,0.3333333333333333,0.0,0.0,0.0,0.6666666666666666,0.0,0.0,0.0,0.0,0.3333333333333333,1.0,0.0,0.0,1.0,0.0,1.0,0.0,1.0,0.0,0.0,1.0,0.0,0.0,0.6666666666666666,0.3333333333333333,0.0,0.3333333333333333,0.0,0.6666666666666666,27.412313261486258,93.56082334972562,8.059047534352256,17.78,74.81,0.963124270240725,4.55644505974474
MALAMBO,2022,10,37,5,0.6,0.0,0.0,0.0,0.4,0.0,0.0,0.6,0.0,0.0,0.0,0.0,0.4,0.8,0.2,0.2,0.8,0.0,1.0,0.0,1.0,0.0,0.0,1.0,0.0,0.0,1.0,0.0,0.0,0.4,0.0,0.6,27.28716358003164,93.54017893473306,10.362857171467372,23.89,99.64,0.963124270240725,4.55644505974474
MALAMBO,2022,10,37,5,0.6,0.0,0.0,0.0,0.4,0.0,0.0,0.6,0.0,0.0,0.0,0.0,0.4,0.8,0.2,0.2,0.8,0.0,1.0,0.0,1.0,0.0,0.0,1.0,0.0,0.0,1.0,0.0,0.0,0.4,0.0,0.6,27.28716358003164,93.54017893473306,10.362857171467372,17.78,74.81,0.963124270240725,4.55644505974474
MALAMBO,2022,10,38,5,0.6,0.0,0.0,0.0,0.2,0.0,0.2,0.6,0.0,0.0,0.0,0.0,0.4,1.0,0.0,0.0,1.0,0.0,1.0,0.2,0.8,0.0,0.0,1.0,0.0,0.0,1.0,0.0,0.0,0.0,0.0,1.0,26.410411725725474,94.20002891903832,12.237618945893788,23.89,99.64,0.963124270240725,4.55644505974474
MALAMBO,2022,10,38,5,0.6,0.0,0.0,0.0,0.2,0.0,0.2,0.6,0.0,0.0,0.0,0.0,0.4,1.0,0.0,0.0,1.0,0.0,1.0,0.2,0.8,0.0,0.0,1.0,0.0,0.0,1.0,0.0,0.0,0.0,0.0,1.0,26.410411725725474,94.20002891903832,12.237618945893788,17.78,74.81,0.963124270240725,4.55644505974474
MALAMBO,2022,10,39,10,0.2,0.5,0.0,0.0,0.2,0.0,0.1,0.4,0.0,0.0,0.0,0.0,0.6,1.0,0.0,0.2,0.8,0.0,1.0,0.5,0.5,0.0,0.0,1.0,0.0,0.0,0.9,0.1,0.0,0.6,0.0,0.4,26.8335655575707,94.8889683314732,8.603809629167829,23.89,99.64,0.963124270240725,4.55644505974474
MALAMBO,2022,10,39,10,0.2,0.5,0.0,0.0,0.2,0.0,0.1,0.4,0.0,0.0,0.0,0.0,0.6,1.0,0.0,0.2,0.8,0.0,1.0,0.5,0.5,0.0,0.0,1.0,0.0,0.0,0.9,0.1,0.0,0.6,0.0,0.4,26.8335655575707,94.8889683314732,8.603809629167829,17.78,74.81,0.963124270240725,4.55644505974474
MALAMBO,2022,10,40,3,0.0,0.3333333333333333,0.0,0.0,0.6666666666666666,0.0,0.0,0.0,0.0,0.0,0.0,0.0,1.0,1.0,0.0,0.3333333333333333,0.6666666666666666,0.0,1.0,0.6666666666666666,0.3333333333333333,0.0,0.0,1.0,0.0,0.0,1.0,0.0,0.0,0.3333333333333333,0.0,0.6666666666666666,26.967128644670787,93.07801092238653,11.011428347655706,23.89,99.64,0.963124270240725,4.55644505974474
MALAMBO,2022,10,40,3,0.0,0.3333333333333333,0.0,0.0,0.6666666666666666,0.0,0.0,0.0,0.0,0.0,0.0,0.0,1.0,1.0,0.0,0.3333333333333333,0.6666666666666666,0.0,1.0,0.6666666666666666,0.3333333333333333,0.0,0.0,1.0,0.0,0.0,1.0,0.0,0.0,0.3333333333333333,0.0,0.6666666666666666,26.967128644670787,93.07801092238653,11.011428347655706,17.78,74.81,0.963124270240725,4.55644505974474
MALAMBO,2022,11,41,7,0.8571428571428571,0.1428571428571428,0.0,0.0,0.0,0.0,0.0,0.2857142857142857,0.0,0.4285714285714285,0.0,0.0,0.2857142857142857,1.0,0.0,0.1428571428571428,0.8571428571428571,0.0,1.0,0.2857142857142857,0.7142857142857143,0.0,0.0,1.0,0.0,0.0,1.0,0.0,0.0,0.5714285714285714,0.1428571428571428,0.2857142857142857,26.888678850446457,93.7930475870768,11.88666660445077,23.89,99.64,0.963124270240725,4.55644505974474
MALAMBO,2022,11,41,7,0.8571428571428571,0.1428571428571428,0.0,0.0,0.0,0.0,0.0,0.2857142857142857,0.0,0.4285714285714285,0.0,0.0,0.2857142857142857,1.0,0.0,0.1428571428571428,0.8571428571428571,0.0,1.0,0.2857142857142857,0.7142857142857143,0.0,0.0,1.0,0.0,0.0,1.0,0.0,0.0,0.5714285714285714,0.1428571428571428,0.2857142857142857,26.888678850446457,93.7930475870768,11.88666660445077,17.78,74.81,0.963124270240725,4.55644505974474
MALAMBO,2022,11,42,13,0.5384615384615384,0.2307692307692307,0.0,0.0,0.1538461538461538,0.0,0.0769230769230769,0.4615384615384615,0.0,0.1538461538461538,0.0,0.0,0.3846153846153846,0.9230769230769232,0.0769230769230769,0.3846153846153846,0.6153846153846154,0.0,1.0,0.5384615384615384,0.4615384615384615,0.0,0.0,1.0,0.0,0.0,0.9230769230769232,0.0769230769230769,0.0,0.3076923076923077,0.0,0.6923076923076923,26.88058079310829,93.95616949172246,11.460476216815769,23.89,99.64,0.963124270240725,4.55644505974474
MALAMBO,2022,11,42,13,0.5384615384615384,0.2307692307692307,0.0,0.0,0.1538461538461538,0.0,0.0769230769230769,0.4615384615384615,0.0,0.1538461538461538,0.0,0.0,0.3846153846153846,0.9230769230769232,0.0769230769230769,0.3846153846153846,0.6153846153846154,0.0,1.0,0.5384615384615384,0.4615384615384615,0.0,0.0,1.0,0.0,0.0,0.9230769230769232,0.0769230769230769,0.0,0.3076923076923077,0.0,0.6923076923076923,26.88058079310829,93.95616949172246,11.460476216815769,17.78,74.81,0.963124270240725,4.55644505974474
MALAMBO,2022,11,43,15,0.4,0.2666666666666666,0.0,0.0,0.2,0.0,0.1333333333333333,0.3333333333333333,0.0,0.1333333333333333,0.0,0.0,0.5333333333333333,0.8666666666666667,0.1333333333333333,0.1333333333333333,0.8666666666666667,0.0,1.0,0.5333333333333333,0.4666666666666667,0.0,0.0,1.0,0.0,0.0,1.0,0.0,0.0,0.5333333333333333,0.0,0.4666666666666667,26.756597319103456,93.38377562023344,8.916190618560428,23.89,99.64,0.963124270240725,4.55644505974474
MALAMBO,2022,11,43,15,0.4,0.2666666666666666,0.0,0.0,0.2,0.0,0.1333333333333333,0.3333333333333333,0.0,0.1333333333333333,0.0,0.0,0.5333333333333333,0.8666666666666667,0.1333333333333333,0.1333333333333333,0.8666666666666667,0.0,1.0,0.5333333333333333,0.4666666666666667,0.0,0.0,1.0,0.0,0.0,1.0,0.0,0.0,0.5333333333333333,0.0,0.4666666666666667,26.756597319103456,93.38377562023344,8.916190618560428,17.78,74.81,0.963124270240725,4.55644505974474
MALAMBO,2022,11,44,6,0.5,0.1666666666666666,0.0,0.0,0.1666666666666666,0.0,0.1666666666666666,0.5,0.0,0.0,0.0,0.0,0.5,0.8333333333333334,0.1666666666666666,0.1666666666666666,0.8333333333333334,0.0,1.0,0.6666666666666666,0.3333333333333333,0.0,0.0,1.0,0.0,0.0,1.0,0.0,0.0,0.3333333333333333,0.0,0.6666666666666666,26.79490559895836,92.86383456275576,14.865238297553288,23.89,99.64,0.963124270240725,4.55644505974474
MALAMBO,2022,11,44,6,0.5,0.1666666666666666,0.0,0.0,0.1666666666666666,0.0,0.1666666666666666,0.5,0.0,0.0,0.0,0.0,0.5,0.8333333333333334,0.1666666666666666,0.1666666666666666,0.8333333333333334,0.0,1.0,0.6666666666666666,0.3333333333333333,0.0,0.0,1.0,0.0,0.0,1.0,0.0,0.0,0.3333333333333333,0.0,0.6666666666666666,26.79490559895836,92.86383456275576,14.865238297553288,17.78,74.81,0.963124270240725,4.55644505974474
MALAMBO,2022,12,45,6,0.1666666666666666,0.6666666666666666,0.0,0.0,0.0,0.0,0.1666666666666666,0.3333333333333333,0.0,0.0,0.0,0.0,0.6666666666666666,1.0,0.0,0.3333333333333333,0.6666666666666666,0.0,1.0,0.5,0.5,0.0,0.0,1.0,0.0,0.0,1.0,0.0,0.0,0.3333333333333333,0.0,0.6666666666666666,25.810130964006717,93.9024142310733,15.962380908784413,23.89,99.64,0.963124270240725,4.55644505974474
MALAMBO,2022,12,45,6,0.1666666666666666,0.6666666666666666,0.0,0.0,0.0,0.0,0.1666666666666666,0.3333333333333333,0.0,0.0,0.0,0.0,0.6666666666666666,1.0,0.0,0.3333333333333333,0.6666666666666666,0.0,1.0,0.5,0.5,0.0,0.0,1.0,0.0,0.0,1.0,0.0,0.0,0.3333333333333333,0.0,0.6666666666666666,25.810130964006717,93.9024142310733,15.962380908784413,17.78,74.81,0.963124270240725,4.55644505974474
MALAMBO,2022,12,46,8,0.375,0.125,0.0,0.0,0.5,0.0,0.0,0.25,0.0,0.0,0.0,0.125,0.625,0.875,0.125,0.125,0.875,0.0,1.0,0.375,0.625,0.0,0.0,1.0,0.0,0.0,1.0,0.0,0.0,0.5,0.0,0.5,26.56935889834451,93.58662596203033,22.45047620364598,23.89,99.64,0.963124270240725,4.55644505974474
MALAMBO,2022,12,46,8,0.375,0.125,0.0,0.0,0.5,0.0,0.0,0.25,0.0,0.0,0.0,0.125,0.625,0.875,0.125,0.125,0.875,0.0,1.0,0.375,0.625,0.0,0.0,1.0,0.0,0.0,1.0,0.0,0.0,0.5,0.0,0.5,26.56935889834451,93.58662596203033,22.45047620364598,17.78,74.81,0.963124270240725,4.55644505974474
MALAMBO,2022,12,47,13,0.3846153846153846,0.2307692307692307,0.0,0.0,0.3076923076923077,0.0,0.0769230769230769,0.6153846153846154,0.0,0.0769230769230769,0.0,0.0,0.3076923076923077,0.9230769230769232,0.0769230769230769,0.3076923076923077,0.6923076923076923,0.0,1.0,0.5384615384615384,0.4615384615384615,0.0,0.0,1.0,0.0,0.0,1.0,0.0,0.0,0.5384615384615384,0.0,0.4615384615384615,27.07141810825896,91.70299857003349,4.5438094820295065,23.89,99.64,0.963124270240725,4.55644505974474
MALAMBO,2022,12,47,13,0.3846153846153846,0.2307692307692307,0.0,0.0,0.3076923076923077,0.0,0.0769230769230769,0.6153846153846154,0.0,0.0769230769230769,0.0,0.0,0.3076923076923077,0.9230769230769232,0.0769230769230769,0.3076923076923077,0.6923076923076923,0.0,1.0,0.5384615384615384,0.4615384615384615,0.0,0.0,1.0,0.0,0.0,1.0,0.0,0.0,0.5384615384615384,0.0,0.4615384615384615,27.07141810825896,91.70299857003349,4.5438094820295065,17.78,74.81,0.963124270240725,4.55644505974474
MALAMBO,2022,12,48,7,0.7142857142857143,0.0,0.0,0.0,0.2857142857142857,0.0,0.0,0.2857142857142857,0.0,0.1428571428571428,0.0,0.0,0.5714285714285714,1.0,0.0,0.4285714285714285,0.5714285714285714,0.0,1.0,0.2857142857142857,0.7142857142857143,0.0,0.0,1.0,0.0,0.0,1.0,0.0,0.0,0.2857142857142857,0.0,0.7142857142857143,26.742211914062533,90.8908931187221,5.937142815440892,23.89,99.64,0.963124270240725,4.55644505974474
MALAMBO,2022,12,48,7,0.7142857142857143,0.0,0.0,0.0,0.2857142857142857,0.0,0.0,0.2857142857142857,0.0,0.1428571428571428,0.0,0.0,0.5714285714285714,1.0,0.0,0.4285714285714285,0.5714285714285714,0.0,1.0,0.2857142857142857,0.7142857142857143,0.0,0.0,1.0,0.0,0.0,1.0,0.0,0.0,0.2857142857142857,0.0,0.7142857142857143,26.742211914062533,90.8908931187221,5.937142815440892,17.78,74.81,0.963124270240725,4.55644505974474
MALAMBO,2022,13,49,12,0.4166666666666667,0.0833333333333333,0.0,0.0,0.25,0.0,0.25,0.4166666666666667,0.0,0.0833333333333333,0.0,0.0,0.5,1.0,0.0,0.3333333333333333,0.6666666666666666,0.0,1.0,0.6666666666666666,0.3333333333333333,0.0,0.0,1.0,0.0,0.0,0.9166666666666666,0.0833333333333333,0.0,0.5833333333333334,0.0,0.4166666666666667,26.607507324218776,87.6321770804269,2.826666667347862,23.89,99.64,0.963124270240725,4.55644505974474
MALAMBO,2022,13,49,12,0.4166666666666667,0.0833333333333333,0.0,0.0,0.25,0.0,0.25,0.4166666666666667,0.0,0.0833333333333333,0.0,0.0,0.5,1.0,0.0,0.3333333333333333,0.6666666666666666,0.0,1.0,0.6666666666666666,0.3333333333333333,0.0,0.0,1.0,0.0,0.0,0.9166666666666666,0.0833333333333333,0.0,0.5833333333333334,0.0,0.4166666666666667,26.607507324218776,87.6321770804269,2.826666667347862,17.78,74.81,0.963124270240725,4.55644505974474
MALAMBO,2022,13,50,15,0.6666666666666666,0.2,0.0,0.0,0.1333333333333333,0.0,0.0,0.4,0.0,0.1333333333333333,0.0,0.0,0.4666666666666667,0.9333333333333332,0.0666666666666666,0.4,0.6,0.0,1.0,0.3333333333333333,0.6666666666666666,0.0,0.0,1.0,0.0,0.0,0.9333333333333332,0.0666666666666666,0.0,0.6666666666666666,0.0,0.3333333333333333,26.839166986374643,89.49543144589379,1.9023809961619835,23.89,99.64,0.963124270240725,4.55644505974474
MALAMBO,2022,13,50,15,0.6666666666666666,0.2,0.0,0.0,0.1333333333333333,0.0,0.0,0.4,0.0,0.1333333333333333,0.0,0.0,0.4666666666666667,0.9333333333333332,0.0666666666666666,0.4,0.6,0.0,1.0,0.3333333333333333,0.6666666666666666,0.0,0.0,1.0,0.0,0.0,0.9333333333333332,0.0666666666666666,0.0,0.6666666666666666,0.0,0.3333333333333333,26.839166986374643,89.49543144589379,1.9023809961619835,17.78,74.81,0.963124270240725,4.55644505974474
MALAMBO,2022,13,51,11,0.7272727272727273,0.1818181818181818,0.0,0.0,0.0909090909090909,0.0,0.0,0.2727272727272727,0.0,0.0,0.0,0.0,0.7272727272727273,0.9090909090909092,0.0909090909090909,0.1818181818181818,0.8181818181818182,0.0,1.0,0.8181818181818182,0.1818181818181818,0.0,0.0,1.0,0.0,0.0,1.0,0.0,0.0,0.3636363636363636,0.0909090909090909,0.5454545454545454,27.268395269484767,87.22322736467633,0.7142857142857143,23.89,99.64,0.963124270240725,4.55644505974474
MALAMBO,2022,13,51,11,0.7272727272727273,0.1818181818181818,0.0,0.0,0.0909090909090909,0.0,0.0,0.2727272727272727,0.0,0.0,0.0,0.0,0.7272727272727273,0.9090909090909092,0.0909090909090909,0.1818181818181818,0.8181818181818182,0.0,1.0,0.8181818181818182,0.1818181818181818,0.0,0.0,1.0,0.0,0.0,1.0,0.0,0.0,0.3636363636363636,0.0909090909090909,0.5454545454545454,27.268395269484767,87.22322736467633,0.7142857142857143,17.78,74.81,0.963124270240725,4.55644505974474
MALAMBO,2022,13,52,6,0.5,0.0,0.0,0.0,0.3333333333333333,0.0,0.1666666666666666,0.3333333333333333,0.0,0.0,0.0,0.0,0.6666666666666666,1.0,0.0,0.3333333333333333,0.6666666666666666,0.0,1.0,0.8333333333333334,0.1666666666666666,0.0,0.0,1.0,0.0,0.0,0.8333333333333334,0.1666666666666666,0.0,0.3333333333333333,0.0,0.6666666666666666,26.93640761602496,87.78805796305338,0.0952380952380952,23.89,99.64,0.963124270240725,4.55644505974474
MALAMBO,2022,13,52,6,0.5,0.0,0.0,0.0,0.3333333333333333,0.0,0.1666666666666666,0.3333333333333333,0.0,0.0,0.0,0.0,0.6666666666666666,1.0,0.0,0.3333333333333333,0.6666666666666666,0.0,1.0,0.8333333333333334,0.1666666666666666,0.0,0.0,1.0,0.0,0.0,0.8333333333333334,0.1666666666666666,0.0,0.3333333333333333,0.0,0.6666666666666666,26.93640761602496,87.78805796305338,0.0952380952380952,17.78,74.81,0.963124270240725,4.55644505974474
MALAMBO,2023,1,1,11,0.2727272727272727,0.2727272727272727,0.0,0.0,0.4545454545454545,0.0,0.0,0.2727272727272727,0.0,0.0909090909090909,0.0,0.0,0.6363636363636364,1.0,0.0,0.3636363636363636,0.6363636363636364,0.0,1.0,0.3636363636363636,0.6363636363636364,0.0,0.0,1.0,0.0,0.0,0.9090909090909092,0.0909090909090909,0.0,0.5454545454545454,0.0,0.4545454545454545,27.057603091285365,89.13274238223121,1.4071428566461517,23.9,99.71,0.963124270240725,4.55644505974474
MALAMBO,2023,1,1,11,0.2727272727272727,0.2727272727272727,0.0,0.0,0.4545454545454545,0.0,0.0,0.2727272727272727,0.0,0.0909090909090909,0.0,0.0,0.6363636363636364,1.0,0.0,0.3636363636363636,0.6363636363636364,0.0,1.0,0.3636363636363636,0.6363636363636364,0.0,0.0,1.0,0.0,0.0,0.9090909090909092,0.0909090909090909,0.0,0.5454545454545454,0.0,0.4545454545454545,27.057603091285365,89.13274238223121,1.4071428566461517,19.74,83.01,0.963124270240725,4.55644505974474
MALAMBO,2023,1,2,7,0.5714285714285714,0.1428571428571428,0.0,0.0,0.2857142857142857,0.0,0.0,0.1428571428571428,0.0,0.0,0.0,0.1428571428571428,0.7142857142857143,1.0,0.0,0.2857142857142857,0.7142857142857143,0.0,1.0,0.4285714285714285,0.5714285714285714,0.0,0.0,1.0,0.0,0.0,1.0,0.0,0.0,0.5714285714285714,0.0,0.4285714285714285,27.0746980212984,89.20599583217076,1.764285700307006,23.9,99.71,0.963124270240725,4.55644505974474
MALAMBO,2023,1,2,7,0.5714285714285714,0.1428571428571428,0.0,0.0,0.2857142857142857,0.0,0.0,0.1428571428571428,0.0,0.0,0.0,0.1428571428571428,0.7142857142857143,1.0,0.0,0.2857142857142857,0.7142857142857143,0.0,1.0,0.4285714285714285,0.5714285714285714,0.0,0.0,1.0,0.0,0.0,1.0,0.0,0.0,0.5714285714285714,0.0,0.4285714285714285,27.0746980212984,89.20599583217076,1.764285700307006,19.74,83.01,0.963124270240725,4.55644505974474
MALAMBO,2023,1,3,4,0.75,0.0,0.0,0.0,0.25,0.0,0.0,0.5,0.0,0.0,0.0,0.0,0.5,1.0,0.0,0.5,0.5,0.0,1.0,0.25,0.75,0.0,0.0,1.0,0.0,0.0,1.0,0.0,0.0,0.25,0.0,0.75,27.275040835426,86.75367446172804,2.3809523809523805,23.9,99.71,0.963124270240725,4.55644505974474
MALAMBO,2023,1,3,4,0.75,0.0,0.0,0.0,0.25,0.0,0.0,0.5,0.0,0.0,0.0,0.0,0.5,1.0,0.0,0.5,0.5,0.0,1.0,0.25,0.75,0.0,0.0,1.0,0.0,0.0,1.0,0.0,0.0,0.25,0.0,0.75,27.275040835426,86.75367446172804,2.3809523809523805,19.74,83.01,0.963124270240725,4.55644505974474
MALAMBO,2023,1,4,6,0.5,0.0,0.0,0.0,0.5,0.0,0.0,0.3333333333333333,0.0,0.0,0.0,0.0,0.6666666666666666,1.0,0.0,0.3333333333333333,0.6666666666666666,0.0,1.0,0.5,0.5,0.0,0.0,1.0,0.0,0.0,1.0,0.0,0.0,0.5,0.0,0.5,27.5479675292969,83.0438468569801,0.0,23.9,99.71,0.963124270240725,4.55644505974474
MALAMBO,2023,1,4,6,0.5,0.0,0.0,0.0,0.5,0.0,0.0,0.3333333333333333,0.0,0.0,0.0,0.0,0.6666666666666666,1.0,0.0,0.3333333333333333,0.6666666666666666,0.0,1.0,0.5,0.5,0.0,0.0,1.0,0.0,0.0,1.0,0.0,0.0,0.5,0.0,0.5,27.5479675292969,83.0438468569801,0.0,19.74,83.01,0.963124270240725,4.55644505974474
MALAMBO,2023,2,5,5,0.2,0.0,0.0,0.0,0.6,0.0,0.2,0.4,0.0,0.0,0.0,0.2,0.4,1.0,0.0,0.2,0.8,0.0,1.0,0.8,0.2,0.0,0.0,1.0,0.0,0.0,1.0,0.0,0.0,0.4,0.0,0.6,26.737565249488487,83.50634692964101,0.0476190476190476,23.9,99.71,0.963124270240725,4.55644505974474
MALAMBO,2023,2,5,5,0.2,0.0,0.0,0.0,0.6,0.0,0.2,0.4,0.0,0.0,0.0,0.2,0.4,1.0,0.0,0.2,0.8,0.0,1.0,0.8,0.2,0.0,0.0,1.0,0.0,0.0,1.0,0.0,0.0,0.4,0.0,0.6,26.737565249488487,83.50634692964101,0.0476190476190476,19.74,83.01,0.963124270240725,4.55644505974474
MALAMBO,2023,2,6,8,0.625,0.125,0.0,0.0,0.0,0.0,0.25,0.125,0.0,0.125,0.0,0.0,0.75,1.0,0.0,0.625,0.375,0.0,1.0,0.5,0.5,0.0,0.0,1.0,0.0,0.0,1.0,0.0,0.0,0.625,0.0,0.375,27.4523864746094,83.61549886067709,0.0952380952380952,23.9,99.71,0.963124270240725,4.55644505974474
MALAMBO,2023,2,6,8,0.625,0.125,0.0,0.0,0.0,0.0,0.25,0.125,0.0,0.125,0.0,0.0,0.75,1.0,0.0,0.625,0.375,0.0,1.0,0.5,0.5,0.0,0.0,1.0,0.0,0.0,1.0,0.0,0.0,0.625,0.0,0.375,27.4523864746094,83.61549886067709,0.0952380952380952,19.74,83.01,0.963124270240725,4.55644505974474
MALAMBO,2023,2,7,5,0.4,0.4,0.0,0.0,0.2,0.0,0.0,0.4,0.0,0.0,0.0,0.0,0.6,1.0,0.0,0.0,1.0,0.0,1.0,0.4,0.6,0.0,0.0,1.0,0.0,0.0,1.0,0.0,0.0,0.4,0.0,0.6,27.28971543085009,83.55864025297619,0.619047619047619,23.9,99.71,0.963124270240725,4.55644505974474
MALAMBO,2023,2,7,5,0.4,0.4,0.0,0.0,0.2,0.0,0.0,0.4,0.0,0.0,0.0,0.0,0.6,1.0,0.0,0.0,1.0,0.0,1.0,0.4,0.6,0.0,0.0,1.0,0.0,0.0,1.0,0.0,0.0,0.4,0.0,0.6,27.28971543085009,83.55864025297619,0.619047619047619,19.74,83.01,0.963124270240725,4.55644505974474
MALAMBO,2023,2,8,7,0.4285714285714285,0.2857142857142857,0.0,0.0,0.2857142857142857,0.0,0.0,0.1428571428571428,0.0,0.1428571428571428,0.0,0.0,0.7142857142857143,1.0,0.0,0.4285714285714285,0.5714285714285714,0.0,1.0,0.5714285714285714,0.4285714285714285,0.0,0.0,1.0,0.0,0.0,1.0,0.0,0.0,0.2857142857142857,0.0,0.7142857142857143,26.80998418898812,82.0227995372954,0.0,23.9,99.71,0.963124270240725,4.55644505974474
MALAMBO,2023,2,8,7,0.4285714285714285,0.2857142857142857,0.0,0.0,0.2857142857142857,0.0,0.0,0.1428571428571428,0.0,0.1428571428571428,0.0,0.0,0.7142857142857143,1.0,0.0,0.4285714285714285,0.5714285714285714,0.0,1.0,0.5714285714285714,0.4285714285714285,0.0,0.0,1.0,0.0,0.0,1.0,0.0,0.0,0.2857142857142857,0.0,0.7142857142857143,26.80998418898812,82.0227995372954,0.0,19.74,83.01,0.963124270240725,4.55644505974474
MALAMBO,2023,3,9,8,0.375,0.125,0.125,0.0,0.125,0.0,0.25,0.375,0.0,0.125,0.0,0.0,0.5,1.0,0.0,0.25,0.75,0.0,1.0,0.5,0.5,0.0,0.0,1.0,0.0,0.0,0.75,0.25,0.0,0.625,0.0,0.375,27.12722676595055,85.14350600469682,0.0,23.9,99.71,0.963124270240725,4.55644505974474
MALAMBO,2023,3,9,8,0.375,0.125,0.125,0.0,0.125,0.0,0.25,0.375,0.0,0.125,0.0,0.0,0.5,1.0,0.0,0.25,0.75,0.0,1.0,0.5,0.5,0.0,0.0,1.0,0.0,0.0,0.75,0.25,0.0,0.625,0.0,0.375,27.12722676595055,85.14350600469682,0.0,19.74,83.01,0.963124270240725,4.55644505974474
MALAMBO,2023,3,10,7,0.1428571428571428,0.2857142857142857,0.0,0.0,0.5714285714285714,0.0,0.0,0.2857142857142857,0.0,0.0,0.0,0.1428571428571428,0.5714285714285714,1.0,0.0,0.5714285714285714,0.4285714285714285,0.0,1.0,0.2857142857142857,0.7142857142857143,0.0,0.0,1.0,0.0,0.0,1.0,0.0,0.0,0.8571428571428571,0.0,0.1428571428571428,27.13589593796505,85.88523828415644,1.308571430189269,23.9,99.71,0.963124270240725,4.55644505974474
MALAMBO,2023,3,10,7,0.1428571428571428,0.2857142857142857,0.0,0.0,0.5714285714285714,0.0,0.0,0.2857142857142857,0.0,0.0,0.0,0.1428571428571428,0.5714285714285714,1.0,0.0,0.5714285714285714,0.4285714285714285,0.0,1.0,0.2857142857142857,0.7142857142857143,0.0,0.0,1.0,0.0,0.0,1.0,0.0,0.0,0.8571428571428571,0.0,0.1428571428571428,27.13589593796505,85.88523828415644,1.308571430189269,19.74,83.01,0.963124270240725,4.55644505974474
MALAMBO,2023,3,11,4,0.75,0.25,0.0,0.0,0.0,0.0,0.0,0.25,0.0,0.0,0.0,0.0,0.75,1.0,0.0,0.0,1.0,0.0,1.0,0.5,0.5,0.0,0.0,1.0,0.0,0.0,1.0,0.0,0.0,0.0,0.0,1.0,27.53443443661646,88.88625226702008,6.636190516608102,23.9,99.71,0.963124270240725,4.55644505974474
MALAMBO,2023,3,11,4,0.75,0.25,0.0,0.0,0.0,0.0,0.0,0.25,0.0,0.0,0.0,0.0,0.75,1.0,0.0,0.0,1.0,0.0,1.0,0.5,0.5,0.0,0.0,1.0,0.0,0.0,1.0,0.0,0.0,0.0,0.0,1.0,27.53443443661646,88.88625226702008,6.636190516608102,19.74,83.01,0.963124270240725,4.55644505974474
MALAMBO,2023,3,12,5,0.2,0.2,0.0,0.0,0.4,0.0,0.2,0.4,0.0,0.0,0.0,0.2,0.4,1.0,0.0,0.4,0.6,0.0,1.0,0.4,0.6,0.0,0.0,1.0,0.0,0.0,1.0,0.0,0.0,0.6,0.0,0.4,27.8315354120164,83.47312418619792,0.1500000011708055,23.9,99.71,0.963124270240725,4.55644505974474
MALAMBO,2023,3,12,5,0.2,0.2,0.0,0.0,0.4,0.0,0.2,0.4,0.0,0.0,0.0,0.2,0.4,1.0,0.0,0.4,0.6,0.0,1.0,0.4,0.6,0.0,0.0,1.0,0.0,0.0,1.0,0.0,0.0,0.6,0.0,0.4,27.8315354120164,83.47312418619792,0.1500000011708055,19.74,83.01,0.963124270240725,4.55644505974474
MALAMBO,2023,4,13,4,0.5,0.0,0.0,0.0,0.5,0.0,0.0,0.25,0.25,0.0,0.0,0.0,0.5,1.0,0.0,0.5,0.5,0.0,1.0,0.25,0.75,0.0,0.0,1.0,0.0,0.0,1.0,0.0,0.0,0.75,0.0,0.25,27.95860988071989,81.92249043782552,1.3847619046767552,23.9,99.71,0.963124270240725,4.55644505974474
MALAMBO,2023,4,13,4,0.5,0.0,0.0,0.0,0.5,0.0,0.0,0.25,0.25,0.0,0.0,0.0,0.5,1.0,0.0,0.5,0.5,0.0,1.0,0.25,0.75,0.0,0.0,1.0,0.0,0.0,1.0,0.0,0.0,0.75,0.0,0.25,27.95860988071989,81.92249043782552,1.3847619046767552,19.74,83.01,0.963124270240725,4.55644505974474
MALAMBO,2023,4,15,5,0.2,0.2,0.0,0.0,0.6,0.0,0.0,0.4,0.0,0.0,0.0,0.2,0.4,1.0,0.0,0.4,0.6,0.0,1.0,1.0,0.0,0.0,0.0,1.0,0.0,0.0,1.0,0.0,0.0,0.4,0.0,0.6,28.205264572870192,84.2437275477818,2.803333339414426,23.9,99.71,0.963124270240725,4.55644505974474
MALAMBO,2023,4,15,5,0.2,0.2,0.0,0.0,0.6,0.0,0.0,0.4,0.0,0.0,0.0,0.2,0.4,1.0,0.0,0.4,0.6,0.0,1.0,1.0,0.0,0.0,0.0,1.0,0.0,0.0,1.0,0.0,0.0,0.4,0.0,0.6,28.205264572870192,84.2437275477818,2.803333339414426,19.74,83.01,0.963124270240725,4.55644505974474
MALAMBO,2023,4,16,1,1.0,0.0,0.0,0.0,0.0,0.0,0.0,0.0,0.0,0.0,0.0,0.0,1.0,1.0,0.0,0.0,1.0,0.0,1.0,0.0,1.0,0.0,0.0,1.0,0.0,0.0,1.0,0.0,0.0,0.0,0.0,1.0,27.52940266927086,86.56046295166016,8.181904746663003,23.9,99.71,0.963124270240725,4.55644505974474
MALAMBO,2023,4,16,1,1.0,0.0,0.0,0.0,0.0,0.0,0.0,0.0,0.0,0.0,0.0,0.0,1.0,1.0,0.0,0.0,1.0,0.0,1.0,0.0,1.0,0.0,0.0,1.0,0.0,0.0,1.0,0.0,0.0,0.0,0.0,1.0,27.52940266927086,86.56046295166016,8.181904746663003,19.74,83.01,0.963124270240725,4.55644505974474
MALAMBO,2023,5,18,3,1.0,0.0,0.0,0.0,0.0,0.0,0.0,0.6666666666666666,0.0,0.0,0.0,0.3333333333333333,0.0,1.0,0.0,0.6666666666666666,0.3333333333333333,0.0,1.0,0.3333333333333333,0.6666666666666666,0.0,0.0,1.0,0.0,0.0,1.0,0.0,0.0,0.6666666666666666,0.0,0.3333333333333333,28.513772583007835,87.2150174095517,7.389523926235381,23.9,99.71,0.963124270240725,4.55644505974474
MALAMBO,2023,5,18,3,1.0,0.0,0.0,0.0,0.0,0.0,0.0,0.6666666666666666,0.0,0.0,0.0,0.3333333333333333,0.0,1.0,0.0,0.6666666666666666,0.3333333333333333,0.0,1.0,0.3333333333333333,0.6666666666666666,0.0,0.0,1.0,0.0,0.0,1.0,0.0,0.0,0.6666666666666666,0.0,0.3333333333333333,28.513772583007835,87.2150174095517,7.389523926235381,19.74,83.01,0.963124270240725,4.55644505974474
MALAMBO,2023,5,20,2,0.0,0.5,0.0,0.0,0.0,0.0,0.5,0.5,0.0,0.5,0.0,0.0,0.0,1.0,0.0,1.0,0.0,0.0,1.0,0.5,0.5,0.0,0.0,1.0,0.0,0.0,1.0,0.0,0.0,0.5,0.0,0.5,28.679015822637663,88.43283916655041,7.156190429947206,23.9,99.71,0.963124270240725,4.55644505974474
MALAMBO,2023,5,20,2,0.0,0.5,0.0,0.0,0.0,0.0,0.5,0.5,0.0,0.5,0.0,0.0,0.0,1.0,0.0,1.0,0.0,0.0,1.0,0.5,0.5,0.0,0.0,1.0,0.0,0.0,1.0,0.0,0.0,0.5,0.0,0.5,28.679015822637663,88.43283916655041,7.156190429947206,19.74,83.01,0.963124270240725,4.55644505974474
MALAMBO,2023,6,21,1,0.0,0.0,0.0,0.0,1.0,0.0,0.0,0.0,0.0,0.0,0.0,0.0,1.0,1.0,0.0,0.0,1.0,0.0,1.0,0.0,1.0,0.0,0.0,1.0,0.0,0.0,1.0,0.0,0.0,0.0,0.0,1.0,28.220798746744816,90.18824223109654,9.06904749643235,23.9,99.71,0.963124270240725,4.55644505974474
MALAMBO,2023,6,21,1,0.0,0.0,0.0,0.0,1.0,0.0,0.0,0.0,0.0,0.0,0.0,0.0,1.0,1.0,0.0,0.0,1.0,0.0,1.0,0.0,1.0,0.0,0.0,1.0,0.0,0.0,1.0,0.0,0.0,0.0,0.0,1.0,28.220798746744816,90.18824223109654,9.06904749643235,19.74,83.01,0.963124270240725,4.55644505974474
MALAMBO,2023,6,22,2,0.0,0.0,0.5,0.0,0.5,0.0,0.0,0.0,0.0,0.0,0.0,0.0,1.0,1.0,0.0,0.5,0.5,0.0,1.0,0.0,1.0,0.0,0.0,1.0,0.0,0.0,1.0,0.0,0.0,0.5,0.0,0.5,28.30958164760047,89.635375613258,24.251904850914364,23.9,99.71,0.963124270240725,4.55644505974474
MALAMBO,2023,6,22,2,0.0,0.0,0.5,0.0,0.5,0.0,0.0,0.0,0.0,0.0,0.0,0.0,1.0,1.0,0.0,0.5,0.5,0.0,1.0,0.0,1.0,0.0,0.0,1.0,0.0,0.0,1.0,0.0,0.0,0.5,0.0,0.5,28.30958164760047,89.635375613258,24.251904850914364,19.74,83.01,0.963124270240725,4.55644505974474
MALAMBO,2023,6,23,1,0.0,0.0,0.0,0.0,1.0,0.0,0.0,0.0,0.0,0.0,0.0,0.0,1.0,1.0,0.0,0.0,1.0,0.0,1.0,1.0,0.0,0.0,0.0,1.0,0.0,0.0,1.0,0.0,0.0,0.0,0.0,1.0,28.19497360956103,89.90360695975167,12.130952494485038,23.9,99.71,0.963124270240725,4.55644505974474
MALAMBO,2023,6,23,1,0.0,0.0,0.0,0.0,1.0,0.0,0.0,0.0,0.0,0.0,0.0,0.0,1.0,1.0,0.0,0.0,1.0,0.0,1.0,1.0,0.0,0.0,0.0,1.0,0.0,0.0,1.0,0.0,0.0,0.0,0.0,1.0,28.19497360956103,89.90360695975167,12.130952494485038,19.74,83.01,0.963124270240725,4.55644505974474
MALAMBO,2023,7,25,2,0.0,0.0,0.0,0.0,1.0,0.0,0.0,0.0,0.0,0.0,0.0,0.0,1.0,1.0,0.0,0.5,0.5,0.0,1.0,0.5,0.5,0.0,0.0,1.0,0.0,0.0,1.0,0.0,0.0,0.0,0.0,1.0,29.015872483026445,89.54228137788319,5.506666656051364,23.9,99.71,0.963124270240725,4.55644505974474
MALAMBO,2023,7,25,2,0.0,0.0,0.0,0.0,1.0,0.0,0.0,0.0,0.0,0.0,0.0,0.0,1.0,1.0,0.0,0.5,0.5,0.0,1.0,0.5,0.5,0.0,0.0,1.0,0.0,0.0,1.0,0.0,0.0,0.0,0.0,1.0,29.015872483026445,89.54228137788319,5.506666656051364,19.74,83.01,0.963124270240725,4.55644505974474
MALAMBO,2023,7,26,2,0.5,0.0,0.0,0.0,0.5,0.0,0.0,0.5,0.0,0.0,0.0,0.0,0.5,1.0,0.0,0.5,0.5,0.0,1.0,1.0,0.0,0.0,0.0,1.0,0.0,0.0,1.0,0.0,0.0,0.0,0.0,1.0,28.54060480026974,90.19807942708334,9.814285579536644,23.9,99.71,0.963124270240725,4.55644505974474
MALAMBO,2023,7,26,2,0.5,0.0,0.0,0.0,0.5,0.0,0.0,0.5,0.0,0.0,0.0,0.0,0.5,1.0,0.0,0.5,0.5,0.0,1.0,1.0,0.0,0.0,0.0,1.0,0.0,0.0,1.0,0.0,0.0,0.0,0.0,1.0,28.54060480026974,90.19807942708334,9.814285579536644,19.74,83.01,0.963124270240725,4.55644505974474
MALAMBO,2023,7,27,3,0.6666666666666666,0.3333333333333333,0.0,0.0,0.0,0.0,0.0,0.3333333333333333,0.0,0.0,0.0,0.0,0.6666666666666666,1.0,0.0,0.3333333333333333,0.6666666666666666,0.0,1.0,0.3333333333333333,0.6666666666666666,0.0,0.0,1.0,0.0,0.0,1.0,0.0,0.0,0.3333333333333333,0.0,0.6666666666666666,27.87578081403462,91.9030046008882,10.613809699103944,23.9,99.71,0.963124270240725,4.55644505974474
MALAMBO,2023,7,27,3,0.6666666666666666,0.3333333333333333,0.0,0.0,0.0,0.0,0.0,0.3333333333333333,0.0,0.0,0.0,0.0,0.6666666666666666,1.0,0.0,0.3333333333333333,0.6666666666666666,0.0,1.0,0.3333333333333333,0.6666666666666666,0.0,0.0,1.0,0.0,0.0,1.0,0.0,0.0,0.3333333333333333,0.0,0.6666666666666666,27.87578081403462,91.9030046008882,10.613809699103944,19.74,83.01,0.963124270240725,4.55644505974474
MALAMBO,2023,7,28,1,0.0,0.0,0.0,0.0,1.0,0.0,0.0,0.0,0.0,0.0,0.0,0.0,1.0,1.0,0.0,1.0,0.0,0.0,1.0,1.0,0.0,0.0,0.0,1.0,0.0,0.0,0.0,1.0,0.0,1.0,0.0,0.0,28.574424089704276,89.36567143031529,1.3642856950561206,23.9,99.71,0.963124270240725,4.55644505974474
MALAMBO,2023,7,28,1,0.0,0.0,0.0,0.0,1.0,0.0,0.0,0.0,0.0,0.0,0.0,0.0,1.0,1.0,0.0,1.0,0.0,0.0,1.0,1.0,0.0,0.0,0.0,1.0,0.0,0.0,0.0,1.0,0.0,1.0,0.0,0.0,28.574424089704276,89.36567143031529,1.3642856950561206,19.74,83.01,0.963124270240725,4.55644505974474
MALAMBO,2023,8,29,4,0.5,0.0,0.25,0.0,0.25,0.0,0.0,0.0,0.0,0.0,0.0,0.0,1.0,1.0,0.0,0.0,1.0,0.0,1.0,0.5,0.5,0.0,0.0,1.0,0.0,0.0,1.0,0.0,0.0,1.0,0.0,0.0,28.71989411853611,90.25533585321334,2.1104761891599213,23.9,99.71,0.963124270240725,4.55644505974474
MALAMBO,2023,8,29,4,0.5,0.0,0.25,0.0,0.25,0.0,0.0,0.0,0.0,0.0,0.0,0.0,1.0,1.0,0.0,0.0,1.0,0.0,1.0,0.5,0.5,0.0,0.0,1.0,0.0,0.0,1.0,0.0,0.0,1.0,0.0,0.0,28.71989411853611,90.25533585321334,2.1104761891599213,19.74,83.01,0.963124270240725,4.55644505974474
MALAMBO,2023,8,30,1,1.0,0.0,0.0,0.0,0.0,0.0,0.0,0.0,0.0,0.0,0.0,0.0,1.0,1.0,0.0,0.0,1.0,0.0,1.0,0.0,1.0,0.0,0.0,1.0,0.0,0.0,1.0,0.0,0.0,0.0,0.0,1.0,28.296073259626137,91.2738727387928,6.56904770150071,23.9,99.71,0.963124270240725,4.55644505974474
MALAMBO,2023,8,30,1,1.0,0.0,0.0,0.0,0.0,0.0,0.0,0.0,0.0,0.0,0.0,0.0,1.0,1.0,0.0,0.0,1.0,0.0,1.0,0.0,1.0,0.0,0.0,1.0,0.0,0.0,1.0,0.0,0.0,0.0,0.0,1.0,28.296073259626137,91.2738727387928,6.56904770150071,19.74,83.01,0.963124270240725,4.55644505974474
MALAMBO,2023,8,31,4,0.25,0.75,0.0,0.0,0.0,0.0,0.0,0.0,0.0,0.0,0.0,0.75,0.25,1.0,0.0,0.25,0.75,0.0,1.0,0.5,0.5,0.0,0.0,1.0,0.0,0.0,1.0,0.0,0.0,0.25,0.0,0.75,28.58494611467636,91.97650945754278,2.636666640284516,23.9,99.71,0.963124270240725,4.55644505974474
MALAMBO,2023,8,31,4,0.25,0.75,0.0,0.0,0.0,0.0,0.0,0.0,0.0,0.0,0.0,0.75,0.25,1.0,0.0,0.25,0.75,0.0,1.0,0.5,0.5,0.0,0.0,1.0,0.0,0.0,1.0,0.0,0.0,0.25,0.0,0.75,28.58494611467636,91.97650945754278,2.636666640284516,19.74,83.01,0.963124270240725,4.55644505974474
MALAMBO,2023,8,32,1,0.0,1.0,0.0,0.0,0.0,0.0,0.0,1.0,0.0,0.0,0.0,0.0,0.0,1.0,0.0,1.0,0.0,0.0,1.0,1.0,0.0,0.0,0.0,1.0,0.0,0.0,1.0,0.0,0.0,1.0,0.0,0.0,28.27714800153462,92.48512994675409,3.781904722963061,23.9,99.71,0.963124270240725,4.55644505974474
MALAMBO,2023,8,32,1,0.0,1.0,0.0,0.0,0.0,0.0,0.0,1.0,0.0,0.0,0.0,0.0,0.0,1.0,0.0,1.0,0.0,0.0,1.0,1.0,0.0,0.0,0.0,1.0,0.0,0.0,1.0,0.0,0.0,1.0,0.0,0.0,28.27714800153462,92.48512994675409,3.781904722963061,19.74,83.01,0.963124270240725,4.55644505974474
MALAMBO,2023,9,33,7,0.1428571428571428,0.7142857142857143,0.0,0.0,0.1428571428571428,0.0,0.0,0.4285714285714285,0.0,0.0,0.0,0.1428571428571428,0.4285714285714285,1.0,0.0,0.2857142857142857,0.7142857142857143,0.0,1.0,0.2857142857142857,0.7142857142857143,0.0,0.0,1.0,0.0,0.0,1.0,0.0,0.0,0.2857142857142857,0.0,0.7142857142857143,27.989737810407387,92.8014391944522,4.639523737487338,23.9,99.71,0.963124270240725,4.55644505974474
MALAMBO,2023,9,33,7,0.1428571428571428,0.7142857142857143,0.0,0.0,0.1428571428571428,0.0,0.0,0.4285714285714285,0.0,0.0,0.0,0.1428571428571428,0.4285714285714285,1.0,0.0,0.2857142857142857,0.7142857142857143,0.0,1.0,0.2857142857142857,0.7142857142857143,0.0,0.0,1.0,0.0,0.0,1.0,0.0,0.0,0.2857142857142857,0.0,0.7142857142857143,27.989737810407387,92.8014391944522,4.639523737487338,19.74,83.01,0.963124270240725,4.55644505974474
MALAMBO,2023,9,34,2,0.0,0.5,0.0,0.0,0.0,0.5,0.0,0.5,0.0,0.0,0.0,0.5,0.0,1.0,0.0,0.5,0.5,0.0,1.0,0.0,1.0,0.0,0.0,1.0,0.0,0.0,1.0,0.0,0.0,0.5,0.0,0.5,27.70625348772324,93.2928444998605,9.57190477848053,23.9,99.71,0.963124270240725,4.55644505974474
MALAMBO,2023,9,34,2,0.0,0.5,0.0,0.0,0.0,0.5,0.0,0.5,0.0,0.0,0.0,0.5,0.0,1.0,0.0,0.5,0.5,0.0,1.0,0.0,1.0,0.0,0.0,1.0,0.0,0.0,1.0,0.0,0.0,0.5,0.0,0.5,27.70625348772324,93.2928444998605,9.57190477848053,19.74,83.01,0.963124270240725,4.55644505974474
MALAMBO,2023,9,35,3,0.3333333333333333,0.3333333333333333,0.0,0.0,0.0,0.0,0.3333333333333333,0.0,0.0,0.0,0.0,0.0,1.0,1.0,0.0,0.0,1.0,0.0,1.0,0.3333333333333333,0.6666666666666666,0.0,0.0,1.0,0.0,0.0,1.0,0.0,0.0,0.0,0.0,1.0,28.75091233026416,91.7928481329055,4.232857088957514,23.9,99.71,0.963124270240725,4.55644505974474
MALAMBO,2023,9,35,3,0.3333333333333333,0.3333333333333333,0.0,0.0,0.0,0.0,0.3333333333333333,0.0,0.0,0.0,0.0,0.0,1.0,1.0,0.0,0.0,1.0,0.0,1.0,0.3333333333333333,0.6666666666666666,0.0,0.0,1.0,0.0,0.0,1.0,0.0,0.0,0.0,0.0,1.0,28.75091233026416,91.7928481329055,4.232857088957514,19.74,83.01,0.963124270240725,4.55644505974474
MALAMBO,2023,9,36,2,1.0,0.0,0.0,0.0,0.0,0.0,0.0,0.0,0.0,0.0,0.0,0.0,1.0,1.0,0.0,1.0,0.0,0.0,1.0,0.5,0.5,0.0,0.0,1.0,0.0,0.0,1.0,0.0,0.0,0.0,0.0,1.0,28.034028988792805,92.98371087937127,4.837619010891233,23.9,99.71,0.963124270240725,4.55644505974474
MALAMBO,2023,9,36,2,1.0,0.0,0.0,0.0,0.0,0.0,0.0,0.0,0.0,0.0,0.0,0.0,1.0,1.0,0.0,1.0,0.0,0.0,1.0,0.5,0.5,0.0,0.0,1.0,0.0,0.0,1.0,0.0,0.0,0.0,0.0,1.0,28.034028988792805,92.98371087937127,4.837619010891233,19.74,83.01,0.963124270240725,4.55644505974474
MALAMBO,2023,10,37,5,0.4,0.6,0.0,0.0,0.0,0.0,0.0,0.0,0.0,0.0,0.0,0.0,1.0,1.0,0.0,0.4,0.6,0.0,1.0,0.2,0.8,0.0,0.0,1.0,0.0,0.0,1.0,0.0,0.0,0.2,0.0,0.8,28.1503590901693,93.27655101957777,2.5147618991988048,23.9,99.71,0.963124270240725,4.55644505974474
MALAMBO,2023,10,37,5,0.4,0.6,0.0,0.0,0.0,0.0,0.0,0.0,0.0,0.0,0.0,0.0,1.0,1.0,0.0,0.4,0.6,0.0,1.0,0.2,0.8,0.0,0.0,1.0,0.0,0.0,1.0,0.0,0.0,0.2,0.0,0.8,28.1503590901693,93.27655101957777,2.5147618991988048,19.74,83.01,0.963124270240725,4.55644505974474
MALAMBO,2023,10,38,3,0.6666666666666666,0.0,0.0,0.0,0.3333333333333333,0.0,0.0,0.3333333333333333,0.0,0.0,0.0,0.0,0.6666666666666666,1.0,0.0,0.3333333333333333,0.6666666666666666,0.0,1.0,0.3333333333333333,0.6666666666666666,0.0,0.0,1.0,0.0,0.0,1.0,0.0,0.0,0.0,0.0,1.0,28.288233875093024,91.92818777901786,5.737619082132976,23.9,99.71,0.963124270240725,4.55644505974474
MALAMBO,2023,10,38,3,0.6666666666666666,0.0,0.0,0.0,0.3333333333333333,0.0,0.0,0.3333333333333333,0.0,0.0,0.0,0.0,0.6666666666666666,1.0,0.0,0.3333333333333333,0.6666666666666666,0.0,1.0,0.3333333333333333,0.6666666666666666,0.0,0.0,1.0,0.0,0.0,1.0,0.0,0.0,0.0,0.0,1.0,28.288233875093024,91.92818777901786,5.737619082132976,19.74,83.01,0.963124270240725,4.55644505974474
MALAMBO,2023,10,39,1,1.0,0.0,0.0,0.0,0.0,0.0,0.0,0.0,0.0,0.0,0.0,0.0,1.0,1.0,0.0,0.0,1.0,0.0,1.0,0.0,1.0,0.0,0.0,1.0,0.0,0.0,1.0,0.0,0.0,0.0,0.0,1.0,28.14709516252793,94.317988441104,6.60095230738322,23.9,99.71,0.963124270240725,4.55644505974474
MALAMBO,2023,10,39,1,1.0,0.0,0.0,0.0,0.0,0.0,0.0,0.0,0.0,0.0,0.0,0.0,1.0,1.0,0.0,0.0,1.0,0.0,1.0,0.0,1.0,0.0,0.0,1.0,0.0,0.0,1.0,0.0,0.0,0.0,0.0,1.0,28.14709516252793,94.317988441104,6.60095230738322,19.74,83.01,0.963124270240725,4.55644505974474
MALAMBO,2023,10,40,3,0.6666666666666666,0.0,0.0,0.0,0.0,0.3333333333333333,0.0,0.6666666666666666,0.0,0.0,0.0,0.0,0.3333333333333333,1.0,0.0,0.3333333333333333,0.6666666666666666,0.0,1.0,0.6666666666666666,0.3333333333333333,0.0,0.0,1.0,0.0,0.0,1.0,0.0,0.0,0.3333333333333333,0.0,0.6666666666666666,27.736016845703144,93.42698378789991,13.21714276359195,23.9,99.71,0.963124270240725,4.55644505974474
MALAMBO,2023,10,40,3,0.6666666666666666,0.0,0.0,0.0,0.0,0.3333333333333333,0.0,0.6666666666666666,0.0,0.0,0.0,0.0,0.3333333333333333,1.0,0.0,0.3333333333333333,0.6666666666666666,0.0,1.0,0.6666666666666666,0.3333333333333333,0.0,0.0,1.0,0.0,0.0,1.0,0.0,0.0,0.3333333333333333,0.0,0.6666666666666666,27.736016845703144,93.42698378789991,13.21714276359195,19.74,83.01,0.963124270240725,4.55644505974474
MALAMBO,2023,11,41,4,0.0,0.75,0.25,0.0,0.0,0.0,0.0,0.25,0.0,0.0,0.0,0.0,0.75,1.0,0.0,0.5,0.5,0.0,1.0,0.5,0.5,0.0,0.0,1.0,0.0,0.0,1.0,0.0,0.0,0.0,0.0,1.0,27.86028587704616,93.04342397054036,8.01904765197209,23.9,99.71,0.963124270240725,4.55644505974474
MALAMBO,2023,11,41,4,0.0,0.75,0.25,0.0,0.0,0.0,0.0,0.25,0.0,0.0,0.0,0.0,0.75,1.0,0.0,0.5,0.5,0.0,1.0,0.5,0.5,0.0,0.0,1.0,0.0,0.0,1.0,0.0,0.0,0.0,0.0,1.0,27.86028587704616,93.04342397054036,8.01904765197209,19.74,83.01,0.963124270240725,4.55644505974474
MALAMBO,2023,11,42,1,1.0,0.0,0.0,0.0,0.0,0.0,0.0,0.0,0.0,0.0,0.0,0.0,1.0,1.0,0.0,0.0,1.0,0.0,1.0,1.0,0.0,0.0,0.0,1.0,0.0,0.0,1.0,0.0,0.0,1.0,0.0,0.0,27.827456955682692,92.97104136149088,7.329999889646258,23.9,99.71,0.963124270240725,4.55644505974474
MALAMBO,2023,11,42,1,1.0,0.0,0.0,0.0,0.0,0.0,0.0,0.0,0.0,0.0,0.0,0.0,1.0,1.0,0.0,0.0,1.0,0.0,1.0,1.0,0.0,0.0,0.0,1.0,0.0,0.0,1.0,0.0,0.0,1.0,0.0,0.0,27.827456955682692,92.97104136149088,7.329999889646258,19.74,83.01,0.963124270240725,4.55644505974474
MALAMBO,2023,11,43,1,1.0,0.0,0.0,0.0,0.0,0.0,0.0,0.0,0.0,0.0,0.0,0.0,1.0,1.0,0.0,0.0,1.0,0.0,1.0,1.0,0.0,0.0,0.0,1.0,0.0,0.0,1.0,0.0,0.0,0.0,0.0,1.0,27.056031436011928,93.54444340297154,18.462380761191955,23.9,99.71,0.963124270240725,4.55644505974474
MALAMBO,2023,11,43,1,1.0,0.0,0.0,0.0,0.0,0.0,0.0,0.0,0.0,0.0,0.0,0.0,1.0,1.0,0.0,0.0,1.0,0.0,1.0,1.0,0.0,0.0,0.0,1.0,0.0,0.0,1.0,0.0,0.0,0.0,0.0,1.0,27.056031436011928,93.54444340297154,18.462380761191955,19.74,83.01,0.963124270240725,4.55644505974474
MALAMBO,2023,12,45,2,0.0,0.5,0.0,0.0,0.5,0.0,0.0,0.0,0.0,0.0,0.0,0.0,1.0,1.0,0.0,0.0,1.0,0.0,1.0,0.5,0.5,0.0,0.0,1.0,0.0,0.0,1.0,0.0,0.0,0.5,0.0,0.5,28.270748756045407,92.4570799328032,3.14428574698312,23.9,99.71,0.963124270240725,4.55644505974474
MALAMBO,2023,12,45,2,0.0,0.5,0.0,0.0,0.5,0.0,0.0,0.0,0.0,0.0,0.0,0.0,1.0,1.0,0.0,0.0,1.0,0.0,1.0,0.5,0.5,0.0,0.0,1.0,0.0,0.0,1.0,0.0,0.0,0.5,0.0,0.5,28.270748756045407,92.4570799328032,3.14428574698312,19.74,83.01,0.963124270240725,4.55644505974474
MALAMBO,2023,12,46,1,0.0,1.0,0.0,0.0,0.0,0.0,0.0,0.0,0.0,0.0,0.0,0.0,1.0,1.0,0.0,0.0,1.0,0.0,1.0,1.0,0.0,0.0,0.0,1.0,0.0,0.0,1.0,0.0,0.0,0.0,0.0,1.0,27.785321626209093,92.28617459251768,7.7542857726415,23.9,99.71,0.963124270240725,4.55644505974474
MALAMBO,2023,12,46,1,0.0,1.0,0.0,0.0,0.0,0.0,0.0,0.0,0.0,0.0,0.0,0.0,1.0,1.0,0.0,0.0,1.0,0.0,1.0,1.0,0.0,0.0,0.0,1.0,0.0,0.0,1.0,0.0,0.0,0.0,0.0,1.0,27.785321626209093,92.28617459251768,7.7542857726415,19.74,83.01,0.963124270240725,4.55644505974474
MALAMBO,2023,12,47,1,1.0,0.0,0.0,0.0,0.0,0.0,0.0,1.0,0.0,0.0,0.0,0.0,0.0,1.0,0.0,0.0,1.0,0.0,1.0,0.0,1.0,0.0,0.0,1.0,0.0,0.0,1.0,0.0,0.0,0.0,0.0,1.0,27.270231410435287,92.39492797851562,6.906666698909942,23.9,99.71,0.963124270240725,4.55644505974474
MALAMBO,2023,12,47,1,1.0,0.0,0.0,0.0,0.0,0.0,0.0,1.0,0.0,0.0,0.0,0.0,0.0,1.0,0.0,0.0,1.0,0.0,1.0,0.0,1.0,0.0,0.0,1.0,0.0,0.0,1.0,0.0,0.0,0.0,0.0,1.0,27.270231410435287,92.39492797851562,6.906666698909942,19.74,83.01,0.963124270240725,4.55644505974474
MALAMBO,2023,12,48,2,0.0,0.5,0.0,0.0,0.5,0.0,0.0,0.5,0.0,0.0,0.0,0.0,0.5,1.0,0.0,0.5,0.5,0.0,1.0,0.0,1.0,0.0,0.0,1.0,0.0,0.0,1.0,0.0,0.0,1.0,0.0,0.0,28.09326288132443,88.73716263543993,3.1476191356778145,23.9,99.71,0.963124270240725,4.55644505974474
MALAMBO,2023,12,48,2,0.0,0.5,0.0,0.0,0.5,0.0,0.0,0.5,0.0,0.0,0.0,0.0,0.5,1.0,0.0,0.5,0.5,0.0,1.0,0.0,1.0,0.0,0.0,1.0,0.0,0.0,1.0,0.0,0.0,1.0,0.0,0.0,28.09326288132443,88.73716263543993,3.1476191356778145,19.74,83.01,0.963124270240725,4.55644505974474
MALAMBO,2023,13,50,4,0.5,0.5,0.0,0.0,0.0,0.0,0.0,0.25,0.0,0.0,0.0,0.0,0.75,1.0,0.0,0.25,0.75,0.0,1.0,0.5,0.5,0.0,0.0,1.0,0.0,0.0,0.75,0.0,0.25,0.75,0.0,0.25,27.965737188430086,88.38939957391649,1.7980952324079615,23.9,99.71,0.963124270240725,4.55644505974474
MALAMBO,2023,13,50,4,0.5,0.5,0.0,0.0,0.0,0.0,0.0,0.25,0.0,0.0,0.0,0.0,0.75,1.0,0.0,0.25,0.75,0.0,1.0,0.5,0.5,0.0,0.0,1.0,0.0,0.0,0.75,0.0,0.25,0.75,0.0,0.25,27.965737188430086,88.38939957391649,1.7980952324079615,19.74,83.01,0.963124270240725,4.55644505974474
MALAMBO,2023,13,51,2,1.0,0.0,0.0,0.0,0.0,0.0,0.0,0.0,0.0,0.0,0.0,0.0,1.0,1.0,0.0,0.5,0.5,0.0,1.0,0.0,1.0,0.0,0.0,1.0,0.0,0.0,1.0,0.0,0.0,0.5,0.0,0.5,27.79817824590776,90.49253954206196,14.22523809437241,23.9,99.71,0.963124270240725,4.55644505974474
MALAMBO,2023,13,51,2,1.0,0.0,0.0,0.0,0.0,0.0,0.0,0.0,0.0,0.0,0.0,0.0,1.0,1.0,0.0,0.5,0.5,0.0,1.0,0.0,1.0,0.0,0.0,1.0,0.0,0.0,1.0,0.0,0.0,0.5,0.0,0.5,27.79817824590776,90.49253954206196,14.22523809437241,19.74,83.01,0.963124270240725,4.55644505974474
MANATÍ,2017,10,37,1,0.0,1.0,0.0,0.0,0.0,0.0,0.0,0.0,0.0,0.0,0.0,0.0,1.0,1.0,0.0,0.0,1.0,0.0,1.0,1.0,0.0,0.0,0.0,0.0,0.0,1.0,1.0,0.0,0.0,0.0,0.0,1.0,27.61827566964288,91.69512939453124,6.225714257785252,23.4669015510344,98.06925533232577,1.595381567945146,5.478245445148
MANATÍ,2017,12,45,1,1.0,0.0,0.0,0.0,0.0,0.0,0.0,0.0,0.0,0.0,0.0,0.0,1.0,1.0,0.0,0.0,1.0,0.0,1.0,0.0,1.0,0.0,0.0,0.0,0.0,1.0,1.0,0.0,0.0,0.0,0.0,1.0,27.13715079171318,90.0423115321568,5.871428540774754,23.4669015510344,98.06925533232577,1.595381567945146,5.478245445148
MANATÍ,2017,12,48,1,0.0,1.0,0.0,0.0,0.0,0.0,0.0,0.0,0.0,0.0,0.0,1.0,0.0,1.0,0.0,1.0,0.0,0.0,1.0,1.0,0.0,0.0,0.0,0.0,0.0,1.0,1.0,0.0,0.0,0.0,0.0,1.0,28.07931562151229,90.67358289446148,16.034285715648107,23.4669015510344,98.06925533232577,1.595381567945146,5.478245445148
MANATÍ,2017,13,52,1,0.0,1.0,0.0,0.0,0.0,0.0,0.0,1.0,0.0,0.0,0.0,0.0,0.0,1.0,0.0,1.0,0.0,0.0,1.0,1.0,0.0,0.0,0.0,0.0,0.0,1.0,1.0,0.0,0.0,0.0,0.0,1.0,27.702227347237745,88.40768759591239,7.081428595951626,23.4669015510344,98.06925533232577,1.595381567945146,5.478245445148
MANATÍ,2018,1,2,2,0.0,0.0,0.0,0.0,0.0,0.0,1.0,0.0,0.0,0.0,0.0,1.0,0.0,1.0,0.0,0.0,1.0,0.0,1.0,1.0,0.0,0.0,0.0,0.0,0.0,1.0,1.0,0.0,0.0,0.0,0.0,1.0,27.352650669642863,90.7398452758789,3.3042857476643155,22.07,92.74,1.595381567945146,5.478245445148
MANATÍ,2018,11,42,1,0.0,0.0,0.0,0.0,0.0,0.0,1.0,1.0,0.0,0.0,0.0,0.0,0.0,1.0,0.0,0.0,1.0,0.0,1.0,1.0,0.0,0.0,0.0,0.0,0.0,1.0,1.0,0.0,0.0,0.0,0.0,1.0,27.51597638811385,90.38137926374164,8.071428677865438,22.07,92.74,1.595381567945146,5.478245445148
MANATÍ,2018,11,44,1,0.0,0.0,0.0,0.0,0.0,0.0,1.0,0.0,0.0,0.0,0.0,0.0,1.0,1.0,0.0,0.0,1.0,0.0,1.0,1.0,0.0,0.0,0.0,0.0,0.0,1.0,1.0,0.0,0.0,0.0,0.0,1.0,27.75948268345425,90.15213230678012,7.447142941611154,22.07,92.74,1.595381567945146,5.478245445148
MANATÍ,2019,3,9,2,0.0,0.5,0.0,0.0,0.0,0.0,0.5,0.0,0.0,0.0,0.0,0.5,0.5,1.0,0.0,0.0,1.0,0.0,1.0,0.0,1.0,0.0,0.0,0.0,0.0,1.0,0.5,0.5,0.0,0.0,0.0,1.0,29.154543631417425,82.08533041817802,3.154285720416478,22.75,95.6,1.595381567945146,5.478245445148
MANATÍ,2019,5,18,1,0.0,0.0,0.0,0.0,0.0,0.0,1.0,0.0,0.0,0.0,0.0,0.0,1.0,1.0,0.0,0.0,1.0,0.0,1.0,0.0,1.0,0.0,0.0,0.0,0.0,1.0,1.0,0.0,0.0,0.0,0.0,1.0,30.28499101911274,83.71490042550224,1.459999978542328,22.75,95.6,1.595381567945146,5.478245445148
MANATÍ,2019,5,20,3,0.0,0.0,0.0,0.0,0.6666666666666666,0.0,0.3333333333333333,0.0,0.0,0.0,0.0,0.0,1.0,1.0,0.0,0.0,1.0,0.0,1.0,0.3333333333333333,0.6666666666666666,0.0,0.0,0.0,0.0,1.0,1.0,0.0,0.0,0.0,0.0,1.0,28.29221932547435,87.62620217459542,7.469999960490635,22.75,95.6,1.595381567945146,5.478245445148
MANATÍ,2019,7,26,2,0.5,0.0,0.0,0.0,0.0,0.5,0.0,0.0,0.0,0.0,0.0,0.0,1.0,1.0,0.0,1.0,0.0,0.0,1.0,0.0,1.0,0.0,0.0,0.0,0.0,1.0,1.0,0.0,0.0,0.0,0.0,1.0,29.489846801757828,87.76770128522601,7.991428511483329,22.75,95.6,1.595381567945146,5.478245445148
MANATÍ,2019,7,27,3,0.6666666666666666,0.0,0.0,0.0,0.0,0.0,0.3333333333333333,0.3333333333333333,0.0,0.0,0.0,0.0,0.6666666666666666,1.0,0.0,0.3333333333333333,0.6666666666666666,0.0,1.0,0.3333333333333333,0.6666666666666666,0.0,0.0,0.0,0.0,1.0,1.0,0.0,0.0,0.0,0.0,1.0,29.863334001813637,86.82614462716239,1.5457142373280863,22.75,95.6,1.595381567945146,5.478245445148
MANATÍ,2019,7,28,5,0.4,0.0,0.0,0.0,0.2,0.0,0.4,0.0,0.0,0.0,0.0,0.2,0.8,1.0,0.0,0.0,1.0,0.0,1.0,0.2,0.8,0.0,0.0,0.0,0.0,1.0,1.0,0.0,0.0,0.2,0.0,0.8,28.929116821289075,87.81601824079242,4.514285726206643,22.75,95.6,1.595381567945146,5.478245445148
MANATÍ,2019,8,29,2,1.0,0.0,0.0,0.0,0.0,0.0,0.0,0.5,0.0,0.0,0.0,0.0,0.5,1.0,0.0,0.0,1.0,0.0,1.0,1.0,0.0,0.0,0.0,0.0,0.0,1.0,1.0,0.0,0.0,0.0,0.0,1.0,29.97447684151788,87.83468409946987,3.007142849532621,22.75,95.6,1.595381567945146,5.478245445148
MANATÍ,2019,8,30,2,1.0,0.0,0.0,0.0,0.0,0.0,0.0,0.0,0.0,0.0,0.0,0.0,1.0,1.0,0.0,1.0,0.0,0.0,1.0,0.0,1.0,0.0,0.0,0.0,0.0,1.0,1.0,0.0,0.0,0.0,0.0,1.0,29.003993879045776,88.66475241524833,5.3999999676431925,22.75,95.6,1.595381567945146,5.478245445148
MANATÍ,2019,8,31,3,0.3333333333333333,0.3333333333333333,0.0,0.0,0.3333333333333333,0.0,0.0,0.0,0.0,0.0,0.0,0.0,1.0,0.6666666666666666,0.3333333333333333,0.0,1.0,0.0,1.0,0.3333333333333333,0.6666666666666666,0.0,0.0,0.0,0.0,1.0,1.0,0.0,0.0,0.0,0.0,1.0,29.54129507882256,88.57189614432198,2.922857150435448,22.75,95.6,1.595381567945146,5.478245445148
MANATÍ,2019,8,32,3,0.3333333333333333,0.3333333333333333,0.0,0.0,0.3333333333333333,0.0,0.0,0.0,0.0,0.0,0.0,0.0,1.0,1.0,0.0,0.0,1.0,0.0,1.0,0.6666666666666666,0.3333333333333333,0.0,0.0,0.0,0.0,1.0,0.6666666666666666,0.3333333333333333,0.0,0.3333333333333333,0.0,0.6666666666666666,29.659783935546898,88.64135415213448,7.714285714285714,22.75,95.6,1.595381567945146,5.478245445148
MANATÍ,2019,9,33,2,1.0,0.0,0.0,0.0,0.0,0.0,0.0,0.0,0.0,0.0,0.0,0.0,1.0,1.0,0.0,0.5,0.5,0.0,1.0,0.5,0.5,0.0,0.0,0.0,0.0,1.0,1.0,0.0,0.0,0.0,0.0,1.0,28.47053571428573,90.09456307547433,9.338571531432017,22.75,95.6,1.595381567945146,5.478245445148
MANATÍ,2019,9,34,3,0.0,0.0,0.0,0.0,0.3333333333333333,0.0,0.6666666666666666,0.3333333333333333,0.0,0.0,0.0,0.0,0.6666666666666666,1.0,0.0,0.6666666666666666,0.3333333333333333,0.0,1.0,0.6666666666666666,0.3333333333333333,0.0,0.0,0.0,0.0,1.0,1.0,0.0,0.0,0.0,0.0,1.0,29.02396109444756,91.26053074428012,2.821428563977991,22.75,95.6,1.595381567945146,5.478245445148
MANATÍ,2019,9,35,1,0.0,0.0,0.0,0.0,0.0,0.0,1.0,0.0,0.0,0.0,0.0,0.0,1.0,1.0,0.0,0.0,1.0,0.0,1.0,0.0,1.0,0.0,0.0,0.0,0.0,1.0,1.0,0.0,0.0,0.0,0.0,1.0,29.23189697265627,89.11610085623605,10.524285165326935,22.75,95.6,1.595381567945146,5.478245445148
MANATÍ,2019,9,36,1,0.0,1.0,0.0,0.0,0.0,0.0,0.0,0.0,0.0,0.0,0.0,0.0,1.0,1.0,0.0,1.0,0.0,0.0,1.0,1.0,0.0,0.0,0.0,0.0,0.0,1.0,1.0,0.0,0.0,0.0,0.0,1.0,29.125913783482165,90.42965262276786,2.475714291845049,22.75,95.6,1.595381567945146,5.478245445148
MANATÍ,2019,10,37,1,1.0,0.0,0.0,0.0,0.0,0.0,0.0,0.0,0.0,0.0,0.0,0.0,1.0,1.0,0.0,1.0,0.0,0.0,1.0,1.0,0.0,0.0,0.0,0.0,0.0,1.0,1.0,0.0,0.0,0.0,0.0,1.0,29.4274361746652,89.08026341029576,2.915714305426393,22.75,95.6,1.595381567945146,5.478245445148
MANATÍ,2019,10,40,2,0.0,0.0,0.0,0.0,0.0,0.0,1.0,0.0,0.0,0.0,0.0,0.0,1.0,1.0,0.0,0.5,0.5,0.0,1.0,0.5,0.5,0.0,0.0,0.0,0.0,1.0,0.5,0.5,0.0,0.0,0.0,1.0,27.288670567103814,91.6067352294922,4.945714371544974,22.75,95.6,1.595381567945146,5.478245445148
MANATÍ,2019,11,42,1,1.0,0.0,0.0,0.0,0.0,0.0,0.0,0.0,0.0,0.0,0.0,0.0,1.0,1.0,0.0,1.0,0.0,0.0,1.0,0.0,1.0,0.0,0.0,0.0,0.0,1.0,1.0,0.0,0.0,0.0,0.0,1.0,27.224315534319214,90.95535278320312,9.388571568897792,22.75,95.6,1.595381567945146,5.478245445148
MANATÍ,2019,11,43,2,0.5,0.0,0.0,0.0,0.5,0.0,0.0,0.0,0.0,0.0,0.0,0.0,1.0,1.0,0.0,0.5,0.5,0.0,1.0,0.0,1.0,0.0,0.0,0.0,0.0,1.0,1.0,0.0,0.0,0.0,0.0,1.0,27.322109113420776,91.33937399727958,3.0657142869063785,22.75,95.6,1.595381567945146,5.478245445148
MANATÍ,2019,11,44,1,1.0,0.0,0.0,0.0,0.0,0.0,0.0,0.0,0.0,0.0,0.0,0.0,1.0,1.0,0.0,0.0,1.0,0.0,1.0,1.0,0.0,0.0,0.0,0.0,0.0,1.0,1.0,0.0,0.0,0.0,0.0,1.0,27.72560817173549,90.54372732979913,3.6599999921662474,22.75,95.6,1.595381567945146,5.478245445148
MANATÍ,2019,12,45,1,0.0,1.0,0.0,0.0,0.0,0.0,0.0,1.0,0.0,0.0,0.0,0.0,0.0,1.0,0.0,0.0,1.0,0.0,1.0,0.0,1.0,0.0,0.0,0.0,0.0,1.0,1.0,0.0,0.0,0.0,0.0,1.0,27.9922293526786,89.89388384137835,6.468571398939405,22.75,95.6,1.595381567945146,5.478245445148
MANATÍ,2019,12,46,6,0.8333333333333334,0.1666666666666666,0.0,0.0,0.0,0.0,0.0,0.0,0.0,0.0,0.0,0.0,1.0,1.0,0.0,0.5,0.5,0.0,1.0,0.5,0.5,0.0,0.0,0.0,0.0,1.0,0.8333333333333334,0.1666666666666666,0.0,0.0,0.0,1.0,27.346939522879477,91.30656324114118,2.5357142942292348,22.75,95.6,1.595381567945146,5.478245445148
MANATÍ,2019,12,48,1,0.0,1.0,0.0,0.0,0.0,0.0,0.0,0.0,0.0,0.0,0.0,0.0,1.0,1.0,0.0,0.0,1.0,0.0,1.0,0.0,1.0,0.0,0.0,0.0,0.0,1.0,1.0,0.0,0.0,0.0,0.0,1.0,28.46226109095985,88.67217581612724,13.365714294569832,22.75,95.6,1.595381567945146,5.478245445148
MANATÍ,2019,13,49,1,1.0,0.0,0.0,0.0,0.0,0.0,0.0,0.0,0.0,0.0,0.0,0.0,1.0,1.0,0.0,0.0,1.0,0.0,1.0,0.0,1.0,0.0,0.0,0.0,0.0,1.0,1.0,0.0,0.0,0.0,0.0,1.0,28.199131992885064,90.67186192103794,2.878571374075753,22.75,95.6,1.595381567945146,5.478245445148
MANATÍ,2020,5,18,1,0.0,1.0,0.0,0.0,0.0,0.0,0.0,0.0,0.0,0.0,0.0,0.0,1.0,1.0,0.0,1.0,0.0,0.0,1.0,1.0,0.0,0.0,0.0,0.0,0.0,1.0,1.0,0.0,0.0,0.0,0.0,1.0,30.001057652064752,84.03465597970145,3.07000001839229,24.0,100.0,1.595381567945146,5.478245445148
MANATÍ,2020,8,31,1,0.0,1.0,0.0,0.0,0.0,0.0,0.0,0.0,0.0,0.0,0.0,0.0,1.0,1.0,0.0,1.0,0.0,0.0,1.0,1.0,0.0,0.0,0.0,0.0,0.0,1.0,1.0,0.0,0.0,0.0,0.0,1.0,28.71057390485493,91.06754084995816,4.889999968664987,24.0,100.0,1.595381567945146,5.478245445148
MANATÍ,2020,9,34,1,1.0,0.0,0.0,0.0,0.0,0.0,0.0,0.0,0.0,0.0,0.0,0.0,1.0,1.0,0.0,1.0,0.0,0.0,1.0,0.0,1.0,0.0,0.0,0.0,0.0,1.0,1.0,0.0,0.0,0.0,0.0,1.0,27.32198268345426,91.157105582101,10.059999806540352,24.0,100.0,1.595381567945146,5.478245445148
MANATÍ,2020,10,37,1,0.0,0.0,0.0,0.0,0.0,0.0,1.0,0.0,0.0,0.0,0.0,0.0,1.0,1.0,0.0,0.0,1.0,0.0,1.0,0.0,1.0,0.0,0.0,0.0,0.0,1.0,1.0,0.0,0.0,0.0,0.0,1.0,28.073081316266755,91.63749149867466,10.387142871107374,24.0,100.0,1.595381567945146,5.478245445148
MANATÍ,2020,11,41,1,0.0,0.0,0.0,0.0,0.0,0.0,1.0,0.0,0.0,0.0,0.0,0.0,1.0,1.0,0.0,0.0,1.0,0.0,1.0,0.0,1.0,0.0,0.0,0.0,0.0,1.0,1.0,0.0,0.0,0.0,0.0,1.0,27.6268053327288,91.2683377947126,7.024285997663226,24.0,100.0,1.595381567945146,5.478245445148
MANATÍ,2020,12,46,1,0.0,0.0,0.0,0.0,0.0,0.0,1.0,0.0,0.0,0.0,0.0,0.0,1.0,1.0,0.0,1.0,0.0,0.0,1.0,1.0,0.0,0.0,0.0,0.0,0.0,1.0,1.0,0.0,0.0,0.0,0.0,1.0,26.311761474609387,89.43858119419643,10.200000047683716,24.0,100.0,1.595381567945146,5.478245445148
MANATÍ,2021,7,28,1,0.0,1.0,0.0,0.0,0.0,0.0,0.0,0.0,0.0,0.0,0.0,0.0,1.0,1.0,0.0,1.0,0.0,0.0,1.0,1.0,0.0,0.0,0.0,0.0,0.0,1.0,1.0,0.0,0.0,0.0,0.0,1.0,28.03819318498886,89.77637808663505,4.9442857418741495,24.0,100.0,1.595381567945146,5.478245445148
MANATÍ,2021,8,30,1,1.0,0.0,0.0,0.0,0.0,0.0,0.0,0.0,0.0,0.0,0.0,0.0,1.0,1.0,0.0,0.0,1.0,0.0,1.0,1.0,0.0,0.0,0.0,0.0,0.0,1.0,1.0,0.0,0.0,0.0,0.0,1.0,27.71020551409041,89.19372667585101,8.010000062840325,24.0,100.0,1.595381567945146,5.478245445148
MANATÍ,2021,9,34,1,1.0,0.0,0.0,0.0,0.0,0.0,0.0,1.0,0.0,0.0,0.0,0.0,0.0,1.0,0.0,0.0,1.0,0.0,1.0,0.0,1.0,0.0,0.0,0.0,0.0,1.0,1.0,0.0,0.0,0.0,0.0,1.0,27.23522338867189,91.44922528948102,8.960000140326363,24.0,100.0,1.595381567945146,5.478245445148
MANATÍ,2021,10,37,1,1.0,0.0,0.0,0.0,0.0,0.0,0.0,0.0,0.0,0.0,0.0,0.0,1.0,1.0,0.0,1.0,0.0,0.0,1.0,0.0,1.0,0.0,0.0,0.0,0.0,1.0,1.0,0.0,0.0,0.0,0.0,1.0,27.486160714285734,90.69955444335938,4.864285724503653,24.0,100.0,1.595381567945146,5.478245445148
MANATÍ,2021,10,38,1,0.0,0.0,0.0,0.0,1.0,0.0,0.0,0.0,0.0,0.0,0.0,0.0,1.0,1.0,0.0,0.0,1.0,0.0,1.0,0.0,1.0,0.0,0.0,0.0,0.0,1.0,1.0,0.0,0.0,0.0,0.0,1.0,27.89101344517301,90.2001658848354,3.344285718032292,24.0,100.0,1.595381567945146,5.478245445148
MANATÍ,2021,10,39,9,0.6666666666666666,0.1111111111111111,0.0,0.0,0.0,0.0,0.2222222222222222,0.0,0.0,0.0,0.0,0.1111111111111111,0.8888888888888888,1.0,0.0,0.3333333333333333,0.6666666666666666,0.0,1.0,0.5555555555555556,0.4444444444444444,0.0,0.0,0.0,0.0,1.0,1.0,0.0,0.0,0.1111111111111111,0.0,0.8888888888888888,27.82804042271207,90.4309376307896,6.26571444102696,24.0,100.0,1.595381567945146,5.478245445148
MANATÍ,2021,10,40,3,0.6666666666666666,0.0,0.0,0.0,0.0,0.0,0.3333333333333333,0.0,0.0,0.0,0.0,0.0,1.0,1.0,0.0,0.6666666666666666,0.3333333333333333,0.0,1.0,0.0,1.0,0.0,0.0,0.0,0.0,1.0,1.0,0.0,0.0,0.3333333333333333,0.0,0.6666666666666666,27.73071332659041,89.77349199567523,4.891428623880659,24.0,100.0,1.595381567945146,5.478245445148
MANATÍ,2021,11,41,4,0.25,0.0,0.0,0.0,0.75,0.0,0.0,0.0,0.0,0.0,0.0,0.25,0.75,1.0,0.0,0.25,0.75,0.0,1.0,0.5,0.5,0.0,0.0,0.0,0.0,1.0,1.0,0.0,0.0,0.0,0.0,1.0,27.461901419503352,90.08722686767578,6.194285733359201,24.0,100.0,1.595381567945146,5.478245445148
MANATÍ,2021,11,42,2,0.5,0.5,0.0,0.0,0.0,0.0,0.0,0.0,0.0,0.0,0.0,0.0,1.0,1.0,0.0,0.0,1.0,0.0,1.0,0.0,1.0,0.0,0.0,0.0,0.0,1.0,1.0,0.0,0.0,0.0,0.0,1.0,27.51846357073104,90.2645285470145,6.298571314130511,24.0,100.0,1.595381567945146,5.478245445148
MANATÍ,2021,11,43,3,0.3333333333333333,0.0,0.0,0.0,0.6666666666666666,0.0,0.0,0.3333333333333333,0.0,0.0,0.0,0.0,0.6666666666666666,1.0,0.0,0.6666666666666666,0.3333333333333333,0.0,1.0,1.0,0.0,0.0,0.0,0.0,0.0,1.0,1.0,0.0,0.0,0.3333333333333333,0.0,0.6666666666666666,27.492129080636182,90.2995899745396,7.524285793304443,24.0,100.0,1.595381567945146,5.478245445148
MANATÍ,2021,11,44,6,0.1666666666666666,0.3333333333333333,0.0,0.0,0.1666666666666666,0.0,0.3333333333333333,0.0,0.0,0.0,0.0,0.0,1.0,1.0,0.0,0.1666666666666666,0.8333333333333334,0.0,1.0,0.6666666666666666,0.3333333333333333,0.0,0.0,0.0,0.0,1.0,1.0,0.0,0.0,0.0,0.0,1.0,26.468547712053585,89.51578412737165,8.054285841328758,24.0,100.0,1.595381567945146,5.478245445148
MANATÍ,2021,12,45,5,0.8,0.0,0.0,0.0,0.2,0.0,0.0,0.0,0.0,0.0,0.0,0.0,1.0,1.0,0.0,0.4,0.6,0.0,1.0,0.6,0.4,0.0,0.0,0.0,0.0,1.0,1.0,0.0,0.0,0.0,0.0,1.0,27.49811488560269,90.5247061593192,1.6657142639160156,24.0,100.0,1.595381567945146,5.478245445148
MANATÍ,2021,12,46,5,0.4,0.0,0.0,0.0,0.4,0.0,0.2,0.0,0.0,0.0,0.0,0.0,1.0,1.0,0.0,0.2,0.8,0.0,1.0,0.8,0.2,0.0,0.0,0.0,0.0,1.0,1.0,0.0,0.0,0.2,0.0,0.8,27.78542480468752,91.6286849975586,15.32285715852465,24.0,100.0,1.595381567945146,5.478245445148
MANATÍ,2021,12,47,1,0.0,0.0,0.0,0.0,1.0,0.0,0.0,0.0,0.0,0.0,0.0,0.0,1.0,1.0,0.0,0.0,1.0,0.0,1.0,0.0,1.0,0.0,0.0,0.0,0.0,1.0,1.0,0.0,0.0,0.0,0.0,1.0,27.145270647321443,90.41270337785993,7.720000062670026,24.0,100.0,1.595381567945146,5.478245445148
MANATÍ,2021,13,49,1,0.0,0.0,0.0,0.0,0.0,0.0,1.0,0.0,0.0,0.0,0.0,0.0,1.0,1.0,0.0,0.0,1.0,0.0,1.0,1.0,0.0,0.0,0.0,0.0,0.0,1.0,1.0,0.0,0.0,0.0,0.0,1.0,28.114463152204262,89.97156197684151,5.0,24.0,100.0,1.595381567945146,5.478245445148
MANATÍ,2021,13,50,1,0.0,0.0,0.0,0.0,1.0,0.0,0.0,0.0,0.0,0.0,0.0,0.0,1.0,1.0,0.0,1.0,0.0,0.0,1.0,0.0,1.0,0.0,0.0,0.0,0.0,1.0,1.0,0.0,0.0,0.0,0.0,1.0,27.72386866978238,89.33565085274833,16.4028571333204,24.0,100.0,1.595381567945146,5.478245445148
MANATÍ,2021,13,52,3,0.6666666666666666,0.0,0.0,0.0,0.3333333333333333,0.0,0.0,0.0,0.0,0.0,0.0,0.0,1.0,1.0,0.0,0.0,1.0,0.0,1.0,0.6666666666666666,0.3333333333333333,0.0,0.0,0.0,0.0,1.0,1.0,0.0,0.0,0.3333333333333333,0.0,0.6666666666666666,27.783373587472116,89.8193359375,7.828571430274418,24.0,100.0,1.595381567945146,5.478245445148
MANATÍ,2022,1,1,2,1.0,0.0,0.0,0.0,0.0,0.0,0.0,0.0,0.0,0.0,0.0,0.0,1.0,1.0,0.0,0.5,0.5,0.0,1.0,0.5,0.5,0.0,0.0,0.0,0.0,1.0,1.0,0.0,0.0,0.0,0.0,1.0,27.89967171805248,88.43869127546039,0.2857142857142857,24.0,100.0,1.595381567945146,5.478245445148
MANATÍ,2022,1,2,1,0.0,0.0,0.0,0.0,1.0,0.0,0.0,0.0,0.0,0.0,0.0,0.0,1.0,1.0,0.0,0.0,1.0,0.0,1.0,1.0,0.0,0.0,0.0,0.0,0.0,1.0,1.0,0.0,0.0,0.0,0.0,1.0,27.45874502999444,87.95128958565849,15.472857419933591,24.0,100.0,1.595381567945146,5.478245445148
MANATÍ,2022,1,3,1,0.0,0.0,0.0,0.0,0.0,0.0,1.0,0.0,0.0,0.0,0.0,0.0,1.0,1.0,0.0,0.0,1.0,0.0,1.0,0.0,1.0,0.0,0.0,0.0,0.0,1.0,1.0,0.0,0.0,0.0,0.0,1.0,28.294562639508943,86.38946533203125,18.857142312186102,24.0,100.0,1.595381567945146,5.478245445148
MANATÍ,2022,1,4,2,0.5,0.0,0.0,0.0,0.5,0.0,0.0,0.0,0.0,0.0,0.0,0.0,1.0,1.0,0.0,0.0,1.0,0.0,1.0,0.5,0.5,0.0,0.0,0.0,0.0,1.0,1.0,0.0,0.0,0.0,0.0,1.0,28.145325142996672,85.78124564034599,31.285714558192662,24.0,100.0,1.595381567945146,5.478245445148
MANATÍ,2022,2,5,1,1.0,0.0,0.0,0.0,0.0,0.0,0.0,0.0,0.0,0.0,0.0,0.0,1.0,1.0,0.0,1.0,0.0,0.0,1.0,0.0,1.0,0.0,0.0,0.0,0.0,1.0,1.0,0.0,0.0,0.0,0.0,1.0,28.145889718191984,86.26401083809989,11.714285850524902,24.0,100.0,1.595381567945146,5.478245445148
MANATÍ,2022,2,6,1,0.0,0.0,0.0,0.0,1.0,0.0,0.0,0.0,0.0,0.0,0.0,0.0,1.0,1.0,0.0,1.0,0.0,0.0,1.0,0.0,1.0,0.0,0.0,0.0,0.0,1.0,1.0,0.0,0.0,1.0,0.0,0.0,28.344068690708728,85.9554944719587,2.591428569384984,24.0,100.0,1.595381567945146,5.478245445148
MANATÍ,2022,2,8,2,1.0,0.0,0.0,0.0,0.0,0.0,0.0,0.0,0.0,0.0,0.0,0.0,1.0,1.0,0.0,0.5,0.5,0.0,1.0,0.0,1.0,0.0,0.0,0.0,0.0,1.0,1.0,0.0,0.0,0.5,0.0,0.5,28.74503696986609,81.37826538085938,4.8185714312962125,24.0,100.0,1.595381567945146,5.478245445148
MANATÍ,2022,3,9,1,0.0,0.0,0.0,0.0,1.0,0.0,0.0,0.0,0.0,0.0,0.0,0.0,1.0,1.0,0.0,0.0,1.0,0.0,1.0,0.0,1.0,0.0,0.0,0.0,0.0,1.0,1.0,0.0,0.0,0.0,0.0,1.0,28.446976143973234,84.74361746651786,6.799999952316284,24.0,100.0,1.595381567945146,5.478245445148
MANATÍ,2022,3,11,5,0.4,0.4,0.2,0.0,0.0,0.0,0.0,0.0,0.0,0.0,0.0,0.2,0.8,1.0,0.0,0.6,0.4,0.0,1.0,0.2,0.8,0.0,0.0,0.0,0.0,1.0,1.0,0.0,0.0,0.0,0.0,1.0,28.61985168457033,85.85245513916016,10.358571588993073,24.0,100.0,1.595381567945146,5.478245445148
MANATÍ,2022,4,13,1,1.0,0.0,0.0,0.0,0.0,0.0,0.0,0.0,0.0,0.0,0.0,0.0,1.0,1.0,0.0,0.0,1.0,0.0,1.0,0.0,1.0,0.0,0.0,0.0,0.0,1.0,1.0,0.0,0.0,0.0,0.0,1.0,29.133852713448675,82.59550149100167,4.838571293013437,24.0,100.0,1.595381567945146,5.478245445148
MANATÍ,2022,4,14,2,1.0,0.0,0.0,0.0,0.0,0.0,0.0,0.0,0.0,0.0,0.0,0.0,1.0,1.0,0.0,0.0,1.0,0.0,1.0,1.0,0.0,0.0,0.0,0.0,0.0,1.0,1.0,0.0,0.0,0.0,0.0,1.0,28.324561418805818,86.63990129743304,8.10285724912371,24.0,100.0,1.595381567945146,5.478245445148
MANATÍ,2022,4,16,1,0.0,1.0,0.0,0.0,0.0,0.0,0.0,0.0,0.0,0.0,0.0,0.0,1.0,1.0,0.0,0.0,1.0,0.0,1.0,0.0,1.0,0.0,0.0,0.0,0.0,1.0,1.0,0.0,0.0,0.0,0.0,1.0,27.55894949776788,87.58085632324219,7.41428576196943,24.0,100.0,1.595381567945146,5.478245445148
MANATÍ,2022,5,18,3,0.6666666666666666,0.0,0.0,0.0,0.3333333333333333,0.0,0.0,0.0,0.0,0.0,0.0,0.0,1.0,1.0,0.0,0.0,1.0,0.0,1.0,0.6666666666666666,0.3333333333333333,0.0,0.0,0.0,0.0,1.0,1.0,0.0,0.0,0.3333333333333333,0.0,0.6666666666666666,28.362130737304707,87.70746721540179,6.437142963920321,24.0,100.0,1.595381567945146,5.478245445148
MANATÍ,2022,5,19,3,0.6666666666666666,0.3333333333333333,0.0,0.0,0.0,0.0,0.0,0.0,0.0,0.0,0.0,0.3333333333333333,0.6666666666666666,1.0,0.0,0.3333333333333333,0.6666666666666666,0.0,1.0,0.0,1.0,0.0,0.0,0.0,0.0,1.0,1.0,0.0,0.0,0.0,0.0,1.0,28.165684727260068,88.70778982979911,7.932857317583902,24.0,100.0,1.595381567945146,5.478245445148
MANATÍ,2022,5,20,5,0.6,0.0,0.0,0.0,0.2,0.0,0.2,0.0,0.0,0.0,0.0,0.2,0.8,1.0,0.0,0.0,1.0,0.0,1.0,0.6,0.4,0.0,0.0,0.0,0.0,1.0,1.0,0.0,0.0,0.0,0.0,1.0,28.18424377441408,88.18359701974052,5.197142958641052,24.0,100.0,1.595381567945146,5.478245445148
MANATÍ,2022,6,21,9,0.6666666666666666,0.0,0.0,0.0,0.2222222222222222,0.0,0.1111111111111111,0.0,0.0,0.0,0.1111111111111111,0.1111111111111111,0.7777777777777778,0.8888888888888888,0.1111111111111111,0.0,1.0,0.0,1.0,0.5555555555555556,0.4444444444444444,0.0,0.0,0.0,0.0,1.0,1.0,0.0,0.0,0.4444444444444444,0.0,0.5555555555555556,28.43323669433596,88.1881822858538,4.467142892735345,24.0,100.0,1.595381567945146,5.478245445148
MANATÍ,2022,6,22,3,0.6666666666666666,0.0,0.0,0.0,0.3333333333333333,0.0,0.0,0.0,0.0,0.0,0.0,0.3333333333333333,0.6666666666666666,1.0,0.0,0.3333333333333333,0.6666666666666666,0.0,1.0,0.3333333333333333,0.6666666666666666,0.0,0.0,0.0,0.0,1.0,1.0,0.0,0.0,0.3333333333333333,0.0,0.6666666666666666,27.979137311662964,89.17630658830915,6.001428536006382,24.0,100.0,1.595381567945146,5.478245445148
MANATÍ,2022,6,23,7,0.4285714285714285,0.0,0.0,0.0,0.2857142857142857,0.0,0.2857142857142857,0.5714285714285714,0.0,0.0,0.0,0.0,0.4285714285714285,1.0,0.0,0.2857142857142857,0.7142857142857143,0.0,1.0,0.4285714285714285,0.5714285714285714,0.0,0.0,0.0,0.0,1.0,1.0,0.0,0.0,0.8571428571428571,0.0,0.1428571428571428,27.322224644252252,89.29854256766183,10.825714554105486,24.0,100.0,1.595381567945146,5.478245445148
MANATÍ,2022,6,24,6,0.3333333333333333,0.1666666666666666,0.0,0.0,0.3333333333333333,0.0,0.1666666666666666,0.0,0.0,0.0,0.1666666666666666,0.0,0.8333333333333334,1.0,0.0,0.0,1.0,0.0,1.0,0.6666666666666666,0.3333333333333333,0.0,0.0,0.0,0.0,1.0,1.0,0.0,0.0,0.5,0.0,0.5,27.274686976841537,89.23618970598493,12.439999852861677,24.0,100.0,1.595381567945146,5.478245445148
MANATÍ,2022,7,25,3,1.0,0.0,0.0,0.0,0.0,0.0,0.0,0.0,0.0,0.0,0.0,0.0,1.0,1.0,0.0,0.0,1.0,0.0,1.0,0.6666666666666666,0.3333333333333333,0.0,0.0,0.0,0.0,1.0,1.0,0.0,0.0,0.3333333333333333,0.0,0.6666666666666666,27.480767822265644,90.40997641427175,7.868571383612497,24.0,100.0,1.595381567945146,5.478245445148
MANATÍ,2022,7,26,7,0.5714285714285714,0.1428571428571428,0.0,0.0,0.2857142857142857,0.0,0.0,0.0,0.0,0.0,0.0,0.0,1.0,1.0,0.0,0.5714285714285714,0.4285714285714285,0.0,1.0,0.2857142857142857,0.7142857142857143,0.0,0.0,0.0,0.0,1.0,1.0,0.0,0.0,0.4285714285714285,0.0,0.5714285714285714,27.31990748814176,90.2680871146066,7.038571579115732,24.0,100.0,1.595381567945146,5.478245445148
MANATÍ,2022,7,27,9,0.6666666666666666,0.1111111111111111,0.0,0.0,0.0,0.0,0.2222222222222222,0.0,0.0,0.1111111111111111,0.0,0.0,0.8888888888888888,1.0,0.0,0.6666666666666666,0.3333333333333333,0.0,1.0,0.5555555555555556,0.4444444444444444,0.0,0.0,0.0,0.0,1.0,1.0,0.0,0.0,0.3333333333333333,0.0,0.6666666666666666,28.567716761997783,90.99713897705078,6.935714329992022,24.0,100.0,1.595381567945146,5.478245445148
MANATÍ,2022,7,28,5,0.0,0.6,0.0,0.0,0.2,0.0,0.2,0.2,0.0,0.0,0.0,0.0,0.8,1.0,0.0,0.2,0.8,0.0,1.0,0.6,0.4,0.0,0.0,0.0,0.0,1.0,1.0,0.0,0.0,0.6,0.0,0.4,28.383070155552467,90.62589154924665,4.537142821720669,24.0,100.0,1.595381567945146,5.478245445148
MANATÍ,2022,8,29,8,0.875,0.0,0.0,0.0,0.125,0.0,0.0,0.125,0.0,0.0,0.0,0.0,0.875,1.0,0.0,0.375,0.625,0.0,1.0,0.5,0.5,0.0,0.0,0.0,0.0,1.0,1.0,0.0,0.0,0.625,0.0,0.375,28.351183646065863,91.38038417271206,5.178571326392038,24.0,100.0,1.595381567945146,5.478245445148
MANATÍ,2022,8,30,7,0.4285714285714285,0.1428571428571428,0.0,0.0,0.4285714285714285,0.0,0.0,0.0,0.0,0.0,0.1428571428571428,0.0,0.8571428571428571,1.0,0.0,0.4285714285714285,0.5714285714285714,0.0,1.0,0.4285714285714285,0.5714285714285714,0.0,0.0,0.0,0.0,1.0,1.0,0.0,0.0,0.4285714285714285,0.0,0.5714285714285714,27.885036359514533,91.80227443150112,8.374285661748477,24.0,100.0,1.595381567945146,5.478245445148
MANATÍ,2022,8,31,9,0.4444444444444444,0.0,0.0,0.0,0.4444444444444444,0.0,0.1111111111111111,0.0,0.0,0.0,0.0,0.0,1.0,0.8888888888888888,0.1111111111111111,0.2222222222222222,0.7777777777777778,0.0,1.0,0.3333333333333333,0.6666666666666666,0.0,0.0,0.0,0.0,1.0,1.0,0.0,0.0,0.5555555555555556,0.0,0.4444444444444444,28.13049577985493,90.62699454171316,10.158571464674813,24.0,100.0,1.595381567945146,5.478245445148
MANATÍ,2022,8,32,5,0.6,0.0,0.0,0.0,0.4,0.0,0.0,0.0,0.0,0.0,0.0,0.0,1.0,1.0,0.0,0.4,0.6,0.0,1.0,0.8,0.2,0.0,0.0,0.0,0.0,1.0,0.8,0.0,0.2,0.2,0.0,0.8,28.07375924246654,92.34337833949498,7.587142850671496,24.0,100.0,1.595381567945146,5.478245445148
MANATÍ,2022,9,33,5,0.6,0.0,0.0,0.0,0.2,0.0,0.2,0.0,0.0,0.0,0.0,0.0,1.0,0.8,0.2,0.6,0.4,0.0,1.0,0.2,0.8,0.0,0.0,0.0,0.0,1.0,1.0,0.0,0.0,0.2,0.0,0.8,28.20361807686944,92.0367671421596,7.272857257298061,24.0,100.0,1.595381567945146,5.478245445148
MANATÍ,2022,9,34,6,0.8333333333333334,0.0,0.0,0.1666666666666666,0.0,0.0,0.0,0.0,0.0,0.0,0.0,0.0,1.0,0.6666666666666666,0.3333333333333333,0.1666666666666666,0.8333333333333334,0.0,1.0,0.5,0.5,0.0,0.0,0.0,0.0,1.0,1.0,0.0,0.0,0.3333333333333333,0.0,0.6666666666666666,27.610729108537964,91.48633139474052,10.16857133592878,24.0,100.0,1.595381567945146,5.478245445148
MANATÍ,2022,9,35,2,0.5,0.0,0.0,0.0,0.5,0.0,0.0,0.0,0.0,0.0,0.0,0.0,1.0,1.0,0.0,0.5,0.5,0.0,1.0,1.0,0.0,0.0,0.0,0.0,0.0,1.0,1.0,0.0,0.0,0.5,0.0,0.5,27.764171491350464,91.67964826311383,7.27000001498631,24.0,100.0,1.595381567945146,5.478245445148
MANATÍ,2022,9,36,3,0.6666666666666666,0.0,0.0,0.0,0.0,0.0,0.3333333333333333,0.0,0.0,0.0,0.0,0.0,1.0,1.0,0.0,0.3333333333333333,0.6666666666666666,0.0,1.0,0.6666666666666666,0.3333333333333333,0.0,0.0,0.0,0.0,1.0,1.0,0.0,0.0,0.3333333333333333,0.0,0.6666666666666666,28.02939758300783,92.48870086669922,6.311428444726126,24.0,100.0,1.595381567945146,5.478245445148
MANATÍ,2022,10,37,4,0.5,0.25,0.0,0.0,0.25,0.0,0.0,0.0,0.0,0.0,0.0,0.0,1.0,1.0,0.0,0.5,0.5,0.0,1.0,0.5,0.5,0.0,0.0,0.0,0.0,1.0,1.0,0.0,0.0,0.25,0.0,0.75,27.53545750209264,92.01251111711774,7.43857158933367,24.0,100.0,1.595381567945146,5.478245445148
MANATÍ,2022,10,39,2,0.0,0.0,0.0,0.0,1.0,0.0,0.0,0.0,0.0,0.0,0.0,0.0,1.0,1.0,0.0,0.5,0.5,0.0,1.0,0.5,0.5,0.0,0.0,0.0,0.0,1.0,1.0,0.0,0.0,1.0,0.0,0.0,27.302590942382828,91.89232417515346,4.437142865998404,24.0,100.0,1.595381567945146,5.478245445148
MANATÍ,2022,10,40,3,0.6666666666666666,0.0,0.0,0.0,0.0,0.0,0.3333333333333333,0.0,0.0,0.0,0.0,0.0,1.0,0.6666666666666666,0.3333333333333333,0.0,1.0,0.0,1.0,1.0,0.0,0.0,0.0,0.0,0.0,1.0,1.0,0.0,0.0,0.3333333333333333,0.0,0.6666666666666666,27.35435311453685,91.09197344098772,10.308571161968368,24.0,100.0,1.595381567945146,5.478245445148
MANATÍ,2022,11,41,1,1.0,0.0,0.0,0.0,0.0,0.0,0.0,0.0,0.0,0.0,0.0,0.0,1.0,1.0,0.0,1.0,0.0,0.0,1.0,0.0,1.0,0.0,0.0,0.0,0.0,1.0,1.0,0.0,0.0,1.0,0.0,0.0,27.387081037248908,90.84673745291572,6.067142793110439,24.0,100.0,1.595381567945146,5.478245445148
MANATÍ,2022,12,46,1,0.0,1.0,0.0,0.0,0.0,0.0,0.0,0.0,0.0,0.0,0.0,0.0,1.0,1.0,0.0,1.0,0.0,0.0,1.0,0.0,1.0,0.0,0.0,0.0,0.0,1.0,1.0,0.0,0.0,0.0,0.0,1.0,26.85823756626676,91.1881354195731,9.575714451926094,24.0,100.0,1.595381567945146,5.478245445148
MANATÍ,2022,12,48,1,0.0,0.0,1.0,0.0,0.0,0.0,0.0,0.0,0.0,0.0,0.0,0.0,1.0,1.0,0.0,1.0,0.0,0.0,1.0,0.0,1.0,0.0,0.0,0.0,0.0,1.0,1.0,0.0,0.0,0.0,0.0,1.0,26.99856828962056,90.1904067993164,3.745714281286512,24.0,100.0,1.595381567945146,5.478245445148
MANATÍ,2023,1,1,1,0.0,0.0,0.0,1.0,0.0,0.0,0.0,0.0,0.0,0.0,0.0,0.0,1.0,1.0,0.0,0.0,1.0,0.0,1.0,1.0,0.0,0.0,0.0,0.0,0.0,1.0,1.0,0.0,0.0,1.0,0.0,0.0,27.66976754324779,90.0769315447126,10.698570881571088,16.2,68.15,1.595381567945146,5.478245445148
MANATÍ,2023,2,5,1,1.0,0.0,0.0,0.0,0.0,0.0,0.0,0.0,0.0,0.0,0.0,0.0,1.0,1.0,0.0,1.0,0.0,0.0,1.0,1.0,0.0,0.0,0.0,0.0,0.0,1.0,1.0,0.0,0.0,0.0,0.0,1.0,27.883115931919654,83.89310673304966,0.0,16.2,68.15,1.595381567945146,5.478245445148
MANATÍ,2023,3,12,1,0.0,0.0,1.0,0.0,0.0,0.0,0.0,0.0,0.0,0.0,0.0,0.0,1.0,1.0,0.0,0.0,1.0,0.0,1.0,1.0,0.0,0.0,0.0,0.0,0.0,1.0,1.0,0.0,0.0,0.0,0.0,1.0,28.501883806501134,84.72781917027065,3.4457144226346696,16.2,68.15,1.595381567945146,5.478245445148
MANATÍ,2023,5,18,1,0.0,0.0,1.0,0.0,0.0,0.0,0.0,0.0,0.0,0.0,0.0,0.0,1.0,1.0,0.0,0.0,1.0,0.0,1.0,0.0,1.0,0.0,0.0,0.0,0.0,1.0,0.0,0.0,1.0,0.0,0.0,1.0,29.34959019252234,86.58003997802734,4.077142843178341,16.2,68.15,1.595381567945146,5.478245445148
MANATÍ,2023,7,28,1,0.0,0.0,0.0,0.0,1.0,0.0,0.0,0.0,0.0,0.0,0.0,0.0,1.0,1.0,0.0,0.0,1.0,0.0,1.0,1.0,0.0,0.0,0.0,0.0,0.0,1.0,1.0,0.0,0.0,0.0,0.0,1.0,29.245019531250023,89.94138663155692,2.5357142771993364,16.2,68.15,1.595381567945146,5.478245445148
MANATÍ,2023,8,32,2,0.5,0.5,0.0,0.0,0.0,0.0,0.0,0.0,0.0,0.0,0.0,0.0,1.0,1.0,0.0,1.0,0.0,0.0,1.0,1.0,0.0,0.0,0.0,0.0,0.0,1.0,1.0,0.0,0.0,1.0,0.0,0.0,29.6233110700335,90.19195665631976,4.557142794132233,16.2,68.15,1.595381567945146,5.478245445148
MANATÍ,2023,9,34,1,0.0,0.0,0.0,0.0,0.0,0.0,1.0,0.0,0.0,0.0,0.0,0.0,1.0,1.0,0.0,1.0,0.0,0.0,1.0,0.0,1.0,0.0,0.0,0.0,0.0,1.0,0.0,1.0,0.0,1.0,0.0,0.0,28.436451939174127,91.07420785086497,9.231428331562451,16.2,68.15,1.595381567945146,5.478245445148
MANATÍ,2023,12,45,1,1.0,0.0,0.0,0.0,0.0,0.0,0.0,0.0,0.0,0.0,0.0,0.0,1.0,1.0,0.0,0.0,1.0,0.0,1.0,0.0,1.0,0.0,0.0,0.0,0.0,1.0,1.0,0.0,0.0,0.0,0.0,1.0,28.75256173270091,90.29732731410436,2.855714254081249,16.2,68.15,1.595381567945146,5.478245445148
PALMAR DE VARELA,2017,3,9,1,1.0,0.0,0.0,0.0,0.0,0.0,0.0,0.0,0.0,0.0,0.0,1.0,0.0,1.0,0.0,0.0,1.0,0.0,1.0,0.0,1.0,0.0,0.0,0.0,1.0,0.0,1.0,0.0,0.0,0.0,0.0,1.0,28.57481863839288,84.20321110316685,3.88142857168402,23.94,99.88,0.692781004963048,2.75998823289286
PALMAR DE VARELA,2017,5,17,5,0.0,0.2,0.0,0.0,0.2,0.2,0.4,0.4,0.0,0.0,0.0,0.0,0.6,1.0,0.0,1.0,0.0,0.0,1.0,0.2,0.8,0.0,0.0,0.0,1.0,0.0,1.0,0.0,0.0,0.0,0.0,1.0,29.3989218575614,88.21756090436664,10.86428571173123,23.94,99.88,0.692781004963048,2.75998823289286
PALMAR DE VARELA,2017,5,20,1,0.0,1.0,0.0,0.0,0.0,0.0,0.0,1.0,0.0,0.0,0.0,0.0,0.0,1.0,0.0,1.0,0.0,0.0,1.0,0.0,1.0,0.0,0.0,0.0,1.0,0.0,1.0,0.0,0.0,0.0,0.0,1.0,28.391172572544665,89.62940325055804,10.302857186113084,23.94,99.88,0.692781004963048,2.75998823289286
PALMAR DE VARELA,2017,6,22,1,0.0,1.0,0.0,0.0,0.0,0.0,0.0,0.0,0.0,0.0,0.0,0.0,1.0,1.0,0.0,1.0,0.0,0.0,1.0,0.0,1.0,0.0,0.0,0.0,1.0,0.0,1.0,0.0,0.0,0.0,0.0,1.0,28.646162196568092,88.54824502127511,5.508571377822331,23.94,99.88,0.692781004963048,2.75998823289286
PALMAR DE VARELA,2017,7,25,1,1.0,0.0,0.0,0.0,0.0,0.0,0.0,0.0,0.0,0.0,0.0,0.0,1.0,1.0,0.0,0.0,1.0,0.0,1.0,1.0,0.0,0.0,0.0,0.0,1.0,0.0,1.0,0.0,0.0,0.0,0.0,1.0,28.08586164202011,89.86681365966797,13.13714314358575,23.94,99.88,0.692781004963048,2.75998823289286
PALMAR DE VARELA,2017,10,37,1,0.0,1.0,0.0,0.0,0.0,0.0,0.0,0.0,0.0,0.0,0.0,0.0,1.0,1.0,0.0,1.0,0.0,0.0,1.0,1.0,0.0,0.0,0.0,0.0,1.0,0.0,1.0,0.0,0.0,0.0,0.0,1.0,27.52429896763395,92.61217716761998,8.37714290193149,23.94,99.88,0.692781004963048,2.75998823289286
PALMAR DE VARELA,2018,5,19,1,0.0,1.0,0.0,0.0,0.0,0.0,0.0,0.0,0.0,0.0,0.0,0.0,1.0,1.0,0.0,1.0,0.0,0.0,1.0,1.0,0.0,0.0,0.0,0.0,1.0,0.0,1.0,0.0,0.0,0.0,0.0,1.0,27.789352852957613,90.0280990600586,16.869999749319895,23.96,100.0,0.692781004963048,2.75998823289286
PALMAR DE VARELA,2018,11,44,1,0.0,0.0,0.0,0.0,1.0,0.0,0.0,0.0,0.0,0.0,0.0,0.0,1.0,1.0,0.0,1.0,0.0,0.0,1.0,1.0,0.0,0.0,0.0,0.0,1.0,0.0,1.0,0.0,0.0,0.0,0.0,1.0,27.438453020368325,92.4822071620396,9.155714307512556,23.96,100.0,0.692781004963048,2.75998823289286
PALMAR DE VARELA,2018,12,48,2,0.5,0.0,0.0,0.0,0.5,0.0,0.0,1.0,0.0,0.0,0.0,0.0,0.0,1.0,0.0,1.0,0.0,0.0,1.0,0.5,0.5,0.0,0.0,0.0,1.0,0.0,1.0,0.0,0.0,0.0,0.0,1.0,27.456251307896217,92.5870110648019,3.548571432541524,23.96,100.0,0.692781004963048,2.75998823289286
PALMAR DE VARELA,2018,13,50,1,0.0,1.0,0.0,0.0,0.0,0.0,0.0,0.0,0.0,0.0,0.0,0.0,1.0,1.0,0.0,1.0,0.0,0.0,1.0,0.0,1.0,0.0,0.0,0.0,1.0,0.0,1.0,0.0,0.0,0.0,0.0,1.0,27.981131853376137,90.50835527692524,0.0685714262404611,23.96,100.0,0.692781004963048,2.75998823289286
PALMAR DE VARELA,2018,13,52,1,0.0,0.0,0.0,0.0,1.0,0.0,0.0,0.0,0.0,0.0,0.0,0.0,1.0,1.0,0.0,0.0,1.0,0.0,1.0,1.0,0.0,0.0,0.0,0.0,1.0,0.0,1.0,0.0,0.0,1.0,0.0,0.0,27.752472359793547,86.47435651506696,0.0,23.96,100.0,0.692781004963048,2.75998823289286
PALMAR DE VARELA,2019,1,1,1,0.0,1.0,0.0,0.0,0.0,0.0,0.0,0.0,0.0,0.0,0.0,0.0,1.0,1.0,0.0,1.0,0.0,0.0,1.0,1.0,0.0,0.0,0.0,0.0,1.0,0.0,1.0,0.0,0.0,0.0,0.0,1.0,27.509685407366096,88.10728345598493,4.428571428571429,23.94,99.94,0.692781004963048,2.75998823289286
PALMAR DE VARELA,2019,1,2,2,0.0,0.5,0.0,0.0,0.5,0.0,0.0,0.0,0.0,0.0,0.0,0.0,1.0,1.0,0.0,0.5,0.5,0.0,1.0,0.0,1.0,0.0,0.0,0.0,1.0,0.0,1.0,0.0,0.0,0.5,0.0,0.5,27.21670575823105,90.20235443115234,8.317143125193459,23.94,99.94,0.692781004963048,2.75998823289286
PALMAR DE VARELA,2019,1,3,1,1.0,0.0,0.0,0.0,0.0,0.0,0.0,0.0,0.0,0.0,0.0,0.0,1.0,1.0,0.0,1.0,0.0,0.0,1.0,0.0,1.0,0.0,0.0,0.0,1.0,0.0,1.0,0.0,0.0,0.0,0.0,1.0,27.58799351283484,88.32348959786552,0.0,23.94,99.94,0.692781004963048,2.75998823289286
PALMAR DE VARELA,2019,1,4,1,0.0,0.0,0.0,0.0,1.0,0.0,0.0,1.0,0.0,0.0,0.0,0.0,0.0,1.0,0.0,0.0,1.0,0.0,1.0,1.0,0.0,0.0,0.0,0.0,1.0,0.0,1.0,0.0,0.0,1.0,0.0,0.0,28.253145926339307,87.86629486083984,5.714285714285714,23.94,99.94,0.692781004963048,2.75998823289286
PALMAR DE VARELA,2019,2,5,1,0.0,0.0,0.0,0.0,0.0,0.0,1.0,0.0,0.0,0.0,0.0,0.0,1.0,1.0,0.0,0.0,1.0,0.0,1.0,1.0,0.0,0.0,0.0,0.0,1.0,0.0,1.0,0.0,0.0,1.0,0.0,0.0,27.8747061593192,88.00520760672433,2.7142857142857144,23.94,99.94,0.692781004963048,2.75998823289286
PALMAR DE VARELA,2019,2,8,1,1.0,0.0,0.0,0.0,0.0,0.0,0.0,0.0,0.0,0.0,0.0,0.0,1.0,1.0,0.0,0.0,1.0,0.0,1.0,0.0,1.0,0.0,0.0,0.0,1.0,0.0,1.0,0.0,0.0,0.0,0.0,1.0,28.6453578404018,85.30241394042969,7.558571440832956,23.94,99.94,0.692781004963048,2.75998823289286
PALMAR DE VARELA,2019,5,17,1,1.0,0.0,0.0,0.0,0.0,0.0,0.0,0.0,0.0,0.0,0.0,0.0,1.0,1.0,0.0,0.0,1.0,0.0,1.0,0.0,1.0,0.0,0.0,0.0,1.0,0.0,1.0,0.0,0.0,0.0,0.0,1.0,28.894045584542432,86.42325156075614,4.242857091394918,23.94,99.94,0.692781004963048,2.75998823289286
PALMAR DE VARELA,2019,7,26,1,1.0,0.0,0.0,0.0,0.0,0.0,0.0,0.0,0.0,0.0,0.0,0.0,1.0,1.0,0.0,0.0,1.0,0.0,1.0,0.0,1.0,0.0,0.0,0.0,1.0,0.0,1.0,0.0,0.0,0.0,0.0,1.0,28.76010175432479,88.18981497628349,3.1014285683631897,23.94,99.94,0.692781004963048,2.75998823289286
PALMAR DE VARELA,2019,7,27,1,0.0,1.0,0.0,0.0,0.0,0.0,0.0,0.0,0.0,0.0,0.0,0.0,1.0,0.0,1.0,1.0,0.0,0.0,1.0,0.0,1.0,0.0,0.0,0.0,1.0,0.0,1.0,0.0,0.0,0.0,0.0,1.0,28.963858904157384,88.14533233642578,4.4485714712313245,23.94,99.94,0.692781004963048,2.75998823289286
PALMAR DE VARELA,2019,7,28,3,0.3333333333333333,0.0,0.0,0.0,0.3333333333333333,0.0,0.3333333333333333,0.0,0.0,0.3333333333333333,0.0,0.0,0.6666666666666666,1.0,0.0,0.6666666666666666,0.3333333333333333,0.0,1.0,0.3333333333333333,0.6666666666666666,0.0,0.0,0.0,1.0,0.0,0.6666666666666666,0.3333333333333333,0.0,0.0,0.0,1.0,28.240847342354925,88.75833783830915,6.034285869981561,23.94,99.94,0.692781004963048,2.75998823289286
PALMAR DE VARELA,2019,8,29,2,0.0,0.5,0.0,0.0,0.0,0.0,0.5,0.0,0.0,0.0,0.0,0.0,1.0,1.0,0.0,0.5,0.5,0.0,1.0,0.5,0.5,0.0,0.0,0.0,1.0,0.0,1.0,0.0,0.0,1.0,0.0,0.0,29.12796064104355,89.17825644356864,2.3914285387311662,23.94,99.94,0.692781004963048,2.75998823289286
PALMAR DE VARELA,2019,8,30,1,1.0,0.0,0.0,0.0,0.0,0.0,0.0,0.0,0.0,0.0,0.0,0.0,1.0,1.0,0.0,0.0,1.0,0.0,1.0,0.0,1.0,0.0,0.0,0.0,1.0,0.0,1.0,0.0,0.0,0.0,0.0,1.0,28.061055210658505,90.1649932861328,11.714285782405309,23.94,99.94,0.692781004963048,2.75998823289286
PALMAR DE VARELA,2019,8,31,4,0.5,0.0,0.0,0.0,0.5,0.0,0.0,0.5,0.0,0.0,0.0,0.0,0.5,1.0,0.0,0.25,0.75,0.0,1.0,0.75,0.25,0.0,0.0,0.0,1.0,0.0,1.0,0.0,0.0,0.25,0.0,0.75,28.72367902483261,90.79509626116072,5.064285687037876,23.94,99.94,0.692781004963048,2.75998823289286
PALMAR DE VARELA,2019,11,43,1,0.0,0.0,0.0,0.0,0.0,0.0,1.0,0.0,0.0,0.0,0.0,0.0,1.0,1.0,0.0,1.0,0.0,0.0,1.0,1.0,0.0,0.0,0.0,0.0,1.0,0.0,1.0,0.0,0.0,0.0,0.0,1.0,27.01655186244421,93.39234161376952,7.1142856904438565,23.94,99.94,0.692781004963048,2.75998823289286
PALMAR DE VARELA,2019,12,45,1,0.0,0.0,0.0,0.0,1.0,0.0,0.0,1.0,0.0,0.0,0.0,0.0,0.0,1.0,0.0,1.0,0.0,0.0,1.0,0.0,1.0,0.0,0.0,0.0,1.0,0.0,1.0,0.0,0.0,0.0,0.0,1.0,27.709640938895117,91.65942709786552,16.831428621496475,23.94,99.94,0.692781004963048,2.75998823289286
PALMAR DE VARELA,2019,12,48,1,0.0,0.0,0.0,0.0,1.0,0.0,0.0,0.0,0.0,0.0,0.0,0.0,1.0,1.0,0.0,1.0,0.0,0.0,1.0,1.0,0.0,0.0,0.0,0.0,1.0,0.0,1.0,0.0,0.0,0.0,0.0,1.0,28.10447954450337,90.65406472342356,13.339999990803856,23.94,99.94,0.692781004963048,2.75998823289286
PALMAR DE VARELA,2020,1,2,1,0.0,1.0,0.0,0.0,0.0,0.0,0.0,1.0,0.0,0.0,0.0,0.0,0.0,1.0,0.0,1.0,0.0,0.0,1.0,1.0,0.0,0.0,0.0,0.0,1.0,0.0,1.0,0.0,0.0,0.0,0.0,1.0,28.32627912248886,86.47907475062779,0.0,23.95,99.89,0.692781004963048,2.75998823289286
PALMAR DE VARELA,2020,1,3,1,0.0,1.0,0.0,0.0,0.0,0.0,0.0,1.0,0.0,0.0,0.0,0.0,0.0,1.0,0.0,0.0,1.0,0.0,1.0,1.0,0.0,0.0,0.0,0.0,1.0,0.0,1.0,0.0,0.0,0.0,0.0,1.0,28.37920750209265,86.57917894635882,0.2385714237711259,23.95,99.89,0.692781004963048,2.75998823289286
PALMAR DE VARELA,2020,1,4,1,0.0,1.0,0.0,0.0,0.0,0.0,0.0,1.0,0.0,0.0,0.0,0.0,0.0,1.0,0.0,0.0,1.0,0.0,1.0,0.0,1.0,0.0,0.0,0.0,1.0,0.0,1.0,0.0,0.0,0.0,0.0,1.0,27.400543648856047,90.43389565604072,10.830000002469337,23.95,99.89,0.692781004963048,2.75998823289286
PALMAR DE VARELA,2020,2,5,4,0.5,0.25,0.25,0.0,0.0,0.0,0.0,0.0,0.0,0.0,0.0,0.0,1.0,1.0,0.0,0.75,0.25,0.0,1.0,0.75,0.25,0.0,0.0,0.0,1.0,0.0,1.0,0.0,0.0,0.5,0.0,0.5,28.769034685407384,88.40918404715401,4.857142857142857,23.95,99.89,0.692781004963048,2.75998823289286
PALMAR DE VARELA,2020,2,6,4,0.25,0.25,0.0,0.0,0.25,0.0,0.25,0.0,0.0,0.25,0.0,0.25,0.5,1.0,0.0,0.75,0.25,0.0,1.0,0.5,0.5,0.0,0.0,0.0,1.0,0.0,1.0,0.0,0.0,0.25,0.0,0.75,28.439815412248898,87.43206351143974,0.0,23.95,99.89,0.692781004963048,2.75998823289286
PALMAR DE VARELA,2020,2,7,1,0.0,0.0,0.0,0.0,1.0,0.0,0.0,1.0,0.0,0.0,0.0,0.0,0.0,1.0,0.0,1.0,0.0,0.0,1.0,1.0,0.0,0.0,0.0,0.0,1.0,0.0,1.0,0.0,0.0,0.0,0.0,1.0,28.759515380859398,84.3989737374442,0.0,23.95,99.89,0.692781004963048,2.75998823289286
PALMAR DE VARELA,2020,2,8,2,0.0,0.5,0.0,0.0,0.0,0.5,0.0,0.0,0.0,0.0,0.0,0.0,1.0,1.0,0.0,1.0,0.0,0.0,1.0,1.0,0.0,0.0,0.0,0.0,1.0,0.0,1.0,0.0,0.0,0.0,0.0,1.0,28.07576250348774,86.70808846609933,3.2957142857568607,23.95,99.89,0.692781004963048,2.75998823289286
PALMAR DE VARELA,2020,3,9,1,0.0,0.0,0.0,0.0,1.0,0.0,0.0,1.0,0.0,0.0,0.0,0.0,0.0,1.0,0.0,1.0,0.0,0.0,1.0,0.0,1.0,0.0,0.0,0.0,1.0,0.0,1.0,0.0,0.0,0.0,0.0,1.0,28.285213361467648,87.30262865339007,4.714285714285714,23.95,99.89,0.692781004963048,2.75998823289286
PALMAR DE VARELA,2020,5,20,1,0.0,0.0,1.0,0.0,0.0,0.0,0.0,0.0,0.0,1.0,0.0,0.0,0.0,1.0,0.0,0.0,1.0,0.0,1.0,0.0,1.0,0.0,0.0,0.0,1.0,0.0,1.0,0.0,0.0,0.0,0.0,1.0,28.879044015066984,88.14418247767857,9.904285771506173,23.95,99.89,0.692781004963048,2.75998823289286
PALMAR DE VARELA,2021,10,39,1,1.0,0.0,0.0,0.0,0.0,0.0,0.0,0.0,0.0,0.0,0.0,0.0,1.0,1.0,0.0,0.0,1.0,0.0,1.0,1.0,0.0,0.0,0.0,0.0,1.0,0.0,1.0,0.0,0.0,1.0,0.0,0.0,27.54965689522881,91.73652866908482,11.899999933583397,23.92,99.87,0.692781004963048,2.75998823289286
PALMAR DE VARELA,2021,10,40,1,0.0,0.0,0.0,0.0,1.0,0.0,0.0,1.0,0.0,0.0,0.0,0.0,0.0,1.0,0.0,1.0,0.0,0.0,1.0,1.0,0.0,0.0,0.0,0.0,1.0,0.0,1.0,0.0,0.0,0.0,0.0,1.0,27.57021920340404,92.42049734933036,8.650000095367432,23.92,99.87,0.692781004963048,2.75998823289286
PALMAR DE VARELA,2021,11,41,1,0.0,0.0,0.0,0.0,0.0,0.0,1.0,0.0,0.0,0.0,0.0,0.0,1.0,1.0,0.0,1.0,0.0,0.0,1.0,0.0,1.0,0.0,0.0,0.0,1.0,0.0,1.0,0.0,0.0,0.0,0.0,1.0,27.310791451590426,92.0067116873605,13.97285715171269,23.92,99.87,0.692781004963048,2.75998823289286
PALMAR DE VARELA,2021,11,43,1,0.0,0.0,0.0,0.0,1.0,0.0,0.0,1.0,0.0,0.0,0.0,0.0,0.0,1.0,0.0,1.0,0.0,0.0,1.0,0.0,1.0,0.0,0.0,0.0,1.0,0.0,1.0,0.0,0.0,0.0,0.0,1.0,27.236838640485512,92.87188720703124,17.672857301575796,23.92,99.87,0.692781004963048,2.75998823289286
PALMAR DE VARELA,2021,12,45,1,1.0,0.0,0.0,0.0,0.0,0.0,0.0,1.0,0.0,0.0,0.0,0.0,0.0,1.0,0.0,0.0,1.0,0.0,1.0,1.0,0.0,0.0,0.0,0.0,1.0,0.0,1.0,0.0,0.0,0.0,0.0,1.0,27.39131862095426,92.48726327078684,2.6328571821962083,23.92,99.87,0.692781004963048,2.75998823289286
PALMAR DE VARELA,2021,12,46,1,1.0,0.0,0.0,0.0,0.0,0.0,0.0,0.0,0.0,0.0,0.0,0.0,1.0,1.0,0.0,0.0,1.0,0.0,1.0,1.0,0.0,0.0,0.0,0.0,1.0,0.0,1.0,0.0,0.0,0.0,0.0,1.0,27.57737339564734,92.56406511579242,9.697143392903463,23.92,99.87,0.692781004963048,2.75998823289286
PALMAR DE VARELA,2021,12,48,1,0.0,0.0,0.0,0.0,1.0,0.0,0.0,0.0,0.0,0.0,0.0,0.0,1.0,1.0,0.0,1.0,0.0,0.0,1.0,0.0,1.0,0.0,0.0,0.0,1.0,0.0,1.0,0.0,0.0,0.0,0.0,1.0,26.962843104771224,92.94439479282924,11.127142974308558,23.92,99.87,0.692781004963048,2.75998823289286
PALMAR DE VARELA,2021,13,50,1,0.0,0.0,0.0,0.0,0.0,0.0,1.0,0.0,0.0,0.0,0.0,0.0,1.0,1.0,0.0,1.0,0.0,0.0,1.0,1.0,0.0,0.0,0.0,0.0,1.0,0.0,1.0,0.0,0.0,0.0,0.0,1.0,27.438766915457613,90.6742640904018,1.7414285710879736,23.92,99.87,0.692781004963048,2.75998823289286
PALMAR DE VARELA,2022,1,3,1,0.0,0.0,1.0,0.0,0.0,0.0,0.0,0.0,0.0,0.0,0.0,0.0,1.0,1.0,0.0,1.0,0.0,0.0,1.0,0.0,1.0,0.0,0.0,0.0,1.0,0.0,1.0,0.0,0.0,0.0,0.0,1.0,27.930891200474356,88.56894356863839,4.142857142857143,23.95,99.97,0.692781004963048,2.75998823289286
PALMAR DE VARELA,2022,4,14,1,0.0,0.0,0.0,0.0,1.0,0.0,0.0,1.0,0.0,0.0,0.0,0.0,0.0,1.0,0.0,0.0,1.0,0.0,1.0,1.0,0.0,0.0,0.0,0.0,1.0,0.0,1.0,0.0,0.0,1.0,0.0,0.0,28.326806640625016,88.59730638776507,7.618571264403207,23.95,99.97,0.692781004963048,2.75998823289286
PALMAR DE VARELA,2022,4,16,1,0.0,0.0,0.0,0.0,1.0,0.0,0.0,1.0,0.0,0.0,0.0,0.0,0.0,1.0,0.0,1.0,0.0,0.0,1.0,1.0,0.0,0.0,0.0,0.0,1.0,0.0,1.0,0.0,0.0,0.0,0.0,1.0,27.88684343610493,89.49045126778739,14.672857420785087,23.95,99.97,0.692781004963048,2.75998823289286
PALMAR DE VARELA,2022,8,29,1,0.0,1.0,0.0,0.0,0.0,0.0,0.0,0.0,0.0,0.0,0.0,0.0,1.0,1.0,0.0,0.0,1.0,0.0,1.0,0.0,1.0,0.0,0.0,0.0,1.0,0.0,1.0,0.0,0.0,1.0,0.0,0.0,28.24866420200895,91.18506404331752,7.677142824445452,23.95,99.97,0.692781004963048,2.75998823289286
PALMAR DE VARELA,2022,8,32,3,0.6666666666666666,0.3333333333333333,0.0,0.0,0.0,0.0,0.0,0.3333333333333333,0.0,0.0,0.0,0.0,0.6666666666666666,1.0,0.0,0.0,1.0,0.0,1.0,1.0,0.0,0.0,0.0,0.0,1.0,0.0,1.0,0.0,0.0,0.0,0.0,1.0,27.938923863002252,91.712160382952,11.050000020435878,23.95,99.97,0.692781004963048,2.75998823289286
PALMAR DE VARELA,2022,9,34,1,1.0,0.0,0.0,0.0,0.0,0.0,0.0,0.0,0.0,0.0,0.0,0.0,1.0,1.0,0.0,1.0,0.0,0.0,1.0,1.0,0.0,0.0,0.0,0.0,1.0,0.0,0.0,1.0,0.0,1.0,0.0,0.0,27.357441929408505,92.1357149396624,13.980000155312675,23.95,99.97,0.692781004963048,2.75998823289286
PALMAR DE VARELA,2022,11,42,1,0.0,0.0,0.0,0.0,0.0,0.0,1.0,1.0,0.0,0.0,0.0,0.0,0.0,1.0,0.0,0.0,1.0,0.0,1.0,1.0,0.0,0.0,0.0,0.0,1.0,0.0,1.0,0.0,0.0,0.0,0.0,1.0,27.230671909877252,93.55637686593192,13.63571446282523,23.95,99.97,0.692781004963048,2.75998823289286
PALMAR DE VARELA,2022,12,46,1,0.0,1.0,0.0,0.0,0.0,0.0,0.0,0.0,0.0,0.0,0.0,0.0,1.0,1.0,0.0,0.0,1.0,0.0,1.0,0.0,1.0,0.0,0.0,0.0,1.0,0.0,1.0,0.0,0.0,0.0,0.0,1.0,26.531586129324783,94.00723920549665,19.80571416446141,23.95,99.97,0.692781004963048,2.75998823289286
PALMAR DE VARELA,2022,12,47,1,0.0,0.0,1.0,0.0,0.0,0.0,0.0,1.0,0.0,0.0,0.0,0.0,0.0,1.0,0.0,0.0,1.0,0.0,1.0,1.0,0.0,0.0,0.0,0.0,1.0,0.0,1.0,0.0,0.0,0.0,0.0,1.0,27.084542846679703,93.15916987827846,6.917142833982195,23.95,99.97,0.692781004963048,2.75998823289286
PALMAR DE VARELA,2022,12,48,3,0.6666666666666666,0.3333333333333333,0.0,0.0,0.0,0.0,0.0,0.3333333333333333,0.0,0.0,0.0,0.0,0.6666666666666666,0.6666666666666666,0.3333333333333333,0.0,1.0,0.0,1.0,0.6666666666666666,0.3333333333333333,0.0,0.0,0.0,1.0,0.0,1.0,0.0,0.0,0.3333333333333333,0.0,0.6666666666666666,26.70432216099332,93.0478036063058,7.977142751216888,23.95,99.97,0.692781004963048,2.75998823289286
PALMAR DE VARELA,2022,13,50,1,1.0,0.0,0.0,0.0,0.0,0.0,0.0,0.0,0.0,0.0,0.0,0.0,1.0,1.0,0.0,1.0,0.0,0.0,1.0,0.0,1.0,0.0,0.0,0.0,1.0,0.0,0.0,0.0,1.0,0.0,0.0,1.0,27.00459769112725,92.08675820486886,5.0014287031122615,23.95,99.97,0.692781004963048,2.75998823289286
PALMAR DE VARELA,2022,13,51,1,1.0,0.0,0.0,0.0,0.0,0.0,0.0,0.0,0.0,0.0,0.0,0.0,1.0,1.0,0.0,1.0,0.0,0.0,1.0,0.0,1.0,0.0,0.0,0.0,1.0,0.0,1.0,0.0,0.0,0.0,0.0,1.0,27.73307189941408,89.79902648925781,0.7142857142857143,23.95,99.97,0.692781004963048,2.75998823289286
PALMAR DE VARELA,2023,1,2,1,0.0,1.0,0.0,0.0,0.0,0.0,0.0,0.0,0.0,0.0,1.0,0.0,0.0,1.0,0.0,0.0,1.0,0.0,1.0,0.0,1.0,0.0,0.0,0.0,1.0,0.0,1.0,0.0,0.0,1.0,0.0,0.0,27.3145451136998,91.60575757707868,2.812857121229172,23.91,99.79,0.692781004963048,2.75998823289286
PALMAR DE VARELA,2023,1,3,2,1.0,0.0,0.0,0.0,0.0,0.0,0.0,0.0,0.0,0.0,0.0,0.0,1.0,1.0,0.0,0.5,0.5,0.0,1.0,0.5,0.5,0.0,0.0,0.0,1.0,0.0,1.0,0.0,0.0,0.0,0.0,1.0,27.57436305454801,89.89166259765625,4.571428571428571,23.91,99.79,0.692781004963048,2.75998823289286
PALMAR DE VARELA,2023,1,4,1,0.0,0.0,0.0,0.0,1.0,0.0,0.0,1.0,0.0,0.0,0.0,0.0,0.0,1.0,0.0,1.0,0.0,0.0,1.0,1.0,0.0,0.0,0.0,0.0,1.0,0.0,1.0,0.0,0.0,0.0,0.0,1.0,28.234440830775693,85.3623286655971,0.0,23.91,99.79,0.692781004963048,2.75998823289286
PALMAR DE VARELA,2023,2,6,2,0.0,0.0,0.0,0.0,0.5,0.0,0.5,0.5,0.0,0.0,0.0,0.0,0.5,1.0,0.0,1.0,0.0,0.0,1.0,0.5,0.5,0.0,0.0,0.0,1.0,0.0,1.0,0.0,0.0,0.0,0.0,1.0,28.207395717075915,85.09400721958706,0.2857142857142857,23.91,99.79,0.692781004963048,2.75998823289286
PALMAR DE VARELA,2023,2,7,1,1.0,0.0,0.0,0.0,0.0,0.0,0.0,1.0,0.0,0.0,0.0,0.0,0.0,1.0,0.0,0.0,1.0,0.0,1.0,0.0,1.0,0.0,0.0,0.0,1.0,0.0,1.0,0.0,0.0,0.0,0.0,1.0,28.07117178780694,84.65578896658761,1.8571428571428568,23.91,99.79,0.692781004963048,2.75998823289286
PALMAR DE VARELA,2023,3,9,1,0.0,1.0,0.0,0.0,0.0,0.0,0.0,0.0,0.0,0.0,0.0,0.0,1.0,1.0,0.0,0.0,1.0,0.0,1.0,0.0,1.0,0.0,0.0,0.0,1.0,0.0,1.0,0.0,0.0,1.0,0.0,0.0,27.84555969238283,86.67933654785156,0.0,23.91,99.79,0.692781004963048,2.75998823289286
PALMAR DE VARELA,2023,4,14,4,0.25,0.25,0.0,0.0,0.0,0.0,0.5,0.25,0.0,0.0,0.0,0.0,0.75,1.0,0.0,0.75,0.25,0.0,1.0,0.75,0.25,0.0,0.0,0.0,1.0,0.0,1.0,0.0,0.0,0.0,0.0,1.0,28.922705950055825,83.97175925118583,1.1642857193946838,23.91,99.79,0.692781004963048,2.75998823289286
PALMAR DE VARELA,2023,5,19,5,0.6,0.0,0.0,0.0,0.4,0.0,0.0,0.6,0.0,0.0,0.0,0.0,0.4,1.0,0.0,0.8,0.2,0.0,1.0,0.8,0.2,0.0,0.0,0.0,1.0,0.0,1.0,0.0,0.0,0.0,0.0,1.0,29.40983843122212,87.02640860421317,2.9899998903274536,23.91,99.79,0.692781004963048,2.75998823289286
PALMAR DE VARELA,2023,6,22,1,0.0,0.0,0.0,0.0,1.0,0.0,0.0,0.0,0.0,0.0,0.0,0.0,1.0,1.0,0.0,1.0,0.0,0.0,1.0,1.0,0.0,0.0,0.0,0.0,1.0,0.0,1.0,0.0,0.0,0.0,0.0,1.0,28.457208251953144,90.073237827846,27.689999989100865,23.91,99.79,0.692781004963048,2.75998823289286
PALMAR DE VARELA,2023,7,28,1,1.0,0.0,0.0,0.0,0.0,0.0,0.0,1.0,0.0,0.0,0.0,0.0,0.0,1.0,0.0,0.0,1.0,0.0,1.0,1.0,0.0,0.0,0.0,0.0,1.0,0.0,1.0,0.0,0.0,0.0,0.0,1.0,28.985561261858276,89.18731144496373,2.62999997820173,23.91,99.79,0.692781004963048,2.75998823289286
PALMAR DE VARELA,2023,8,30,1,0.0,1.0,0.0,0.0,0.0,0.0,0.0,0.0,0.0,0.0,0.0,0.0,1.0,1.0,0.0,0.0,1.0,0.0,1.0,1.0,0.0,0.0,0.0,0.0,1.0,0.0,1.0,0.0,0.0,1.0,0.0,0.0,29.006555175781276,89.6519284929548,9.527142958449463,23.91,99.79,0.692781004963048,2.75998823289286
PALMAR DE VARELA,2023,8,32,2,0.5,0.0,0.0,0.0,0.5,0.0,0.0,0.0,0.0,0.0,0.0,0.0,1.0,1.0,0.0,1.0,0.0,0.0,1.0,0.0,1.0,0.0,0.0,0.0,1.0,0.0,1.0,0.0,0.0,0.0,0.0,1.0,28.851719883510054,91.59909275599888,6.505714126995632,23.91,99.79,0.692781004963048,2.75998823289286
PALMAR DE VARELA,2023,9,35,1,0.0,0.0,0.0,0.0,0.0,0.0,1.0,0.0,0.0,0.0,0.0,0.0,1.0,1.0,0.0,1.0,0.0,0.0,1.0,1.0,0.0,0.0,0.0,0.0,1.0,0.0,1.0,0.0,0.0,0.0,0.0,1.0,29.11185389927457,92.14585440499442,6.921428671904972,23.91,99.79,0.692781004963048,2.75998823289286
PALMAR DE VARELA,2023,9,36,1,0.0,0.0,0.0,0.0,0.0,0.0,1.0,1.0,0.0,0.0,0.0,0.0,0.0,1.0,0.0,1.0,0.0,0.0,1.0,1.0,0.0,0.0,0.0,0.0,1.0,0.0,1.0,0.0,0.0,0.0,0.0,1.0,28.346671404157384,92.6022240774972,6.841428467205593,23.91,99.79,0.692781004963048,2.75998823289286
PALMAR DE VARELA,2023,10,37,1,1.0,0.0,0.0,0.0,0.0,0.0,0.0,0.0,0.0,0.0,0.0,1.0,0.0,1.0,0.0,1.0,0.0,0.0,1.0,0.0,1.0,0.0,0.0,0.0,1.0,0.0,1.0,0.0,0.0,0.0,0.0,1.0,28.523217773437523,92.49626813616072,4.3642856904438565,23.91,99.79,0.692781004963048,2.75998823289286
PALMAR DE VARELA,2023,10,40,3,0.6666666666666666,0.0,0.0,0.0,0.0,0.0,0.3333333333333333,0.0,0.0,0.3333333333333333,0.0,0.3333333333333333,0.3333333333333333,1.0,0.0,0.3333333333333333,0.6666666666666666,0.0,1.0,0.6666666666666666,0.3333333333333333,0.0,0.0,0.0,1.0,0.0,1.0,0.0,0.0,0.3333333333333333,0.0,0.6666666666666666,28.033192661830377,93.14151545933316,16.508571326732635,23.91,99.79,0.692781004963048,2.75998823289286
PALMAR DE VARELA,2023,11,41,1,1.0,0.0,0.0,0.0,0.0,0.0,0.0,0.0,0.0,0.0,0.0,0.0,1.0,1.0,0.0,0.0,1.0,0.0,1.0,1.0,0.0,0.0,0.0,0.0,1.0,0.0,1.0,0.0,0.0,0.0,0.0,1.0,28.000844029017877,92.48284585135325,9.068571482385908,23.91,99.79,0.692781004963048,2.75998823289286
PALMAR DE VARELA,2023,11,42,1,0.0,0.0,0.0,0.0,0.0,0.0,1.0,0.0,0.0,0.0,0.0,0.0,1.0,1.0,0.0,0.0,1.0,0.0,1.0,0.0,1.0,0.0,0.0,0.0,1.0,0.0,1.0,0.0,0.0,0.0,0.0,1.0,28.063793073381717,93.2393330165318,7.144285815102713,23.91,99.79,0.692781004963048,2.75998823289286
PALMAR DE VARELA,2023,12,46,1,0.0,1.0,0.0,0.0,0.0,0.0,0.0,1.0,0.0,0.0,0.0,0.0,0.0,1.0,0.0,1.0,0.0,0.0,1.0,0.0,1.0,0.0,0.0,0.0,1.0,0.0,1.0,0.0,0.0,1.0,0.0,0.0,27.93698163713729,93.40667506626674,7.585714357239859,23.91,99.79,0.692781004963048,2.75998823289286
PIOJÓ,2018,5,20,1,0.0,1.0,0.0,0.0,0.0,0.0,0.0,1.0,0.0,0.0,0.0,0.0,0.0,1.0,0.0,1.0,0.0,0.0,1.0,1.0,0.0,0.0,1.0,0.0,0.0,0.0,1.0,0.0,0.0,0.0,0.0,1.0,26.97192741272945,90.9984627375527,-6664.451450892857,23.3,97.18,3.430433480718549,7.954901154354912
PIOJÓ,2018,6,22,5,0.4,0.2,0.4,0.0,0.0,0.0,0.0,0.6,0.0,0.0,0.0,0.0,0.4,1.0,0.0,1.0,0.0,0.0,1.0,0.4,0.6,0.0,1.0,0.0,0.0,0.0,1.0,0.0,0.0,0.0,1.0,0.0,27.515348517200955,91.35988960064276,-6664.447637648809,23.3,97.18,3.430433480718549,7.954901154354912
PIOJÓ,2018,6,23,1,0.0,0.0,0.0,0.0,1.0,0.0,0.0,0.0,0.0,0.0,0.0,0.0,1.0,1.0,0.0,1.0,0.0,0.0,1.0,1.0,0.0,0.0,1.0,0.0,0.0,0.0,1.0,0.0,0.0,0.0,0.0,1.0,28.05098909246862,90.23049519049428,-6665.384765625,23.3,97.18,3.430433480718549,7.954901154354912
PIOJÓ,2020,3,11,1,1.0,0.0,0.0,0.0,0.0,0.0,0.0,1.0,0.0,0.0,0.0,0.0,0.0,1.0,0.0,0.0,1.0,0.0,1.0,0.0,1.0,0.0,1.0,0.0,0.0,0.0,1.0,0.0,0.0,1.0,0.0,0.0,27.71562488697196,83.92734721350293,1.3333333333333333,23.03,96.16,3.430433480718549,7.954901154354912
PIOJÓ,2020,3,12,1,1.0,0.0,0.0,0.0,0.0,0.0,0.0,1.0,0.0,0.0,0.0,0.0,0.0,1.0,0.0,0.0,1.0,0.0,1.0,0.0,1.0,0.0,1.0,0.0,0.0,0.0,1.0,0.0,0.0,0.0,0.0,1.0,28.056465867461373,81.62361064285197,-1903.441871279762,23.03,96.16,3.430433480718549,7.954901154354912
PIOJÓ,2020,4,14,2,0.5,0.0,0.0,0.0,0.5,0.0,0.0,0.5,0.0,0.5,0.0,0.0,0.0,1.0,0.0,0.0,1.0,0.0,1.0,0.5,0.5,0.0,1.0,0.0,0.0,0.0,1.0,0.0,0.0,0.0,0.0,1.0,28.755999723565683,85.0983145577567,-5712.624348958334,23.03,96.16,3.430433480718549,7.954901154354912
PIOJÓ,2020,4,15,1,1.0,0.0,0.0,0.0,0.0,0.0,0.0,1.0,0.0,0.0,0.0,0.0,0.0,1.0,0.0,0.0,1.0,0.0,1.0,1.0,0.0,0.0,1.0,0.0,0.0,0.0,1.0,0.0,0.0,0.0,0.0,1.0,28.92711388320521,84.53598849987858,-6665.686569940476,23.03,96.16,3.430433480718549,7.954901154354912
PIOJÓ,2020,4,16,1,0.0,1.0,0.0,0.0,0.0,0.0,0.0,1.0,0.0,0.0,0.0,0.0,0.0,1.0,0.0,0.0,1.0,0.0,1.0,0.0,1.0,0.0,1.0,0.0,0.0,0.0,1.0,0.0,0.0,0.0,0.0,1.0,28.667581338226515,85.34448052461815,-5712.885323660715,23.03,96.16,3.430433480718549,7.954901154354912
PIOJÓ,2021,1,1,1,0.0,0.0,0.0,0.0,1.0,0.0,0.0,0.0,0.0,0.0,0.0,0.0,1.0,1.0,0.0,0.0,1.0,0.0,1.0,0.0,1.0,0.0,1.0,0.0,0.0,0.0,1.0,0.0,0.0,0.0,0.0,1.0,26.759129390010155,88.3797103639633,0.4761904761904762,23.36,97.6,3.430433480718549,7.954901154354912
PIOJÓ,2021,2,6,1,1.0,0.0,0.0,0.0,0.0,0.0,0.0,0.0,0.0,0.0,0.0,0.0,1.0,1.0,0.0,0.0,1.0,0.0,1.0,0.0,1.0,0.0,1.0,0.0,0.0,0.0,1.0,0.0,0.0,0.0,0.0,1.0,27.935454789419047,85.25444616085638,-951.5042782738096,23.36,97.6,3.430433480718549,7.954901154354912
PIOJÓ,2021,3,11,1,0.0,0.0,0.0,0.0,1.0,0.0,0.0,0.0,0.0,0.0,0.0,0.0,1.0,1.0,0.0,0.0,1.0,0.0,1.0,1.0,0.0,0.0,1.0,0.0,0.0,0.0,1.0,0.0,0.0,0.0,0.0,1.0,27.55183284698973,83.23499548372138,-3807.3700706845234,23.36,97.6,3.430433480718549,7.954901154354912
PIOJÓ,2021,10,38,1,1.0,0.0,0.0,0.0,0.0,0.0,0.0,1.0,0.0,0.0,0.0,0.0,0.0,1.0,0.0,0.0,1.0,0.0,1.0,0.0,1.0,0.0,1.0,0.0,0.0,0.0,0.0,1.0,0.0,0.0,0.0,1.0,27.013391759155923,91.84446651721126,-6664.803757440476,23.36,97.6,3.430433480718549,7.954901154354912
PIOJÓ,2021,10,40,3,0.0,0.0,0.0,0.0,0.6666666666666666,0.0,0.3333333333333333,0.0,0.0,0.0,0.0,0.0,1.0,1.0,0.0,0.3333333333333333,0.6666666666666666,0.0,1.0,1.0,0.0,0.0,1.0,0.0,0.0,0.0,1.0,0.0,0.0,0.3333333333333333,0.0,0.6666666666666666,26.932483846674565,92.70538899255178,-6664.6290922619055,23.36,97.6,3.430433480718549,7.954901154354912
PIOJÓ,2021,11,43,1,0.0,0.0,0.0,0.0,1.0,0.0,0.0,0.0,0.0,0.0,0.0,0.0,1.0,1.0,0.0,0.0,1.0,0.0,1.0,1.0,0.0,0.0,1.0,0.0,0.0,0.0,1.0,0.0,0.0,0.0,0.0,1.0,26.72941035517942,93.2394929512468,-6663.551060267857,23.36,97.6,3.430433480718549,7.954901154354912
PIOJÓ,2021,11,44,1,0.0,0.0,0.0,0.0,1.0,0.0,0.0,0.0,0.0,0.0,0.0,0.0,1.0,1.0,0.0,0.0,1.0,0.0,1.0,0.0,1.0,0.0,1.0,0.0,0.0,0.0,0.0,1.0,0.0,0.0,0.0,1.0,25.646585486679506,92.089640985721,-6662.553850446428,23.36,97.6,3.430433480718549,7.954901154354912
PIOJÓ,2021,12,48,1,0.0,1.0,0.0,0.0,0.0,0.0,0.0,0.0,0.0,0.0,0.0,0.0,1.0,1.0,0.0,0.0,1.0,0.0,1.0,1.0,0.0,0.0,1.0,0.0,0.0,0.0,0.0,1.0,0.0,0.0,0.0,1.0,26.449010406978577,92.49843488420758,-5711.967633928572,23.36,97.6,3.430433480718549,7.954901154354912
PIOJÓ,2022,3,9,1,0.0,0.0,0.0,0.0,0.0,0.0,1.0,0.0,0.0,0.0,0.0,0.0,1.0,1.0,0.0,1.0,0.0,0.0,1.0,1.0,0.0,0.0,1.0,0.0,0.0,0.0,1.0,0.0,0.0,0.0,0.0,1.0,27.44612245912908,85.88547136417773,-4760.230003720239,23.59,98.46,3.430433480718549,7.954901154354912
PIOJÓ,2022,5,17,1,0.0,0.0,0.0,0.0,0.0,0.0,1.0,0.0,0.0,0.0,0.0,0.0,1.0,1.0,0.0,0.0,1.0,0.0,1.0,1.0,0.0,0.0,1.0,0.0,0.0,0.0,1.0,0.0,0.0,0.0,0.0,1.0,27.37750812510337,89.498415629069,-6663.378069196428,23.59,98.46,3.430433480718549,7.954901154354912
PIOJÓ,2022,5,18,1,1.0,0.0,0.0,0.0,0.0,0.0,0.0,0.0,0.0,0.0,0.0,0.0,1.0,1.0,0.0,1.0,0.0,0.0,1.0,1.0,0.0,0.0,1.0,0.0,0.0,0.0,1.0,0.0,0.0,0.0,0.0,1.0,27.592649300388583,90.39295313597988,-6663.2599516369055,23.59,98.46,3.430433480718549,7.954901154354912
PIOJÓ,2022,6,22,2,0.0,0.0,0.0,0.0,0.5,0.0,0.5,0.0,0.0,0.0,0.0,0.0,1.0,0.5,0.5,0.5,0.5,0.0,1.0,1.0,0.0,0.0,1.0,0.0,0.0,0.0,1.0,0.0,0.0,0.0,0.0,1.0,27.263577690326365,92.13424218394768,-6663.708147321428,23.59,98.46,3.430433480718549,7.954901154354912
PIOJÓ,2022,6,23,1,0.0,0.0,0.0,0.0,1.0,0.0,0.0,0.0,0.0,0.0,0.0,0.0,1.0,1.0,0.0,0.0,1.0,0.0,1.0,1.0,0.0,0.0,1.0,0.0,0.0,0.0,1.0,0.0,0.0,0.0,0.0,1.0,26.5075399731833,91.947141495962,-6660.884021577381,23.59,98.46,3.430433480718549,7.954901154354912
PIOJÓ,2022,7,25,1,0.0,0.0,0.0,0.0,1.0,0.0,0.0,0.0,0.0,0.0,0.0,0.0,1.0,1.0,0.0,0.0,1.0,0.0,1.0,1.0,0.0,0.0,1.0,0.0,0.0,0.0,1.0,0.0,0.0,1.0,0.0,0.0,26.72505126630191,92.89746109896866,-6662.703404017857,23.59,98.46,3.430433480718549,7.954901154354912
PIOJÓ,2022,10,38,1,0.0,1.0,0.0,0.0,0.0,0.0,0.0,0.0,0.0,0.0,0.0,0.0,1.0,1.0,0.0,0.0,1.0,0.0,1.0,0.0,1.0,0.0,1.0,0.0,0.0,0.0,1.0,0.0,0.0,0.0,0.0,1.0,26.008286685035376,93.83323826865544,-6664.043340773809,23.59,98.46,3.430433480718549,7.954901154354912
PIOJÓ,2022,13,50,1,1.0,0.0,0.0,0.0,0.0,0.0,0.0,0.0,0.0,0.0,0.0,0.0,1.0,1.0,0.0,0.0,1.0,0.0,1.0,0.0,1.0,0.0,1.0,0.0,0.0,0.0,1.0,0.0,0.0,0.0,0.0,1.0,26.43813872160737,91.10065395617612,-2853.785714194888,23.59,98.46,3.430433480718549,7.954901154354912
PIOJÓ,2022,13,51,1,1.0,0.0,0.0,0.0,0.0,0.0,0.0,0.0,0.0,0.0,0.0,0.0,1.0,1.0,0.0,0.0,1.0,0.0,1.0,0.0,1.0,0.0,1.0,0.0,0.0,0.0,1.0,0.0,0.0,0.0,0.0,1.0,26.97641761416483,88.33890723172951,1.4761904761904765,23.59,98.46,3.430433480718549,7.954901154354912
PIOJÓ,2023,7,28,2,1.0,0.0,0.0,0.0,0.0,0.0,0.0,0.0,0.0,0.0,0.0,0.0,1.0,1.0,0.0,1.0,0.0,0.0,1.0,0.0,1.0,0.0,1.0,0.0,0.0,0.0,0.0,0.0,1.0,0.0,0.0,1.0,28.266650600534287,90.6887779034004,-6665.298549107143,23.38,97.39,3.430433480718549,7.954901154354912
PIOJÓ,2023,8,29,1,1.0,0.0,0.0,0.0,0.0,0.0,0.0,0.0,0.0,0.0,0.0,0.0,1.0,1.0,0.0,1.0,0.0,0.0,1.0,0.0,1.0,0.0,1.0,0.0,0.0,0.0,0.0,0.0,1.0,0.0,0.0,1.0,28.79516184973342,90.04860461199725,-4760.896298363095,23.38,97.39,3.430433480718549,7.954901154354912
PIOJÓ,2023,8,31,2,0.5,0.0,0.0,0.0,0.5,0.0,0.0,0.0,0.0,0.0,0.0,0.0,1.0,1.0,0.0,1.0,0.0,0.0,1.0,0.0,1.0,0.0,1.0,0.0,0.0,0.0,0.0,0.0,1.0,0.0,0.0,1.0,29.052380629443643,90.1857918633355,-6665.631789434524,23.38,97.39,3.430433480718549,7.954901154354912
PIOJÓ,2023,9,33,1,0.0,0.0,0.0,0.0,1.0,0.0,0.0,0.0,0.0,0.0,0.0,0.0,1.0,1.0,0.0,1.0,0.0,0.0,1.0,0.0,1.0,0.0,1.0,0.0,0.0,0.0,0.0,0.0,1.0,0.0,0.0,1.0,28.042616699864656,92.57348499600847,-6664.819103422619,23.38,97.39,3.430433480718549,7.954901154354912
PIOJÓ,2023,9,34,2,0.5,0.5,0.0,0.0,0.0,0.0,0.0,0.5,0.0,0.0,0.0,0.0,0.5,0.5,0.5,0.0,1.0,0.0,1.0,0.5,0.5,0.0,1.0,0.0,0.0,0.0,1.0,0.0,0.0,0.0,0.0,1.0,27.49380391438805,92.87220477553272,-6662.948474702381,23.38,97.39,3.430433480718549,7.954901154354912
PIOJÓ,2023,9,35,1,1.0,0.0,0.0,0.0,0.0,0.0,0.0,0.0,0.0,0.0,0.0,0.0,1.0,1.0,0.0,1.0,0.0,0.0,1.0,0.0,1.0,0.0,1.0,0.0,0.0,0.0,0.0,1.0,0.0,0.0,0.0,1.0,28.55657009548613,92.42546416590451,-5712.386253720238,23.38,97.39,3.430433480718549,7.954901154354912
PIOJÓ,2023,9,36,2,0.5,0.0,0.0,0.0,0.5,0.0,0.0,0.0,0.0,0.0,0.0,0.0,1.0,1.0,0.0,0.0,1.0,0.0,1.0,0.0,1.0,0.0,1.0,0.0,0.0,0.0,1.0,0.0,0.0,0.0,0.0,1.0,27.678582279265893,93.29643035565734,-6663.744233630952,23.38,97.39,3.430433480718549,7.954901154354912
PIOJÓ,2023,10,37,2,1.0,0.0,0.0,0.0,0.0,0.0,0.0,0.0,0.0,0.0,0.0,0.0,1.0,1.0,0.0,0.5,0.5,0.0,1.0,0.0,1.0,0.0,1.0,0.0,0.0,0.0,0.5,0.5,0.0,0.0,0.0,1.0,27.89226167870579,92.99443050162502,-6664.962890625,23.38,97.39,3.430433480718549,7.954901154354912
PIOJÓ,2023,10,38,6,0.3333333333333333,0.0,0.0,0.0,0.6666666666666666,0.0,0.0,0.0,0.0,0.0,0.0,0.0,1.0,1.0,0.0,0.1666666666666666,0.8333333333333334,0.0,1.0,0.6666666666666666,0.3333333333333333,0.0,1.0,0.0,0.0,0.0,0.8333333333333334,0.1666666666666666,0.0,0.1666666666666666,0.0,0.8333333333333334,28.057188278279,93.7934930387628,-6664.780040922619,23.38,97.39,3.430433480718549,7.954901154354912
PIOJÓ,2023,10,39,6,0.3333333333333333,0.1666666666666666,0.0,0.0,0.3333333333333333,0.0,0.1666666666666666,0.0,0.0,0.0,0.0,0.0,1.0,1.0,0.0,0.0,1.0,0.0,1.0,0.5,0.5,0.0,1.0,0.0,0.0,0.0,1.0,0.0,0.0,0.1666666666666666,0.0,0.8333333333333334,27.919253588479688,94.39538457153968,-6664.6095610119055,23.38,97.39,3.430433480718549,7.954901154354912
PIOJÓ,2023,10,40,5,0.6,0.0,0.0,0.0,0.2,0.0,0.2,0.0,0.0,0.0,0.0,0.0,1.0,1.0,0.0,0.2,0.8,0.0,1.0,0.4,0.6,0.0,1.0,0.0,0.0,0.0,1.0,0.0,0.0,0.0,0.0,1.0,27.43498055594309,93.97820144734057,-6662.505859375,23.38,97.39,3.430433480718549,7.954901154354912
PIOJÓ,2023,12,45,1,0.0,0.0,0.0,0.0,1.0,0.0,0.0,0.0,0.0,0.0,0.0,0.0,1.0,1.0,0.0,0.0,1.0,0.0,1.0,1.0,0.0,0.0,1.0,0.0,0.0,0.0,1.0,0.0,0.0,0.0,0.0,1.0,27.919937408285826,93.39788172484708,-6665.465215773809,23.38,97.39,3.430433480718549,7.954901154354912
PIOJÓ,2023,12,47,1,1.0,0.0,0.0,0.0,0.0,0.0,0.0,0.0,0.0,0.0,0.0,0.0,1.0,1.0,0.0,0.0,1.0,0.0,1.0,0.0,1.0,0.0,1.0,0.0,0.0,0.0,1.0,0.0,0.0,0.0,0.0,1.0,26.74540988175329,93.25463847003915,-6664.638578869047,23.38,97.39,3.430433480718549,7.954901154354912
PIOJÓ,2023,12,48,1,0.0,0.0,0.0,0.0,1.0,0.0,0.0,0.0,0.0,0.0,0.0,0.0,1.0,1.0,0.0,0.0,1.0,0.0,1.0,0.0,1.0,0.0,1.0,0.0,0.0,0.0,1.0,0.0,0.0,0.0,0.0,1.0,27.55924611570976,90.81527568675854,-1903.6066778273807,23.38,97.39,3.430433480718549,7.954901154354912
PIOJÓ,2023,13,49,2,1.0,0.0,0.0,0.0,0.0,0.0,0.0,0.5,0.0,0.0,0.0,0.0,0.5,1.0,0.0,0.5,0.5,0.0,1.0,0.0,1.0,0.0,1.0,0.0,0.0,0.0,1.0,0.0,0.0,0.0,0.0,1.0,27.416719822151965,89.4661823656193,0.5714285714285714,23.38,97.39,3.430433480718549,7.954901154354912
PIOJÓ,2023,13,51,1,1.0,0.0,0.0,0.0,0.0,0.0,0.0,1.0,0.0,0.0,0.0,0.0,0.0,1.0,0.0,0.0,1.0,0.0,1.0,0.0,1.0,0.0,1.0,0.0,0.0,0.0,1.0,0.0,0.0,1.0,0.0,0.0,27.55965237087675,89.83125018568896,-2854.3143601190477,23.38,97.39,3.430433480718549,7.954901154354912
POLONUEVO,2017,8,31,1,0.0,0.0,0.0,0.0,0.0,0.0,1.0,0.0,0.0,0.0,0.0,0.0,1.0,1.0,0.0,1.0,0.0,0.0,1.0,0.0,1.0,1.0,0.0,0.0,0.0,0.0,1.0,0.0,0.0,0.0,0.0,1.0,27.070509847005237,91.86190141950335,16.54857158235141,23.97,99.88,0.058357962997487,10.99447512538042
POLONUEVO,2017,9,33,1,0.0,0.0,0.0,0.0,1.0,0.0,0.0,0.0,0.0,0.0,0.0,0.0,1.0,1.0,0.0,1.0,0.0,0.0,1.0,0.0,1.0,1.0,0.0,0.0,0.0,0.0,1.0,0.0,0.0,0.0,0.0,1.0,27.795307413737,92.07779693603516,10.428571428571429,23.97,99.88,0.058357962997487,10.99447512538042
POLONUEVO,2017,11,41,1,0.0,1.0,0.0,0.0,0.0,0.0,0.0,0.0,0.0,0.0,0.0,0.0,1.0,1.0,0.0,0.0,1.0,0.0,1.0,0.0,1.0,1.0,0.0,0.0,0.0,0.0,1.0,0.0,0.0,0.0,0.0,1.0,27.602674647739985,93.32637568882534,4.769999980926514,23.97,99.88,0.058357962997487,10.99447512538042
POLONUEVO,2017,12,46,1,0.0,0.0,0.0,0.0,0.0,0.0,1.0,0.0,0.0,0.0,0.0,0.0,1.0,1.0,0.0,1.0,0.0,0.0,1.0,0.0,1.0,1.0,0.0,0.0,0.0,0.0,1.0,0.0,0.0,0.0,0.0,1.0,26.475156220935663,93.2051562354678,7.547142965453012,23.97,99.88,0.058357962997487,10.99447512538042
POLONUEVO,2017,12,48,1,0.0,1.0,0.0,0.0,0.0,0.0,0.0,0.0,0.0,0.0,0.0,0.0,1.0,1.0,0.0,1.0,0.0,0.0,1.0,0.0,1.0,1.0,0.0,0.0,0.0,0.0,1.0,0.0,0.0,0.0,0.0,1.0,27.643776739211336,93.28964487711588,18.12000002179827,23.97,99.88,0.058357962997487,10.99447512538042
POLONUEVO,2018,1,1,1,0.0,1.0,0.0,0.0,0.0,0.0,0.0,0.0,0.0,0.0,0.0,0.0,1.0,1.0,0.0,1.0,0.0,0.0,1.0,1.0,0.0,1.0,0.0,0.0,0.0,0.0,1.0,0.0,0.0,0.0,0.0,1.0,26.747018432617228,93.10615648542132,5.9699998668261935,23.97,99.94,0.058357962997487,10.99447512538042
POLONUEVO,2018,1,2,1,1.0,0.0,0.0,0.0,0.0,0.0,0.0,0.0,0.0,0.0,0.0,0.0,1.0,1.0,0.0,1.0,0.0,0.0,1.0,1.0,0.0,1.0,0.0,0.0,0.0,0.0,1.0,0.0,0.0,0.0,0.0,1.0,27.00608578636536,93.8430382864816,3.5942856754575456,23.97,99.94,0.058357962997487,10.99447512538042
POLONUEVO,2018,2,5,1,0.0,1.0,0.0,0.0,0.0,0.0,0.0,0.0,0.0,0.0,0.0,0.0,1.0,1.0,0.0,1.0,0.0,0.0,1.0,0.0,1.0,1.0,0.0,0.0,0.0,0.0,1.0,0.0,0.0,0.0,0.0,1.0,27.944451904296905,85.10678354899088,0.0,23.97,99.94,0.058357962997487,10.99447512538042
POLONUEVO,2018,5,18,1,0.0,0.0,0.0,0.0,0.0,0.0,1.0,1.0,0.0,0.0,0.0,0.0,0.0,1.0,0.0,0.0,1.0,0.0,1.0,0.0,1.0,1.0,0.0,0.0,0.0,0.0,1.0,0.0,0.0,0.0,0.0,1.0,27.656952340262304,89.50802539643787,9.129999910082136,23.97,99.94,0.058357962997487,10.99447512538042
POLONUEVO,2018,6,22,2,0.0,0.0,0.0,0.0,1.0,0.0,0.0,1.0,0.0,0.0,0.0,0.0,0.0,1.0,0.0,0.0,1.0,0.0,1.0,1.0,0.0,1.0,0.0,0.0,0.0,0.0,1.0,0.0,0.0,0.5,0.0,0.5,27.93565339587986,90.62983122326078,10.02857175043651,23.97,99.94,0.058357962997487,10.99447512538042
POLONUEVO,2018,6,23,1,0.0,0.0,0.0,0.0,1.0,0.0,0.0,1.0,0.0,0.0,0.0,0.0,0.0,1.0,0.0,0.0,1.0,0.0,1.0,1.0,0.0,1.0,0.0,0.0,0.0,0.0,1.0,0.0,0.0,1.0,0.0,0.0,28.486965070452023,89.67361922491163,4.411428553717477,23.97,99.94,0.058357962997487,10.99447512538042
POLONUEVO,2018,6,24,2,0.5,0.0,0.0,0.0,0.0,0.0,0.5,0.5,0.0,0.0,0.0,0.0,0.5,1.0,0.0,0.0,1.0,0.0,1.0,0.0,1.0,1.0,0.0,0.0,0.0,0.0,0.5,0.5,0.0,0.5,0.0,0.5,27.87961222330732,90.642699832008,9.869999804667064,23.97,99.94,0.058357962997487,10.99447512538042
POLONUEVO,2018,7,25,6,0.1666666666666666,0.0,0.0,0.0,0.5,0.0,0.3333333333333333,0.5,0.0,0.0,0.0,0.0,0.5,1.0,0.0,0.5,0.5,0.0,1.0,0.0,1.0,1.0,0.0,0.0,0.0,0.0,1.0,0.0,0.0,0.1666666666666666,0.0,0.8333333333333334,27.433489554268995,91.27464875720796,6.555714266640799,23.97,99.94,0.058357962997487,10.99447512538042
POLONUEVO,2018,7,26,3,0.0,0.3333333333333333,0.0,0.0,0.3333333333333333,0.0,0.3333333333333333,0.3333333333333333,0.0,0.0,0.0,0.0,0.6666666666666666,1.0,0.0,0.6666666666666666,0.3333333333333333,0.0,1.0,0.3333333333333333,0.6666666666666666,1.0,0.0,0.0,0.0,0.0,1.0,0.0,0.0,0.0,0.0,1.0,27.66083606538321,90.5619648524693,5.704285723822458,23.97,99.94,0.058357962997487,10.99447512538042
POLONUEVO,2018,7,27,4,0.5,0.0,0.0,0.0,0.25,0.0,0.25,0.25,0.0,0.0,0.0,0.0,0.75,1.0,0.0,1.0,0.0,0.0,1.0,0.25,0.75,1.0,0.0,0.0,0.0,0.0,1.0,0.0,0.0,0.0,0.0,1.0,28.079628789992576,88.80247679210845,2.3585714995861053,23.97,99.94,0.058357962997487,10.99447512538042
POLONUEVO,2018,7,28,1,0.0,0.0,0.0,0.0,0.0,0.0,1.0,0.0,0.0,0.0,0.0,0.0,1.0,1.0,0.0,0.0,1.0,0.0,1.0,0.0,1.0,1.0,0.0,0.0,0.0,0.0,1.0,0.0,0.0,0.0,0.0,1.0,28.617027355375768,88.20486304873512,2.052857086594616,23.97,99.94,0.058357962997487,10.99447512538042
POLONUEVO,2018,8,29,3,0.0,0.0,0.0,0.0,0.3333333333333333,0.0,0.6666666666666666,0.3333333333333333,0.0,0.0,0.0,0.0,0.6666666666666666,1.0,0.0,1.0,0.0,0.0,1.0,0.6666666666666666,0.3333333333333333,1.0,0.0,0.0,0.0,0.0,1.0,0.0,0.0,0.0,0.0,1.0,28.55685177757629,88.46264212472099,1.932857130255018,23.97,99.94,0.058357962997487,10.99447512538042
POLONUEVO,2018,8,30,2,0.0,0.0,0.0,0.0,1.0,0.0,0.0,1.0,0.0,0.0,0.0,0.0,0.0,1.0,0.0,1.0,0.0,0.0,1.0,0.5,0.5,1.0,0.0,0.0,0.0,0.0,1.0,0.0,0.0,0.0,0.0,1.0,27.424807303292425,91.9805639357794,11.60857139314924,23.97,99.94,0.058357962997487,10.99447512538042
POLONUEVO,2018,8,31,1,1.0,0.0,0.0,0.0,0.0,0.0,0.0,0.0,0.0,0.0,0.0,0.0,1.0,1.0,0.0,1.0,0.0,0.0,1.0,0.0,1.0,1.0,0.0,0.0,0.0,0.0,1.0,0.0,0.0,0.0,0.0,1.0,27.27173621768045,92.870356968471,9.477142589432852,23.97,99.94,0.058357962997487,10.99447512538042
POLONUEVO,2018,9,35,5,0.2,0.0,0.0,0.0,0.6,0.0,0.2,0.2,0.0,0.0,0.0,0.0,0.8,1.0,0.0,0.6,0.4,0.0,1.0,0.2,0.8,1.0,0.0,0.0,0.0,0.0,1.0,0.0,0.0,0.0,0.0,1.0,27.84346778506326,93.01086098807198,7.794285706111363,23.97,99.94,0.058357962997487,10.99447512538042
POLONUEVO,2018,9,36,6,0.5,0.1666666666666666,0.0,0.0,0.3333333333333333,0.0,0.0,0.5,0.0,0.0,0.0,0.0,0.5,1.0,0.0,0.5,0.5,0.0,1.0,0.3333333333333333,0.6666666666666666,1.0,0.0,0.0,0.0,0.0,1.0,0.0,0.0,0.0,0.0,1.0,27.32532072521393,93.28310684930712,13.334285872323171,23.97,99.94,0.058357962997487,10.99447512538042
POLONUEVO,2018,10,37,3,0.3333333333333333,0.3333333333333333,0.0,0.0,0.3333333333333333,0.0,0.0,0.6666666666666666,0.0,0.0,0.0,0.0,0.3333333333333333,1.0,0.0,0.0,1.0,0.0,1.0,0.6666666666666666,0.3333333333333333,1.0,0.0,0.0,0.0,0.0,1.0,0.0,0.0,0.3333333333333333,0.0,0.6666666666666666,27.406023007347493,92.77132597423736,11.362857001168388,23.97,99.94,0.058357962997487,10.99447512538042
POLONUEVO,2018,10,38,5,0.6,0.0,0.0,0.0,0.4,0.0,0.0,0.6,0.0,0.0,0.0,0.0,0.4,1.0,0.0,0.4,0.6,0.0,1.0,0.2,0.8,1.0,0.0,0.0,0.0,0.0,1.0,0.0,0.0,0.0,0.0,1.0,27.968717738560287,92.88039289202008,9.36000001004764,23.97,99.94,0.058357962997487,10.99447512538042
POLONUEVO,2018,10,39,7,0.8571428571428571,0.0,0.0,0.0,0.1428571428571428,0.0,0.0,0.5714285714285714,0.0,0.0,0.0,0.0,0.4285714285714285,1.0,0.0,0.2857142857142857,0.7142857142857143,0.0,1.0,0.8571428571428571,0.1428571428571428,1.0,0.0,0.0,0.0,0.0,1.0,0.0,0.0,0.2857142857142857,0.0,0.7142857142857143,27.41417483375188,93.17950403122676,12.910000017711097,23.97,99.94,0.058357962997487,10.99447512538042
POLONUEVO,2018,10,40,6,0.1666666666666666,0.1666666666666666,0.0,0.0,0.3333333333333333,0.0,0.3333333333333333,0.3333333333333333,0.0,0.0,0.0,0.0,0.6666666666666666,0.8333333333333334,0.1666666666666666,0.6666666666666666,0.3333333333333333,0.0,1.0,0.3333333333333333,0.6666666666666666,1.0,0.0,0.0,0.0,0.0,1.0,0.0,0.0,0.0,0.0,1.0,26.77683337983633,93.61319187709265,17.117142541067942,23.97,99.94,0.058357962997487,10.99447512538042
POLONUEVO,2018,11,41,9,0.4444444444444444,0.1111111111111111,0.0,0.0,0.2222222222222222,0.0,0.2222222222222222,0.3333333333333333,0.1111111111111111,0.0,0.0,0.0,0.5555555555555556,1.0,0.0,0.3333333333333333,0.6666666666666666,0.0,1.0,0.7777777777777778,0.2222222222222222,1.0,0.0,0.0,0.0,0.0,0.8888888888888888,0.1111111111111111,0.0,0.2222222222222222,0.0,0.7777777777777778,26.73092622302829,92.50870877220515,8.305714351790291,23.97,99.94,0.058357962997487,10.99447512538042
POLONUEVO,2018,11,42,15,0.2,0.2,0.0,0.0,0.4,0.0,0.2,0.4,0.0,0.0,0.0,0.0,0.6,1.0,0.0,0.4,0.6,0.0,1.0,0.5333333333333333,0.4666666666666667,1.0,0.0,0.0,0.0,0.0,1.0,0.0,0.0,0.2666666666666666,0.0,0.7333333333333333,27.03800571986609,93.23321242559526,8.077142890010562,23.97,99.94,0.058357962997487,10.99447512538042
POLONUEVO,2018,11,43,22,0.6363636363636364,0.0909090909090909,0.0,0.0,0.2727272727272727,0.0,0.0,0.1363636363636363,0.0,0.0,0.0,0.0,0.8636363636363636,1.0,0.0,0.3181818181818182,0.6818181818181818,0.0,1.0,0.5909090909090909,0.4090909090909091,1.0,0.0,0.0,0.0,0.0,1.0,0.0,0.0,0.0909090909090909,0.0,0.9090909090909092,27.3086370558966,92.75741758800687,6.541428429739816,23.97,99.94,0.058357962997487,10.99447512538042
POLONUEVO,2018,11,44,15,0.7333333333333333,0.0666666666666666,0.0,0.0,0.2,0.0,0.0,0.2666666666666666,0.0,0.0,0.0,0.0,0.7333333333333333,1.0,0.0,0.2,0.8,0.0,1.0,0.4666666666666667,0.5333333333333333,1.0,0.0,0.0,0.0,0.0,1.0,0.0,0.0,0.0,0.0,1.0,27.19580920991446,92.65067000616166,9.155714307512556,23.97,99.94,0.058357962997487,10.99447512538042
POLONUEVO,2018,12,45,15,0.6,0.0,0.0,0.0,0.3333333333333333,0.0,0.0666666666666666,0.4666666666666667,0.0,0.0,0.0,0.0666666666666666,0.4666666666666667,1.0,0.0,0.4,0.6,0.0,1.0,0.4,0.6,1.0,0.0,0.0,0.0,0.0,1.0,0.0,0.0,0.4,0.0,0.6,27.34931480771022,92.46064867292132,3.415714258594172,23.97,99.94,0.058357962997487,10.99447512538042
POLONUEVO,2018,12,46,15,0.6666666666666666,0.0666666666666666,0.0,0.0,0.2,0.0,0.0666666666666666,0.7333333333333333,0.0,0.0,0.0,0.0,0.2666666666666666,1.0,0.0,0.2666666666666666,0.7333333333333333,0.0,1.0,0.4,0.6,1.0,0.0,0.0,0.0,0.0,1.0,0.0,0.0,0.4,0.0,0.6,27.658832077753,92.24977765764508,7.062857212764876,23.97,99.94,0.058357962997487,10.99447512538042
POLONUEVO,2018,12,47,18,0.4444444444444444,0.1111111111111111,0.0,0.0,0.3333333333333333,0.0,0.1111111111111111,0.1111111111111111,0.0,0.0,0.0,0.0,0.8888888888888888,1.0,0.0,0.3333333333333333,0.6666666666666666,0.0,1.0,0.4444444444444444,0.5555555555555556,1.0,0.0,0.0,0.0,0.0,1.0,0.0,0.0,0.1111111111111111,0.0,0.8888888888888888,27.43262706938246,92.96791294642856,4.174285796071802,23.97,99.94,0.058357962997487,10.99447512538042
POLONUEVO,2018,12,48,11,0.4545454545454545,0.0909090909090909,0.0909090909090909,0.0,0.2727272727272727,0.0,0.0909090909090909,0.5454545454545454,0.0,0.0,0.0,0.0,0.4545454545454545,0.9090909090909092,0.0909090909090909,0.1818181818181818,0.8181818181818182,0.0909090909090909,0.9090909090909092,0.4545454545454545,0.5454545454545454,1.0,0.0,0.0,0.0,0.0,1.0,0.0,0.0,0.1818181818181818,0.0,0.8181818181818182,27.191792515346005,92.71369243803478,3.548571432541524,23.97,99.94,0.058357962997487,10.99447512538042
POLONUEVO,2018,13,49,6,0.5,0.0,0.0,0.0,0.3333333333333333,0.0,0.1666666666666666,0.1666666666666666,0.0,0.0,0.0,0.0,0.8333333333333334,1.0,0.0,0.1666666666666666,0.8333333333333334,0.0,1.0,0.6666666666666666,0.3333333333333333,1.0,0.0,0.0,0.0,0.0,1.0,0.0,0.0,0.5,0.0,0.5,27.09590555826825,91.83945574079242,0.0800000014049665,23.97,99.94,0.058357962997487,10.99447512538042
POLONUEVO,2018,13,50,2,0.0,0.0,0.0,0.0,0.0,0.0,1.0,1.0,0.0,0.0,0.0,0.0,0.0,1.0,0.0,0.0,1.0,0.0,1.0,0.0,1.0,1.0,0.0,0.0,0.0,0.0,1.0,0.0,0.0,0.5,0.0,0.5,27.70364496140256,90.11498732793898,0.0685714262404611,23.97,99.94,0.058357962997487,10.99447512538042
POLONUEVO,2018,13,51,6,0.1666666666666666,0.3333333333333333,0.0,0.0,0.1666666666666666,0.0,0.3333333333333333,1.0,0.0,0.0,0.0,0.0,0.0,1.0,0.0,0.1666666666666666,0.8333333333333334,0.0,1.0,0.1666666666666666,0.8333333333333334,1.0,0.0,0.0,0.0,0.0,1.0,0.0,0.0,0.1666666666666666,0.0,0.8333333333333334,27.329351225353445,91.41937909807476,0.2100000080785581,23.97,99.94,0.058357962997487,10.99447512538042
POLONUEVO,2018,13,52,4,0.5,0.0,0.0,0.0,0.5,0.0,0.0,0.25,0.0,0.0,0.0,0.0,0.75,1.0,0.0,0.25,0.75,0.0,1.0,0.0,1.0,1.0,0.0,0.0,0.0,0.0,1.0,0.0,0.0,0.0,0.0,1.0,27.459659830729187,85.08743249802363,0.0,23.97,99.94,0.058357962997487,10.99447512538042
POLONUEVO,2019,1,1,3,0.6666666666666666,0.0,0.0,0.0,0.3333333333333333,0.0,0.0,0.0,0.0,0.0,0.0,0.0,1.0,1.0,0.0,0.0,1.0,0.0,1.0,0.0,1.0,1.0,0.0,0.0,0.0,0.0,1.0,0.0,0.0,0.6666666666666666,0.0,0.3333333333333333,27.20310218447733,87.20174407958984,4.428571428571429,23.73,99.02,0.058357962997487,10.99447512538042
POLONUEVO,2019,1,2,3,0.6666666666666666,0.0,0.0,0.0,0.0,0.0,0.3333333333333333,1.0,0.0,0.0,0.0,0.0,0.0,1.0,0.0,0.0,1.0,0.0,1.0,0.3333333333333333,0.6666666666666666,1.0,0.0,0.0,0.0,0.0,1.0,0.0,0.0,0.3333333333333333,0.0,0.6666666666666666,26.91282043457034,89.90173993791852,8.317143125193459,23.73,99.02,0.058357962997487,10.99447512538042
POLONUEVO,2019,1,3,3,0.6666666666666666,0.0,0.0,0.0,0.0,0.0,0.3333333333333333,0.6666666666666666,0.0,0.0,0.0,0.0,0.3333333333333333,1.0,0.0,0.3333333333333333,0.6666666666666666,0.0,1.0,0.6666666666666666,0.3333333333333333,1.0,0.0,0.0,0.0,0.0,1.0,0.0,0.0,0.3333333333333333,0.0,0.6666666666666666,27.29073413667228,87.59274364653088,0.0,23.73,99.02,0.058357962997487,10.99447512538042
POLONUEVO,2019,1,4,1,1.0,0.0,0.0,0.0,0.0,0.0,0.0,0.0,0.0,0.0,0.0,0.0,1.0,1.0,0.0,0.0,1.0,0.0,1.0,1.0,0.0,1.0,0.0,0.0,0.0,0.0,1.0,0.0,0.0,1.0,0.0,0.0,27.928055245535727,87.08440689813524,5.714285714285714,23.73,99.02,0.058357962997487,10.99447512538042
POLONUEVO,2019,2,5,1,0.0,0.0,0.0,0.0,1.0,0.0,0.0,0.0,0.0,0.0,0.0,0.0,1.0,1.0,0.0,0.0,1.0,0.0,1.0,1.0,0.0,1.0,0.0,0.0,0.0,0.0,1.0,0.0,0.0,0.0,0.0,1.0,27.55660691034229,87.33456675211589,2.7142857142857144,23.73,99.02,0.058357962997487,10.99447512538042
POLONUEVO,2019,2,8,1,0.0,1.0,0.0,0.0,0.0,0.0,0.0,0.0,0.0,0.0,0.0,0.0,1.0,1.0,0.0,0.0,1.0,0.0,1.0,0.0,1.0,1.0,0.0,0.0,0.0,0.0,1.0,0.0,0.0,0.0,0.0,1.0,28.315597243536107,84.16533188592818,7.558571440832956,23.73,99.02,0.058357962997487,10.99447512538042
POLONUEVO,2019,3,11,1,0.0,0.0,0.0,0.0,0.0,0.0,1.0,0.0,0.0,0.0,0.0,0.0,1.0,1.0,0.0,0.0,1.0,0.0,1.0,1.0,0.0,1.0,0.0,0.0,0.0,0.0,1.0,0.0,0.0,1.0,0.0,0.0,28.278620837983663,83.95963941301618,1.8571428571428568,23.73,99.02,0.058357962997487,10.99447512538042
POLONUEVO,2019,4,14,2,0.5,0.0,0.0,0.0,0.5,0.0,0.0,1.0,0.0,0.0,0.0,0.0,0.0,1.0,0.0,0.0,1.0,0.0,1.0,0.5,0.5,1.0,0.0,0.0,0.0,0.0,1.0,0.0,0.0,0.5,0.0,0.5,28.778149268740723,84.8227989560082,2.572857143623488,23.73,99.02,0.058357962997487,10.99447512538042
POLONUEVO,2019,5,17,1,0.0,0.0,0.0,0.0,1.0,0.0,0.0,0.0,0.0,0.0,0.0,0.0,1.0,1.0,0.0,0.0,1.0,0.0,1.0,0.0,1.0,1.0,0.0,0.0,0.0,0.0,1.0,0.0,0.0,1.0,0.0,0.0,28.56610078357517,86.22672199067615,4.242857091394918,23.73,99.02,0.058357962997487,10.99447512538042
POLONUEVO,2019,5,18,3,0.3333333333333333,0.3333333333333333,0.3333333333333333,0.0,0.0,0.0,0.0,0.3333333333333333,0.0,0.0,0.0,0.0,0.6666666666666666,1.0,0.0,0.0,1.0,0.0,1.0,0.6666666666666666,0.3333333333333333,1.0,0.0,0.0,0.0,0.0,0.6666666666666666,0.3333333333333333,0.0,0.3333333333333333,0.0,0.6666666666666666,30.1062931605748,83.37408919561476,2.3571428592715944,23.73,99.02,0.058357962997487,10.99447512538042
POLONUEVO,2019,5,20,1,0.0,0.0,0.0,0.0,0.0,0.0,1.0,1.0,0.0,0.0,0.0,0.0,0.0,1.0,0.0,0.0,1.0,0.0,1.0,0.0,1.0,1.0,0.0,0.0,0.0,0.0,1.0,0.0,0.0,0.0,0.0,1.0,27.87439517066594,90.39301590692428,14.615714039121354,23.73,99.02,0.058357962997487,10.99447512538042
POLONUEVO,2019,6,21,1,1.0,0.0,0.0,0.0,0.0,0.0,0.0,0.0,0.0,0.0,0.0,0.0,1.0,1.0,0.0,0.0,1.0,0.0,1.0,0.0,1.0,1.0,0.0,0.0,0.0,0.0,1.0,0.0,0.0,0.0,0.0,1.0,28.066459728422643,90.62880161830356,11.464285748345512,23.73,99.02,0.058357962997487,10.99447512538042
POLONUEVO,2019,6,23,2,0.5,0.5,0.0,0.0,0.0,0.0,0.0,1.0,0.0,0.0,0.0,0.0,0.0,1.0,0.0,0.0,1.0,0.0,1.0,0.0,1.0,1.0,0.0,0.0,0.0,0.0,1.0,0.0,0.0,0.5,0.0,0.5,28.170577712286104,90.8420210338774,10.53285709449223,23.73,99.02,0.058357962997487,10.99447512538042
POLONUEVO,2019,6,24,2,0.5,0.0,0.0,0.0,0.5,0.0,0.0,0.0,0.0,0.0,0.0,0.0,1.0,1.0,0.0,0.0,1.0,0.0,1.0,0.5,0.5,1.0,0.0,0.0,0.0,0.0,1.0,0.0,0.0,0.5,0.0,0.5,28.440478806268636,89.06976754324776,4.272857308387756,23.73,99.02,0.058357962997487,10.99447512538042
POLONUEVO,2019,7,26,1,1.0,0.0,0.0,0.0,0.0,0.0,0.0,1.0,0.0,0.0,0.0,0.0,0.0,1.0,0.0,1.0,0.0,0.0,1.0,0.0,1.0,1.0,0.0,0.0,0.0,0.0,1.0,0.0,0.0,0.0,0.0,1.0,28.471711367652546,88.46974182128906,3.1014285683631897,23.73,99.02,0.058357962997487,10.99447512538042
POLONUEVO,2019,7,27,1,0.0,0.0,0.0,0.0,1.0,0.0,0.0,0.0,0.0,0.0,0.0,0.0,1.0,1.0,0.0,0.0,1.0,0.0,1.0,0.0,1.0,1.0,0.0,0.0,0.0,0.0,1.0,0.0,0.0,1.0,0.0,0.0,28.670778256370927,88.36638750348773,4.4485714712313245,23.73,99.02,0.058357962997487,10.99447512538042
POLONUEVO,2019,7,28,5,0.4,0.2,0.0,0.0,0.4,0.0,0.0,0.2,0.0,0.0,0.0,0.0,0.8,1.0,0.0,0.0,1.0,0.0,1.0,0.8,0.2,1.0,0.0,0.0,0.0,0.0,1.0,0.0,0.0,0.0,0.0,1.0,27.96227925618492,89.08564721970332,6.034285869981561,23.73,99.02,0.058357962997487,10.99447512538042
POLONUEVO,2019,8,29,3,0.3333333333333333,0.3333333333333333,0.0,0.0,0.3333333333333333,0.0,0.0,0.0,0.0,0.0,0.0,0.0,1.0,0.3333333333333333,0.6666666666666666,0.0,1.0,0.0,1.0,0.6666666666666666,0.3333333333333333,1.0,0.0,0.0,0.0,0.0,1.0,0.0,0.0,0.3333333333333333,0.0,0.6666666666666666,28.84094281877793,89.55358087448847,2.3914285387311662,23.73,99.02,0.058357962997487,10.99447512538042
POLONUEVO,2019,8,30,6,0.6666666666666666,0.3333333333333333,0.0,0.0,0.0,0.0,0.0,0.0,0.0,0.0,0.0,0.0,1.0,1.0,0.0,0.1666666666666666,0.8333333333333334,0.0,1.0,0.5,0.5,1.0,0.0,0.0,0.0,0.0,1.0,0.0,0.0,0.0,0.0,1.0,27.804810006277933,90.73039536249068,11.714285782405309,23.73,99.02,0.058357962997487,10.99447512538042
POLONUEVO,2019,8,31,10,0.4,0.2,0.0,0.0,0.2,0.0,0.2,0.2,0.0,0.0,0.0,0.0,0.8,1.0,0.0,0.1,0.9,0.0,1.0,0.6,0.4,1.0,0.0,0.0,0.0,0.0,0.9,0.1,0.0,0.3,0.0,0.7,28.45783749534973,91.45235007149832,5.064285687037876,23.73,99.02,0.058357962997487,10.99447512538042
POLONUEVO,2019,8,32,16,0.5,0.125,0.0,0.0,0.3125,0.0,0.0625,0.1875,0.0,0.0,0.0,0.0,0.8125,1.0,0.0,0.125,0.875,0.0,1.0,0.375,0.625,1.0,0.0,0.0,0.0,0.0,1.0,0.0,0.0,0.25,0.0,0.75,28.603876459030896,90.46155330113002,4.83714268888746,23.73,99.02,0.058357962997487,10.99447512538042
POLONUEVO,2019,9,33,24,0.5416666666666666,0.1666666666666666,0.0,0.0,0.2083333333333333,0.0,0.0833333333333333,0.25,0.0,0.0,0.0,0.0416666666666666,0.7083333333333334,1.0,0.0,0.4583333333333333,0.5416666666666666,0.0,1.0,0.625,0.375,1.0,0.0,0.0,0.0,0.0,1.0,0.0,0.0,0.375,0.0,0.625,27.645400710332986,91.8267578851609,17.401428631373815,23.73,99.02,0.058357962997487,10.99447512538042
POLONUEVO,2019,9,34,7,0.4285714285714285,0.1428571428571428,0.0,0.0,0.2857142857142857,0.0,0.1428571428571428,0.7142857142857143,0.0,0.0,0.0,0.0,0.2857142857142857,1.0,0.0,0.2857142857142857,0.7142857142857143,0.0,1.0,0.4285714285714285,0.5714285714285714,1.0,0.0,0.0,0.0,0.0,1.0,0.0,0.0,0.0,0.0,1.0,28.29546436128164,92.38467189243862,6.547142739806857,23.73,99.02,0.058357962997487,10.99447512538042
POLONUEVO,2019,9,35,1,0.0,1.0,0.0,0.0,0.0,0.0,0.0,0.0,0.0,0.0,0.0,0.0,1.0,1.0,0.0,0.0,1.0,0.0,1.0,1.0,0.0,1.0,0.0,0.0,0.0,0.0,1.0,0.0,0.0,1.0,0.0,0.0,28.26838945661274,91.31455957321894,12.53571435383388,23.73,99.02,0.058357962997487,10.99447512538042
POLONUEVO,2019,9,36,2,0.5,0.5,0.0,0.0,0.0,0.0,0.0,0.0,0.0,0.0,0.0,0.0,1.0,1.0,0.0,0.0,1.0,0.0,1.0,0.5,0.5,1.0,0.0,0.0,0.0,0.0,1.0,0.0,0.0,0.0,0.0,1.0,28.192235020228814,92.81832885742188,3.915714306490762,23.73,99.02,0.058357962997487,10.99447512538042
POLONUEVO,2019,10,38,2,0.5,0.0,0.0,0.0,0.5,0.0,0.0,0.5,0.0,0.0,0.0,0.0,0.5,1.0,0.0,0.0,1.0,0.0,1.0,0.0,1.0,1.0,0.0,0.0,0.0,0.0,1.0,0.0,0.0,0.0,0.0,1.0,26.673737008231058,93.23184676397412,14.859999997275215,23.73,99.02,0.058357962997487,10.99447512538042
POLONUEVO,2019,10,39,1,0.0,0.0,0.0,0.0,0.0,1.0,0.0,0.0,0.0,0.0,0.0,0.0,1.0,1.0,0.0,0.0,1.0,0.0,1.0,1.0,0.0,1.0,0.0,0.0,0.0,0.0,1.0,0.0,0.0,0.0,0.0,1.0,27.363647896902933,93.40543728783018,8.158571345465523,23.73,99.02,0.058357962997487,10.99447512538042
POLONUEVO,2019,10,40,1,0.0,0.0,0.0,0.0,1.0,0.0,0.0,0.0,0.0,0.0,0.0,0.0,1.0,1.0,0.0,0.0,1.0,0.0,1.0,1.0,0.0,1.0,0.0,0.0,0.0,0.0,1.0,0.0,0.0,0.0,0.0,1.0,26.73767206101193,93.90511322021484,9.839999880109517,23.73,99.02,0.058357962997487,10.99447512538042
POLONUEVO,2019,11,41,3,0.6666666666666666,0.3333333333333333,0.0,0.0,0.0,0.0,0.0,0.3333333333333333,0.0,0.0,0.0,0.0,0.6666666666666666,1.0,0.0,0.0,1.0,0.0,1.0,0.6666666666666666,0.3333333333333333,1.0,0.0,0.0,0.0,0.0,1.0,0.0,0.0,0.0,0.0,1.0,26.569906034923765,93.86503128778368,14.544285876410347,23.73,99.02,0.058357962997487,10.99447512538042
POLONUEVO,2019,11,42,1,1.0,0.0,0.0,0.0,0.0,0.0,0.0,0.0,0.0,0.0,0.0,0.0,1.0,1.0,0.0,0.0,1.0,0.0,1.0,0.0,1.0,1.0,0.0,0.0,0.0,0.0,1.0,0.0,0.0,1.0,0.0,0.0,26.639297194707986,93.83426920572916,22.70857174055917,23.73,99.02,0.058357962997487,10.99447512538042
POLONUEVO,2019,11,44,1,0.0,1.0,0.0,0.0,0.0,0.0,0.0,1.0,0.0,0.0,0.0,0.0,0.0,1.0,0.0,0.0,1.0,0.0,1.0,1.0,0.0,1.0,0.0,0.0,0.0,0.0,1.0,0.0,0.0,0.0,0.0,1.0,27.269109526134688,92.84217689150856,5.381428582327707,23.73,99.02,0.058357962997487,10.99447512538042
POLONUEVO,2019,12,48,1,1.0,0.0,0.0,0.0,0.0,0.0,0.0,0.0,0.0,0.0,0.0,0.0,1.0,1.0,0.0,0.0,1.0,0.0,1.0,0.0,1.0,1.0,0.0,0.0,0.0,0.0,1.0,0.0,0.0,0.0,0.0,1.0,27.84915132068456,90.27360244024366,13.339999990803856,23.73,99.02,0.058357962997487,10.99447512538042
POLONUEVO,2019,13,49,2,0.0,0.5,0.0,0.0,0.5,0.0,0.0,0.0,0.0,0.0,0.0,0.0,1.0,1.0,0.0,0.0,1.0,0.0,1.0,1.0,0.0,1.0,0.0,0.0,0.0,0.0,1.0,0.0,0.0,0.0,0.0,1.0,27.471288481212813,93.1391151064918,5.924285722630365,23.73,99.02,0.058357962997487,10.99447512538042
POLONUEVO,2019,13,50,2,0.5,0.0,0.0,0.0,0.5,0.0,0.0,0.5,0.0,0.0,0.0,0.0,0.5,1.0,0.0,0.0,1.0,0.0,1.0,0.0,1.0,1.0,0.0,0.0,0.0,0.0,1.0,0.0,0.0,0.5,0.0,0.5,27.450364321754115,91.29343159993488,6.171428571588227,23.73,99.02,0.058357962997487,10.99447512538042
POLONUEVO,2019,13,51,1,0.0,0.0,0.0,0.0,1.0,0.0,0.0,0.0,0.0,0.0,0.0,0.0,1.0,1.0,0.0,0.0,1.0,0.0,1.0,0.0,1.0,1.0,0.0,0.0,0.0,0.0,1.0,0.0,0.0,0.0,0.0,1.0,28.128905959356423,91.83968752906436,8.39714283442923,23.73,99.02,0.058357962997487,10.99447512538042
POLONUEVO,2020,1,1,3,0.6666666666666666,0.3333333333333333,0.0,0.0,0.0,0.0,0.0,0.3333333333333333,0.0,0.0,0.0,0.0,0.6666666666666666,1.0,0.0,0.0,1.0,0.0,1.0,0.6666666666666666,0.3333333333333333,1.0,0.0,0.0,0.0,0.0,1.0,0.0,0.0,0.0,0.0,1.0,27.39473077683224,90.84322902134488,0.8571428571428571,23.6,98.42,0.058357962997487,10.99447512538042
POLONUEVO,2020,1,3,2,0.0,0.5,0.0,0.0,0.0,0.0,0.5,0.0,0.0,0.0,0.0,0.0,1.0,1.0,0.0,0.5,0.5,0.0,1.0,1.0,0.0,1.0,0.0,0.0,0.0,0.0,1.0,0.0,0.0,0.0,0.0,1.0,28.06501304989772,85.39078049432665,0.2385714237711259,23.6,98.42,0.058357962997487,10.99447512538042
POLONUEVO,2020,1,4,1,0.0,1.0,0.0,0.0,0.0,0.0,0.0,1.0,0.0,0.0,0.0,0.0,0.0,1.0,0.0,1.0,0.0,0.0,1.0,1.0,0.0,1.0,0.0,0.0,0.0,0.0,1.0,0.0,0.0,1.0,0.0,0.0,27.10111171177457,90.32566651843844,10.830000002469337,23.6,98.42,0.058357962997487,10.99447512538042
POLONUEVO,2020,2,7,1,0.0,1.0,0.0,0.0,0.0,0.0,0.0,0.0,0.0,0.0,0.0,1.0,0.0,1.0,0.0,0.0,1.0,0.0,1.0,0.0,1.0,1.0,0.0,0.0,0.0,0.0,1.0,0.0,0.0,0.0,0.0,1.0,28.432423618861637,82.94137500581287,0.0,23.6,98.42,0.058357962997487,10.99447512538042
POLONUEVO,2020,3,11,1,0.0,0.0,1.0,0.0,0.0,0.0,0.0,0.0,0.0,0.0,0.0,0.0,1.0,1.0,0.0,0.0,1.0,0.0,1.0,0.0,1.0,1.0,0.0,0.0,0.0,0.0,1.0,0.0,0.0,0.0,0.0,1.0,27.85543503534229,85.01830291748047,8.857142857142858,23.6,98.42,0.058357962997487,10.99447512538042
POLONUEVO,2020,5,20,1,1.0,0.0,0.0,0.0,0.0,0.0,0.0,0.0,0.0,0.0,0.0,0.0,1.0,1.0,0.0,0.0,1.0,0.0,1.0,0.0,1.0,1.0,0.0,0.0,0.0,0.0,1.0,0.0,0.0,0.0,0.0,1.0,28.56529933384488,88.49158223470052,9.904285771506173,23.6,98.42,0.058357962997487,10.99447512538042
POLONUEVO,2020,6,23,1,0.0,0.0,0.0,0.0,1.0,0.0,0.0,0.0,0.0,0.0,0.0,0.0,1.0,1.0,0.0,0.0,1.0,0.0,1.0,0.0,1.0,1.0,0.0,0.0,0.0,0.0,1.0,0.0,0.0,0.0,0.0,1.0,28.30530192057294,88.66731443859281,11.159999813352313,23.6,98.42,0.058357962997487,10.99447512538042
POLONUEVO,2020,7,25,1,0.0,0.0,0.0,0.0,0.0,0.0,1.0,1.0,0.0,0.0,0.0,0.0,0.0,1.0,0.0,1.0,0.0,0.0,1.0,0.0,1.0,1.0,0.0,0.0,0.0,0.0,1.0,0.0,0.0,0.0,0.0,1.0,28.380468168712827,89.1479975382487,5.04285708894687,23.6,98.42,0.058357962997487,10.99447512538042
POLONUEVO,2020,10,38,1,0.0,0.0,0.0,0.0,0.0,1.0,0.0,1.0,0.0,0.0,0.0,0.0,0.0,1.0,0.0,1.0,0.0,0.0,1.0,1.0,0.0,1.0,0.0,0.0,0.0,0.0,1.0,0.0,0.0,0.0,0.0,1.0,27.19327697753908,93.41976601736886,13.277142899377006,23.6,98.42,0.058357962997487,10.99447512538042
POLONUEVO,2020,10,39,1,0.0,1.0,0.0,0.0,0.0,0.0,0.0,1.0,0.0,0.0,0.0,0.0,0.0,1.0,0.0,1.0,0.0,0.0,1.0,1.0,0.0,1.0,0.0,0.0,0.0,0.0,1.0,0.0,0.0,0.0,0.0,1.0,27.33493666875933,93.18380773635135,8.359999929155622,23.6,98.42,0.058357962997487,10.99447512538042
POLONUEVO,2021,8,31,1,1.0,0.0,0.0,0.0,0.0,0.0,0.0,0.0,0.0,0.0,0.0,0.0,1.0,1.0,0.0,0.0,1.0,0.0,1.0,0.0,1.0,1.0,0.0,0.0,0.0,0.0,1.0,0.0,0.0,0.0,0.0,1.0,27.737970697312143,91.31822458902994,6.765714270727975,23.78,99.42,0.058357962997487,10.99447512538042
POLONUEVO,2021,8,32,1,1.0,0.0,0.0,0.0,0.0,0.0,0.0,0.0,0.0,0.0,0.0,0.0,1.0,1.0,0.0,1.0,0.0,0.0,1.0,1.0,0.0,1.0,0.0,0.0,0.0,0.0,1.0,0.0,0.0,0.0,0.0,1.0,27.563330950055818,91.49224381219774,9.872856957571846,23.78,99.42,0.058357962997487,10.99447512538042
POLONUEVO,2021,9,33,1,0.0,0.0,0.0,0.0,1.0,0.0,0.0,0.0,0.0,0.0,0.0,0.0,1.0,1.0,0.0,1.0,0.0,0.0,1.0,0.0,1.0,1.0,0.0,0.0,0.0,0.0,1.0,0.0,0.0,0.0,0.0,1.0,26.914892723446837,92.26141248430524,23.689999716622488,23.78,99.42,0.058357962997487,10.99447512538042
POLONUEVO,2021,9,36,2,0.5,0.0,0.0,0.0,0.5,0.0,0.0,0.0,0.0,0.0,0.0,0.0,1.0,1.0,0.0,0.5,0.5,0.0,1.0,1.0,0.0,1.0,0.0,0.0,0.0,0.0,1.0,0.0,0.0,0.0,0.0,1.0,26.94533618745352,93.04928370884488,13.902857048170906,23.78,99.42,0.058357962997487,10.99447512538042
POLONUEVO,2021,10,37,3,0.3333333333333333,0.0,0.3333333333333333,0.0,0.0,0.0,0.3333333333333333,0.3333333333333333,0.0,0.0,0.0,0.0,0.6666666666666666,1.0,0.0,0.3333333333333333,0.6666666666666666,0.0,1.0,0.3333333333333333,0.6666666666666666,1.0,0.0,0.0,0.0,0.0,1.0,0.0,0.0,0.0,0.0,1.0,27.09536932082406,92.5604538690476,10.64714288711548,23.78,99.42,0.058357962997487,10.99447512538042
POLONUEVO,2021,10,38,2,1.0,0.0,0.0,0.0,0.0,0.0,0.0,0.5,0.0,0.0,0.5,0.0,0.0,1.0,0.0,0.5,0.5,0.0,1.0,0.0,1.0,1.0,0.0,0.0,0.0,0.0,1.0,0.0,0.0,0.5,0.0,0.5,27.30526922316781,91.66967228480748,7.328571428677866,23.78,99.42,0.058357962997487,10.99447512538042
POLONUEVO,2021,10,39,2,0.5,0.5,0.0,0.0,0.0,0.0,0.0,0.0,0.0,0.0,0.0,0.0,1.0,1.0,0.0,1.0,0.0,0.0,1.0,1.0,0.0,1.0,0.0,0.0,0.0,0.0,1.0,0.0,0.0,0.0,0.0,1.0,27.31003577822733,91.9924530755906,11.899999933583397,23.78,99.42,0.058357962997487,10.99447512538042
POLONUEVO,2021,10,40,1,0.0,1.0,0.0,0.0,0.0,0.0,0.0,1.0,0.0,0.0,0.0,0.0,0.0,1.0,0.0,0.0,1.0,0.0,1.0,1.0,0.0,1.0,0.0,0.0,0.0,0.0,1.0,0.0,0.0,0.0,0.0,1.0,27.32224280947733,92.7847667875744,8.650000095367432,23.78,99.42,0.058357962997487,10.99447512538042
POLONUEVO,2021,11,41,1,1.0,0.0,0.0,0.0,0.0,0.0,0.0,0.0,0.0,0.0,0.0,1.0,0.0,1.0,0.0,0.0,1.0,0.0,1.0,1.0,0.0,1.0,0.0,0.0,0.0,0.0,1.0,0.0,0.0,0.0,0.0,1.0,27.071399943033875,92.1981382824126,13.97285715171269,23.78,99.42,0.058357962997487,10.99447512538042
POLONUEVO,2021,11,42,2,0.5,0.5,0.0,0.0,0.0,0.0,0.0,0.0,0.0,0.0,0.0,0.0,1.0,1.0,0.0,0.0,1.0,0.0,1.0,0.0,1.0,1.0,0.0,0.0,0.0,0.0,1.0,0.0,0.0,0.0,0.0,1.0,27.00653919038321,93.15431431361608,12.32999985558646,23.78,99.42,0.058357962997487,10.99447512538042
POLONUEVO,2021,11,43,2,0.5,0.0,0.0,0.0,0.5,0.0,0.0,0.5,0.0,0.0,0.0,0.0,0.5,1.0,0.0,0.5,0.5,0.0,1.0,1.0,0.0,1.0,0.0,0.0,0.0,0.0,1.0,0.0,0.0,0.0,0.0,1.0,26.98679286411833,93.18274797712054,17.672857301575796,23.78,99.42,0.058357962997487,10.99447512538042
POLONUEVO,2021,11,44,1,1.0,0.0,0.0,0.0,0.0,0.0,0.0,0.0,0.0,0.0,0.0,0.0,1.0,1.0,0.0,0.0,1.0,0.0,1.0,0.0,1.0,1.0,0.0,0.0,0.0,0.0,1.0,0.0,0.0,0.0,0.0,1.0,26.045737566266755,92.7862309047154,13.08428600856236,23.78,99.42,0.058357962997487,10.99447512538042
POLONUEVO,2021,12,45,1,0.0,0.0,0.0,0.0,0.0,0.0,1.0,0.0,0.0,0.0,0.0,0.0,1.0,1.0,0.0,0.0,1.0,0.0,1.0,0.0,1.0,1.0,0.0,0.0,0.0,0.0,1.0,0.0,0.0,0.0,0.0,1.0,27.14796273367748,92.6234639485677,2.6328571821962083,23.78,99.42,0.058357962997487,10.99447512538042
POLONUEVO,2021,12,46,1,1.0,0.0,0.0,0.0,0.0,0.0,0.0,0.0,0.0,0.0,0.0,0.0,1.0,1.0,0.0,1.0,0.0,0.0,1.0,1.0,0.0,1.0,0.0,0.0,0.0,0.0,1.0,0.0,0.0,0.0,0.0,1.0,27.320469156901076,92.69949377150763,9.697143392903463,23.78,99.42,0.058357962997487,10.99447512538042
POLONUEVO,2021,12,47,1,1.0,0.0,0.0,0.0,0.0,0.0,0.0,0.0,0.0,0.0,0.0,0.0,1.0,1.0,0.0,1.0,0.0,0.0,1.0,0.0,1.0,1.0,0.0,0.0,0.0,0.0,1.0,0.0,0.0,0.0,0.0,1.0,26.610374523344515,93.16659073602588,7.221428505011967,23.78,99.42,0.058357962997487,10.99447512538042
POLONUEVO,2021,13,49,3,0.3333333333333333,0.0,0.3333333333333333,0.0,0.3333333333333333,0.0,0.0,0.6666666666666666,0.0,0.0,0.0,0.0,0.3333333333333333,1.0,0.0,0.3333333333333333,0.6666666666666666,0.0,1.0,0.6666666666666666,0.3333333333333333,1.0,0.0,0.0,0.0,0.0,1.0,0.0,0.0,0.0,0.0,1.0,27.643417794363863,90.18834213983446,4.285714285714286,23.78,99.42,0.058357962997487,10.99447512538042
POLONUEVO,2021,13,52,2,0.5,0.0,0.0,0.0,0.0,0.5,0.0,0.0,0.0,0.0,0.0,0.0,1.0,1.0,0.0,0.0,1.0,0.0,1.0,0.5,0.5,1.0,0.0,0.0,0.0,0.0,1.0,0.0,0.0,0.0,0.0,1.0,27.545526849655904,91.05568331763858,4.862857138471944,23.78,99.42,0.058357962997487,10.99447512538042
POLONUEVO,2022,1,1,3,0.6666666666666666,0.0,0.0,0.0,0.0,0.3333333333333333,0.0,0.0,0.0,0.0,0.0,0.0,1.0,1.0,0.0,0.0,1.0,0.0,1.0,0.0,1.0,1.0,0.0,0.0,0.0,0.0,1.0,0.0,0.0,0.0,0.0,1.0,27.498869105747787,88.80336579822358,0.0,23.86,99.54,0.058357962997487,10.99447512538042
POLONUEVO,2022,4,14,1,0.0,1.0,0.0,0.0,0.0,0.0,0.0,0.0,0.0,0.0,0.0,0.0,1.0,1.0,0.0,0.0,1.0,0.0,1.0,0.0,1.0,1.0,0.0,0.0,0.0,0.0,1.0,0.0,0.0,0.0,0.0,1.0,28.01094462076825,88.8013937813895,7.618571264403207,23.86,99.54,0.058357962997487,10.99447512538042
POLONUEVO,2022,4,15,1,0.0,1.0,0.0,0.0,0.0,0.0,0.0,0.0,0.0,0.0,0.0,0.0,1.0,1.0,0.0,0.0,1.0,0.0,1.0,0.0,1.0,1.0,0.0,0.0,0.0,0.0,1.0,0.0,0.0,0.0,0.0,1.0,28.475661214192733,85.52937752859933,5.231428582753454,23.86,99.54,0.058357962997487,10.99447512538042
POLONUEVO,2022,4,16,1,1.0,0.0,0.0,0.0,0.0,0.0,0.0,0.0,0.0,0.0,0.0,0.0,1.0,1.0,0.0,1.0,0.0,0.0,1.0,0.0,1.0,1.0,0.0,0.0,0.0,0.0,1.0,0.0,0.0,0.0,0.0,1.0,27.558421979631703,90.04941631498791,14.672857420785087,23.86,99.54,0.058357962997487,10.99447512538042
POLONUEVO,2022,5,18,1,0.0,0.0,0.0,0.0,0.0,0.0,1.0,0.0,0.0,0.0,0.0,0.0,1.0,1.0,0.0,1.0,0.0,0.0,1.0,1.0,0.0,1.0,0.0,0.0,0.0,0.0,1.0,0.0,0.0,1.0,0.0,0.0,27.9490440731957,89.95128667922246,8.567142639841352,23.86,99.54,0.058357962997487,10.99447512538042
POLONUEVO,2022,5,20,1,0.0,0.0,0.0,0.0,1.0,0.0,0.0,1.0,0.0,0.0,0.0,0.0,0.0,1.0,0.0,0.0,1.0,0.0,1.0,0.0,1.0,1.0,0.0,0.0,0.0,0.0,1.0,0.0,0.0,0.0,0.0,1.0,27.658369227818103,90.57448141915458,10.46142864227295,23.86,99.54,0.058357962997487,10.99447512538042
POLONUEVO,2022,6,24,1,0.0,0.0,0.0,0.0,1.0,0.0,0.0,0.0,0.0,0.0,0.0,0.0,1.0,1.0,0.0,0.0,1.0,0.0,1.0,1.0,0.0,1.0,0.0,0.0,0.0,0.0,1.0,0.0,0.0,1.0,0.0,0.0,26.85936235700337,90.9417928059896,17.807142870766775,23.86,99.54,0.058357962997487,10.99447512538042
POLONUEVO,2022,7,26,1,0.0,0.0,0.0,0.0,0.0,0.0,1.0,0.0,0.0,0.0,0.0,0.0,1.0,1.0,0.0,0.0,1.0,0.0,1.0,1.0,0.0,1.0,0.0,0.0,0.0,0.0,1.0,0.0,0.0,0.0,0.0,1.0,27.03536231631327,91.67083703903926,11.454285723822457,23.86,99.54,0.058357962997487,10.99447512538042
POLONUEVO,2022,7,27,1,0.0,0.0,0.0,0.0,1.0,0.0,0.0,0.0,0.0,0.0,0.0,0.0,1.0,1.0,0.0,0.0,1.0,0.0,1.0,1.0,0.0,1.0,0.0,0.0,0.0,0.0,1.0,0.0,0.0,0.0,0.0,1.0,28.20826110839845,91.76400829496836,8.9928571837289,23.86,99.54,0.058357962997487,10.99447512538042
POLONUEVO,2022,7,28,1,1.0,0.0,0.0,0.0,0.0,0.0,0.0,0.0,0.0,0.0,0.0,0.0,1.0,1.0,0.0,0.0,1.0,0.0,1.0,0.0,1.0,1.0,0.0,0.0,0.0,0.0,1.0,0.0,0.0,0.0,0.0,1.0,27.889761497860885,91.33925156366256,11.869999825954435,23.86,99.54,0.058357962997487,10.99447512538042
POLONUEVO,2022,8,29,2,1.0,0.0,0.0,0.0,0.0,0.0,0.0,0.0,0.0,0.0,0.0,0.0,1.0,1.0,0.0,0.0,1.0,0.0,1.0,0.5,0.5,1.0,0.0,0.0,0.0,0.0,1.0,0.0,0.0,0.5,0.0,0.5,27.982901872907384,92.08691297258648,7.677142824445452,23.86,99.54,0.058357962997487,10.99447512538042
POLONUEVO,2022,9,36,1,1.0,0.0,0.0,0.0,0.0,0.0,0.0,0.0,0.0,0.0,0.0,0.0,1.0,1.0,0.0,0.0,1.0,0.0,1.0,1.0,0.0,1.0,0.0,0.0,0.0,0.0,1.0,0.0,0.0,0.0,0.0,1.0,27.43906555175783,93.98457990373883,10.057142751557487,23.86,99.54,0.058357962997487,10.99447512538042
POLONUEVO,2022,10,38,2,0.0,0.5,0.5,0.0,0.0,0.0,0.0,0.5,0.0,0.0,0.0,0.0,0.5,1.0,0.0,0.0,1.0,0.0,1.0,0.5,0.5,1.0,0.0,0.0,0.0,0.0,1.0,0.0,0.0,0.0,0.0,1.0,26.408841523670027,93.6062505812872,13.9442857333592,23.86,99.54,0.058357962997487,10.99447512538042
POLONUEVO,2022,10,39,1,0.0,1.0,0.0,0.0,0.0,0.0,0.0,0.0,0.0,0.0,0.0,0.0,1.0,1.0,0.0,0.0,1.0,0.0,1.0,1.0,0.0,1.0,0.0,0.0,0.0,0.0,1.0,0.0,0.0,0.0,0.0,1.0,26.813136945452023,94.377313159761,8.222857236862183,23.86,99.54,0.058357962997487,10.99447512538042
POLONUEVO,2022,11,41,1,0.0,0.0,0.0,0.0,0.0,1.0,0.0,1.0,0.0,0.0,0.0,0.0,0.0,1.0,0.0,1.0,0.0,0.0,1.0,0.0,1.0,1.0,0.0,0.0,0.0,0.0,1.0,0.0,0.0,0.0,0.0,1.0,26.86145499093195,94.1060271490188,11.548571280070714,23.86,99.54,0.058357962997487,10.99447512538042
POLONUEVO,2022,12,46,1,0.0,1.0,0.0,0.0,0.0,0.0,0.0,1.0,0.0,0.0,0.0,0.0,0.0,1.0,0.0,1.0,0.0,0.0,1.0,1.0,0.0,1.0,0.0,0.0,0.0,0.0,1.0,0.0,0.0,0.0,0.0,1.0,26.29239589146209,94.5213121686663,19.80571416446141,23.86,99.54,0.058357962997487,10.99447512538042
POLONUEVO,2022,12,47,3,0.0,0.6666666666666666,0.0,0.0,0.0,0.0,0.3333333333333333,0.3333333333333333,0.0,0.0,0.0,0.0,0.6666666666666666,1.0,0.0,0.6666666666666666,0.3333333333333333,0.0,1.0,0.3333333333333333,0.6666666666666666,1.0,0.0,0.0,0.0,0.0,1.0,0.0,0.0,0.0,0.0,1.0,26.826524716331868,93.43771180652436,6.917142833982195,23.86,99.54,0.058357962997487,10.99447512538042
POLONUEVO,2022,12,48,1,0.0,0.0,0.0,0.0,0.0,0.0,1.0,1.0,0.0,0.0,0.0,0.0,0.0,1.0,0.0,1.0,0.0,0.0,1.0,0.0,1.0,1.0,0.0,0.0,0.0,0.0,1.0,0.0,0.0,0.0,0.0,1.0,26.45160028366817,93.2953821818034,7.977142751216888,23.86,99.54,0.058357962997487,10.99447512538042
POLONUEVO,2022,13,49,2,0.0,1.0,0.0,0.0,0.0,0.0,0.0,0.5,0.0,0.0,0.0,0.0,0.5,1.0,0.0,1.0,0.0,0.0,1.0,0.0,1.0,1.0,0.0,0.0,0.0,0.0,1.0,0.0,0.0,0.0,0.0,1.0,26.265955316452786,90.54840160551524,6.362857145922525,23.86,99.54,0.058357962997487,10.99447512538042
POLONUEVO,2023,1,4,1,0.0,0.0,0.0,0.0,0.0,0.0,1.0,1.0,0.0,0.0,0.0,0.0,0.0,1.0,0.0,0.0,1.0,0.0,1.0,0.0,1.0,1.0,0.0,0.0,0.0,0.0,1.0,0.0,0.0,0.0,0.0,1.0,27.916189720517128,83.92347935267857,0.0,23.83,99.64,0.058357962997487,10.99447512538042
POLONUEVO,2023,6,23,1,0.0,0.0,0.0,0.0,0.0,0.0,1.0,0.0,0.0,0.0,0.0,0.0,1.0,1.0,0.0,0.0,1.0,0.0,1.0,0.0,1.0,1.0,0.0,0.0,0.0,0.0,1.0,0.0,0.0,0.0,0.0,1.0,27.89132952008931,90.82050396147228,14.09857177734375,23.83,99.64,0.058357962997487,10.99447512538042
POLONUEVO,2023,7,25,1,1.0,0.0,0.0,0.0,0.0,0.0,0.0,0.0,0.0,0.0,0.0,0.0,1.0,1.0,0.0,0.0,1.0,0.0,1.0,1.0,0.0,1.0,0.0,0.0,0.0,0.0,1.0,0.0,0.0,0.0,0.0,1.0,29.166138857886928,90.31066131591795,9.025714290993552,23.83,99.64,0.058357962997487,10.99447512538042
POLONUEVO,2023,7,26,2,0.0,0.5,0.0,0.0,0.5,0.0,0.0,0.5,0.0,0.0,0.0,0.0,0.5,1.0,0.0,0.5,0.5,0.0,1.0,0.5,0.5,1.0,0.0,0.0,0.0,0.0,1.0,0.0,0.0,0.0,0.0,1.0,28.52371259416855,90.66811843145464,14.54857125878334,23.83,99.64,0.058357962997487,10.99447512538042
POLONUEVO,2023,7,28,1,0.0,1.0,0.0,0.0,0.0,0.0,0.0,0.0,0.0,0.0,0.0,0.0,1.0,1.0,0.0,0.0,1.0,0.0,1.0,0.0,1.0,1.0,0.0,0.0,0.0,0.0,1.0,0.0,0.0,0.0,0.0,1.0,28.701157052176363,89.62717147100538,2.62999997820173,23.83,99.64,0.058357962997487,10.99447512538042
POLONUEVO,2023,8,29,2,0.0,0.0,0.0,0.0,1.0,0.0,0.0,0.0,0.0,0.0,0.0,0.0,1.0,1.0,0.0,0.0,1.0,0.0,1.0,0.5,0.5,1.0,0.0,0.0,0.0,0.0,1.0,0.0,0.0,0.0,0.0,1.0,29.26578456333707,89.38215746198382,3.8400000347090617,23.83,99.64,0.058357962997487,10.99447512538042
POLONUEVO,2023,8,30,1,0.0,0.0,0.0,0.0,1.0,0.0,0.0,0.0,0.0,0.0,0.0,0.0,1.0,1.0,0.0,0.0,1.0,0.0,1.0,0.0,1.0,1.0,0.0,0.0,0.0,0.0,1.0,0.0,0.0,0.0,0.0,1.0,28.72866574242004,90.08271753220332,9.527142958449463,23.83,99.64,0.058357962997487,10.99447512538042
POLONUEVO,2023,8,31,1,0.0,1.0,0.0,0.0,0.0,0.0,0.0,1.0,0.0,0.0,0.0,0.0,0.0,1.0,0.0,1.0,0.0,0.0,1.0,1.0,0.0,1.0,0.0,0.0,0.0,0.0,1.0,0.0,0.0,0.0,0.0,1.0,28.95748581659228,91.73566473098028,4.341428523617132,23.83,99.64,0.058357962997487,10.99447512538042
POLONUEVO,2023,10,39,1,0.0,1.0,0.0,0.0,0.0,0.0,0.0,1.0,0.0,0.0,0.0,0.0,0.0,1.0,0.0,0.0,1.0,0.0,1.0,0.0,1.0,1.0,0.0,0.0,0.0,0.0,1.0,0.0,0.0,0.0,0.0,1.0,28.203123982747417,94.52291615804036,7.774285759244647,23.83,99.64,0.058357962997487,10.99447512538042
POLONUEVO,2023,13,50,2,0.0,0.5,0.0,0.0,0.5,0.0,0.0,0.5,0.0,0.0,0.0,0.0,0.5,1.0,0.0,1.0,0.0,0.0,1.0,0.0,1.0,1.0,0.0,0.0,0.0,0.0,1.0,0.0,0.0,1.0,0.0,0.0,28.406608654203893,88.6962650844029,5.159999984981758,23.83,99.64,0.058357962997487,10.99447512538042
PONEDERA,2017,3,12,1,0.0,0.0,0.0,0.0,0.0,0.0,1.0,0.0,0.0,0.0,0.0,0.0,1.0,1.0,0.0,1.0,0.0,0.0,1.0,1.0,0.0,0.0,0.0,0.0,1.0,0.0,0.0,1.0,0.0,0.0,0.0,1.0,28.04650922502792,88.83626992361886,8.649285774145808,23.43,98.03,0.099086398790624,5.083966367469738
PONEDERA,2017,10,40,1,0.0,1.0,0.0,0.0,0.0,0.0,0.0,0.0,0.0,0.0,0.0,0.0,1.0,1.0,0.0,1.0,0.0,0.0,1.0,0.0,1.0,0.0,0.0,0.0,1.0,0.0,1.0,0.0,0.0,0.0,0.0,1.0,26.989672415597116,94.71794128417967,8.60357141494751,23.43,98.03,0.099086398790624,5.083966367469738
PONEDERA,2017,12,48,1,1.0,0.0,0.0,0.0,0.0,0.0,0.0,0.0,0.0,0.0,0.0,0.0,1.0,1.0,0.0,0.0,1.0,0.0,1.0,0.0,1.0,0.0,0.0,0.0,1.0,0.0,1.0,0.0,0.0,0.0,0.0,1.0,27.99860098702569,94.0766808646066,15.059285708836146,23.43,98.03,0.099086398790624,5.083966367469738
PONEDERA,2018,2,8,1,0.0,1.0,0.0,0.0,0.0,0.0,0.0,0.0,0.0,0.0,0.0,0.0,1.0,1.0,0.0,0.0,1.0,0.0,1.0,0.0,1.0,0.0,0.0,0.0,1.0,0.0,1.0,0.0,0.0,0.0,0.0,1.0,27.862557983398453,86.60792214529855,0.0492857178407055,23.53,98.25,0.099086398790624,5.083966367469738
PONEDERA,2018,10,39,1,0.0,1.0,0.0,0.0,0.0,0.0,0.0,0.0,0.0,0.0,0.0,0.0,1.0,1.0,0.0,1.0,0.0,0.0,1.0,0.0,1.0,0.0,0.0,0.0,1.0,0.0,0.0,1.0,0.0,0.0,0.0,1.0,27.48019016810828,94.45074353899274,10.41357149396624,23.53,98.25,0.099086398790624,5.083966367469738
PONEDERA,2018,12,45,1,1.0,0.0,0.0,0.0,0.0,0.0,0.0,0.0,0.0,0.0,0.0,0.0,1.0,1.0,0.0,1.0,0.0,0.0,1.0,1.0,0.0,0.0,0.0,0.0,1.0,0.0,1.0,0.0,0.0,0.0,0.0,1.0,27.62569362095426,93.86025129045758,2.696428553334304,23.53,98.25,0.099086398790624,5.083966367469738
PONEDERA,2018,12,46,1,1.0,0.0,0.0,0.0,0.0,0.0,0.0,0.0,0.0,0.0,0.0,0.0,1.0,1.0,0.0,1.0,0.0,0.0,1.0,0.0,1.0,0.0,0.0,0.0,1.0,0.0,1.0,0.0,0.0,1.0,0.0,0.0,28.01646030970985,93.40672302246094,5.900714460228171,23.53,98.25,0.099086398790624,5.083966367469738
PONEDERA,2018,12,47,1,0.0,1.0,0.0,0.0,0.0,0.0,0.0,0.0,0.0,0.0,0.0,0.0,1.0,1.0,0.0,1.0,0.0,0.0,1.0,1.0,0.0,0.0,0.0,0.0,1.0,0.0,1.0,0.0,0.0,1.0,0.0,0.0,27.7515088762556,94.1138937813895,4.143571498138564,23.53,98.25,0.099086398790624,5.083966367469738
PONEDERA,2018,12,48,1,0.0,0.0,0.0,0.0,1.0,0.0,0.0,1.0,0.0,0.0,0.0,0.0,0.0,1.0,0.0,0.0,1.0,0.0,1.0,1.0,0.0,0.0,0.0,0.0,1.0,0.0,1.0,0.0,0.0,0.0,0.0,1.0,27.497467476981047,94.03395080566406,3.4378572077091247,23.53,98.25,0.099086398790624,5.083966367469738
PONEDERA,2019,1,2,1,0.0,0.0,0.0,0.0,1.0,0.0,0.0,0.0,0.0,0.0,0.0,0.0,1.0,1.0,0.0,0.0,1.0,0.0,1.0,0.0,1.0,0.0,0.0,0.0,1.0,0.0,1.0,0.0,0.0,0.0,0.0,1.0,27.331440952846,92.04465811593192,9.152857414313726,23.26,97.43,0.099086398790624,5.083966367469738
PONEDERA,2019,1,3,2,1.0,0.0,0.0,0.0,0.0,0.0,0.0,0.0,0.0,0.0,0.0,0.0,1.0,1.0,0.0,0.0,1.0,0.0,1.0,0.0,1.0,0.0,0.0,0.0,1.0,0.0,0.5,0.5,0.0,0.5,0.0,0.5,27.79774518694197,90.09505789620536,0.0,23.26,97.43,0.099086398790624,5.083966367469738
PONEDERA,2019,2,5,2,0.5,0.0,0.0,0.0,0.5,0.0,0.0,0.0,0.0,0.0,0.0,0.0,1.0,1.0,0.0,1.0,0.0,0.0,1.0,0.5,0.5,0.0,0.0,0.0,1.0,0.0,1.0,0.0,0.0,0.0,0.0,1.0,28.08866053989957,89.3940931047712,2.9285714285714284,23.26,97.43,0.099086398790624,5.083966367469738
PONEDERA,2019,2,6,1,1.0,0.0,0.0,0.0,0.0,0.0,0.0,0.0,0.0,0.0,0.0,0.0,1.0,1.0,0.0,1.0,0.0,0.0,1.0,1.0,0.0,0.0,0.0,0.0,1.0,0.0,0.0,1.0,0.0,0.0,0.0,1.0,28.461347743443103,86.78544071742466,0.0,23.26,97.43,0.099086398790624,5.083966367469738
PONEDERA,2019,3,9,2,0.5,0.0,0.0,0.0,0.5,0.0,0.0,0.0,0.0,0.0,0.0,0.5,0.5,1.0,0.0,0.5,0.5,0.0,1.0,1.0,0.0,0.0,0.0,0.0,1.0,0.0,0.5,0.5,0.0,0.0,0.0,1.0,28.72536839076453,87.3051997593471,1.3557142998491014,23.26,97.43,0.099086398790624,5.083966367469738
PONEDERA,2019,7,25,2,0.5,0.0,0.0,0.0,0.0,0.0,0.5,0.0,0.0,0.0,0.0,0.0,1.0,1.0,0.0,0.0,1.0,0.0,1.0,1.0,0.0,0.0,0.0,0.0,1.0,0.0,0.5,0.5,0.0,0.5,0.0,0.5,29.41164114815849,89.1940427507673,8.37142891543252,23.26,97.43,0.099086398790624,5.083966367469738
PONEDERA,2019,7,27,1,0.0,1.0,0.0,0.0,0.0,0.0,0.0,0.0,0.0,0.0,0.0,0.0,1.0,1.0,0.0,0.0,1.0,0.0,1.0,1.0,0.0,0.0,0.0,0.0,1.0,0.0,1.0,0.0,0.0,0.0,0.0,1.0,29.205324881417425,89.34417724609375,3.642142802476883,23.26,97.43,0.099086398790624,5.083966367469738
PONEDERA,2019,8,32,1,0.0,0.0,0.0,0.0,0.0,0.0,1.0,0.0,0.0,0.0,0.0,0.0,1.0,1.0,0.0,0.0,1.0,0.0,1.0,1.0,0.0,0.0,0.0,0.0,1.0,0.0,0.0,1.0,0.0,0.0,0.0,1.0,28.890817260742207,91.4658693586077,4.289285647017615,23.26,97.43,0.099086398790624,5.083966367469738
PONEDERA,2019,9,35,1,0.0,1.0,0.0,0.0,0.0,0.0,0.0,0.0,0.0,0.0,0.0,0.0,1.0,1.0,0.0,0.0,1.0,0.0,1.0,0.0,1.0,0.0,0.0,0.0,1.0,0.0,0.0,1.0,0.0,0.0,0.0,1.0,28.62821568080359,92.16090720040458,12.761428571173123,23.26,97.43,0.099086398790624,5.083966367469738
PONEDERA,2019,9,36,1,0.0,1.0,0.0,0.0,0.0,0.0,0.0,1.0,0.0,0.0,0.0,0.0,0.0,1.0,0.0,1.0,0.0,0.0,1.0,1.0,0.0,0.0,0.0,0.0,1.0,0.0,1.0,0.0,0.0,0.0,0.0,1.0,28.53738010951452,93.2946537562779,3.6078571592058455,23.26,97.43,0.099086398790624,5.083966367469738
PONEDERA,2019,10,37,1,0.0,0.0,0.0,0.0,1.0,0.0,0.0,1.0,0.0,0.0,0.0,0.0,0.0,1.0,0.0,1.0,0.0,0.0,1.0,1.0,0.0,0.0,0.0,0.0,1.0,0.0,1.0,0.0,0.0,0.0,0.0,1.0,28.58542567661832,93.26000431605748,6.501428629670825,23.26,97.43,0.099086398790624,5.083966367469738
PONEDERA,2019,10,38,1,0.0,0.0,0.0,0.0,0.0,0.0,1.0,0.0,0.0,0.0,0.0,0.0,1.0,1.0,0.0,0.0,1.0,0.0,1.0,0.0,1.0,0.0,0.0,0.0,1.0,0.0,0.0,1.0,0.0,0.0,0.0,1.0,26.725597272600464,94.42015838623048,13.771428516932897,23.26,97.43,0.099086398790624,5.083966367469738
PONEDERA,2019,10,39,3,0.3333333333333333,0.3333333333333333,0.0,0.0,0.3333333333333333,0.0,0.0,0.3333333333333333,0.0,0.0,0.0,0.0,0.6666666666666666,1.0,0.0,0.3333333333333333,0.6666666666666666,0.0,1.0,0.3333333333333333,0.6666666666666666,0.0,0.0,0.0,1.0,0.0,1.0,0.0,0.0,0.0,0.0,1.0,27.37498081752233,94.71568080357144,6.877857054982867,23.26,97.43,0.099086398790624,5.083966367469738
PONEDERA,2019,10,40,3,0.6666666666666666,0.3333333333333333,0.0,0.0,0.0,0.0,0.0,0.3333333333333333,0.0,0.0,0.0,0.0,0.6666666666666666,1.0,0.0,0.3333333333333333,0.6666666666666666,0.0,1.0,0.3333333333333333,0.6666666666666666,0.0,0.0,0.0,1.0,0.0,0.6666666666666666,0.3333333333333333,0.0,0.0,0.0,1.0,26.797716849190863,95.03658403669084,7.759285722460065,23.26,97.43,0.099086398790624,5.083966367469738
PONEDERA,2019,11,43,3,0.3333333333333333,0.3333333333333333,0.0,0.0,0.3333333333333333,0.0,0.0,0.3333333333333333,0.0,0.0,0.0,0.0,0.6666666666666666,1.0,0.0,0.0,1.0,0.0,1.0,0.6666666666666666,0.3333333333333333,0.0,0.0,0.0,1.0,0.0,0.3333333333333333,0.6666666666666666,0.0,0.3333333333333333,0.0,0.6666666666666666,26.78943568638395,95.13196127755302,6.0549998964582175,23.26,97.43,0.099086398790624,5.083966367469738
PONEDERA,2019,11,44,1,0.0,0.0,0.0,0.0,0.0,0.0,1.0,0.0,0.0,0.0,0.0,0.0,1.0,1.0,0.0,0.0,1.0,0.0,1.0,0.0,1.0,0.0,0.0,0.0,1.0,0.0,1.0,0.0,0.0,0.0,0.0,1.0,27.22988717215404,94.56333705357144,5.142142942973545,23.26,97.43,0.099086398790624,5.083966367469738
PONEDERA,2019,12,45,1,0.0,1.0,0.0,0.0,0.0,0.0,0.0,0.0,0.0,0.0,0.0,0.0,1.0,1.0,0.0,1.0,0.0,0.0,1.0,0.0,1.0,0.0,0.0,0.0,1.0,0.0,0.0,1.0,0.0,0.0,0.0,1.0,27.498869105747787,93.95690482003349,14.840714224747249,23.26,97.43,0.099086398790624,5.083966367469738
PONEDERA,2019,12,46,5,0.6,0.2,0.0,0.0,0.2,0.0,0.0,0.2,0.0,0.0,0.0,0.0,0.8,1.0,0.0,0.2,0.8,0.0,1.0,0.6,0.4,0.0,0.0,0.0,1.0,0.0,0.6,0.4,0.0,0.0,0.0,1.0,26.91107657296319,94.9417234148298,4.126428612108741,23.26,97.43,0.099086398790624,5.083966367469738
PONEDERA,2019,12,47,4,0.75,0.0,0.0,0.0,0.0,0.0,0.25,0.5,0.0,0.0,0.0,0.0,0.5,1.0,0.0,0.75,0.25,0.0,1.0,0.75,0.25,0.0,0.0,0.0,1.0,0.0,1.0,0.0,0.0,0.0,0.0,1.0,27.359037562779037,94.35245186941964,19.366428596632822,23.26,97.43,0.099086398790624,5.083966367469738
PONEDERA,2019,12,48,4,0.25,0.0,0.0,0.0,0.5,0.0,0.25,0.0,0.0,0.0,0.0,0.0,1.0,1.0,0.0,0.0,1.0,0.0,1.0,1.0,0.0,0.0,0.0,0.0,1.0,0.0,0.75,0.25,0.0,0.0,0.0,1.0,28.090158081054707,92.52266475132534,14.462857135704583,23.26,97.43,0.099086398790624,5.083966367469738
PONEDERA,2019,13,49,3,0.3333333333333333,0.0,0.0,0.0,0.6666666666666666,0.0,0.0,0.0,0.0,0.0,0.0,0.3333333333333333,0.6666666666666666,1.0,0.0,0.0,1.0,0.0,1.0,1.0,0.0,0.0,0.0,0.0,1.0,0.0,0.6666666666666666,0.3333333333333333,0.0,0.3333333333333333,0.0,0.6666666666666666,27.76948590959824,94.38785988943916,4.807142853736877,23.26,97.43,0.099086398790624,5.083966367469738
PONEDERA,2019,13,50,5,0.4,0.0,0.0,0.0,0.4,0.0,0.2,0.4,0.0,0.0,0.0,0.0,0.6,1.0,0.0,0.2,0.8,0.0,1.0,0.4,0.6,0.0,0.0,0.0,1.0,0.0,1.0,0.0,0.0,0.6,0.0,0.4,27.774771990094887,93.21935599190849,4.5378571434744766,23.26,97.43,0.099086398790624,5.083966367469738
PONEDERA,2019,13,51,2,0.0,0.0,0.5,0.0,0.5,0.0,0.0,0.0,0.0,0.0,0.0,0.0,1.0,1.0,0.0,1.0,0.0,0.0,1.0,0.5,0.5,0.0,0.0,0.0,1.0,0.0,1.0,0.0,0.0,0.0,0.0,1.0,28.48274056570872,93.16326904296876,8.403571395469564,23.26,97.43,0.099086398790624,5.083966367469738
PONEDERA,2019,13,52,6,0.5,0.1666666666666666,0.0,0.0,0.3333333333333333,0.0,0.0,0.3333333333333333,0.0,0.1666666666666666,0.0,0.0,0.5,1.0,0.0,0.5,0.5,0.0,1.0,0.1666666666666666,0.8333333333333334,0.0,0.0,0.0,1.0,0.0,0.8333333333333334,0.1666666666666666,0.0,0.1666666666666666,0.0,0.8333333333333334,28.19860229492189,93.06021336146765,10.932142845221929,23.26,97.43,0.099086398790624,5.083966367469738
PONEDERA,2020,1,1,3,0.3333333333333333,0.0,0.0,0.0,0.6666666666666666,0.0,0.0,0.3333333333333333,0.0,0.0,0.0,0.0,0.6666666666666666,1.0,0.0,0.3333333333333333,0.6666666666666666,0.0,1.0,0.3333333333333333,0.6666666666666666,0.0,0.0,0.0,1.0,0.0,0.3333333333333333,0.6666666666666666,0.0,0.0,0.0,1.0,27.69761701311385,92.94388362339564,1.1428571428571428,23.7,99.01,0.099086398790624,5.083966367469738
PONEDERA,2020,1,2,5,0.0,0.0,0.0,0.0,0.6,0.0,0.4,0.2,0.0,0.2,0.0,0.0,0.6,1.0,0.0,0.2,0.8,0.0,1.0,0.6,0.4,0.0,0.0,0.0,1.0,0.0,0.8,0.2,0.0,0.0,0.0,1.0,28.33671177455359,89.19403948102679,0.0,23.7,99.01,0.099086398790624,5.083966367469738
PONEDERA,2020,1,3,4,0.0,0.25,0.0,0.0,0.75,0.0,0.0,0.5,0.0,0.0,0.0,0.0,0.5,1.0,0.0,0.0,1.0,0.0,1.0,0.5,0.5,0.0,0.0,0.0,1.0,0.0,0.75,0.25,0.0,0.25,0.0,0.75,28.59367632184711,88.22305515834263,0.2814285768462079,23.7,99.01,0.099086398790624,5.083966367469738
PONEDERA,2020,2,5,3,1.0,0.0,0.0,0.0,0.0,0.0,0.0,0.6666666666666666,0.0,0.0,0.0,0.0,0.3333333333333333,1.0,0.0,0.0,1.0,0.0,1.0,1.0,0.0,0.0,0.0,0.0,1.0,0.0,1.0,0.0,0.0,0.3333333333333333,0.0,0.6666666666666666,28.882135009765648,89.99881853376117,5.285714285714286,23.7,99.01,0.099086398790624,5.083966367469738
PONEDERA,2020,2,6,2,0.5,0.5,0.0,0.0,0.0,0.0,0.0,0.0,0.0,0.0,0.0,0.0,1.0,1.0,0.0,0.0,1.0,0.0,1.0,0.5,0.5,0.0,0.0,0.0,1.0,0.0,1.0,0.0,0.0,0.0,0.0,1.0,28.615302385602696,89.36141640799386,0.0,23.7,99.01,0.099086398790624,5.083966367469738
PONEDERA,2020,2,7,2,0.0,0.0,0.0,0.0,1.0,0.0,0.0,0.5,0.0,0.0,0.0,0.5,0.0,1.0,0.0,0.0,1.0,0.0,1.0,1.0,0.0,0.0,0.0,0.0,1.0,0.0,0.5,0.5,0.0,0.0,0.0,1.0,29.004397147042432,86.07984706333706,0.0,23.7,99.01,0.099086398790624,5.083966367469738
PONEDERA,2020,2,8,3,0.3333333333333333,0.0,0.0,0.0,0.0,0.0,0.6666666666666666,0.0,0.0,0.0,0.0,0.0,1.0,1.0,0.0,0.6666666666666666,0.3333333333333333,0.0,1.0,0.3333333333333333,0.6666666666666666,0.0,0.0,0.0,1.0,0.0,1.0,0.0,0.0,0.0,0.0,1.0,28.328899274553574,87.86839730398995,3.939999999744552,23.7,99.01,0.099086398790624,5.083966367469738
PONEDERA,2020,3,12,1,0.0,0.0,0.0,0.0,0.0,0.0,1.0,0.0,0.0,0.0,0.0,1.0,0.0,1.0,0.0,0.0,1.0,0.0,1.0,1.0,0.0,0.0,0.0,0.0,1.0,0.0,1.0,0.0,0.0,0.0,0.0,1.0,28.570343453543547,86.60581643240792,0.1099999994039535,23.7,99.01,0.099086398790624,5.083966367469738
PONEDERA,2020,5,17,1,0.0,0.0,0.0,0.0,0.0,0.0,1.0,0.0,0.0,0.0,0.0,0.0,1.0,1.0,0.0,1.0,0.0,0.0,1.0,1.0,0.0,0.0,0.0,0.0,1.0,0.0,1.0,0.0,0.0,0.0,0.0,1.0,29.33499407087056,87.77125549316406,1.402142854673522,23.7,99.01,0.099086398790624,5.083966367469738
PONEDERA,2020,10,38,1,0.0,0.0,0.0,0.0,0.0,0.0,1.0,0.0,0.0,0.0,0.0,0.0,1.0,1.0,0.0,1.0,0.0,0.0,1.0,1.0,0.0,0.0,0.0,0.0,1.0,0.0,0.0,1.0,0.0,0.0,0.0,1.0,27.26584995814733,94.35648345947266,11.873571395874023,23.7,99.01,0.099086398790624,5.083966367469738
PONEDERA,2020,13,52,1,1.0,0.0,0.0,0.0,0.0,0.0,0.0,1.0,0.0,0.0,0.0,0.0,0.0,1.0,0.0,0.0,1.0,0.0,1.0,1.0,0.0,0.0,0.0,0.0,1.0,0.0,1.0,0.0,0.0,0.0,0.0,1.0,27.44368678501676,92.39036560058594,8.132857152393886,23.7,99.01,0.099086398790624,5.083966367469738
PONEDERA,2020,14,53,1,1.0,0.0,0.0,0.0,0.0,0.0,0.0,0.0,0.0,0.0,0.0,0.0,1.0,1.0,0.0,0.0,1.0,0.0,1.0,1.0,0.0,0.0,0.0,0.0,1.0,0.0,1.0,0.0,0.0,0.0,0.0,1.0,27.516694641113304,91.29693603515624,0.5,23.7,99.01,0.099086398790624,5.083966367469738
PONEDERA,2021,8,29,1,0.0,0.0,1.0,0.0,0.0,0.0,0.0,0.0,0.0,0.0,0.0,0.0,1.0,1.0,0.0,1.0,0.0,0.0,1.0,0.0,1.0,0.0,0.0,0.0,1.0,0.0,1.0,0.0,0.0,0.0,0.0,1.0,28.71717878069197,89.7532708304269,1.8849999670471465,23.34,97.91,0.099086398790624,5.083966367469738
PONEDERA,2021,8,31,1,1.0,0.0,0.0,0.0,0.0,0.0,0.0,0.0,0.0,0.0,0.0,0.0,1.0,1.0,0.0,0.0,1.0,0.0,1.0,0.0,1.0,0.0,0.0,0.0,1.0,0.0,1.0,0.0,0.0,0.0,0.0,1.0,28.082136317661845,91.7622571672712,6.3664286477225165,23.34,97.91,0.099086398790624,5.083966367469738
PONEDERA,2021,9,34,1,0.0,1.0,0.0,0.0,0.0,0.0,0.0,0.0,0.0,0.0,0.0,0.0,1.0,1.0,0.0,1.0,0.0,0.0,1.0,1.0,0.0,0.0,0.0,0.0,1.0,0.0,1.0,0.0,0.0,0.0,0.0,1.0,26.917873273577023,93.49884687151228,14.106428759438652,23.34,97.91,0.099086398790624,5.083966367469738
PONEDERA,2021,10,38,1,1.0,0.0,0.0,0.0,0.0,0.0,0.0,0.0,0.0,0.0,0.0,0.0,1.0,1.0,0.0,0.0,1.0,0.0,1.0,1.0,0.0,0.0,0.0,0.0,1.0,0.0,1.0,0.0,0.0,0.0,0.0,1.0,27.304018729073675,93.449465070452,5.543571378503527,23.34,97.91,0.099086398790624,5.083966367469738
PONEDERA,2021,12,46,1,1.0,0.0,0.0,0.0,0.0,0.0,0.0,0.0,0.0,0.0,0.0,0.0,1.0,1.0,0.0,0.0,1.0,0.0,1.0,0.0,1.0,0.0,0.0,0.0,1.0,0.0,1.0,0.0,0.0,0.0,0.0,1.0,27.517216709681943,94.52259935651507,8.80142857347216,23.34,97.91,0.099086398790624,5.083966367469738
PONEDERA,2021,12,47,1,0.0,0.0,1.0,0.0,0.0,0.0,0.0,0.0,0.0,0.0,0.0,0.0,1.0,0.0,1.0,0.0,1.0,0.0,1.0,1.0,0.0,0.0,0.0,0.0,1.0,0.0,1.0,0.0,0.0,0.0,0.0,1.0,26.84174281529017,94.31969451904295,6.787857106753758,23.34,97.91,0.099086398790624,5.083966367469738
PONEDERA,2021,12,48,1,0.0,0.0,0.0,0.0,1.0,0.0,0.0,0.0,0.0,0.0,0.0,0.0,1.0,1.0,0.0,0.0,1.0,0.0,1.0,1.0,0.0,0.0,0.0,0.0,1.0,0.0,1.0,0.0,0.0,0.0,0.0,1.0,26.82654724121096,94.65240042550224,9.190714137894767,23.34,97.91,0.099086398790624,5.083966367469738
PONEDERA,2021,13,51,1,0.0,1.0,0.0,0.0,0.0,0.0,0.0,0.0,0.0,1.0,0.0,0.0,0.0,1.0,0.0,1.0,0.0,0.0,1.0,1.0,0.0,0.0,0.0,0.0,1.0,0.0,1.0,0.0,0.0,0.0,0.0,1.0,27.596610369001137,93.11866651262557,2.8357142944421088,23.34,97.91,0.099086398790624,5.083966367469738
PONEDERA,2021,13,52,1,1.0,0.0,0.0,0.0,0.0,0.0,0.0,1.0,0.0,0.0,0.0,0.0,0.0,1.0,0.0,0.0,1.0,0.0,1.0,0.0,1.0,0.0,0.0,0.0,1.0,0.0,1.0,0.0,0.0,0.0,0.0,1.0,27.89815891810828,93.05022757393974,5.34428571164608,23.34,97.91,0.099086398790624,5.083966367469738
PONEDERA,2022,2,8,1,0.0,0.0,1.0,0.0,0.0,0.0,0.0,0.0,0.0,0.0,0.0,0.0,1.0,1.0,0.0,0.0,1.0,0.0,1.0,0.0,1.0,0.0,0.0,0.0,1.0,0.0,0.0,1.0,0.0,0.0,0.0,1.0,28.281819370814752,86.14984784807477,2.158571428486279,23.52,98.25,0.099086398790624,5.083966367469738
PONEDERA,2022,7,25,1,1.0,0.0,0.0,0.0,0.0,0.0,0.0,0.0,0.0,0.0,0.0,0.0,1.0,1.0,0.0,0.0,1.0,0.0,1.0,1.0,0.0,0.0,0.0,0.0,1.0,0.0,1.0,0.0,0.0,0.0,0.0,1.0,27.330784824916314,92.3965824672154,14.572857073375156,23.52,98.25,0.099086398790624,5.083966367469738
PONEDERA,2022,7,26,1,0.0,0.0,0.0,0.0,0.0,0.0,1.0,0.0,0.0,0.0,0.0,0.0,1.0,1.0,0.0,0.0,1.0,0.0,1.0,1.0,0.0,0.0,0.0,0.0,1.0,0.0,1.0,0.0,0.0,0.0,0.0,1.0,27.14028320312502,92.23764365059988,8.702142792088646,23.52,98.25,0.099086398790624,5.083966367469738
PONEDERA,2022,7,27,1,1.0,0.0,0.0,0.0,0.0,0.0,0.0,1.0,0.0,0.0,0.0,0.0,0.0,1.0,0.0,0.0,1.0,0.0,1.0,1.0,0.0,0.0,0.0,0.0,1.0,0.0,1.0,0.0,0.0,1.0,0.0,0.0,28.269769287109398,92.30236489432198,7.635000092642648,23.52,98.25,0.099086398790624,5.083966367469738
PONEDERA,2022,7,28,2,0.0,0.5,0.0,0.0,0.5,0.0,0.0,0.0,0.0,0.0,0.0,0.0,1.0,1.0,0.0,0.5,0.5,0.0,1.0,0.5,0.5,0.0,0.0,0.0,1.0,0.0,1.0,0.0,0.0,0.0,0.0,1.0,28.02051696777346,91.98262786865234,8.917142816952296,23.52,98.25,0.099086398790624,5.083966367469738
PONEDERA,2022,8,29,1,1.0,0.0,0.0,0.0,0.0,0.0,0.0,0.0,0.0,0.0,0.0,0.0,1.0,1.0,0.0,0.0,1.0,0.0,1.0,0.0,1.0,0.0,0.0,0.0,1.0,0.0,1.0,0.0,0.0,0.0,0.0,1.0,28.10085885184154,92.483033316476,6.8400000504085,23.52,98.25,0.099086398790624,5.083966367469738
PONEDERA,2022,8,30,1,0.0,0.0,0.0,0.0,0.0,0.0,1.0,0.0,0.0,0.0,0.0,0.0,1.0,1.0,0.0,0.0,1.0,0.0,1.0,1.0,0.0,0.0,0.0,0.0,1.0,0.0,1.0,0.0,0.0,0.0,0.0,1.0,27.58183550153461,93.05501665387835,12.309285742895945,23.52,98.25,0.099086398790624,5.083966367469738
PONEDERA,2022,8,32,1,0.0,1.0,0.0,0.0,0.0,0.0,0.0,0.0,0.0,0.0,0.0,0.0,1.0,1.0,0.0,0.0,1.0,0.0,1.0,0.0,1.0,0.0,0.0,0.0,1.0,0.0,0.0,1.0,0.0,1.0,0.0,0.0,27.97852260044644,93.02477046421596,9.093571628843035,23.52,98.25,0.099086398790624,5.083966367469738
PONEDERA,2022,9,33,1,1.0,0.0,0.0,0.0,0.0,0.0,0.0,0.0,0.0,0.0,0.0,0.0,1.0,0.0,1.0,0.0,1.0,0.0,1.0,1.0,0.0,0.0,0.0,0.0,1.0,0.0,1.0,0.0,0.0,0.0,0.0,1.0,27.757533918108283,93.58682032993862,16.178571428571427,23.52,98.25,0.099086398790624,5.083966367469738
PONEDERA,2022,9,34,1,0.0,1.0,0.0,0.0,0.0,0.0,0.0,0.0,0.0,1.0,0.0,0.0,0.0,1.0,0.0,0.0,1.0,0.0,1.0,0.0,1.0,0.0,0.0,0.0,1.0,0.0,1.0,0.0,0.0,0.0,0.0,1.0,27.3423313685826,93.71614401681084,11.32714284317834,23.52,98.25,0.099086398790624,5.083966367469738
PONEDERA,2022,9,35,1,0.0,1.0,0.0,0.0,0.0,0.0,0.0,0.0,0.0,0.0,0.0,0.0,1.0,1.0,0.0,0.0,1.0,0.0,1.0,0.0,1.0,0.0,0.0,0.0,1.0,0.0,0.0,1.0,0.0,0.0,0.0,1.0,27.43013044084824,94.22867584228516,9.572857141494753,23.52,98.25,0.099086398790624,5.083966367469738
PONEDERA,2022,9,36,1,0.0,1.0,0.0,0.0,0.0,0.0,0.0,0.0,0.0,0.0,0.0,0.0,1.0,1.0,0.0,0.0,1.0,0.0,1.0,0.0,1.0,0.0,0.0,0.0,1.0,0.0,0.0,0.0,1.0,1.0,0.0,0.0,27.699591936383943,94.39456721714564,8.568571124758039,23.52,98.25,0.099086398790624,5.083966367469738
PONEDERA,2022,10,38,1,0.0,1.0,0.0,0.0,0.0,0.0,0.0,0.0,0.0,0.0,0.0,0.0,1.0,1.0,0.0,0.0,1.0,0.0,1.0,0.0,1.0,0.0,0.0,0.0,1.0,0.0,0.0,1.0,0.0,1.0,0.0,0.0,26.56676853724889,94.36652156284876,11.364285605294365,23.52,98.25,0.099086398790624,5.083966367469738
PONEDERA,2022,10,39,1,0.0,0.0,0.0,0.0,0.0,1.0,0.0,0.0,0.0,0.0,0.0,0.0,1.0,1.0,0.0,0.0,1.0,0.0,1.0,1.0,0.0,0.0,0.0,0.0,1.0,0.0,1.0,0.0,0.0,0.0,0.0,1.0,27.043954467773457,94.83783285958428,6.77928580556597,23.52,98.25,0.099086398790624,5.083966367469738
PONEDERA,2022,10,40,4,0.25,0.5,0.0,0.0,0.25,0.0,0.0,0.25,0.0,0.0,0.0,0.0,0.75,1.0,0.0,0.25,0.75,0.0,1.0,0.25,0.75,0.0,0.0,0.0,1.0,0.0,0.5,0.5,0.0,0.5,0.0,0.5,27.07527858189176,94.44598933628627,14.33428555727005,23.52,98.25,0.099086398790624,5.083966367469738
PONEDERA,2022,11,41,3,0.6666666666666666,0.0,0.3333333333333333,0.0,0.0,0.0,0.0,0.0,0.0,0.0,0.0,0.0,1.0,1.0,0.0,0.0,1.0,0.0,1.0,0.6666666666666666,0.3333333333333333,0.0,0.0,0.0,1.0,0.0,1.0,0.0,0.0,0.0,0.0,1.0,26.904519653320328,94.98264748709542,9.024999959128245,23.52,98.25,0.099086398790624,5.083966367469738
PONEDERA,2022,11,42,3,0.3333333333333333,0.6666666666666666,0.0,0.0,0.0,0.0,0.0,0.0,0.0,0.0,0.0,0.3333333333333333,0.6666666666666666,0.6666666666666666,0.3333333333333333,0.0,1.0,0.0,1.0,0.0,1.0,0.0,0.0,0.0,1.0,0.0,0.6666666666666666,0.3333333333333333,0.0,0.0,0.0,1.0,27.016087559291314,95.50433458600726,11.492142881665911,23.52,98.25,0.099086398790624,5.083966367469738
PONEDERA,2022,11,43,5,0.8,0.0,0.0,0.0,0.2,0.0,0.0,0.0,0.0,0.0,0.0,0.0,1.0,1.0,0.0,0.0,1.0,0.0,1.0,0.4,0.6,0.0,0.0,0.0,1.0,0.0,0.8,0.2,0.0,0.2,0.0,0.8,26.593159702846005,94.98828233991352,7.667142936161587,23.52,98.25,0.099086398790624,5.083966367469738
PONEDERA,2022,11,44,4,1.0,0.0,0.0,0.0,0.0,0.0,0.0,0.25,0.0,0.0,0.0,0.25,0.5,1.0,0.0,0.0,1.0,0.0,1.0,0.25,0.75,0.0,0.0,0.0,1.0,0.0,0.75,0.25,0.0,0.25,0.0,0.75,26.56556527273997,95.17606680733816,12.407857192414149,23.52,98.25,0.099086398790624,5.083966367469738
PONEDERA,2022,12,46,3,1.0,0.0,0.0,0.0,0.0,0.0,0.0,0.0,0.0,0.0,0.0,0.0,1.0,1.0,0.0,0.0,1.0,0.0,1.0,0.3333333333333333,0.6666666666666666,0.0,0.0,0.0,1.0,0.0,0.6666666666666666,0.3333333333333333,0.0,0.3333333333333333,0.0,0.6666666666666666,26.340907941545776,95.54674530029295,14.605713912418912,23.52,98.25,0.099086398790624,5.083966367469738
PONEDERA,2022,13,49,1,0.0,1.0,0.0,0.0,0.0,0.0,0.0,1.0,0.0,0.0,0.0,0.0,0.0,1.0,0.0,1.0,0.0,0.0,1.0,1.0,0.0,0.0,0.0,0.0,1.0,0.0,1.0,0.0,0.0,1.0,0.0,0.0,26.331933593750023,93.7986820765904,6.190000001873289,23.52,98.25,0.099086398790624,5.083966367469738
PONEDERA,2023,1,3,1,1.0,0.0,0.0,0.0,0.0,0.0,0.0,0.0,0.0,0.0,0.0,0.0,1.0,1.0,0.0,0.0,1.0,0.0,1.0,0.0,1.0,0.0,0.0,0.0,1.0,0.0,1.0,0.0,0.0,0.0,0.0,1.0,27.58520987374444,91.99182673863002,4.5,23.85,99.62,0.099086398790624,5.083966367469738
PONEDERA,2023,2,5,1,0.0,1.0,0.0,0.0,0.0,0.0,0.0,1.0,0.0,0.0,0.0,0.0,0.0,1.0,0.0,0.0,1.0,0.0,1.0,1.0,0.0,0.0,0.0,0.0,1.0,0.0,0.0,1.0,0.0,1.0,0.0,0.0,27.48484409877233,88.1910901750837,0.1428571428571428,23.85,99.62,0.099086398790624,5.083966367469738
PONEDERA,2023,3,9,2,0.5,0.0,0.0,0.0,0.5,0.0,0.0,0.0,0.0,0.0,0.0,0.0,1.0,1.0,0.0,0.0,1.0,0.0,1.0,0.5,0.5,0.0,0.0,0.0,1.0,0.0,1.0,0.0,0.0,0.0,0.0,1.0,28.173547363281276,88.15123203822544,0.0007142856983201,23.85,99.62,0.099086398790624,5.083966367469738
PONEDERA,2023,5,20,1,1.0,0.0,0.0,0.0,0.0,0.0,0.0,0.0,0.0,0.0,0.0,0.0,1.0,1.0,0.0,0.0,1.0,0.0,1.0,0.0,1.0,0.0,0.0,0.0,1.0,0.0,1.0,0.0,0.0,0.0,0.0,1.0,29.000985717773457,89.56630597795758,13.461428603955678,23.85,99.62,0.099086398790624,5.083966367469738
PONEDERA,2023,6,21,1,0.0,1.0,0.0,0.0,0.0,0.0,0.0,0.0,0.0,1.0,0.0,0.0,0.0,1.0,0.0,1.0,0.0,0.0,1.0,0.0,1.0,0.0,0.0,0.0,1.0,0.0,1.0,0.0,0.0,0.0,0.0,1.0,28.29779314313618,90.9019034249442,10.054285492215838,23.85,99.62,0.099086398790624,5.083966367469738
PONEDERA,2023,8,30,3,0.0,1.0,0.0,0.0,0.0,0.0,0.0,0.0,0.0,0.0,0.0,0.0,1.0,1.0,0.0,0.6666666666666666,0.3333333333333333,0.0,1.0,0.0,1.0,0.0,0.0,0.0,1.0,0.0,0.0,1.0,0.0,0.6666666666666666,0.0,0.3333333333333333,29.13499712262836,90.66310446602958,7.896428721291678,23.85,99.62,0.099086398790624,5.083966367469738
PONEDERA,2023,8,31,2,0.0,1.0,0.0,0.0,0.0,0.0,0.0,0.0,0.0,0.0,0.0,0.0,1.0,1.0,0.0,1.0,0.0,0.0,1.0,0.5,0.5,0.0,0.0,0.0,1.0,0.0,0.0,1.0,0.0,0.5,0.0,0.5,29.35555201939176,91.948732648577,3.652856999209949,23.85,99.62,0.099086398790624,5.083966367469738
PONEDERA,2023,10,38,2,0.0,0.5,0.0,0.0,0.5,0.0,0.0,0.5,0.0,0.0,0.0,0.0,0.5,1.0,0.0,0.5,0.5,0.0,1.0,1.0,0.0,0.0,0.0,0.0,1.0,0.0,0.0,1.0,0.0,0.0,0.0,1.0,28.58813302176341,93.69105965750558,6.948571481875011,23.85,99.62,0.099086398790624,5.083966367469738
PONEDERA,2023,10,39,2,0.0,0.5,0.0,0.0,0.5,0.0,0.0,0.5,0.0,0.0,0.0,0.0,0.5,1.0,0.0,0.0,1.0,0.0,1.0,0.5,0.5,0.0,0.0,0.0,1.0,0.0,0.5,0.5,0.0,0.0,0.0,1.0,28.35483267647881,94.74966866629464,6.380714314324515,23.85,99.62,0.099086398790624,5.083966367469738
PONEDERA,2023,10,40,1,1.0,0.0,0.0,0.0,0.0,0.0,0.0,0.0,0.0,0.0,0.0,0.0,1.0,1.0,0.0,0.0,1.0,0.0,1.0,1.0,0.0,0.0,0.0,0.0,1.0,0.0,0.0,1.0,0.0,0.0,0.0,1.0,27.79152178083149,94.8152825491769,14.55857137271336,23.85,99.62,0.099086398790624,5.083966367469738
PONEDERA,2023,11,41,2,0.0,1.0,0.0,0.0,0.0,0.0,0.0,0.0,0.0,0.0,0.0,0.0,1.0,1.0,0.0,0.5,0.5,0.0,1.0,0.5,0.5,0.0,0.0,0.0,1.0,0.0,0.5,0.5,0.0,1.0,0.0,0.0,27.8483825683594,94.28624507359096,6.799285752432687,23.85,99.62,0.099086398790624,5.083966367469738
PONEDERA,2023,11,42,1,1.0,0.0,0.0,0.0,0.0,0.0,0.0,0.0,0.0,1.0,0.0,0.0,0.0,1.0,0.0,0.0,1.0,0.0,1.0,0.0,1.0,0.0,0.0,0.0,1.0,0.0,0.0,1.0,0.0,0.0,0.0,1.0,27.974542236328148,94.55052294049943,5.560000010899135,23.85,99.62,0.099086398790624,5.083966367469738
PONEDERA,2023,11,43,4,0.75,0.0,0.0,0.0,0.25,0.0,0.0,0.5,0.0,0.0,0.0,0.0,0.5,1.0,0.0,0.0,1.0,0.0,1.0,0.5,0.5,0.0,0.0,0.0,1.0,0.0,0.5,0.5,0.0,0.0,0.0,1.0,27.22155151367189,94.5938698904855,17.441429001944407,23.85,99.62,0.099086398790624,5.083966367469738
PONEDERA,2023,11,44,2,1.0,0.0,0.0,0.0,0.0,0.0,0.0,0.5,0.0,0.0,0.0,0.0,0.5,1.0,0.0,1.0,0.0,0.0,1.0,0.0,1.0,0.0,0.0,0.0,1.0,0.0,0.0,1.0,0.0,0.0,0.0,1.0,26.73831438337056,95.94364602225168,13.734285763331822,23.85,99.62,0.099086398790624,5.083966367469738
PONEDERA,2023,12,45,5,0.6,0.4,0.0,0.0,0.0,0.0,0.0,0.0,0.0,0.0,0.0,0.0,1.0,1.0,0.0,0.2,0.8,0.0,1.0,0.2,0.8,0.0,0.0,0.0,1.0,0.0,0.0,1.0,0.0,0.0,0.0,1.0,28.195851353236623,94.90936824253627,4.2642858028411865,23.85,99.62,0.099086398790624,5.083966367469738
PONEDERA,2023,12,46,1,1.0,0.0,0.0,0.0,0.0,0.0,0.0,0.0,0.0,0.0,0.0,0.0,1.0,1.0,0.0,1.0,0.0,0.0,1.0,1.0,0.0,0.0,0.0,0.0,1.0,0.0,0.0,1.0,0.0,1.0,0.0,0.0,27.71299133300783,94.79127502441406,6.905000056539263,23.85,99.62,0.099086398790624,5.083966367469738
PONEDERA,2023,12,47,6,0.3333333333333333,0.1666666666666666,0.0,0.0,0.5,0.0,0.0,0.3333333333333333,0.0,0.0,0.0,0.0,0.6666666666666666,1.0,0.0,0.5,0.5,0.0,1.0,0.8333333333333334,0.1666666666666666,0.0,0.0,0.0,1.0,0.0,0.5,0.5,0.0,0.3333333333333333,0.0,0.6666666666666666,27.0449680873326,95.02142660958428,7.670000312583787,23.85,99.62,0.099086398790624,5.083966367469738
PONEDERA,2023,12,48,4,0.5,0.5,0.0,0.0,0.0,0.0,0.0,0.25,0.0,0.0,0.0,0.0,0.75,1.0,0.0,0.5,0.5,0.0,1.0,0.75,0.25,0.0,0.0,0.0,1.0,0.0,0.0,1.0,0.0,0.5,0.0,0.5,28.011767142159613,93.4553429739816,2.822142856461661,23.85,99.62,0.099086398790624,5.083966367469738
PONEDERA,2023,13,49,5,0.4,0.4,0.0,0.0,0.0,0.0,0.2,0.4,0.0,0.0,0.0,0.0,0.6,1.0,0.0,0.4,0.6,0.0,1.0,0.8,0.2,0.0,0.0,0.0,1.0,0.0,0.6,0.4,0.0,0.6,0.0,0.4,28.304727172851575,91.92603846958706,5.714285714285714,23.85,99.62,0.099086398790624,5.083966367469738
PONEDERA,2023,13,50,4,1.0,0.0,0.0,0.0,0.0,0.0,0.0,0.0,0.0,0.0,0.0,0.0,1.0,1.0,0.0,0.25,0.75,0.0,1.0,0.5,0.5,0.0,0.0,0.0,1.0,0.0,0.75,0.25,0.0,0.25,0.0,0.75,28.864602661132828,90.7351826259068,5.492142842284271,23.85,99.62,0.099086398790624,5.083966367469738
PUERTO COLOMBIA,2017,3,10,1,1.0,0.0,0.0,0.0,0.0,0.0,0.0,0.0,0.0,0.0,0.0,0.0,1.0,1.0,0.0,1.0,0.0,0.0,1.0,1.0,0.0,0.0,0.0,1.0,0.0,0.0,1.0,0.0,0.0,0.0,0.0,1.0,27.03853105817524,81.99083818708148,0.1442857129233224,23.8,99.28,1.902684311740348,1.652850517266362
PUERTO COLOMBIA,2017,10,38,1,0.0,1.0,0.0,0.0,0.0,0.0,0.0,0.0,0.0,0.0,0.0,0.0,1.0,1.0,0.0,0.0,1.0,0.0,1.0,1.0,0.0,0.0,0.0,1.0,0.0,0.0,1.0,0.0,0.0,1.0,0.0,0.0,27.982215227399568,91.65938459123883,5.068571397236416,23.8,99.28,1.902684311740348,1.652850517266362
PUERTO COLOMBIA,2017,10,39,1,0.0,0.0,0.0,0.0,1.0,0.0,0.0,0.0,0.0,0.0,0.0,0.0,1.0,1.0,0.0,1.0,0.0,0.0,1.0,0.0,1.0,0.0,0.0,1.0,0.0,0.0,1.0,0.0,0.0,0.0,0.0,1.0,27.6818307059152,90.4069104875837,13.704285417284284,23.8,99.28,1.902684311740348,1.652850517266362
PUERTO COLOMBIA,2017,10,40,1,0.0,1.0,0.0,0.0,0.0,0.0,0.0,1.0,0.0,0.0,0.0,0.0,0.0,1.0,0.0,1.0,0.0,0.0,1.0,1.0,0.0,0.0,0.0,1.0,0.0,0.0,1.0,0.0,0.0,0.0,0.0,1.0,27.24788164411274,90.62249864850726,13.445714439664568,23.8,99.28,1.902684311740348,1.652850517266362
PUERTO COLOMBIA,2017,11,43,1,0.0,1.0,0.0,0.0,0.0,0.0,0.0,1.0,0.0,0.0,0.0,0.0,0.0,1.0,0.0,1.0,0.0,0.0,1.0,1.0,0.0,0.0,0.0,1.0,0.0,0.0,1.0,0.0,0.0,0.0,0.0,1.0,27.187223597935287,91.60855865478516,11.5499997820173,23.8,99.28,1.902684311740348,1.652850517266362
PUERTO COLOMBIA,2017,11,44,2,0.0,0.5,0.5,0.0,0.0,0.0,0.0,0.5,0.0,0.0,0.0,0.0,0.5,1.0,0.0,0.0,1.0,0.0,1.0,0.5,0.5,0.0,0.0,1.0,0.0,0.0,1.0,0.0,0.0,0.5,0.0,0.5,27.417395891462075,87.84621756417411,2.925714272739632,23.8,99.28,1.902684311740348,1.652850517266362
PUERTO COLOMBIA,2017,12,45,1,0.0,1.0,0.0,0.0,0.0,0.0,0.0,1.0,0.0,0.0,0.0,0.0,0.0,1.0,0.0,1.0,0.0,0.0,1.0,0.0,1.0,0.0,0.0,1.0,0.0,0.0,1.0,0.0,0.0,1.0,0.0,0.0,27.02116655622211,90.31459372384208,7.677142943654742,23.8,99.28,1.902684311740348,1.652850517266362
PUERTO COLOMBIA,2017,13,49,2,0.0,0.0,0.0,0.0,0.0,0.0,1.0,0.5,0.0,0.0,0.0,0.5,0.0,0.5,0.5,0.0,1.0,0.0,1.0,1.0,0.0,0.0,0.0,1.0,0.0,0.0,1.0,0.0,0.0,0.5,0.0,0.5,27.81910967145649,86.27955300467355,2.619999985609736,23.8,99.28,1.902684311740348,1.652850517266362
PUERTO COLOMBIA,2017,13,50,1,0.0,1.0,0.0,0.0,0.0,0.0,0.0,0.0,0.0,0.0,0.0,0.0,1.0,1.0,0.0,1.0,0.0,0.0,1.0,1.0,0.0,0.0,0.0,1.0,0.0,0.0,1.0,0.0,0.0,0.0,0.0,1.0,27.44934561593193,85.6721420288086,3.0485714333398,23.8,99.28,1.902684311740348,1.652850517266362
PUERTO COLOMBIA,2017,13,51,1,0.0,0.0,0.0,0.0,1.0,0.0,0.0,1.0,0.0,0.0,0.0,0.0,0.0,1.0,0.0,0.0,1.0,0.0,1.0,0.0,1.0,0.0,0.0,1.0,0.0,0.0,1.0,0.0,0.0,0.0,0.0,1.0,27.672317940848234,81.66775948660714,0.0,23.8,99.28,1.902684311740348,1.652850517266362
PUERTO COLOMBIA,2017,13,52,2,0.0,0.5,0.0,0.0,0.0,0.0,0.5,0.5,0.0,0.0,0.0,0.0,0.5,1.0,0.0,1.0,0.0,0.0,1.0,0.5,0.5,0.0,0.0,1.0,0.0,0.0,1.0,0.0,0.0,0.5,0.0,0.5,26.89875619070872,85.49857657296317,0.2157142800944191,23.8,99.28,1.902684311740348,1.652850517266362
PUERTO COLOMBIA,2018,1,3,2,0.0,1.0,0.0,0.0,0.0,0.0,0.0,1.0,0.0,0.0,0.0,0.0,0.0,1.0,0.0,0.5,0.5,0.0,1.0,1.0,0.0,0.0,0.0,1.0,0.0,0.0,0.5,0.5,0.0,0.5,0.0,0.5,27.590783691406276,83.66319819859096,0.048571428284049,23.9,99.66,1.902684311740348,1.652850517266362
PUERTO COLOMBIA,2018,2,8,1,0.0,1.0,0.0,0.0,0.0,0.0,0.0,1.0,0.0,0.0,0.0,0.0,0.0,1.0,0.0,0.0,1.0,0.0,1.0,0.0,1.0,0.0,0.0,1.0,0.0,0.0,1.0,0.0,0.0,0.0,0.0,1.0,26.15016217912948,80.68437085832868,0.0,23.9,99.66,1.902684311740348,1.652850517266362
PUERTO COLOMBIA,2018,5,20,1,1.0,0.0,0.0,0.0,0.0,0.0,0.0,0.0,0.0,0.0,1.0,0.0,0.0,1.0,0.0,1.0,0.0,0.0,1.0,0.0,1.0,0.0,0.0,1.0,0.0,0.0,1.0,0.0,0.0,1.0,0.0,0.0,27.47451825823105,87.74611227852958,9.462857178279332,23.9,99.66,1.902684311740348,1.652850517266362
PUERTO COLOMBIA,2018,6,23,1,0.0,1.0,0.0,0.0,0.0,0.0,0.0,0.0,0.0,0.0,0.0,1.0,0.0,1.0,0.0,1.0,0.0,0.0,1.0,0.0,1.0,0.0,0.0,1.0,0.0,0.0,1.0,0.0,0.0,0.0,0.0,1.0,28.41795610700337,86.99174063546317,2.352857109159231,23.9,99.66,1.902684311740348,1.652850517266362
PUERTO COLOMBIA,2018,7,25,3,0.0,0.6666666666666666,0.0,0.0,0.3333333333333333,0.0,0.0,0.3333333333333333,0.0,0.0,0.0,0.0,0.6666666666666666,1.0,0.0,0.6666666666666666,0.3333333333333333,0.0,1.0,0.6666666666666666,0.3333333333333333,0.0,0.0,1.0,0.0,0.0,0.6666666666666666,0.0,0.3333333333333333,0.3333333333333333,0.0,0.6666666666666666,27.77462376185828,88.70697893415179,4.421428433486393,23.9,99.66,1.902684311740348,1.652850517266362
PUERTO COLOMBIA,2018,7,26,1,0.0,0.0,0.0,0.0,1.0,0.0,0.0,1.0,0.0,0.0,0.0,0.0,0.0,1.0,0.0,0.0,1.0,0.0,1.0,0.0,1.0,0.0,0.0,1.0,0.0,0.0,1.0,0.0,0.0,0.0,0.0,1.0,27.730536760602696,88.19684382847377,2.592857194798333,23.9,99.66,1.902684311740348,1.652850517266362
PUERTO COLOMBIA,2018,7,28,1,0.0,0.0,0.0,0.0,0.0,0.0,1.0,1.0,0.0,0.0,0.0,0.0,0.0,1.0,0.0,1.0,0.0,0.0,1.0,0.0,1.0,0.0,0.0,1.0,0.0,0.0,1.0,0.0,0.0,0.0,0.0,1.0,27.903867885044665,88.204831804548,0.957142882315176,23.9,99.66,1.902684311740348,1.652850517266362
PUERTO COLOMBIA,2018,8,29,1,0.0,1.0,0.0,0.0,0.0,0.0,0.0,1.0,0.0,0.0,0.0,0.0,0.0,1.0,0.0,0.0,1.0,0.0,1.0,0.0,1.0,0.0,0.0,1.0,0.0,0.0,1.0,0.0,0.0,0.0,0.0,1.0,27.80353044782368,88.46964154924665,0.4100000145179884,23.9,99.66,1.902684311740348,1.652850517266362
PUERTO COLOMBIA,2018,8,30,2,0.5,0.0,0.0,0.0,0.5,0.0,0.0,0.0,0.0,0.0,0.0,0.0,1.0,1.0,0.0,0.0,1.0,0.0,1.0,1.0,0.0,0.0,0.0,1.0,0.0,0.0,1.0,0.0,0.0,0.0,0.0,1.0,27.082391357421898,92.16951751708984,5.9199999911444525,23.9,99.66,1.902684311740348,1.652850517266362
PUERTO COLOMBIA,2018,8,32,1,1.0,0.0,0.0,0.0,0.0,0.0,0.0,1.0,0.0,0.0,0.0,0.0,0.0,1.0,0.0,0.0,1.0,0.0,1.0,1.0,0.0,0.0,0.0,1.0,0.0,0.0,1.0,0.0,0.0,1.0,0.0,0.0,28.128385707310287,87.79043470110211,0.0571428571960755,23.9,99.66,1.902684311740348,1.652850517266362
PUERTO COLOMBIA,2018,9,34,2,0.0,1.0,0.0,0.0,0.0,0.0,0.0,0.5,0.0,0.0,0.0,0.0,0.5,1.0,0.0,0.5,0.5,0.0,1.0,0.5,0.5,0.0,0.0,1.0,0.0,0.0,1.0,0.0,0.0,0.0,0.0,1.0,27.970995657784613,89.48161206926618,1.8671428646360124,23.9,99.66,1.902684311740348,1.652850517266362
PUERTO COLOMBIA,2018,11,41,2,0.5,0.5,0.0,0.0,0.0,0.0,0.0,1.0,0.0,0.0,0.0,0.0,0.0,1.0,0.0,0.0,1.0,0.0,1.0,0.0,1.0,0.0,0.0,1.0,0.0,0.0,1.0,0.0,0.0,1.0,0.0,0.0,26.796310860770117,89.71505192347935,10.034285741192956,23.9,99.66,1.902684311740348,1.652850517266362
PUERTO COLOMBIA,2018,11,42,1,1.0,0.0,0.0,0.0,0.0,0.0,0.0,1.0,0.0,0.0,0.0,0.0,0.0,1.0,0.0,1.0,0.0,0.0,1.0,0.0,1.0,0.0,0.0,1.0,0.0,0.0,1.0,0.0,0.0,1.0,0.0,0.0,27.2962345668248,89.43295615059989,4.561428578836577,23.9,99.66,1.902684311740348,1.652850517266362
PUERTO COLOMBIA,2018,11,43,1,0.0,0.0,0.0,0.0,1.0,0.0,0.0,0.0,0.0,0.0,0.0,0.0,1.0,1.0,0.0,0.0,1.0,0.0,1.0,0.0,1.0,0.0,0.0,1.0,0.0,0.0,1.0,0.0,0.0,1.0,0.0,0.0,27.415237862723227,89.69197627476284,3.619999953678676,23.9,99.66,1.902684311740348,1.652850517266362
PUERTO COLOMBIA,2018,11,44,2,1.0,0.0,0.0,0.0,0.0,0.0,0.0,0.0,0.0,0.0,0.0,0.0,1.0,1.0,0.0,0.5,0.5,0.0,1.0,0.5,0.5,0.0,0.0,1.0,0.0,0.0,1.0,0.0,0.0,0.0,0.0,1.0,27.402150181361613,88.64412471226284,5.672857049320426,23.9,99.66,1.902684311740348,1.652850517266362
PUERTO COLOMBIA,2018,12,45,2,0.5,0.5,0.0,0.0,0.0,0.0,0.0,0.5,0.0,0.0,0.0,0.0,0.5,1.0,0.0,0.5,0.5,0.0,1.0,1.0,0.0,0.0,0.0,1.0,0.0,0.0,1.0,0.0,0.0,0.5,0.0,0.5,27.415298897879484,88.8700932094029,2.1200000353689705,23.9,99.66,1.902684311740348,1.652850517266362
PUERTO COLOMBIA,2018,12,46,3,0.6666666666666666,0.0,0.0,0.0,0.3333333333333333,0.0,0.0,0.0,0.0,0.0,0.0,0.0,1.0,1.0,0.0,0.0,1.0,0.0,1.0,0.3333333333333333,0.6666666666666666,0.0,0.0,1.0,0.0,0.0,1.0,0.0,0.0,0.0,0.0,1.0,27.72999398367748,89.0597654070173,3.105714295325534,23.9,99.66,1.902684311740348,1.652850517266362
PUERTO COLOMBIA,2018,12,47,3,0.3333333333333333,0.3333333333333333,0.0,0.0,0.3333333333333333,0.0,0.0,0.0,0.3333333333333333,0.0,0.0,0.0,0.6666666666666666,1.0,0.0,0.6666666666666666,0.3333333333333333,0.0,1.0,0.6666666666666666,0.3333333333333333,0.0,0.0,1.0,0.0,0.0,1.0,0.0,0.0,0.0,0.0,1.0,27.510733904157387,88.52252742222377,0.9842857228858132,23.9,99.66,1.902684311740348,1.652850517266362
PUERTO COLOMBIA,2018,12,48,5,0.4,0.0,0.0,0.0,0.2,0.0,0.4,0.6,0.0,0.0,0.0,0.0,0.4,1.0,0.0,0.0,1.0,0.0,1.0,0.0,1.0,0.0,0.0,1.0,0.0,0.0,1.0,0.0,0.0,0.6,0.0,0.4,27.200542340959835,87.8414306640625,1.1928571124694176,23.9,99.66,1.902684311740348,1.652850517266362
PUERTO COLOMBIA,2018,13,50,1,0.0,0.0,0.0,0.0,1.0,0.0,0.0,0.0,0.0,0.0,0.0,0.0,1.0,1.0,0.0,0.0,1.0,0.0,1.0,0.0,1.0,0.0,0.0,1.0,0.0,0.0,1.0,0.0,0.0,0.0,0.0,1.0,27.192344011579262,85.52385929652623,0.0,23.9,99.66,1.902684311740348,1.652850517266362
PUERTO COLOMBIA,2018,13,51,2,0.5,0.0,0.0,0.0,0.5,0.0,0.0,0.5,0.0,0.0,0.0,0.0,0.5,1.0,0.0,0.0,1.0,0.0,1.0,0.0,1.0,0.0,0.0,1.0,0.0,0.0,1.0,0.0,0.0,0.0,0.0,1.0,26.812613786969887,87.41851697649274,0.0414285702364785,23.9,99.66,1.902684311740348,1.652850517266362
PUERTO COLOMBIA,2019,1,1,1,0.0,0.0,1.0,0.0,0.0,0.0,0.0,1.0,0.0,0.0,0.0,0.0,0.0,1.0,0.0,0.0,1.0,0.0,1.0,0.0,1.0,0.0,0.0,1.0,0.0,0.0,1.0,0.0,0.0,0.0,0.0,1.0,26.338322666713182,83.53284563337054,0.0,23.83,99.44,1.902684311740348,1.652850517266362
PUERTO COLOMBIA,2019,1,2,2,0.0,1.0,0.0,0.0,0.0,0.0,0.0,1.0,0.0,0.0,0.0,0.0,0.0,1.0,0.0,0.0,1.0,0.0,1.0,0.5,0.5,0.0,0.0,1.0,0.0,0.0,1.0,0.0,0.0,1.0,0.0,0.0,26.353428867885068,84.92799268450055,0.3385714305830853,23.83,99.44,1.902684311740348,1.652850517266362
PUERTO COLOMBIA,2019,5,17,1,0.0,0.0,0.0,0.0,0.0,0.0,1.0,1.0,0.0,0.0,0.0,0.0,0.0,1.0,0.0,1.0,0.0,0.0,1.0,1.0,0.0,0.0,0.0,1.0,0.0,0.0,1.0,0.0,0.0,1.0,0.0,0.0,27.9419625418527,84.25604793003627,0.8557142838835716,23.83,99.44,1.902684311740348,1.652850517266362
PUERTO COLOMBIA,2019,5,18,1,0.0,0.0,0.0,0.0,1.0,0.0,0.0,0.0,0.0,0.0,0.0,0.0,1.0,1.0,0.0,0.0,1.0,0.0,1.0,0.0,1.0,0.0,0.0,1.0,0.0,0.0,1.0,0.0,0.0,0.0,0.0,1.0,28.877842930385068,82.46635110037667,0.0542857154671634,23.83,99.44,1.902684311740348,1.652850517266362
PUERTO COLOMBIA,2019,6,22,2,0.5,0.5,0.0,0.0,0.0,0.0,0.0,0.5,0.0,0.0,0.0,0.0,0.5,1.0,0.0,0.0,1.0,0.0,1.0,0.0,1.0,0.0,0.0,1.0,0.0,0.0,1.0,0.0,0.0,0.0,0.0,1.0,27.59157060895649,88.83255004882812,13.651428384440283,23.83,99.44,1.902684311740348,1.652850517266362
PUERTO COLOMBIA,2019,6,23,3,0.0,0.6666666666666666,0.0,0.0,0.0,0.0,0.3333333333333333,0.3333333333333333,0.0,0.0,0.0,0.0,0.6666666666666666,1.0,0.0,0.0,1.0,0.0,1.0,1.0,0.0,0.0,0.0,1.0,0.0,0.0,0.6666666666666666,0.3333333333333333,0.0,0.0,0.0,1.0,28.27288208007814,88.93051474434989,9.885714599064418,23.83,99.44,1.902684311740348,1.652850517266362
PUERTO COLOMBIA,2019,6,24,2,0.0,1.0,0.0,0.0,0.0,0.0,0.0,1.0,0.0,0.0,0.0,0.0,0.0,1.0,0.0,1.0,0.0,0.0,1.0,0.0,1.0,0.0,0.0,1.0,0.0,0.0,1.0,0.0,0.0,0.0,0.0,1.0,28.38390938895091,87.9042489188058,1.8414285209562096,23.83,99.44,1.902684311740348,1.652850517266362
PUERTO COLOMBIA,2019,7,28,2,0.0,0.5,0.5,0.0,0.0,0.0,0.0,0.0,0.0,0.0,0.0,0.0,1.0,1.0,0.0,0.0,1.0,0.0,1.0,0.5,0.5,0.0,0.0,1.0,0.0,0.0,1.0,0.0,0.0,0.0,0.0,1.0,27.63527614048551,88.63152313232422,2.151428543297308,23.83,99.44,1.902684311740348,1.652850517266362
PUERTO COLOMBIA,2019,8,30,2,0.0,0.5,0.0,0.0,0.0,0.0,0.5,0.5,0.0,0.0,0.0,0.0,0.5,1.0,0.0,0.0,1.0,0.0,1.0,1.0,0.0,0.0,0.0,1.0,0.0,0.0,1.0,0.0,0.0,0.0,0.0,1.0,27.52968096051899,90.43753269740512,3.3314286039343903,23.83,99.44,1.902684311740348,1.652850517266362
PUERTO COLOMBIA,2019,9,33,1,0.0,1.0,0.0,0.0,0.0,0.0,0.0,0.0,0.0,0.0,0.0,0.0,1.0,1.0,0.0,0.0,1.0,0.0,1.0,0.0,1.0,0.0,0.0,1.0,0.0,0.0,1.0,0.0,0.0,0.0,0.0,1.0,27.508046177455373,89.45562853131976,12.798571403537478,23.83,99.44,1.902684311740348,1.652850517266362
PUERTO COLOMBIA,2019,10,39,1,1.0,0.0,0.0,0.0,0.0,0.0,0.0,1.0,0.0,0.0,0.0,0.0,0.0,1.0,0.0,0.0,1.0,0.0,1.0,0.0,1.0,0.0,0.0,1.0,0.0,0.0,1.0,0.0,0.0,1.0,0.0,0.0,27.653922380719887,91.4872567313058,7.198571409497943,23.83,99.44,1.902684311740348,1.652850517266362
PUERTO COLOMBIA,2019,11,41,1,1.0,0.0,0.0,0.0,0.0,0.0,0.0,0.0,0.0,0.0,0.0,1.0,0.0,1.0,0.0,0.0,1.0,0.0,1.0,0.0,1.0,0.0,0.0,1.0,0.0,0.0,1.0,0.0,0.0,0.0,0.0,1.0,26.90692618233818,90.8317151750837,15.400000027247838,23.83,99.44,1.902684311740348,1.652850517266362
PUERTO COLOMBIA,2019,11,43,1,0.0,0.0,0.0,0.0,1.0,0.0,0.0,0.0,0.0,0.0,0.0,0.0,1.0,1.0,0.0,0.0,1.0,0.0,1.0,1.0,0.0,0.0,0.0,1.0,0.0,0.0,1.0,0.0,0.0,0.0,0.0,1.0,27.27088535853797,90.35067531040735,4.987142826829638,23.83,99.44,1.902684311740348,1.652850517266362
PUERTO COLOMBIA,2019,11,44,2,0.0,0.0,0.0,0.5,0.5,0.0,0.0,0.0,0.0,0.0,0.0,0.0,1.0,1.0,0.0,0.0,1.0,0.0,1.0,0.5,0.5,0.0,0.0,1.0,0.0,0.0,1.0,0.0,0.0,0.5,0.0,0.5,27.84758257184712,87.81494903564453,1.7957142825637544,23.83,99.44,1.902684311740348,1.652850517266362
PUERTO COLOMBIA,2019,12,46,3,0.3333333333333333,0.3333333333333333,0.0,0.0,0.0,0.0,0.3333333333333333,0.6666666666666666,0.0,0.0,0.0,0.0,0.3333333333333333,1.0,0.0,0.3333333333333333,0.6666666666666666,0.0,1.0,1.0,0.0,0.0,0.0,1.0,0.0,0.0,1.0,0.0,0.0,0.3333333333333333,0.0,0.6666666666666666,27.116028267996665,89.9242433820452,2.0099999997764826,23.83,99.44,1.902684311740348,1.652850517266362
PUERTO COLOMBIA,2019,12,47,5,0.2,0.4,0.2,0.0,0.2,0.0,0.0,0.6,0.0,0.0,0.0,0.0,0.4,1.0,0.0,0.0,1.0,0.0,1.0,0.6,0.4,0.0,0.0,1.0,0.0,0.0,1.0,0.0,0.0,0.4,0.0,0.6,27.3436240059989,87.26262555803571,4.329999991825649,23.83,99.44,1.902684311740348,1.652850517266362
PUERTO COLOMBIA,2019,13,49,1,1.0,0.0,0.0,0.0,0.0,0.0,0.0,0.0,0.0,0.0,0.0,0.0,1.0,1.0,0.0,0.0,1.0,0.0,1.0,1.0,0.0,0.0,0.0,1.0,0.0,0.0,1.0,0.0,0.0,0.0,0.0,1.0,27.556699916294665,88.50278908865792,2.657142878909196,23.83,99.44,1.902684311740348,1.652850517266362
PUERTO COLOMBIA,2019,13,50,4,0.5,0.25,0.0,0.0,0.25,0.0,0.0,0.25,0.0,0.0,0.0,0.0,0.75,1.0,0.0,0.25,0.75,0.0,1.0,0.25,0.75,0.0,0.0,1.0,0.0,0.0,0.5,0.5,0.0,0.25,0.0,0.75,27.3639596121652,86.50636073521206,3.145714285650424,23.83,99.44,1.902684311740348,1.652850517266362
PUERTO COLOMBIA,2019,13,51,3,0.3333333333333333,0.0,0.0,0.0,0.3333333333333333,0.0,0.3333333333333333,1.0,0.0,0.0,0.0,0.0,0.0,1.0,0.0,0.0,1.0,0.0,1.0,0.6666666666666666,0.3333333333333333,0.0,0.0,1.0,0.0,0.0,0.6666666666666666,0.3333333333333333,0.0,0.0,0.0,1.0,28.011767142159616,87.20164162772042,1.1885714445795332,23.83,99.44,1.902684311740348,1.652850517266362
PUERTO COLOMBIA,2019,13,52,3,0.6666666666666666,0.3333333333333333,0.0,0.0,0.0,0.0,0.0,0.3333333333333333,0.0,0.6666666666666666,0.0,0.0,0.0,1.0,0.0,0.3333333333333333,0.6666666666666666,0.0,1.0,0.3333333333333333,0.6666666666666666,0.0,0.0,1.0,0.0,0.0,1.0,0.0,0.0,0.0,0.0,1.0,27.795364815848227,87.9457506452288,1.1485714209931237,23.83,99.44,1.902684311740348,1.652850517266362
PUERTO COLOMBIA,2020,1,1,3,0.3333333333333333,0.3333333333333333,0.0,0.0,0.0,0.0,0.3333333333333333,0.6666666666666666,0.0,0.0,0.0,0.3333333333333333,0.0,0.6666666666666666,0.3333333333333333,0.0,1.0,0.0,1.0,0.0,1.0,0.0,0.0,1.0,0.0,0.0,1.0,0.0,0.0,0.3333333333333333,0.0,0.6666666666666666,27.279807390485512,85.05098288399833,0.2857142857142857,23.82,99.23,1.902684311740348,1.652850517266362
PUERTO COLOMBIA,2020,1,2,1,0.0,1.0,0.0,0.0,0.0,0.0,0.0,0.0,0.0,0.0,0.0,1.0,0.0,1.0,0.0,0.0,1.0,0.0,1.0,0.0,1.0,0.0,0.0,1.0,0.0,0.0,0.0,1.0,0.0,0.0,0.0,1.0,27.47249755859377,79.45060076032367,0.0,23.82,99.23,1.902684311740348,1.652850517266362
PUERTO COLOMBIA,2020,1,3,4,0.5,0.0,0.0,0.0,0.25,0.0,0.25,0.5,0.0,0.0,0.0,0.0,0.5,1.0,0.0,0.75,0.25,0.0,1.0,0.25,0.75,0.0,0.0,1.0,0.0,0.0,0.5,0.5,0.0,0.25,0.0,0.75,26.774745832170776,83.43320901053292,0.0614285695233515,23.82,99.23,1.902684311740348,1.652850517266362
PUERTO COLOMBIA,2020,1,4,1,0.0,0.0,0.0,0.0,1.0,0.0,0.0,1.0,0.0,0.0,0.0,0.0,0.0,1.0,0.0,0.0,1.0,0.0,1.0,0.0,1.0,0.0,0.0,1.0,0.0,0.0,1.0,0.0,0.0,0.0,0.0,1.0,26.60281415666854,87.72132437569755,8.258571433169502,23.82,99.23,1.902684311740348,1.652850517266362
PUERTO COLOMBIA,2020,2,5,2,0.0,1.0,0.0,0.0,0.0,0.0,0.0,1.0,0.0,0.0,0.0,0.0,0.0,1.0,0.0,0.0,1.0,0.0,1.0,0.0,1.0,0.0,0.0,1.0,0.0,0.0,0.5,0.5,0.0,0.0,0.0,1.0,27.74090837751118,83.56334577287946,0.5714285714285714,23.82,99.23,1.902684311740348,1.652850517266362
PUERTO COLOMBIA,2020,2,6,2,0.0,0.5,0.0,0.0,0.5,0.0,0.0,0.5,0.0,0.0,0.0,0.0,0.5,1.0,0.0,0.0,1.0,0.0,1.0,0.5,0.5,0.0,0.0,1.0,0.0,0.0,1.0,0.0,0.0,0.5,0.0,0.5,27.280823189871658,81.90006147112165,0.0,23.82,99.23,1.902684311740348,1.652850517266362
PUERTO COLOMBIA,2020,2,7,4,0.25,0.5,0.0,0.0,0.0,0.0,0.25,0.5,0.0,0.0,0.0,0.0,0.5,1.0,0.0,0.5,0.5,0.0,1.0,0.5,0.5,0.0,0.0,1.0,0.0,0.0,1.0,0.0,0.0,0.25,0.0,0.75,27.14239327566965,82.08656093052456,0.0,23.82,99.23,1.902684311740348,1.652850517266362
PUERTO COLOMBIA,2020,3,9,3,0.6666666666666666,0.0,0.0,0.0,0.3333333333333333,0.0,0.0,0.0,0.0,0.0,0.0,0.0,1.0,1.0,0.0,0.0,1.0,0.0,1.0,0.6666666666666666,0.3333333333333333,0.0,0.0,1.0,0.0,0.0,0.6666666666666666,0.3333333333333333,0.0,0.0,0.0,1.0,26.93437892368864,84.7263434273856,1.1428571428571428,23.82,99.23,1.902684311740348,1.652850517266362
PUERTO COLOMBIA,2020,3,10,1,0.0,1.0,0.0,0.0,0.0,0.0,0.0,1.0,0.0,0.0,0.0,0.0,0.0,1.0,0.0,1.0,0.0,0.0,1.0,1.0,0.0,0.0,0.0,1.0,0.0,0.0,1.0,0.0,0.0,1.0,0.0,0.0,27.013186209542425,81.56011090959821,0.0,23.82,99.23,1.902684311740348,1.652850517266362
PUERTO COLOMBIA,2020,3,12,1,1.0,0.0,0.0,0.0,0.0,0.0,0.0,0.0,0.0,0.0,0.0,0.0,1.0,1.0,0.0,0.0,1.0,0.0,1.0,1.0,0.0,0.0,0.0,1.0,0.0,0.0,1.0,0.0,0.0,0.0,0.0,1.0,27.05720127650672,81.47171129499164,0.0357142857142857,23.82,99.23,1.902684311740348,1.652850517266362
PUERTO COLOMBIA,2020,4,13,1,1.0,0.0,0.0,0.0,0.0,0.0,0.0,1.0,0.0,0.0,0.0,0.0,0.0,1.0,0.0,0.0,1.0,0.0,1.0,1.0,0.0,0.0,0.0,1.0,0.0,0.0,1.0,0.0,0.0,0.0,0.0,1.0,27.328500366210957,82.07451411655971,0.0,23.82,99.23,1.902684311740348,1.652850517266362
PUERTO COLOMBIA,2020,10,38,1,1.0,0.0,0.0,0.0,0.0,0.0,0.0,0.0,0.0,0.0,0.0,0.0,1.0,1.0,0.0,0.0,1.0,0.0,1.0,1.0,0.0,0.0,0.0,1.0,0.0,0.0,1.0,0.0,0.0,0.0,0.0,1.0,27.442753819056936,92.44820949009488,8.441428559167045,23.82,99.23,1.902684311740348,1.652850517266362
PUERTO COLOMBIA,2020,11,43,1,0.0,1.0,0.0,0.0,0.0,0.0,0.0,1.0,0.0,0.0,0.0,0.0,0.0,1.0,0.0,1.0,0.0,0.0,1.0,1.0,0.0,0.0,0.0,1.0,0.0,0.0,1.0,0.0,0.0,1.0,0.0,0.0,27.42702636718752,88.95963832310268,7.420000008174351,23.82,99.23,1.902684311740348,1.652850517266362
PUERTO COLOMBIA,2021,1,4,1,1.0,0.0,0.0,0.0,0.0,0.0,0.0,0.0,0.0,0.0,0.0,0.0,1.0,1.0,0.0,0.0,1.0,0.0,1.0,0.0,1.0,0.0,0.0,1.0,0.0,0.0,1.0,0.0,0.0,0.0,0.0,1.0,26.58181588309154,83.65413229806083,0.0,23.12,96.54,1.902684311740348,1.652850517266362
PUERTO COLOMBIA,2021,2,5,1,0.0,1.0,0.0,0.0,0.0,0.0,0.0,1.0,0.0,0.0,0.0,0.0,0.0,1.0,0.0,1.0,0.0,0.0,1.0,1.0,0.0,0.0,0.0,1.0,0.0,0.0,1.0,0.0,0.0,1.0,0.0,0.0,26.368197195870557,84.15446254185268,0.0,23.12,96.54,1.902684311740348,1.652850517266362
PUERTO COLOMBIA,2021,2,7,1,0.0,0.0,0.0,0.0,1.0,0.0,0.0,1.0,0.0,0.0,0.0,0.0,0.0,1.0,0.0,1.0,0.0,0.0,1.0,1.0,0.0,0.0,0.0,1.0,0.0,0.0,1.0,0.0,0.0,0.0,0.0,1.0,27.5502868652344,82.09967041015625,1.8228571436234884,23.12,96.54,1.902684311740348,1.652850517266362
PUERTO COLOMBIA,2021,5,19,1,0.0,1.0,0.0,0.0,0.0,0.0,0.0,1.0,0.0,0.0,0.0,0.0,0.0,1.0,0.0,1.0,0.0,0.0,1.0,0.0,1.0,0.0,0.0,1.0,0.0,0.0,1.0,0.0,0.0,1.0,0.0,0.0,27.91602913992748,84.88034275599888,2.284285703940051,23.12,96.54,1.902684311740348,1.652850517266362
PUERTO COLOMBIA,2021,8,31,1,0.0,0.0,0.0,0.0,0.0,0.0,1.0,0.0,0.0,0.0,1.0,0.0,0.0,1.0,0.0,0.0,1.0,0.0,1.0,0.0,1.0,0.0,0.0,1.0,0.0,0.0,1.0,0.0,0.0,0.0,0.0,1.0,27.878320312500005,90.86392647879464,2.3471428475209644,23.12,96.54,1.902684311740348,1.652850517266362
PUERTO COLOMBIA,2021,11,42,1,0.0,1.0,0.0,0.0,0.0,0.0,0.0,0.0,0.0,0.0,0.0,1.0,0.0,1.0,0.0,0.0,1.0,0.0,1.0,1.0,0.0,0.0,0.0,1.0,0.0,0.0,1.0,0.0,0.0,1.0,0.0,0.0,27.18477347237725,90.9672328404018,11.32428571156093,23.12,96.54,1.902684311740348,1.652850517266362
PUERTO COLOMBIA,2021,11,43,1,0.0,0.0,0.0,0.0,0.0,0.0,1.0,1.0,0.0,0.0,0.0,0.0,0.0,1.0,0.0,1.0,0.0,0.0,1.0,0.0,1.0,0.0,0.0,1.0,0.0,0.0,1.0,0.0,0.0,0.0,0.0,1.0,27.125477818080377,90.64118957519533,14.708571451050895,23.12,96.54,1.902684311740348,1.652850517266362
PUERTO COLOMBIA,2021,11,44,2,0.0,1.0,0.0,0.0,0.0,0.0,0.0,0.5,0.0,0.0,0.0,0.0,0.5,1.0,0.0,0.0,1.0,0.0,1.0,0.5,0.5,0.0,0.0,1.0,0.0,0.0,1.0,0.0,0.0,0.0,0.0,1.0,26.438773454938637,89.41882760184151,10.682857172829763,23.12,96.54,1.902684311740348,1.652850517266362
PUERTO COLOMBIA,2021,12,45,3,0.3333333333333333,0.0,0.0,0.0,0.3333333333333333,0.0,0.3333333333333333,0.3333333333333333,0.0,0.0,0.0,0.0,0.6666666666666666,1.0,0.0,0.6666666666666666,0.3333333333333333,0.0,1.0,0.3333333333333333,0.6666666666666666,0.0,0.0,1.0,0.0,0.0,1.0,0.0,0.0,0.3333333333333333,0.0,0.6666666666666666,27.6421818324498,86.36239733014789,2.864285707473755,23.12,96.54,1.902684311740348,1.652850517266362
PUERTO COLOMBIA,2021,12,46,5,0.6,0.0,0.0,0.0,0.2,0.0,0.2,0.4,0.0,0.0,0.0,0.0,0.6,0.8,0.2,0.2,0.8,0.0,1.0,0.8,0.2,0.0,0.0,1.0,0.0,0.0,0.8,0.2,0.0,0.2,0.0,0.8,27.6431104387556,86.66706085205078,2.714285716946636,23.12,96.54,1.902684311740348,1.652850517266362
PUERTO COLOMBIA,2021,12,47,7,0.2857142857142857,0.1428571428571428,0.1428571428571428,0.0,0.2857142857142857,0.0,0.1428571428571428,0.4285714285714285,0.0,0.0,0.0,0.0,0.5714285714285714,0.7142857142857143,0.2857142857142857,0.2857142857142857,0.7142857142857143,0.0,1.0,0.5714285714285714,0.4285714285714285,0.0,0.0,1.0,0.0,0.0,0.8571428571428571,0.1428571428571428,0.0,0.1428571428571428,0.0,0.8571428571428571,27.025868443080373,88.72427477155414,3.6257143329296793,23.12,96.54,1.902684311740348,1.652850517266362
PUERTO COLOMBIA,2021,12,48,12,0.4166666666666667,0.0,0.0,0.0,0.25,0.0,0.3333333333333333,0.25,0.0,0.0,0.0,0.0,0.75,1.0,0.0,0.5833333333333334,0.4166666666666667,0.0,1.0,0.25,0.75,0.0,0.0,1.0,0.0,0.0,1.0,0.0,0.0,0.0833333333333333,0.0,0.9166666666666666,27.11949637276788,87.53074319022042,6.581428595951626,23.12,96.54,1.902684311740348,1.652850517266362
PUERTO COLOMBIA,2021,13,49,9,0.4444444444444444,0.2222222222222222,0.0,0.0,0.1111111111111111,0.0,0.2222222222222222,0.1111111111111111,0.0,0.0,0.0,0.1111111111111111,0.7777777777777778,1.0,0.0,0.5555555555555556,0.4444444444444444,0.0,1.0,0.6666666666666666,0.3333333333333333,0.0,0.0,1.0,0.0,0.0,0.8888888888888888,0.1111111111111111,0.0,0.3333333333333333,0.0,0.6666666666666666,27.53111092703685,85.10135759626117,0.0,23.12,96.54,1.902684311740348,1.652850517266362
PUERTO COLOMBIA,2021,13,50,7,0.2857142857142857,0.0,0.0,0.0,0.4285714285714285,0.0,0.2857142857142857,0.4285714285714285,0.0,0.1428571428571428,0.0,0.1428571428571428,0.2857142857142857,1.0,0.0,0.7142857142857143,0.2857142857142857,0.0,1.0,0.7142857142857143,0.2857142857142857,0.0,0.0,1.0,0.0,0.0,1.0,0.0,0.0,0.0,0.0,1.0,26.950470406668547,85.6691153390067,0.1728571421865905,23.12,96.54,1.902684311740348,1.652850517266362
PUERTO COLOMBIA,2021,13,51,12,0.25,0.5,0.0,0.0,0.1666666666666666,0.0,0.0833333333333333,0.4166666666666667,0.0,0.0,0.0,0.0,0.5833333333333334,1.0,0.0,0.8333333333333334,0.1666666666666666,0.0,1.0,0.75,0.25,0.0,0.0,1.0,0.0,0.0,1.0,0.0,0.0,0.1666666666666666,0.0,0.8333333333333334,26.945729282924127,87.44978768484933,2.177142838548337,23.12,96.54,1.902684311740348,1.652850517266362
PUERTO COLOMBIA,2021,13,52,6,0.8333333333333334,0.0,0.0,0.0,0.0,0.0,0.1666666666666666,0.6666666666666666,0.0,0.0,0.0,0.0,0.3333333333333333,1.0,0.0,0.1666666666666666,0.8333333333333334,0.0,1.0,0.6666666666666666,0.3333333333333333,0.0,0.0,1.0,0.0,0.0,1.0,0.0,0.0,0.0,0.0,1.0,27.31075875418529,85.34222303118024,1.1442857142537832,23.12,96.54,1.902684311740348,1.652850517266362
PUERTO COLOMBIA,2022,1,1,9,0.4444444444444444,0.0,0.0,0.0,0.2222222222222222,0.0,0.3333333333333333,0.4444444444444444,0.0,0.0,0.1111111111111111,0.1111111111111111,0.3333333333333333,0.7777777777777778,0.2222222222222222,0.2222222222222222,0.7777777777777778,0.0,1.0,0.2222222222222222,0.7777777777777778,0.0,0.0,1.0,0.0,0.0,1.0,0.0,0.0,0.1111111111111111,0.0,0.8888888888888888,26.76680254255024,83.09808676583427,0.0,23.16,96.95,1.902684311740348,1.652850517266362
PUERTO COLOMBIA,2022,1,2,3,0.6666666666666666,0.3333333333333333,0.0,0.0,0.0,0.0,0.0,0.3333333333333333,0.0,0.0,0.0,0.0,0.6666666666666666,1.0,0.0,0.3333333333333333,0.6666666666666666,0.0,1.0,0.3333333333333333,0.6666666666666666,0.0,0.0,1.0,0.0,0.0,1.0,0.0,0.0,0.0,0.0,1.0,26.45633632114957,83.79922703334263,3.032857143453189,23.16,96.95,1.902684311740348,1.652850517266362
PUERTO COLOMBIA,2022,1,3,6,1.0,0.0,0.0,0.0,0.0,0.0,0.0,0.3333333333333333,0.0,0.0,0.0,0.0,0.6666666666666666,0.8333333333333334,0.1666666666666666,0.3333333333333333,0.6666666666666666,0.0,1.0,0.1666666666666666,0.8333333333333334,0.0,0.0,1.0,0.0,0.0,1.0,0.0,0.0,0.1666666666666666,0.0,0.8333333333333334,26.8796587262835,83.94766235351562,0.0,23.16,96.95,1.902684311740348,1.652850517266362
PUERTO COLOMBIA,2022,1,4,7,0.2857142857142857,0.4285714285714285,0.1428571428571428,0.0,0.0,0.0,0.1428571428571428,0.4285714285714285,0.0,0.0,0.0,0.0,0.5714285714285714,1.0,0.0,0.5714285714285714,0.4285714285714285,0.0,1.0,0.8571428571428571,0.1428571428571428,0.0,0.0,1.0,0.0,0.0,1.0,0.0,0.0,0.4285714285714285,0.0,0.5714285714285714,26.730244663783505,83.19314575195312,0.8571428571428571,23.16,96.95,1.902684311740348,1.652850517266362
PUERTO COLOMBIA,2022,2,5,5,0.4,0.2,0.0,0.0,0.2,0.0,0.2,0.6,0.0,0.0,0.0,0.0,0.4,1.0,0.0,0.6,0.4,0.0,1.0,0.6,0.4,0.0,0.0,1.0,0.0,0.0,0.8,0.2,0.0,0.6,0.0,0.4,26.943102591378366,82.57277570452008,3.000000136239188,23.16,96.95,1.902684311740348,1.652850517266362
PUERTO COLOMBIA,2022,2,6,3,0.3333333333333333,0.0,0.0,0.0,0.3333333333333333,0.0,0.3333333333333333,0.6666666666666666,0.0,0.0,0.0,0.0,0.3333333333333333,0.6666666666666666,0.3333333333333333,0.6666666666666666,0.3333333333333333,0.0,1.0,0.3333333333333333,0.6666666666666666,0.0,0.0,1.0,0.0,0.0,1.0,0.0,0.0,0.0,0.0,1.0,27.11890345982145,82.65156664167132,0.6771428582391569,23.16,96.95,1.902684311740348,1.652850517266362
PUERTO COLOMBIA,2022,2,7,3,0.3333333333333333,0.0,0.0,0.0,0.3333333333333333,0.0,0.3333333333333333,0.6666666666666666,0.0,0.0,0.0,0.0,0.3333333333333333,0.3333333333333333,0.6666666666666666,0.0,1.0,0.0,1.0,0.6666666666666666,0.3333333333333333,0.0,0.0,1.0,0.0,0.0,1.0,0.0,0.0,0.0,0.0,1.0,27.296147373744443,79.27624402727399,0.0,23.16,96.95,1.902684311740348,1.652850517266362
PUERTO COLOMBIA,2022,2,8,6,0.5,0.1666666666666666,0.1666666666666666,0.0,0.1666666666666666,0.0,0.0,0.6666666666666666,0.0,0.1666666666666666,0.0,0.0,0.1666666666666666,1.0,0.0,0.3333333333333333,0.6666666666666666,0.0,1.0,0.3333333333333333,0.6666666666666666,0.0,0.0,1.0,0.0,0.0,1.0,0.0,0.0,0.3333333333333333,0.0,0.6666666666666666,26.851536778041314,79.68270329066685,0.0071428572492939,23.16,96.95,1.902684311740348,1.652850517266362
PUERTO COLOMBIA,2022,3,9,6,0.1666666666666666,0.1666666666666666,0.0,0.0,0.6666666666666666,0.0,0.0,0.1666666666666666,0.0,0.0,0.0,0.0,0.8333333333333334,0.8333333333333334,0.1666666666666666,0.1666666666666666,0.8333333333333334,0.0,1.0,0.5,0.5,0.0,0.0,1.0,0.0,0.0,1.0,0.0,0.0,0.3333333333333333,0.0,0.6666666666666666,27.10256783621654,83.90120370047433,0.0785714284117732,23.16,96.95,1.902684311740348,1.652850517266362
PUERTO COLOMBIA,2022,3,10,1,0.0,0.0,0.0,0.0,1.0,0.0,0.0,0.0,0.0,0.0,0.0,0.0,1.0,1.0,0.0,1.0,0.0,0.0,1.0,1.0,0.0,0.0,0.0,1.0,0.0,0.0,1.0,0.0,0.0,0.0,0.0,1.0,27.394703892299127,82.5194113595145,2.688571557402611,23.16,96.95,1.902684311740348,1.652850517266362
PUERTO COLOMBIA,2022,3,12,2,1.0,0.0,0.0,0.0,0.0,0.0,0.0,0.5,0.0,0.0,0.0,0.0,0.5,1.0,0.0,0.0,1.0,0.0,1.0,1.0,0.0,0.0,0.0,1.0,0.0,0.0,1.0,0.0,0.0,0.0,0.0,1.0,27.569504220145102,80.47508784702846,0.0028571427932807,23.16,96.95,1.902684311740348,1.652850517266362
PUERTO COLOMBIA,2022,4,13,1,0.0,0.0,0.0,0.0,1.0,0.0,0.0,0.0,0.0,0.0,0.0,0.0,1.0,1.0,0.0,0.0,1.0,0.0,1.0,1.0,0.0,0.0,0.0,1.0,0.0,0.0,1.0,0.0,0.0,0.0,0.0,1.0,27.33263113839288,84.2634506225586,2.0328571455819264,23.16,96.95,1.902684311740348,1.652850517266362
PUERTO COLOMBIA,2022,4,14,1,1.0,0.0,0.0,0.0,0.0,0.0,0.0,0.0,0.0,0.0,0.0,0.0,1.0,0.0,1.0,0.0,1.0,0.0,1.0,1.0,0.0,0.0,0.0,1.0,0.0,0.0,1.0,0.0,0.0,0.0,0.0,1.0,27.57790527343752,85.84247807094029,2.927142871277673,23.16,96.95,1.902684311740348,1.652850517266362
PUERTO COLOMBIA,2022,4,15,2,0.0,0.0,0.0,0.0,1.0,0.0,0.0,0.5,0.0,0.0,0.0,0.0,0.5,1.0,0.0,1.0,0.0,0.0,1.0,0.5,0.5,0.0,0.0,1.0,0.0,0.0,1.0,0.0,0.0,0.0,0.0,1.0,27.86207842145649,82.92666952950614,0.2471428524170603,23.16,96.95,1.902684311740348,1.652850517266362
PUERTO COLOMBIA,2022,4,16,4,0.75,0.0,0.0,0.0,0.0,0.0,0.25,0.5,0.0,0.0,0.0,0.0,0.5,1.0,0.0,0.25,0.75,0.0,1.0,0.25,0.75,0.0,0.0,1.0,0.0,0.0,1.0,0.0,0.0,0.25,0.0,0.75,27.387294660295773,88.18481990269252,10.587142808096749,23.16,96.95,1.902684311740348,1.652850517266362
PUERTO COLOMBIA,2022,5,17,3,0.6666666666666666,0.3333333333333333,0.0,0.0,0.0,0.0,0.0,0.0,0.0,0.0,0.0,0.0,1.0,1.0,0.0,0.3333333333333333,0.6666666666666666,0.0,1.0,0.6666666666666666,0.3333333333333333,0.0,0.0,1.0,0.0,0.0,1.0,0.0,0.0,0.3333333333333333,0.0,0.6666666666666666,27.69640502929689,85.03781127929688,5.021428602082389,23.16,96.95,1.902684311740348,1.652850517266362
PUERTO COLOMBIA,2022,5,18,6,0.0,0.5,0.1666666666666666,0.0,0.3333333333333333,0.0,0.0,0.5,0.0,0.0,0.0,0.0,0.5,1.0,0.0,0.1666666666666666,0.8333333333333334,0.0,1.0,0.1666666666666666,0.8333333333333334,0.0,0.0,1.0,0.0,0.0,1.0,0.0,0.0,0.1666666666666666,0.0,0.8333333333333334,27.966204398018988,86.31868089948382,5.641428411006928,23.16,96.95,1.902684311740348,1.652850517266362
PUERTO COLOMBIA,2022,5,19,7,0.4285714285714285,0.2857142857142857,0.0,0.0,0.2857142857142857,0.0,0.0,0.4285714285714285,0.0,0.0,0.1428571428571428,0.0,0.4285714285714285,1.0,0.0,0.4285714285714285,0.5714285714285714,0.0,1.0,0.8571428571428571,0.1428571428571428,0.0,0.0,1.0,0.0,0.0,1.0,0.0,0.0,0.2857142857142857,0.0,0.7142857142857143,27.738497488839307,87.82986668178013,6.265714292015348,23.16,96.95,1.902684311740348,1.652850517266362
PUERTO COLOMBIA,2022,5,20,7,0.2857142857142857,0.0,0.0,0.0,0.7142857142857143,0.0,0.0,0.7142857142857143,0.0,0.0,0.0,0.0,0.2857142857142857,0.8571428571428571,0.1428571428571428,0.4285714285714285,0.5714285714285714,0.0,1.0,0.4285714285714285,0.5714285714285714,0.0,0.0,1.0,0.0,0.0,1.0,0.0,0.0,0.2857142857142857,0.0,0.7142857142857143,27.70186331612725,89.40446036202567,10.174285854612078,23.16,96.95,1.902684311740348,1.652850517266362
PUERTO COLOMBIA,2022,6,21,19,0.4736842105263157,0.3157894736842105,0.0,0.0,0.2105263157894736,0.0,0.0,0.3157894736842105,0.0,0.0526315789473684,0.0,0.0,0.631578947368421,0.7368421052631579,0.2631578947368421,0.4210526315789473,0.5789473684210527,0.0,1.0,0.4210526315789473,0.5789473684210527,0.0,0.0,1.0,0.0,0.0,0.9473684210526316,0.0526315789473684,0.0,0.3684210526315789,0.0,0.631578947368421,28.091426740373908,87.83559744698661,3.2685714789799283,23.16,96.95,1.902684311740348,1.652850517266362
PUERTO COLOMBIA,2022,6,22,14,0.7857142857142857,0.1428571428571428,0.0,0.0,0.0,0.0,0.0714285714285714,0.3571428571428571,0.0,0.0,0.0,0.0,0.6428571428571429,0.9285714285714286,0.0714285714285714,0.7142857142857143,0.2857142857142857,0.0,1.0,0.4285714285714285,0.5714285714285714,0.0,0.0,1.0,0.0,0.0,1.0,0.0,0.0,0.3571428571428571,0.0,0.6428571428571429,27.85975908551899,88.83961050851005,9.822857175554548,23.16,96.95,1.902684311740348,1.652850517266362
PUERTO COLOMBIA,2022,6,23,16,0.375,0.25,0.0,0.0,0.375,0.0,0.0,0.375,0.0,0.0,0.0,0.0625,0.5625,0.875,0.125,0.375,0.625,0.0,1.0,0.4375,0.5625,0.0,0.0,1.0,0.0,0.0,1.0,0.0,0.0,0.5625,0.0,0.4375,27.125647844587075,89.71328844342914,20.1614283152989,23.16,96.95,1.902684311740348,1.652850517266362
PUERTO COLOMBIA,2022,6,24,17,0.5882352941176471,0.2941176470588235,0.0,0.0,0.1176470588235294,0.0,0.0,0.3529411764705882,0.0,0.0,0.0588235294117647,0.1176470588235294,0.4705882352941176,0.8823529411764706,0.1176470588235294,0.4117647058823529,0.5882352941176471,0.0,1.0,0.4705882352941176,0.5294117647058824,0.0,0.0,1.0,0.0,0.0,1.0,0.0,0.0,0.4117647058823529,0.0,0.5882352941176471,27.10671386718752,89.01687404087612,15.055714130401611,23.16,96.95,1.902684311740348,1.652850517266362
PUERTO COLOMBIA,2022,7,25,8,0.5,0.25,0.0,0.0,0.125,0.0,0.125,0.5,0.0,0.0,0.0,0.0,0.5,1.0,0.0,0.25,0.75,0.0,1.0,0.375,0.625,0.0,0.0,1.0,0.0,0.0,0.875,0.125,0.0,0.625,0.0,0.375,27.198630632673005,89.31624821254185,13.668571404048375,23.16,96.95,1.902684311740348,1.652850517266362
PUERTO COLOMBIA,2022,7,26,15,0.7333333333333333,0.0666666666666666,0.0,0.0,0.1333333333333333,0.0,0.0666666666666666,0.3333333333333333,0.0,0.0666666666666666,0.0,0.0666666666666666,0.5333333333333333,1.0,0.0,0.3333333333333333,0.6666666666666666,0.0,1.0,0.4,0.6,0.0,0.0,1.0,0.0,0.0,1.0,0.0,0.0,0.4,0.0,0.6,27.164498901367203,90.5804672241211,11.901428665433611,23.16,96.95,1.902684311740348,1.652850517266362
PUERTO COLOMBIA,2022,7,27,21,0.5238095238095238,0.3333333333333333,0.0,0.0,0.0476190476190476,0.0,0.0952380952380952,0.4761904761904761,0.0,0.0476190476190476,0.0,0.0476190476190476,0.4285714285714285,0.8571428571428571,0.1428571428571428,0.4285714285714285,0.5714285714285714,0.0,1.0,0.3809523809523809,0.6190476190476191,0.0,0.0,1.0,0.0,0.0,1.0,0.0,0.0,0.4761904761904761,0.0,0.5238095238095238,28.24465767996654,88.46714237758091,4.215714369501386,23.16,96.95,1.902684311740348,1.652850517266362
PUERTO COLOMBIA,2022,7,28,32,0.59375,0.25,0.0,0.0,0.125,0.0,0.03125,0.34375,0.0,0.0,0.0,0.0,0.65625,0.96875,0.03125,0.4375,0.5625,0.0,1.0,0.25,0.75,0.0,0.0,1.0,0.0,0.0,0.875,0.125,0.0,0.4375,0.0,0.5625,27.76319710867748,89.69775063650948,8.335714371076651,23.16,96.95,1.902684311740348,1.652850517266362
PUERTO COLOMBIA,2022,8,29,23,0.6086956521739131,0.3478260869565217,0.0,0.0,0.0434782608695652,0.0,0.0,0.4347826086956521,0.0,0.0434782608695652,0.0,0.0,0.5217391304347826,0.9130434782608696,0.0869565217391304,0.391304347826087,0.6086956521739131,0.0,1.0,0.391304347826087,0.6086956521739131,0.0,0.0,1.0,0.0,0.0,0.8260869565217391,0.1739130434782608,0.0,0.5217391304347826,0.0,0.4782608695652174,27.96232866559712,90.42354692731584,3.548571382250105,23.16,96.95,1.902684311740348,1.652850517266362
PUERTO COLOMBIA,2022,8,30,28,0.5,0.4285714285714285,0.0,0.0,0.0357142857142857,0.0,0.0357142857142857,0.5,0.0,0.1071428571428571,0.0,0.0,0.3928571428571428,0.8928571428571429,0.1071428571428571,0.3928571428571428,0.6071428571428571,0.0,1.0,0.6071428571428571,0.3928571428571428,0.0,0.0,1.0,0.0,0.0,0.9285714285714286,0.0714285714285714,0.0,0.25,0.0357142857142857,0.7142857142857143,27.212721034458728,90.04412950788226,11.25571438244411,23.16,96.95,1.902684311740348,1.652850517266362
PUERTO COLOMBIA,2022,8,31,39,0.4102564102564102,0.358974358974359,0.0,0.0,0.1794871794871795,0.0,0.0512820512820512,0.358974358974359,0.0,0.0769230769230769,0.0,0.0769230769230769,0.4871794871794871,0.9230769230769232,0.0769230769230769,0.4358974358974359,0.5641025641025641,0.0,1.0,0.5641025641025641,0.4358974358974359,0.0,0.0,1.0,0.0,0.0,0.9487179487179488,0.0512820512820512,0.0,0.3076923076923077,0.0,0.6923076923076923,27.75320478166855,89.74827139718192,13.144285815102714,23.16,96.95,1.902684311740348,1.652850517266362
PUERTO COLOMBIA,2022,8,32,23,0.4347826086956521,0.391304347826087,0.0434782608695652,0.0,0.1304347826086956,0.0,0.0,0.5652173913043478,0.0,0.0,0.0,0.0,0.4347826086956521,0.9130434782608696,0.0869565217391304,0.3043478260869565,0.6956521739130435,0.0,1.0,0.4347826086956521,0.5652173913043478,0.0,0.0,1.0,0.0,0.0,0.9130434782608696,0.0869565217391304,0.0,0.3478260869565217,0.0,0.6521739130434783,27.549632917131717,91.51163155691964,7.878571182489395,23.16,96.95,1.902684311740348,1.652850517266362
PUERTO COLOMBIA,2022,9,33,16,0.5625,0.25,0.0,0.0,0.0625,0.0,0.125,0.5,0.0,0.0,0.0,0.0,0.5,0.875,0.125,0.4375,0.5625,0.0,1.0,0.5625,0.4375,0.0,0.0,1.0,0.0,0.0,0.875,0.125,0.0,0.125,0.0625,0.8125,27.59718584333149,90.12744140625,9.1185713495527,23.16,96.95,1.902684311740348,1.652850517266362
PUERTO COLOMBIA,2022,9,34,12,0.5833333333333334,0.25,0.0,0.0,0.1666666666666666,0.0,0.0,0.5,0.0,0.0,0.0833333333333333,0.0,0.4166666666666667,1.0,0.0,0.5833333333333334,0.4166666666666667,0.0,1.0,0.5,0.5,0.0,0.0,1.0,0.0,0.0,1.0,0.0,0.0,0.6666666666666666,0.0,0.3333333333333333,27.23356889997212,91.04917580740792,10.97571417263576,23.16,96.95,1.902684311740348,1.652850517266362
PUERTO COLOMBIA,2022,9,35,17,0.5882352941176471,0.2941176470588235,0.0,0.0,0.0588235294117647,0.0,0.0588235294117647,0.4117647058823529,0.0,0.0588235294117647,0.0,0.0,0.5294117647058824,1.0,0.0,0.7647058823529411,0.2352941176470588,0.0,1.0,0.4705882352941176,0.5294117647058824,0.0,0.0,1.0,0.0,0.0,1.0,0.0,0.0,0.4117647058823529,0.0,0.5882352941176471,27.245651681082613,91.38511766706196,9.865714243480138,23.16,96.95,1.902684311740348,1.652850517266362
PUERTO COLOMBIA,2022,9,36,12,0.4166666666666667,0.4166666666666667,0.0,0.0,0.1666666666666666,0.0,0.0,0.4166666666666667,0.0,0.0,0.0,0.0,0.5833333333333334,1.0,0.0,0.75,0.25,0.0,1.0,0.5833333333333334,0.4166666666666667,0.0,0.0,1.0,0.0,0.0,1.0,0.0,0.0,0.1666666666666666,0.0,0.8333333333333334,27.60348118373328,91.373658316476,7.059999925749643,23.16,96.95,1.902684311740348,1.652850517266362
PUERTO COLOMBIA,2022,10,37,15,0.6666666666666666,0.2,0.0666666666666666,0.0,0.0666666666666666,0.0,0.0,0.3333333333333333,0.0,0.0,0.0,0.0666666666666666,0.6,0.8666666666666667,0.1333333333333333,0.4,0.6,0.0,1.0,0.8,0.2,0.0,0.0,1.0,0.0,0.0,0.9333333333333332,0.0666666666666666,0.0,0.1333333333333333,0.0,0.8666666666666667,27.528992135184176,91.64041464669364,8.854285819189888,23.16,96.95,1.902684311740348,1.652850517266362
PUERTO COLOMBIA,2022,10,38,11,0.3636363636363636,0.3636363636363636,0.0,0.0,0.2727272727272727,0.0,0.0,0.4545454545454545,0.0,0.0909090909090909,0.0,0.0,0.4545454545454545,1.0,0.0,0.5454545454545454,0.4545454545454545,0.0,1.0,0.4545454545454545,0.5454545454545454,0.0,0.0,1.0,0.0,0.0,1.0,0.0,0.0,0.2727272727272727,0.0,0.7272727272727273,26.521890258789075,92.64390236990792,11.38428555216108,23.16,96.95,1.902684311740348,1.652850517266362
PUERTO COLOMBIA,2022,10,39,11,0.7272727272727273,0.0909090909090909,0.0,0.0,0.1818181818181818,0.0,0.0,0.7272727272727273,0.0,0.0,0.0,0.1818181818181818,0.0909090909090909,0.8181818181818182,0.1818181818181818,0.5454545454545454,0.4545454545454545,0.0,1.0,0.3636363636363636,0.6363636363636364,0.0,0.0,1.0,0.0,0.0,1.0,0.0,0.0,0.3636363636363636,0.0,0.6363636363636364,26.99421953473774,93.3715613228934,8.794285825320653,23.16,96.95,1.902684311740348,1.652850517266362
PUERTO COLOMBIA,2022,10,40,14,0.2857142857142857,0.3571428571428571,0.0714285714285714,0.0,0.2142857142857142,0.0,0.0714285714285714,0.5,0.0,0.0,0.0,0.0,0.5,0.7857142857142857,0.2142857142857142,0.5,0.5,0.0,1.0,0.7142857142857143,0.2857142857142857,0.0,0.0,1.0,0.0,0.0,1.0,0.0,0.0,0.5,0.0,0.5,27.150502232142877,90.77078356061664,9.079999757664543,23.16,96.95,1.902684311740348,1.652850517266362
PUERTO COLOMBIA,2022,11,41,9,0.2222222222222222,0.3333333333333333,0.0,0.0,0.4444444444444444,0.0,0.0,0.7777777777777778,0.0,0.0,0.0,0.0,0.2222222222222222,1.0,0.0,0.5555555555555556,0.4444444444444444,0.0,1.0,0.3333333333333333,0.6666666666666666,0.0,0.0,1.0,0.0,0.0,0.8888888888888888,0.1111111111111111,0.0,0.4444444444444444,0.0,0.5555555555555556,27.033935982840426,91.56707872663226,12.0557142666408,23.16,96.95,1.902684311740348,1.652850517266362
PUERTO COLOMBIA,2022,11,42,10,0.1,0.5,0.0,0.0,0.4,0.0,0.0,0.3,0.0,0.2,0.0,0.0,0.5,1.0,0.0,0.9,0.1,0.0,1.0,0.7,0.3,0.0,0.0,1.0,0.0,0.0,1.0,0.0,0.0,0.5,0.0,0.5,26.92996041434154,91.90131269182476,10.372857093811035,23.16,96.95,1.902684311740348,1.652850517266362
PUERTO COLOMBIA,2022,11,43,9,0.3333333333333333,0.3333333333333333,0.0,0.0,0.2222222222222222,0.0,0.1111111111111111,0.5555555555555556,0.0,0.0,0.1111111111111111,0.0,0.3333333333333333,0.8888888888888888,0.1111111111111111,0.6666666666666666,0.3333333333333333,0.0,1.0,0.3333333333333333,0.6666666666666666,0.0,0.0,1.0,0.0,0.0,1.0,0.0,0.0,0.4444444444444444,0.0,0.5555555555555556,26.883085414341533,91.14656393868584,8.890000138963972,23.16,96.95,1.902684311740348,1.652850517266362
PUERTO COLOMBIA,2022,11,44,8,0.5,0.25,0.0,0.0,0.25,0.0,0.0,0.75,0.0,0.0,0.0,0.125,0.125,0.75,0.25,0.5,0.5,0.0,1.0,0.375,0.625,0.0,0.0,1.0,0.0,0.0,1.0,0.0,0.0,0.375,0.0,0.625,26.99664350237168,90.12897055489675,14.030000294957842,23.16,96.95,1.902684311740348,1.652850517266362
PUERTO COLOMBIA,2022,12,45,7,0.2857142857142857,0.2857142857142857,0.0,0.0,0.1428571428571428,0.0,0.2857142857142857,0.5714285714285714,0.0,0.0,0.0,0.0,0.4285714285714285,1.0,0.0,0.5714285714285714,0.4285714285714285,0.0,1.0,0.5714285714285714,0.4285714285714285,0.0,0.0,1.0,0.0,0.0,1.0,0.0,0.0,0.5714285714285714,0.0,0.4285714285714285,25.91313214983261,91.8024662562779,17.218571390424454,23.16,96.95,1.902684311740348,1.652850517266362
PUERTO COLOMBIA,2022,12,46,10,0.1,0.5,0.1,0.0,0.1,0.0,0.2,0.6,0.0,0.1,0.1,0.0,0.2,1.0,0.0,0.7,0.3,0.0,1.0,0.3,0.7,0.0,0.0,1.0,0.0,0.0,0.9,0.1,0.0,0.5,0.0,0.5,26.687258475167432,91.30720955984933,23.772857223238265,23.16,96.95,1.902684311740348,1.652850517266362
PUERTO COLOMBIA,2022,12,47,10,0.9,0.1,0.0,0.0,0.0,0.0,0.0,0.5,0.0,0.0,0.0,0.0,0.5,0.9,0.1,0.6,0.4,0.0,1.0,0.5,0.5,0.0,0.0,1.0,0.0,0.0,1.0,0.0,0.0,0.2,0.0,0.8,27.185593087332613,88.71822248186383,3.3571428060531616,23.16,96.95,1.902684311740348,1.652850517266362
PUERTO COLOMBIA,2022,12,48,5,0.6,0.2,0.2,0.0,0.0,0.0,0.0,0.6,0.0,0.0,0.0,0.0,0.4,0.6,0.4,0.4,0.6,0.0,1.0,0.6,0.4,0.0,0.0,1.0,0.0,0.0,1.0,0.0,0.0,0.6,0.0,0.4,26.80328630719868,87.48635973249164,4.917142847552896,23.16,96.95,1.902684311740348,1.652850517266362
PUERTO COLOMBIA,2022,13,49,10,0.3,0.3,0.1,0.0,0.3,0.0,0.0,0.6,0.0,0.0,0.0,0.1,0.3,0.9,0.1,0.7,0.3,0.0,1.0,0.4,0.6,0.0,0.0,1.0,0.0,0.0,1.0,0.0,0.0,0.3,0.0,0.7,26.652666800362745,83.49244035993304,1.0585714280605316,23.16,96.95,1.902684311740348,1.652850517266362
PUERTO COLOMBIA,2022,13,50,10,0.4,0.4,0.0,0.0,0.1,0.0,0.1,0.3,0.0,0.1,0.0,0.0,0.6,1.0,0.0,0.6,0.4,0.0,1.0,0.2,0.8,0.0,0.0,1.0,0.0,0.0,1.0,0.0,0.0,0.1,0.0,0.9,26.720614188058057,86.03831045968192,0.3528571426868438,23.16,96.95,1.902684311740348,1.652850517266362
PUERTO COLOMBIA,2022,13,51,4,0.5,0.25,0.25,0.0,0.0,0.0,0.0,0.5,0.0,0.0,0.0,0.0,0.5,1.0,0.0,0.75,0.25,0.0,1.0,0.5,0.5,0.0,0.0,1.0,0.0,0.0,1.0,0.0,0.0,0.5,0.0,0.5,26.999204799107165,83.91722324916294,0.7142857142857143,23.16,96.95,1.902684311740348,1.652850517266362
PUERTO COLOMBIA,2022,13,52,2,0.5,0.5,0.0,0.0,0.0,0.0,0.0,1.0,0.0,0.0,0.0,0.0,0.0,1.0,0.0,0.5,0.5,0.0,1.0,1.0,0.0,0.0,0.0,1.0,0.0,0.0,1.0,0.0,0.0,0.0,0.0,1.0,26.65173819405694,84.55844225202289,0.0,23.16,96.95,1.902684311740348,1.652850517266362
PUERTO COLOMBIA,2023,1,1,2,0.5,0.0,0.0,0.0,0.0,0.0,0.5,0.5,0.0,0.0,0.0,0.0,0.5,1.0,0.0,0.5,0.5,0.0,1.0,0.5,0.5,0.0,0.0,1.0,0.0,0.0,1.0,0.0,0.0,0.0,0.0,1.0,26.73360813685828,85.96488952636719,0.8642857143921512,23.35,97.78,1.902684311740348,1.652850517266362
PUERTO COLOMBIA,2023,1,2,3,0.6666666666666666,0.3333333333333333,0.0,0.0,0.0,0.0,0.0,1.0,0.0,0.0,0.0,0.0,0.0,1.0,0.0,0.3333333333333333,0.6666666666666666,0.0,1.0,0.6666666666666666,0.3333333333333333,0.0,0.0,1.0,0.0,0.0,1.0,0.0,0.0,0.6666666666666666,0.0,0.3333333333333333,26.749795532226585,86.52783857073102,1.239999989845923,23.35,97.78,1.902684311740348,1.652850517266362
PUERTO COLOMBIA,2023,1,3,3,0.3333333333333333,0.0,0.0,0.0,0.0,0.0,0.6666666666666666,0.6666666666666666,0.0,0.0,0.0,0.0,0.3333333333333333,1.0,0.0,0.6666666666666666,0.3333333333333333,0.0,1.0,0.6666666666666666,0.3333333333333333,0.0,0.0,1.0,0.0,0.0,0.6666666666666666,0.3333333333333333,0.0,0.6666666666666666,0.0,0.3333333333333333,26.89558018275672,83.6067123413086,1.2857142857142858,23.35,97.78,1.902684311740348,1.652850517266362
PUERTO COLOMBIA,2023,1,4,1,0.0,0.0,0.0,0.0,0.0,0.0,1.0,1.0,0.0,0.0,0.0,0.0,0.0,1.0,0.0,1.0,0.0,0.0,1.0,0.0,1.0,0.0,0.0,1.0,0.0,0.0,1.0,0.0,0.0,0.0,0.0,1.0,26.948120553152915,80.65316772460938,0.0,23.35,97.78,1.902684311740348,1.652850517266362
PUERTO COLOMBIA,2023,2,5,2,0.5,0.0,0.5,0.0,0.0,0.0,0.0,1.0,0.0,0.0,0.0,0.0,0.0,1.0,0.0,1.0,0.0,0.0,1.0,1.0,0.0,0.0,0.0,1.0,0.0,0.0,1.0,0.0,0.0,0.0,0.0,1.0,26.071437726702037,81.04152570452008,0.0,23.35,97.78,1.902684311740348,1.652850517266362
PUERTO COLOMBIA,2023,2,6,1,1.0,0.0,0.0,0.0,0.0,0.0,0.0,1.0,0.0,0.0,0.0,0.0,0.0,1.0,0.0,1.0,0.0,0.0,1.0,0.0,1.0,0.0,0.0,1.0,0.0,0.0,1.0,0.0,0.0,1.0,0.0,0.0,26.74294215611051,82.11996677943638,0.0,23.35,97.78,1.902684311740348,1.652850517266362
PUERTO COLOMBIA,2023,2,7,1,0.0,1.0,0.0,0.0,0.0,0.0,0.0,0.0,0.0,0.0,0.0,0.0,1.0,0.0,1.0,0.0,1.0,0.0,1.0,0.0,1.0,0.0,0.0,1.0,0.0,0.0,1.0,0.0,0.0,1.0,0.0,0.0,26.515697370256703,82.45575496128627,0.0,23.35,97.78,1.902684311740348,1.652850517266362
PUERTO COLOMBIA,2023,2,8,1,1.0,0.0,0.0,0.0,0.0,0.0,0.0,0.0,0.0,0.0,0.0,0.0,1.0,1.0,0.0,0.0,1.0,0.0,1.0,1.0,0.0,0.0,0.0,1.0,0.0,0.0,1.0,0.0,0.0,0.0,0.0,1.0,25.98423156738283,80.60468183244977,0.0,23.35,97.78,1.902684311740348,1.652850517266362
PUERTO COLOMBIA,2023,3,9,3,0.3333333333333333,0.0,0.0,0.0,0.6666666666666666,0.0,0.0,0.6666666666666666,0.0,0.0,0.3333333333333333,0.0,0.0,1.0,0.0,1.0,0.0,0.0,1.0,0.3333333333333333,0.6666666666666666,0.0,0.0,1.0,0.0,0.0,1.0,0.0,0.0,0.3333333333333333,0.0,0.6666666666666666,26.33043387276788,83.82958548409599,0.0,23.35,97.78,1.902684311740348,1.652850517266362
PUERTO COLOMBIA,2023,3,10,1,0.0,1.0,0.0,0.0,0.0,0.0,0.0,0.0,0.0,0.0,0.0,0.0,1.0,0.0,1.0,0.0,1.0,0.0,1.0,0.0,1.0,0.0,0.0,1.0,0.0,0.0,1.0,0.0,0.0,0.0,0.0,1.0,26.435255214146224,84.55502537318638,1.1799999965088708,23.35,97.78,1.902684311740348,1.652850517266362
PUERTO COLOMBIA,2023,3,11,3,0.6666666666666666,0.0,0.0,0.0,0.3333333333333333,0.0,0.0,0.6666666666666666,0.0,0.0,0.0,0.0,0.3333333333333333,1.0,0.0,1.0,0.0,0.0,1.0,0.3333333333333333,0.6666666666666666,0.0,0.0,1.0,0.0,0.0,1.0,0.0,0.0,0.3333333333333333,0.0,0.6666666666666666,27.032359967912956,87.8882805960519,3.944285699299404,23.35,97.78,1.902684311740348,1.652850517266362
PUERTO COLOMBIA,2023,4,13,1,0.0,0.0,1.0,0.0,0.0,0.0,0.0,0.0,0.0,0.0,0.0,0.0,1.0,1.0,0.0,1.0,0.0,0.0,1.0,0.0,1.0,0.0,0.0,1.0,0.0,0.0,1.0,0.0,0.0,1.0,0.0,0.0,27.254299054827037,80.3495864868164,0.0,23.35,97.78,1.902684311740348,1.652850517266362
PUERTO COLOMBIA,2023,4,14,2,0.5,0.5,0.0,0.0,0.0,0.0,0.0,0.0,0.0,0.0,0.0,0.0,1.0,1.0,0.0,0.5,0.5,0.0,1.0,0.5,0.5,0.0,0.0,1.0,0.0,0.0,1.0,0.0,0.0,0.0,0.0,1.0,27.219147164481047,82.48139408656529,0.1714285739830562,23.35,97.78,1.902684311740348,1.652850517266362
PUERTO COLOMBIA,2023,5,18,2,0.0,1.0,0.0,0.0,0.0,0.0,0.0,1.0,0.0,0.0,0.0,0.0,0.0,1.0,0.0,1.0,0.0,0.0,1.0,0.5,0.5,0.0,0.0,1.0,0.0,0.0,1.0,0.0,0.0,0.0,0.0,1.0,28.224337332589304,85.99286433628627,7.177143096923828,23.35,97.78,1.902684311740348,1.652850517266362
PUERTO COLOMBIA,2023,5,20,2,0.0,0.0,0.0,0.0,0.0,0.0,1.0,0.0,0.0,0.0,0.0,0.0,1.0,1.0,0.0,0.5,0.5,0.0,1.0,0.0,1.0,0.0,0.0,1.0,0.0,0.0,1.0,0.0,0.0,0.0,0.0,1.0,28.40160086495538,87.88632420131138,4.58428562725229,23.35,97.78,1.902684311740348,1.652850517266362
PUERTO COLOMBIA,2023,6,21,2,0.0,1.0,0.0,0.0,0.0,0.0,0.0,0.5,0.0,0.0,0.0,0.0,0.5,1.0,0.0,0.5,0.5,0.0,1.0,0.5,0.5,0.0,0.0,1.0,0.0,0.0,1.0,0.0,0.0,1.0,0.0,0.0,28.044630214146217,89.67148045131138,8.028571350233895,23.35,97.78,1.902684311740348,1.652850517266362
PUERTO COLOMBIA,2023,6,24,1,0.0,0.0,0.0,0.0,1.0,0.0,0.0,1.0,0.0,0.0,0.0,0.0,0.0,1.0,0.0,0.0,1.0,0.0,1.0,1.0,0.0,0.0,0.0,1.0,0.0,0.0,1.0,0.0,0.0,0.0,0.0,1.0,29.06726989746096,87.7963126046317,4.005714312195778,23.35,97.78,1.902684311740348,1.652850517266362
PUERTO COLOMBIA,2023,7,28,1,0.0,0.0,0.0,0.0,1.0,0.0,0.0,0.0,0.0,0.0,0.0,0.0,1.0,1.0,0.0,0.0,1.0,0.0,1.0,1.0,0.0,0.0,0.0,1.0,0.0,0.0,1.0,0.0,0.0,1.0,0.0,0.0,28.650367082868325,87.69542367117745,0.7314285534833159,23.35,97.78,1.902684311740348,1.652850517266362
PUERTO COLOMBIA,2023,8,29,1,0.0,1.0,0.0,0.0,0.0,0.0,0.0,1.0,0.0,0.0,0.0,0.0,0.0,1.0,0.0,1.0,0.0,0.0,1.0,0.0,1.0,0.0,0.0,1.0,0.0,0.0,1.0,0.0,0.0,1.0,0.0,0.0,28.62427673339846,89.27763148716518,1.2457142663853509,23.35,97.78,1.902684311740348,1.652850517266362
PUERTO COLOMBIA,2023,8,30,1,0.0,1.0,0.0,0.0,0.0,0.0,0.0,1.0,0.0,0.0,0.0,0.0,0.0,1.0,0.0,1.0,0.0,0.0,1.0,0.0,1.0,0.0,0.0,1.0,0.0,0.0,1.0,0.0,0.0,1.0,0.0,0.0,28.252590070452037,90.50209045410156,5.090000073026333,23.35,97.78,1.902684311740348,1.652850517266362
PUERTO COLOMBIA,2023,8,32,3,0.0,1.0,0.0,0.0,0.0,0.0,0.0,1.0,0.0,0.0,0.0,0.0,0.0,1.0,0.0,1.0,0.0,0.0,1.0,0.6666666666666666,0.3333333333333333,0.0,0.0,1.0,0.0,0.0,1.0,0.0,0.0,0.0,0.0,1.0,28.366041346958728,90.91244833809988,2.420000020946776,23.35,97.78,1.902684311740348,1.652850517266362
PUERTO COLOMBIA,2023,10,37,3,0.3333333333333333,0.3333333333333333,0.0,0.0,0.0,0.0,0.3333333333333333,0.3333333333333333,0.0,0.0,0.0,0.0,0.6666666666666666,1.0,0.0,1.0,0.0,0.0,1.0,0.6666666666666666,0.3333333333333333,0.0,0.0,1.0,0.0,0.0,1.0,0.0,0.0,0.3333333333333333,0.0,0.6666666666666666,28.416164289202023,91.34586443219868,1.590000003576279,23.35,97.78,1.902684311740348,1.652850517266362
PUERTO COLOMBIA,2023,10,39,1,1.0,0.0,0.0,0.0,0.0,0.0,0.0,1.0,0.0,0.0,0.0,0.0,0.0,1.0,0.0,0.0,1.0,0.0,1.0,0.0,1.0,0.0,0.0,1.0,0.0,0.0,1.0,0.0,0.0,1.0,0.0,0.0,28.435176740373908,92.24783870152064,6.014285581452506,23.35,97.78,1.902684311740348,1.652850517266362
PUERTO COLOMBIA,2023,11,41,2,0.5,0.0,0.0,0.0,0.5,0.0,0.0,0.5,0.0,0.0,0.0,0.0,0.5,1.0,0.0,0.5,0.5,0.0,1.0,0.5,0.5,0.0,0.0,1.0,0.0,0.0,1.0,0.0,0.0,0.0,0.0,1.0,28.169261823381717,91.04052189418248,7.49428573676518,23.35,97.78,1.902684311740348,1.652850517266362
PUERTO COLOMBIA,2023,11,42,2,0.5,0.0,0.0,0.0,0.5,0.0,0.0,0.5,0.0,0.0,0.0,0.0,0.5,1.0,0.0,0.5,0.5,0.0,1.0,1.0,0.0,0.0,0.0,1.0,0.0,0.0,1.0,0.0,0.0,0.0,0.0,1.0,28.05717511858261,90.37511117117744,7.42285692691803,23.35,97.78,1.902684311740348,1.652850517266362
PUERTO COLOMBIA,2023,11,43,1,1.0,0.0,0.0,0.0,0.0,0.0,0.0,1.0,0.0,0.0,0.0,0.0,0.0,1.0,0.0,0.0,1.0,0.0,1.0,1.0,0.0,0.0,0.0,1.0,0.0,0.0,1.0,0.0,0.0,1.0,0.0,0.0,27.17498604910716,91.3109850202288,17.358571205820358,23.35,97.78,1.902684311740348,1.652850517266362
PUERTO COLOMBIA,2023,12,45,1,0.0,0.0,1.0,0.0,0.0,0.0,0.0,1.0,0.0,0.0,0.0,0.0,0.0,1.0,0.0,0.0,1.0,0.0,1.0,1.0,0.0,0.0,0.0,1.0,0.0,0.0,1.0,0.0,0.0,1.0,0.0,0.0,28.498430960518995,89.57116154261998,2.501428621155875,23.35,97.78,1.902684311740348,1.652850517266362
PUERTO COLOMBIA,2023,12,47,1,0.0,1.0,0.0,0.0,0.0,0.0,0.0,1.0,0.0,0.0,0.0,0.0,0.0,1.0,0.0,1.0,0.0,0.0,1.0,0.0,1.0,0.0,0.0,1.0,0.0,0.0,1.0,0.0,0.0,0.0,0.0,1.0,27.42446725027904,89.64524187360492,6.151428567511695,23.35,97.78,1.902684311740348,1.652850517266362
PUERTO COLOMBIA,2023,13,49,1,0.0,0.0,0.0,0.0,1.0,0.0,0.0,0.0,0.0,0.0,0.0,0.0,1.0,1.0,0.0,0.0,1.0,0.0,1.0,0.0,1.0,0.0,0.0,1.0,0.0,0.0,1.0,0.0,0.0,1.0,0.0,0.0,27.667047119140648,86.12622833251953,0.0,23.35,97.78,1.902684311740348,1.652850517266362
PUERTO COLOMBIA,2023,13,50,1,0.0,0.0,0.0,0.0,0.0,0.0,1.0,0.0,0.0,0.0,0.0,0.0,1.0,1.0,0.0,0.0,1.0,0.0,1.0,1.0,0.0,0.0,0.0,1.0,0.0,0.0,1.0,0.0,0.0,0.0,0.0,1.0,27.668117414202023,86.20071738106864,0.1171428561210632,23.35,97.78,1.902684311740348,1.652850517266362
PUERTO COLOMBIA,2023,13,51,1,0.0,1.0,0.0,0.0,0.0,0.0,0.0,0.0,0.0,0.0,0.0,0.0,1.0,1.0,0.0,0.0,1.0,0.0,1.0,1.0,0.0,0.0,0.0,1.0,0.0,0.0,1.0,0.0,0.0,1.0,0.0,0.0,27.57092546735493,88.70363507952008,9.385714286140033,23.35,97.78,1.902684311740348,1.652850517266362
PUERTO COLOMBIA,2023,13,52,2,0.5,0.0,0.5,0.0,0.0,0.0,0.0,0.5,0.0,0.0,0.0,0.0,0.5,1.0,0.0,1.0,0.0,0.0,1.0,1.0,0.0,0.0,0.0,1.0,0.0,0.0,1.0,0.0,0.0,1.0,0.0,0.0,27.93159092494422,86.71913800920758,1.0242856911250524,23.35,97.78,1.902684311740348,1.652850517266362
REPELÓN,2017,9,34,2,0.0,0.5,0.0,0.0,0.0,0.0,0.5,0.0,0.0,0.0,0.0,0.0,1.0,1.0,0.0,1.0,0.0,0.0,1.0,1.0,0.0,0.0,0.0,0.0,0.0,1.0,1.0,0.0,0.0,0.0,0.0,1.0,27.36914114169975,93.55207792413296,-4996.9736328125,23.18033237959443,96.73018635029776,1.438214320297147,1.562069763225594
REPELÓN,2017,10,37,1,0.0,0.0,0.0,0.0,1.0,0.0,0.0,0.0,0.0,0.0,0.0,0.0,1.0,1.0,0.0,1.0,0.0,0.0,1.0,0.0,1.0,0.0,0.0,0.0,0.0,1.0,1.0,0.0,0.0,0.0,0.0,1.0,27.175899961764248,93.09906889900329,-4996.387137276785,23.18033237959443,96.73018635029776,1.438214320297147,1.562069763225594
REPELÓN,2017,10,38,1,0.0,0.0,1.0,0.0,0.0,0.0,0.0,0.0,0.0,0.0,0.0,0.0,1.0,1.0,0.0,1.0,0.0,0.0,1.0,1.0,0.0,0.0,0.0,0.0,0.0,1.0,1.0,0.0,0.0,0.0,0.0,1.0,27.355658023571863,93.2838692236199,-4996.636509486607,23.18033237959443,96.73018635029776,1.438214320297147,1.562069763225594
REPELÓN,2017,10,39,2,0.0,0.5,0.0,0.0,0.0,0.5,0.0,0.5,0.0,0.0,0.0,0.0,0.5,1.0,0.0,1.0,0.0,0.0,1.0,0.5,0.5,0.0,0.0,0.0,0.0,1.0,0.5,0.5,0.0,0.0,0.0,1.0,27.21868754391949,93.25776555298498,-4994.995744977678,23.18033237959443,96.73018635029776,1.438214320297147,1.562069763225594
REPELÓN,2017,11,44,1,1.0,0.0,0.0,0.0,0.0,0.0,0.0,0.0,0.0,0.0,0.0,0.0,1.0,1.0,0.0,1.0,0.0,0.0,1.0,0.0,1.0,0.0,0.0,0.0,0.0,1.0,1.0,0.0,0.0,0.0,0.0,1.0,27.248936518916413,90.56126541056962,-4281.769321986607,23.18033237959443,96.73018635029776,1.438214320297147,1.562069763225594
REPELÓN,2017,12,45,1,1.0,0.0,0.0,0.0,0.0,0.0,0.0,0.0,0.0,0.0,0.0,1.0,0.0,1.0,0.0,1.0,0.0,0.0,1.0,0.0,1.0,0.0,0.0,0.0,0.0,1.0,1.0,0.0,0.0,0.0,0.0,1.0,26.738551338639876,92.26980312286862,-4996.564313616072,23.18033237959443,96.73018635029776,1.438214320297147,1.562069763225594
REPELÓN,2017,12,47,1,1.0,0.0,0.0,0.0,0.0,0.0,0.0,0.0,0.0,0.0,0.0,0.0,1.0,1.0,0.0,1.0,0.0,0.0,1.0,0.0,1.0,0.0,0.0,0.0,0.0,1.0,1.0,0.0,0.0,0.0,0.0,1.0,26.79702455227971,93.39080007240254,-4997.780064174107,23.18033237959443,96.73018635029776,1.438214320297147,1.562069763225594
REPELÓN,2017,13,51,2,1.0,0.0,0.0,0.0,0.0,0.0,0.0,0.0,0.0,0.0,0.0,0.0,1.0,1.0,0.0,0.5,0.5,0.0,1.0,0.5,0.5,0.0,0.0,0.0,0.0,1.0,1.0,0.0,0.0,0.5,0.0,0.5,27.53744292082613,86.75647029170284,0.0,23.18033237959443,96.73018635029776,1.438214320297147,1.562069763225594
REPELÓN,2018,10,38,1,0.0,0.0,1.0,0.0,0.0,0.0,0.0,0.0,0.0,0.0,0.0,0.0,1.0,1.0,0.0,0.0,1.0,0.0,1.0,0.0,1.0,0.0,0.0,0.0,0.0,1.0,1.0,0.0,0.0,0.0,0.0,1.0,27.98493145332137,92.85706850082155,-4997.255092075893,13.52,56.62,1.438214320297147,1.562069763225594
REPELÓN,2019,7,28,1,1.0,0.0,0.0,0.0,0.0,0.0,0.0,1.0,0.0,0.0,0.0,0.0,0.0,1.0,0.0,0.0,1.0,0.0,1.0,1.0,0.0,0.0,0.0,0.0,0.0,1.0,1.0,0.0,0.0,1.0,0.0,0.0,28.37361172469206,88.21573348272413,-4997.242885044643,16.09,67.39,1.438214320297147,1.562069763225594
REPELÓN,2019,10,38,1,0.0,0.0,0.0,0.0,0.0,0.0,1.0,0.0,0.0,0.0,0.0,0.0,1.0,1.0,0.0,0.0,1.0,0.0,1.0,1.0,0.0,0.0,0.0,0.0,0.0,1.0,1.0,0.0,0.0,0.0,0.0,1.0,26.817985768797552,91.79646313379682,-4995.224330357143,16.09,67.39,1.438214320297147,1.562069763225594
REPELÓN,2019,12,46,2,1.0,0.0,0.0,0.0,0.0,0.0,0.0,0.0,0.0,0.0,0.0,0.5,0.5,1.0,0.0,0.0,1.0,0.0,1.0,0.0,1.0,0.0,0.0,0.0,0.0,1.0,1.0,0.0,0.0,0.0,0.0,1.0,26.88971580222804,93.07417818099734,-4998.232212611607,16.09,67.39,1.438214320297147,1.562069763225594
REPELÓN,2019,12,47,1,0.0,0.0,0.0,0.0,1.0,0.0,0.0,0.0,0.0,0.0,0.0,1.0,0.0,0.0,1.0,0.0,1.0,0.0,1.0,0.0,1.0,0.0,0.0,0.0,0.0,1.0,1.0,0.0,0.0,0.0,0.0,1.0,27.290496696996968,91.86410377139136,-2854.133579799108,16.09,67.39,1.438214320297147,1.562069763225594
REPELÓN,2019,12,48,1,0.0,0.0,0.0,0.0,1.0,0.0,0.0,0.0,0.0,0.0,0.0,0.0,1.0,1.0,0.0,0.0,1.0,0.0,1.0,1.0,0.0,0.0,0.0,0.0,0.0,1.0,1.0,0.0,0.0,0.0,0.0,1.0,27.950375382357823,89.60133434477306,-1421.745744977679,16.09,67.39,1.438214320297147,1.562069763225594
REPELÓN,2019,13,49,4,0.5,0.0,0.0,0.0,0.5,0.0,0.0,0.0,0.0,0.0,0.25,0.0,0.75,1.0,0.0,0.25,0.75,0.0,1.0,0.25,0.75,0.0,0.0,0.0,0.0,1.0,0.75,0.25,0.0,0.0,0.0,1.0,27.71087778888684,92.14564724069425,-4283.846400669643,16.09,67.39,1.438214320297147,1.562069763225594
REPELÓN,2019,13,50,6,0.6666666666666666,0.0,0.0,0.0,0.3333333333333333,0.0,0.0,0.1666666666666666,0.0,0.0,0.0,0.0,0.8333333333333334,1.0,0.0,0.1666666666666666,0.8333333333333334,0.0,1.0,0.3333333333333333,0.6666666666666666,0.0,0.0,0.0,0.0,1.0,1.0,0.0,0.0,0.1666666666666666,0.0,0.8333333333333334,27.83269556439114,90.03659804409774,-1423.0756834575109,16.09,67.39,1.438214320297147,1.562069763225594
REPELÓN,2019,13,51,5,0.6,0.0,0.0,0.0,0.2,0.0,0.2,0.0,0.0,0.0,0.2,0.0,0.8,1.0,0.0,0.2,0.8,0.0,1.0,0.4,0.6,0.0,0.0,0.0,0.0,1.0,0.8,0.2,0.0,0.0,0.0,1.0,28.60697794919293,89.9561161666951,-2853.712820870536,16.09,67.39,1.438214320297147,1.562069763225594
REPELÓN,2019,13,52,2,0.0,0.0,0.0,0.0,0.5,0.0,0.5,1.0,0.0,0.0,0.0,0.0,0.0,1.0,0.0,0.0,1.0,0.0,1.0,0.0,1.0,0.0,0.0,0.0,0.0,1.0,1.0,0.0,0.0,0.0,0.0,1.0,28.31735135840363,89.60385374038938,-2854.3385881696427,16.09,67.39,1.438214320297147,1.562069763225594
REPELÓN,2020,1,1,2,1.0,0.0,0.0,0.0,0.0,0.0,0.0,0.5,0.0,0.0,0.0,0.0,0.5,1.0,0.0,0.0,1.0,0.0,1.0,0.5,0.5,0.0,0.0,0.0,0.0,1.0,1.0,0.0,0.0,0.5,0.0,0.5,27.99959797531211,88.99496266198537,3.2142858505249023,24.0,100.0,1.438214320297147,1.562069763225594
REPELÓN,2020,1,2,7,0.7142857142857143,0.0,0.0,0.0,0.2857142857142857,0.0,0.0,0.2857142857142857,0.0,0.0,0.0,0.0,0.7142857142857143,1.0,0.0,0.1428571428571428,0.8571428571428571,0.0,1.0,0.5714285714285714,0.4285714285714285,0.0,0.0,0.0,0.0,1.0,0.8571428571428571,0.1428571428571428,0.0,0.0,0.0,1.0,28.54935591763292,83.21091263382525,0.0,24.0,100.0,1.438214320297147,1.562069763225594
REPELÓN,2020,1,3,4,0.75,0.0,0.0,0.0,0.0,0.0,0.25,0.0,0.0,0.0,0.0,0.0,1.0,1.0,0.0,0.0,1.0,0.0,1.0,0.75,0.25,0.0,0.0,0.0,0.0,1.0,0.75,0.25,0.0,0.25,0.0,0.75,28.56870672639718,83.68585859026227,-1428.2578822544642,24.0,100.0,1.438214320297147,1.562069763225594
REPELÓN,2020,1,4,7,0.1428571428571428,0.1428571428571428,0.0,0.0,0.2857142857142857,0.1428571428571428,0.2857142857142857,0.2857142857142857,0.0,0.0,0.0,0.1428571428571428,0.5714285714285714,1.0,0.0,0.2857142857142857,0.7142857142857143,0.0,1.0,0.5714285714285714,0.4285714285714285,0.0,0.0,0.0,0.0,1.0,0.7142857142857143,0.2857142857142857,0.0,0.2857142857142857,0.0,0.7142857142857143,27.49488026452446,88.6402991965965,-1424.101422991071,24.0,100.0,1.438214320297147,1.562069763225594
REPELÓN,2020,2,5,5,0.6,0.0,0.0,0.0,0.4,0.0,0.0,0.0,0.0,0.0,0.0,0.0,1.0,1.0,0.0,0.0,1.0,0.0,1.0,0.4,0.6,0.0,0.0,0.0,0.0,1.0,0.6,0.4,0.0,0.4,0.0,0.6,28.934536436373616,86.20658349738551,5.142857142857143,24.0,100.0,1.438214320297147,1.562069763225594
REPELÓN,2020,2,6,2,0.5,0.0,0.0,0.0,0.0,0.0,0.5,1.0,0.0,0.0,0.0,0.0,0.0,1.0,0.0,0.0,1.0,0.0,1.0,0.0,1.0,0.0,0.0,0.0,0.0,1.0,1.0,0.0,0.0,0.0,0.0,1.0,28.729587486307476,84.84874632497313,0.0,24.0,100.0,1.438214320297147,1.562069763225594
REPELÓN,2020,2,7,2,0.5,0.0,0.0,0.0,0.5,0.0,0.0,0.0,0.0,0.5,0.0,0.0,0.5,1.0,0.0,0.0,1.0,0.0,1.0,0.5,0.5,0.0,0.0,0.0,0.0,1.0,0.5,0.5,0.0,0.0,0.0,1.0,28.88133105727103,81.58773613985254,0.0,24.0,100.0,1.438214320297147,1.562069763225594
REPELÓN,2020,2,8,3,0.6666666666666666,0.0,0.0,0.0,0.0,0.0,0.3333333333333333,0.0,0.0,0.0,0.0,0.0,1.0,1.0,0.0,0.0,1.0,0.0,1.0,0.3333333333333333,0.6666666666666666,0.0,0.0,0.0,0.0,1.0,1.0,0.0,0.0,0.3333333333333333,0.0,0.6666666666666666,28.22453690786212,84.32828985950934,-710.9192940848214,24.0,100.0,1.438214320297147,1.562069763225594
REPELÓN,2020,3,9,3,1.0,0.0,0.0,0.0,0.0,0.0,0.0,0.6666666666666666,0.0,0.0,0.0,0.0,0.3333333333333333,1.0,0.0,0.3333333333333333,0.6666666666666666,0.0,1.0,0.6666666666666666,0.3333333333333333,0.0,0.0,0.0,0.0,1.0,0.0,1.0,0.0,0.0,0.0,1.0,28.49854027480677,85.35556316880322,0.0714285714285714,24.0,100.0,1.438214320297147,1.562069763225594
REPELÓN,2020,3,10,2,0.5,0.0,0.0,0.0,0.0,0.0,0.5,0.0,0.0,0.0,0.0,0.0,1.0,1.0,0.0,0.0,1.0,0.0,1.0,0.5,0.5,0.0,0.0,0.0,0.0,1.0,1.0,0.0,0.0,0.0,0.0,1.0,28.675026416274,81.76005998238054,1.1428571428571428,24.0,100.0,1.438214320297147,1.562069763225594
REPELÓN,2020,4,13,1,1.0,0.0,0.0,0.0,0.0,0.0,0.0,1.0,0.0,0.0,0.0,0.0,0.0,1.0,0.0,0.0,1.0,0.0,1.0,1.0,0.0,0.0,0.0,0.0,0.0,1.0,0.0,1.0,0.0,0.0,0.0,1.0,28.87936291568497,82.89877997504341,-709.0071149553571,24.0,100.0,1.438214320297147,1.562069763225594
REPELÓN,2020,5,19,2,0.5,0.0,0.0,0.0,0.5,0.0,0.0,0.5,0.0,0.0,0.0,0.0,0.5,1.0,0.0,0.5,0.5,0.0,1.0,1.0,0.0,0.0,0.0,0.0,0.0,1.0,0.5,0.5,0.0,0.0,0.0,1.0,29.47520990926754,85.5805051692579,-3558.56787109375,24.0,100.0,1.438214320297147,1.562069763225594
REPELÓN,2020,5,20,2,1.0,0.0,0.0,0.0,0.0,0.0,0.0,0.0,0.0,0.0,0.0,0.0,1.0,1.0,0.0,0.0,1.0,0.0,1.0,0.0,1.0,0.0,0.0,0.0,0.0,1.0,0.5,0.5,0.0,0.0,0.0,1.0,28.764950496936013,87.50918336898562,-4996.815011160715,24.0,100.0,1.438214320297147,1.562069763225594
REPELÓN,2020,6,21,4,0.5,0.5,0.0,0.0,0.0,0.0,0.0,0.25,0.0,0.0,0.0,0.0,0.75,1.0,0.0,0.0,1.0,0.0,1.0,0.75,0.25,0.0,0.0,0.0,0.0,1.0,0.75,0.25,0.0,0.0,0.0,1.0,29.207478631236597,87.56826556170428,-4281.56640625,24.0,100.0,1.438214320297147,1.562069763225594
REPELÓN,2020,8,32,1,0.0,0.0,0.0,0.0,1.0,0.0,0.0,0.0,0.0,0.0,0.0,0.0,1.0,1.0,0.0,1.0,0.0,0.0,1.0,1.0,0.0,0.0,0.0,0.0,0.0,1.0,0.0,1.0,0.0,0.0,0.0,1.0,28.217861793154785,92.84366757024532,-4997.649972098215,24.0,100.0,1.438214320297147,1.562069763225594
REPELÓN,2020,9,35,3,0.6666666666666666,0.0,0.0,0.0,0.3333333333333333,0.0,0.0,0.3333333333333333,0.0,0.0,0.6666666666666666,0.0,0.0,1.0,0.0,0.0,1.0,0.0,1.0,0.6666666666666666,0.3333333333333333,0.0,0.0,0.0,0.0,1.0,1.0,0.0,0.0,0.0,0.0,1.0,27.11033447911501,93.13337860914764,-4997.139997209822,24.0,100.0,1.438214320297147,1.562069763225594
REPELÓN,2020,10,37,1,1.0,0.0,0.0,0.0,0.0,0.0,0.0,0.0,0.0,0.0,0.0,0.0,1.0,1.0,0.0,0.0,1.0,0.0,1.0,0.0,1.0,0.0,0.0,0.0,0.0,1.0,1.0,0.0,0.0,0.0,0.0,1.0,27.6289965432788,93.297401508957,-4280.092075892857,24.0,100.0,1.438214320297147,1.562069763225594
REPELÓN,2020,10,40,1,0.0,0.0,0.0,0.0,1.0,0.0,0.0,1.0,0.0,0.0,0.0,0.0,0.0,1.0,0.0,1.0,0.0,0.0,1.0,0.0,1.0,0.0,0.0,0.0,0.0,1.0,0.0,1.0,0.0,0.0,0.0,1.0,26.27253944356608,91.78062269422745,-4995.279227120535,24.0,100.0,1.438214320297147,1.562069763225594
REPELÓN,2020,11,41,1,0.0,0.0,0.0,0.0,1.0,0.0,0.0,1.0,0.0,0.0,0.0,0.0,0.0,1.0,0.0,1.0,0.0,0.0,1.0,0.0,1.0,0.0,0.0,0.0,0.0,1.0,1.0,0.0,0.0,0.0,0.0,1.0,27.11470575887692,92.71787633340826,-4281.77357687269,24.0,100.0,1.438214320297147,1.562069763225594
REPELÓN,2020,11,42,1,1.0,0.0,0.0,0.0,0.0,0.0,0.0,0.0,0.0,0.0,0.0,0.0,1.0,1.0,0.0,0.0,1.0,0.0,1.0,1.0,0.0,0.0,0.0,0.0,0.0,1.0,1.0,0.0,0.0,0.0,0.0,1.0,26.51614851371324,92.2886943514385,-4996.534249441965,24.0,100.0,1.438214320297147,1.562069763225594
REPELÓN,2020,12,48,1,0.0,0.0,0.0,0.0,0.0,0.0,1.0,0.0,0.0,0.0,0.0,0.0,1.0,1.0,0.0,0.0,1.0,0.0,1.0,1.0,0.0,0.0,0.0,0.0,0.0,1.0,0.0,1.0,0.0,1.0,0.0,0.0,26.891191948784755,92.09903434470849,-4280.72216796875,24.0,100.0,1.438214320297147,1.562069763225594
REPELÓN,2020,13,49,1,0.0,0.0,0.0,0.0,1.0,0.0,0.0,0.0,0.0,0.0,0.0,0.0,1.0,1.0,0.0,0.0,1.0,0.0,1.0,1.0,0.0,0.0,0.0,0.0,0.0,1.0,1.0,0.0,0.0,0.0,0.0,1.0,26.911441653620024,92.34232887389167,-1419.173618861607,24.0,100.0,1.438214320297147,1.562069763225594
REPELÓN,2020,13,52,1,0.0,0.0,0.0,0.0,0.0,0.0,1.0,0.0,0.0,0.0,0.0,0.0,1.0,1.0,0.0,0.0,1.0,0.0,1.0,0.0,1.0,0.0,0.0,0.0,0.0,1.0,1.0,0.0,0.0,0.0,0.0,1.0,27.124305878492923,89.79502614339194,-2137.190011024475,24.0,100.0,1.438214320297147,1.562069763225594
REPELÓN,2021,1,3,1,0.0,1.0,0.0,0.0,0.0,0.0,0.0,0.0,0.0,0.0,0.0,0.0,1.0,1.0,0.0,1.0,0.0,0.0,1.0,1.0,0.0,0.0,0.0,0.0,0.0,1.0,1.0,0.0,0.0,0.0,0.0,1.0,27.712896066494107,86.66604037007326,0.2857142857142857,24.0,100.0,1.438214320297147,1.562069763225594
REPELÓN,2021,1,4,1,1.0,0.0,0.0,0.0,0.0,0.0,0.0,0.0,0.0,0.0,0.0,0.0,1.0,1.0,0.0,0.0,1.0,0.0,1.0,0.0,1.0,0.0,0.0,0.0,0.0,1.0,1.0,0.0,0.0,0.0,0.0,1.0,27.941434297107534,86.05029999263704,0.0,24.0,100.0,1.438214320297147,1.562069763225594
REPELÓN,2021,11,42,1,0.0,0.0,0.0,0.0,0.0,0.0,1.0,0.0,0.0,0.0,0.0,0.0,1.0,1.0,0.0,0.0,1.0,0.0,1.0,0.0,1.0,0.0,0.0,0.0,0.0,1.0,1.0,0.0,0.0,0.0,0.0,1.0,27.049856551235965,92.19854950274107,-4996.350655691965,24.0,100.0,1.438214320297147,1.562069763225594
REPELÓN,2021,12,48,1,0.0,0.0,0.0,0.0,0.0,0.0,1.0,0.0,0.0,0.0,0.0,0.0,1.0,1.0,0.0,1.0,0.0,0.0,1.0,0.0,1.0,0.0,0.0,0.0,0.0,1.0,1.0,0.0,0.0,0.0,0.0,1.0,26.763858080667184,91.97369457426524,-4283.032087053572,24.0,100.0,1.438214320297147,1.562069763225594
REPELÓN,2021,13,49,1,0.0,1.0,0.0,0.0,0.0,0.0,0.0,0.0,0.0,0.0,0.0,0.0,1.0,0.0,1.0,0.0,1.0,0.0,1.0,0.0,1.0,0.0,0.0,0.0,0.0,1.0,1.0,0.0,0.0,0.0,0.0,1.0,27.57036670503163,90.1890603928339,2.5,24.0,100.0,1.438214320297147,1.562069763225594
REPELÓN,2021,13,51,1,0.0,1.0,0.0,0.0,0.0,0.0,0.0,0.0,0.0,0.0,0.0,0.0,1.0,1.0,0.0,0.0,1.0,0.0,1.0,0.0,1.0,0.0,0.0,0.0,0.0,1.0,1.0,0.0,0.0,0.0,0.0,1.0,27.119303014038746,91.02419321373029,-4998.193638392857,24.0,100.0,1.438214320297147,1.562069763225594
REPELÓN,2022,7,27,1,0.0,0.0,0.0,0.0,1.0,0.0,0.0,0.0,0.0,0.0,0.0,0.0,1.0,0.0,1.0,0.0,1.0,0.0,1.0,1.0,0.0,0.0,0.0,0.0,0.0,1.0,1.0,0.0,0.0,0.0,0.0,1.0,28.09458199960216,92.36357201470273,-4996.032156808035,24.0,100.0,1.438214320297147,1.562069763225594
REPELÓN,2022,9,36,1,1.0,0.0,0.0,0.0,0.0,0.0,0.0,0.0,0.0,0.0,0.0,0.0,1.0,1.0,0.0,0.0,1.0,0.0,1.0,1.0,0.0,0.0,0.0,0.0,0.0,1.0,0.0,1.0,0.0,1.0,0.0,0.0,27.48191376539766,93.75701960810908,-4996.344308035715,24.0,100.0,1.438214320297147,1.562069763225594
REPELÓN,2022,10,40,1,0.0,0.0,1.0,0.0,0.0,0.0,0.0,0.0,0.0,0.0,0.0,0.0,1.0,0.0,1.0,0.0,1.0,0.0,1.0,1.0,0.0,0.0,0.0,0.0,0.0,1.0,1.0,0.0,0.0,0.0,0.0,1.0,26.86057595550701,92.59075976174977,-4994.345703125,24.0,100.0,1.438214320297147,1.562069763225594
REPELÓN,2022,12,47,1,0.0,1.0,0.0,0.0,0.0,0.0,0.0,0.0,0.0,0.0,0.0,0.0,1.0,0.0,1.0,0.0,1.0,0.0,1.0,0.0,1.0,0.0,0.0,0.0,0.0,1.0,1.0,0.0,0.0,0.0,0.0,1.0,26.894646813125217,92.88273370329034,-4997.179338727678,24.0,100.0,1.438214320297147,1.562069763225594
REPELÓN,2023,1,2,1,0.0,1.0,0.0,0.0,0.0,0.0,0.0,0.0,0.0,0.0,0.0,0.0,1.0,1.0,0.0,0.0,1.0,0.0,1.0,0.0,1.0,0.0,0.0,0.0,0.0,1.0,1.0,0.0,0.0,0.0,0.0,1.0,27.206770348927343,90.21714601062594,-4997.56787109375,19.78,83.28,1.438214320297147,1.562069763225594
REPELÓN,2023,9,34,2,0.0,0.5,0.0,0.0,0.5,0.0,0.0,0.5,0.0,0.0,0.0,0.0,0.5,1.0,0.0,0.5,0.5,0.0,1.0,0.5,0.5,0.0,0.0,0.0,0.0,1.0,1.0,0.0,0.0,0.0,0.0,1.0,27.85861249651229,92.43973533186332,-4994.88427734375,19.78,83.28,1.438214320297147,1.562069763225594
REPELÓN,2023,9,36,1,1.0,0.0,0.0,0.0,0.0,0.0,0.0,1.0,0.0,0.0,0.0,0.0,0.0,1.0,0.0,0.0,1.0,0.0,1.0,0.0,1.0,0.0,0.0,0.0,0.0,1.0,1.0,0.0,0.0,1.0,0.0,0.0,28.05874192979603,92.91524606533152,-4995.701450892857,19.78,83.28,1.438214320297147,1.562069763225594
SABANAGRANDE,2017,1,1,1,0.0,1.0,0.0,0.0,0.0,0.0,0.0,1.0,0.0,0.0,0.0,0.0,0.0,1.0,0.0,0.0,1.0,0.0,1.0,0.0,1.0,0.0,0.0,0.0,1.0,0.0,1.0,0.0,0.0,0.0,0.0,1.0,27.8689405168806,87.72848074776786,5.285714558192661,23.94,99.88,0.574154076286911,1.54405300391256
SABANAGRANDE,2017,2,5,1,0.0,0.0,0.0,0.0,0.0,1.0,0.0,0.0,0.0,0.0,0.0,0.0,1.0,1.0,0.0,0.0,1.0,0.0,1.0,0.0,1.0,0.0,0.0,0.0,1.0,0.0,1.0,0.0,0.0,1.0,0.0,0.0,28.570554896763408,85.09643881661552,9.43428571415799,23.94,99.88,0.574154076286911,1.54405300391256
SABANAGRANDE,2017,3,10,1,0.0,0.0,0.0,0.0,0.0,0.0,1.0,0.0,0.0,0.0,0.0,0.0,1.0,1.0,0.0,0.0,1.0,0.0,1.0,0.0,1.0,0.0,0.0,0.0,1.0,0.0,1.0,0.0,0.0,0.0,0.0,1.0,28.684112984793547,80.67117745535714,0.888571422547102,23.94,99.88,0.574154076286911,1.54405300391256
SABANAGRANDE,2017,6,21,1,0.0,1.0,0.0,0.0,0.0,0.0,0.0,0.0,0.0,0.0,0.0,0.0,1.0,1.0,0.0,1.0,0.0,0.0,1.0,0.0,1.0,0.0,0.0,0.0,1.0,0.0,1.0,0.0,0.0,0.0,0.0,1.0,28.517955671037964,88.90323529924665,10.951428481510709,23.94,99.88,0.574154076286911,1.54405300391256
SABANAGRANDE,2017,12,46,1,0.0,0.0,0.0,0.0,0.0,0.0,1.0,1.0,0.0,0.0,0.0,0.0,0.0,1.0,0.0,1.0,0.0,0.0,1.0,0.0,1.0,0.0,0.0,0.0,1.0,0.0,1.0,0.0,0.0,1.0,0.0,0.0,26.68201817103796,92.61136627197266,7.547142965453012,23.94,99.88,0.574154076286911,1.54405300391256
SABANAGRANDE,2018,1,1,1,0.0,0.0,0.0,0.0,1.0,0.0,0.0,1.0,0.0,0.0,0.0,0.0,0.0,1.0,0.0,0.0,1.0,0.0,1.0,0.0,1.0,0.0,0.0,0.0,1.0,0.0,1.0,0.0,0.0,0.0,0.0,1.0,26.95084097726006,92.49384198869976,5.9699998668261935,23.96,99.98,0.574154076286911,1.54405300391256
SABANAGRANDE,2018,1,2,1,0.0,0.0,0.0,0.0,0.0,0.0,1.0,1.0,0.0,0.0,0.0,0.0,0.0,1.0,0.0,0.0,1.0,0.0,1.0,1.0,0.0,0.0,0.0,0.0,1.0,0.0,1.0,0.0,0.0,0.0,0.0,1.0,27.21093793596541,93.26495579310826,3.5942856754575456,23.96,99.98,0.574154076286911,1.54405300391256
SABANAGRANDE,2018,4,13,1,0.0,1.0,0.0,0.0,0.0,0.0,0.0,1.0,0.0,0.0,0.0,0.0,0.0,1.0,0.0,1.0,0.0,0.0,1.0,1.0,0.0,0.0,0.0,0.0,1.0,0.0,1.0,0.0,0.0,1.0,0.0,0.0,28.43374459402904,81.8026853288923,0.2585714283798422,23.96,99.98,0.574154076286911,1.54405300391256
SABANAGRANDE,2018,6,22,1,1.0,0.0,0.0,0.0,0.0,0.0,0.0,0.0,0.0,0.0,0.0,0.0,1.0,1.0,0.0,0.0,1.0,0.0,1.0,0.0,1.0,0.0,0.0,0.0,1.0,0.0,1.0,0.0,0.0,0.0,0.0,1.0,28.165850394112745,89.82013593401227,10.02857175043651,23.96,99.98,0.574154076286911,1.54405300391256
SABANAGRANDE,2018,8,31,1,0.0,1.0,0.0,0.0,0.0,0.0,0.0,1.0,0.0,0.0,0.0,0.0,0.0,1.0,0.0,1.0,0.0,0.0,1.0,1.0,0.0,0.0,0.0,0.0,1.0,0.0,1.0,0.0,0.0,1.0,0.0,0.0,27.500057111467648,92.20629228864398,9.477142589432852,23.96,99.98,0.574154076286911,1.54405300391256
SABANAGRANDE,2018,8,32,1,0.0,0.0,0.0,0.0,1.0,0.0,0.0,0.0,0.0,0.0,0.0,0.0,1.0,1.0,0.0,1.0,0.0,0.0,1.0,0.0,1.0,0.0,0.0,0.0,1.0,0.0,1.0,0.0,0.0,0.0,0.0,1.0,28.88643144880024,88.12228175571987,0.3628571358110223,23.96,99.98,0.574154076286911,1.54405300391256
SABANAGRANDE,2018,9,36,1,1.0,0.0,0.0,0.0,0.0,0.0,0.0,0.0,0.0,0.0,0.0,0.0,1.0,1.0,0.0,0.0,1.0,0.0,1.0,0.0,1.0,0.0,0.0,0.0,1.0,0.0,1.0,0.0,0.0,0.0,0.0,1.0,27.54913809640069,92.66525159563336,13.334285872323171,23.96,99.98,0.574154076286911,1.54405300391256
SABANAGRANDE,2018,10,38,1,0.0,1.0,0.0,0.0,0.0,0.0,0.0,0.0,0.0,0.0,0.0,0.0,1.0,1.0,0.0,1.0,0.0,0.0,1.0,0.0,1.0,0.0,0.0,0.0,1.0,0.0,1.0,0.0,0.0,0.0,0.0,1.0,28.192237200055825,92.2507084437779,9.36000001004764,23.96,99.98,0.574154076286911,1.54405300391256
SABANAGRANDE,2018,11,41,1,0.0,0.0,0.0,0.0,0.0,0.0,1.0,1.0,0.0,0.0,0.0,0.0,0.0,1.0,0.0,0.0,1.0,0.0,1.0,0.0,1.0,0.0,0.0,0.0,1.0,0.0,1.0,0.0,0.0,1.0,0.0,0.0,26.945652988978814,91.870726449149,8.305714351790291,23.96,99.98,0.574154076286911,1.54405300391256
SABANAGRANDE,2018,11,42,1,0.0,0.0,0.0,0.0,1.0,0.0,0.0,0.0,0.0,0.0,0.0,0.0,1.0,1.0,0.0,0.0,1.0,0.0,1.0,0.0,1.0,0.0,0.0,0.0,1.0,0.0,1.0,0.0,0.0,0.0,0.0,1.0,27.252498517717655,92.6355187552316,8.077142890010562,23.96,99.98,0.574154076286911,1.54405300391256
SABANAGRANDE,2018,11,43,1,0.0,1.0,0.0,0.0,0.0,0.0,0.0,0.0,0.0,0.0,0.0,0.0,1.0,1.0,0.0,1.0,0.0,0.0,1.0,1.0,0.0,0.0,0.0,0.0,1.0,0.0,1.0,0.0,0.0,0.0,0.0,1.0,27.522561645507835,92.13729422433036,6.541428429739816,23.96,99.98,0.574154076286911,1.54405300391256
SABANAGRANDE,2018,12,45,1,1.0,0.0,0.0,0.0,0.0,0.0,0.0,0.0,0.0,0.0,0.0,0.0,1.0,1.0,0.0,1.0,0.0,0.0,1.0,1.0,0.0,0.0,0.0,0.0,1.0,0.0,1.0,0.0,0.0,0.0,0.0,1.0,27.561124965122787,91.82794189453124,3.415714258594172,23.96,99.98,0.574154076286911,1.54405300391256
SABANAGRANDE,2019,3,10,2,0.5,0.5,0.0,0.0,0.0,0.0,0.0,0.0,0.0,0.0,0.0,0.0,1.0,1.0,0.0,0.0,1.0,0.0,1.0,0.5,0.5,0.0,0.0,0.0,1.0,0.0,1.0,0.0,0.0,0.5,0.0,0.5,28.12637372698104,83.8350078037807,0.014285714498588,23.93,99.9,0.574154076286911,1.54405300391256
SABANAGRANDE,2019,7,28,1,0.0,0.0,0.0,0.0,0.0,0.0,1.0,0.0,0.0,0.0,0.0,1.0,0.0,1.0,0.0,0.0,1.0,0.0,1.0,1.0,0.0,0.0,0.0,0.0,1.0,0.0,1.0,0.0,0.0,0.0,0.0,1.0,28.19475054059712,88.21217346191406,6.034285869981561,23.93,99.9,0.574154076286911,1.54405300391256
SABANAGRANDE,2019,8,29,1,0.0,0.0,0.0,0.0,0.0,0.0,1.0,1.0,0.0,0.0,0.0,0.0,0.0,1.0,0.0,0.0,1.0,0.0,1.0,0.0,1.0,0.0,0.0,0.0,1.0,0.0,1.0,0.0,0.0,0.0,0.0,1.0,29.076555960518995,88.7085702078683,2.3914285387311662,23.93,99.9,0.574154076286911,1.54405300391256
SABANAGRANDE,2019,8,30,1,0.0,1.0,0.0,0.0,0.0,0.0,0.0,0.0,0.0,0.0,0.0,1.0,0.0,1.0,0.0,0.0,1.0,0.0,1.0,0.0,1.0,0.0,0.0,0.0,1.0,0.0,1.0,0.0,0.0,1.0,0.0,0.0,28.035616629464304,89.9508307320731,11.714285782405309,23.93,99.9,0.574154076286911,1.54405300391256
SABANAGRANDE,2019,9,33,1,0.0,0.0,1.0,0.0,0.0,0.0,0.0,0.0,0.0,0.0,0.0,0.0,1.0,1.0,0.0,0.0,1.0,0.0,1.0,0.0,1.0,0.0,0.0,0.0,1.0,0.0,1.0,0.0,0.0,1.0,0.0,0.0,27.873814610072564,91.11865779331752,17.401428631373815,23.93,99.9,0.574154076286911,1.54405300391256
SABANAGRANDE,2019,9,36,1,0.0,0.0,1.0,0.0,0.0,0.0,0.0,1.0,0.0,0.0,0.0,0.0,0.0,1.0,0.0,0.0,1.0,0.0,1.0,1.0,0.0,0.0,0.0,0.0,1.0,0.0,1.0,0.0,0.0,0.0,0.0,1.0,28.419161551339304,92.17641884940012,3.915714306490762,23.93,99.9,0.574154076286911,1.54405300391256
SABANAGRANDE,2019,10,38,1,1.0,0.0,0.0,0.0,0.0,0.0,0.0,0.0,0.0,0.0,0.0,0.0,1.0,1.0,0.0,1.0,0.0,0.0,1.0,1.0,0.0,0.0,0.0,0.0,1.0,0.0,1.0,0.0,0.0,0.0,0.0,1.0,26.892251586914085,92.62034933907644,14.859999997275215,23.93,99.9,0.574154076286911,1.54405300391256
SABANAGRANDE,2019,10,40,1,0.0,0.0,0.0,0.0,1.0,0.0,0.0,0.0,0.0,0.0,0.0,0.0,1.0,1.0,0.0,0.0,1.0,0.0,1.0,0.0,1.0,0.0,0.0,0.0,1.0,0.0,1.0,0.0,0.0,1.0,0.0,0.0,26.953879656110512,93.33616529192244,9.839999880109517,23.93,99.9,0.574154076286911,1.54405300391256
SABANAGRANDE,2019,11,44,1,1.0,0.0,0.0,0.0,0.0,0.0,0.0,0.0,0.0,0.0,0.0,0.0,1.0,1.0,0.0,0.0,1.0,0.0,1.0,0.0,1.0,0.0,0.0,0.0,1.0,0.0,1.0,0.0,0.0,0.0,0.0,1.0,27.48116455078127,92.22803497314452,5.381428582327707,23.93,99.9,0.574154076286911,1.54405300391256
SABANAGRANDE,2019,12,47,1,0.0,1.0,0.0,0.0,0.0,0.0,0.0,0.0,0.0,0.0,0.0,0.0,1.0,1.0,0.0,0.0,1.0,0.0,1.0,0.0,1.0,0.0,0.0,0.0,1.0,0.0,0.0,1.0,0.0,0.0,0.0,1.0,27.240555245535734,92.85511561802456,19.935714278902328,23.93,99.9,0.574154076286911,1.54405300391256
SABANAGRANDE,2019,13,50,1,0.0,0.0,0.0,0.0,1.0,0.0,0.0,0.0,0.0,0.0,0.0,0.0,1.0,1.0,0.0,1.0,0.0,0.0,1.0,1.0,0.0,0.0,0.0,0.0,1.0,0.0,1.0,0.0,0.0,0.0,0.0,1.0,27.657680402483283,90.59664808000836,6.171428571588227,23.93,99.9,0.574154076286911,1.54405300391256
SABANAGRANDE,2019,13,51,2,1.0,0.0,0.0,0.0,0.0,0.0,0.0,0.5,0.0,0.0,0.0,0.0,0.5,1.0,0.0,0.0,1.0,0.0,1.0,0.5,0.5,0.0,0.0,0.0,1.0,0.0,1.0,0.0,0.0,0.5,0.0,0.5,28.338252912248908,91.1687469482422,8.39714283442923,23.93,99.9,0.574154076286911,1.54405300391256
SABANAGRANDE,2020,1,1,1,0.0,0.0,0.0,0.0,0.0,0.0,1.0,1.0,0.0,0.0,0.0,0.0,0.0,1.0,0.0,0.0,1.0,0.0,1.0,0.0,1.0,0.0,0.0,0.0,1.0,0.0,1.0,0.0,0.0,0.0,0.0,1.0,27.60107247488841,90.11380331856864,0.8571428571428571,23.94,99.83,0.574154076286911,1.54405300391256
SABANAGRANDE,2020,1,3,2,0.5,0.0,0.0,0.0,0.5,0.0,0.0,0.0,0.0,0.0,0.0,0.0,1.0,1.0,0.0,0.5,0.5,0.0,1.0,0.5,0.5,0.0,0.0,0.0,1.0,0.0,1.0,0.0,0.0,0.0,0.0,1.0,28.274475533621672,84.37099783761161,0.2385714237711259,23.94,99.83,0.574154076286911,1.54405300391256
SABANAGRANDE,2020,1,4,1,1.0,0.0,0.0,0.0,0.0,0.0,0.0,0.0,0.0,0.0,0.0,1.0,0.0,1.0,0.0,0.0,1.0,0.0,1.0,1.0,0.0,0.0,0.0,0.0,1.0,0.0,1.0,0.0,0.0,0.0,0.0,1.0,27.307105364118325,89.55673435756138,10.830000002469337,23.94,99.83,0.574154076286911,1.54405300391256
SABANAGRANDE,2020,2,5,1,0.0,0.0,0.0,0.0,1.0,0.0,0.0,0.0,0.0,0.0,0.0,0.0,1.0,1.0,0.0,0.0,1.0,0.0,1.0,0.0,1.0,0.0,0.0,0.0,1.0,0.0,1.0,0.0,0.0,0.0,0.0,1.0,28.660987200055825,86.94238717215401,4.857142857142857,23.94,99.83,0.574154076286911,1.54405300391256
SABANAGRANDE,2020,2,6,1,0.0,0.0,0.0,0.0,1.0,0.0,0.0,1.0,0.0,0.0,0.0,0.0,0.0,1.0,0.0,1.0,0.0,0.0,1.0,1.0,0.0,0.0,0.0,0.0,1.0,0.0,1.0,0.0,0.0,0.0,0.0,1.0,28.315290614536853,85.72160230364118,0.0,23.94,99.83,0.574154076286911,1.54405300391256
SABANAGRANDE,2020,11,42,1,0.0,1.0,0.0,0.0,0.0,0.0,0.0,1.0,0.0,0.0,0.0,0.0,0.0,1.0,0.0,1.0,0.0,0.0,1.0,0.0,1.0,0.0,0.0,0.0,1.0,0.0,1.0,0.0,0.0,0.0,0.0,1.0,26.60170244489399,92.52311597551618,13.692856967449188,23.94,99.83,0.574154076286911,1.54405300391256
SABANAGRANDE,2020,12,45,1,1.0,0.0,0.0,0.0,0.0,0.0,0.0,0.0,0.0,0.0,0.0,0.0,1.0,1.0,0.0,0.0,1.0,0.0,1.0,0.0,1.0,0.0,0.0,0.0,1.0,0.0,1.0,0.0,0.0,0.0,0.0,1.0,26.43308410644533,93.1322501046317,11.49857144696372,23.94,99.83,0.574154076286911,1.54405300391256
SABANAGRANDE,2020,12,46,1,0.0,1.0,0.0,0.0,0.0,0.0,0.0,0.0,0.0,0.0,0.0,0.0,1.0,1.0,0.0,0.0,1.0,0.0,1.0,1.0,0.0,0.0,0.0,0.0,1.0,0.0,1.0,0.0,0.0,0.0,0.0,1.0,25.912770298549123,92.57364872523716,15.63285742487226,23.94,99.83,0.574154076286911,1.54405300391256
SABANAGRANDE,2020,12,47,1,0.0,1.0,0.0,0.0,0.0,0.0,0.0,1.0,0.0,0.0,0.0,0.0,0.0,1.0,0.0,0.0,1.0,0.0,1.0,0.0,1.0,0.0,0.0,0.0,1.0,0.0,1.0,0.0,0.0,0.0,0.0,1.0,26.768239048549127,92.93734196254184,7.427142943654742,23.94,99.83,0.574154076286911,1.54405300391256
SABANAGRANDE,2020,12,48,1,0.0,0.0,0.0,0.0,1.0,0.0,0.0,0.0,0.0,0.0,0.0,0.0,1.0,1.0,0.0,0.0,1.0,0.0,1.0,0.0,1.0,0.0,0.0,0.0,1.0,0.0,1.0,0.0,0.0,0.0,0.0,1.0,26.94079197474889,92.37801252092632,14.150000061307637,23.94,99.83,0.574154076286911,1.54405300391256
SABANAGRANDE,2020,13,49,1,1.0,0.0,0.0,0.0,0.0,0.0,0.0,1.0,0.0,0.0,0.0,0.0,0.0,1.0,0.0,1.0,0.0,0.0,1.0,1.0,0.0,0.0,0.0,0.0,1.0,0.0,1.0,0.0,0.0,0.0,0.0,1.0,27.00445818219868,92.64159393310548,10.29714284624372,23.94,99.83,0.574154076286911,1.54405300391256
SABANAGRANDE,2020,13,51,3,0.3333333333333333,0.0,0.0,0.0,0.6666666666666666,0.0,0.0,0.3333333333333333,0.0,0.0,0.3333333333333333,0.0,0.3333333333333333,1.0,0.0,0.3333333333333333,0.6666666666666666,0.0,1.0,1.0,0.0,0.0,0.0,0.0,1.0,0.0,1.0,0.0,0.0,0.0,0.0,1.0,27.32660827636721,90.09829602922711,1.494285719735282,23.94,99.83,0.574154076286911,1.54405300391256
SABANAGRANDE,2020,13,52,6,0.3333333333333333,0.1666666666666666,0.0,0.0,0.5,0.0,0.0,0.0,0.0,0.0,0.0,0.1666666666666666,0.8333333333333334,1.0,0.0,0.1666666666666666,0.8333333333333334,0.0,1.0,0.6666666666666666,0.3333333333333333,0.0,0.0,0.0,1.0,0.0,1.0,0.0,0.0,0.0,0.0,1.0,27.32116960797993,89.87725612095424,8.617142847606114,23.94,99.83,0.574154076286911,1.54405300391256
SABANAGRANDE,2020,14,53,6,0.6666666666666666,0.3333333333333333,0.0,0.0,0.0,0.0,0.0,0.3333333333333333,0.0,0.0,0.0,0.0,0.6666666666666666,1.0,0.0,0.1666666666666666,0.8333333333333334,0.0,1.0,0.1666666666666666,0.8333333333333334,0.0,0.0,0.0,1.0,0.0,1.0,0.0,0.0,0.0,0.0,1.0,27.453027343750023,87.00646209716797,0.5,23.94,99.83,0.574154076286911,1.54405300391256
SABANAGRANDE,2021,1,1,2,1.0,0.0,0.0,0.0,0.0,0.0,0.0,0.0,0.0,0.0,0.0,0.0,1.0,1.0,0.0,0.5,0.5,0.0,1.0,0.5,0.5,0.0,0.0,0.0,1.0,0.0,1.0,0.0,0.0,0.0,0.0,1.0,27.40524771554132,88.59525517054966,2.571428571428572,23.84,99.68,0.574154076286911,1.54405300391256
SABANAGRANDE,2021,1,2,3,0.6666666666666666,0.3333333333333333,0.0,0.0,0.0,0.0,0.0,0.0,0.0,0.0,0.0,0.0,1.0,1.0,0.0,0.3333333333333333,0.6666666666666666,0.0,1.0,1.0,0.0,0.0,0.0,0.0,1.0,0.0,1.0,0.0,0.0,0.0,0.0,1.0,27.856907871791314,87.51212201799665,3.434285717351096,23.84,99.68,0.574154076286911,1.54405300391256
SABANAGRANDE,2021,1,3,1,0.0,1.0,0.0,0.0,0.0,0.0,0.0,0.0,0.0,0.0,0.0,0.0,1.0,1.0,0.0,0.0,1.0,0.0,1.0,0.0,1.0,0.0,0.0,0.0,1.0,0.0,1.0,0.0,0.0,1.0,0.0,0.0,27.794481985909616,86.29388972691127,2.1428572790963307,23.84,99.68,0.574154076286911,1.54405300391256
SABANAGRANDE,2021,1,4,3,0.3333333333333333,0.0,0.0,0.0,0.3333333333333333,0.0,0.3333333333333333,0.3333333333333333,0.0,0.0,0.0,0.0,0.6666666666666666,1.0,0.0,0.3333333333333333,0.6666666666666666,0.0,1.0,0.3333333333333333,0.6666666666666666,0.0,0.0,0.0,1.0,0.0,1.0,0.0,0.0,0.3333333333333333,0.0,0.6666666666666666,27.94769112723216,85.35941423688617,0.0,23.84,99.68,0.574154076286911,1.54405300391256
SABANAGRANDE,2021,2,7,1,0.0,1.0,0.0,0.0,0.0,0.0,0.0,0.0,0.0,0.0,0.0,0.0,1.0,1.0,0.0,0.0,1.0,0.0,1.0,0.0,1.0,0.0,0.0,0.0,1.0,0.0,1.0,0.0,0.0,0.0,0.0,1.0,28.67031032017301,85.66812569754464,7.344285713774817,23.84,99.68,0.574154076286911,1.54405300391256
SABANAGRANDE,2021,2,8,1,0.0,0.0,0.0,0.0,1.0,0.0,0.0,0.0,0.0,0.0,0.0,0.0,1.0,1.0,0.0,1.0,0.0,0.0,1.0,1.0,0.0,0.0,0.0,0.0,1.0,0.0,1.0,0.0,0.0,0.0,0.0,1.0,28.366154697963182,83.70811789376395,4.428571428571429,23.84,99.68,0.574154076286911,1.54405300391256
SABANAGRANDE,2021,6,21,1,0.0,0.0,1.0,0.0,0.0,0.0,0.0,1.0,0.0,0.0,0.0,0.0,0.0,1.0,0.0,0.0,1.0,0.0,1.0,0.0,1.0,0.0,0.0,0.0,1.0,0.0,1.0,0.0,0.0,1.0,0.0,0.0,28.54791521344868,87.61175210135323,18.77428587845393,23.84,99.68,0.574154076286911,1.54405300391256
SABANAGRANDE,2021,10,37,1,1.0,0.0,0.0,0.0,0.0,0.0,0.0,1.0,0.0,0.0,0.0,0.0,0.0,1.0,0.0,1.0,0.0,0.0,1.0,0.0,1.0,0.0,0.0,0.0,1.0,0.0,1.0,0.0,0.0,0.0,0.0,1.0,27.316674804687523,91.90982927594868,10.64714288711548,23.84,99.68,0.574154076286911,1.54405300391256
SABANAGRANDE,2021,10,38,1,0.0,0.0,0.0,0.0,1.0,0.0,0.0,1.0,0.0,0.0,0.0,0.0,0.0,1.0,0.0,0.0,1.0,0.0,1.0,1.0,0.0,0.0,0.0,0.0,1.0,0.0,1.0,0.0,0.0,0.0,0.0,1.0,27.5259708949498,90.97732979910714,7.328571428677866,23.84,99.68,0.574154076286911,1.54405300391256
SABANAGRANDE,2021,12,46,1,1.0,0.0,0.0,0.0,0.0,0.0,0.0,1.0,0.0,0.0,0.0,0.0,0.0,1.0,0.0,1.0,0.0,0.0,1.0,0.0,1.0,0.0,0.0,0.0,1.0,0.0,1.0,0.0,0.0,0.0,0.0,1.0,27.530644444056943,92.07953425816127,9.697143392903463,23.84,99.68,0.574154076286911,1.54405300391256
SABANAGRANDE,2021,13,49,1,1.0,0.0,0.0,0.0,0.0,0.0,0.0,1.0,0.0,0.0,0.0,0.0,0.0,1.0,0.0,1.0,0.0,0.0,1.0,1.0,0.0,0.0,0.0,0.0,1.0,0.0,1.0,0.0,0.0,0.0,0.0,1.0,27.85186593191966,89.43627057756696,4.285714285714286,23.84,99.68,0.574154076286911,1.54405300391256
SABANAGRANDE,2021,13,50,1,0.0,1.0,0.0,0.0,0.0,0.0,0.0,1.0,0.0,0.0,0.0,0.0,0.0,1.0,0.0,1.0,0.0,0.0,1.0,1.0,0.0,0.0,0.0,0.0,1.0,0.0,1.0,0.0,0.0,0.0,0.0,1.0,27.371846226283505,89.57749611990792,1.7414285710879736,23.84,99.68,0.574154076286911,1.54405300391256
SABANAGRANDE,2021,13,52,2,0.0,0.5,0.0,0.0,0.5,0.0,0.0,0.0,0.0,0.0,0.0,0.0,1.0,0.5,0.5,0.5,0.5,0.0,1.0,0.5,0.5,0.0,0.0,0.0,1.0,0.0,1.0,0.0,0.0,0.0,0.0,1.0,27.752450561523453,90.34119415283205,4.862857138471944,23.84,99.68,0.574154076286911,1.54405300391256
SABANAGRANDE,2022,1,3,1,0.0,0.0,0.0,0.0,1.0,0.0,0.0,1.0,0.0,0.0,0.0,0.0,0.0,1.0,0.0,1.0,0.0,0.0,1.0,1.0,0.0,0.0,0.0,0.0,1.0,0.0,1.0,0.0,0.0,0.0,0.0,1.0,27.82675868443082,87.01280648367745,4.142857142857143,23.95,99.93,0.574154076286911,1.54405300391256
SABANAGRANDE,2022,2,6,1,1.0,0.0,0.0,0.0,0.0,0.0,0.0,0.0,0.0,0.0,0.0,0.0,1.0,1.0,0.0,0.0,1.0,0.0,1.0,0.0,1.0,0.0,0.0,0.0,1.0,0.0,1.0,0.0,0.0,0.0,0.0,1.0,27.85626918247769,87.00478799002511,2.372857155544417,23.95,99.93,0.574154076286911,1.54405300391256
SABANAGRANDE,2022,8,31,2,0.5,0.0,0.0,0.0,0.0,0.0,0.5,0.0,0.0,0.0,0.0,0.0,1.0,1.0,0.0,0.5,0.5,0.0,1.0,0.5,0.5,0.0,0.0,0.0,1.0,0.0,1.0,0.0,0.0,0.5,0.0,0.5,27.934067208426363,90.45765904017856,26.187142976692744,23.95,99.93,0.574154076286911,1.54405300391256
SABANAGRANDE,2022,9,33,1,0.0,0.0,0.0,0.0,1.0,0.0,0.0,0.0,0.0,1.0,0.0,0.0,0.0,1.0,0.0,1.0,0.0,0.0,1.0,0.0,1.0,0.0,0.0,0.0,1.0,0.0,1.0,0.0,0.0,0.0,0.0,1.0,27.86191711425783,91.87302943638392,18.914285114833287,23.95,99.93,0.574154076286911,1.54405300391256
SABANAGRANDE,2022,9,34,1,0.0,0.0,0.0,0.0,1.0,0.0,0.0,0.0,0.0,0.0,0.0,0.0,1.0,1.0,0.0,1.0,0.0,0.0,1.0,0.0,1.0,0.0,0.0,0.0,1.0,0.0,1.0,0.0,0.0,0.0,0.0,1.0,27.329564121791314,92.25361851283482,13.980000155312675,23.95,99.93,0.574154076286911,1.54405300391256
SABANAGRANDE,2022,9,36,1,1.0,0.0,0.0,0.0,0.0,0.0,0.0,0.0,0.0,0.0,0.0,0.0,1.0,1.0,0.0,0.0,1.0,0.0,1.0,0.0,1.0,0.0,0.0,0.0,1.0,0.0,1.0,0.0,0.0,0.0,0.0,1.0,27.66374468122212,93.4030271257673,10.057142751557487,23.95,99.93,0.574154076286911,1.54405300391256
SABANAGRANDE,2022,10,40,1,1.0,0.0,0.0,0.0,0.0,0.0,0.0,0.0,0.0,0.0,0.0,0.0,1.0,1.0,0.0,0.0,1.0,0.0,1.0,1.0,0.0,0.0,0.0,0.0,1.0,0.0,1.0,0.0,0.0,1.0,0.0,0.0,27.1477251325335,92.7047587803432,14.874285527638026,23.95,99.93,0.574154076286911,1.54405300391256
SABANAGRANDE,2022,11,41,1,0.0,1.0,0.0,0.0,0.0,0.0,0.0,0.0,0.0,0.0,0.0,0.0,1.0,1.0,0.0,1.0,0.0,0.0,1.0,1.0,0.0,0.0,0.0,0.0,1.0,0.0,1.0,0.0,0.0,0.0,0.0,1.0,27.07664969308038,93.5507093157087,11.548571280070714,23.95,99.93,0.574154076286911,1.54405300391256
SABANAGRANDE,2022,11,42,2,0.0,0.5,0.0,0.0,0.0,0.0,0.5,0.5,0.0,0.0,0.0,0.0,0.5,1.0,0.0,0.0,1.0,0.0,1.0,0.5,0.5,0.0,0.0,0.0,1.0,0.0,1.0,0.0,0.0,0.0,0.0,1.0,27.1934034075056,93.54302542550224,13.63571446282523,23.95,99.93,0.574154076286911,1.54405300391256
SABANAGRANDE,2022,11,43,1,0.0,0.0,0.0,0.0,1.0,0.0,0.0,0.0,0.0,0.0,0.0,0.0,1.0,1.0,0.0,0.0,1.0,0.0,1.0,0.0,1.0,0.0,0.0,0.0,1.0,0.0,1.0,0.0,0.0,0.0,0.0,1.0,26.870015171596,93.17455400739398,8.968571577753341,23.95,99.93,0.574154076286911,1.54405300391256
SABANAGRANDE,2022,12,45,1,1.0,0.0,0.0,0.0,0.0,0.0,0.0,0.0,0.0,0.0,0.0,0.0,1.0,1.0,0.0,0.0,1.0,0.0,1.0,0.0,1.0,0.0,0.0,0.0,1.0,0.0,1.0,0.0,0.0,0.0,0.0,1.0,25.678356061662964,93.92584882463728,13.449999945504326,23.95,99.93,0.574154076286911,1.54405300391256
SABANAGRANDE,2022,12,46,1,0.0,1.0,0.0,0.0,0.0,0.0,0.0,0.0,0.0,0.0,0.0,0.0,1.0,1.0,0.0,0.0,1.0,0.0,1.0,1.0,0.0,0.0,0.0,0.0,1.0,0.0,1.0,0.0,0.0,0.0,0.0,1.0,26.49846801757814,93.99563707624164,19.80571416446141,23.95,99.93,0.574154076286911,1.54405300391256
SABANAGRANDE,2022,12,47,1,0.0,1.0,0.0,0.0,0.0,0.0,0.0,1.0,0.0,0.0,0.0,0.0,0.0,1.0,0.0,0.0,1.0,0.0,1.0,0.0,1.0,0.0,0.0,0.0,1.0,0.0,1.0,0.0,0.0,0.0,0.0,1.0,27.033981759207613,92.85586874825614,6.917142833982195,23.95,99.93,0.574154076286911,1.54405300391256
SABANAGRANDE,2023,1,1,1,1.0,0.0,0.0,0.0,0.0,0.0,0.0,1.0,0.0,0.0,0.0,0.0,0.0,1.0,0.0,0.0,1.0,0.0,1.0,0.0,1.0,0.0,0.0,0.0,1.0,0.0,0.0,1.0,0.0,1.0,0.0,0.0,27.28417794363841,91.4015132359096,2.492857141154153,23.82,99.51,0.574154076286911,1.54405300391256
SABANAGRANDE,2023,3,9,1,0.0,1.0,0.0,0.0,0.0,0.0,0.0,1.0,0.0,0.0,0.0,0.0,0.0,1.0,0.0,0.0,1.0,0.0,1.0,0.0,1.0,0.0,0.0,0.0,1.0,0.0,1.0,0.0,0.0,1.0,0.0,0.0,27.72588936941966,84.97054835728237,0.0,23.82,99.51,0.574154076286911,1.54405300391256
SABANAGRANDE,2023,3,10,1,0.0,0.0,0.0,0.0,0.0,0.0,1.0,1.0,0.0,0.0,0.0,0.0,0.0,1.0,0.0,0.0,1.0,0.0,1.0,0.0,1.0,0.0,0.0,0.0,1.0,0.0,0.0,1.0,0.0,1.0,0.0,0.0,27.54670104980471,86.13357761928013,1.565714297550065,23.82,99.51,0.574154076286911,1.54405300391256
SABANAGRANDE,2023,4,13,1,0.0,0.0,0.0,0.0,0.0,0.0,1.0,0.0,0.0,0.0,0.0,0.0,1.0,1.0,0.0,1.0,0.0,0.0,1.0,0.0,1.0,0.0,0.0,0.0,1.0,0.0,1.0,0.0,0.0,0.0,0.0,1.0,28.54662475585939,81.4662366594587,4.154285714030266,23.82,99.51,0.574154076286911,1.54405300391256
SABANAGRANDE,2023,7,25,1,0.0,0.0,0.0,0.0,1.0,0.0,0.0,0.0,0.0,0.0,0.0,0.0,1.0,1.0,0.0,0.0,1.0,0.0,1.0,0.0,1.0,0.0,0.0,0.0,1.0,0.0,1.0,0.0,0.0,0.0,0.0,1.0,29.402891322544665,89.49023546491351,9.025714290993552,23.82,99.51,0.574154076286911,1.54405300391256
SABANAGRANDE,2023,10,38,1,0.0,1.0,0.0,0.0,0.0,0.0,0.0,1.0,0.0,0.0,0.0,0.0,0.0,1.0,0.0,0.0,1.0,0.0,1.0,1.0,0.0,0.0,0.0,0.0,1.0,0.0,1.0,0.0,0.0,1.0,0.0,0.0,28.566918945312523,92.14358629499164,8.404285737446376,23.82,99.51,0.574154076286911,1.54405300391256
SABANAGRANDE,2023,13,49,1,0.0,0.0,0.0,0.0,0.0,0.0,1.0,1.0,0.0,0.0,0.0,0.0,0.0,1.0,0.0,0.0,1.0,0.0,1.0,0.0,1.0,0.0,0.0,0.0,1.0,0.0,1.0,0.0,0.0,0.0,0.0,1.0,28.102445765904037,88.73319680350167,4.857142857142857,23.82,99.51,0.574154076286911,1.54405300391256
SABANALARGA,2017,2,6,1,1.0,0.0,0.0,0.0,0.0,0.0,0.0,0.0,0.0,0.0,0.0,0.0,1.0,1.0,0.0,1.0,0.0,0.0,1.0,1.0,0.0,1.0,0.0,0.0,0.0,0.0,1.0,0.0,0.0,0.0,0.0,1.0,28.07053527832033,84.69328308105469,0.8107142874172756,23.54,98.42,0.705266525333551,8.32490008654472
SABANALARGA,2017,2,8,1,0.0,1.0,0.0,0.0,0.0,0.0,0.0,1.0,0.0,0.0,0.0,0.0,0.0,1.0,0.0,1.0,0.0,0.0,1.0,0.0,1.0,1.0,0.0,0.0,0.0,0.0,1.0,0.0,0.0,1.0,0.0,0.0,27.55264543805805,88.68554578508649,2.4285714285714284,23.54,98.42,0.705266525333551,8.32490008654472
SABANALARGA,2017,4,16,1,0.0,0.0,1.0,0.0,0.0,0.0,0.0,0.0,0.0,0.0,0.0,0.0,1.0,1.0,0.0,0.0,1.0,0.0,1.0,1.0,0.0,1.0,0.0,0.0,0.0,0.0,1.0,0.0,0.0,0.0,0.0,1.0,28.390019444056943,88.9660404750279,9.4328567641122,23.54,98.42,0.705266525333551,8.32490008654472
SABANALARGA,2017,5,19,1,0.0,0.0,0.0,0.0,1.0,0.0,0.0,0.0,0.0,0.0,0.0,0.0,1.0,1.0,0.0,0.0,1.0,0.0,1.0,0.0,1.0,1.0,0.0,0.0,0.0,0.0,0.0,1.0,0.0,0.0,0.0,1.0,27.12962820870538,91.28644452776228,18.842857020241876,23.54,98.42,0.705266525333551,8.32490008654472
SABANALARGA,2017,5,20,1,0.0,1.0,0.0,0.0,0.0,0.0,0.0,0.0,0.0,0.0,0.0,0.0,1.0,1.0,0.0,0.0,1.0,0.0,1.0,1.0,0.0,1.0,0.0,0.0,0.0,0.0,1.0,0.0,0.0,0.0,0.0,1.0,28.00549577985493,90.76720864432198,7.877142812524523,23.54,98.42,0.705266525333551,8.32490008654472
SABANALARGA,2017,6,22,1,0.0,0.0,0.0,0.0,1.0,0.0,0.0,1.0,0.0,0.0,0.0,0.0,0.0,1.0,0.0,0.0,1.0,0.0,1.0,0.0,1.0,1.0,0.0,0.0,0.0,0.0,1.0,0.0,0.0,0.0,0.0,1.0,28.24714704241073,89.85857173374721,4.544999914509909,23.54,98.42,0.705266525333551,8.32490008654472
SABANALARGA,2017,7,25,1,0.0,1.0,0.0,0.0,0.0,0.0,0.0,0.0,0.0,0.0,0.0,0.0,1.0,1.0,0.0,1.0,0.0,0.0,1.0,1.0,0.0,1.0,0.0,0.0,0.0,0.0,0.0,1.0,0.0,0.0,0.0,1.0,27.585048566545776,91.303706577846,9.121428847312927,23.54,98.42,0.705266525333551,8.32490008654472
SABANALARGA,2017,7,28,1,0.0,0.0,1.0,0.0,0.0,0.0,0.0,0.0,0.0,0.0,0.0,0.0,1.0,1.0,0.0,0.0,1.0,0.0,1.0,0.0,1.0,1.0,0.0,0.0,0.0,0.0,1.0,0.0,0.0,0.0,0.0,1.0,27.32882298060828,91.9321049281529,8.653571563107628,23.54,98.42,0.705266525333551,8.32490008654472
SABANALARGA,2017,11,42,1,0.0,1.0,0.0,0.0,0.0,0.0,0.0,1.0,0.0,0.0,0.0,0.0,0.0,1.0,0.0,1.0,0.0,0.0,1.0,0.0,1.0,1.0,0.0,0.0,0.0,0.0,1.0,0.0,0.0,0.0,0.0,1.0,28.055163138253363,93.8512976510184,13.027857167380196,23.54,98.42,0.705266525333551,8.32490008654472
SABANALARGA,2017,12,47,1,0.0,1.0,0.0,0.0,0.0,0.0,0.0,1.0,0.0,0.0,0.0,0.0,0.0,1.0,0.0,1.0,0.0,0.0,1.0,1.0,0.0,1.0,0.0,0.0,0.0,0.0,1.0,0.0,0.0,0.0,0.0,1.0,26.63387887137279,94.4958724975586,5.600714121546064,23.54,98.42,0.705266525333551,8.32490008654472
SABANALARGA,2018,1,4,1,0.0,0.0,0.0,0.0,0.0,0.0,1.0,1.0,0.0,0.0,0.0,0.0,0.0,1.0,0.0,1.0,0.0,0.0,1.0,1.0,0.0,1.0,0.0,0.0,0.0,0.0,1.0,0.0,0.0,0.0,0.0,1.0,28.06335710797993,87.17521122523716,0.0007142856983201,23.68,98.93,0.705266525333551,8.32490008654472
SABANALARGA,2018,2,8,1,0.0,1.0,0.0,0.0,0.0,0.0,0.0,1.0,0.0,0.0,0.0,0.0,0.0,1.0,0.0,0.0,1.0,0.0,1.0,0.0,1.0,1.0,0.0,0.0,0.0,0.0,1.0,0.0,0.0,0.0,0.0,1.0,27.355251203264533,83.25992584228516,0.0564285724290779,23.68,98.93,0.705266525333551,8.32490008654472
SABANALARGA,2018,3,9,1,0.0,1.0,0.0,0.0,0.0,0.0,0.0,1.0,0.0,0.0,0.0,0.0,0.0,1.0,0.0,0.0,1.0,0.0,1.0,1.0,0.0,1.0,0.0,0.0,0.0,0.0,1.0,0.0,0.0,0.0,0.0,1.0,26.88103637695314,87.50047520228794,0.0264285716361232,23.68,98.93,0.705266525333551,8.32490008654472
SABANALARGA,2018,3,11,1,0.0,0.0,0.0,0.0,0.0,0.0,1.0,0.0,0.0,0.0,0.0,0.0,1.0,1.0,0.0,0.0,1.0,0.0,1.0,0.0,1.0,1.0,0.0,0.0,0.0,0.0,1.0,0.0,0.0,0.0,0.0,1.0,28.58028564453127,87.72690909249442,0.7792857385107449,23.68,98.93,0.705266525333551,8.32490008654472
SABANALARGA,2018,5,20,1,0.0,1.0,0.0,0.0,0.0,0.0,0.0,0.0,0.0,0.0,0.0,0.0,1.0,1.0,0.0,0.0,1.0,0.0,1.0,0.0,1.0,1.0,0.0,0.0,0.0,0.0,1.0,0.0,0.0,0.0,0.0,1.0,27.18976091657368,91.14300755092076,8.225000040871757,23.68,98.93,0.705266525333551,8.32490008654472
SABANALARGA,2018,6,22,2,0.0,0.5,0.0,0.0,0.5,0.0,0.0,0.5,0.0,0.0,0.0,0.0,0.5,1.0,0.0,0.0,1.0,0.0,1.0,0.0,1.0,1.0,0.0,0.0,0.0,0.0,1.0,0.0,0.0,0.0,0.0,1.0,27.74866202218194,91.37958199637276,7.342857369354793,23.68,98.93,0.705266525333551,8.32490008654472
SABANALARGA,2018,6,24,1,0.0,0.0,0.0,0.0,1.0,0.0,0.0,0.0,0.0,0.0,0.0,0.0,1.0,1.0,0.0,0.0,1.0,0.0,1.0,1.0,0.0,1.0,0.0,0.0,0.0,0.0,1.0,0.0,0.0,0.0,0.0,1.0,27.72145124162948,91.73045022147042,7.1778570009129385,23.68,98.93,0.705266525333551,8.32490008654472
SABANALARGA,2018,7,26,1,0.0,1.0,0.0,0.0,0.0,0.0,0.0,0.0,0.0,0.0,0.0,0.0,1.0,1.0,0.0,0.0,1.0,0.0,1.0,1.0,0.0,1.0,0.0,0.0,0.0,0.0,1.0,0.0,0.0,0.0,0.0,1.0,27.420859636579262,91.6968231201172,4.359999826976231,23.68,98.93,0.705266525333551,8.32490008654472
SABANALARGA,2018,7,28,1,0.0,0.0,0.0,0.0,1.0,0.0,0.0,1.0,0.0,0.0,0.0,0.0,0.0,1.0,0.0,0.0,1.0,0.0,1.0,1.0,0.0,1.0,0.0,0.0,0.0,0.0,1.0,0.0,0.0,0.0,0.0,1.0,28.571311296735512,88.17053658621651,1.1421428578240531,23.68,98.93,0.705266525333551,8.32490008654472
SABANALARGA,2018,8,29,1,0.0,0.0,0.0,0.0,1.0,0.0,0.0,0.0,0.0,0.0,1.0,0.0,0.0,1.0,0.0,0.0,1.0,0.0,1.0,0.0,1.0,1.0,0.0,0.0,0.0,0.0,1.0,0.0,0.0,0.0,0.0,1.0,28.812472098214304,87.65876007080078,1.2678571109260832,23.68,98.93,0.705266525333551,8.32490008654472
SABANALARGA,2018,8,30,3,0.6666666666666666,0.0,0.0,0.0,0.0,0.0,0.3333333333333333,0.3333333333333333,0.0,0.0,0.0,0.0,0.6666666666666666,1.0,0.0,0.3333333333333333,0.6666666666666666,0.0,1.0,0.6666666666666666,0.3333333333333333,1.0,0.0,0.0,0.0,0.0,1.0,0.0,0.0,0.3333333333333333,0.0,0.6666666666666666,27.48272312709265,91.87851933070591,7.819999967302595,23.68,98.93,0.705266525333551,8.32490008654472
SABANALARGA,2018,8,32,4,0.5,0.0,0.0,0.0,0.5,0.0,0.0,0.25,0.0,0.0,0.0,0.0,0.75,1.0,0.0,0.0,1.0,0.0,1.0,0.5,0.5,1.0,0.0,0.0,0.0,0.0,1.0,0.0,0.0,0.25,0.0,0.75,28.601541137695328,89.2081789289202,0.2414285631052085,23.68,98.93,0.705266525333551,8.32490008654472
SABANALARGA,2018,9,33,1,1.0,0.0,0.0,0.0,0.0,0.0,0.0,1.0,0.0,0.0,0.0,0.0,0.0,1.0,0.0,0.0,1.0,0.0,1.0,0.0,1.0,1.0,0.0,0.0,0.0,0.0,1.0,0.0,0.0,1.0,0.0,0.0,27.60634765625002,89.89151436941964,5.109285797391619,23.68,98.93,0.705266525333551,8.32490008654472
SABANALARGA,2018,9,34,2,0.5,0.0,0.0,0.0,0.5,0.0,0.0,0.0,0.0,0.0,0.0,0.0,1.0,1.0,0.0,1.0,0.0,0.0,1.0,1.0,0.0,1.0,0.0,0.0,0.0,0.0,1.0,0.0,0.0,0.0,0.0,1.0,28.311800711495557,90.43519810267856,2.3578571251460483,23.68,98.93,0.705266525333551,8.32490008654472
SABANALARGA,2018,9,35,2,1.0,0.0,0.0,0.0,0.0,0.0,0.0,0.5,0.0,0.0,0.0,0.0,0.5,1.0,0.0,0.5,0.5,0.0,1.0,0.5,0.5,1.0,0.0,0.0,0.0,0.0,1.0,0.0,0.0,0.0,0.0,1.0,28.024002511160734,92.55071149553572,5.137857164655413,23.68,98.93,0.705266525333551,8.32490008654472
SABANALARGA,2018,9,36,2,0.0,0.5,0.0,0.0,0.5,0.0,0.0,0.5,0.0,0.0,0.0,0.0,0.5,1.0,0.0,0.0,1.0,0.0,1.0,1.0,0.0,1.0,0.0,0.0,0.0,0.0,1.0,0.0,0.0,0.0,0.0,1.0,27.363126918247787,93.1917746407645,10.405714409691948,23.68,98.93,0.705266525333551,8.32490008654472
SABANALARGA,2018,10,37,2,0.5,0.5,0.0,0.0,0.0,0.0,0.0,0.5,0.0,0.0,0.0,0.0,0.5,1.0,0.0,0.0,1.0,0.0,1.0,0.0,1.0,1.0,0.0,0.0,0.0,0.0,1.0,0.0,0.0,0.0,0.0,1.0,27.25720476422993,93.25449698311942,8.856428486960274,23.68,98.93,0.705266525333551,8.32490008654472
SABANALARGA,2018,10,38,4,0.0,0.5,0.0,0.0,0.25,0.0,0.25,0.0,0.25,0.0,0.0,0.0,0.75,1.0,0.0,0.25,0.75,0.0,1.0,0.5,0.5,1.0,0.0,0.0,0.0,0.0,1.0,0.0,0.0,0.25,0.0,0.75,27.7488712855748,93.65718732561383,7.43428572160857,23.68,98.93,0.705266525333551,8.32490008654472
SABANALARGA,2018,10,39,1,1.0,0.0,0.0,0.0,0.0,0.0,0.0,1.0,0.0,0.0,0.0,0.0,0.0,1.0,0.0,0.0,1.0,0.0,1.0,0.0,1.0,1.0,0.0,0.0,0.0,0.0,1.0,0.0,0.0,0.0,0.0,1.0,27.150471714564752,93.9701897757394,10.658571652003696,23.68,98.93,0.705266525333551,8.32490008654472
SABANALARGA,2018,10,40,3,0.0,0.3333333333333333,0.0,0.0,0.3333333333333333,0.0,0.3333333333333333,0.0,0.0,0.0,0.0,0.0,1.0,1.0,0.0,0.0,1.0,0.0,1.0,0.3333333333333333,0.6666666666666666,1.0,0.0,0.0,0.0,0.0,0.6666666666666666,0.3333333333333333,0.0,0.0,0.0,1.0,26.597203281947564,93.67130824497768,12.55499962397984,23.68,98.93,0.705266525333551,8.32490008654472
SABANALARGA,2018,11,41,1,1.0,0.0,0.0,0.0,0.0,0.0,0.0,0.0,0.0,0.0,0.0,0.0,1.0,1.0,0.0,0.0,1.0,0.0,1.0,1.0,0.0,1.0,0.0,0.0,0.0,0.0,1.0,0.0,0.0,0.0,0.0,1.0,26.49113289969309,92.76657976422992,7.002857335976192,23.68,98.93,0.705266525333551,8.32490008654472
SABANALARGA,2018,11,42,4,0.25,0.0,0.0,0.0,0.5,0.0,0.25,0.5,0.0,0.0,0.0,0.0,0.5,1.0,0.0,0.25,0.75,0.0,1.0,0.75,0.25,1.0,0.0,0.0,0.0,0.0,1.0,0.0,0.0,0.0,0.0,1.0,26.90097743443082,93.2564228602818,7.046428520764623,23.68,98.93,0.705266525333551,8.32490008654472
SABANALARGA,2018,11,43,6,0.3333333333333333,0.0,0.0,0.0,0.1666666666666666,0.0,0.5,0.1666666666666666,0.0,0.0,0.0,0.1666666666666666,0.6666666666666666,1.0,0.0,0.3333333333333333,0.6666666666666666,0.0,1.0,0.6666666666666666,0.3333333333333333,1.0,0.0,0.0,0.0,0.0,0.8333333333333334,0.1666666666666666,0.0,0.0,0.0,1.0,27.17087707519533,93.4237311226981,5.837142705917358,23.68,98.93,0.705266525333551,8.32490008654472
SABANALARGA,2018,11,44,4,0.5,0.25,0.0,0.0,0.25,0.0,0.0,0.25,0.0,0.0,0.0,0.0,0.75,1.0,0.0,0.75,0.25,0.0,1.0,1.0,0.0,1.0,0.0,0.0,0.0,0.0,1.0,0.0,0.0,0.0,0.0,1.0,27.028601946149568,92.87139674595424,8.017142849309105,23.68,98.93,0.705266525333551,8.32490008654472
SABANALARGA,2018,12,45,4,0.5,0.25,0.0,0.0,0.0,0.0,0.25,0.25,0.0,0.0,0.0,0.0,0.75,1.0,0.0,0.75,0.25,0.0,1.0,0.5,0.5,1.0,0.0,0.0,0.0,0.0,1.0,0.0,0.0,0.0,0.0,1.0,27.22466866629465,92.67851148332868,2.91785710730723,23.68,98.93,0.705266525333551,8.32490008654472
SABANALARGA,2018,12,46,5,0.4,0.4,0.0,0.0,0.2,0.0,0.0,0.2,0.0,0.0,0.2,0.0,0.6,0.8,0.2,0.6,0.4,0.0,1.0,0.8,0.2,1.0,0.0,0.0,0.0,0.0,1.0,0.0,0.0,0.0,0.0,1.0,27.55152064732145,92.93074907575335,5.617857128381729,23.68,98.93,0.705266525333551,8.32490008654472
SABANALARGA,2018,12,47,6,0.3333333333333333,0.3333333333333333,0.0,0.0,0.1666666666666666,0.0,0.1666666666666666,0.5,0.0,0.0,0.0,0.0,0.5,1.0,0.0,0.3333333333333333,0.6666666666666666,0.0,1.0,0.5,0.5,1.0,0.0,0.0,0.0,0.0,1.0,0.0,0.0,0.0,0.0,1.0,27.2506086077009,93.16298021589007,3.244285728250231,23.68,98.93,0.705266525333551,8.32490008654472
SABANALARGA,2018,12,48,6,0.5,0.0,0.0,0.0,0.3333333333333333,0.0,0.1666666666666666,0.3333333333333333,0.0,0.0,0.0,0.0,0.6666666666666666,1.0,0.0,0.3333333333333333,0.6666666666666666,0.0,1.0,0.3333333333333333,0.6666666666666666,1.0,0.0,0.0,0.0,0.0,1.0,0.0,0.0,0.5,0.0,0.5,27.091457257952023,92.89453016008648,2.518571412190795,23.68,98.93,0.705266525333551,8.32490008654472
SABANALARGA,2018,13,49,7,0.2857142857142857,0.0,0.0,0.0,0.4285714285714285,0.1428571428571428,0.1428571428571428,0.1428571428571428,0.0,0.0,0.0,0.1428571428571428,0.7142857142857143,1.0,0.0,0.2857142857142857,0.7142857142857143,0.0,1.0,0.7142857142857143,0.2857142857142857,1.0,0.0,0.0,0.0,0.0,1.0,0.0,0.0,0.1428571428571428,0.0,0.8571428571428571,27.05708792550225,91.87312861851284,0.0621428582817315,23.68,98.93,0.705266525333551,8.32490008654472
SABANALARGA,2018,13,50,10,0.3,0.0,0.1,0.0,0.4,0.0,0.2,0.7,0.0,0.0,0.0,0.0,0.3,1.0,0.0,0.1,0.9,0.0,1.0,0.6,0.4,1.0,0.0,0.0,0.0,0.0,0.9,0.1,0.0,0.1,0.0,0.9,27.630909946986627,89.99014827183315,0.0871428517358643,23.68,98.93,0.705266525333551,8.32490008654472
SABANALARGA,2018,13,51,8,0.875,0.125,0.0,0.0,0.0,0.0,0.0,0.125,0.0,0.0,0.125,0.0,0.75,1.0,0.0,0.25,0.75,0.0,1.0,0.25,0.75,1.0,0.0,0.0,0.0,0.0,0.75,0.25,0.0,0.125,0.0,0.875,27.436155482700894,91.08771514892578,0.1364285733018602,23.68,98.93,0.705266525333551,8.32490008654472
SABANALARGA,2018,13,52,3,0.6666666666666666,0.0,0.0,0.0,0.0,0.0,0.3333333333333333,0.0,0.0,0.0,0.0,0.0,1.0,1.0,0.0,0.0,1.0,0.0,1.0,0.6666666666666666,0.3333333333333333,1.0,0.0,0.0,0.0,0.0,1.0,0.0,0.0,0.3333333333333333,0.0,0.6666666666666666,27.549600219726575,84.62796892438617,0.0,23.68,98.93,0.705266525333551,8.32490008654472
SABANALARGA,2019,1,1,6,0.1666666666666666,0.1666666666666666,0.0,0.0,0.5,0.0,0.1666666666666666,0.5,0.0,0.0,0.0,0.0,0.5,1.0,0.0,0.1666666666666666,0.8333333333333334,0.0,1.0,0.3333333333333333,0.6666666666666666,1.0,0.0,0.0,0.0,0.0,0.8333333333333334,0.1666666666666666,0.0,0.8333333333333334,0.0,0.1666666666666666,27.28259320940292,87.19920894077846,2.7142857142857144,23.52,98.36,0.705266525333551,8.32490008654472
SABANALARGA,2019,1,2,6,0.1666666666666666,0.0,0.0,0.0,0.5,0.0,0.3333333333333333,0.3333333333333333,0.0,0.0,0.0,0.0,0.6666666666666666,0.8333333333333334,0.1666666666666666,0.1666666666666666,0.8333333333333334,0.0,1.0,1.0,0.0,1.0,0.0,0.0,0.0,0.0,0.3333333333333333,0.6666666666666666,0.0,0.3333333333333333,0.0,0.6666666666666666,27.0188406808036,89.82707759312221,7.39785727432796,23.52,98.36,0.705266525333551,8.32490008654472
SABANALARGA,2019,1,3,13,0.3846153846153846,0.0,0.0,0.0,0.4615384615384615,0.0,0.1538461538461538,0.2307692307692307,0.0,0.0,0.0,0.0,0.7692307692307693,1.0,0.0,0.2307692307692307,0.7692307692307693,0.0,1.0,0.5384615384615384,0.4615384615384615,1.0,0.0,0.0,0.0,0.0,0.6923076923076923,0.3076923076923077,0.0,0.1538461538461538,0.0,0.8461538461538461,27.3319771902902,87.52371433803013,0.7142857142857143,23.52,98.36,0.705266525333551,8.32490008654472
SABANALARGA,2019,1,4,5,0.4,0.0,0.0,0.0,0.4,0.0,0.2,0.2,0.0,0.0,0.2,0.0,0.6,1.0,0.0,0.4,0.6,0.0,1.0,0.4,0.6,1.0,0.0,0.0,0.0,0.0,1.0,0.0,0.0,0.2,0.0,0.8,28.03258013044087,86.9813254220145,6.714285714285714,23.52,98.36,0.705266525333551,8.32490008654472
SABANALARGA,2019,2,5,8,0.25,0.25,0.0,0.0,0.25,0.0,0.25,0.25,0.0,0.0,0.125,0.0,0.625,1.0,0.0,0.25,0.75,0.0,1.0,0.625,0.375,1.0,0.0,0.0,0.0,0.0,0.625,0.375,0.0,0.0,0.0,1.0,27.664341953822564,87.29217093331474,1.5714285714285714,23.52,98.36,0.705266525333551,8.32490008654472
SABANALARGA,2019,2,6,3,0.6666666666666666,0.0,0.0,0.0,0.3333333333333333,0.0,0.0,0.0,0.0,0.0,0.0,0.0,1.0,1.0,0.0,0.0,1.0,0.0,1.0,0.6666666666666666,0.3333333333333333,1.0,0.0,0.0,0.0,0.0,0.3333333333333333,0.6666666666666666,0.0,0.0,0.0,1.0,27.85300816127233,84.0892584664481,0.0,23.52,98.36,0.705266525333551,8.32490008654472
SABANALARGA,2019,2,7,3,0.3333333333333333,0.0,0.0,0.0,0.6666666666666666,0.0,0.0,0.0,0.0,0.0,0.0,0.0,1.0,1.0,0.0,0.0,1.0,0.0,1.0,0.6666666666666666,0.3333333333333333,1.0,0.0,0.0,0.0,0.0,0.6666666666666666,0.3333333333333333,0.0,0.0,0.0,1.0,28.34040440150672,88.03168269566127,3.602857138429369,23.52,98.36,0.705266525333551,8.32490008654472
SABANALARGA,2019,2,8,5,0.6,0.2,0.0,0.0,0.0,0.0,0.2,0.2,0.0,0.0,0.0,0.0,0.8,1.0,0.0,0.0,1.0,0.0,1.0,0.6,0.4,1.0,0.0,0.0,0.0,0.0,0.6,0.4,0.0,0.0,0.0,1.0,28.37104840959824,83.76725769042969,6.447142941611154,23.52,98.36,0.705266525333551,8.32490008654472
SABANALARGA,2019,3,9,1,1.0,0.0,0.0,0.0,0.0,0.0,0.0,0.0,0.0,0.0,0.0,0.0,1.0,1.0,0.0,0.0,1.0,0.0,1.0,0.0,1.0,1.0,0.0,0.0,0.0,0.0,0.0,1.0,0.0,0.0,0.0,1.0,28.271260288783505,85.1725583757673,1.6421428344079427,23.52,98.36,0.705266525333551,8.32490008654472
SABANALARGA,2019,3,10,1,1.0,0.0,0.0,0.0,0.0,0.0,0.0,0.0,0.0,0.0,0.0,0.0,1.0,1.0,0.0,0.0,1.0,0.0,1.0,1.0,0.0,1.0,0.0,0.0,0.0,0.0,0.0,1.0,0.0,0.0,0.0,1.0,27.87786472865516,85.24360983712333,0.4464285716946636,23.52,98.36,0.705266525333551,8.32490008654472
SABANALARGA,2019,3,11,3,0.0,0.0,0.0,0.0,0.6666666666666666,0.0,0.3333333333333333,0.0,0.0,0.0,0.0,0.0,1.0,1.0,0.0,0.0,1.0,0.0,1.0,0.0,1.0,1.0,0.0,0.0,0.0,0.0,0.3333333333333333,0.6666666666666666,0.0,0.3333333333333333,0.0,0.6666666666666666,28.236856079101585,84.14303588867188,1.2857142857142858,23.52,98.36,0.705266525333551,8.32490008654472
SABANALARGA,2019,3,12,2,0.5,0.5,0.0,0.0,0.0,0.0,0.0,0.5,0.0,0.0,0.5,0.0,0.0,1.0,0.0,0.5,0.5,0.0,1.0,0.0,1.0,1.0,0.0,0.0,0.0,0.0,1.0,0.0,0.0,0.5,0.0,0.5,28.043773542131703,86.93198721749442,3.2971428675310954,23.52,98.36,0.705266525333551,8.32490008654472
SABANALARGA,2019,4,13,3,0.6666666666666666,0.0,0.0,0.0,0.3333333333333333,0.0,0.0,0.0,0.0,0.0,0.0,0.0,1.0,1.0,0.0,0.3333333333333333,0.6666666666666666,0.0,1.0,1.0,0.0,1.0,0.0,0.0,0.0,0.0,0.0,1.0,0.0,0.0,0.0,1.0,28.237638636997787,86.70060620989118,1.8021428723420416,23.52,98.36,0.705266525333551,8.32490008654472
SABANALARGA,2019,4,14,3,0.6666666666666666,0.0,0.0,0.0,0.0,0.0,0.3333333333333333,0.0,0.0,0.0,0.0,0.0,1.0,1.0,0.0,0.0,1.0,0.0,1.0,0.6666666666666666,0.3333333333333333,1.0,0.0,0.0,0.0,0.0,0.3333333333333333,0.6666666666666666,0.0,0.0,0.0,1.0,28.784088570731047,84.71737016950335,2.551428577729634,23.52,98.36,0.705266525333551,8.32490008654472
SABANALARGA,2019,4,15,2,0.5,0.0,0.0,0.0,0.5,0.0,0.0,0.0,0.0,0.0,0.0,0.0,1.0,1.0,0.0,0.5,0.5,0.0,1.0,0.5,0.5,1.0,0.0,0.0,0.0,0.0,0.5,0.5,0.0,0.0,0.0,1.0,28.579806082589304,87.48580278669085,3.627857195479529,23.52,98.36,0.705266525333551,8.32490008654472
SABANALARGA,2019,4,16,2,1.0,0.0,0.0,0.0,0.0,0.0,0.0,0.0,0.0,0.0,0.0,0.0,1.0,1.0,0.0,0.0,1.0,0.0,1.0,1.0,0.0,1.0,0.0,0.0,0.0,0.0,0.5,0.5,0.0,0.5,0.0,0.5,28.482389613560287,85.7604740687779,5.691428393125534,23.52,98.36,0.705266525333551,8.32490008654472
SABANALARGA,2019,5,17,8,0.5,0.0,0.0,0.0,0.25,0.125,0.125,0.25,0.0,0.0,0.0,0.0,0.75,1.0,0.0,0.25,0.75,0.0,1.0,0.75,0.25,1.0,0.0,0.0,0.0,0.0,0.5,0.5,0.0,0.25,0.0,0.75,28.58510524204801,86.22792707170758,3.81214286240616,23.52,98.36,0.705266525333551,8.32490008654472
SABANALARGA,2019,5,18,5,0.4,0.0,0.0,0.0,0.4,0.0,0.2,0.0,0.0,0.0,0.0,0.0,1.0,1.0,0.0,0.2,0.8,0.0,1.0,0.6,0.4,1.0,0.0,0.0,0.0,0.0,0.4,0.6,0.0,0.4,0.0,0.6,30.02609078543529,83.54367065429688,1.4057142904826574,23.52,98.36,0.705266525333551,8.32490008654472
SABANALARGA,2019,5,19,3,0.3333333333333333,0.0,0.3333333333333333,0.0,0.0,0.0,0.3333333333333333,0.0,0.0,0.0,0.0,0.0,1.0,1.0,0.0,0.3333333333333333,0.6666666666666666,0.0,1.0,1.0,0.0,1.0,0.0,0.0,0.0,0.0,0.3333333333333333,0.6666666666666666,0.0,0.3333333333333333,0.0,0.6666666666666666,28.1930611746652,88.67300524030414,13.12499965940203,23.52,98.36,0.705266525333551,8.32490008654472
SABANALARGA,2019,5,20,2,0.5,0.0,0.0,0.0,0.0,0.0,0.5,0.0,0.0,0.0,0.0,0.0,1.0,1.0,0.0,0.0,1.0,0.0,1.0,1.0,0.0,1.0,0.0,0.0,0.0,0.0,0.5,0.0,0.5,0.5,0.0,0.5,27.73353838239399,90.47718484061105,10.334999901907784,23.52,98.36,0.705266525333551,8.32490008654472
SABANALARGA,2019,6,21,5,0.2,0.2,0.0,0.0,0.6,0.0,0.0,0.4,0.0,0.0,0.0,0.0,0.6,1.0,0.0,0.4,0.6,0.0,1.0,0.6,0.4,1.0,0.0,0.0,0.0,0.0,0.4,0.6,0.0,0.4,0.0,0.6,27.96611720493864,90.53744615827289,7.810000027929034,23.52,98.36,0.705266525333551,8.32490008654472
SABANALARGA,2019,6,22,2,0.5,0.0,0.0,0.0,0.5,0.0,0.0,0.0,0.0,0.0,0.0,0.0,1.0,1.0,0.0,0.5,0.5,0.0,1.0,0.0,1.0,1.0,0.0,0.0,0.0,0.0,1.0,0.0,0.0,0.0,0.0,1.0,27.34912588936944,90.835697719029,11.763571415628704,23.52,98.36,0.705266525333551,8.32490008654472
SABANALARGA,2019,6,23,1,0.0,0.0,0.0,0.0,1.0,0.0,0.0,0.0,0.0,0.0,0.0,0.0,1.0,1.0,0.0,0.0,1.0,0.0,1.0,1.0,0.0,1.0,0.0,0.0,0.0,0.0,0.0,1.0,0.0,0.0,0.0,1.0,28.03283735002793,91.60719735281808,7.80499986239842,23.52,98.36,0.705266525333551,8.32490008654472
SABANALARGA,2019,6,24,7,0.4285714285714285,0.1428571428571428,0.0,0.0,0.4285714285714285,0.0,0.0,0.1428571428571428,0.0,0.0,0.0,0.0,0.8571428571428571,1.0,0.0,0.1428571428571428,0.8571428571428571,0.0,1.0,0.4285714285714285,0.5714285714285714,1.0,0.0,0.0,0.0,0.0,0.5714285714285714,0.4285714285714285,0.0,0.1428571428571428,0.0,0.8571428571428571,28.2274850027902,90.16514260428292,3.382142926965441,23.52,98.36,0.705266525333551,8.32490008654472
SABANALARGA,2019,7,25,4,0.25,0.0,0.25,0.0,0.25,0.0,0.25,0.5,0.0,0.0,0.0,0.0,0.5,1.0,0.0,0.0,1.0,0.0,1.0,0.75,0.25,1.0,0.0,0.0,0.0,0.0,1.0,0.0,0.0,0.25,0.0,0.75,28.893773106166314,88.30228206089565,6.654285733188901,23.52,98.36,0.705266525333551,8.32490008654472
SABANALARGA,2019,7,26,8,0.75,0.0,0.0,0.0,0.25,0.0,0.0,0.125,0.0,0.0,0.0,0.0,0.875,1.0,0.0,0.625,0.375,0.0,1.0,0.75,0.25,1.0,0.0,0.0,0.0,0.0,0.875,0.125,0.0,0.0,0.0,1.0,28.49382934570314,88.43556867327008,4.776428529194424,23.52,98.36,0.705266525333551,8.32490008654472
SABANALARGA,2019,7,27,12,0.5,0.0,0.0,0.0,0.25,0.0,0.25,0.4166666666666667,0.0833333333333333,0.0,0.0,0.0833333333333333,0.4166666666666667,1.0,0.0,0.5,0.5,0.0,1.0,0.6666666666666666,0.3333333333333333,1.0,0.0,0.0,0.0,0.0,0.6666666666666666,0.3333333333333333,0.0,0.0833333333333333,0.0,0.9166666666666666,28.88669956752234,87.77329799107143,2.612857191690377,23.52,98.36,0.705266525333551,8.32490008654472
SABANALARGA,2019,7,28,11,0.4545454545454545,0.0,0.0,0.0,0.4545454545454545,0.0,0.0909090909090909,0.2727272727272727,0.0,0.0,0.0,0.0,0.7272727272727273,1.0,0.0,0.2727272727272727,0.7272727272727273,0.0,1.0,0.7272727272727273,0.2727272727272727,1.0,0.0,0.0,0.0,0.0,0.6363636363636364,0.3636363636363636,0.0,0.0,0.0,1.0,28.11240539550783,88.87794276646206,5.197857103177479,23.52,98.36,0.705266525333551,8.32490008654472
SABANALARGA,2019,8,29,11,0.3636363636363636,0.0,0.0,0.0,0.6363636363636364,0.0,0.0,0.3636363636363636,0.0,0.0,0.0,0.0,0.6363636363636364,1.0,0.0,0.0909090909090909,0.9090909090909092,0.0,1.0,0.4545454545454545,0.5454545454545454,1.0,0.0,0.0,0.0,0.0,0.6363636363636364,0.3636363636363636,0.0,0.0,0.0,1.0,28.970938982282384,89.08249119349888,2.398571419529617,23.52,98.36,0.705266525333551,8.32490008654472
SABANALARGA,2019,8,30,5,0.2,0.2,0.0,0.0,0.4,0.0,0.2,0.2,0.0,0.0,0.0,0.2,0.6,1.0,0.0,0.0,1.0,0.0,1.0,0.6,0.4,1.0,0.0,0.0,0.0,0.0,0.4,0.6,0.0,0.6,0.0,0.4,27.947854614257835,90.10196031842914,7.472142917769296,23.52,98.36,0.705266525333551,8.32490008654472
SABANALARGA,2019,8,31,7,0.1428571428571428,0.0,0.0,0.0,0.2857142857142857,0.0,0.5714285714285714,0.1428571428571428,0.0,0.0,0.0,0.0,0.8571428571428571,1.0,0.0,0.5714285714285714,0.4285714285714285,0.0,1.0,0.4285714285714285,0.5714285714285714,1.0,0.0,0.0,0.0,0.0,0.8571428571428571,0.1428571428571428,0.0,0.1428571428571428,0.0,0.8571428571428571,28.635679408482165,90.74121202741352,3.6035713979176114,23.52,98.36,0.705266525333551,8.32490008654472
SABANALARGA,2019,8,32,4,0.5,0.25,0.0,0.0,0.0,0.0,0.25,0.25,0.0,0.0,0.0,0.0,0.75,1.0,0.0,0.5,0.5,0.0,1.0,0.5,0.5,1.0,0.0,0.0,0.0,0.0,1.0,0.0,0.0,0.25,0.0,0.75,28.723502458844884,90.1864482334682,5.881428533366749,23.52,98.36,0.705266525333551,8.32490008654472
SABANALARGA,2019,9,33,11,0.6363636363636364,0.0,0.0,0.0,0.0909090909090909,0.0,0.2727272727272727,0.3636363636363636,0.0,0.0,0.0,0.0909090909090909,0.5454545454545454,1.0,0.0,0.2727272727272727,0.7272727272727273,0.0,1.0,0.2727272727272727,0.7272727272727273,1.0,0.0,0.0,0.0,0.0,0.9090909090909092,0.0909090909090909,0.0,0.1818181818181818,0.0,0.8181818181818182,27.631627110072568,91.64665985107422,13.772857359477452,23.52,98.36,0.705266525333551,8.32490008654472
SABANALARGA,2019,9,34,9,0.4444444444444444,0.2222222222222222,0.0,0.0,0.2222222222222222,0.0,0.1111111111111111,0.4444444444444444,0.0,0.0,0.0,0.0,0.5555555555555556,1.0,0.0,0.6666666666666666,0.3333333333333333,0.0,1.0,0.5555555555555556,0.4444444444444444,1.0,0.0,0.0,0.0,0.0,0.6666666666666666,0.3333333333333333,0.0,0.0,0.0,1.0,28.19451511928016,93.15535409109933,4.409285698618207,23.52,98.36,0.705266525333551,8.32490008654472
SABANALARGA,2019,9,35,4,0.25,0.0,0.0,0.0,0.5,0.0,0.25,0.5,0.0,0.0,0.0,0.0,0.5,1.0,0.0,0.5,0.5,0.0,1.0,0.25,0.75,1.0,0.0,0.0,0.0,0.0,0.5,0.5,0.0,0.0,0.0,1.0,28.173896135602696,91.1501955304827,8.169999965599605,23.52,98.36,0.705266525333551,8.32490008654472
SABANALARGA,2019,9,36,4,0.25,0.5,0.0,0.0,0.0,0.0,0.25,0.25,0.0,0.0,0.0,0.0,0.75,1.0,0.0,0.75,0.25,0.0,1.0,0.75,0.25,1.0,0.0,0.0,0.0,0.0,0.5,0.5,0.0,0.0,0.0,1.0,28.14855564662389,92.8758523123605,2.585000055176871,23.52,98.36,0.705266525333551,8.32490008654472
SABANALARGA,2019,10,37,2,1.0,0.0,0.0,0.0,0.0,0.0,0.0,0.5,0.0,0.0,0.0,0.0,0.5,1.0,0.0,0.0,1.0,0.0,1.0,1.0,0.0,1.0,0.0,0.0,0.0,0.0,0.5,0.5,0.0,0.5,0.0,0.5,28.55418657575337,91.80859266008648,5.130000165530613,23.52,98.36,0.705266525333551,8.32490008654472
SABANALARGA,2019,10,38,6,0.8333333333333334,0.0,0.0,0.0,0.1666666666666666,0.0,0.0,0.1666666666666666,0.0,0.0,0.0,0.0,0.8333333333333334,1.0,0.0,0.1666666666666666,0.8333333333333334,0.0,1.0,0.3333333333333333,0.6666666666666666,1.0,0.0,0.0,0.0,0.0,0.6666666666666666,0.3333333333333333,0.0,0.0,0.0,1.0,26.547727748325908,92.93749455043248,11.58500017438616,23.52,98.36,0.705266525333551,8.32490008654472
SABANALARGA,2019,10,39,3,0.3333333333333333,0.0,0.0,0.0,0.3333333333333333,0.0,0.3333333333333333,0.6666666666666666,0.0,0.0,0.0,0.0,0.3333333333333333,1.0,0.0,0.0,1.0,0.0,1.0,0.3333333333333333,0.6666666666666666,1.0,0.0,0.0,0.0,0.0,1.0,0.0,0.0,0.0,0.0,1.0,27.178321184430825,93.9021486554827,6.616428596632821,23.52,98.36,0.705266525333551,8.32490008654472
SABANALARGA,2019,10,40,6,0.5,0.3333333333333333,0.0,0.0,0.0,0.1666666666666666,0.0,0.3333333333333333,0.0,0.0,0.1666666666666666,0.0,0.5,1.0,0.0,0.8333333333333334,0.1666666666666666,0.0,1.0,0.3333333333333333,0.6666666666666666,1.0,0.0,0.0,0.0,0.0,0.8333333333333334,0.1666666666666666,0.0,0.0,0.0,1.0,26.602461024693092,94.37599073137557,7.7878570556640625,23.52,98.36,0.705266525333551,8.32490008654472
SABANALARGA,2019,11,41,10,0.5,0.1,0.0,0.0,0.3,0.0,0.1,0.3,0.0,0.0,0.0,0.0,0.7,1.0,0.0,0.1,0.9,0.0,1.0,0.6,0.4,1.0,0.0,0.0,0.0,0.0,0.9,0.1,0.0,0.0,0.0,1.0,26.4650839669364,93.79678780691964,11.372142927987236,23.52,98.36,0.705266525333551,8.32490008654472
SABANALARGA,2019,11,42,6,0.3333333333333333,0.1666666666666666,0.0,0.0,0.3333333333333333,0.0,0.1666666666666666,0.0,0.0,0.0,0.0,0.0,1.0,1.0,0.0,0.1666666666666666,0.8333333333333334,0.0,1.0,0.6666666666666666,0.3333333333333333,1.0,0.0,0.0,0.0,0.0,1.0,0.0,0.0,0.1666666666666666,0.0,0.8333333333333334,26.53444824218752,93.7246845790318,16.21714292253767,23.52,98.36,0.705266525333551,8.32490008654472
SABANALARGA,2019,11,43,6,0.5,0.0,0.0,0.0,0.3333333333333333,0.0,0.1666666666666666,0.6666666666666666,0.0,0.0,0.0,0.0,0.3333333333333333,1.0,0.0,0.3333333333333333,0.6666666666666666,0.0,1.0,0.5,0.5,1.0,0.0,0.0,0.0,0.0,0.8333333333333334,0.1666666666666666,0.0,0.0,0.0,1.0,26.66709071568082,94.36802455357144,5.569285750389099,23.52,98.36,0.705266525333551,8.32490008654472
SABANALARGA,2019,11,44,13,0.5384615384615384,0.0769230769230769,0.0,0.0,0.3076923076923077,0.0,0.0769230769230769,0.3846153846153846,0.0,0.0769230769230769,0.0,0.0,0.5384615384615384,1.0,0.0,0.0769230769230769,0.9230769230769232,0.0,1.0,0.5384615384615384,0.4615384615384615,1.0,0.0,0.0,0.0,0.0,0.6923076923076923,0.3076923076923077,0.0,0.0769230769230769,0.0,0.9230769230769232,27.133076695033505,93.08744267054966,4.423571416309902,23.52,98.36,0.705266525333551,8.32490008654472
SABANALARGA,2019,12,45,6,0.3333333333333333,0.0,0.0,0.0,0.3333333333333333,0.0,0.3333333333333333,0.1666666666666666,0.0,0.1666666666666666,0.1666666666666666,0.0,0.5,1.0,0.0,0.5,0.5,0.0,1.0,0.6666666666666666,0.3333333333333333,1.0,0.0,0.0,0.0,0.0,0.8333333333333334,0.1666666666666666,0.0,0.1666666666666666,0.0,0.8333333333333334,27.32291782924109,92.07710593087332,10.837142935820989,23.52,98.36,0.705266525333551,8.32490008654472
SABANALARGA,2019,12,46,14,0.5714285714285714,0.0714285714285714,0.0714285714285714,0.0,0.2142857142857142,0.0,0.0714285714285714,0.2857142857142857,0.0,0.0714285714285714,0.0,0.0,0.6428571428571429,1.0,0.0,0.2857142857142857,0.7142857142857143,0.0,1.0,0.7857142857142857,0.2142857142857142,1.0,0.0,0.0,0.0,0.0,0.7857142857142857,0.2142857142857142,0.0,0.0,0.0,1.0,26.71358206612725,94.0705086844308,3.240714281797409,23.52,98.36,0.705266525333551,8.32490008654472
SABANALARGA,2019,12,47,5,0.4,0.0,0.0,0.0,0.6,0.0,0.0,0.0,0.0,0.0,0.0,0.0,1.0,0.8,0.2,0.2,0.8,0.0,1.0,0.4,0.6,1.0,0.0,0.0,0.0,0.0,1.0,0.0,0.0,0.0,0.0,1.0,27.06983773367748,93.03903634207587,11.84428574357714,23.52,98.36,0.705266525333551,8.32490008654472
SABANALARGA,2019,12,48,12,0.1666666666666666,0.3333333333333333,0.0,0.0,0.4166666666666667,0.0,0.0833333333333333,0.4166666666666667,0.0,0.0,0.0,0.0,0.5833333333333334,0.9166666666666666,0.0833333333333333,0.25,0.75,0.0,1.0,0.6666666666666666,0.3333333333333333,1.0,0.0,0.0,0.0,0.0,0.9166666666666666,0.0833333333333333,0.0,0.0,0.0,1.0,27.7542685372489,90.41192517961774,8.54285713178771,23.52,98.36,0.705266525333551,8.32490008654472
SABANALARGA,2019,13,49,9,0.2222222222222222,0.0,0.0,0.0,0.5555555555555556,0.0,0.2222222222222222,0.3333333333333333,0.0,0.0,0.0,0.0,0.6666666666666666,1.0,0.0,0.3333333333333333,0.6666666666666666,0.0,1.0,0.3333333333333333,0.6666666666666666,1.0,0.0,0.0,0.0,0.0,0.7777777777777778,0.2222222222222222,0.0,0.1111111111111111,0.0,0.8888888888888888,27.510239083426363,93.0744356427874,4.169999907059329,23.52,98.36,0.705266525333551,8.32490008654472
SABANALARGA,2019,13,50,14,0.2857142857142857,0.1428571428571428,0.0,0.0,0.2857142857142857,0.0,0.2857142857142857,0.3571428571428571,0.0,0.0,0.0,0.0714285714285714,0.5714285714285714,1.0,0.0,0.3571428571428571,0.6428571428571429,0.0,1.0,0.5714285714285714,0.4285714285714285,1.0,0.0,0.0,0.0,0.0,0.8571428571428571,0.1428571428571428,0.0,0.2142857142857142,0.0,0.7857142857142857,27.61655578613283,90.84249114990234,5.889285713434219,23.52,98.36,0.705266525333551,8.32490008654472
SABANALARGA,2019,13,51,15,0.5333333333333333,0.0,0.0,0.0,0.1333333333333333,0.0,0.3333333333333333,0.1333333333333333,0.0,0.0666666666666666,0.0,0.0666666666666666,0.7333333333333333,1.0,0.0,0.2,0.8,0.0,1.0,0.6,0.4,1.0,0.0,0.0,0.0,0.0,0.8,0.2,0.0,0.1333333333333333,0.0,0.8666666666666667,28.357437569754484,91.0427987234933,6.720000011580331,23.52,98.36,0.705266525333551,8.32490008654472
SABANALARGA,2019,13,52,5,0.6,0.0,0.0,0.0,0.4,0.0,0.0,0.4,0.0,0.0,0.0,0.0,0.6,1.0,0.0,0.2,0.8,0.0,1.0,0.4,0.6,1.0,0.0,0.0,0.0,0.0,1.0,0.0,0.0,0.0,0.0,1.0,28.117207554408505,90.69183240618024,5.666428576622691,23.52,98.36,0.705266525333551,8.32490008654472
SABANALARGA,2020,1,1,7,0.2857142857142857,0.2857142857142857,0.0,0.0,0.4285714285714285,0.0,0.0,0.4285714285714285,0.0,0.0,0.1428571428571428,0.0,0.4285714285714285,1.0,0.0,0.2857142857142857,0.7142857142857143,0.0,1.0,0.0,1.0,1.0,0.0,0.0,0.0,0.0,0.5714285714285714,0.2857142857142857,0.1428571428571428,0.1428571428571428,0.0,0.8571428571428571,27.75982491629465,89.92279161725726,1.2142857142857142,23.62,98.82,0.705266525333551,8.32490008654472
SABANALARGA,2020,1,2,12,0.4166666666666667,0.1666666666666666,0.0,0.0,0.25,0.0,0.1666666666666666,0.5,0.0,0.0,0.0,0.1666666666666666,0.3333333333333333,1.0,0.0,0.1666666666666666,0.8333333333333334,0.0,1.0,0.9166666666666666,0.0833333333333333,1.0,0.0,0.0,0.0,0.0,1.0,0.0,0.0,0.1666666666666666,0.0,0.8333333333333334,28.258033098493318,84.0970698765346,0.0,23.62,98.82,0.705266525333551,8.32490008654472
SABANALARGA,2020,1,3,9,0.4444444444444444,0.0,0.0,0.0,0.3333333333333333,0.0,0.2222222222222222,0.4444444444444444,0.0,0.0,0.0,0.1111111111111111,0.4444444444444444,1.0,0.0,0.0,1.0,0.0,1.0,0.4444444444444444,0.5555555555555556,1.0,0.0,0.0,0.0,0.0,0.6666666666666666,0.2222222222222222,0.1111111111111111,0.1111111111111111,0.0,0.8888888888888888,28.18951241629466,85.1090087890625,0.1657142883964947,23.62,98.82,0.705266525333551,8.32490008654472
SABANALARGA,2020,1,4,3,0.3333333333333333,0.0,0.0,0.0,0.6666666666666666,0.0,0.0,0.6666666666666666,0.0,0.0,0.0,0.0,0.3333333333333333,1.0,0.0,0.3333333333333333,0.6666666666666666,0.0,1.0,1.0,0.0,1.0,0.0,0.0,0.0,0.0,1.0,0.0,0.0,0.0,0.0,1.0,27.27948913574219,89.99361964634487,8.905714281967708,23.62,98.82,0.705266525333551,8.32490008654472
SABANALARGA,2020,2,5,8,0.625,0.0,0.0,0.0,0.125,0.0,0.25,0.5,0.0,0.0,0.0,0.125,0.375,0.875,0.125,0.25,0.75,0.0,1.0,0.625,0.375,1.0,0.0,0.0,0.0,0.0,0.875,0.125,0.0,0.0,0.0,1.0,28.636063058035724,87.3465085710798,3.642857142857143,23.62,98.82,0.705266525333551,8.32490008654472
SABANALARGA,2020,2,6,4,0.75,0.0,0.0,0.0,0.25,0.0,0.0,0.25,0.0,0.0,0.0,0.0,0.75,1.0,0.0,0.5,0.5,0.0,1.0,1.0,0.0,1.0,0.0,0.0,0.0,0.0,1.0,0.0,0.0,0.0,0.0,1.0,28.40225481305805,85.88248661586216,0.0,23.62,98.82,0.705266525333551,8.32490008654472
SABANALARGA,2020,2,7,1,0.0,1.0,0.0,0.0,0.0,0.0,0.0,1.0,0.0,0.0,0.0,0.0,0.0,1.0,0.0,1.0,0.0,0.0,1.0,1.0,0.0,1.0,0.0,0.0,0.0,0.0,1.0,0.0,0.0,0.0,0.0,1.0,28.499843488420783,82.93308803013393,0.0,23.62,98.82,0.705266525333551,8.32490008654472
SABANALARGA,2020,2,8,3,1.0,0.0,0.0,0.0,0.0,0.0,0.0,0.6666666666666666,0.0,0.0,0.0,0.0,0.3333333333333333,1.0,0.0,0.0,1.0,0.0,1.0,0.3333333333333333,0.6666666666666666,1.0,0.0,0.0,0.0,0.0,1.0,0.0,0.0,0.3333333333333333,0.0,0.6666666666666666,27.87863638741632,85.87259892054966,2.933571428592716,23.62,98.82,0.705266525333551,8.32490008654472
SABANALARGA,2020,3,9,2,0.5,0.0,0.0,0.0,0.5,0.0,0.0,0.5,0.0,0.0,0.0,0.0,0.5,1.0,0.0,0.5,0.5,0.0,1.0,0.5,0.5,1.0,0.0,0.0,0.0,0.0,1.0,0.0,0.0,0.0,0.0,1.0,28.12973720005582,86.7701187133789,2.4285714285714284,23.62,98.82,0.705266525333551,8.32490008654472
SABANALARGA,2020,3,10,3,0.6666666666666666,0.0,0.0,0.0,0.3333333333333333,0.0,0.0,0.3333333333333333,0.0,0.3333333333333333,0.0,0.3333333333333333,0.0,1.0,0.0,0.3333333333333333,0.6666666666666666,0.0,1.0,0.6666666666666666,0.3333333333333333,1.0,0.0,0.0,0.0,0.0,1.0,0.0,0.0,0.0,0.0,1.0,28.302102661132828,83.13057926722935,0.5,23.62,98.82,0.705266525333551,8.32490008654472
SABANALARGA,2020,3,11,1,1.0,0.0,0.0,0.0,0.0,0.0,0.0,0.0,0.0,0.0,0.0,0.0,1.0,1.0,0.0,0.0,1.0,0.0,1.0,1.0,0.0,1.0,0.0,0.0,0.0,0.0,1.0,0.0,0.0,0.0,0.0,1.0,27.967228916713182,85.17879704066685,6.428571428571429,23.62,98.82,0.705266525333551,8.32490008654472
SABANALARGA,2020,4,14,1,0.0,0.0,0.0,0.0,1.0,0.0,0.0,0.0,0.0,0.0,0.0,0.0,1.0,1.0,0.0,0.0,1.0,0.0,1.0,1.0,0.0,1.0,0.0,0.0,0.0,0.0,1.0,0.0,0.0,0.0,0.0,1.0,28.99632742745538,86.45143781389508,3.527142888733319,23.62,98.82,0.705266525333551,8.32490008654472
SABANALARGA,2020,4,15,1,0.0,0.0,0.0,0.0,0.0,0.0,1.0,0.0,0.0,0.0,0.0,0.0,1.0,1.0,0.0,1.0,0.0,0.0,1.0,1.0,0.0,1.0,0.0,0.0,0.0,0.0,0.0,1.0,0.0,0.0,0.0,1.0,29.1792933872768,85.75635964529855,0.8457143029996327,23.62,98.82,0.705266525333551,8.32490008654472
SABANALARGA,2020,6,22,1,0.0,0.0,1.0,0.0,0.0,0.0,0.0,0.0,0.0,0.0,0.0,0.0,1.0,1.0,0.0,0.0,1.0,0.0,1.0,1.0,0.0,1.0,0.0,0.0,0.0,0.0,0.0,1.0,0.0,0.0,0.0,1.0,27.686074829101575,90.27562604631696,17.336428097316197,23.62,98.82,0.705266525333551,8.32490008654472
SABANALARGA,2020,6,24,1,0.0,0.0,0.0,0.0,0.0,0.0,1.0,0.0,0.0,0.0,0.0,0.0,1.0,1.0,0.0,1.0,0.0,0.0,1.0,1.0,0.0,1.0,0.0,0.0,0.0,0.0,1.0,0.0,0.0,0.0,0.0,1.0,27.383645629882835,90.55768149239675,6.889285726206643,23.62,98.82,0.705266525333551,8.32490008654472
SABANALARGA,2020,8,30,1,1.0,0.0,0.0,0.0,0.0,0.0,0.0,0.0,0.0,0.0,0.0,0.0,1.0,1.0,0.0,0.0,1.0,0.0,1.0,0.0,1.0,1.0,0.0,0.0,0.0,0.0,1.0,0.0,0.0,0.0,0.0,1.0,26.9121054513114,94.13841029575892,10.066428456987651,23.62,98.82,0.705266525333551,8.32490008654472
SABANALARGA,2020,8,31,2,0.0,0.0,0.0,0.0,1.0,0.0,0.0,1.0,0.0,0.0,0.0,0.0,0.0,1.0,0.0,0.0,1.0,0.0,1.0,0.0,1.0,1.0,0.0,0.0,0.0,0.0,1.0,0.0,0.0,0.0,0.0,1.0,27.968724278041314,92.98876626150948,6.1599999495915005,23.62,98.82,0.705266525333551,8.32490008654472
SABANALARGA,2020,8,32,1,0.0,0.0,1.0,0.0,0.0,0.0,0.0,0.0,0.0,0.0,0.0,0.0,1.0,1.0,0.0,0.0,1.0,0.0,1.0,0.0,1.0,1.0,0.0,0.0,0.0,0.0,0.0,1.0,0.0,0.0,0.0,1.0,28.009565516880595,93.4909439086914,4.672857097217015,23.62,98.82,0.705266525333551,8.32490008654472
SABANALARGA,2020,9,33,1,0.0,0.0,1.0,0.0,0.0,0.0,0.0,0.0,0.0,0.0,0.0,0.0,1.0,1.0,0.0,0.0,1.0,0.0,1.0,1.0,0.0,1.0,0.0,0.0,0.0,0.0,1.0,0.0,0.0,0.0,0.0,1.0,27.11360866001676,92.98835863385882,7.750714302062988,23.62,98.82,0.705266525333551,8.32490008654472
SABANALARGA,2020,9,34,1,1.0,0.0,0.0,0.0,0.0,0.0,0.0,0.0,0.0,0.0,0.0,0.0,1.0,1.0,0.0,1.0,0.0,0.0,1.0,1.0,0.0,1.0,0.0,0.0,0.0,0.0,1.0,0.0,0.0,0.0,0.0,1.0,26.65500793457033,93.75915963309151,17.932857377188547,23.62,98.82,0.705266525333551,8.32490008654472
SABANALARGA,2020,9,35,2,0.5,0.0,0.0,0.0,0.0,0.0,0.5,0.5,0.0,0.0,0.0,0.0,0.5,1.0,0.0,0.0,1.0,0.0,1.0,0.0,1.0,1.0,0.0,0.0,0.0,0.0,1.0,0.0,0.0,0.5,0.0,0.5,26.905875505719884,93.93953050885882,6.846428428377424,23.62,98.82,0.705266525333551,8.32490008654472
SABANALARGA,2020,9,36,3,0.0,0.0,0.0,0.0,0.3333333333333333,0.0,0.6666666666666666,0.0,0.0,0.0,0.0,0.0,1.0,0.6666666666666666,0.3333333333333333,0.3333333333333333,0.6666666666666666,0.0,1.0,0.3333333333333333,0.6666666666666666,1.0,0.0,0.0,0.0,0.0,1.0,0.0,0.0,0.0,0.0,1.0,26.696398489815863,93.8206296648298,14.050000054495674,23.62,98.82,0.705266525333551,8.32490008654472
SABANALARGA,2020,10,37,2,0.0,0.5,0.0,0.0,0.5,0.0,0.0,0.5,0.0,0.0,0.0,0.0,0.5,1.0,0.0,0.5,0.5,0.0,1.0,0.5,0.5,1.0,0.0,0.0,0.0,0.0,1.0,0.0,0.0,0.0,0.0,1.0,27.478548758370557,94.18968745640346,16.669285569872176,23.62,98.82,0.705266525333551,8.32490008654472
SABANALARGA,2020,10,38,3,0.3333333333333333,0.0,0.0,0.0,0.6666666666666666,0.0,0.0,0.0,0.0,0.0,0.0,0.0,1.0,1.0,0.0,0.0,1.0,0.0,1.0,0.3333333333333333,0.6666666666666666,1.0,0.0,0.0,0.0,0.0,0.6666666666666666,0.3333333333333333,0.0,0.0,0.0,1.0,27.01124834333149,94.06386239188058,9.96071434020996,23.62,98.82,0.705266525333551,8.32490008654472
SABANALARGA,2020,10,39,1,1.0,0.0,0.0,0.0,0.0,0.0,0.0,0.0,0.0,0.0,0.0,0.0,1.0,1.0,0.0,0.0,1.0,0.0,1.0,0.0,1.0,1.0,0.0,0.0,0.0,0.0,1.0,0.0,0.0,0.0,0.0,1.0,27.03740626743864,93.860355922154,6.067856992994036,23.62,98.82,0.705266525333551,8.32490008654472
SABANALARGA,2020,10,40,1,1.0,0.0,0.0,0.0,0.0,0.0,0.0,1.0,0.0,0.0,0.0,0.0,0.0,1.0,0.0,0.0,1.0,0.0,1.0,0.0,1.0,1.0,0.0,0.0,0.0,0.0,1.0,0.0,0.0,0.0,0.0,1.0,26.10185939243863,92.95263562883648,10.987857375826154,23.62,98.82,0.705266525333551,8.32490008654472
SABANALARGA,2020,11,41,4,0.5,0.0,0.0,0.0,0.25,0.0,0.25,0.25,0.0,0.0,0.0,0.0,0.75,0.75,0.25,0.0,1.0,0.0,1.0,0.75,0.25,1.0,0.0,0.0,0.0,0.0,1.0,0.0,0.0,0.25,0.0,0.75,26.906773594447564,93.5079607282366,6.161428562232426,23.62,98.82,0.705266525333551,8.32490008654472
SABANALARGA,2020,11,42,3,0.6666666666666666,0.0,0.0,0.0,0.3333333333333333,0.0,0.0,0.0,0.0,0.0,0.0,0.0,1.0,0.3333333333333333,0.6666666666666666,0.0,1.0,0.0,1.0,0.6666666666666666,0.3333333333333333,1.0,0.0,0.0,0.0,0.0,0.6666666666666666,0.3333333333333333,0.0,0.6666666666666666,0.0,0.3333333333333333,26.29854736328127,93.37402452741352,9.793571642466954,23.62,98.82,0.705266525333551,8.32490008654472
SABANALARGA,2020,11,43,6,0.3333333333333333,0.1666666666666666,0.0,0.0,0.5,0.0,0.0,0.0,0.0,0.0,0.0,0.0,1.0,1.0,0.0,0.1666666666666666,0.8333333333333334,0.0,1.0,0.5,0.5,1.0,0.0,0.0,0.0,0.0,1.0,0.0,0.0,0.0,0.0,1.0,26.529835728236616,93.39398629324776,13.004285778318131,23.62,98.82,0.705266525333551,8.32490008654472
SABANALARGA,2020,11,44,3,0.6666666666666666,0.3333333333333333,0.0,0.0,0.0,0.0,0.0,0.0,0.0,0.0,0.3333333333333333,0.0,0.6666666666666666,1.0,0.0,0.0,1.0,0.0,1.0,0.0,1.0,1.0,0.0,0.0,0.0,0.0,0.3333333333333333,0.3333333333333333,0.3333333333333333,0.0,0.0,1.0,26.121848406110512,93.43387603759766,13.09857169219426,23.62,98.82,0.705266525333551,8.32490008654472
SABANALARGA,2020,12,45,1,1.0,0.0,0.0,0.0,0.0,0.0,0.0,1.0,0.0,0.0,0.0,0.0,0.0,1.0,0.0,0.0,1.0,0.0,1.0,1.0,0.0,1.0,0.0,0.0,0.0,0.0,1.0,0.0,0.0,0.0,0.0,1.0,26.09350847516743,93.74987248011998,9.048571518489291,23.62,98.82,0.705266525333551,8.32490008654472
SABANALARGA,2020,12,46,2,1.0,0.0,0.0,0.0,0.0,0.0,0.0,0.0,0.0,0.0,0.0,0.0,1.0,1.0,0.0,0.0,1.0,0.0,1.0,0.0,1.0,1.0,0.0,0.0,0.0,0.0,0.5,0.0,0.5,0.0,0.0,1.0,25.621961757114967,92.57289668491909,14.607857397624423,23.62,98.82,0.705266525333551,8.32490008654472
SABANALARGA,2020,12,47,4,0.5,0.0,0.0,0.0,0.5,0.0,0.0,0.0,0.0,0.0,0.0,0.5,0.5,1.0,0.0,0.0,1.0,0.0,1.0,0.0,1.0,1.0,0.0,0.0,0.0,0.0,0.5,0.25,0.25,0.0,0.0,1.0,26.450019182477696,93.45025743756976,6.313571487154279,23.62,98.82,0.705266525333551,8.32490008654472
SABANALARGA,2020,12,48,2,0.0,0.5,0.0,0.0,0.5,0.0,0.0,0.0,0.0,0.0,0.0,0.0,1.0,1.0,0.0,0.0,1.0,0.0,1.0,0.0,1.0,1.0,0.0,0.0,0.0,0.0,1.0,0.0,0.0,0.0,0.0,1.0,26.69812491280694,93.18602970668248,11.185714278902326,23.62,98.82,0.705266525333551,8.32490008654472
SABANALARGA,2020,13,49,4,0.5,0.0,0.0,0.0,0.0,0.0,0.5,0.25,0.0,0.0,0.0,0.0,0.75,1.0,0.0,0.0,1.0,0.0,1.0,0.5,0.5,1.0,0.0,0.0,0.0,0.0,1.0,0.0,0.0,0.0,0.0,1.0,26.756428745814755,93.26428549630302,11.20285715375628,23.62,98.82,0.705266525333551,8.32490008654472
SABANALARGA,2020,13,50,2,0.5,0.0,0.0,0.0,0.5,0.0,0.0,0.0,0.0,0.0,0.0,0.0,1.0,1.0,0.0,0.5,0.5,0.0,1.0,1.0,0.0,1.0,0.0,0.0,0.0,0.0,1.0,0.0,0.0,0.0,0.0,1.0,26.83367745535716,91.5205546787807,6.093571424484253,23.62,98.82,0.705266525333551,8.32490008654472
SABANALARGA,2020,13,51,6,0.6666666666666666,0.0,0.0,0.0,0.3333333333333333,0.0,0.0,0.1666666666666666,0.0,0.0,0.0,0.0,0.8333333333333334,1.0,0.0,0.1666666666666666,0.8333333333333334,0.0,1.0,0.8333333333333334,0.1666666666666666,1.0,0.0,0.0,0.0,0.0,1.0,0.0,0.0,0.0,0.0,1.0,26.989596121651804,91.00845009940012,1.718571424484253,23.62,98.82,0.705266525333551,8.32490008654472
SABANALARGA,2020,13,52,7,0.8571428571428571,0.0,0.0,0.0,0.1428571428571428,0.0,0.0,0.4285714285714285,0.0,0.0,0.0,0.0,0.5714285714285714,1.0,0.0,0.1428571428571428,0.8571428571428571,0.0,1.0,0.5714285714285714,0.4285714285714285,1.0,0.0,0.0,0.0,0.0,1.0,0.0,0.0,0.1428571428571428,0.0,0.8571428571428571,26.97725394112725,90.86358533586774,8.507857135363988,23.62,98.82,0.705266525333551,8.32490008654472
SABANALARGA,2020,14,53,3,0.6666666666666666,0.0,0.0,0.0,0.3333333333333333,0.0,0.0,0.0,0.0,0.3333333333333333,0.0,0.0,0.6666666666666666,1.0,0.0,0.3333333333333333,0.6666666666666666,0.0,1.0,0.3333333333333333,0.6666666666666666,1.0,0.0,0.0,0.0,0.0,1.0,0.0,0.0,0.0,0.0,1.0,27.07924041748049,88.08639144897461,1.25,23.62,98.82,0.705266525333551,8.32490008654472
SABANALARGA,2021,1,1,2,0.5,0.0,0.0,0.0,0.0,0.5,0.0,0.0,0.0,0.0,0.0,0.0,1.0,1.0,0.0,0.0,1.0,0.0,1.0,0.5,0.5,1.0,0.0,0.0,0.0,0.0,1.0,0.0,0.0,0.5,0.0,0.5,27.067256818498898,89.35120936802456,2.0,23.36,97.55,0.705266525333551,8.32490008654472
SABANALARGA,2021,1,2,2,0.0,0.5,0.0,0.0,0.0,0.0,0.5,1.0,0.0,0.0,0.0,0.0,0.0,1.0,0.0,0.5,0.5,0.0,1.0,0.5,0.5,1.0,0.0,0.0,0.0,0.0,1.0,0.0,0.0,1.0,0.0,0.0,27.5059055873326,88.63996124267578,3.557142853736877,23.36,97.55,0.705266525333551,8.32490008654472
SABANALARGA,2021,1,3,4,0.75,0.0,0.0,0.0,0.25,0.0,0.0,0.25,0.0,0.0,0.0,0.0,0.75,0.75,0.25,0.25,0.75,0.0,1.0,0.25,0.75,1.0,0.0,0.0,0.0,0.0,1.0,0.0,0.0,0.0,0.0,1.0,27.46328778948104,87.59439086914062,1.2857142857142858,23.36,97.55,0.705266525333551,8.32490008654472
SABANALARGA,2021,1,4,1,1.0,0.0,0.0,0.0,0.0,0.0,0.0,1.0,0.0,0.0,0.0,0.0,0.0,1.0,0.0,0.0,1.0,0.0,1.0,0.0,1.0,1.0,0.0,0.0,0.0,0.0,1.0,0.0,0.0,1.0,0.0,0.0,27.614471871512297,86.86144147600446,0.0,23.36,97.55,0.705266525333551,8.32490008654472
SABANALARGA,2021,2,7,2,1.0,0.0,0.0,0.0,0.0,0.0,0.0,0.0,0.0,0.0,0.0,0.0,1.0,0.5,0.5,0.0,1.0,0.0,1.0,0.5,0.5,1.0,0.0,0.0,0.0,0.0,1.0,0.0,0.0,0.0,0.0,1.0,28.42199096679689,86.63751329694476,13.062142848968506,23.36,97.55,0.705266525333551,8.32490008654472
SABANALARGA,2021,2,8,1,1.0,0.0,0.0,0.0,0.0,0.0,0.0,0.0,0.0,0.0,0.0,0.0,1.0,1.0,0.0,0.0,1.0,0.0,1.0,1.0,0.0,1.0,0.0,0.0,0.0,0.0,1.0,0.0,0.0,0.0,0.0,1.0,28.13056553431921,84.92637198311942,4.357142857142857,23.36,97.55,0.705266525333551,8.32490008654472
SABANALARGA,2021,4,14,1,0.0,1.0,0.0,0.0,0.0,0.0,0.0,1.0,0.0,0.0,0.0,0.0,0.0,1.0,0.0,0.0,1.0,0.0,1.0,0.0,1.0,1.0,0.0,0.0,0.0,0.0,1.0,0.0,0.0,0.0,0.0,1.0,27.70310145786832,86.38582284109933,3.7650000793593272,23.36,97.55,0.705266525333551,8.32490008654472
SABANALARGA,2021,5,18,1,0.0,1.0,0.0,0.0,0.0,0.0,0.0,0.0,0.0,0.0,0.0,0.0,1.0,1.0,0.0,0.0,1.0,0.0,1.0,1.0,0.0,1.0,0.0,0.0,0.0,0.0,1.0,0.0,0.0,0.0,0.0,1.0,27.31641104561944,89.13040924072266,5.738571507590158,23.36,97.55,0.705266525333551,8.32490008654472
SABANALARGA,2021,5,20,1,0.0,1.0,0.0,0.0,0.0,0.0,0.0,1.0,0.0,0.0,0.0,0.0,0.0,1.0,0.0,0.0,1.0,0.0,1.0,1.0,0.0,1.0,0.0,0.0,0.0,0.0,1.0,0.0,0.0,0.0,0.0,1.0,28.304799107142863,87.14875030517578,7.261428526469639,23.36,97.55,0.705266525333551,8.32490008654472
SABANALARGA,2021,6,24,1,0.0,0.0,0.0,0.0,0.0,0.0,1.0,1.0,0.0,0.0,0.0,0.0,0.0,1.0,0.0,1.0,0.0,0.0,1.0,0.0,1.0,1.0,0.0,0.0,0.0,0.0,1.0,0.0,0.0,0.0,0.0,1.0,27.30778764997212,90.84065573556084,10.38000008038112,23.36,97.55,0.705266525333551,8.32490008654472
SABANALARGA,2021,7,26,3,0.6666666666666666,0.0,0.3333333333333333,0.0,0.0,0.0,0.0,0.3333333333333333,0.0,0.0,0.0,0.0,0.6666666666666666,1.0,0.0,0.0,1.0,0.0,1.0,0.6666666666666666,0.3333333333333333,1.0,0.0,0.0,0.0,0.0,1.0,0.0,0.0,0.3333333333333333,0.0,0.6666666666666666,27.118203735351575,91.23985072544644,10.34928560256958,23.36,97.55,0.705266525333551,8.32490008654472
SABANALARGA,2021,7,27,1,1.0,0.0,0.0,0.0,0.0,0.0,0.0,1.0,0.0,0.0,0.0,0.0,0.0,1.0,0.0,1.0,0.0,0.0,1.0,1.0,0.0,1.0,0.0,0.0,0.0,0.0,1.0,0.0,0.0,0.0,0.0,1.0,27.44189714704243,91.34527042933873,9.050000020435878,23.36,97.55,0.705266525333551,8.32490008654472
SABANALARGA,2021,8,29,3,0.6666666666666666,0.0,0.0,0.0,0.0,0.0,0.3333333333333333,0.3333333333333333,0.0,0.0,0.0,0.0,0.6666666666666666,1.0,0.0,0.6666666666666666,0.3333333333333333,0.0,1.0,0.3333333333333333,0.6666666666666666,1.0,0.0,0.0,0.0,0.0,1.0,0.0,0.0,0.0,0.0,1.0,27.976796177455373,89.63348061697823,1.7092857265046664,23.36,97.55,0.705266525333551,8.32490008654472
SABANALARGA,2021,8,30,2,0.5,0.5,0.0,0.0,0.0,0.0,0.0,0.0,0.0,0.0,0.0,0.0,1.0,1.0,0.0,0.0,1.0,0.0,1.0,0.0,1.0,1.0,0.0,0.0,0.0,0.0,1.0,0.0,0.0,0.0,0.0,1.0,26.97079947335381,90.8810054234096,8.557856968470983,23.36,97.55,0.705266525333551,8.32490008654472
SABANALARGA,2021,8,31,3,0.0,0.3333333333333333,0.0,0.0,0.3333333333333333,0.0,0.3333333333333333,1.0,0.0,0.0,0.0,0.0,0.0,1.0,0.0,0.3333333333333333,0.6666666666666666,0.0,1.0,1.0,0.0,1.0,0.0,0.0,0.0,0.0,1.0,0.0,0.0,0.0,0.0,1.0,27.4875449044364,92.17545754568916,5.727857189519065,23.36,97.55,0.705266525333551,8.32490008654472
SABANALARGA,2021,8,32,4,0.5,0.0,0.0,0.0,0.0,0.0,0.5,0.5,0.0,0.0,0.0,0.0,0.5,1.0,0.0,0.5,0.5,0.0,1.0,0.5,0.5,1.0,0.0,0.0,0.0,0.0,1.0,0.0,0.0,0.0,0.0,1.0,27.302412196568103,92.52419825962612,7.8757144297872275,23.36,97.55,0.705266525333551,8.32490008654472
SABANALARGA,2021,9,33,5,0.6,0.4,0.0,0.0,0.0,0.0,0.0,0.2,0.0,0.0,0.0,0.0,0.8,1.0,0.0,0.2,0.8,0.0,1.0,0.2,0.8,1.0,0.0,0.0,0.0,0.0,1.0,0.0,0.0,0.0,0.0,1.0,26.667803519112734,92.82855878557476,17.980713844299316,23.36,97.55,0.705266525333551,8.32490008654472
SABANALARGA,2021,9,34,4,0.75,0.25,0.0,0.0,0.0,0.0,0.0,0.25,0.0,0.0,0.0,0.25,0.5,1.0,0.0,0.0,1.0,0.0,1.0,0.5,0.5,1.0,0.0,0.0,0.0,0.0,1.0,0.0,0.0,0.0,0.0,1.0,26.55667811802457,93.77403586251394,13.892142636435372,23.36,97.55,0.705266525333551,8.32490008654472
SABANALARGA,2021,9,35,3,0.0,0.0,0.0,0.0,1.0,0.0,0.0,0.0,0.0,0.0,0.0,0.0,1.0,1.0,0.0,0.3333333333333333,0.6666666666666666,0.0,1.0,1.0,0.0,1.0,0.0,0.0,0.0,0.0,1.0,0.0,0.0,0.0,0.0,1.0,26.384024919782384,94.08037349155973,12.443571507930756,23.36,97.55,0.705266525333551,8.32490008654472
SABANALARGA,2021,9,36,2,0.0,1.0,0.0,0.0,0.0,0.0,0.0,0.0,0.0,0.0,0.0,0.5,0.5,1.0,0.0,0.0,1.0,0.0,1.0,0.0,1.0,1.0,0.0,0.0,0.0,0.0,1.0,0.0,0.0,0.5,0.0,0.5,26.77285374232702,93.99460710797992,10.135714530944824,23.36,97.55,0.705266525333551,8.32490008654472
SABANALARGA,2021,10,37,3,0.3333333333333333,0.3333333333333333,0.0,0.0,0.3333333333333333,0.0,0.0,0.6666666666666666,0.0,0.0,0.0,0.0,0.3333333333333333,1.0,0.0,0.6666666666666666,0.3333333333333333,0.0,1.0,0.3333333333333333,0.6666666666666666,1.0,0.0,0.0,0.0,0.0,1.0,0.0,0.0,0.0,0.0,1.0,26.773228672572564,93.36486380440849,8.65071429525103,23.36,97.55,0.705266525333551,8.32490008654472
SABANALARGA,2021,10,38,2,0.5,0.0,0.0,0.0,0.0,0.0,0.5,0.0,0.0,0.0,0.0,0.0,1.0,1.0,0.0,0.5,0.5,0.0,1.0,0.0,1.0,1.0,0.0,0.0,0.0,0.0,1.0,0.0,0.0,0.0,0.0,1.0,27.11986258370538,92.33577837262835,5.458571479788849,23.36,97.55,0.705266525333551,8.32490008654472
SABANALARGA,2021,10,39,6,0.6666666666666666,0.0,0.0,0.0,0.3333333333333333,0.0,0.0,0.1666666666666666,0.0,0.0,0.0,0.1666666666666666,0.6666666666666666,1.0,0.0,0.5,0.5,0.0,1.0,0.3333333333333333,0.6666666666666666,1.0,0.0,0.0,0.0,0.0,0.8333333333333334,0.0,0.1666666666666666,0.1666666666666666,0.0,0.8333333333333334,27.10200326102122,92.41419437953404,8.772857146603721,23.36,97.55,0.705266525333551,8.32490008654472
SABANALARGA,2021,10,40,4,0.25,0.25,0.0,0.0,0.5,0.0,0.0,0.25,0.0,0.0,0.0,0.0,0.75,0.75,0.25,0.5,0.5,0.0,1.0,0.25,0.75,1.0,0.0,0.0,0.0,0.0,1.0,0.0,0.0,0.0,0.0,1.0,27.09980381556922,93.187132699149,6.381428582327707,23.36,97.55,0.705266525333551,8.32490008654472
SABANALARGA,2021,11,41,17,0.2941176470588235,0.1176470588235294,0.0,0.0,0.3529411764705882,0.0,0.2352941176470588,0.1176470588235294,0.0,0.0,0.0,0.1176470588235294,0.7647058823529411,1.0,0.0,0.2352941176470588,0.7647058823529411,0.0,1.0,0.4117647058823529,0.5882352941176471,1.0,0.0,0.0,0.0,0.0,0.8235294117647058,0.0,0.1764705882352941,0.1176470588235294,0.0,0.8823529411764706,26.848038155691984,92.57730102539062,11.123571702412196,23.36,97.55,0.705266525333551,8.32490008654472
SABANALARGA,2021,11,42,11,0.6363636363636364,0.0,0.0,0.0,0.1818181818181818,0.0,0.1818181818181818,0.3636363636363636,0.0,0.0,0.0,0.0909090909090909,0.5454545454545454,1.0,0.0,0.0909090909090909,0.9090909090909092,0.0,1.0,0.8181818181818182,0.1818181818181818,1.0,0.0,0.0,0.0,0.0,1.0,0.0,0.0,0.0,0.0,1.0,26.863519287109398,93.3652812412807,9.59357145854405,23.36,97.55,0.705266525333551,8.32490008654472
SABANALARGA,2021,11,43,8,0.625,0.0,0.0,0.0,0.25,0.0,0.125,0.375,0.0,0.0,0.0,0.125,0.5,1.0,0.0,0.25,0.75,0.0,1.0,0.625,0.375,1.0,0.0,0.0,0.0,0.0,1.0,0.0,0.0,0.25,0.0,0.75,26.87457101004465,93.60456085205078,12.509999888283868,23.36,97.55,0.705266525333551,8.32490008654472
SABANALARGA,2021,11,44,12,0.3333333333333333,0.1666666666666666,0.1666666666666666,0.0,0.3333333333333333,0.0,0.0,0.0833333333333333,0.0,0.0,0.0,0.0833333333333333,0.8333333333333334,1.0,0.0,0.25,0.75,0.0,1.0,0.5,0.5,1.0,0.0,0.0,0.0,0.0,0.75,0.1666666666666666,0.0833333333333333,0.0833333333333333,0.0,0.9166666666666666,25.814124407087068,92.79093606131416,11.711428778512138,23.36,97.55,0.705266525333551,8.32490008654472
SABANALARGA,2021,12,45,15,0.6,0.2,0.0,0.0,0.0666666666666666,0.0,0.1333333333333333,0.5333333333333333,0.0,0.0666666666666666,0.0,0.0,0.4,1.0,0.0,0.4666666666666667,0.5333333333333333,0.0,1.0,0.6,0.4,1.0,0.0,0.0,0.0,0.0,0.9333333333333332,0.0666666666666666,0.0,0.1333333333333333,0.0,0.8666666666666667,26.979629952566988,93.07642909458706,2.26500004529953,23.36,97.55,0.705266525333551,8.32490008654472
SABANALARGA,2021,12,46,8,0.75,0.0,0.0,0.0,0.125,0.0,0.125,0.125,0.0,0.0,0.0,0.0,0.875,0.875,0.125,0.5,0.5,0.0,1.0,0.75,0.25,1.0,0.0,0.0,0.0,0.0,1.0,0.0,0.0,0.0,0.0,1.0,27.17740565708707,93.22906167166572,10.059285691806249,23.36,97.55,0.705266525333551,8.32490008654472
SABANALARGA,2021,12,47,9,0.2222222222222222,0.3333333333333333,0.1111111111111111,0.0,0.2222222222222222,0.0,0.1111111111111111,0.3333333333333333,0.0,0.2222222222222222,0.0,0.0,0.4444444444444444,0.8888888888888888,0.1111111111111111,0.3333333333333333,0.6666666666666666,0.0,1.0,0.4444444444444444,0.5555555555555556,1.0,0.0,0.0,0.0,0.0,1.0,0.0,0.0,0.0,0.0,1.0,26.469393484933057,93.39719717843192,6.579285604613168,23.36,97.55,0.705266525333551,8.32490008654472
SABANALARGA,2021,12,48,7,0.5714285714285714,0.0,0.0,0.0,0.2857142857142857,0.1428571428571428,0.0,0.4285714285714285,0.0,0.0,0.0,0.0,0.5714285714285714,1.0,0.0,0.5714285714285714,0.4285714285714285,0.0,1.0,0.4285714285714285,0.5714285714285714,1.0,0.0,0.0,0.0,0.0,0.8571428571428571,0.0,0.1428571428571428,0.2857142857142857,0.0,0.7142857142857143,26.61286751883372,93.06906127929688,8.183571560042244,23.36,97.55,0.705266525333551,8.32490008654472
SABANALARGA,2021,13,49,9,0.4444444444444444,0.1111111111111111,0.0,0.0,0.1111111111111111,0.0,0.3333333333333333,0.2222222222222222,0.0,0.1111111111111111,0.1111111111111111,0.0,0.5555555555555556,0.8888888888888888,0.1111111111111111,0.5555555555555556,0.4444444444444444,0.0,1.0,0.4444444444444444,0.5555555555555556,1.0,0.0,0.0,0.0,0.0,0.8888888888888888,0.1111111111111111,0.0,0.3333333333333333,0.0,0.6666666666666666,27.394019426618325,90.57054901123048,3.7857142857142856,23.36,97.55,0.705266525333551,8.32490008654472
SABANALARGA,2021,13,50,3,0.3333333333333333,0.0,0.0,0.0,0.3333333333333333,0.0,0.3333333333333333,0.3333333333333333,0.0,0.3333333333333333,0.0,0.0,0.3333333333333333,1.0,0.0,0.3333333333333333,0.6666666666666666,0.0,1.0,0.0,1.0,1.0,0.0,0.0,0.0,0.0,1.0,0.0,0.0,0.0,0.0,1.0,27.00230669294087,90.70829663957868,4.496428566319602,23.36,97.55,0.705266525333551,8.32490008654472
SABANALARGA,2021,13,51,7,0.4285714285714285,0.1428571428571428,0.0,0.0,0.2857142857142857,0.0,0.1428571428571428,0.0,0.0,0.0,0.0,0.1428571428571428,0.8571428571428571,1.0,0.0,0.2857142857142857,0.7142857142857143,0.0,1.0,0.4285714285714285,0.5714285714285714,1.0,0.0,0.0,0.0,0.0,0.8571428571428571,0.1428571428571428,0.0,0.0,0.0,1.0,26.99401681082591,91.99953133719308,2.385000021329948,23.36,97.55,0.705266525333551,8.32490008654472
SABANALARGA,2021,13,52,7,0.5714285714285714,0.0,0.0,0.0,0.1428571428571428,0.0,0.2857142857142857,0.0,0.0,0.1428571428571428,0.0,0.1428571428571428,0.7142857142857143,1.0,0.0,0.1428571428571428,0.8571428571428571,0.0,1.0,0.4285714285714285,0.5714285714285714,1.0,0.0,0.0,0.0,0.0,1.0,0.0,0.0,0.0,0.0,1.0,27.29173322405136,91.21546391078404,5.282857137066977,23.36,97.55,0.705266525333551,8.32490008654472
SABANALARGA,2022,1,1,2,0.5,0.5,0.0,0.0,0.0,0.0,0.0,0.5,0.0,0.0,0.0,0.0,0.5,1.0,0.0,0.0,1.0,0.0,1.0,0.5,0.5,1.0,0.0,0.0,0.0,0.0,0.0,0.0,1.0,0.0,0.0,1.0,27.331033325195325,89.04754965645927,0.0,23.66,98.88,0.705266525333551,8.32490008654472
SABANALARGA,2022,1,2,4,0.75,0.0,0.0,0.0,0.0,0.0,0.25,0.25,0.0,0.0,0.0,0.0,0.75,1.0,0.0,0.0,1.0,0.0,1.0,0.25,0.75,1.0,0.0,0.0,0.0,0.0,1.0,0.0,0.0,0.0,0.0,1.0,26.92970537458149,89.41820962088448,5.334285714796612,23.66,98.88,0.705266525333551,8.32490008654472
SABANALARGA,2022,1,3,4,0.75,0.0,0.0,0.0,0.25,0.0,0.0,0.5,0.0,0.0,0.0,0.0,0.5,0.75,0.25,0.25,0.75,0.0,1.0,0.75,0.25,1.0,0.0,0.0,0.0,0.0,1.0,0.0,0.0,0.25,0.0,0.75,27.478614153180818,88.03444126674107,5.357142857142857,23.66,98.88,0.705266525333551,8.32490008654472
SABANALARGA,2022,1,4,12,0.25,0.0833333333333333,0.0,0.0833333333333333,0.5,0.0,0.0833333333333333,0.25,0.0,0.0,0.0833333333333333,0.0,0.6666666666666666,0.8333333333333334,0.1666666666666666,0.4166666666666667,0.5833333333333334,0.0,1.0,0.6666666666666666,0.3333333333333333,1.0,0.0,0.0,0.0,0.0,0.75,0.25,0.0,0.0,0.0,1.0,27.330008806501137,87.91985866001674,16.357142857142858,23.66,98.88,0.705266525333551,8.32490008654472
SABANALARGA,2022,2,5,7,0.5714285714285714,0.0,0.1428571428571428,0.0,0.0,0.0,0.2857142857142857,0.5714285714285714,0.0,0.1428571428571428,0.0,0.0,0.2857142857142857,1.0,0.0,0.0,1.0,0.0,1.0,0.4285714285714285,0.5714285714285714,1.0,0.0,0.0,0.0,0.0,1.0,0.0,0.0,0.2857142857142857,0.0,0.7142857142857143,27.471723720005595,87.81790924072266,7.642857142857143,23.66,98.88,0.705266525333551,8.32490008654472
SABANALARGA,2022,2,7,1,1.0,0.0,0.0,0.0,0.0,0.0,0.0,0.0,0.0,0.0,0.0,0.0,1.0,1.0,0.0,0.0,1.0,0.0,1.0,0.0,1.0,1.0,0.0,0.0,0.0,0.0,1.0,0.0,0.0,0.0,0.0,1.0,27.92392665318082,84.03014482770648,0.7614285690443856,23.66,98.88,0.705266525333551,8.32490008654472
SABANALARGA,2022,3,10,2,0.0,0.0,0.5,0.0,0.5,0.0,0.0,0.5,0.0,0.0,0.0,0.0,0.5,1.0,0.0,0.0,1.0,0.0,1.0,0.0,1.0,1.0,0.0,0.0,0.0,0.0,0.5,0.0,0.5,0.0,0.0,1.0,27.93201163155694,87.92061505998883,7.270714295761926,23.66,98.88,0.705266525333551,8.32490008654472
SABANALARGA,2022,3,11,2,0.5,0.0,0.0,0.0,0.0,0.0,0.5,0.5,0.0,0.0,0.0,0.0,0.5,1.0,0.0,0.0,1.0,0.0,1.0,0.0,1.0,1.0,0.0,0.0,0.0,0.0,1.0,0.0,0.0,0.5,0.0,0.5,28.240960693359398,87.3211168561663,8.349285709006447,23.66,98.88,0.705266525333551,8.32490008654472
SABANALARGA,2022,3,12,1,0.0,0.0,0.0,0.0,0.0,0.0,1.0,0.0,0.0,0.0,0.0,0.0,1.0,1.0,0.0,0.0,1.0,0.0,1.0,1.0,0.0,1.0,0.0,0.0,0.0,0.0,1.0,0.0,0.0,0.0,0.0,1.0,28.61209150041854,84.56896427699498,9.434285782277584,23.66,98.88,0.705266525333551,8.32490008654472
SABANALARGA,2022,4,14,2,0.5,0.0,0.0,0.0,0.5,0.0,0.0,1.0,0.0,0.0,0.0,0.0,0.0,1.0,0.0,0.5,0.5,0.0,1.0,0.5,0.5,1.0,0.0,0.0,0.0,0.0,1.0,0.0,0.0,0.0,0.0,1.0,28.017140415736623,88.59269060407367,6.292857101985386,23.66,98.88,0.705266525333551,8.32490008654472
SABANALARGA,2022,4,15,1,1.0,0.0,0.0,0.0,0.0,0.0,0.0,1.0,0.0,0.0,0.0,0.0,0.0,1.0,0.0,0.0,1.0,0.0,1.0,1.0,0.0,1.0,0.0,0.0,0.0,0.0,1.0,0.0,0.0,0.0,0.0,1.0,28.388081577846,85.45603833879743,4.636428564786911,23.66,98.88,0.705266525333551,8.32490008654472
SABANALARGA,2022,4,16,4,0.5,0.25,0.0,0.0,0.25,0.0,0.0,0.25,0.0,0.0,0.0,0.0,0.75,1.0,0.0,0.5,0.5,0.0,1.0,0.75,0.25,1.0,0.0,0.0,0.0,0.0,1.0,0.0,0.0,0.25,0.0,0.75,27.453016444614963,90.23269980294364,11.3185715675354,23.66,98.88,0.705266525333551,8.32490008654472
SABANALARGA,2022,5,17,1,0.0,0.0,0.0,0.0,1.0,0.0,0.0,0.0,0.0,0.0,0.0,0.0,1.0,1.0,0.0,0.0,1.0,0.0,1.0,0.0,1.0,1.0,0.0,0.0,0.0,0.0,1.0,0.0,0.0,1.0,0.0,0.0,27.622216796875023,89.8984124319894,8.359999792916435,23.66,98.88,0.705266525333551,8.32490008654472
SABANALARGA,2022,5,18,1,1.0,0.0,0.0,0.0,0.0,0.0,0.0,0.0,0.0,0.0,0.0,0.0,1.0,1.0,0.0,0.0,1.0,0.0,1.0,1.0,0.0,1.0,0.0,0.0,0.0,0.0,1.0,0.0,0.0,0.0,0.0,1.0,27.838795689174123,90.52252851213728,8.39357122353145,23.66,98.88,0.705266525333551,8.32490008654472
SABANALARGA,2022,5,19,3,1.0,0.0,0.0,0.0,0.0,0.0,0.0,0.6666666666666666,0.0,0.0,0.0,0.0,0.3333333333333333,1.0,0.0,0.3333333333333333,0.6666666666666666,0.0,1.0,0.3333333333333333,0.6666666666666666,1.0,0.0,0.0,0.0,0.0,1.0,0.0,0.0,0.0,0.0,1.0,27.612052263532384,91.13561248779295,7.584285770143781,23.66,98.88,0.705266525333551,8.32490008654472
SABANALARGA,2022,5,20,1,1.0,0.0,0.0,0.0,0.0,0.0,0.0,0.0,0.0,0.0,0.0,0.0,1.0,1.0,0.0,0.0,1.0,0.0,1.0,1.0,0.0,1.0,0.0,0.0,0.0,0.0,1.0,0.0,0.0,1.0,0.0,0.0,27.510158429827023,91.24744524274554,8.010714258466448,23.66,98.88,0.705266525333551,8.32490008654472
SABANALARGA,2022,6,21,4,0.5,0.0,0.25,0.0,0.25,0.0,0.0,0.75,0.0,0.0,0.0,0.0,0.25,1.0,0.0,0.5,0.5,0.0,1.0,0.75,0.25,1.0,0.0,0.0,0.0,0.0,1.0,0.0,0.0,0.25,0.0,0.75,27.9086613246373,90.8233413696289,5.212142825126648,23.66,98.88,0.705266525333551,8.32490008654472
SABANALARGA,2022,6,22,8,0.5,0.0,0.125,0.0,0.375,0.0,0.0,0.375,0.0,0.0,0.0,0.0,0.625,1.0,0.0,0.125,0.875,0.0,1.0,0.625,0.375,1.0,0.0,0.0,0.0,0.0,1.0,0.0,0.0,0.5,0.0,0.5,27.50156119210381,92.01754651750836,9.73357139314924,23.66,98.88,0.705266525333551,8.32490008654472
SABANALARGA,2022,6,23,6,0.3333333333333333,0.1666666666666666,0.0,0.0,0.3333333333333333,0.0,0.1666666666666666,0.3333333333333333,0.0,0.0,0.0,0.0,0.6666666666666666,0.8333333333333334,0.1666666666666666,0.3333333333333333,0.6666666666666666,0.0,1.0,0.5,0.5,1.0,0.0,0.0,0.0,0.0,0.8333333333333334,0.1666666666666666,0.0,0.8333333333333334,0.0,0.1666666666666666,26.73533673967636,91.96505192347936,18.81500005722046,23.66,98.88,0.705266525333551,8.32490008654472
SABANALARGA,2022,6,24,2,0.5,0.0,0.0,0.0,0.0,0.0,0.5,0.5,0.0,0.0,0.0,0.0,0.5,0.0,1.0,0.0,1.0,0.0,1.0,0.5,0.5,1.0,0.0,0.0,0.0,0.0,1.0,0.0,0.0,0.0,0.0,1.0,26.67442365373886,91.95543779645648,14.261428696768624,23.66,98.88,0.705266525333551,8.32490008654472
SABANALARGA,2022,7,25,7,0.5714285714285714,0.1428571428571428,0.0,0.1428571428571428,0.1428571428571428,0.0,0.0,0.0,0.0,0.0,0.0,0.0,1.0,1.0,0.0,0.0,1.0,0.0,1.0,0.1428571428571428,0.8571428571428571,1.0,0.0,0.0,0.0,0.0,0.8571428571428571,0.1428571428571428,0.0,0.8571428571428571,0.0,0.1428571428571428,26.95819135393417,92.77910940987724,13.50785732269287,23.66,98.88,0.705266525333551,8.32490008654472
SABANALARGA,2022,7,26,9,0.2222222222222222,0.1111111111111111,0.0,0.0,0.3333333333333333,0.0,0.3333333333333333,0.2222222222222222,0.0,0.0,0.0,0.0,0.7777777777777778,1.0,0.0,0.3333333333333333,0.6666666666666666,0.0,1.0,0.4444444444444444,0.5555555555555556,1.0,0.0,0.0,0.0,0.0,0.7777777777777778,0.1111111111111111,0.1111111111111111,0.5555555555555556,0.0,0.4444444444444444,26.7501900809152,92.39836992536272,9.379285778318131,23.66,98.88,0.705266525333551,8.32490008654472
SABANALARGA,2022,7,27,17,0.4705882352941176,0.2352941176470588,0.0,0.0,0.1764705882352941,0.0,0.1176470588235294,0.3529411764705882,0.0,0.0,0.0,0.0,0.6470588235294118,1.0,0.0,0.2941176470588235,0.7058823529411765,0.0,1.0,0.4705882352941176,0.5294117647058824,1.0,0.0,0.0,0.0,0.0,1.0,0.0,0.0,0.7647058823529411,0.0,0.2352941176470588,27.94143066406252,92.95115007672992,8.382857118334089,23.66,98.88,0.705266525333551,8.32490008654472
SABANALARGA,2022,7,28,7,0.4285714285714285,0.1428571428571428,0.0,0.0,0.4285714285714285,0.0,0.0,0.4285714285714285,0.0,0.0,0.0,0.1428571428571428,0.4285714285714285,0.8571428571428571,0.1428571428571428,0.5714285714285714,0.4285714285714285,0.0,1.0,0.7142857142857143,0.2857142857142857,1.0,0.0,0.0,0.0,0.0,1.0,0.0,0.0,0.7142857142857143,0.0,0.2857142857142857,27.596259416852693,92.64094761439732,9.079285630158015,23.66,98.88,0.705266525333551,8.32490008654472
SABANALARGA,2022,8,29,9,0.6666666666666666,0.0,0.1111111111111111,0.0,0.1111111111111111,0.0,0.1111111111111111,0.4444444444444444,0.0,0.0,0.1111111111111111,0.0,0.4444444444444444,0.8888888888888888,0.1111111111111111,0.2222222222222222,0.7777777777777778,0.0,1.0,0.3333333333333333,0.6666666666666666,1.0,0.0,0.0,0.0,0.0,1.0,0.0,0.0,0.7777777777777778,0.0,0.2222222222222222,27.663071114676352,93.27806527273997,6.471428462437221,23.66,98.88,0.705266525333551,8.32490008654472
SABANALARGA,2022,8,30,15,0.3333333333333333,0.2666666666666666,0.0,0.0,0.2666666666666666,0.0,0.1333333333333333,0.5333333333333333,0.0,0.0,0.0,0.0,0.4666666666666667,1.0,0.0,0.3333333333333333,0.6666666666666666,0.0,1.0,0.4,0.6,1.0,0.0,0.0,0.0,0.0,0.9333333333333332,0.0666666666666666,0.0,0.8,0.0,0.2,27.08287963867189,93.74129922049386,12.343571305274963,23.66,98.88,0.705266525333551,8.32490008654472
SABANALARGA,2022,8,31,10,0.5,0.1,0.1,0.0,0.3,0.0,0.0,0.3,0.0,0.0,0.0,0.0,0.7,1.0,0.0,0.5,0.5,0.0,1.0,0.6,0.4,1.0,0.0,0.0,0.0,0.0,0.9,0.1,0.0,0.9,0.0,0.1,27.37339390345984,92.30652182442802,20.23428572501455,23.66,98.88,0.705266525333551,8.32490008654472
SABANALARGA,2022,8,32,12,0.3333333333333333,0.0,0.0833333333333333,0.0,0.25,0.0,0.3333333333333333,0.25,0.0,0.0833333333333333,0.0,0.0,0.6666666666666666,1.0,0.0,0.5833333333333334,0.4166666666666667,0.0,1.0,0.3333333333333333,0.6666666666666666,1.0,0.0,0.0,0.0,0.0,1.0,0.0,0.0,0.8333333333333334,0.0,0.1666666666666666,27.339648001534616,94.0924584524972,9.03642841747829,23.66,98.88,0.705266525333551,8.32490008654472
SABANALARGA,2022,9,33,13,0.3076923076923077,0.1538461538461538,0.0,0.0,0.4615384615384615,0.0,0.0769230769230769,0.1538461538461538,0.0,0.0,0.0,0.0,0.8461538461538461,0.9230769230769232,0.0769230769230769,0.2307692307692307,0.7692307692307693,0.0,1.0,0.5384615384615384,0.4615384615384615,1.0,0.0,0.0,0.0,0.0,1.0,0.0,0.0,0.5384615384615384,0.0,0.4615384615384615,27.3921338762556,93.34403228759766,15.381428582327706,23.66,98.88,0.705266525333551,8.32490008654472
SABANALARGA,2022,9,34,12,0.5833333333333334,0.0,0.0,0.0,0.1666666666666666,0.0,0.25,0.1666666666666666,0.0,0.0,0.0,0.0,0.8333333333333334,1.0,0.0,0.4166666666666667,0.5833333333333334,0.0,1.0,0.75,0.25,1.0,0.0,0.0,0.0,0.0,1.0,0.0,0.0,0.9166666666666666,0.0,0.0833333333333333,26.83608398437502,93.74794224330356,11.920714463506426,23.66,98.88,0.705266525333551,8.32490008654472
SABANALARGA,2022,9,35,10,0.9,0.0,0.0,0.0,0.1,0.0,0.0,0.3,0.0,0.0,0.1,0.0,0.6,1.0,0.0,0.4,0.6,0.0,1.0,0.3,0.7,1.0,0.0,0.0,0.0,0.0,0.9,0.1,0.0,1.0,0.0,0.0,26.981092616489978,94.62472316196988,9.56571432522365,23.66,98.88,0.705266525333551,8.32490008654472
SABANALARGA,2022,9,36,6,0.6666666666666666,0.0,0.0,0.0,0.3333333333333333,0.0,0.0,0.0,0.0,0.0,0.0,0.0,1.0,1.0,0.0,0.3333333333333333,0.6666666666666666,0.0,1.0,0.5,0.5,1.0,0.0,0.0,0.0,0.0,1.0,0.0,0.0,0.5,0.0,0.5,27.265860857282384,94.45962742396765,7.356428452900478,23.66,98.88,0.705266525333551,8.32490008654472
SABANALARGA,2022,10,37,8,0.375,0.25,0.0,0.0,0.25,0.0,0.125,0.25,0.0,0.0,0.0,0.0,0.75,0.75,0.25,0.25,0.75,0.0,1.0,0.625,0.375,1.0,0.0,0.0,0.0,0.0,1.0,0.0,0.0,0.75,0.0,0.25,26.949504743303585,94.30221993582587,10.672856841768535,23.66,98.88,0.705266525333551,8.32490008654472
SABANALARGA,2022,10,38,6,0.5,0.0,0.0,0.0,0.3333333333333333,0.0,0.1666666666666666,0.6666666666666666,0.0,0.0,0.0,0.0,0.3333333333333333,1.0,0.0,0.6666666666666666,0.3333333333333333,0.0,1.0,0.5,0.5,1.0,0.0,0.0,0.0,0.0,1.0,0.0,0.0,1.0,0.0,0.0,26.16442914690293,94.09969111851284,9.907142775399343,23.66,98.88,0.705266525333551,8.32490008654472
SABANALARGA,2022,10,39,5,0.6,0.2,0.0,0.0,0.2,0.0,0.0,0.0,0.0,0.0,0.0,0.0,1.0,1.0,0.0,0.6,0.4,0.0,1.0,0.6,0.4,1.0,0.0,0.0,0.0,0.0,1.0,0.0,0.0,1.0,0.0,0.0,26.56675763811386,94.71773529052734,6.547857148306711,23.66,98.88,0.705266525333551,8.32490008654472
SABANALARGA,2022,10,40,5,0.6,0.0,0.0,0.0,0.4,0.0,0.0,0.2,0.0,0.0,0.0,0.0,0.8,1.0,0.0,0.4,0.6,0.0,1.0,0.6,0.4,1.0,0.0,0.0,0.0,0.0,1.0,0.0,0.0,0.8,0.0,0.2,26.679190935407387,93.53163800920758,12.062142865998403,23.66,98.88,0.705266525333551,8.32490008654472
SABANALARGA,2022,11,41,8,0.5,0.0,0.0,0.0,0.5,0.0,0.0,0.125,0.0,0.0,0.0,0.0,0.875,1.0,0.0,0.25,0.75,0.0,1.0,0.375,0.625,1.0,0.0,0.0,0.0,0.0,1.0,0.0,0.0,0.875,0.0,0.125,26.679631260463196,94.23165348597936,9.16357149396624,23.66,98.88,0.705266525333551,8.32490008654472
SABANALARGA,2022,11,42,10,0.5,0.1,0.0,0.0,0.3,0.0,0.1,0.3,0.0,0.0,0.0,0.0,0.7,0.9,0.1,0.5,0.5,0.0,1.0,0.4,0.6,1.0,0.0,0.0,0.0,0.0,0.9,0.1,0.0,0.9,0.0,0.1,26.831898716517863,94.38200051443916,9.9864285332816,23.66,98.88,0.705266525333551,8.32490008654472
SABANALARGA,2022,11,43,14,0.5714285714285714,0.0714285714285714,0.0,0.0,0.2142857142857142,0.0,0.1428571428571428,0.2142857142857142,0.0,0.0,0.0714285714285714,0.0,0.7142857142857143,1.0,0.0,0.2857142857142857,0.7142857142857143,0.0,1.0,0.2142857142857142,0.7857142857142857,1.0,0.0,0.0,0.0,0.0,1.0,0.0,0.0,0.7142857142857143,0.0,0.2857142857142857,26.511451067243325,93.661130632673,8.032857239246367,23.66,98.88,0.705266525333551,8.32490008654472
SABANALARGA,2022,11,44,10,0.7,0.2,0.0,0.1,0.0,0.0,0.0,0.4,0.0,0.0,0.0,0.0,0.6,0.9,0.1,0.2,0.8,0.0,1.0,0.5,0.5,1.0,0.0,0.0,0.0,0.0,1.0,0.0,0.0,0.7,0.0,0.3,26.42132175990515,94.17066083635602,11.668571591377258,23.66,98.88,0.705266525333551,8.32490008654472
SABANALARGA,2022,12,45,4,0.0,0.0,0.0,0.0,1.0,0.0,0.0,0.25,0.0,0.0,0.0,0.0,0.75,1.0,0.0,0.5,0.5,0.0,1.0,0.5,0.5,1.0,0.0,0.0,0.0,0.0,0.75,0.25,0.0,0.75,0.0,0.25,25.35609915597099,94.59467206682476,13.227142538343156,23.66,98.88,0.705266525333551,8.32490008654472
SABANALARGA,2022,12,46,5,0.6,0.0,0.0,0.0,0.2,0.2,0.0,0.4,0.0,0.0,0.0,0.0,0.6,1.0,0.0,0.2,0.8,0.0,1.0,0.6,0.4,1.0,0.0,0.0,0.0,0.0,1.0,0.0,0.0,0.8,0.0,0.2,26.187918962751134,94.74597494942802,19.252143178667342,23.66,98.88,0.705266525333551,8.32490008654472
SABANALARGA,2022,12,47,8,0.75,0.0,0.0,0.0,0.25,0.0,0.0,0.25,0.0,0.0,0.0,0.0,0.75,1.0,0.0,0.625,0.375,0.0,1.0,0.25,0.75,1.0,0.0,0.0,0.0,0.0,1.0,0.0,0.0,0.875,0.0,0.125,26.725793457031266,93.9973863874163,5.580714362008231,23.66,98.88,0.705266525333551,8.32490008654472
SABANALARGA,2022,12,48,8,0.5,0.0,0.0,0.125,0.25,0.0,0.125,0.25,0.0,0.0,0.0,0.0,0.75,0.875,0.125,0.5,0.5,0.0,1.0,0.5,0.5,1.0,0.0,0.0,0.0,0.0,0.875,0.125,0.0,0.875,0.0,0.125,26.386466326032377,93.12411063058036,6.417857067925589,23.66,98.88,0.705266525333551,8.32490008654472
SABANALARGA,2022,13,49,7,0.8571428571428571,0.0,0.0,0.0,0.0,0.0,0.1428571428571428,0.2857142857142857,0.0,0.0,0.0,0.0,0.7142857142857143,1.0,0.0,0.7142857142857143,0.2857142857142857,0.0,1.0,0.4285714285714285,0.5714285714285714,1.0,0.0,0.0,0.0,0.0,1.0,0.0,0.0,1.0,0.0,0.0,26.23395036969868,90.50462777273997,5.582142863954816,23.66,98.88,0.705266525333551,8.32490008654472
SABANALARGA,2022,13,50,7,0.2857142857142857,0.0,0.0,0.0,0.7142857142857143,0.0,0.0,0.4285714285714285,0.0,0.0,0.2857142857142857,0.0,0.2857142857142857,1.0,0.0,0.7142857142857143,0.2857142857142857,0.0,1.0,0.7142857142857143,0.2857142857142857,1.0,0.0,0.0,0.0,0.0,1.0,0.0,0.0,1.0,0.0,0.0,26.65679539271765,91.87015097481864,7.107857419976166,23.66,98.88,0.705266525333551,8.32490008654472
SABANALARGA,2022,13,51,6,0.3333333333333333,0.5,0.0,0.0,0.1666666666666666,0.0,0.0,0.5,0.0,0.0,0.0,0.0,0.5,1.0,0.0,0.5,0.5,0.0,1.0,0.3333333333333333,0.6666666666666666,1.0,0.0,0.0,0.0,0.0,0.8333333333333334,0.1666666666666666,0.0,0.8333333333333334,0.0,0.1666666666666666,27.265180751255595,89.34106881277901,2.571428571428572,23.66,98.88,0.705266525333551,8.32490008654472
SABANALARGA,2022,13,52,5,0.2,0.4,0.0,0.0,0.2,0.0,0.2,0.2,0.0,0.0,0.0,0.0,0.8,1.0,0.0,0.6,0.4,0.0,1.0,0.8,0.2,1.0,0.0,0.0,0.0,0.0,1.0,0.0,0.0,1.0,0.0,0.0,26.8965305873326,90.20578438895087,0.6428571428571429,23.66,98.88,0.705266525333551,8.32490008654472
SABANALARGA,2023,1,1,3,0.3333333333333333,0.0,0.0,0.0,0.6666666666666666,0.0,0.0,0.6666666666666666,0.0,0.0,0.0,0.0,0.3333333333333333,1.0,0.0,0.6666666666666666,0.3333333333333333,0.0,1.0,1.0,0.0,1.0,0.0,0.0,0.0,0.0,1.0,0.0,0.0,1.0,0.0,0.0,27.069412667410724,92.16145433698382,3.3014285692146847,23.51,98.36,0.705266525333551,8.32490008654472
SABANALARGA,2023,1,2,2,0.5,0.0,0.0,0.0,0.0,0.0,0.5,0.5,0.0,0.0,0.0,0.0,0.5,1.0,0.0,1.0,0.0,0.0,1.0,0.0,1.0,1.0,0.0,0.0,0.0,0.0,1.0,0.0,0.0,1.0,0.0,0.0,27.04388471330916,91.31694902692524,2.355714247695037,23.51,98.36,0.705266525333551,8.32490008654472
SABANALARGA,2023,1,3,5,0.4,0.4,0.0,0.0,0.2,0.0,0.0,0.8,0.0,0.0,0.0,0.0,0.2,1.0,0.0,0.8,0.2,0.0,1.0,0.2,0.8,1.0,0.0,0.0,0.0,0.0,1.0,0.0,0.0,0.8,0.0,0.2,27.24044189453127,89.33075823102679,3.642857142857143,23.51,98.36,0.705266525333551,8.32490008654472
SABANALARGA,2023,1,4,4,0.25,0.0,0.0,0.0,0.25,0.0,0.5,0.5,0.0,0.0,0.0,0.0,0.5,1.0,0.0,0.75,0.25,0.0,1.0,0.5,0.5,1.0,0.0,0.0,0.0,0.0,1.0,0.0,0.0,0.75,0.0,0.25,27.83249380929132,84.2442398071289,0.0,23.51,98.36,0.705266525333551,8.32490008654472
SABANALARGA,2023,2,5,3,0.0,0.0,0.0,0.0,1.0,0.0,0.0,0.6666666666666666,0.0,0.0,0.0,0.0,0.3333333333333333,1.0,0.0,0.3333333333333333,0.6666666666666666,0.0,1.0,0.3333333333333333,0.6666666666666666,1.0,0.0,0.0,0.0,0.0,1.0,0.0,0.0,1.0,0.0,0.0,26.92275390625002,85.14336395263672,0.0714285714285714,23.51,98.36,0.705266525333551,8.32490008654472
SABANALARGA,2023,2,6,1,1.0,0.0,0.0,0.0,0.0,0.0,0.0,0.0,0.0,0.0,0.0,0.0,1.0,1.0,0.0,1.0,0.0,0.0,1.0,0.0,1.0,1.0,0.0,0.0,0.0,0.0,0.0,1.0,0.0,1.0,0.0,0.0,27.7277531215123,84.08038984026227,1.7857142857142858,23.51,98.36,0.705266525333551,8.32490008654472
SABANALARGA,2023,2,7,2,0.0,0.5,0.0,0.5,0.0,0.0,0.0,0.5,0.0,0.0,0.0,0.0,0.5,0.5,0.5,0.0,1.0,0.0,1.0,0.5,0.5,1.0,0.0,0.0,0.0,0.0,1.0,0.0,0.0,0.5,0.0,0.5,27.56028573172435,83.98237064906529,3.7935714285288538,23.51,98.36,0.705266525333551,8.32490008654472
SABANALARGA,2023,2,8,2,0.0,1.0,0.0,0.0,0.0,0.0,0.0,1.0,0.0,0.0,0.0,0.0,0.0,1.0,0.0,0.5,0.5,0.0,1.0,0.5,0.5,1.0,0.0,0.0,0.0,0.0,1.0,0.0,0.0,0.5,0.0,0.5,27.06254185267859,82.76934487479073,0.0,23.51,98.36,0.705266525333551,8.32490008654472
SABANALARGA,2023,3,9,1,1.0,0.0,0.0,0.0,0.0,0.0,0.0,1.0,0.0,0.0,0.0,0.0,0.0,1.0,0.0,1.0,0.0,0.0,1.0,1.0,0.0,1.0,0.0,0.0,0.0,0.0,1.0,0.0,0.0,1.0,0.0,0.0,27.404391043526807,86.60724748883929,0.0014285713966403,23.51,98.36,0.705266525333551,8.32490008654472
SABANALARGA,2023,3,10,1,1.0,0.0,0.0,0.0,0.0,0.0,0.0,0.0,0.0,0.0,0.0,1.0,0.0,1.0,0.0,1.0,0.0,0.0,1.0,0.0,1.0,1.0,0.0,0.0,0.0,0.0,1.0,0.0,0.0,0.0,0.0,1.0,27.2157902308873,87.32689666748047,2.102142859782492,23.51,98.36,0.705266525333551,8.32490008654472
SABANALARGA,2023,3,11,1,0.0,1.0,0.0,0.0,0.0,0.0,0.0,1.0,0.0,0.0,0.0,0.0,0.0,1.0,0.0,1.0,0.0,0.0,1.0,0.0,1.0,1.0,0.0,0.0,0.0,0.0,1.0,0.0,0.0,1.0,0.0,0.0,27.445142909458717,90.87736402239118,12.41785730634417,23.51,98.36,0.705266525333551,8.32490008654472
SABANALARGA,2023,4,13,2,0.0,0.0,1.0,0.0,0.0,0.0,0.0,0.0,0.0,0.0,0.0,0.0,1.0,1.0,0.0,0.0,1.0,0.0,1.0,1.0,0.0,1.0,0.0,0.0,0.0,0.0,0.5,0.5,0.0,0.5,0.0,0.5,28.2432560511998,82.85305459158761,7.3092858493328094,23.51,98.36,0.705266525333551,8.32490008654472
SABANALARGA,2023,4,14,1,1.0,0.0,0.0,0.0,0.0,0.0,0.0,1.0,0.0,0.0,0.0,0.0,0.0,1.0,0.0,1.0,0.0,0.0,1.0,0.0,1.0,1.0,0.0,0.0,0.0,0.0,1.0,0.0,0.0,0.0,0.0,1.0,28.43807155064176,83.47814178466797,2.160714341061456,23.51,98.36,0.705266525333551,8.32490008654472
SABANALARGA,2023,4,15,1,0.0,1.0,0.0,0.0,0.0,0.0,0.0,1.0,0.0,0.0,0.0,0.0,0.0,1.0,0.0,0.0,1.0,0.0,1.0,1.0,0.0,1.0,0.0,0.0,0.0,0.0,0.0,1.0,0.0,1.0,0.0,0.0,28.571426827566984,84.88448987688336,7.139999996338572,23.51,98.36,0.705266525333551,8.32490008654472
SABANALARGA,2023,4,16,1,1.0,0.0,0.0,0.0,0.0,0.0,0.0,0.0,0.0,0.0,0.0,0.0,1.0,1.0,0.0,0.0,1.0,0.0,1.0,0.0,1.0,1.0,0.0,0.0,0.0,0.0,0.0,0.0,1.0,0.0,0.0,1.0,27.381901768275693,88.20663234165737,11.476428642868996,23.51,98.36,0.705266525333551,8.32490008654472
SABANALARGA,2023,5,19,1,1.0,0.0,0.0,0.0,0.0,0.0,0.0,1.0,0.0,0.0,0.0,0.0,0.0,1.0,0.0,0.0,1.0,0.0,1.0,0.0,1.0,1.0,0.0,0.0,0.0,0.0,1.0,0.0,0.0,0.0,0.0,1.0,29.003270176478814,87.44838060651507,2.724999973816531,23.51,98.36,0.705266525333551,8.32490008654472
SABANALARGA,2023,5,20,1,0.0,1.0,0.0,0.0,0.0,0.0,0.0,0.0,0.0,0.0,0.0,0.0,1.0,1.0,0.0,1.0,0.0,0.0,1.0,0.0,1.0,1.0,0.0,0.0,0.0,0.0,1.0,0.0,0.0,0.0,0.0,1.0,28.717758614676363,89.05261993408203,10.065714248589106,23.51,98.36,0.705266525333551,8.32490008654472
SABANALARGA,2023,6,21,1,1.0,0.0,0.0,0.0,0.0,0.0,0.0,1.0,0.0,0.0,0.0,0.0,0.0,1.0,0.0,0.0,1.0,0.0,1.0,1.0,0.0,1.0,0.0,0.0,0.0,0.0,1.0,0.0,0.0,0.0,0.0,1.0,27.956209891183057,90.8605662754604,8.97928558077131,23.51,98.36,0.705266525333551,8.32490008654472
SABANALARGA,2023,6,22,1,0.0,1.0,0.0,0.0,0.0,0.0,0.0,0.0,0.0,0.0,0.0,0.0,1.0,1.0,0.0,0.0,1.0,0.0,1.0,0.0,1.0,1.0,0.0,0.0,0.0,0.0,1.0,0.0,0.0,0.0,0.0,1.0,27.959104701450904,91.55584825788226,23.287857123783656,23.51,98.36,0.705266525333551,8.32490008654472
SABANALARGA,2023,7,26,1,0.0,1.0,0.0,0.0,0.0,0.0,0.0,0.0,0.0,0.0,0.0,0.0,1.0,1.0,0.0,1.0,0.0,0.0,1.0,0.0,1.0,1.0,0.0,0.0,0.0,0.0,1.0,0.0,0.0,0.0,0.0,1.0,28.310294451032384,91.41147940499442,15.626428510461537,23.51,98.36,0.705266525333551,8.32490008654472
SABANALARGA,2023,8,29,1,1.0,0.0,0.0,0.0,0.0,0.0,0.0,1.0,0.0,0.0,0.0,0.0,0.0,1.0,0.0,0.0,1.0,0.0,1.0,0.0,1.0,1.0,0.0,0.0,0.0,0.0,1.0,0.0,0.0,1.0,0.0,0.0,29.014869035993325,90.41693224225726,2.718571366210069,23.51,98.36,0.705266525333551,8.32490008654472
SABANALARGA,2023,8,30,1,1.0,0.0,0.0,0.0,0.0,0.0,0.0,0.0,0.0,0.0,0.0,0.0,1.0,1.0,0.0,1.0,0.0,0.0,1.0,1.0,0.0,1.0,0.0,0.0,0.0,0.0,1.0,0.0,0.0,0.0,0.0,1.0,28.67593209402903,90.27928052629744,6.293571616922106,23.51,98.36,0.705266525333551,8.32490008654472
SABANALARGA,2023,8,31,2,0.5,0.0,0.0,0.0,0.5,0.0,0.0,0.0,0.0,0.0,0.0,0.0,1.0,1.0,0.0,0.5,0.5,0.0,1.0,0.0,1.0,1.0,0.0,0.0,0.0,0.0,0.5,0.5,0.0,0.0,0.0,1.0,29.085804966517863,91.26440320696148,2.722857113129326,23.51,98.36,0.705266525333551,8.32490008654472
SABANALARGA,2023,8,32,1,0.0,0.0,1.0,0.0,0.0,0.0,0.0,0.0,0.0,0.0,0.0,0.0,1.0,0.0,1.0,0.0,1.0,0.0,1.0,0.0,1.0,1.0,0.0,0.0,0.0,0.0,1.0,0.0,0.0,0.0,0.0,1.0,28.67649012974332,91.86836351667132,4.790714263916016,23.51,98.36,0.705266525333551,8.32490008654472
SABANALARGA,2023,9,33,2,0.0,0.5,0.0,0.0,0.5,0.0,0.0,0.5,0.0,0.0,0.0,0.0,0.5,1.0,0.0,0.5,0.5,0.0,1.0,0.0,1.0,1.0,0.0,0.0,0.0,0.0,0.0,0.5,0.5,0.0,0.0,1.0,28.10672040666854,92.92992401123048,5.353571346827915,23.51,98.36,0.705266525333551,8.32490008654472
SABANALARGA,2023,9,35,2,0.5,0.0,0.5,0.0,0.0,0.0,0.0,0.0,0.0,0.0,0.0,0.0,1.0,1.0,0.0,0.0,1.0,0.0,1.0,0.0,1.0,1.0,0.0,0.0,0.0,0.0,0.5,0.5,0.0,0.0,0.0,1.0,28.696008300781276,93.00084032331196,5.452857377273696,23.51,98.36,0.705266525333551,8.32490008654472
SABANALARGA,2023,10,37,1,0.0,0.0,0.0,0.0,1.0,0.0,0.0,0.0,0.0,0.0,0.0,0.0,1.0,1.0,0.0,0.0,1.0,0.0,1.0,1.0,0.0,1.0,0.0,0.0,0.0,0.0,0.0,1.0,0.0,0.0,0.0,1.0,28.04783673967636,93.4446792602539,3.737857222557068,23.51,98.36,0.705266525333551,8.32490008654472
SABANALARGA,2023,10,40,2,0.0,0.5,0.0,0.0,0.0,0.0,0.5,0.0,0.0,0.0,0.0,0.0,1.0,1.0,0.0,0.5,0.5,0.0,1.0,0.5,0.5,1.0,0.0,0.0,0.0,0.0,0.0,0.5,0.5,0.0,0.0,1.0,27.577427891322564,94.2160851614816,13.4957144175257,23.51,98.36,0.705266525333551,8.32490008654472
SABANALARGA,2023,11,42,1,0.0,1.0,0.0,0.0,0.0,0.0,0.0,0.0,0.0,0.0,0.0,0.0,1.0,1.0,0.0,0.0,1.0,0.0,1.0,0.0,1.0,1.0,0.0,0.0,0.0,0.0,1.0,0.0,0.0,0.0,0.0,1.0,27.66185695103238,93.48154667445591,5.637142896652222,23.51,98.36,0.705266525333551,8.32490008654472
SABANALARGA,2023,11,43,3,0.0,0.6666666666666666,0.0,0.3333333333333333,0.0,0.0,0.0,0.0,0.0,0.0,0.0,0.3333333333333333,0.6666666666666666,1.0,0.0,0.3333333333333333,0.6666666666666666,0.0,1.0,0.6666666666666666,0.3333333333333333,1.0,0.0,0.0,0.0,0.0,0.6666666666666666,0.3333333333333333,0.0,0.0,0.0,1.0,26.860027204241096,93.80037362234933,17.23357139314924,23.51,98.36,0.705266525333551,8.32490008654472
SABANALARGA,2023,12,45,1,0.0,1.0,0.0,0.0,0.0,0.0,0.0,0.0,0.0,0.0,0.0,0.0,1.0,1.0,0.0,0.0,1.0,0.0,1.0,1.0,0.0,1.0,0.0,0.0,0.0,0.0,1.0,0.0,0.0,0.0,0.0,1.0,28.09040440150671,93.8738272530692,3.017142810991832,23.51,98.36,0.705266525333551,8.32490008654472
SABANALARGA,2023,12,47,1,0.0,1.0,0.0,0.0,0.0,0.0,0.0,0.0,0.0,0.0,0.0,0.0,1.0,1.0,0.0,0.0,1.0,0.0,1.0,1.0,0.0,1.0,0.0,0.0,0.0,0.0,1.0,0.0,0.0,0.0,0.0,1.0,26.90000741141184,93.77720097133091,6.250714438302176,23.51,98.36,0.705266525333551,8.32490008654472
SABANALARGA,2023,13,50,3,0.6666666666666666,0.3333333333333333,0.0,0.0,0.0,0.0,0.0,0.3333333333333333,0.0,0.0,0.0,0.0,0.6666666666666666,1.0,0.0,0.6666666666666666,0.3333333333333333,0.0,1.0,0.3333333333333333,0.6666666666666666,1.0,0.0,0.0,0.0,0.0,1.0,0.0,0.0,0.3333333333333333,0.0,0.6666666666666666,28.157460239955373,89.11961800711495,2.855714278029544,23.51,98.36,0.705266525333551,8.32490008654472
SANTA LUCÍA,2019,4,14,1,1.0,0.0,0.0,0.0,0.0,0.0,0.0,0.0,0.0,0.0,0.0,0.0,1.0,1.0,0.0,0.0,1.0,0.0,1.0,1.0,0.0,0.0,0.0,0.0,0.0,1.0,1.0,0.0,0.0,0.0,0.0,1.0,29.347130621047267,83.4671881539481,4.304761893692471,22.29,93.6,2.134185015397168,9.113102284704611
SANTA LUCÍA,2019,13,49,1,0.0,0.0,0.0,0.0,1.0,0.0,0.0,0.0,0.0,0.0,0.0,0.0,1.0,1.0,0.0,1.0,0.0,0.0,1.0,1.0,0.0,0.0,0.0,0.0,0.0,1.0,1.0,0.0,0.0,0.0,0.0,1.0,28.166010248093404,91.3131586710612,3.41952377983502,22.29,93.6,2.134185015397168,9.113102284704611
SANTA LUCÍA,2019,13,50,1,0.0,0.0,0.0,0.0,1.0,0.0,0.0,0.0,0.0,0.0,0.0,0.0,1.0,1.0,0.0,1.0,0.0,0.0,1.0,0.0,1.0,0.0,0.0,0.0,0.0,1.0,1.0,0.0,0.0,0.0,0.0,1.0,28.2305149623326,90.00005594889322,5.504761994772015,22.29,93.6,2.134185015397168,9.113102284704611
SANTA LUCÍA,2020,1,4,1,0.0,0.0,0.0,0.0,1.0,0.0,0.0,0.0,0.0,0.0,0.0,0.0,1.0,1.0,0.0,1.0,0.0,0.0,1.0,0.0,1.0,0.0,0.0,0.0,0.0,1.0,1.0,0.0,0.0,1.0,0.0,0.0,27.982709321521607,87.44963328043619,6.545714287530807,24.0,100.0,2.134185015397168,9.113102284704611
SANTA LUCÍA,2020,5,17,1,1.0,0.0,0.0,0.0,0.0,0.0,0.0,0.0,0.0,0.0,0.0,1.0,0.0,1.0,0.0,0.0,1.0,0.0,1.0,0.0,1.0,0.0,0.0,0.0,0.0,1.0,1.0,0.0,0.0,1.0,0.0,0.0,29.73479541596915,84.88409242175874,1.89619046662535,24.0,100.0,2.134185015397168,9.113102284704611
SANTA LUCÍA,2020,5,20,2,0.5,0.5,0.0,0.0,0.0,0.0,0.0,0.0,0.0,0.0,0.0,0.0,1.0,1.0,0.0,0.5,0.5,0.0,1.0,0.5,0.5,0.0,0.0,0.0,0.0,1.0,1.0,0.0,0.0,0.5,0.0,0.5,28.987802124023464,87.46381269182477,5.57000005812872,24.0,100.0,2.134185015397168,9.113102284704611
SANTA LUCÍA,2020,6,22,1,0.0,0.0,0.0,0.0,1.0,0.0,0.0,0.0,0.0,0.0,0.0,0.0,1.0,1.0,0.0,0.0,1.0,0.0,1.0,0.0,1.0,0.0,0.0,0.0,0.0,1.0,1.0,0.0,0.0,0.0,0.0,1.0,28.133210391090053,88.38578505743116,11.831428692454384,24.0,100.0,2.134185015397168,9.113102284704611
SANTA LUCÍA,2020,6,23,2,0.5,0.0,0.0,0.0,0.5,0.0,0.0,0.0,0.0,0.0,0.0,0.0,1.0,1.0,0.0,0.0,1.0,0.0,1.0,0.5,0.5,0.0,0.0,0.0,0.0,1.0,1.0,0.0,0.0,0.0,0.0,1.0,28.56446446010048,88.17139216831752,6.346666622729528,24.0,100.0,2.134185015397168,9.113102284704611
SANTA LUCÍA,2020,7,26,1,0.0,0.0,0.0,0.0,1.0,0.0,0.0,0.0,0.0,0.0,0.0,0.0,1.0,1.0,0.0,1.0,0.0,0.0,1.0,1.0,0.0,0.0,0.0,0.0,0.0,1.0,1.0,0.0,0.0,0.0,0.0,1.0,28.96995878673737,88.13542247953869,10.361428618431091,24.0,100.0,2.134185015397168,9.113102284704611
SANTA LUCÍA,2020,8,30,2,0.5,0.0,0.0,0.0,0.5,0.0,0.0,0.0,0.0,0.0,0.5,0.0,0.5,1.0,0.0,0.5,0.5,0.0,1.0,0.0,1.0,0.0,0.0,0.0,0.0,1.0,1.0,0.0,0.0,0.5,0.0,0.5,27.540108526320704,92.52326965332033,8.378571351369223,24.0,100.0,2.134185015397168,9.113102284704611
SANTA LUCÍA,2020,8,31,1,0.0,0.0,0.0,0.0,1.0,0.0,0.0,0.0,0.0,0.0,0.0,1.0,0.0,1.0,0.0,1.0,0.0,0.0,1.0,1.0,0.0,0.0,0.0,0.0,0.0,1.0,1.0,0.0,0.0,0.0,0.0,1.0,28.53572780064176,91.67553056989398,6.198571437881106,24.0,100.0,2.134185015397168,9.113102284704611
SANTA LUCÍA,2020,8,32,1,1.0,0.0,0.0,0.0,0.0,0.0,0.0,0.0,0.0,0.0,0.0,0.0,1.0,1.0,0.0,0.0,1.0,0.0,1.0,0.0,1.0,0.0,0.0,0.0,0.0,1.0,1.0,0.0,0.0,0.0,0.0,1.0,28.650891694568468,91.7855042957124,4.223809529628072,24.0,100.0,2.134185015397168,9.113102284704611
SANTA LUCÍA,2020,9,33,1,1.0,0.0,0.0,0.0,0.0,0.0,0.0,0.0,0.0,0.0,0.0,0.0,1.0,1.0,0.0,0.0,1.0,0.0,1.0,1.0,0.0,0.0,0.0,0.0,0.0,1.0,1.0,0.0,0.0,0.0,0.0,1.0,27.83661004929319,91.26235852922711,7.780952340080625,24.0,100.0,2.134185015397168,9.113102284704611
SANTA LUCÍA,2020,9,34,1,0.0,0.0,0.0,0.0,1.0,0.0,0.0,0.0,0.0,0.0,0.0,0.0,1.0,1.0,0.0,0.0,1.0,0.0,1.0,0.0,1.0,0.0,0.0,0.0,0.0,1.0,0.0,1.0,0.0,1.0,0.0,0.0,27.10397527785532,92.40214320591518,12.7199999718439,24.0,100.0,2.134185015397168,9.113102284704611
SANTA LUCÍA,2020,9,36,2,0.5,0.0,0.0,0.0,0.0,0.0,0.5,0.0,0.0,0.0,0.0,0.0,1.0,1.0,0.0,0.0,1.0,0.0,1.0,0.0,1.0,0.0,0.0,0.0,0.0,1.0,1.0,0.0,0.0,0.0,0.0,1.0,27.247832234700542,92.4920890444801,10.305238006370407,24.0,100.0,2.134185015397168,9.113102284704611
SANTA LUCÍA,2020,10,38,1,0.0,0.0,0.0,0.0,1.0,0.0,0.0,1.0,0.0,0.0,0.0,0.0,0.0,1.0,0.0,0.0,1.0,0.0,1.0,0.0,1.0,0.0,0.0,0.0,0.0,1.0,1.0,0.0,0.0,1.0,0.0,0.0,27.42893444242933,92.77429925827754,9.569047558875312,24.0,100.0,2.134185015397168,9.113102284704611
SANTA LUCÍA,2021,10,37,1,0.0,0.0,0.0,0.0,1.0,0.0,0.0,0.0,0.0,0.0,0.0,0.0,1.0,1.0,0.0,1.0,0.0,0.0,1.0,1.0,0.0,0.0,0.0,0.0,0.0,1.0,1.0,0.0,0.0,0.0,0.0,1.0,27.18533296130954,92.30871182396298,5.840476155281067,24.0,100.0,2.134185015397168,9.113102284704611
SANTA LUCÍA,2021,10,39,1,0.0,0.0,0.0,0.0,0.0,0.0,1.0,0.0,0.0,0.0,0.0,0.0,1.0,1.0,0.0,1.0,0.0,0.0,1.0,1.0,0.0,0.0,0.0,0.0,0.0,1.0,1.0,0.0,0.0,0.0,0.0,1.0,27.56661812918529,91.76829020182292,7.236190483683631,24.0,100.0,2.134185015397168,9.113102284704611
SANTA LUCÍA,2021,11,42,1,0.0,0.0,0.0,0.0,0.0,0.0,1.0,0.0,0.0,0.0,0.0,0.0,1.0,1.0,0.0,1.0,0.0,0.0,1.0,0.0,1.0,0.0,0.0,0.0,0.0,1.0,0.0,1.0,0.0,0.0,0.0,1.0,27.23492765880769,91.6328368414016,6.892857052031019,24.0,100.0,2.134185015397168,9.113102284704611
SANTA LUCÍA,2021,11,43,1,1.0,0.0,0.0,0.0,0.0,0.0,0.0,0.0,0.0,0.0,0.0,0.0,1.0,1.0,0.0,1.0,0.0,0.0,1.0,1.0,0.0,0.0,0.0,0.0,0.0,1.0,1.0,0.0,0.0,0.0,0.0,1.0,27.21201113746282,92.0152566092355,8.56714281581697,24.0,100.0,2.134185015397168,9.113102284704611
SANTA LUCÍA,2021,11,44,1,0.0,1.0,0.0,0.0,0.0,0.0,0.0,0.0,0.0,0.0,0.0,0.0,1.0,1.0,0.0,1.0,0.0,0.0,1.0,0.0,1.0,0.0,0.0,0.0,0.0,1.0,1.0,0.0,0.0,0.0,0.0,1.0,26.24119466145836,91.16078331356957,8.057142896311623,24.0,100.0,2.134185015397168,9.113102284704611
SANTA LUCÍA,2021,12,48,1,0.0,0.0,0.0,0.0,0.0,0.0,1.0,0.0,0.0,0.0,0.0,0.0,1.0,1.0,0.0,1.0,0.0,0.0,1.0,0.0,1.0,0.0,0.0,0.0,0.0,1.0,1.0,0.0,0.0,0.0,0.0,1.0,27.06416727701825,91.59499032156808,6.338571434929257,24.0,100.0,2.134185015397168,9.113102284704611
SANTA LUCÍA,2021,13,52,2,0.0,0.0,0.0,0.0,0.0,0.0,1.0,0.0,0.0,0.0,0.0,0.0,1.0,1.0,0.0,1.0,0.0,0.0,1.0,1.0,0.0,0.0,0.0,0.0,0.0,1.0,0.5,0.5,0.0,0.0,0.0,1.0,28.1344674246652,90.15081787109376,6.493333334014529,24.0,100.0,2.134185015397168,9.113102284704611
SANTA LUCÍA,2022,1,1,1,0.0,0.0,0.0,0.0,0.0,0.0,1.0,0.0,0.0,0.0,0.0,0.0,1.0,1.0,0.0,1.0,0.0,0.0,1.0,1.0,0.0,0.0,0.0,0.0,0.0,1.0,1.0,0.0,0.0,0.0,0.0,1.0,28.219660877046152,88.88966551281158,0.0952380952380952,24.0,100.0,2.134185015397168,9.113102284704611
SANTA LUCÍA,2022,1,3,2,0.0,0.0,0.0,0.0,0.0,0.0,1.0,0.0,0.0,0.0,0.0,0.0,1.0,1.0,0.0,1.0,0.0,0.0,1.0,0.5,0.5,0.0,0.0,0.0,0.0,1.0,1.0,0.0,0.0,0.0,0.0,1.0,28.43071463448664,87.11961546398345,11.238095056442988,24.0,100.0,2.134185015397168,9.113102284704611
SANTA LUCÍA,2022,2,6,1,0.0,0.0,0.0,0.0,0.0,0.0,1.0,0.0,0.0,0.0,0.0,0.0,1.0,1.0,0.0,1.0,0.0,0.0,1.0,0.0,1.0,0.0,0.0,0.0,0.0,1.0,1.0,0.0,0.0,0.0,0.0,1.0,28.40363754999072,86.90880657377697,2.2733333252725147,24.0,100.0,2.134185015397168,9.113102284704611
SANTA LUCÍA,2022,2,7,1,1.0,0.0,0.0,0.0,0.0,0.0,0.0,0.0,0.0,0.0,0.0,0.0,1.0,1.0,0.0,1.0,0.0,0.0,1.0,0.0,1.0,0.0,0.0,0.0,0.0,1.0,1.0,0.0,0.0,0.0,0.0,1.0,28.9487723214286,84.10345023018974,1.136666666893732,24.0,100.0,2.134185015397168,9.113102284704611
SANTA LUCÍA,2022,2,8,3,0.0,0.3333333333333333,0.0,0.0,0.3333333333333333,0.0,0.3333333333333333,0.0,0.0,0.0,0.0,0.0,1.0,1.0,0.0,1.0,0.0,0.0,1.0,0.3333333333333333,0.6666666666666666,0.0,0.0,0.0,0.0,1.0,1.0,0.0,0.0,0.0,0.0,1.0,28.730647205171152,82.23904709588912,3.1404761913276857,24.0,100.0,2.134185015397168,9.113102284704611
SANTA LUCÍA,2022,3,11,1,0.0,0.0,1.0,0.0,0.0,0.0,0.0,0.0,0.0,0.0,1.0,0.0,0.0,1.0,0.0,1.0,0.0,0.0,1.0,0.0,1.0,0.0,0.0,0.0,0.0,1.0,1.0,0.0,0.0,0.0,0.0,1.0,28.98527715773812,85.55031113397509,9.275714330729985,24.0,100.0,2.134185015397168,9.113102284704611
SANTA LUCÍA,2022,4,13,1,1.0,0.0,0.0,0.0,0.0,0.0,0.0,0.0,0.0,0.0,0.0,0.0,1.0,1.0,0.0,0.0,1.0,0.0,1.0,1.0,0.0,0.0,0.0,0.0,0.0,1.0,1.0,0.0,0.0,1.0,0.0,0.0,29.339796956380223,83.02928161621094,3.4833332463389355,24.0,100.0,2.134185015397168,9.113102284704611
SANTA LUCÍA,2022,13,50,1,1.0,0.0,0.0,0.0,0.0,0.0,0.0,0.0,0.0,0.0,0.0,0.0,1.0,1.0,0.0,1.0,0.0,0.0,1.0,0.0,1.0,0.0,0.0,0.0,0.0,1.0,1.0,0.0,0.0,0.0,0.0,1.0,27.420656912667432,91.11736842564174,9.153809569421268,24.0,100.0,2.134185015397168,9.113102284704611
SANTA LUCÍA,2023,1,2,1,0.0,0.0,0.0,1.0,0.0,0.0,0.0,0.0,0.0,0.0,0.0,0.0,1.0,1.0,0.0,0.0,1.0,0.0,1.0,0.0,1.0,0.0,0.0,0.0,0.0,1.0,1.0,0.0,0.0,0.0,0.0,1.0,27.735636829194583,89.30583990187873,2.8166666406960714,22.51,94.8,2.134185015397168,9.113102284704611
SANTA LUCÍA,2023,5,19,1,0.0,0.0,0.0,0.0,0.0,0.0,1.0,0.0,0.0,0.0,0.0,0.0,1.0,1.0,0.0,1.0,0.0,0.0,1.0,1.0,0.0,0.0,0.0,0.0,0.0,1.0,1.0,0.0,0.0,1.0,0.0,0.0,30.034528895786856,85.16888282412573,1.636666687471526,22.51,94.8,2.134185015397168,9.113102284704611
SANTO TOMÁS,2017,1,2,1,1.0,0.0,0.0,0.0,0.0,0.0,0.0,0.0,0.0,0.0,0.0,0.0,1.0,1.0,0.0,1.0,0.0,0.0,1.0,0.0,1.0,0.0,0.0,0.0,1.0,0.0,1.0,0.0,0.0,0.0,0.0,1.0,27.26278584798178,85.30631001790366,0.0328571434531893,23.94,99.88,2.537834539424502,5.124024254807073
SANTO TOMÁS,2017,6,21,1,0.0,1.0,0.0,0.0,0.0,0.0,0.0,1.0,0.0,0.0,0.0,0.0,0.0,1.0,0.0,1.0,0.0,0.0,1.0,0.0,1.0,0.0,0.0,0.0,1.0,0.0,1.0,0.0,0.0,0.0,0.0,1.0,28.287451317196822,89.75877562023345,10.951428481510709,23.94,99.88,2.537834539424502,5.124024254807073
SANTO TOMÁS,2017,6,22,1,0.0,1.0,0.0,0.0,0.0,0.0,0.0,1.0,0.0,0.0,0.0,0.0,0.0,1.0,0.0,0.0,1.0,0.0,1.0,0.0,1.0,0.0,0.0,0.0,1.0,0.0,1.0,0.0,0.0,0.0,0.0,1.0,28.333516874767504,89.01529766264414,5.508571377822331,23.94,99.88,2.537834539424502,5.124024254807073
SANTO TOMÁS,2017,6,23,1,0.0,1.0,0.0,0.0,0.0,0.0,0.0,0.0,0.0,0.0,0.0,0.0,1.0,1.0,0.0,1.0,0.0,0.0,1.0,0.0,1.0,0.0,0.0,0.0,1.0,0.0,1.0,0.0,0.0,0.0,0.0,1.0,27.973322259812143,90.78248923165458,8.872857119355883,23.94,99.88,2.537834539424502,5.124024254807073
SANTO TOMÁS,2017,7,26,1,0.0,0.0,1.0,0.0,0.0,0.0,0.0,1.0,0.0,0.0,0.0,0.0,0.0,1.0,0.0,1.0,0.0,0.0,1.0,1.0,0.0,0.0,0.0,0.0,1.0,0.0,1.0,0.0,0.0,1.0,0.0,0.0,27.951344517299137,90.76925077892484,9.144285661833626,23.94,99.88,2.537834539424502,5.124024254807073
SANTO TOMÁS,2017,8,29,1,0.0,1.0,0.0,0.0,0.0,0.0,0.0,0.0,0.0,0.0,0.0,0.0,1.0,1.0,0.0,1.0,0.0,0.0,1.0,1.0,0.0,0.0,0.0,0.0,1.0,0.0,1.0,0.0,0.0,0.0,0.0,1.0,27.67613554454988,91.87388901483446,7.43999998484339,23.94,99.88,2.537834539424502,5.124024254807073
SANTO TOMÁS,2017,8,31,2,0.0,0.5,0.0,0.0,0.5,0.0,0.0,0.5,0.0,0.0,0.0,0.0,0.5,1.0,0.0,1.0,0.0,0.0,1.0,0.5,0.5,0.0,0.0,0.0,1.0,0.0,1.0,0.0,0.0,0.0,0.0,1.0,27.070509847005237,91.86190141950335,16.54857158235141,23.94,99.88,2.537834539424502,5.124024254807073
SANTO TOMÁS,2017,9,34,2,1.0,0.0,0.0,0.0,0.0,0.0,0.0,0.5,0.0,0.0,0.0,0.0,0.5,1.0,0.0,0.5,0.5,0.0,1.0,0.5,0.5,0.0,0.0,0.0,1.0,0.0,1.0,0.0,0.0,0.0,0.0,1.0,27.404736909412215,93.269042242141,7.864285741533552,23.94,99.88,2.537834539424502,5.124024254807073
SANTO TOMÁS,2017,13,51,1,0.0,1.0,0.0,0.0,0.0,0.0,0.0,1.0,0.0,0.0,0.0,0.0,0.0,1.0,0.0,1.0,0.0,0.0,1.0,0.0,1.0,0.0,0.0,0.0,1.0,0.0,1.0,0.0,0.0,0.0,0.0,1.0,27.580269659133204,87.28514099121094,0.4285714285714285,23.94,99.88,2.537834539424502,5.124024254807073
SANTO TOMÁS,2018,1,1,1,0.0,1.0,0.0,0.0,0.0,0.0,0.0,0.0,0.0,0.0,0.0,0.0,1.0,1.0,0.0,1.0,0.0,0.0,1.0,0.0,1.0,0.0,0.0,0.0,1.0,0.0,1.0,0.0,0.0,0.0,0.0,1.0,26.747018432617228,93.10615648542132,5.9699998668261935,23.96,100.0,2.537834539424502,5.124024254807073
SANTO TOMÁS,2018,1,2,1,0.0,0.0,0.0,0.0,1.0,0.0,0.0,1.0,0.0,0.0,0.0,0.0,0.0,1.0,0.0,0.0,1.0,0.0,1.0,1.0,0.0,0.0,0.0,0.0,1.0,0.0,1.0,0.0,0.0,1.0,0.0,0.0,27.00608578636536,93.8430382864816,3.5942856754575456,23.96,100.0,2.537834539424502,5.124024254807073
SANTO TOMÁS,2018,3,9,1,1.0,0.0,0.0,0.0,0.0,0.0,0.0,0.0,0.0,0.0,0.0,0.0,1.0,1.0,0.0,0.0,1.0,0.0,1.0,1.0,0.0,0.0,0.0,0.0,1.0,0.0,1.0,0.0,0.0,0.0,0.0,1.0,26.882699584960964,87.25534202938988,0.0257142856717109,23.96,100.0,2.537834539424502,5.124024254807073
SANTO TOMÁS,2018,5,19,1,0.0,1.0,0.0,0.0,0.0,0.0,0.0,1.0,0.0,0.0,0.0,0.0,0.0,1.0,0.0,1.0,0.0,0.0,1.0,0.0,1.0,0.0,0.0,0.0,1.0,0.0,1.0,0.0,0.0,0.0,0.0,1.0,27.481639753069228,90.84772963750932,16.869999749319895,23.96,100.0,2.537834539424502,5.124024254807073
SANTO TOMÁS,2018,6,24,1,0.0,0.0,0.0,0.0,0.0,0.0,1.0,1.0,0.0,0.0,0.0,0.0,0.0,1.0,0.0,1.0,0.0,0.0,1.0,1.0,0.0,0.0,0.0,0.0,1.0,0.0,1.0,0.0,0.0,0.0,0.0,1.0,27.87961222330732,90.642699832008,9.869999804667064,23.96,100.0,2.537834539424502,5.124024254807073
SANTO TOMÁS,2018,11,43,1,1.0,0.0,0.0,0.0,0.0,0.0,0.0,1.0,0.0,0.0,0.0,0.0,0.0,1.0,0.0,1.0,0.0,0.0,1.0,1.0,0.0,0.0,0.0,0.0,1.0,0.0,1.0,0.0,0.0,0.0,0.0,1.0,27.3086370558966,92.75741758800687,6.541428429739816,23.96,100.0,2.537834539424502,5.124024254807073
SANTO TOMÁS,2018,12,47,1,0.0,1.0,0.0,0.0,0.0,0.0,0.0,1.0,0.0,0.0,0.0,0.0,0.0,1.0,0.0,0.0,1.0,0.0,1.0,0.0,1.0,0.0,0.0,0.0,1.0,0.0,1.0,0.0,0.0,1.0,0.0,0.0,27.43262706938246,92.96791294642856,4.174285796071802,23.96,100.0,2.537834539424502,5.124024254807073
SANTO TOMÁS,2019,5,19,1,0.0,1.0,0.0,0.0,0.0,0.0,0.0,0.0,0.0,0.0,0.0,0.0,1.0,1.0,0.0,1.0,0.0,0.0,1.0,0.0,1.0,0.0,0.0,0.0,1.0,0.0,1.0,0.0,0.0,0.0,0.0,1.0,28.202075485956133,88.3452377319336,18.22428577286857,23.94,99.94,2.537834539424502,5.124024254807073
SANTO TOMÁS,2019,6,23,1,0.0,1.0,0.0,0.0,0.0,0.0,0.0,0.0,0.0,0.0,0.0,0.0,1.0,1.0,0.0,1.0,0.0,0.0,1.0,0.0,1.0,0.0,0.0,0.0,1.0,0.0,0.0,0.0,1.0,0.0,0.0,1.0,28.170577712286104,90.8420210338774,10.53285709449223,23.94,99.94,2.537834539424502,5.124024254807073
SANTO TOMÁS,2019,7,27,1,0.0,0.0,0.0,0.0,0.0,0.0,1.0,1.0,0.0,0.0,0.0,0.0,0.0,1.0,0.0,1.0,0.0,0.0,1.0,1.0,0.0,0.0,0.0,0.0,1.0,0.0,1.0,0.0,0.0,0.0,0.0,1.0,28.670778256370927,88.36638750348773,4.4485714712313245,23.94,99.94,2.537834539424502,5.124024254807073
SANTO TOMÁS,2019,7,28,1,1.0,0.0,0.0,0.0,0.0,0.0,0.0,0.0,0.0,0.0,0.0,0.0,1.0,1.0,0.0,1.0,0.0,0.0,1.0,0.0,1.0,0.0,0.0,0.0,1.0,0.0,1.0,0.0,0.0,0.0,0.0,1.0,27.96227925618492,89.08564721970332,6.034285869981561,23.94,99.94,2.537834539424502,5.124024254807073
SANTO TOMÁS,2019,8,29,1,0.0,1.0,0.0,0.0,0.0,0.0,0.0,1.0,0.0,0.0,0.0,0.0,0.0,1.0,0.0,1.0,0.0,0.0,1.0,1.0,0.0,0.0,0.0,0.0,1.0,0.0,1.0,0.0,0.0,0.0,0.0,1.0,28.84094281877793,89.55358087448847,2.3914285387311662,23.94,99.94,2.537834539424502,5.124024254807073
SANTO TOMÁS,2019,8,31,1,1.0,0.0,0.0,0.0,0.0,0.0,0.0,0.0,0.0,0.0,0.0,0.0,1.0,1.0,0.0,1.0,0.0,0.0,1.0,1.0,0.0,0.0,0.0,0.0,1.0,0.0,1.0,0.0,0.0,0.0,0.0,1.0,28.45783749534973,91.45235007149832,5.064285687037876,23.94,99.94,2.537834539424502,5.124024254807073
SANTO TOMÁS,2019,9,33,1,1.0,0.0,0.0,0.0,0.0,0.0,0.0,0.0,0.0,0.0,0.0,0.0,1.0,1.0,0.0,1.0,0.0,0.0,1.0,0.0,1.0,0.0,0.0,0.0,1.0,0.0,1.0,0.0,0.0,0.0,0.0,1.0,27.645400710332986,91.8267578851609,17.401428631373815,23.94,99.94,2.537834539424502,5.124024254807073
SANTO TOMÁS,2019,11,42,1,0.0,1.0,0.0,0.0,0.0,0.0,0.0,0.0,0.0,0.0,0.0,0.0,1.0,1.0,0.0,0.0,1.0,0.0,1.0,1.0,0.0,0.0,0.0,0.0,1.0,0.0,1.0,0.0,0.0,0.0,0.0,1.0,26.639297194707986,93.83426920572916,22.70857174055917,23.94,99.94,2.537834539424502,5.124024254807073
SANTO TOMÁS,2019,11,44,1,1.0,0.0,0.0,0.0,0.0,0.0,0.0,0.0,0.0,0.0,0.0,0.0,1.0,1.0,0.0,0.0,1.0,0.0,1.0,1.0,0.0,0.0,0.0,0.0,1.0,0.0,1.0,0.0,0.0,1.0,0.0,0.0,27.269109526134688,92.84217689150856,5.381428582327707,23.94,99.94,2.537834539424502,5.124024254807073
SANTO TOMÁS,2019,12,46,1,0.0,1.0,0.0,0.0,0.0,0.0,0.0,1.0,0.0,0.0,0.0,0.0,0.0,1.0,0.0,0.0,1.0,0.0,1.0,0.0,1.0,0.0,0.0,0.0,1.0,0.0,1.0,0.0,0.0,0.0,0.0,1.0,26.79290306454616,93.84064084007626,4.484285714370864,23.94,99.94,2.537834539424502,5.124024254807073
SANTO TOMÁS,2019,13,49,1,0.0,0.0,0.0,0.0,1.0,0.0,0.0,0.0,0.0,0.0,0.0,0.0,1.0,1.0,0.0,0.0,1.0,0.0,1.0,0.0,1.0,0.0,0.0,0.0,1.0,0.0,1.0,0.0,0.0,1.0,0.0,0.0,27.471288481212813,93.1391151064918,5.924285722630365,23.94,99.94,2.537834539424502,5.124024254807073
SANTO TOMÁS,2020,1,3,1,1.0,0.0,0.0,0.0,0.0,0.0,0.0,0.0,0.0,0.0,0.0,0.0,1.0,1.0,0.0,0.0,1.0,0.0,1.0,0.0,1.0,0.0,0.0,0.0,1.0,0.0,1.0,0.0,0.0,0.0,0.0,1.0,28.06501304989772,85.39078049432665,0.2385714237711259,23.95,99.89,2.537834539424502,5.124024254807073
SANTO TOMÁS,2020,2,5,1,0.0,0.0,0.0,0.0,0.0,0.0,1.0,0.0,0.0,0.0,0.0,0.0,1.0,1.0,0.0,1.0,0.0,0.0,1.0,0.0,1.0,0.0,0.0,0.0,1.0,0.0,1.0,0.0,0.0,0.0,0.0,1.0,28.449291120256717,87.84453437441871,4.857142857142857,23.95,99.89,2.537834539424502,5.124024254807073
SANTO TOMÁS,2020,2,8,1,1.0,0.0,0.0,0.0,0.0,0.0,0.0,0.0,0.0,0.0,0.0,0.0,1.0,1.0,0.0,0.0,1.0,0.0,1.0,1.0,0.0,0.0,0.0,0.0,1.0,0.0,1.0,0.0,0.0,0.0,0.0,1.0,27.751149204799137,85.93981097993397,3.2957142857568607,23.95,99.89,2.537834539424502,5.124024254807073
SANTO TOMÁS,2020,3,11,1,0.0,0.0,0.0,0.0,0.0,0.0,1.0,0.0,0.0,0.0,0.0,0.0,1.0,1.0,0.0,0.0,1.0,0.0,1.0,1.0,0.0,0.0,0.0,0.0,1.0,0.0,1.0,0.0,0.0,0.0,0.0,1.0,27.85543503534229,85.01830291748047,8.857142857142858,23.95,99.89,2.537834539424502,5.124024254807073
SANTO TOMÁS,2020,4,14,1,0.0,1.0,0.0,0.0,0.0,0.0,0.0,1.0,0.0,0.0,0.0,0.0,0.0,1.0,0.0,1.0,0.0,0.0,1.0,0.0,1.0,0.0,0.0,0.0,1.0,0.0,1.0,0.0,0.0,1.0,0.0,0.0,28.90587332589288,86.96451168968564,3.784285856144769,23.95,99.89,2.537834539424502,5.124024254807073
SANTO TOMÁS,2020,8,32,1,0.0,0.0,0.0,0.0,0.0,0.0,1.0,1.0,0.0,0.0,0.0,0.0,0.0,1.0,0.0,1.0,0.0,0.0,1.0,0.0,1.0,0.0,0.0,0.0,1.0,0.0,1.0,0.0,0.0,0.0,0.0,1.0,28.26671462286088,92.3421870640346,5.762857283864703,23.95,99.89,2.537834539424502,5.124024254807073
SANTO TOMÁS,2020,11,41,1,0.0,0.0,0.0,0.0,1.0,0.0,0.0,1.0,0.0,0.0,0.0,0.0,0.0,1.0,0.0,0.0,1.0,0.0,1.0,0.0,1.0,0.0,0.0,0.0,1.0,0.0,1.0,0.0,0.0,0.0,0.0,1.0,27.040949212937143,92.62705594017392,7.04571425489017,23.95,99.89,2.537834539424502,5.124024254807073
SANTO TOMÁS,2020,11,43,1,0.0,0.0,0.0,0.0,0.0,0.0,1.0,0.0,0.0,0.0,0.0,0.0,1.0,1.0,0.0,1.0,0.0,0.0,1.0,0.0,1.0,0.0,0.0,0.0,1.0,0.0,1.0,0.0,0.0,0.0,0.0,1.0,26.66144859677272,92.9754616873605,16.607143061501638,23.95,99.89,2.537834539424502,5.124024254807073
SANTO TOMÁS,2020,13,51,1,0.0,1.0,0.0,0.0,0.0,0.0,0.0,0.0,0.0,0.0,0.0,0.0,1.0,1.0,0.0,0.0,1.0,0.0,1.0,0.0,1.0,0.0,0.0,0.0,1.0,0.0,1.0,0.0,0.0,0.0,0.0,1.0,27.121187918526807,90.82190885997954,1.494285719735282,23.95,99.89,2.537834539424502,5.124024254807073
SANTO TOMÁS,2021,1,2,2,0.0,0.5,0.0,0.0,0.0,0.0,0.5,0.5,0.0,0.0,0.0,0.0,0.5,1.0,0.0,0.5,0.5,0.0,1.0,0.5,0.5,0.0,0.0,0.0,1.0,0.0,1.0,0.0,0.0,0.0,0.0,1.0,27.64947408040367,88.37327793666294,3.434285717351096,23.92,99.87,2.537834539424502,5.124024254807073
SANTO TOMÁS,2021,9,36,1,1.0,0.0,0.0,0.0,0.0,0.0,0.0,0.0,0.0,0.0,0.0,1.0,0.0,1.0,0.0,1.0,0.0,0.0,1.0,0.0,1.0,0.0,0.0,0.0,1.0,0.0,1.0,0.0,0.0,0.0,0.0,1.0,26.94533618745352,93.04928370884488,13.902857048170906,23.92,99.87,2.537834539424502,5.124024254807073
SANTO TOMÁS,2021,10,38,1,0.0,0.0,0.0,0.0,1.0,0.0,0.0,0.0,0.0,0.0,0.0,0.0,1.0,1.0,0.0,1.0,0.0,0.0,1.0,1.0,0.0,0.0,0.0,0.0,1.0,0.0,1.0,0.0,0.0,0.0,0.0,1.0,27.30526922316781,91.66967228480748,7.328571428677866,23.92,99.87,2.537834539424502,5.124024254807073
SANTO TOMÁS,2021,11,44,1,0.0,1.0,0.0,0.0,0.0,0.0,0.0,1.0,0.0,0.0,0.0,0.0,0.0,1.0,0.0,1.0,0.0,0.0,1.0,0.0,1.0,0.0,0.0,0.0,1.0,0.0,1.0,0.0,0.0,0.0,0.0,1.0,26.045737566266755,92.7862309047154,13.08428600856236,23.92,99.87,2.537834539424502,5.124024254807073
SANTO TOMÁS,2021,12,45,1,1.0,0.0,0.0,0.0,0.0,0.0,0.0,0.0,0.0,0.0,0.0,0.0,1.0,1.0,0.0,0.0,1.0,0.0,1.0,1.0,0.0,0.0,0.0,0.0,1.0,0.0,1.0,0.0,0.0,0.0,0.0,1.0,27.14796273367748,92.6234639485677,2.6328571821962083,23.92,99.87,2.537834539424502,5.124024254807073
SANTO TOMÁS,2021,12,47,1,0.0,0.0,1.0,0.0,0.0,0.0,0.0,0.0,0.0,0.0,0.0,0.0,1.0,1.0,0.0,0.0,1.0,0.0,1.0,0.0,1.0,0.0,0.0,0.0,1.0,0.0,1.0,0.0,0.0,1.0,0.0,0.0,26.610374523344515,93.16659073602588,7.221428505011967,23.92,99.87,2.537834539424502,5.124024254807073
SANTO TOMÁS,2021,12,48,2,0.5,0.5,0.0,0.0,0.0,0.0,0.0,0.0,0.0,0.0,0.0,0.0,1.0,1.0,0.0,0.0,1.0,0.0,1.0,0.0,1.0,0.0,0.0,0.0,1.0,0.0,1.0,0.0,0.0,0.0,0.0,1.0,26.70866946265813,93.1648428780692,11.127142974308558,23.92,99.87,2.537834539424502,5.124024254807073
SANTO TOMÁS,2021,13,50,1,0.0,1.0,0.0,0.0,0.0,0.0,0.0,1.0,0.0,0.0,0.0,0.0,0.0,1.0,0.0,0.0,1.0,0.0,1.0,1.0,0.0,0.0,0.0,0.0,1.0,0.0,1.0,0.0,0.0,1.0,0.0,0.0,27.16550670805434,90.32442619687036,1.7414285710879736,23.92,99.87,2.537834539424502,5.124024254807073
SANTO TOMÁS,2021,13,52,1,0.0,1.0,0.0,0.0,0.0,0.0,0.0,0.0,0.0,0.0,0.0,0.0,1.0,1.0,0.0,0.0,1.0,0.0,1.0,1.0,0.0,0.0,0.0,0.0,1.0,0.0,1.0,0.0,0.0,0.0,0.0,1.0,27.545526849655904,91.05568331763858,4.862857138471944,23.92,99.87,2.537834539424502,5.124024254807073
SANTO TOMÁS,2022,1,4,1,0.0,0.0,0.0,0.0,0.0,0.0,1.0,1.0,0.0,0.0,0.0,0.0,0.0,1.0,0.0,0.0,1.0,0.0,1.0,0.0,1.0,0.0,0.0,0.0,1.0,0.0,1.0,0.0,0.0,0.0,0.0,1.0,27.451077125186035,88.23631286621094,15.571428980146136,23.94,99.93,2.537834539424502,5.124024254807073
SANTO TOMÁS,2022,2,7,1,1.0,0.0,0.0,0.0,0.0,0.0,0.0,0.0,0.0,0.0,0.0,0.0,1.0,1.0,0.0,0.0,1.0,0.0,1.0,0.0,1.0,0.0,0.0,0.0,1.0,0.0,1.0,0.0,0.0,0.0,0.0,1.0,28.06729750860308,84.2869378952753,0.944285716329302,23.94,99.93,2.537834539424502,5.124024254807073
SANTO TOMÁS,2022,3,12,1,0.0,1.0,0.0,0.0,0.0,0.0,0.0,1.0,0.0,0.0,0.0,0.0,0.0,1.0,0.0,0.0,1.0,0.0,1.0,1.0,0.0,0.0,0.0,0.0,1.0,0.0,1.0,0.0,0.0,0.0,0.0,1.0,28.69125845772883,84.33184778122676,7.582857278840883,23.94,99.93,2.537834539424502,5.124024254807073
SANTO TOMÁS,2022,4,13,1,0.0,0.0,0.0,0.0,1.0,0.0,0.0,1.0,0.0,0.0,0.0,0.0,0.0,1.0,0.0,1.0,0.0,0.0,1.0,0.0,1.0,0.0,0.0,0.0,1.0,0.0,1.0,0.0,0.0,1.0,0.0,0.0,28.38661600748701,85.81245349702381,3.92000004862036,23.94,99.93,2.537834539424502,5.124024254807073
SANTO TOMÁS,2022,4,14,1,1.0,0.0,0.0,0.0,0.0,0.0,0.0,0.0,0.0,0.0,0.0,0.0,1.0,1.0,0.0,0.0,1.0,0.0,1.0,0.0,1.0,0.0,0.0,0.0,1.0,0.0,1.0,0.0,0.0,1.0,0.0,0.0,28.01094462076825,88.8013937813895,7.618571264403207,23.94,99.93,2.537834539424502,5.124024254807073
SANTO TOMÁS,2022,8,31,1,0.0,0.0,0.0,1.0,0.0,0.0,0.0,0.0,0.0,0.0,0.0,0.0,1.0,1.0,0.0,0.0,1.0,0.0,1.0,1.0,0.0,0.0,0.0,0.0,1.0,0.0,1.0,0.0,0.0,0.0,0.0,1.0,27.704159400576664,91.207768031529,26.187142976692744,23.94,99.93,2.537834539424502,5.124024254807073
SANTO TOMÁS,2022,9,34,1,0.0,1.0,0.0,0.0,0.0,0.0,0.0,0.0,0.0,0.0,0.0,0.0,1.0,1.0,0.0,0.0,1.0,0.0,1.0,1.0,0.0,0.0,0.0,0.0,1.0,0.0,0.0,1.0,0.0,1.0,0.0,0.0,27.1039498465402,92.90109107607888,13.980000155312675,23.94,99.93,2.537834539424502,5.124024254807073
SANTO TOMÁS,2022,9,35,1,1.0,0.0,0.0,0.0,0.0,0.0,0.0,0.0,0.0,0.0,0.0,0.0,1.0,1.0,0.0,1.0,0.0,0.0,1.0,1.0,0.0,0.0,0.0,0.0,1.0,0.0,1.0,0.0,0.0,0.0,0.0,1.0,27.24495776948477,93.72309185209728,12.304285866873604,23.94,99.93,2.537834539424502,5.124024254807073
SANTO TOMÁS,2022,10,40,1,1.0,0.0,0.0,0.0,0.0,0.0,0.0,1.0,0.0,0.0,0.0,0.0,0.0,1.0,0.0,1.0,0.0,0.0,1.0,1.0,0.0,0.0,0.0,0.0,1.0,0.0,1.0,0.0,0.0,1.0,0.0,0.0,26.930875941685283,93.30477432977584,14.874285527638026,23.94,99.93,2.537834539424502,5.124024254807073
SANTO TOMÁS,2022,11,41,1,0.0,1.0,0.0,0.0,0.0,0.0,0.0,1.0,0.0,0.0,0.0,0.0,0.0,1.0,0.0,0.0,1.0,0.0,1.0,1.0,0.0,0.0,0.0,0.0,1.0,0.0,1.0,0.0,0.0,1.0,0.0,0.0,26.86145499093195,94.1060271490188,11.548571280070714,23.94,99.93,2.537834539424502,5.124024254807073
SANTO TOMÁS,2022,11,43,2,0.0,1.0,0.0,0.0,0.0,0.0,0.0,0.0,0.0,0.0,0.0,0.0,1.0,1.0,0.0,0.0,1.0,0.0,1.0,0.0,1.0,0.0,0.0,0.0,1.0,0.0,1.0,0.0,0.0,0.0,0.0,1.0,26.6582936604818,93.74363890148344,8.968571577753341,23.94,99.93,2.537834539424502,5.124024254807073
SANTO TOMÁS,2022,11,44,1,0.0,0.0,0.0,0.0,1.0,0.0,0.0,0.0,0.0,0.0,0.0,0.0,1.0,1.0,0.0,1.0,0.0,0.0,1.0,0.0,1.0,0.0,0.0,0.0,1.0,0.0,1.0,0.0,0.0,0.0,0.0,1.0,26.484756905691988,93.99192955380394,16.535714302744186,23.94,99.93,2.537834539424502,5.124024254807073
SANTO TOMÁS,2022,12,46,1,1.0,0.0,0.0,0.0,0.0,0.0,0.0,0.0,0.0,0.0,0.0,0.0,1.0,1.0,0.0,0.0,1.0,0.0,1.0,1.0,0.0,0.0,0.0,0.0,1.0,0.0,1.0,0.0,0.0,0.0,0.0,1.0,26.29239589146209,94.5213121686663,19.80571416446141,23.94,99.93,2.537834539424502,5.124024254807073
SANTO TOMÁS,2022,13,50,1,0.0,1.0,0.0,0.0,0.0,0.0,0.0,1.0,0.0,0.0,0.0,0.0,0.0,1.0,0.0,0.0,1.0,0.0,1.0,0.0,1.0,0.0,0.0,0.0,1.0,0.0,1.0,0.0,0.0,0.0,0.0,1.0,26.72942795526416,92.10751233782086,5.0014287031122615,23.94,99.93,2.537834539424502,5.124024254807073
SANTO TOMÁS,2022,13,52,1,1.0,0.0,0.0,0.0,0.0,0.0,0.0,0.0,0.0,0.0,0.0,0.0,1.0,1.0,0.0,0.0,1.0,0.0,1.0,0.0,1.0,0.0,0.0,0.0,1.0,0.0,1.0,0.0,0.0,0.0,0.0,1.0,26.94329223632815,90.12684268043157,0.2857142857142857,23.94,99.93,2.537834539424502,5.124024254807073
SANTO TOMÁS,2023,1,1,1,1.0,0.0,0.0,0.0,0.0,0.0,0.0,0.0,0.0,0.0,0.0,0.0,1.0,1.0,0.0,0.0,1.0,0.0,1.0,0.0,1.0,0.0,0.0,0.0,1.0,0.0,1.0,0.0,0.0,0.0,0.0,1.0,27.07862025669645,92.0675764537993,2.492857141154153,23.89,99.69,2.537834539424502,5.124024254807073
SANTO TOMÁS,2023,1,2,1,0.0,0.0,0.0,0.0,1.0,0.0,0.0,0.0,0.0,0.0,0.0,0.0,1.0,1.0,0.0,0.0,1.0,0.0,1.0,0.0,1.0,0.0,0.0,0.0,1.0,0.0,1.0,0.0,0.0,1.0,0.0,0.0,27.02285301571803,91.67335292271206,2.812857121229172,23.89,99.69,2.537834539424502,5.124024254807073
SANTO TOMÁS,2023,1,4,1,0.0,1.0,0.0,0.0,0.0,0.0,0.0,0.0,0.0,0.0,0.0,0.0,1.0,1.0,0.0,1.0,0.0,0.0,1.0,1.0,0.0,0.0,0.0,0.0,1.0,0.0,1.0,0.0,0.0,1.0,0.0,0.0,27.916189720517128,83.92347935267857,0.0,23.89,99.69,2.537834539424502,5.124024254807073
SANTO TOMÁS,2023,5,18,1,0.0,0.0,1.0,0.0,0.0,0.0,0.0,0.0,0.0,0.0,0.0,0.0,1.0,1.0,0.0,1.0,0.0,0.0,1.0,0.0,1.0,0.0,0.0,0.0,1.0,0.0,1.0,0.0,0.0,1.0,0.0,0.0,28.47365577334452,88.58205341157459,7.814285584858486,23.89,99.69,2.537834539424502,5.124024254807073
SANTO TOMÁS,2023,5,19,3,0.3333333333333333,0.6666666666666666,0.0,0.0,0.0,0.0,0.0,0.6666666666666666,0.0,0.0,0.0,0.0,0.3333333333333333,1.0,0.0,0.3333333333333333,0.6666666666666666,0.0,1.0,1.0,0.0,0.0,0.0,0.0,1.0,0.0,1.0,0.0,0.0,0.6666666666666666,0.0,0.3333333333333333,29.07856285458521,87.05848948160808,2.9899998903274536,23.89,99.69,2.537834539424502,5.124024254807073
SANTO TOMÁS,2023,6,23,1,0.0,1.0,0.0,0.0,0.0,0.0,0.0,1.0,0.0,0.0,0.0,0.0,0.0,1.0,0.0,0.0,1.0,0.0,1.0,1.0,0.0,0.0,0.0,0.0,1.0,0.0,1.0,0.0,0.0,1.0,0.0,0.0,27.89132952008931,90.82050396147228,14.09857177734375,23.89,99.69,2.537834539424502,5.124024254807073
SANTO TOMÁS,2023,8,30,1,1.0,0.0,0.0,0.0,0.0,0.0,0.0,0.0,0.0,0.0,0.0,0.0,1.0,1.0,0.0,1.0,0.0,0.0,1.0,0.0,1.0,0.0,0.0,0.0,1.0,0.0,1.0,0.0,0.0,0.0,0.0,1.0,28.72866574242004,90.08271753220332,9.527142958449463,23.89,99.69,2.537834539424502,5.124024254807073
SANTO TOMÁS,2023,9,36,1,0.0,1.0,0.0,0.0,0.0,0.0,0.0,0.0,0.0,0.0,0.0,0.0,1.0,1.0,0.0,0.0,1.0,0.0,1.0,0.0,1.0,0.0,0.0,0.0,1.0,0.0,1.0,0.0,0.0,0.0,0.0,1.0,28.086669631231423,93.3211230323428,6.841428467205593,23.89,99.69,2.537834539424502,5.124024254807073
SANTO TOMÁS,2023,10,37,1,1.0,0.0,0.0,0.0,0.0,0.0,0.0,0.0,0.0,0.0,0.0,0.0,1.0,1.0,0.0,0.0,1.0,0.0,1.0,0.0,1.0,0.0,0.0,0.0,1.0,0.0,1.0,0.0,0.0,1.0,0.0,0.0,28.26707356770836,93.10556502569288,4.3642856904438565,23.89,99.69,2.537834539424502,5.124024254807073
SANTO TOMÁS,2023,10,39,1,0.0,1.0,0.0,0.0,0.0,0.0,0.0,0.0,0.0,0.0,0.0,0.0,1.0,1.0,0.0,0.0,1.0,0.0,1.0,1.0,0.0,0.0,0.0,0.0,1.0,0.0,1.0,0.0,0.0,0.0,0.0,1.0,28.203123982747417,94.52291615804036,7.774285759244647,23.89,99.69,2.537834539424502,5.124024254807073
SANTO TOMÁS,2023,11,43,2,0.5,0.5,0.0,0.0,0.0,0.0,0.0,0.5,0.0,0.0,0.0,0.0,0.5,1.0,0.0,0.5,0.5,0.0,1.0,0.5,0.5,0.0,0.0,0.0,1.0,0.0,1.0,0.0,0.0,0.0,0.0,1.0,27.02654346284414,93.94231778099424,20.669999871935165,23.89,99.69,2.537834539424502,5.124024254807073
SANTO TOMÁS,2023,12,45,2,0.5,0.5,0.0,0.0,0.0,0.0,0.0,0.5,0.0,0.0,0.0,0.5,0.0,1.0,0.0,1.0,0.0,0.0,1.0,0.5,0.5,0.0,0.0,0.0,1.0,0.0,1.0,0.0,0.0,0.0,0.0,1.0,28.21331685384117,93.85570417131696,4.429999998637608,23.89,99.69,2.537834539424502,5.124024254807073
SANTO TOMÁS,2023,12,47,1,0.0,1.0,0.0,0.0,0.0,0.0,0.0,0.0,0.0,0.0,0.0,0.0,1.0,1.0,0.0,0.0,1.0,0.0,1.0,1.0,0.0,0.0,0.0,0.0,1.0,0.0,1.0,0.0,0.0,0.0,0.0,1.0,26.99224679129467,93.9476779756092,8.417142961706434,23.89,99.69,2.537834539424502,5.124024254807073
SANTO TOMÁS,2023,12,48,1,0.0,1.0,0.0,0.0,0.0,0.0,0.0,0.0,0.0,0.0,0.0,0.0,1.0,1.0,0.0,1.0,0.0,0.0,1.0,1.0,0.0,0.0,0.0,0.0,1.0,0.0,1.0,0.0,0.0,0.0,0.0,1.0,27.900300961449062,91.1529526483445,4.177143122468676,23.89,99.69,2.537834539424502,5.124024254807073
SANTO TOMÁS,2023,13,49,1,1.0,0.0,0.0,0.0,0.0,0.0,0.0,0.0,0.0,0.0,0.0,0.0,1.0,1.0,0.0,0.0,1.0,0.0,1.0,1.0,0.0,0.0,0.0,0.0,1.0,0.0,1.0,0.0,0.0,1.0,0.0,0.0,27.892778378441243,89.51986294700986,4.857142857142857,23.89,99.69,2.537834539424502,5.124024254807073
SOLEDAD,2017,1,1,1,0.0,1.0,0.0,0.0,0.0,0.0,0.0,0.0,0.0,0.0,0.0,0.0,1.0,1.0,0.0,0.0,1.0,0.0,1.0,1.0,0.0,0.0,0.0,1.0,0.0,0.0,1.0,0.0,0.0,0.0,0.0,1.0,27.271160016741085,87.03933606828961,0.0,23.92,99.75,2.112103133879049,1.787470321237574
SOLEDAD,2017,1,2,2,0.0,0.5,0.0,0.0,0.5,0.0,0.0,0.0,0.0,0.0,0.0,0.0,1.0,1.0,0.0,0.5,0.5,0.0,1.0,0.0,1.0,0.0,0.0,1.0,0.0,0.0,1.0,0.0,0.0,0.5,0.0,0.5,26.88491864885605,85.09336635044643,0.0,23.92,99.75,2.112103133879049,1.787470321237574
SOLEDAD,2017,1,3,1,1.0,0.0,0.0,0.0,0.0,0.0,0.0,0.0,0.0,0.0,0.0,0.0,1.0,1.0,0.0,0.0,1.0,0.0,1.0,0.0,1.0,0.0,0.0,1.0,0.0,0.0,1.0,0.0,0.0,1.0,0.0,0.0,26.68888898577011,86.83330862862724,1.7142857142857142,23.92,99.75,2.112103133879049,1.787470321237574
SOLEDAD,2017,1,4,2,0.0,0.0,0.0,0.0,0.5,0.0,0.5,0.5,0.0,0.0,0.0,0.0,0.5,1.0,0.0,0.0,1.0,0.0,1.0,1.0,0.0,0.0,0.0,1.0,0.0,0.0,1.0,0.0,0.0,0.5,0.0,0.5,27.22214878627234,87.21584647042411,0.1428571428571428,23.92,99.75,2.112103133879049,1.787470321237574
SOLEDAD,2017,2,5,2,0.5,0.0,0.0,0.0,0.5,0.0,0.0,0.5,0.0,0.0,0.0,0.0,0.5,1.0,0.0,0.5,0.5,0.0,1.0,0.5,0.5,0.0,0.0,1.0,0.0,0.0,1.0,0.0,0.0,0.5,0.0,0.5,27.704254586356047,85.45742906842914,0.0,23.92,99.75,2.112103133879049,1.787470321237574
SOLEDAD,2017,2,6,1,0.0,0.0,0.0,0.0,0.0,0.0,1.0,0.0,0.0,0.0,1.0,0.0,0.0,1.0,0.0,0.0,1.0,0.0,1.0,1.0,0.0,0.0,0.0,1.0,0.0,0.0,1.0,0.0,0.0,0.0,0.0,1.0,27.652791050502252,84.00291442871094,0.1428571428571428,23.92,99.75,2.112103133879049,1.787470321237574
SOLEDAD,2017,3,9,1,0.0,1.0,0.0,0.0,0.0,0.0,0.0,1.0,0.0,0.0,0.0,0.0,0.0,1.0,0.0,0.0,1.0,0.0,1.0,0.0,1.0,0.0,0.0,1.0,0.0,0.0,1.0,0.0,0.0,0.0,0.0,1.0,27.91513541085381,82.67554255894252,0.0,23.92,99.75,2.112103133879049,1.787470321237574
SOLEDAD,2017,3,10,2,0.5,0.0,0.0,0.0,0.5,0.0,0.0,1.0,0.0,0.0,0.0,0.0,0.0,1.0,0.0,0.0,1.0,0.0,1.0,0.0,1.0,0.0,0.0,1.0,0.0,0.0,1.0,0.0,0.0,0.0,0.0,1.0,27.70574776785716,83.40330941336495,0.1442857129233224,23.92,99.75,2.112103133879049,1.787470321237574
SOLEDAD,2017,3,11,2,0.0,0.5,0.0,0.0,0.5,0.0,0.0,0.5,0.0,0.0,0.0,0.0,0.5,1.0,0.0,0.0,1.0,0.0,1.0,0.5,0.5,0.0,0.0,1.0,0.0,0.0,1.0,0.0,0.0,1.0,0.0,0.0,27.767517525809165,85.14669581821987,1.3200000460658754,23.92,99.75,2.112103133879049,1.787470321237574
SOLEDAD,2017,3,12,1,0.0,0.0,0.0,0.0,1.0,0.0,0.0,0.0,0.0,0.0,0.0,0.0,1.0,1.0,0.0,0.0,1.0,0.0,1.0,1.0,0.0,0.0,0.0,1.0,0.0,0.0,1.0,0.0,0.0,0.0,0.0,1.0,27.741956874302478,85.34547751290458,3.3571428627307927,23.92,99.75,2.112103133879049,1.787470321237574
SOLEDAD,2017,4,13,1,0.0,0.0,0.0,0.0,0.0,0.0,1.0,0.0,0.0,1.0,0.0,0.0,0.0,1.0,0.0,1.0,0.0,0.0,1.0,0.0,1.0,0.0,0.0,1.0,0.0,0.0,1.0,0.0,0.0,0.0,0.0,1.0,28.42624816894533,85.87584468296596,3.375714294080223,23.92,99.75,2.112103133879049,1.787470321237574
SOLEDAD,2017,4,14,1,0.0,0.0,1.0,0.0,0.0,0.0,0.0,1.0,0.0,0.0,0.0,0.0,0.0,1.0,0.0,0.0,1.0,0.0,1.0,0.0,1.0,0.0,0.0,1.0,0.0,0.0,1.0,0.0,0.0,0.0,0.0,1.0,29.203441510881703,83.08286394391742,3.7185714284756353,23.92,99.75,2.112103133879049,1.787470321237574
SOLEDAD,2017,4,16,1,1.0,0.0,0.0,0.0,0.0,0.0,0.0,0.0,0.0,0.0,0.0,1.0,0.0,1.0,0.0,0.0,1.0,0.0,1.0,0.0,1.0,0.0,0.0,1.0,0.0,0.0,1.0,0.0,0.0,0.0,0.0,1.0,28.5386182512556,86.99940708705357,5.670000076293945,23.92,99.75,2.112103133879049,1.787470321237574
SOLEDAD,2017,5,17,3,0.0,0.6666666666666666,0.0,0.0,0.0,0.0,0.3333333333333333,0.6666666666666666,0.0,0.0,0.0,0.0,0.3333333333333333,1.0,0.0,0.6666666666666666,0.3333333333333333,0.0,1.0,0.3333333333333333,0.6666666666666666,0.0,0.0,1.0,0.0,0.0,1.0,0.0,0.0,0.3333333333333333,0.0,0.6666666666666666,29.144117518833724,87.51040213448661,1.935714268790824,23.92,99.75,2.112103133879049,1.787470321237574
SOLEDAD,2017,5,19,2,0.0,0.5,0.0,0.0,0.5,0.0,0.0,0.5,0.0,0.0,0.0,0.0,0.5,1.0,0.0,0.5,0.5,0.0,1.0,0.5,0.5,0.0,0.0,1.0,0.0,0.0,1.0,0.0,0.0,0.0,0.0,1.0,28.03384660993305,88.79656328473773,18.03714265142168,23.92,99.75,2.112103133879049,1.787470321237574
SOLEDAD,2017,5,20,1,0.0,0.0,0.0,0.0,0.0,0.0,1.0,1.0,0.0,0.0,0.0,0.0,0.0,1.0,0.0,0.0,1.0,0.0,1.0,1.0,0.0,0.0,0.0,1.0,0.0,0.0,1.0,0.0,0.0,0.0,0.0,1.0,28.824092755998908,87.07415553501674,6.76571414832558,23.92,99.75,2.112103133879049,1.787470321237574
SOLEDAD,2017,6,21,1,0.0,0.0,0.0,0.0,0.0,0.0,1.0,1.0,0.0,0.0,0.0,0.0,0.0,1.0,0.0,0.0,1.0,0.0,1.0,0.0,1.0,0.0,0.0,1.0,0.0,0.0,1.0,0.0,0.0,1.0,0.0,0.0,28.79367980957033,87.15401894705636,5.969999994550433,23.92,99.75,2.112103133879049,1.787470321237574
SOLEDAD,2017,6,22,3,0.0,0.6666666666666666,0.0,0.0,0.0,0.0,0.3333333333333333,0.3333333333333333,0.0,0.0,0.0,0.0,0.6666666666666666,0.3333333333333333,0.6666666666666666,0.0,1.0,0.0,1.0,0.3333333333333333,0.6666666666666666,0.0,0.0,1.0,0.0,0.0,1.0,0.0,0.0,0.6666666666666666,0.0,0.3333333333333333,28.801878138950908,86.28478349958148,2.277142822742462,23.92,99.75,2.112103133879049,1.787470321237574
SOLEDAD,2017,6,23,3,0.0,0.3333333333333333,0.3333333333333333,0.0,0.0,0.0,0.3333333333333333,0.6666666666666666,0.0,0.0,0.0,0.0,0.3333333333333333,1.0,0.0,0.3333333333333333,0.6666666666666666,0.0,1.0,0.3333333333333333,0.6666666666666666,0.0,0.0,1.0,0.0,0.0,1.0,0.0,0.0,0.0,0.0,1.0,28.45940987723216,89.21847425188336,5.634285759180784,23.92,99.75,2.112103133879049,1.787470321237574
SOLEDAD,2017,7,26,1,0.0,0.0,1.0,0.0,0.0,0.0,0.0,1.0,0.0,0.0,0.0,0.0,0.0,1.0,0.0,1.0,0.0,0.0,1.0,1.0,0.0,0.0,0.0,1.0,0.0,0.0,1.0,0.0,0.0,1.0,0.0,0.0,28.377941022600464,88.92236328125,4.082857063838413,23.92,99.75,2.112103133879049,1.787470321237574
SOLEDAD,2017,7,27,5,0.8,0.0,0.0,0.0,0.2,0.0,0.0,0.4,0.0,0.0,0.0,0.0,0.6,1.0,0.0,0.8,0.2,0.0,1.0,0.4,0.6,0.0,0.0,1.0,0.0,0.0,1.0,0.0,0.0,0.2,0.0,0.8,28.45763331821988,88.76873234340123,0.6499999958489623,23.92,99.75,2.112103133879049,1.787470321237574
SOLEDAD,2017,8,29,2,0.0,0.5,0.5,0.0,0.0,0.0,0.0,0.5,0.0,0.0,0.0,0.0,0.5,1.0,0.0,0.0,1.0,0.0,1.0,0.0,1.0,0.0,0.0,1.0,0.0,0.0,1.0,0.0,0.0,0.5,0.0,0.5,28.02466517857145,90.49810682024274,3.358571371329682,23.92,99.75,2.112103133879049,1.787470321237574
SOLEDAD,2017,8,30,4,0.25,0.5,0.25,0.0,0.0,0.0,0.0,0.5,0.0,0.0,0.0,0.0,0.5,1.0,0.0,0.0,1.0,0.0,1.0,0.25,0.75,0.0,0.0,1.0,0.0,0.0,1.0,0.0,0.0,0.5,0.0,0.5,28.374725777762297,89.99029650006976,3.852857142686844,23.92,99.75,2.112103133879049,1.787470321237574
SOLEDAD,2017,8,31,5,0.6,0.0,0.0,0.0,0.4,0.0,0.0,0.6,0.0,0.0,0.0,0.0,0.4,1.0,0.0,0.6,0.4,0.0,1.0,0.2,0.8,0.0,0.0,1.0,0.0,0.0,1.0,0.0,0.0,0.8,0.0,0.2,27.292659650530144,91.9850834437779,10.69714310339519,23.92,99.75,2.112103133879049,1.787470321237574
SOLEDAD,2017,8,32,4,0.5,0.25,0.0,0.0,0.0,0.0,0.25,0.5,0.0,0.0,0.0,0.0,0.5,1.0,0.0,0.75,0.25,0.0,1.0,0.75,0.25,0.0,0.0,1.0,0.0,0.0,1.0,0.0,0.0,0.25,0.0,0.75,27.905025373186408,92.10797882080078,7.87999985899244,23.92,99.75,2.112103133879049,1.787470321237574
SOLEDAD,2017,9,33,3,0.6666666666666666,0.0,0.0,0.0,0.3333333333333333,0.0,0.0,0.3333333333333333,0.0,0.0,0.0,0.0,0.6666666666666666,1.0,0.0,0.3333333333333333,0.6666666666666666,0.0,1.0,0.6666666666666666,0.3333333333333333,0.0,0.0,1.0,0.0,0.0,1.0,0.0,0.0,0.3333333333333333,0.0,0.6666666666666666,27.86806422642301,91.99185616629464,5.007142973797662,23.92,99.75,2.112103133879049,1.787470321237574
SOLEDAD,2017,9,34,10,0.2,0.3,0.0,0.0,0.2,0.0,0.3,0.3,0.0,0.2,0.0,0.0,0.5,0.9,0.1,0.4,0.6,0.0,1.0,0.3,0.7,0.0,0.0,1.0,0.0,0.0,1.0,0.0,0.0,0.1,0.0,0.9,27.545927211216537,93.31134142194476,6.37714283806937,23.92,99.75,2.112103133879049,1.787470321237574
SOLEDAD,2017,9,35,6,0.8333333333333334,0.1666666666666666,0.0,0.0,0.0,0.0,0.0,0.3333333333333333,0.0,0.1666666666666666,0.0,0.1666666666666666,0.3333333333333333,1.0,0.0,0.5,0.5,0.0,1.0,0.5,0.5,0.0,0.0,1.0,0.0,0.0,1.0,0.0,0.0,0.5,0.0,0.5,27.80254080636163,92.4242706298828,6.518571485898325,23.92,99.75,2.112103133879049,1.787470321237574
SOLEDAD,2017,9,36,11,0.5454545454545454,0.4545454545454545,0.0,0.0,0.0,0.0,0.0,0.7272727272727273,0.0,0.0909090909090909,0.0,0.0909090909090909,0.0909090909090909,0.9090909090909092,0.0909090909090909,0.4545454545454545,0.5454545454545454,0.0,1.0,0.4545454545454545,0.5454545454545454,0.0,0.0,1.0,0.0,0.0,1.0,0.0,0.0,0.4545454545454545,0.0,0.5454545454545454,27.49786856515069,93.55089787074498,7.277142933436802,23.92,99.75,2.112103133879049,1.787470321237574
SOLEDAD,2017,10,37,10,0.4,0.3,0.1,0.0,0.1,0.0,0.1,0.2,0.3,0.0,0.0,0.1,0.4,1.0,0.0,0.5,0.5,0.0,1.0,0.7,0.3,0.0,0.0,1.0,0.0,0.0,1.0,0.0,0.0,0.4,0.0,0.6,27.605310058593773,92.94913373674665,6.622857178960528,23.92,99.75,2.112103133879049,1.787470321237574
SOLEDAD,2017,10,38,8,0.25,0.625,0.125,0.0,0.0,0.0,0.0,0.625,0.0,0.0,0.0,0.0,0.375,0.875,0.125,0.625,0.375,0.0,1.0,0.375,0.625,0.0,0.0,1.0,0.0,0.0,1.0,0.0,0.0,0.125,0.0,0.875,27.817934744698672,93.64905984061105,5.068571397236416,23.92,99.75,2.112103133879049,1.787470321237574
SOLEDAD,2017,10,39,8,0.25,0.375,0.0,0.0,0.25,0.0,0.125,0.625,0.0,0.0,0.0,0.0,0.375,1.0,0.0,0.625,0.375,0.0,1.0,0.5,0.5,0.0,0.0,1.0,0.0,0.0,1.0,0.0,0.0,0.375,0.0,0.625,27.561133684430818,92.72715214320591,13.704285417284284,23.92,99.75,2.112103133879049,1.787470321237574
SOLEDAD,2017,10,40,10,0.3,0.1,0.2,0.0,0.3,0.0,0.1,0.5,0.0,0.0,0.0,0.1,0.4,1.0,0.0,0.6,0.4,0.0,1.0,0.6,0.4,0.0,0.0,1.0,0.0,0.0,1.0,0.0,0.0,0.2,0.0,0.8,27.169887433733283,92.91706085205078,13.445714439664568,23.92,99.75,2.112103133879049,1.787470321237574
SOLEDAD,2017,11,41,12,0.25,0.25,0.0833333333333333,0.0,0.3333333333333333,0.0,0.0833333333333333,0.75,0.0,0.1666666666666666,0.0,0.0,0.0833333333333333,1.0,0.0,0.4166666666666667,0.5833333333333334,0.0,1.0,0.5833333333333334,0.4166666666666667,0.0,0.0,1.0,0.0,0.0,1.0,0.0,0.0,0.5833333333333334,0.0,0.4166666666666667,27.917398071289085,91.20514460972376,2.705714253442628,23.92,99.75,2.112103133879049,1.787470321237574
SOLEDAD,2017,11,42,20,0.5,0.2,0.0,0.0,0.3,0.0,0.0,0.45,0.05,0.0,0.0,0.0,0.5,1.0,0.0,0.6,0.4,0.0,1.0,0.3,0.7,0.0,0.0,1.0,0.0,0.0,1.0,0.0,0.0,0.3,0.0,0.7,28.24254542759488,92.17350660051618,3.151428504713944,23.92,99.75,2.112103133879049,1.787470321237574
SOLEDAD,2017,11,43,11,0.5454545454545454,0.1818181818181818,0.0,0.0,0.1818181818181818,0.0909090909090909,0.0,0.2727272727272727,0.1818181818181818,0.0,0.0,0.0,0.5454545454545454,1.0,0.0,0.7272727272727273,0.2727272727272727,0.0,1.0,0.3636363636363636,0.6363636363636364,0.0,0.0,1.0,0.0,0.0,1.0,0.0,0.0,0.3636363636363636,0.0,0.6363636363636364,27.197808837890648,93.61788068498883,11.5499997820173,23.92,99.75,2.112103133879049,1.787470321237574
SOLEDAD,2017,11,44,9,0.4444444444444444,0.2222222222222222,0.0,0.0,0.3333333333333333,0.0,0.0,0.6666666666666666,0.0,0.0,0.0,0.0,0.3333333333333333,1.0,0.0,0.4444444444444444,0.5555555555555556,0.0,1.0,0.5555555555555556,0.4444444444444444,0.0,0.0,1.0,0.0,0.0,1.0,0.0,0.0,0.5555555555555556,0.0,0.4444444444444444,27.402265712193103,90.648679460798,2.925714272739632,23.92,99.75,2.112103133879049,1.787470321237574
SOLEDAD,2017,12,45,12,0.4166666666666667,0.25,0.0833333333333333,0.0,0.25,0.0,0.0,0.6666666666666666,0.0,0.0,0.0,0.0,0.3333333333333333,1.0,0.0,0.5833333333333334,0.4166666666666667,0.0,1.0,0.4166666666666667,0.5833333333333334,0.0,0.0,1.0,0.0,0.0,1.0,0.0,0.0,0.25,0.0,0.75,27.107764543805825,92.47261919294084,7.677142943654742,23.92,99.75,2.112103133879049,1.787470321237574
SOLEDAD,2017,12,46,10,0.6,0.2,0.0,0.0,0.1,0.0,0.1,0.4,0.0,0.1,0.0,0.0,0.5,1.0,0.0,0.3,0.7,0.0,1.0,0.5,0.5,0.0,0.0,1.0,0.0,0.0,1.0,0.0,0.0,0.4,0.1,0.5,26.878734479631717,92.3213370186942,9.867142609187535,23.92,99.75,2.112103133879049,1.787470321237574
SOLEDAD,2017,12,47,12,0.5,0.25,0.0833333333333333,0.0,0.1666666666666666,0.0,0.0,0.5,0.0,0.0833333333333333,0.0,0.0,0.4166666666666667,1.0,0.0,0.5,0.5,0.0,1.0,0.5,0.5,0.0,0.0,1.0,0.0,0.0,1.0,0.0,0.0,0.5,0.0,0.5,27.175319562639533,91.816652570452,5.645714257444654,23.92,99.75,2.112103133879049,1.787470321237574
SOLEDAD,2017,12,48,17,0.2352941176470588,0.4705882352941176,0.0588235294117647,0.0,0.0588235294117647,0.0,0.1764705882352941,0.5882352941176471,0.0,0.0588235294117647,0.0,0.0588235294117647,0.2941176470588235,0.8823529411764706,0.1176470588235294,0.4117647058823529,0.5882352941176471,0.0,1.0,0.4705882352941176,0.5294117647058824,0.0,0.0,1.0,0.0,0.0,1.0,0.0,0.0,0.2941176470588235,0.0,0.7058823529411765,28.01226414271765,89.41552298409599,6.710000272308077,23.92,99.75,2.112103133879049,1.787470321237574
SOLEDAD,2017,13,49,16,0.3125,0.375,0.0,0.0,0.25,0.0625,0.0,0.6875,0.0,0.0,0.0,0.0,0.3125,1.0,0.0,0.375,0.625,0.0,1.0,0.375,0.625,0.0,0.0,1.0,0.0,0.0,1.0,0.0,0.0,0.375,0.0,0.625,27.925374058314755,88.84416961669922,2.619999985609736,23.92,99.75,2.112103133879049,1.787470321237574
SOLEDAD,2017,13,50,31,0.5161290322580645,0.1935483870967742,0.032258064516129,0.0,0.1612903225806451,0.0,0.0967741935483871,0.5806451612903226,0.032258064516129,0.0,0.0,0.0,0.3870967741935484,1.0,0.0,0.2258064516129032,0.7741935483870968,0.0,1.0,0.6129032258064516,0.3870967741935484,0.0,0.0,1.0,0.0,0.0,1.0,0.0,0.0,0.2258064516129032,0.0,0.7741935483870968,27.658103288923005,88.21100834437779,3.0485714333398,23.92,99.75,2.112103133879049,1.787470321237574
SOLEDAD,2017,13,51,33,0.5151515151515151,0.2727272727272727,0.0,0.0,0.0909090909090909,0.0303030303030303,0.0909090909090909,0.4848484848484848,0.0,0.0,0.0303030303030303,0.0,0.4848484848484848,1.0,0.0,0.4545454545454545,0.5454545454545454,0.0,1.0,0.5151515151515151,0.4848484848484848,0.0,0.0,1.0,0.0,0.0,1.0,0.0,0.0,0.2121212121212121,0.0,0.7878787878787878,27.872369384765648,84.95050157819476,0.0,23.92,99.75,2.112103133879049,1.787470321237574
SOLEDAD,2017,13,52,23,0.391304347826087,0.1304347826086956,0.0,0.0,0.3043478260869565,0.0,0.1739130434782608,0.5652173913043478,0.0434782608695652,0.0434782608695652,0.0,0.0,0.3478260869565217,1.0,0.0,0.3478260869565217,0.6521739130434783,0.0,1.0,0.4782608695652174,0.5217391304347826,0.0,0.0,1.0,0.0,0.0,1.0,0.0,0.0,0.217391304347826,0.0,0.782608695652174,27.236121477399568,87.72618647984096,0.2157142800944191,23.92,99.75,2.112103133879049,1.787470321237574
SOLEDAD,2018,1,1,26,0.5384615384615384,0.1153846153846153,0.0,0.0,0.1538461538461538,0.0,0.1923076923076923,0.5769230769230769,0.0,0.0,0.0,0.0,0.4230769230769231,1.0,0.0,0.3846153846153846,0.6153846153846154,0.0,1.0,0.5769230769230769,0.4230769230769231,0.0,0.0,1.0,0.0,0.0,1.0,0.0,0.0,0.4230769230769231,0.0,0.5769230769230769,27.284352329799127,89.85606493268695,2.0171428535665785,23.85,99.58,2.112103133879049,1.787470321237574
SOLEDAD,2018,1,2,41,0.4146341463414634,0.2926829268292683,0.0,0.0,0.2195121951219512,0.0,0.073170731707317,0.5853658536585366,0.0,0.0,0.024390243902439,0.024390243902439,0.3658536585365853,1.0,0.0,0.4878048780487805,0.5121951219512195,0.0,1.0,0.5609756097560976,0.4390243902439024,0.0,0.0,1.0,0.0,0.0,0.975609756097561,0.024390243902439,0.0,0.3902439024390244,0.0,0.6097560975609756,27.64029628208707,88.11007036481585,0.8628571586949485,23.85,99.58,2.112103133879049,1.787470321237574
SOLEDAD,2018,1,3,42,0.4523809523809524,0.1904761904761904,0.0238095238095238,0.0,0.2142857142857142,0.0,0.119047619047619,0.6190476190476191,0.0,0.0,0.0,0.0476190476190476,0.3333333333333333,1.0,0.0,0.3333333333333333,0.6666666666666666,0.0,1.0,0.3571428571428571,0.6428571428571429,0.0,0.0,1.0,0.0,0.0,0.9523809523809524,0.0476190476190476,0.0,0.5952380952380952,0.0,0.4047619047619047,27.9951590401786,85.72918047223773,0.048571428284049,23.85,99.58,2.112103133879049,1.787470321237574
SOLEDAD,2018,1,4,23,0.4347826086956521,0.3043478260869565,0.0,0.0,0.1304347826086956,0.0,0.1304347826086956,0.4347826086956521,0.0,0.0434782608695652,0.0,0.0869565217391304,0.4347826086956521,1.0,0.0,0.3043478260869565,0.6956521739130435,0.0,1.0,0.6521739130434783,0.3478260869565217,0.0,0.0,1.0,0.0,0.0,1.0,0.0,0.0,0.3478260869565217,0.0,0.6521739130434783,28.127110508510068,84.44191087995257,0.0,23.85,99.58,2.112103133879049,1.787470321237574
SOLEDAD,2018,2,5,25,0.32,0.36,0.0,0.0,0.24,0.0,0.08,0.52,0.0,0.0,0.04,0.04,0.4,0.96,0.04,0.16,0.84,0.0,1.0,0.48,0.52,0.0,0.0,1.0,0.0,0.0,1.0,0.0,0.0,0.36,0.0,0.64,27.644128417968773,84.1727796282087,0.0,23.85,99.58,2.112103133879049,1.787470321237574
SOLEDAD,2018,2,6,20,0.65,0.2,0.0,0.0,0.05,0.0,0.1,0.7,0.0,0.05,0.0,0.05,0.2,1.0,0.0,0.4,0.6,0.0,1.0,0.3,0.7,0.0,0.0,1.0,0.0,0.0,1.0,0.0,0.0,0.5,0.0,0.5,27.481027221679707,83.26838793073382,0.0,23.85,99.58,2.112103133879049,1.787470321237574
SOLEDAD,2018,2,7,24,0.4166666666666667,0.2083333333333333,0.0,0.0,0.2083333333333333,0.0416666666666666,0.125,0.5,0.0,0.0,0.0,0.0416666666666666,0.4583333333333333,1.0,0.0,0.5416666666666666,0.4583333333333333,0.0,1.0,0.4583333333333333,0.5416666666666666,0.0,0.0,1.0,0.0,0.0,1.0,0.0,0.0,0.3333333333333333,0.0,0.6666666666666666,27.08607308523997,83.65481458391461,0.0,23.85,99.58,2.112103133879049,1.787470321237574
SOLEDAD,2018,2,8,19,0.631578947368421,0.1578947368421052,0.0,0.0,0.1052631578947368,0.0,0.1052631578947368,0.4736842105263157,0.0526315789473684,0.0,0.0,0.0,0.4736842105263157,1.0,0.0,0.3157894736842105,0.6842105263157895,0.0,1.0,0.631578947368421,0.3684210526315789,0.0,0.0,1.0,0.0,0.0,1.0,0.0,0.0,0.631578947368421,0.0,0.3684210526315789,26.89641287667413,82.6238523210798,0.0,23.85,99.58,2.112103133879049,1.787470321237574
SOLEDAD,2018,3,9,7,0.7142857142857143,0.1428571428571428,0.0,0.0,0.0,0.0,0.1428571428571428,0.4285714285714285,0.0,0.0,0.0,0.1428571428571428,0.4285714285714285,1.0,0.0,0.0,1.0,0.0,1.0,0.4285714285714285,0.5714285714285714,0.0,0.0,1.0,0.0,0.0,1.0,0.0,0.0,0.2857142857142857,0.0,0.7142857142857143,26.65391366141185,86.09452383858817,0.0014285713966403,23.85,99.58,2.112103133879049,1.787470321237574
SOLEDAD,2018,3,10,7,0.2857142857142857,0.4285714285714285,0.0,0.0,0.1428571428571428,0.0,0.1428571428571428,0.4285714285714285,0.0,0.0,0.0,0.0,0.5714285714285714,1.0,0.0,0.2857142857142857,0.7142857142857143,0.0,1.0,0.1428571428571428,0.8571428571428571,0.0,0.0,1.0,0.0,0.0,1.0,0.0,0.0,0.2857142857142857,0.0,0.7142857142857143,27.94487261090961,84.74397822788784,0.014285714498588,23.85,99.58,2.112103133879049,1.787470321237574
SOLEDAD,2018,3,11,7,0.4285714285714285,0.2857142857142857,0.0,0.0,0.2857142857142857,0.0,0.0,0.8571428571428571,0.0,0.0,0.0,0.0,0.1428571428571428,0.8571428571428571,0.1428571428571428,0.2857142857142857,0.7142857142857143,0.0,1.0,0.4285714285714285,0.5714285714285714,0.0,0.0,1.0,0.0,0.0,1.0,0.0,0.0,0.5714285714285714,0.0,0.4285714285714285,28.245390101841533,85.78007398332868,0.0928571413138082,23.85,99.58,2.112103133879049,1.787470321237574
SOLEDAD,2018,3,12,4,0.5,0.25,0.0,0.0,0.25,0.0,0.0,0.0,0.0,0.25,0.0,0.0,0.75,0.75,0.25,0.0,1.0,0.0,1.0,0.25,0.75,0.0,0.0,1.0,0.0,0.0,1.0,0.0,0.0,0.0,0.0,1.0,27.962014770507835,83.23059844970703,0.0628571438470057,23.85,99.58,2.112103133879049,1.787470321237574
SOLEDAD,2018,4,13,1,0.0,1.0,0.0,0.0,0.0,0.0,0.0,0.0,0.0,0.0,0.0,0.0,1.0,1.0,0.0,1.0,0.0,0.0,1.0,0.0,1.0,0.0,0.0,1.0,0.0,0.0,1.0,0.0,0.0,0.0,0.0,1.0,27.692023577008943,83.68237631661552,0.0200000000851494,23.85,99.58,2.112103133879049,1.787470321237574
SOLEDAD,2018,4,14,4,0.5,0.25,0.0,0.0,0.0,0.25,0.0,0.75,0.0,0.0,0.0,0.0,0.25,1.0,0.0,0.5,0.5,0.0,1.0,0.25,0.75,0.0,0.0,1.0,0.0,0.0,1.0,0.0,0.0,0.5,0.0,0.5,27.847046334402915,85.50431823730469,1.3528571405581065,23.85,99.58,2.112103133879049,1.787470321237574
SOLEDAD,2018,4,15,4,0.25,0.25,0.0,0.0,0.0,0.0,0.5,0.75,0.25,0.0,0.0,0.0,0.0,1.0,0.0,0.75,0.25,0.0,1.0,0.25,0.75,0.0,0.0,1.0,0.0,0.0,1.0,0.0,0.0,0.5,0.0,0.5,28.00307399204801,86.33842032296317,2.487142977969987,23.85,99.58,2.112103133879049,1.787470321237574
SOLEDAD,2018,4,16,6,0.0,0.6666666666666666,0.0,0.0,0.3333333333333333,0.0,0.0,0.5,0.0,0.0,0.0,0.0,0.5,0.8333333333333334,0.1666666666666666,0.8333333333333334,0.1666666666666666,0.0,1.0,0.5,0.5,0.0,0.0,1.0,0.0,0.0,1.0,0.0,0.0,0.1666666666666666,0.0,0.8333333333333334,28.546507045200915,84.96311405726841,1.219999990292958,23.85,99.58,2.112103133879049,1.787470321237574
SOLEDAD,2018,5,17,5,0.4,0.6,0.0,0.0,0.0,0.0,0.0,0.4,0.0,0.0,0.0,0.2,0.4,1.0,0.0,0.4,0.6,0.0,1.0,0.6,0.4,0.0,0.0,1.0,0.0,0.0,1.0,0.0,0.0,0.2,0.0,0.8,28.26526794433596,87.62633950369698,3.794285714626312,23.85,99.58,2.112103133879049,1.787470321237574
SOLEDAD,2018,5,18,2,0.0,0.5,0.0,0.0,0.5,0.0,0.0,1.0,0.0,0.0,0.0,0.0,0.0,1.0,0.0,0.5,0.5,0.0,1.0,0.5,0.5,0.0,0.0,1.0,0.0,0.0,1.0,0.0,0.0,0.5,0.0,0.5,28.085018048967655,87.33451298304966,6.058571369786348,23.85,99.58,2.112103133879049,1.787470321237574
SOLEDAD,2018,5,19,7,0.5714285714285714,0.0,0.0,0.0,0.2857142857142857,0.0,0.1428571428571428,0.2857142857142857,0.0,0.1428571428571428,0.0,0.1428571428571428,0.4285714285714285,1.0,0.0,0.2857142857142857,0.7142857142857143,0.0,1.0,0.2857142857142857,0.7142857142857143,0.0,0.0,1.0,0.0,0.0,1.0,0.0,0.0,0.5714285714285714,0.0,0.4285714285714285,28.012682669503363,87.9173082624163,10.064285797732216,23.85,99.58,2.112103133879049,1.787470321237574
SOLEDAD,2018,5,20,5,0.2,0.4,0.0,0.0,0.0,0.0,0.4,0.8,0.0,0.0,0.0,0.0,0.2,1.0,0.0,0.2,0.8,0.0,1.0,0.4,0.6,0.0,0.0,1.0,0.0,0.0,1.0,0.0,0.0,0.4,0.0,0.6,27.964687238420776,87.9456307547433,9.462857178279332,23.85,99.58,2.112103133879049,1.787470321237574
SOLEDAD,2018,6,21,3,0.0,0.3333333333333333,0.3333333333333333,0.0,0.0,0.0,0.3333333333333333,0.6666666666666666,0.0,0.0,0.0,0.0,0.3333333333333333,0.6666666666666666,0.3333333333333333,0.3333333333333333,0.6666666666666666,0.0,1.0,0.3333333333333333,0.6666666666666666,0.0,0.0,1.0,0.0,0.0,1.0,0.0,0.0,0.6666666666666666,0.0,0.3333333333333333,28.095598929268988,88.89307948521206,9.771428516932897,23.85,99.58,2.112103133879049,1.787470321237574
SOLEDAD,2018,6,23,2,0.5,0.0,0.0,0.0,0.5,0.0,0.0,1.0,0.0,0.0,0.0,0.0,0.0,1.0,0.0,0.0,1.0,0.0,1.0,0.5,0.5,0.0,0.0,1.0,0.0,0.0,1.0,0.0,0.0,0.5,0.0,0.5,28.66418936593193,87.77665165492466,2.352857109159231,23.85,99.58,2.112103133879049,1.787470321237574
SOLEDAD,2018,6,24,6,0.3333333333333333,0.1666666666666666,0.0,0.0,0.1666666666666666,0.0,0.3333333333333333,0.6666666666666666,0.0,0.0,0.0,0.0,0.3333333333333333,1.0,0.0,0.3333333333333333,0.6666666666666666,0.0,1.0,0.3333333333333333,0.6666666666666666,0.0,0.0,1.0,0.0,0.0,1.0,0.0,0.0,0.5,0.0,0.5,28.218203299386182,88.79467119489398,5.85999994618552,23.85,99.58,2.112103133879049,1.787470321237574
SOLEDAD,2018,7,25,6,0.1666666666666666,0.6666666666666666,0.0,0.0,0.1666666666666666,0.0,0.0,0.6666666666666666,0.0,0.0,0.0,0.0,0.3333333333333333,1.0,0.0,0.1666666666666666,0.8333333333333334,0.0,1.0,0.0,1.0,0.0,0.0,1.0,0.0,0.0,0.8333333333333334,0.1666666666666666,0.0,0.8333333333333334,0.0,0.1666666666666666,28.017323521205373,89.43548257010323,4.421428433486393,23.85,99.58,2.112103133879049,1.787470321237574
SOLEDAD,2018,7,26,2,0.5,0.0,0.0,0.0,0.5,0.0,0.0,0.5,0.0,0.0,0.0,0.0,0.5,1.0,0.0,0.0,1.0,0.0,1.0,0.0,1.0,0.0,0.0,1.0,0.0,0.0,1.0,0.0,0.0,1.0,0.0,0.0,27.905123465401807,89.22193363734654,2.592857194798333,23.85,99.58,2.112103133879049,1.787470321237574
SOLEDAD,2018,7,27,3,0.0,0.3333333333333333,0.0,0.0,0.6666666666666666,0.0,0.0,0.6666666666666666,0.0,0.0,0.0,0.0,0.3333333333333333,1.0,0.0,0.0,1.0,0.0,1.0,0.6666666666666666,0.3333333333333333,0.0,0.0,1.0,0.0,0.0,1.0,0.0,0.0,0.6666666666666666,0.0,0.3333333333333333,27.85797598702569,89.54450007847377,0.7014285876814809,23.85,99.58,2.112103133879049,1.787470321237574
SOLEDAD,2018,7,28,13,0.2307692307692307,0.4615384615384615,0.0,0.0,0.2307692307692307,0.0,0.0769230769230769,0.3846153846153846,0.0,0.0,0.0,0.0769230769230769,0.5384615384615384,1.0,0.0,0.1538461538461538,0.8461538461538461,0.0,1.0,0.2307692307692307,0.7692307692307693,0.0,0.0,1.0,0.0,0.0,1.0,0.0,0.0,0.6153846153846154,0.0,0.3846153846153846,27.97959507533485,89.59842463902065,0.957142882315176,23.85,99.58,2.112103133879049,1.787470321237574
SOLEDAD,2018,8,29,9,0.6666666666666666,0.1111111111111111,0.0,0.0,0.2222222222222222,0.0,0.0,0.5555555555555556,0.0,0.0,0.0,0.0,0.4444444444444444,1.0,0.0,0.4444444444444444,0.5555555555555556,0.0,1.0,0.5555555555555556,0.4444444444444444,0.0,0.0,1.0,0.0,0.0,1.0,0.0,0.0,0.5555555555555556,0.0,0.4444444444444444,27.84822126116073,89.98922947474888,0.4100000145179884,23.85,99.58,2.112103133879049,1.787470321237574
SOLEDAD,2018,8,30,7,0.7142857142857143,0.1428571428571428,0.0,0.0,0.1428571428571428,0.0,0.0,0.7142857142857143,0.0,0.1428571428571428,0.0,0.0,0.1428571428571428,1.0,0.0,0.4285714285714285,0.5714285714285714,0.0,1.0,0.2857142857142857,0.7142857142857143,0.0,0.0,1.0,0.0,0.0,1.0,0.0,0.0,0.5714285714285714,0.0,0.4285714285714285,27.179374040876134,93.0233394077846,5.9199999911444525,23.85,99.58,2.112103133879049,1.787470321237574
SOLEDAD,2018,8,31,8,0.75,0.25,0.0,0.0,0.0,0.0,0.0,0.5,0.0,0.25,0.0,0.0,0.25,0.875,0.125,0.25,0.75,0.0,1.0,0.125,0.875,0.0,0.0,1.0,0.0,0.0,1.0,0.0,0.0,0.375,0.0,0.625,27.432000732421898,91.32213919503349,4.570000043937138,23.85,99.58,2.112103133879049,1.787470321237574
SOLEDAD,2018,8,32,18,0.5555555555555556,0.1111111111111111,0.0,0.0,0.1666666666666666,0.0555555555555555,0.1111111111111111,0.6111111111111112,0.0555555555555555,0.0,0.0,0.0,0.3333333333333333,1.0,0.0,0.3888888888888889,0.6111111111111112,0.0,1.0,0.3888888888888889,0.6111111111111112,0.0,0.0,1.0,0.0,0.0,1.0,0.0,0.0,0.6666666666666666,0.0,0.3333333333333333,28.022550746372783,89.98453957693917,0.0571428571960755,23.85,99.58,2.112103133879049,1.787470321237574
SOLEDAD,2018,9,33,15,0.6,0.0666666666666666,0.1333333333333333,0.0,0.2,0.0,0.0,0.4666666666666667,0.0,0.0666666666666666,0.0,0.0,0.4666666666666667,1.0,0.0,0.3333333333333333,0.6666666666666666,0.0,1.0,0.4666666666666667,0.5333333333333333,0.0,0.0,1.0,0.0,0.0,1.0,0.0,0.0,0.4,0.0,0.6,27.4169381277902,91.71407536097936,2.567142869744982,23.85,99.58,2.112103133879049,1.787470321237574
SOLEDAD,2018,9,34,13,0.4615384615384615,0.1538461538461538,0.0769230769230769,0.0,0.0769230769230769,0.0,0.2307692307692307,0.3846153846153846,0.0,0.0,0.0,0.0769230769230769,0.5384615384615384,1.0,0.0,0.2307692307692307,0.7692307692307693,0.0,1.0,0.3846153846153846,0.6153846153846154,0.0,0.0,1.0,0.0,0.0,1.0,0.0,0.0,0.6923076923076923,0.0,0.3076923076923077,27.831602260044665,91.58395276750836,1.8671428646360124,23.85,99.58,2.112103133879049,1.787470321237574
SOLEDAD,2018,9,35,11,0.1818181818181818,0.2727272727272727,0.0,0.0,0.3636363636363636,0.0909090909090909,0.0909090909090909,0.5454545454545454,0.0,0.0,0.0,0.1818181818181818,0.2727272727272727,1.0,0.0,0.3636363636363636,0.6363636363636364,0.0,1.0,0.5454545454545454,0.4545454545454545,0.0,0.0,1.0,0.0,0.0,1.0,0.0,0.0,0.4545454545454545,0.0,0.5454545454545454,27.66020464215962,92.2079587663923,3.0671428782599315,23.85,99.58,2.112103133879049,1.787470321237574
SOLEDAD,2018,9,36,8,0.5,0.125,0.0,0.0,0.375,0.0,0.0,0.75,0.0,0.0,0.0,0.0,0.25,1.0,0.0,0.5,0.5,0.0,1.0,0.625,0.375,0.0,0.0,1.0,0.0,0.0,1.0,0.0,0.0,0.5,0.0,0.5,27.239842442103814,94.02943202427456,11.297142829213824,23.85,99.58,2.112103133879049,1.787470321237574
SOLEDAD,2018,10,37,13,0.1538461538461538,0.3076923076923077,0.0769230769230769,0.0,0.3076923076923077,0.0,0.1538461538461538,0.6153846153846154,0.0,0.0,0.0,0.0,0.3846153846153846,1.0,0.0,0.6153846153846154,0.3846153846153846,0.0,1.0,0.5384615384615384,0.4615384615384615,0.0,0.0,1.0,0.0,0.0,1.0,0.0,0.0,0.3076923076923077,0.0,0.6923076923076923,27.30950535365516,93.63152749197825,8.065714223044258,23.85,99.58,2.112103133879049,1.787470321237574
SOLEDAD,2018,10,38,14,0.5,0.2857142857142857,0.0,0.0,0.0714285714285714,0.0,0.1428571428571428,0.4285714285714285,0.0,0.0,0.0,0.0714285714285714,0.5,0.9285714285714286,0.0714285714285714,0.2857142857142857,0.7142857142857143,0.0,1.0,0.2857142857142857,0.7142857142857143,0.0,0.0,1.0,0.0,0.0,1.0,0.0,0.0,0.2857142857142857,0.0,0.7142857142857143,27.90368041992189,92.8071539742606,4.810000002384186,23.85,99.58,2.112103133879049,1.787470321237574
SOLEDAD,2018,10,39,14,0.2857142857142857,0.2142857142857142,0.0714285714285714,0.0,0.3571428571428571,0.0,0.0714285714285714,0.4285714285714285,0.0,0.0,0.0,0.0714285714285714,0.5,1.0,0.0,0.2857142857142857,0.7142857142857143,0.0,1.0,0.5714285714285714,0.4285714285714285,0.0,0.0,1.0,0.0,0.0,1.0,0.0,0.0,0.3571428571428571,0.0,0.6428571428571429,27.584072004045783,91.33201599121094,9.015714262213026,23.85,99.58,2.112103133879049,1.787470321237574
SOLEDAD,2018,10,40,12,0.3333333333333333,0.1666666666666666,0.0833333333333333,0.0833333333333333,0.0833333333333333,0.0833333333333333,0.1666666666666666,0.5,0.0,0.0833333333333333,0.0,0.0,0.4166666666666667,0.8333333333333334,0.1666666666666666,0.25,0.75,0.0,1.0,0.25,0.75,0.0,0.0,1.0,0.0,0.0,1.0,0.0,0.0,0.1666666666666666,0.0,0.8333333333333334,27.01663033621654,94.29974910191127,11.334285599844796,23.85,99.58,2.112103133879049,1.787470321237574
SOLEDAD,2018,11,41,10,0.2,0.3,0.0,0.0,0.3,0.1,0.1,0.7,0.0,0.0,0.0,0.1,0.2,1.0,0.0,0.3,0.7,0.0,1.0,0.2,0.8,0.0,0.0,1.0,0.0,0.0,1.0,0.0,0.0,0.7,0.0,0.3,26.799079241071446,92.21979195731026,10.034285741192956,23.85,99.58,2.112103133879049,1.787470321237574
SOLEDAD,2018,11,42,8,0.5,0.125,0.0,0.0,0.375,0.0,0.0,0.5,0.0,0.375,0.125,0.0,0.0,1.0,0.0,0.625,0.375,0.0,1.0,0.25,0.75,0.0,0.0,1.0,0.0,0.0,1.0,0.0,0.0,0.0,0.0,1.0,27.25564182826453,91.98286982945034,4.561428578836577,23.85,99.58,2.112103133879049,1.787470321237574
SOLEDAD,2018,11,43,17,0.4117647058823529,0.2352941176470588,0.0,0.0,0.2941176470588235,0.0,0.0588235294117647,0.4117647058823529,0.0,0.1176470588235294,0.0,0.0588235294117647,0.4117647058823529,1.0,0.0,0.1764705882352941,0.8235294117647058,0.0,1.0,0.5294117647058824,0.4705882352941176,0.0,0.0,1.0,0.0,0.0,1.0,0.0,0.0,0.2941176470588235,0.0,0.7058823529411765,27.369167218889533,92.13948822021484,3.619999953678676,23.85,99.58,2.112103133879049,1.787470321237574
SOLEDAD,2018,11,44,16,0.3125,0.3125,0.0,0.0,0.25,0.0,0.125,0.6875,0.0,0.0625,0.0,0.0,0.25,1.0,0.0,0.375,0.625,0.0,1.0,0.3125,0.6875,0.0,0.0,1.0,0.0,0.0,1.0,0.0,0.0,0.625,0.0,0.375,27.374708339146228,91.26416124616352,5.672857049320426,23.85,99.58,2.112103133879049,1.787470321237574
SOLEDAD,2018,12,45,19,0.5263157894736842,0.1578947368421052,0.0,0.0,0.3157894736842105,0.0,0.0,0.5263157894736842,0.0,0.0,0.0,0.0,0.4736842105263157,1.0,0.0,0.2631578947368421,0.7368421052631579,0.0,1.0,0.5263157894736842,0.4736842105263157,0.0,0.0,1.0,0.0,0.0,1.0,0.0,0.0,0.3684210526315789,0.0,0.631578947368421,27.438060651506717,91.35837663922992,2.1200000353689705,23.85,99.58,2.112103133879049,1.787470321237574
SOLEDAD,2018,12,46,28,0.25,0.3214285714285714,0.0,0.0,0.2857142857142857,0.0,0.1428571428571428,0.5714285714285714,0.0,0.0357142857142857,0.0,0.0,0.3928571428571428,1.0,0.0,0.3928571428571428,0.6071428571428571,0.0,1.0,0.5357142857142857,0.4642857142857143,0.0,0.0,1.0,0.0,0.0,1.0,0.0,0.0,0.25,0.0357142857142857,0.7142857142857143,27.72580871582033,91.3969497680664,3.105714295325534,23.85,99.58,2.112103133879049,1.787470321237574
SOLEDAD,2018,12,47,20,0.5,0.15,0.0,0.0,0.25,0.0,0.1,0.6,0.0,0.0,0.0,0.0,0.4,1.0,0.0,0.2,0.8,0.0,1.0,0.5,0.5,0.0,0.0,1.0,0.0,0.0,0.95,0.05,0.0,0.4,0.0,0.6,27.56343558175225,90.8626970563616,0.9842857228858132,23.85,99.58,2.112103133879049,1.787470321237574
SOLEDAD,2018,12,48,17,0.3529411764705882,0.1764705882352941,0.0,0.0,0.4117647058823529,0.0,0.0588235294117647,0.5294117647058824,0.0,0.0,0.0,0.0,0.4705882352941176,1.0,0.0,0.4117647058823529,0.5882352941176471,0.0,1.0,0.4705882352941176,0.5294117647058824,0.0,0.0,1.0,0.0,0.0,1.0,0.0,0.0,0.4705882352941176,0.0,0.5294117647058824,27.332960292271224,90.1982912336077,1.1928571124694176,23.85,99.58,2.112103133879049,1.787470321237574
SOLEDAD,2018,13,49,18,0.5,0.1666666666666666,0.0,0.0,0.3333333333333333,0.0,0.0,0.5555555555555556,0.0,0.0555555555555555,0.0,0.0,0.3888888888888889,1.0,0.0,0.3333333333333333,0.6666666666666666,0.0,1.0,0.3888888888888889,0.6111111111111112,0.0,0.0,1.0,0.0,0.0,1.0,0.0,0.0,0.3888888888888889,0.0,0.6111111111111112,27.25230451311386,88.1687763759068,0.0,23.85,99.58,2.112103133879049,1.787470321237574
SOLEDAD,2018,13,50,21,0.6190476190476191,0.1904761904761904,0.0,0.0,0.0952380952380952,0.0,0.0952380952380952,0.5238095238095238,0.0,0.0,0.0,0.0,0.4761904761904761,1.0,0.0,0.3333333333333333,0.6666666666666666,0.0,1.0,0.4285714285714285,0.5714285714285714,0.0,0.0,1.0,0.0,0.0,1.0,0.0,0.0,0.4285714285714285,0.0,0.5714285714285714,27.407628086635064,88.09662846156529,0.0,23.85,99.58,2.112103133879049,1.787470321237574
SOLEDAD,2018,13,51,27,0.4814814814814814,0.2592592592592592,0.0,0.0,0.1851851851851851,0.0,0.074074074074074,0.5925925925925926,0.0,0.0,0.0,0.037037037037037,0.3703703703703703,1.0,0.0,0.2222222222222222,0.7777777777777778,0.0,1.0,0.4814814814814814,0.5185185185185185,0.0,0.0,1.0,0.0,0.0,1.0,0.0,0.0,0.3333333333333333,0.0,0.6666666666666666,27.1298527308873,89.38646044049945,0.0414285702364785,23.85,99.58,2.112103133879049,1.787470321237574
SOLEDAD,2018,13,52,18,0.5,0.2777777777777778,0.0,0.0,0.1666666666666666,0.0,0.0555555555555555,0.6111111111111112,0.0,0.0,0.0,0.0,0.3888888888888889,0.9444444444444444,0.0555555555555555,0.3888888888888889,0.6111111111111112,0.0,1.0,0.2777777777777778,0.7222222222222222,0.0,0.0,1.0,0.0,0.0,1.0,0.0,0.0,0.2222222222222222,0.0,0.7777777777777778,27.10071498325895,84.47294071742466,0.0,23.85,99.58,2.112103133879049,1.787470321237574
SOLEDAD,2019,1,1,19,0.4210526315789473,0.2631578947368421,0.0,0.0,0.3157894736842105,0.0,0.0,0.631578947368421,0.0,0.0,0.0526315789473684,0.0,0.3157894736842105,0.9473684210526316,0.0526315789473684,0.2631578947368421,0.7368421052631579,0.0526315789473684,0.9473684210526316,0.4736842105263157,0.5263157894736842,0.0,0.0,1.0,0.0,0.0,1.0,0.0,0.0,0.6842105263157895,0.0526315789473684,0.2631578947368421,26.809322248186408,85.99979073660714,0.0,23.87,99.6,2.112103133879049,1.787470321237574
SOLEDAD,2019,1,2,25,0.44,0.2,0.0,0.0,0.32,0.0,0.04,0.56,0.04,0.0,0.0,0.04,0.36,1.0,0.0,0.16,0.84,0.0,1.0,0.56,0.44,0.0,0.0,1.0,0.0,0.0,1.0,0.0,0.0,0.48,0.04,0.48,26.86981026785716,86.89000374930245,0.3385714305830853,23.87,99.6,2.112103133879049,1.787470321237574
SOLEDAD,2019,1,3,17,0.3529411764705882,0.2352941176470588,0.0,0.0,0.2352941176470588,0.0,0.1764705882352941,0.6470588235294118,0.0,0.0,0.0,0.0,0.3529411764705882,1.0,0.0,0.5882352941176471,0.4117647058823529,0.0,1.0,0.3529411764705882,0.6470588235294118,0.0,0.0,1.0,0.0,0.0,1.0,0.0,0.0,0.1764705882352941,0.0,0.8235294117647058,26.897603062221005,86.48627471923828,0.0,23.87,99.6,2.112103133879049,1.787470321237574
SOLEDAD,2019,1,4,21,0.5714285714285714,0.0476190476190476,0.0,0.0,0.3333333333333333,0.0,0.0476190476190476,0.6190476190476191,0.0,0.0,0.0,0.0,0.3809523809523809,1.0,0.0,0.238095238095238,0.7619047619047619,0.0,1.0,0.4761904761904761,0.5238095238095238,0.0,0.0,1.0,0.0,0.0,1.0,0.0,0.0,0.2857142857142857,0.0,0.7142857142857143,27.293228585379488,86.0152337210519,1.0,23.87,99.6,2.112103133879049,1.787470321237574
SOLEDAD,2019,2,5,12,0.4166666666666667,0.25,0.0,0.0833333333333333,0.1666666666666666,0.0,0.0833333333333333,0.75,0.0,0.0,0.0,0.0,0.25,0.9166666666666666,0.0833333333333333,0.3333333333333333,0.6666666666666666,0.0,1.0,0.5833333333333334,0.4166666666666667,0.0,0.0,1.0,0.0,0.0,1.0,0.0,0.0,0.3333333333333333,0.0,0.6666666666666666,27.22290954589846,85.47921643938336,0.0,23.87,99.6,2.112103133879049,1.787470321237574
SOLEDAD,2019,2,6,17,0.5294117647058824,0.1176470588235294,0.0,0.0,0.1764705882352941,0.0588235294117647,0.1176470588235294,0.4117647058823529,0.0,0.0588235294117647,0.0,0.0,0.5294117647058824,1.0,0.0,0.2941176470588235,0.7058823529411765,0.0,1.0,0.3529411764705882,0.6470588235294118,0.0,0.0,1.0,0.0,0.0,1.0,0.0,0.0,0.3529411764705882,0.0,0.6470588235294118,27.17810756138394,83.97178976876395,0.0,23.87,99.6,2.112103133879049,1.787470321237574
SOLEDAD,2019,2,7,11,0.4545454545454545,0.0,0.0,0.0,0.3636363636363636,0.0,0.1818181818181818,0.3636363636363636,0.0,0.0,0.0,0.0,0.6363636363636364,1.0,0.0,0.0909090909090909,0.9090909090909092,0.0,1.0,0.3636363636363636,0.6363636363636364,0.0,0.0,1.0,0.0,0.0,1.0,0.0,0.0,0.5454545454545454,0.0,0.4545454545454545,27.598770577566977,87.19051143101284,0.3499999996274709,23.87,99.6,2.112103133879049,1.787470321237574
SOLEDAD,2019,2,8,8,0.25,0.25,0.0,0.0,0.25,0.0,0.25,0.375,0.0,0.0,0.0,0.0,0.625,1.0,0.0,0.125,0.875,0.0,1.0,0.75,0.25,0.0,0.0,1.0,0.0,0.0,1.0,0.0,0.0,0.25,0.0,0.75,27.67814025878908,83.46031188964844,0.0628571425165448,23.87,99.6,2.112103133879049,1.787470321237574
SOLEDAD,2019,3,9,2,0.5,0.0,0.0,0.0,0.5,0.0,0.0,0.0,0.0,0.0,0.0,0.0,1.0,1.0,0.0,0.5,0.5,0.0,1.0,1.0,0.0,0.0,0.0,1.0,0.0,0.0,1.0,0.0,0.0,0.0,0.0,1.0,27.46768668038505,84.47918265206474,0.0814285698745931,23.87,99.6,2.112103133879049,1.787470321237574
SOLEDAD,2019,3,10,6,0.6666666666666666,0.0,0.0,0.0,0.0,0.0,0.3333333333333333,0.8333333333333334,0.0,0.0,0.0,0.0,0.1666666666666666,1.0,0.0,0.3333333333333333,0.6666666666666666,0.0,1.0,0.3333333333333333,0.6666666666666666,0.0,0.0,1.0,0.0,0.0,1.0,0.0,0.0,0.3333333333333333,0.0,0.6666666666666666,27.314035034179707,84.63037545340401,0.0,23.87,99.6,2.112103133879049,1.787470321237574
SOLEDAD,2019,3,11,2,0.0,0.0,0.0,0.0,0.0,0.0,1.0,0.5,0.0,0.0,0.0,0.0,0.5,1.0,0.0,1.0,0.0,0.0,1.0,0.5,0.5,0.0,0.0,1.0,0.0,0.0,1.0,0.0,0.0,0.5,0.0,0.5,27.40285644531252,84.34992109026227,0.0,23.87,99.6,2.112103133879049,1.787470321237574
SOLEDAD,2019,3,12,1,0.0,1.0,0.0,0.0,0.0,0.0,0.0,1.0,0.0,0.0,0.0,0.0,0.0,1.0,0.0,0.0,1.0,0.0,1.0,0.0,1.0,0.0,0.0,1.0,0.0,0.0,1.0,0.0,0.0,1.0,0.0,0.0,27.460216413225464,85.76098523821149,0.482857126210417,23.87,99.6,2.112103133879049,1.787470321237574
SOLEDAD,2019,4,13,1,0.0,1.0,0.0,0.0,0.0,0.0,0.0,1.0,0.0,0.0,0.0,0.0,0.0,1.0,0.0,0.0,1.0,0.0,1.0,1.0,0.0,0.0,0.0,1.0,0.0,0.0,1.0,0.0,0.0,1.0,0.0,0.0,27.859761265346005,85.95054408482143,0.0314285715243645,23.87,99.6,2.112103133879049,1.787470321237574
SOLEDAD,2019,4,14,2,0.5,0.5,0.0,0.0,0.0,0.0,0.0,1.0,0.0,0.0,0.0,0.0,0.0,1.0,0.0,0.0,1.0,0.0,1.0,0.5,0.5,0.0,0.0,1.0,0.0,0.0,1.0,0.0,0.0,0.5,0.0,0.5,28.44511893136163,82.98248835972377,0.7657142861613205,23.87,99.6,2.112103133879049,1.787470321237574
SOLEDAD,2019,4,15,4,0.5,0.25,0.0,0.0,0.0,0.0,0.25,0.75,0.0,0.0,0.0,0.0,0.25,1.0,0.0,0.0,1.0,0.0,1.0,1.0,0.0,0.0,0.0,1.0,0.0,0.0,1.0,0.0,0.0,0.5,0.0,0.5,28.26296822684153,86.40067073277065,2.5971428837094988,23.87,99.6,2.112103133879049,1.787470321237574
SOLEDAD,2019,4,16,2,0.5,0.0,0.0,0.0,0.0,0.0,0.5,0.5,0.0,0.0,0.0,0.0,0.5,1.0,0.0,1.0,0.0,0.0,1.0,0.0,1.0,0.0,0.0,1.0,0.0,0.0,1.0,0.0,0.0,0.0,0.0,1.0,28.435475376674127,85.11017499651227,1.8957143165171144,23.87,99.6,2.112103133879049,1.787470321237574
SOLEDAD,2019,5,17,4,0.5,0.0,0.0,0.0,0.25,0.0,0.25,0.5,0.0,0.0,0.0,0.0,0.5,1.0,0.0,0.5,0.5,0.0,1.0,0.5,0.5,0.0,0.0,1.0,0.0,0.0,1.0,0.0,0.0,0.0,0.0,1.0,28.462054007393995,84.9947978428432,0.8557142838835716,23.87,99.6,2.112103133879049,1.787470321237574
SOLEDAD,2019,5,18,3,0.0,0.3333333333333333,0.0,0.0,0.3333333333333333,0.0,0.3333333333333333,0.6666666666666666,0.0,0.3333333333333333,0.0,0.0,0.0,1.0,0.0,1.0,0.0,0.0,1.0,0.6666666666666666,0.3333333333333333,0.0,0.0,1.0,0.0,0.0,1.0,0.0,0.0,0.3333333333333333,0.0,0.6666666666666666,29.292502702985505,83.6813234601702,0.0542857154671634,23.87,99.6,2.112103133879049,1.787470321237574
SOLEDAD,2019,5,19,1,0.0,1.0,0.0,0.0,0.0,0.0,0.0,0.0,0.0,0.0,0.0,0.0,1.0,1.0,0.0,1.0,0.0,0.0,1.0,1.0,0.0,0.0,0.0,1.0,0.0,0.0,1.0,0.0,0.0,0.0,0.0,1.0,28.34044363839288,87.66676003592355,11.085714186940876,23.87,99.6,2.112103133879049,1.787470321237574
SOLEDAD,2019,6,21,2,0.5,0.0,0.0,0.0,0.5,0.0,0.0,0.0,0.0,0.0,0.0,0.5,0.5,1.0,0.0,0.0,1.0,0.0,1.0,0.0,1.0,0.0,0.0,1.0,0.0,0.0,1.0,0.0,0.0,0.0,0.0,1.0,28.393448311941984,89.23699842180524,7.195714328970228,23.87,99.6,2.112103133879049,1.787470321237574
SOLEDAD,2019,6,22,5,0.2,0.2,0.0,0.0,0.6,0.0,0.0,0.6,0.0,0.0,0.0,0.0,0.4,1.0,0.0,0.4,0.6,0.0,1.0,0.6,0.4,0.0,0.0,1.0,0.0,0.0,1.0,0.0,0.0,0.0,0.0,1.0,28.01514805385047,89.04315730503627,13.651428384440283,23.87,99.6,2.112103133879049,1.787470321237574
SOLEDAD,2019,6,23,4,0.25,0.5,0.0,0.0,0.25,0.0,0.0,1.0,0.0,0.0,0.0,0.0,0.0,1.0,0.0,0.5,0.5,0.0,1.0,0.25,0.75,0.0,0.0,1.0,0.0,0.0,1.0,0.0,0.0,0.5,0.0,0.5,28.5659402029855,89.27216339111328,9.885714599064418,23.87,99.6,2.112103133879049,1.787470321237574
SOLEDAD,2019,6,24,3,0.6666666666666666,0.0,0.0,0.0,0.0,0.0,0.3333333333333333,0.3333333333333333,0.0,0.0,0.0,0.0,0.6666666666666666,1.0,0.0,0.0,1.0,0.0,1.0,0.3333333333333333,0.6666666666666666,0.0,0.0,1.0,0.0,0.0,1.0,0.0,0.0,0.3333333333333333,0.0,0.6666666666666666,28.587149919782384,88.6429421561105,1.8414285209562096,23.87,99.6,2.112103133879049,1.787470321237574
SOLEDAD,2019,7,25,3,0.3333333333333333,0.3333333333333333,0.0,0.0,0.3333333333333333,0.0,0.0,0.6666666666666666,0.0,0.0,0.0,0.0,0.3333333333333333,1.0,0.0,0.3333333333333333,0.6666666666666666,0.0,1.0,0.3333333333333333,0.6666666666666666,0.0,0.0,1.0,0.0,0.0,1.0,0.0,0.0,0.0,0.0,1.0,28.783646065848234,88.2784445626395,1.3414285704493525,23.87,99.6,2.112103133879049,1.787470321237574
SOLEDAD,2019,7,26,8,0.375,0.125,0.0,0.0,0.125,0.0,0.375,0.375,0.0,0.0,0.0,0.0,0.625,1.0,0.0,0.25,0.75,0.0,1.0,0.5,0.5,0.0,0.0,1.0,0.0,0.0,1.0,0.0,0.0,0.25,0.0,0.75,28.2305868966239,89.11066436767578,0.5557142693017211,23.87,99.6,2.112103133879049,1.787470321237574
SOLEDAD,2019,7,27,10,0.6,0.1,0.0,0.0,0.3,0.0,0.0,0.8,0.0,0.0,0.0,0.0,0.2,1.0,0.0,0.5,0.5,0.0,1.0,0.6,0.4,0.0,0.0,1.0,0.0,0.0,1.0,0.0,0.0,0.2,0.0,0.8,27.89287283761163,89.85262734549386,2.955714426668627,23.87,99.6,2.112103133879049,1.787470321237574
SOLEDAD,2019,7,28,6,0.5,0.0,0.0,0.0,0.1666666666666666,0.0,0.3333333333333333,0.8333333333333334,0.0,0.1666666666666666,0.0,0.0,0.0,1.0,0.0,0.3333333333333333,0.6666666666666666,0.0,1.0,0.5,0.5,0.0,0.0,1.0,0.0,0.0,1.0,0.0,0.0,0.8333333333333334,0.0,0.1666666666666666,27.74266531808038,89.9275621686663,2.151428543297308,23.87,99.6,2.112103133879049,1.787470321237574
SOLEDAD,2019,8,29,10,0.4,0.2,0.0,0.0,0.2,0.1,0.1,0.9,0.0,0.0,0.0,0.0,0.1,0.9,0.1,0.2,0.8,0.0,1.0,0.2,0.8,0.0,0.0,1.0,0.0,0.0,1.0,0.0,0.0,0.3,0.0,0.7,28.11021248953685,90.27401406424386,0.3400000035762786,23.87,99.6,2.112103133879049,1.787470321237574
SOLEDAD,2019,8,30,7,0.4285714285714285,0.4285714285714285,0.0,0.0,0.0,0.0,0.1428571428571428,0.7142857142857143,0.1428571428571428,0.0,0.0,0.0,0.1428571428571428,1.0,0.0,0.5714285714285714,0.4285714285714285,0.0,1.0,0.4285714285714285,0.5714285714285714,0.0,0.0,1.0,0.0,0.0,1.0,0.0,0.0,0.4285714285714285,0.0,0.5714285714285714,27.54790867396765,91.68733978271484,3.3314286039343903,23.87,99.6,2.112103133879049,1.787470321237574
SOLEDAD,2019,8,31,9,0.4444444444444444,0.1111111111111111,0.1111111111111111,0.0,0.1111111111111111,0.0,0.2222222222222222,0.7777777777777778,0.0,0.0,0.0,0.0,0.2222222222222222,1.0,0.0,0.2222222222222222,0.7777777777777778,0.0,1.0,0.5555555555555556,0.4444444444444444,0.0,0.0,1.0,0.0,0.0,1.0,0.0,0.0,0.3333333333333333,0.1111111111111111,0.5555555555555556,27.93825029645649,93.44402531215124,3.4314286283084323,23.87,99.6,2.112103133879049,1.787470321237574
SOLEDAD,2019,8,32,6,0.5,0.1666666666666666,0.0,0.0,0.0,0.1666666666666666,0.1666666666666666,0.3333333333333333,0.0,0.1666666666666666,0.0,0.0,0.5,1.0,0.0,0.3333333333333333,0.6666666666666666,0.0,1.0,0.5,0.5,0.0,0.0,1.0,0.0,0.0,1.0,0.0,0.0,0.1666666666666666,0.1666666666666666,0.6666666666666666,28.16113106863841,92.03950827462332,2.8628571459225247,23.87,99.6,2.112103133879049,1.787470321237574
SOLEDAD,2019,9,33,6,0.3333333333333333,0.5,0.0,0.0,0.0,0.0,0.1666666666666666,0.6666666666666666,0.0,0.0,0.0,0.0,0.3333333333333333,1.0,0.0,0.8333333333333334,0.1666666666666666,0.0,1.0,0.5,0.5,0.0,0.0,1.0,0.0,0.0,1.0,0.0,0.0,0.1666666666666666,0.0,0.8333333333333334,27.46529976981029,91.42306518554688,12.798571403537478,23.87,99.6,2.112103133879049,1.787470321237574
SOLEDAD,2019,9,34,4,0.25,0.25,0.25,0.0,0.25,0.0,0.0,0.5,0.0,0.0,0.0,0.0,0.5,1.0,0.0,0.5,0.5,0.0,1.0,0.75,0.25,0.0,0.0,1.0,0.0,0.0,1.0,0.0,0.0,0.25,0.0,0.75,27.99639718191966,92.87716238839286,3.941428647243551,23.87,99.6,2.112103133879049,1.787470321237574
SOLEDAD,2019,9,35,3,0.6666666666666666,0.3333333333333333,0.0,0.0,0.0,0.0,0.0,0.3333333333333333,0.0,0.3333333333333333,0.0,0.0,0.3333333333333333,1.0,0.0,0.3333333333333333,0.6666666666666666,0.0,1.0,0.3333333333333333,0.6666666666666666,0.0,0.0,1.0,0.0,0.0,1.0,0.0,0.0,0.0,0.0,1.0,27.962389700753366,92.62813459123883,3.5442857572010587,23.87,99.6,2.112103133879049,1.787470321237574
SOLEDAD,2019,9,36,6,0.0,0.3333333333333333,0.0,0.0,0.1666666666666666,0.0,0.5,0.8333333333333334,0.0,0.0,0.0,0.0,0.1666666666666666,1.0,0.0,0.5,0.5,0.0,1.0,0.1666666666666666,0.8333333333333334,0.0,0.0,1.0,0.0,0.0,1.0,0.0,0.0,0.0,0.0,1.0,28.009465244838196,92.35884530203684,0.9671428214226452,23.87,99.6,2.112103133879049,1.787470321237574
SOLEDAD,2019,10,37,5,0.2,0.2,0.0,0.0,0.0,0.0,0.6,0.8,0.0,0.2,0.0,0.0,0.0,1.0,0.0,0.4,0.6,0.0,1.0,0.6,0.4,0.0,0.0,1.0,0.0,0.0,1.0,0.0,0.0,0.2,0.0,0.8,28.08718697684154,92.50794982910156,4.849999955722264,23.87,99.6,2.112103133879049,1.787470321237574
SOLEDAD,2019,10,38,5,0.4,0.2,0.0,0.0,0.4,0.0,0.0,0.6,0.0,0.0,0.0,0.0,0.4,1.0,0.0,0.4,0.6,0.0,1.0,0.2,0.8,0.0,0.0,1.0,0.0,0.0,1.0,0.0,0.0,0.4,0.0,0.6,26.740513828822564,94.53142765590124,11.695714337485176,23.87,99.6,2.112103133879049,1.787470321237574
SOLEDAD,2019,10,39,5,0.8,0.0,0.0,0.0,0.2,0.0,0.0,0.2,0.0,0.0,0.0,0.2,0.6,1.0,0.0,0.2,0.8,0.0,1.0,0.4,0.6,0.0,0.0,1.0,0.0,0.0,1.0,0.0,0.0,0.0,0.0,1.0,27.54115121023997,93.5605000087193,7.198571409497943,23.87,99.6,2.112103133879049,1.787470321237574
SOLEDAD,2019,10,40,11,0.3636363636363636,0.2727272727272727,0.0,0.0,0.1818181818181818,0.0,0.1818181818181818,0.4545454545454545,0.0,0.0909090909090909,0.0,0.0,0.4545454545454545,1.0,0.0,0.6363636363636364,0.3636363636363636,0.0,1.0,0.4545454545454545,0.5454545454545454,0.0,0.0,1.0,0.0,0.0,1.0,0.0,0.0,0.0909090909090909,0.0,0.9090909090909092,27.04544328962056,93.597900390625,7.752857140132359,23.87,99.6,2.112103133879049,1.787470321237574
SOLEDAD,2019,11,41,11,0.3636363636363636,0.1818181818181818,0.0,0.0,0.0909090909090909,0.0909090909090909,0.2727272727272727,0.3636363636363636,0.0,0.0909090909090909,0.0,0.0,0.5454545454545454,1.0,0.0,0.2727272727272727,0.7272727272727273,0.0,1.0,0.4545454545454545,0.5454545454545454,0.0,0.0,1.0,0.0,0.0,1.0,0.0,0.0,0.0909090909090909,0.0,0.9090909090909092,26.888408551897346,93.0811527797154,15.400000027247838,23.87,99.6,2.112103133879049,1.787470321237574
SOLEDAD,2019,11,42,13,0.3846153846153846,0.2307692307692307,0.0,0.0,0.3076923076923077,0.0,0.0769230769230769,0.4615384615384615,0.0,0.0,0.0,0.0769230769230769,0.4615384615384615,1.0,0.0,0.2307692307692307,0.7692307692307693,0.0,1.0,0.4615384615384615,0.5384615384615384,0.0,0.0,1.0,0.0,0.0,1.0,0.0,0.0,0.0769230769230769,0.0,0.9230769230769232,26.90990164620538,93.19437735421316,21.12000015803746,23.87,99.6,2.112103133879049,1.787470321237574
SOLEDAD,2019,11,43,13,0.3076923076923077,0.0769230769230769,0.0769230769230769,0.0,0.5384615384615384,0.0,0.0,0.5384615384615384,0.0,0.0769230769230769,0.0,0.0,0.3846153846153846,1.0,0.0,0.3076923076923077,0.6923076923076923,0.0,1.0,0.3076923076923077,0.6923076923076923,0.0,0.0,1.0,0.0,0.0,1.0,0.0,0.0,0.2307692307692307,0.0,0.7692307692307693,27.24017813546319,92.64758954729352,4.987142826829638,23.87,99.6,2.112103133879049,1.787470321237574
SOLEDAD,2019,11,44,18,0.5555555555555556,0.2222222222222222,0.0,0.0,0.1111111111111111,0.0,0.1111111111111111,0.7222222222222222,0.0,0.0,0.0,0.0,0.2777777777777778,1.0,0.0,0.2777777777777778,0.7222222222222222,0.0,1.0,0.3333333333333333,0.6666666666666666,0.0,0.0,1.0,0.0,0.0,1.0,0.0,0.0,0.2222222222222222,0.0,0.7777777777777778,27.761549159458724,90.6245585850307,1.7957142825637544,23.87,99.6,2.112103133879049,1.787470321237574
SOLEDAD,2019,12,45,26,0.5,0.1538461538461538,0.0,0.0,0.2307692307692307,0.0,0.1153846153846153,0.4230769230769231,0.0,0.0,0.0,0.0384615384615384,0.5384615384615384,1.0,0.0,0.2307692307692307,0.7692307692307693,0.0,1.0,0.3846153846153846,0.6153846153846154,0.0,0.0,1.0,0.0,0.0,1.0,0.0,0.0,0.1923076923076923,0.0,0.8076923076923077,27.63731863839288,91.56846291678292,6.415714342679296,23.87,99.6,2.112103133879049,1.787470321237574
SOLEDAD,2019,12,46,28,0.2857142857142857,0.1785714285714285,0.0,0.0,0.2857142857142857,0.0714285714285714,0.1785714285714285,0.6071428571428571,0.0,0.0357142857142857,0.0,0.0,0.3571428571428571,1.0,0.0,0.25,0.75,0.0,1.0,0.6071428571428571,0.3928571428571428,0.0,0.0,1.0,0.0,0.0,1.0,0.0,0.0,0.4285714285714285,0.0,0.5714285714285714,27.204311261858276,92.06378391810826,2.0099999997764826,23.87,99.6,2.112103133879049,1.787470321237574
SOLEDAD,2019,12,47,36,0.4444444444444444,0.1388888888888889,0.0,0.0,0.1944444444444444,0.0,0.2222222222222222,0.4444444444444444,0.0,0.0555555555555555,0.0,0.0,0.5,1.0,0.0,0.3888888888888889,0.6111111111111112,0.0,1.0,0.5277777777777778,0.4722222222222222,0.0,0.0,1.0,0.0,0.0,1.0,0.0,0.0,0.2777777777777778,0.0,0.7222222222222222,27.424922834123898,89.8908462524414,4.329999991825649,23.87,99.6,2.112103133879049,1.787470321237574
SOLEDAD,2019,12,48,33,0.303030303030303,0.1515151515151515,0.0,0.0,0.4242424242424242,0.0,0.1212121212121212,0.696969696969697,0.0,0.0,0.0,0.0,0.303030303030303,1.0,0.0,0.2727272727272727,0.7272727272727273,0.0,1.0,0.3636363636363636,0.6363636363636364,0.0,0.0,1.0,0.0,0.0,1.0,0.0,0.0,0.2727272727272727,0.0,0.7272727272727273,27.89612731933596,89.51822880336216,0.1214285716414451,23.87,99.6,2.112103133879049,1.787470321237574
SOLEDAD,2019,13,49,37,0.4594594594594595,0.1081081081081081,0.0,0.0,0.2702702702702703,0.0,0.1621621621621621,0.5135135135135135,0.0,0.0,0.0,0.027027027027027,0.4594594594594595,1.0,0.0,0.2432432432432432,0.7567567567567568,0.0,1.0,0.4054054054054054,0.5945945945945946,0.0,0.0,1.0,0.0,0.0,1.0,0.0,0.0,0.4864864864864865,0.0,0.5135135135135135,27.68504813058038,90.5591060093471,2.657142878909196,23.87,99.6,2.112103133879049,1.787470321237574
SOLEDAD,2019,13,50,38,0.6578947368421053,0.0789473684210526,0.0263157894736842,0.0,0.2105263157894736,0.0,0.0263157894736842,0.4736842105263157,0.0,0.0263157894736842,0.0,0.0,0.5,1.0,0.0,0.3421052631578947,0.6578947368421053,0.0,1.0,0.4736842105263157,0.5263157894736842,0.0,0.0,1.0,0.0,0.0,1.0,0.0,0.0,0.4473684210526316,0.0,0.5526315789473685,27.567213221958724,88.85449763706752,3.145714285650424,23.87,99.6,2.112103133879049,1.787470321237574
SOLEDAD,2019,13,51,42,0.4523809523809524,0.1904761904761904,0.0,0.0,0.3333333333333333,0.0,0.0238095238095238,0.3571428571428571,0.0,0.0476190476190476,0.0238095238095238,0.0238095238095238,0.5476190476190477,0.9761904761904762,0.0238095238095238,0.1904761904761904,0.8095238095238095,0.0,1.0,0.4047619047619047,0.5952380952380952,0.0,0.0,1.0,0.0,0.0,1.0,0.0,0.0,0.1428571428571428,0.0,0.8571428571428571,28.1906437465123,89.21917179652623,1.1885714445795332,23.87,99.6,2.112103133879049,1.787470321237574
SOLEDAD,2019,13,52,39,0.5641025641025641,0.1282051282051282,0.0,0.0,0.2307692307692307,0.0,0.0769230769230769,0.5897435897435898,0.0,0.0,0.0,0.0,0.4102564102564102,0.9743589743589745,0.0256410256410256,0.282051282051282,0.717948717948718,0.0,1.0,0.4871794871794871,0.5128205128205128,0.0,0.0,1.0,0.0,0.0,1.0,0.0,0.0,0.282051282051282,0.0,0.717948717948718,28.031974138532387,89.61386326381138,1.1485714209931237,23.87,99.6,2.112103133879049,1.787470321237574
SOLEDAD,2020,1,1,52,0.5384615384615384,0.173076923076923,0.0,0.0,0.2692307692307692,0.0,0.0192307692307692,0.7115384615384616,0.0,0.0576923076923076,0.0384615384615384,0.0192307692307692,0.173076923076923,0.9615384615384616,0.0384615384615384,0.2115384615384615,0.7884615384615384,0.0192307692307692,0.9807692307692308,0.4615384615384615,0.5384615384615384,0.0,0.0,1.0,0.0,0.0,1.0,0.0,0.0,0.4038461538461538,0.0,0.5961538461538461,27.63696986607145,87.17083413260323,0.2857142857142857,23.81,99.35,2.112103133879049,1.787470321237574
SOLEDAD,2020,1,2,59,0.5423728813559322,0.135593220338983,0.0,0.0,0.2033898305084746,0.0,0.1186440677966101,0.6101694915254238,0.0,0.0508474576271186,0.0169491525423728,0.0508474576271186,0.2711864406779661,0.9661016949152542,0.0338983050847457,0.3389830508474576,0.6610169491525424,0.0,1.0,0.5254237288135594,0.4745762711864407,0.0,0.0,1.0,0.0,0.0,1.0,0.0,0.0,0.1864406779661017,0.0,0.8135593220338984,27.856428309849356,82.66490936279297,0.0,23.81,99.35,2.112103133879049,1.787470321237574
SOLEDAD,2020,1,3,51,0.4705882352941176,0.2352941176470588,0.0,0.0,0.1764705882352941,0.0,0.1176470588235294,0.7058823529411765,0.0,0.0392156862745098,0.0,0.0,0.2549019607843137,1.0,0.0,0.4705882352941176,0.5294117647058824,0.0,1.0,0.5294117647058824,0.4705882352941176,0.0,0.0,1.0,0.0,0.0,1.0,0.0,0.0,0.2156862745098039,0.0,0.7843137254901961,27.287746320452023,85.55177307128906,0.0614285695233515,23.81,99.35,2.112103133879049,1.787470321237574
SOLEDAD,2020,1,4,41,0.4146341463414634,0.2439024390243902,0.0,0.0,0.2682926829268293,0.0,0.073170731707317,0.6341463414634146,0.0,0.024390243902439,0.0,0.073170731707317,0.2682926829268293,1.0,0.0,0.4390243902439024,0.5609756097560976,0.0,1.0,0.4390243902439024,0.5609756097560976,0.0,0.0,1.0,0.0,0.0,1.0,0.0,0.0,0.2195121951219512,0.0,0.7804878048780488,27.17501656668529,88.68023354666573,8.258571433169502,23.81,99.35,2.112103133879049,1.787470321237574
SOLEDAD,2020,2,5,38,0.5,0.2105263157894736,0.0,0.0,0.1842105263157894,0.0,0.1052631578947368,0.5263157894736842,0.0,0.0263157894736842,0.0263157894736842,0.0,0.4210526315789473,1.0,0.0,0.2631578947368421,0.7368421052631579,0.0,1.0,0.5263157894736842,0.4736842105263157,0.0,0.0,1.0,0.0,0.0,1.0,0.0,0.0,0.1842105263157894,0.0,0.8157894736842105,28.21049107142859,85.29869515555245,0.5714285714285714,23.81,99.35,2.112103133879049,1.787470321237574
SOLEDAD,2020,2,6,32,0.46875,0.25,0.03125,0.0,0.21875,0.0,0.03125,0.5625,0.0,0.0625,0.03125,0.03125,0.3125,1.0,0.0,0.375,0.625,0.0,1.0,0.5625,0.4375,0.0,0.0,1.0,0.0,0.0,1.0,0.0,0.0,0.1875,0.0,0.8125,27.846041434151804,83.85274178641183,0.0,23.81,99.35,2.112103133879049,1.787470321237574
SOLEDAD,2020,2,7,19,0.5263157894736842,0.2631578947368421,0.0,0.0,0.0526315789473684,0.0,0.1578947368421052,0.6842105263157895,0.0,0.0526315789473684,0.0,0.1052631578947368,0.1578947368421052,1.0,0.0,0.2105263157894736,0.7894736842105263,0.0,1.0,0.5263157894736842,0.4736842105263157,0.0,0.0,1.0,0.0,0.0,1.0,0.0,0.0,0.2105263157894736,0.0,0.7894736842105263,27.74093671526229,83.84389277866909,0.0,23.81,99.35,2.112103133879049,1.787470321237574
SOLEDAD,2020,2,8,18,0.5,0.1666666666666666,0.0555555555555555,0.0,0.2777777777777778,0.0,0.0,0.8333333333333334,0.0,0.0,0.0,0.0,0.1666666666666666,1.0,0.0,0.2222222222222222,0.7777777777777778,0.0,1.0,0.6666666666666666,0.3333333333333333,0.0,0.0,1.0,0.0,0.0,1.0,0.0,0.0,0.2222222222222222,0.0,0.7777777777777778,27.162024797712075,85.82107325962612,0.0,23.81,99.35,2.112103133879049,1.787470321237574
SOLEDAD,2020,3,9,18,0.4444444444444444,0.2222222222222222,0.1111111111111111,0.0,0.2222222222222222,0.0,0.0,0.5,0.0,0.1111111111111111,0.0,0.0,0.3888888888888889,1.0,0.0,0.2222222222222222,0.7777777777777778,0.0,1.0,0.4444444444444444,0.5555555555555556,0.0,0.0,1.0,0.0,0.0,1.0,0.0,0.0,0.1111111111111111,0.0,0.8888888888888888,27.59930027553015,85.61754608154297,1.1428571428571428,23.81,99.35,2.112103133879049,1.787470321237574
SOLEDAD,2020,3,10,7,0.5714285714285714,0.1428571428571428,0.0,0.0,0.1428571428571428,0.0,0.1428571428571428,0.5714285714285714,0.0,0.0,0.0,0.0,0.4285714285714285,0.8571428571428571,0.1428571428571428,0.0,1.0,0.0,1.0,0.2857142857142857,0.7142857142857143,0.0,0.0,1.0,0.0,0.0,1.0,0.0,0.0,0.2857142857142857,0.0,0.7142857142857143,27.681085205078148,83.07105800083706,0.0,23.81,99.35,2.112103133879049,1.787470321237574
SOLEDAD,2020,3,11,10,0.1,0.5,0.0,0.0,0.3,0.0,0.1,0.8,0.0,0.0,0.0,0.0,0.2,0.9,0.1,0.5,0.5,0.0,1.0,0.8,0.2,0.0,0.0,1.0,0.0,0.0,1.0,0.0,0.0,0.2,0.0,0.8,27.478101893833728,84.91793605259487,0.2857142857142857,23.81,99.35,2.112103133879049,1.787470321237574
SOLEDAD,2020,3,12,2,0.0,0.0,0.0,0.0,1.0,0.0,0.0,0.5,0.0,0.0,0.0,0.0,0.5,1.0,0.0,0.5,0.5,0.0,1.0,1.0,0.0,0.0,0.0,1.0,0.0,0.0,1.0,0.0,0.0,0.0,0.0,1.0,27.749485996791314,82.85010637555804,0.0357142857142857,23.81,99.35,2.112103133879049,1.787470321237574
SOLEDAD,2020,4,13,2,0.0,0.0,1.0,0.0,0.0,0.0,0.0,0.5,0.0,0.0,0.0,0.0,0.5,1.0,0.0,0.5,0.5,0.0,1.0,0.5,0.5,0.0,0.0,1.0,0.0,0.0,0.5,0.5,0.0,0.0,0.0,1.0,27.984083339146228,83.27153778076172,0.0,23.81,99.35,2.112103133879049,1.787470321237574
SOLEDAD,2020,4,14,1,0.0,1.0,0.0,0.0,0.0,0.0,0.0,1.0,0.0,0.0,0.0,0.0,0.0,1.0,0.0,0.0,1.0,0.0,1.0,1.0,0.0,0.0,0.0,1.0,0.0,0.0,1.0,0.0,0.0,1.0,0.0,0.0,28.32817775181364,86.65824454171317,0.8114285679267985,23.81,99.35,2.112103133879049,1.787470321237574
SOLEDAD,2020,4,15,1,0.0,0.0,0.0,0.0,0.0,0.0,1.0,1.0,0.0,0.0,0.0,0.0,0.0,1.0,0.0,1.0,0.0,0.0,1.0,0.0,1.0,0.0,0.0,1.0,0.0,0.0,1.0,0.0,0.0,0.0,0.0,1.0,28.54949776785716,85.61711992536273,0.3342857182558094,23.81,99.35,2.112103133879049,1.787470321237574
SOLEDAD,2020,4,16,2,1.0,0.0,0.0,0.0,0.0,0.0,0.0,0.5,0.0,0.5,0.0,0.0,0.0,1.0,0.0,1.0,0.0,0.0,1.0,0.0,1.0,0.0,0.0,1.0,0.0,0.0,1.0,0.0,0.0,0.0,0.0,1.0,28.49889526367189,84.85184478759766,0.9028571373117822,23.81,99.35,2.112103133879049,1.787470321237574
SOLEDAD,2020,5,17,1,1.0,0.0,0.0,0.0,0.0,0.0,0.0,1.0,0.0,0.0,0.0,0.0,0.0,1.0,0.0,0.0,1.0,0.0,1.0,0.0,1.0,0.0,0.0,1.0,0.0,0.0,1.0,0.0,0.0,0.0,0.0,1.0,28.506672886439752,85.22744968959263,0.862857138471944,23.81,99.35,2.112103133879049,1.787470321237574
SOLEDAD,2020,5,18,2,1.0,0.0,0.0,0.0,0.0,0.0,0.0,0.0,0.0,0.0,0.0,0.0,1.0,1.0,0.0,0.5,0.5,0.0,1.0,0.0,1.0,0.0,0.0,1.0,0.0,0.0,1.0,0.0,0.0,0.0,0.0,1.0,28.77188153948105,85.9860610961914,0.3842857075589044,23.81,99.35,2.112103133879049,1.787470321237574
SOLEDAD,2020,5,19,1,0.0,1.0,0.0,0.0,0.0,0.0,0.0,1.0,0.0,0.0,0.0,0.0,0.0,1.0,0.0,1.0,0.0,0.0,1.0,1.0,0.0,0.0,0.0,1.0,0.0,0.0,1.0,0.0,0.0,0.0,0.0,1.0,29.172398594447568,86.2638419015067,6.775714287800448,23.81,99.35,2.112103133879049,1.787470321237574
SOLEDAD,2020,6,21,1,0.0,1.0,0.0,0.0,0.0,0.0,0.0,0.0,0.0,0.0,0.0,0.0,1.0,1.0,0.0,1.0,0.0,0.0,1.0,0.0,1.0,0.0,0.0,1.0,0.0,0.0,1.0,0.0,0.0,0.0,0.0,1.0,29.02479160853796,88.66742924281529,6.032857132809503,23.81,99.35,2.112103133879049,1.787470321237574
SOLEDAD,2020,6,22,3,0.0,0.6666666666666666,0.0,0.0,0.0,0.0,0.3333333333333333,0.6666666666666666,0.0,0.0,0.0,0.3333333333333333,0.0,1.0,0.0,1.0,0.0,0.0,1.0,0.6666666666666666,0.3333333333333333,0.0,0.0,1.0,0.0,0.0,1.0,0.0,0.0,0.3333333333333333,0.0,0.6666666666666666,28.196871512276807,89.12797001429966,19.075714247567312,23.81,99.35,2.112103133879049,1.787470321237574
SOLEDAD,2020,6,23,1,0.0,1.0,0.0,0.0,0.0,0.0,0.0,0.0,0.0,0.0,0.0,0.0,1.0,1.0,0.0,1.0,0.0,0.0,1.0,0.0,1.0,0.0,0.0,1.0,0.0,0.0,1.0,0.0,0.0,0.0,0.0,1.0,28.699051339285734,87.701174054827,7.342857011726925,23.81,99.35,2.112103133879049,1.787470321237574
SOLEDAD,2020,6,24,1,0.0,1.0,0.0,0.0,0.0,0.0,0.0,1.0,0.0,0.0,0.0,0.0,0.0,1.0,0.0,1.0,0.0,0.0,1.0,0.0,1.0,0.0,0.0,1.0,0.0,0.0,1.0,0.0,0.0,0.0,0.0,1.0,28.123160661969884,88.04458182198661,5.199999932731901,23.81,99.35,2.112103133879049,1.787470321237574
SOLEDAD,2020,7,25,1,0.0,0.0,1.0,0.0,0.0,0.0,0.0,1.0,0.0,0.0,0.0,0.0,0.0,1.0,0.0,1.0,0.0,0.0,1.0,0.0,1.0,0.0,0.0,1.0,0.0,0.0,1.0,0.0,0.0,1.0,0.0,0.0,28.588466535295776,88.94216591971261,3.0957142718668496,23.81,99.35,2.112103133879049,1.787470321237574
SOLEDAD,2020,7,27,1,1.0,0.0,0.0,0.0,0.0,0.0,0.0,0.0,0.0,0.0,0.0,1.0,0.0,1.0,0.0,1.0,0.0,0.0,1.0,0.0,1.0,0.0,0.0,1.0,0.0,0.0,1.0,0.0,0.0,1.0,0.0,0.0,27.703827340262297,90.94430541992188,7.928571505205972,23.81,99.35,2.112103133879049,1.787470321237574
SOLEDAD,2020,7,28,1,0.0,0.0,0.0,0.0,1.0,0.0,0.0,1.0,0.0,0.0,0.0,0.0,0.0,1.0,0.0,0.0,1.0,0.0,1.0,1.0,0.0,0.0,0.0,1.0,0.0,0.0,1.0,0.0,0.0,0.0,0.0,1.0,27.580919974190863,90.99745396205356,8.92714308840888,23.81,99.35,2.112103133879049,1.787470321237574
SOLEDAD,2020,8,29,1,0.0,1.0,0.0,0.0,0.0,0.0,0.0,0.0,0.0,0.0,0.0,0.0,1.0,1.0,0.0,0.0,1.0,0.0,1.0,0.0,1.0,0.0,0.0,1.0,0.0,0.0,1.0,0.0,0.0,0.0,0.0,1.0,27.871214076450908,90.83580235072544,4.490000077390245,23.81,99.35,2.112103133879049,1.787470321237574
SOLEDAD,2020,8,30,3,0.3333333333333333,0.0,0.0,0.0,0.0,0.0,0.6666666666666666,0.3333333333333333,0.0,0.0,0.3333333333333333,0.0,0.3333333333333333,1.0,0.0,1.0,0.0,0.0,1.0,0.0,1.0,0.0,0.0,1.0,0.0,0.0,1.0,0.0,0.0,0.0,0.0,1.0,27.290791538783505,93.85279737200057,9.672856999295098,23.81,99.35,2.112103133879049,1.787470321237574
SOLEDAD,2020,9,34,3,0.3333333333333333,0.6666666666666666,0.0,0.0,0.0,0.0,0.0,1.0,0.0,0.0,0.0,0.0,0.0,1.0,0.0,0.6666666666666666,0.3333333333333333,0.0,1.0,0.6666666666666666,0.3333333333333333,0.0,0.0,1.0,0.0,0.0,1.0,0.0,0.0,0.3333333333333333,0.0,0.6666666666666666,27.07805132184712,94.21471840994698,21.257142884390696,23.81,99.35,2.112103133879049,1.787470321237574
SOLEDAD,2020,9,35,2,0.5,0.5,0.0,0.0,0.0,0.0,0.0,0.5,0.0,0.0,0.0,0.0,0.5,1.0,0.0,0.0,1.0,0.0,1.0,0.5,0.5,0.0,0.0,1.0,0.0,0.0,1.0,0.0,0.0,0.0,0.0,1.0,27.260034179687523,93.01796286446708,6.600000091961452,23.81,99.35,2.112103133879049,1.787470321237574
SOLEDAD,2020,9,36,4,0.5,0.25,0.0,0.0,0.25,0.0,0.0,0.5,0.0,0.0,0.0,0.0,0.5,1.0,0.0,0.5,0.5,0.0,1.0,0.5,0.5,0.0,0.0,1.0,0.0,0.0,1.0,0.0,0.0,0.0,0.0,1.0,27.11407514299668,94.04110172816684,13.698571511677333,23.81,99.35,2.112103133879049,1.787470321237574
SOLEDAD,2020,10,37,1,0.0,0.0,0.0,0.0,0.0,0.0,1.0,1.0,0.0,0.0,0.0,0.0,0.0,1.0,0.0,1.0,0.0,0.0,1.0,0.0,1.0,0.0,0.0,1.0,0.0,0.0,1.0,0.0,0.0,1.0,0.0,0.0,27.806002371651807,93.34752110072544,14.130000591278076,23.81,99.35,2.112103133879049,1.787470321237574
SOLEDAD,2020,10,38,1,0.0,0.0,0.0,0.0,0.0,0.0,1.0,0.0,0.0,1.0,0.0,0.0,0.0,1.0,0.0,1.0,0.0,0.0,1.0,0.0,1.0,0.0,0.0,1.0,0.0,0.0,1.0,0.0,0.0,0.0,0.0,1.0,27.36131766183038,94.25753348214286,8.441428559167045,23.81,99.35,2.112103133879049,1.787470321237574
SOLEDAD,2020,10,39,5,0.4,0.4,0.0,0.0,0.0,0.0,0.2,0.8,0.0,0.0,0.0,0.0,0.2,1.0,0.0,0.4,0.6,0.0,1.0,0.6,0.4,0.0,0.0,1.0,0.0,0.0,1.0,0.0,0.0,0.0,0.0,1.0,27.54140625000001,93.8203866141183,6.788571289607456,23.81,99.35,2.112103133879049,1.787470321237574
SOLEDAD,2020,10,40,3,0.3333333333333333,0.3333333333333333,0.0,0.0,0.3333333333333333,0.0,0.0,0.0,0.0,0.0,0.0,0.0,1.0,1.0,0.0,0.0,1.0,0.0,1.0,1.0,0.0,0.0,0.0,1.0,0.0,0.0,1.0,0.0,0.0,0.0,0.0,1.0,26.78794686453685,93.40882110595705,13.580000059945244,23.81,99.35,2.112103133879049,1.787470321237574
SOLEDAD,2020,11,41,2,0.0,0.5,0.5,0.0,0.0,0.0,0.0,1.0,0.0,0.0,0.0,0.0,0.0,1.0,0.0,0.5,0.5,0.0,1.0,0.0,1.0,0.0,0.0,1.0,0.0,0.0,1.0,0.0,0.0,0.0,0.0,1.0,27.47139892578127,91.49771227155414,4.191428661346436,23.81,99.35,2.112103133879049,1.787470321237574
SOLEDAD,2020,11,42,4,0.25,0.25,0.0,0.0,0.0,0.0,0.5,0.5,0.0,0.0,0.25,0.0,0.25,1.0,0.0,0.75,0.25,0.0,1.0,0.25,0.75,0.0,0.0,1.0,0.0,0.0,1.0,0.0,0.0,0.25,0.0,0.75,27.05697457449779,92.54466029575892,10.052857106285437,23.81,99.35,2.112103133879049,1.787470321237574
SOLEDAD,2020,11,43,1,1.0,0.0,0.0,0.0,0.0,0.0,0.0,1.0,0.0,0.0,0.0,0.0,0.0,1.0,0.0,0.0,1.0,0.0,1.0,0.0,1.0,0.0,0.0,1.0,0.0,0.0,1.0,0.0,0.0,0.0,0.0,1.0,27.38169904436385,91.574586050851,7.420000008174351,23.81,99.35,2.112103133879049,1.787470321237574
SOLEDAD,2020,11,44,3,0.0,0.3333333333333333,0.0,0.3333333333333333,0.3333333333333333,0.0,0.0,0.3333333333333333,0.0,0.0,0.0,0.0,0.6666666666666666,1.0,0.0,0.3333333333333333,0.6666666666666666,0.0,1.0,0.6666666666666666,0.3333333333333333,0.0,0.0,1.0,0.0,0.0,1.0,0.0,0.0,0.0,0.0,1.0,26.908155604771224,92.76978737967356,13.489999998893056,23.81,99.35,2.112103133879049,1.787470321237574
SOLEDAD,2020,12,45,4,0.0,0.25,0.25,0.0,0.5,0.0,0.0,0.75,0.0,0.0,0.0,0.0,0.25,1.0,0.0,1.0,0.0,0.0,1.0,0.75,0.25,0.0,0.0,1.0,0.0,0.0,1.0,0.0,0.0,0.5,0.0,0.5,26.872583007812523,92.23607417515346,9.034285758222852,23.81,99.35,2.112103133879049,1.787470321237574
SOLEDAD,2020,12,46,9,0.3333333333333333,0.1111111111111111,0.0,0.0,0.2222222222222222,0.0,0.3333333333333333,0.5555555555555556,0.0,0.0,0.0,0.0,0.4444444444444444,1.0,0.0,0.3333333333333333,0.6666666666666666,0.0,1.0,0.4444444444444444,0.5555555555555556,0.0,0.0,1.0,0.0,0.0,1.0,0.0,0.0,0.2222222222222222,0.0,0.7777777777777778,26.474328613281266,91.87937491280692,14.910000222069876,23.81,99.35,2.112103133879049,1.787470321237574
SOLEDAD,2020,12,47,2,0.5,0.0,0.0,0.0,0.0,0.0,0.5,0.0,0.0,0.0,0.0,0.0,1.0,0.5,0.5,0.0,1.0,0.0,1.0,1.0,0.0,0.0,0.0,1.0,0.0,0.0,1.0,0.0,0.0,0.5,0.0,0.5,27.132150268554707,91.82754516601562,5.047142820698874,23.81,99.35,2.112103133879049,1.787470321237574
SOLEDAD,2020,12,48,5,0.6,0.0,0.2,0.0,0.2,0.0,0.0,0.6,0.0,0.0,0.0,0.0,0.4,1.0,0.0,0.2,0.8,0.0,1.0,0.6,0.4,0.0,0.0,1.0,0.0,0.0,1.0,0.0,0.0,0.4,0.0,0.6,27.482618495396228,89.81780024937221,7.7142857526029855,23.81,99.35,2.112103133879049,1.787470321237574
SOLEDAD,2020,13,49,5,0.4,0.2,0.0,0.0,0.4,0.0,0.0,0.8,0.0,0.0,0.0,0.0,0.2,1.0,0.0,0.2,0.8,0.0,1.0,0.6,0.4,0.0,0.0,1.0,0.0,0.0,1.0,0.0,0.0,0.4,0.0,0.6,27.449923270089304,89.431638445173,4.549999986376081,23.81,99.35,2.112103133879049,1.787470321237574
SOLEDAD,2020,13,50,13,0.4615384615384615,0.3076923076923077,0.0,0.0,0.1538461538461538,0.0,0.0769230769230769,0.6153846153846154,0.0,0.0769230769230769,0.0,0.0,0.3076923076923077,1.0,0.0,0.2307692307692307,0.7692307692307693,0.0,1.0,0.6153846153846154,0.3846153846153846,0.0,0.0,1.0,0.0,0.0,1.0,0.0,0.0,0.3846153846153846,0.0,0.6153846153846154,27.37638898577011,88.67709241594586,0.4871428603572504,23.81,99.35,2.112103133879049,1.787470321237574
SOLEDAD,2020,13,51,9,0.0,0.4444444444444444,0.1111111111111111,0.0,0.2222222222222222,0.0,0.2222222222222222,0.5555555555555556,0.0,0.1111111111111111,0.0,0.0,0.3333333333333333,1.0,0.0,0.4444444444444444,0.5555555555555556,0.0,1.0,0.6666666666666666,0.3333333333333333,0.0,0.0,1.0,0.0,0.0,1.0,0.0,0.0,0.0,0.0,1.0,27.48066973005024,87.97809818812779,0.1585714306150163,23.81,99.35,2.112103133879049,1.787470321237574
SOLEDAD,2020,13,52,6,0.1666666666666666,0.3333333333333333,0.1666666666666666,0.0,0.3333333333333333,0.0,0.0,0.6666666666666666,0.0,0.0,0.0,0.0,0.3333333333333333,1.0,0.0,0.5,0.5,0.0,1.0,0.6666666666666666,0.3333333333333333,0.0,0.0,1.0,0.0,0.0,1.0,0.0,0.0,0.0,0.0,1.0,27.241911097935287,88.06933048793248,2.288571427975382,23.81,99.35,2.112103133879049,1.787470321237574
SOLEDAD,2020,14,53,10,0.5,0.0,0.2,0.0,0.2,0.0,0.1,0.4,0.0,0.0,0.0,0.2,0.4,1.0,0.0,0.5,0.5,0.0,1.0,0.6,0.4,0.0,0.0,1.0,0.0,0.0,1.0,0.0,0.0,0.1,0.0,0.9,27.362817382812523,85.04708862304688,0.0,23.81,99.35,2.112103133879049,1.787470321237574
SOLEDAD,2021,1,1,7,0.0,0.4285714285714285,0.1428571428571428,0.0,0.4285714285714285,0.0,0.0,0.8571428571428571,0.0,0.0,0.0,0.0,0.1428571428571428,1.0,0.0,0.7142857142857143,0.2857142857142857,0.0,1.0,0.5714285714285714,0.4285714285714285,0.0,0.0,1.0,0.0,0.0,1.0,0.0,0.0,0.5714285714285714,0.0,0.4285714285714285,27.199903651646217,86.24566977364677,0.0,23.8,99.46,2.112103133879049,1.787470321237574
SOLEDAD,2021,1,2,7,0.1428571428571428,0.2857142857142857,0.0,0.0,0.4285714285714285,0.0,0.1428571428571428,0.5714285714285714,0.0,0.0,0.0,0.0,0.4285714285714285,1.0,0.0,0.4285714285714285,0.5714285714285714,0.0,1.0,0.5714285714285714,0.4285714285714285,0.0,0.0,1.0,0.0,0.0,1.0,0.0,0.0,0.0,0.0,1.0,27.49109584263395,86.43170166015625,0.0685714302318436,23.8,99.46,2.112103133879049,1.787470321237574
SOLEDAD,2021,1,3,6,0.3333333333333333,0.3333333333333333,0.0,0.0,0.3333333333333333,0.0,0.0,0.3333333333333333,0.0,0.0,0.0,0.0,0.6666666666666666,0.8333333333333334,0.1666666666666666,0.1666666666666666,0.8333333333333334,0.0,1.0,0.5,0.5,0.0,0.0,1.0,0.0,0.0,1.0,0.0,0.0,0.1666666666666666,0.0,0.8333333333333334,27.327704729352693,85.51753779820034,1.4285714285714286,23.8,99.46,2.112103133879049,1.787470321237574
SOLEDAD,2021,1,4,5,0.4,0.2,0.0,0.0,0.2,0.0,0.2,0.4,0.0,0.0,0.0,0.0,0.6,1.0,0.0,0.2,0.8,0.0,1.0,0.4,0.6,0.0,0.0,1.0,0.0,0.0,1.0,0.0,0.0,0.4,0.0,0.6,27.14527282714846,85.54292515345982,0.0,23.8,99.46,2.112103133879049,1.787470321237574
SOLEDAD,2021,2,5,8,0.375,0.25,0.0,0.0,0.25,0.0,0.125,0.5,0.0,0.125,0.0,0.125,0.25,1.0,0.0,0.5,0.5,0.0,1.0,0.25,0.75,0.0,0.0,1.0,0.0,0.0,1.0,0.0,0.0,0.125,0.0,0.875,27.008641270228814,85.7546637398856,0.0,23.8,99.46,2.112103133879049,1.787470321237574
SOLEDAD,2021,2,6,6,0.1666666666666666,0.5,0.0,0.0,0.1666666666666666,0.0,0.1666666666666666,0.8333333333333334,0.0,0.0,0.0,0.0,0.1666666666666666,1.0,0.0,0.6666666666666666,0.3333333333333333,0.0,1.0,0.3333333333333333,0.6666666666666666,0.0,0.0,1.0,0.0,0.0,1.0,0.0,0.0,0.0,0.0,1.0,27.83699951171877,84.0659408569336,0.0057142855865614,23.8,99.46,2.112103133879049,1.787470321237574
SOLEDAD,2021,2,7,5,0.2,0.2,0.0,0.0,0.6,0.0,0.0,0.6,0.0,0.4,0.0,0.0,0.0,1.0,0.0,0.4,0.6,0.0,1.0,0.6,0.4,0.0,0.0,1.0,0.0,0.0,1.0,0.0,0.0,0.2,0.0,0.8,28.129342651367207,83.85400717599052,1.8228571436234884,23.8,99.46,2.112103133879049,1.787470321237574
SOLEDAD,2021,2,8,7,0.2857142857142857,0.2857142857142857,0.0,0.0,0.1428571428571428,0.0,0.2857142857142857,0.2857142857142857,0.0,0.0,0.0,0.1428571428571428,0.5714285714285714,1.0,0.0,0.2857142857142857,0.7142857142857143,0.0,1.0,0.5714285714285714,0.4285714285714285,0.0,0.0,1.0,0.0,0.0,1.0,0.0,0.0,0.1428571428571428,0.0,0.8571428571428571,27.9105664934431,82.87440054757255,0.2857142857142857,23.8,99.46,2.112103133879049,1.787470321237574
SOLEDAD,2021,3,9,6,0.8333333333333334,0.1666666666666666,0.0,0.0,0.0,0.0,0.0,0.6666666666666666,0.0,0.0,0.0,0.0,0.3333333333333333,1.0,0.0,0.6666666666666666,0.3333333333333333,0.0,1.0,0.0,1.0,0.0,0.0,1.0,0.0,0.0,1.0,0.0,0.0,0.3333333333333333,0.0,0.6666666666666666,27.35085667201453,82.29816218784877,0.0,23.8,99.46,2.112103133879049,1.787470321237574
SOLEDAD,2021,3,10,1,0.0,0.0,0.0,0.0,1.0,0.0,0.0,0.0,0.0,0.0,0.0,0.0,1.0,1.0,0.0,0.0,1.0,0.0,1.0,0.0,1.0,0.0,0.0,1.0,0.0,0.0,1.0,0.0,0.0,0.0,0.0,1.0,27.598062133789085,84.0701413835798,0.2857142857142857,23.8,99.46,2.112103133879049,1.787470321237574
SOLEDAD,2021,3,11,1,0.0,1.0,0.0,0.0,0.0,0.0,0.0,0.0,0.0,0.0,0.0,0.0,1.0,1.0,0.0,0.0,1.0,0.0,1.0,0.0,1.0,0.0,0.0,1.0,0.0,0.0,1.0,0.0,0.0,0.0,0.0,1.0,27.59094281877793,83.3228269304548,1.8971428562487875,23.8,99.46,2.112103133879049,1.787470321237574
SOLEDAD,2021,3,12,5,0.6,0.4,0.0,0.0,0.0,0.0,0.0,0.6,0.0,0.0,0.0,0.0,0.4,1.0,0.0,0.6,0.4,0.0,1.0,0.4,0.6,0.0,0.0,1.0,0.0,0.0,1.0,0.0,0.0,0.6,0.0,0.4,27.93488464355471,83.9386716570173,0.6657142812120063,23.8,99.46,2.112103133879049,1.787470321237574
SOLEDAD,2021,4,13,2,0.0,1.0,0.0,0.0,0.0,0.0,0.0,0.5,0.0,0.0,0.0,0.0,0.5,1.0,0.0,0.0,1.0,0.0,1.0,0.0,1.0,0.0,0.0,1.0,0.0,0.0,1.0,0.0,0.0,0.5,0.0,0.5,28.26788591657368,82.88559940883091,0.0,23.8,99.46,2.112103133879049,1.787470321237574
SOLEDAD,2021,4,14,3,0.3333333333333333,0.3333333333333333,0.3333333333333333,0.0,0.0,0.0,0.0,1.0,0.0,0.0,0.0,0.0,0.0,1.0,0.0,0.6666666666666666,0.3333333333333333,0.0,1.0,0.3333333333333333,0.6666666666666666,0.0,0.0,1.0,0.0,0.0,1.0,0.0,0.0,0.6666666666666666,0.0,0.3333333333333333,27.79429670061386,85.38448987688336,1.0471428505011968,23.8,99.46,2.112103133879049,1.787470321237574
SOLEDAD,2021,4,16,3,0.0,0.3333333333333333,0.0,0.0,0.6666666666666666,0.0,0.0,1.0,0.0,0.0,0.0,0.0,0.0,1.0,0.0,0.3333333333333333,0.6666666666666666,0.0,1.0,0.0,1.0,0.0,0.0,1.0,0.0,0.0,1.0,0.0,0.0,0.0,0.0,1.0,28.22249101911274,86.4850823538644,3.042857133916446,23.8,99.46,2.112103133879049,1.787470321237574
SOLEDAD,2021,5,18,3,0.3333333333333333,0.3333333333333333,0.0,0.0,0.3333333333333333,0.0,0.0,0.6666666666666666,0.0,0.0,0.0,0.0,0.3333333333333333,1.0,0.0,0.6666666666666666,0.3333333333333333,0.0,1.0,1.0,0.0,0.0,0.0,1.0,0.0,0.0,1.0,0.0,0.0,0.3333333333333333,0.0,0.6666666666666666,27.86193673270091,86.65211704799107,2.379999961171831,23.8,99.46,2.112103133879049,1.787470321237574
SOLEDAD,2021,5,20,2,0.0,1.0,0.0,0.0,0.0,0.0,0.0,1.0,0.0,0.0,0.0,0.0,0.0,1.0,0.0,0.5,0.5,0.0,1.0,0.5,0.5,0.0,0.0,1.0,0.0,0.0,1.0,0.0,0.0,0.5,0.0,0.5,28.42507542201453,86.33262307303292,1.8942857469831196,23.8,99.46,2.112103133879049,1.787470321237574
SOLEDAD,2021,6,21,4,0.25,0.25,0.0,0.0,0.25,0.0,0.25,0.5,0.0,0.25,0.0,0.0,0.25,1.0,0.0,0.5,0.5,0.0,1.0,0.25,0.75,0.0,0.0,1.0,0.0,0.0,1.0,0.0,0.0,0.25,0.0,0.75,28.504144287109398,86.85367148263114,13.068571396172048,23.8,99.46,2.112103133879049,1.787470321237574
SOLEDAD,2021,6,22,1,1.0,0.0,0.0,0.0,0.0,0.0,0.0,0.0,0.0,0.0,0.0,0.0,1.0,1.0,0.0,0.0,1.0,0.0,1.0,1.0,0.0,0.0,0.0,1.0,0.0,0.0,1.0,0.0,0.0,0.0,0.0,1.0,28.028192138671898,88.09231676374164,4.091428566191878,23.8,99.46,2.112103133879049,1.787470321237574
SOLEDAD,2021,6,23,3,0.6666666666666666,0.3333333333333333,0.0,0.0,0.0,0.0,0.0,0.6666666666666666,0.0,0.0,0.0,0.0,0.3333333333333333,1.0,0.0,0.6666666666666666,0.3333333333333333,0.0,1.0,0.6666666666666666,0.3333333333333333,0.0,0.0,1.0,0.0,0.0,1.0,0.0,0.0,0.3333333333333333,0.0,0.6666666666666666,27.77848423549109,88.6551284790039,8.51999996815409,23.8,99.46,2.112103133879049,1.787470321237574
SOLEDAD,2021,6,24,6,0.3333333333333333,0.1666666666666666,0.0,0.0,0.1666666666666666,0.1666666666666666,0.1666666666666666,0.5,0.0,0.0,0.0,0.0,0.5,1.0,0.0,0.5,0.5,0.0,1.0,0.3333333333333333,0.6666666666666666,0.0,0.0,1.0,0.0,0.0,1.0,0.0,0.0,0.0,0.0,1.0,27.98680158342636,89.25530787876674,9.584285736083984,23.8,99.46,2.112103133879049,1.787470321237574
SOLEDAD,2021,7,25,6,0.6666666666666666,0.1666666666666666,0.0,0.0,0.1666666666666666,0.0,0.0,0.5,0.0,0.0,0.0,0.0,0.5,1.0,0.0,0.3333333333333333,0.6666666666666666,0.0,1.0,0.3333333333333333,0.6666666666666666,0.0,0.0,1.0,0.0,0.0,1.0,0.0,0.0,0.0,0.0,1.0,27.966450718471,89.86110251290458,5.762857117823192,23.8,99.46,2.112103133879049,1.787470321237574
SOLEDAD,2021,7,26,5,0.8,0.0,0.0,0.0,0.0,0.0,0.2,0.2,0.0,0.0,0.0,0.0,0.8,1.0,0.0,0.2,0.8,0.0,1.0,0.4,0.6,0.0,0.0,1.0,0.0,0.0,1.0,0.0,0.0,0.2,0.0,0.8,27.630035836356047,89.53161948067802,8.495714153562274,23.8,99.46,2.112103133879049,1.787470321237574
SOLEDAD,2021,7,27,6,0.3333333333333333,0.0,0.0,0.0,0.5,0.0,0.1666666666666666,0.3333333333333333,0.0,0.1666666666666666,0.0,0.0,0.5,1.0,0.0,0.3333333333333333,0.6666666666666666,0.0,1.0,0.3333333333333333,0.6666666666666666,0.0,0.0,1.0,0.0,0.0,1.0,0.0,0.0,0.3333333333333333,0.0,0.6666666666666666,27.982727486746672,89.97323172433036,4.828571468325598,23.8,99.46,2.112103133879049,1.787470321237574
SOLEDAD,2021,7,28,3,0.3333333333333333,0.6666666666666666,0.0,0.0,0.0,0.0,0.0,0.6666666666666666,0.0,0.3333333333333333,0.0,0.0,0.0,1.0,0.0,0.0,1.0,0.0,1.0,0.3333333333333333,0.6666666666666666,0.0,0.0,1.0,0.0,0.0,1.0,0.0,0.0,0.6666666666666666,0.0,0.3333333333333333,27.68324105398997,89.52294921875,1.961428575217724,23.8,99.46,2.112103133879049,1.787470321237574
SOLEDAD,2021,8,29,4,0.0,0.25,0.0,0.0,0.75,0.0,0.0,0.5,0.0,0.0,0.0,0.0,0.5,1.0,0.0,0.25,0.75,0.0,1.0,0.75,0.25,0.0,0.0,1.0,0.0,0.0,1.0,0.0,0.0,0.5,0.0,0.5,27.97300545828684,89.63441358293805,0.5528571549803019,23.8,99.46,2.112103133879049,1.787470321237574
SOLEDAD,2021,8,30,10,0.7,0.3,0.0,0.0,0.0,0.0,0.0,0.2,0.0,0.1,0.0,0.0,0.7,0.8,0.2,0.1,0.9,0.0,1.0,0.3,0.7,0.0,0.0,1.0,0.0,0.0,1.0,0.0,0.0,0.6,0.0,0.4,27.23454764229913,91.18701716831752,7.307142860123089,23.8,99.46,2.112103133879049,1.787470321237574
SOLEDAD,2021,8,31,9,0.3333333333333333,0.2222222222222222,0.0,0.0,0.3333333333333333,0.0,0.1111111111111111,0.4444444444444444,0.0,0.0,0.0,0.0,0.5555555555555556,1.0,0.0,0.2222222222222222,0.7777777777777778,0.0,1.0,0.5555555555555556,0.4444444444444444,0.0,0.0,1.0,0.0,0.0,0.8888888888888888,0.1111111111111111,0.0,0.1111111111111111,0.0,0.8888888888888888,27.848332432338196,92.1905005318778,2.3471428475209644,23.8,99.46,2.112103133879049,1.787470321237574
SOLEDAD,2021,8,32,11,0.4545454545454545,0.0909090909090909,0.0,0.0,0.1818181818181818,0.0,0.2727272727272727,0.6363636363636364,0.0,0.0909090909090909,0.0,0.0909090909090909,0.1818181818181818,1.0,0.0,0.1818181818181818,0.8181818181818182,0.0,1.0,0.5454545454545454,0.4545454545454545,0.0,0.0,1.0,0.0,0.0,1.0,0.0,0.0,0.0909090909090909,0.0909090909090909,0.8181818181818182,27.57389003208707,91.33221435546876,5.12428572348186,23.8,99.46,2.112103133879049,1.787470321237574
SOLEDAD,2021,9,33,13,0.6923076923076923,0.0769230769230769,0.0,0.0,0.1538461538461538,0.0,0.0769230769230769,0.4615384615384615,0.0,0.0,0.0769230769230769,0.0,0.4615384615384615,0.9230769230769232,0.0769230769230769,0.1538461538461538,0.8461538461538461,0.0,1.0,0.6153846153846154,0.3846153846153846,0.0,0.0,1.0,0.0,0.0,1.0,0.0,0.0,0.0769230769230769,0.0,0.9230769230769232,27.08508562360493,93.55117470877512,17.571428571428573,23.8,99.46,2.112103133879049,1.787470321237574
SOLEDAD,2021,9,34,16,0.6875,0.0,0.0,0.0,0.125,0.0,0.1875,0.4375,0.0,0.0625,0.0,0.0625,0.4375,1.0,0.0,0.25,0.75,0.0,1.0,0.625,0.375,0.0,0.0,1.0,0.0,0.0,1.0,0.0,0.0,0.4375,0.0,0.5625,27.062910243443103,92.99154227120536,12.99714309828622,23.8,99.46,2.112103133879049,1.787470321237574
SOLEDAD,2021,9,35,20,0.55,0.05,0.05,0.0,0.3,0.0,0.05,0.5,0.0,0.05,0.05,0.0,0.4,1.0,0.0,0.2,0.8,0.0,1.0,0.35,0.65,0.0,0.0,1.0,0.0,0.0,1.0,0.0,0.0,0.6,0.0,0.4,27.02461722237725,93.065427507673,12.034285873174667,23.8,99.46,2.112103133879049,1.787470321237574
SOLEDAD,2021,9,36,32,0.46875,0.09375,0.0,0.0,0.375,0.0,0.0625,0.28125,0.0,0.09375,0.0,0.0,0.625,1.0,0.0,0.28125,0.71875,0.0,1.0,0.53125,0.46875,0.0,0.0,1.0,0.0,0.0,1.0,0.0,0.0,0.1875,0.0,0.8125,27.11808166503908,93.4715325491769,13.33285733631679,23.8,99.46,2.112103133879049,1.787470321237574
SOLEDAD,2021,10,37,30,0.5,0.2666666666666666,0.0,0.0,0.1666666666666666,0.0,0.0666666666666666,0.5333333333333333,0.0,0.1,0.0,0.0,0.3666666666666666,0.9,0.1,0.3,0.7,0.0,1.0,0.4666666666666667,0.5333333333333333,0.0,0.0,1.0,0.0,0.0,1.0,0.0,0.0,0.1333333333333333,0.0,0.8666666666666667,27.38458513532368,92.4200199672154,9.298571399280004,23.8,99.46,2.112103133879049,1.787470321237574
SOLEDAD,2021,10,38,43,0.5116279069767442,0.1395348837209302,0.0232558139534883,0.0,0.2558139534883721,0.0,0.0697674418604651,0.4883720930232558,0.0,0.0930232558139534,0.0,0.0,0.4186046511627907,1.0,0.0,0.3953488372093023,0.6046511627906976,0.0,1.0,0.5116279069767442,0.4883720930232558,0.0,0.0,1.0,0.0,0.0,1.0,0.0,0.0,0.1627906976744186,0.0,0.8372093023255814,27.541125052315863,91.96913691929409,6.651428646274975,23.8,99.46,2.112103133879049,1.787470321237574
SOLEDAD,2021,10,39,48,0.6666666666666666,0.1041666666666666,0.0,0.0,0.1041666666666666,0.0,0.125,0.4583333333333333,0.0,0.0208333333333333,0.0,0.0208333333333333,0.5,0.9166666666666666,0.0833333333333333,0.4166666666666667,0.5833333333333334,0.0,1.0,0.4583333333333333,0.5416666666666666,0.0,0.0,1.0,0.0,0.0,1.0,0.0,0.0,0.2291666666666666,0.0,0.7708333333333334,27.49857482910158,91.98250906808036,8.758571654558182,23.8,99.46,2.112103133879049,1.787470321237574
SOLEDAD,2021,10,40,65,0.5076923076923077,0.1538461538461538,0.0,0.0,0.2307692307692307,0.0153846153846153,0.0923076923076923,0.4,0.0,0.0461538461538461,0.0153846153846153,0.0,0.5384615384615384,1.0,0.0,0.4153846153846154,0.5846153846153846,0.0,1.0,0.4153846153846154,0.5846153846153846,0.0,0.0,1.0,0.0,0.0,1.0,0.0,0.0,0.2307692307692307,0.0,0.7692307692307693,27.45588291713171,93.50374930245536,6.682857002530779,23.8,99.46,2.112103133879049,1.787470321237574
SOLEDAD,2021,11,41,63,0.5238095238095238,0.1587301587301587,0.0158730158730158,0.0,0.238095238095238,0.0,0.0634920634920634,0.4285714285714285,0.0,0.0476190476190476,0.0,0.0,0.5238095238095238,0.9682539682539684,0.0317460317460317,0.3968253968253968,0.6031746031746031,0.0,1.0,0.3968253968253968,0.6031746031746031,0.0,0.0,1.0,0.0,0.0,0.9523809523809524,0.0476190476190476,0.0,0.1904761904761904,0.0,0.8095238095238095,27.304406738281266,92.4298793247768,12.037142753601074,23.8,99.46,2.112103133879049,1.787470321237574
SOLEDAD,2021,11,42,60,0.4666666666666667,0.1333333333333333,0.0,0.0,0.3,0.0,0.1,0.2666666666666666,0.0,0.0833333333333333,0.0,0.05,0.6,1.0,0.0,0.3166666666666666,0.6833333333333333,0.0,1.0,0.4333333333333333,0.5666666666666667,0.0,0.0,1.0,0.0,0.0,0.9833333333333332,0.0166666666666666,0.0,0.15,0.0,0.85,27.14869297572547,93.16636330740792,11.32428571156093,23.8,99.46,2.112103133879049,1.787470321237574
SOLEDAD,2021,11,43,71,0.4647887323943662,0.2112676056338028,0.028169014084507,0.0,0.1830985915492957,0.0,0.1126760563380281,0.5070422535211268,0.0,0.056338028169014,0.0,0.028169014084507,0.4084507042253521,0.9859154929577464,0.0140845070422535,0.3943661971830985,0.6056338028169014,0.0,1.0,0.4507042253521127,0.5492957746478874,0.0,0.0,1.0,0.0,0.0,0.9859154929577464,0.0140845070422535,0.0,0.2676056338028169,0.0,0.7323943661971831,27.14725864955359,92.8716812133789,14.708571451050895,23.8,99.46,2.112103133879049,1.787470321237574
SOLEDAD,2021,11,44,98,0.4897959183673469,0.1938775510204081,0.0204081632653061,0.010204081632653,0.1938775510204081,0.0,0.0918367346938775,0.4489795918367347,0.0,0.0408163265306122,0.010204081632653,0.010204081632653,0.4897959183673469,0.979591836734694,0.0204081632653061,0.5204081632653061,0.4795918367346938,0.0,1.0,0.4387755102040816,0.5612244897959183,0.0,0.0,1.0,0.0,0.0,0.9897959183673468,0.010204081632653,0.0,0.2142857142857142,0.010204081632653,0.7755102040816326,26.530788312639533,91.8617444719587,10.682857172829763,23.8,99.46,2.112103133879049,1.787470321237574
SOLEDAD,2021,12,45,122,0.4508196721311475,0.2622950819672131,0.0163934426229508,0.0,0.221311475409836,0.0,0.0491803278688524,0.639344262295082,0.0,0.040983606557377,0.0,0.0081967213114754,0.3114754098360656,0.9918032786885246,0.0081967213114754,0.3442622950819672,0.6557377049180327,0.0,1.0,0.4180327868852459,0.5819672131147541,0.0,0.0,1.0,0.0,0.0,0.9672131147540984,0.0327868852459016,0.0,0.2704918032786885,0.0163934426229508,0.7131147540983607,27.619114903041314,89.42401559012276,2.864285707473755,23.8,99.46,2.112103133879049,1.787470321237574
SOLEDAD,2021,12,46,135,0.5703703703703704,0.2222222222222222,0.0074074074074074,0.0,0.1259259259259259,0.0074074074074074,0.0666666666666666,0.5703703703703704,0.0,0.074074074074074,0.0,0.0296296296296296,0.3259259259259259,0.9777777777777776,0.0222222222222222,0.3481481481481481,0.6518518518518519,0.0,1.0,0.4,0.6,0.0,0.0,1.0,0.0,0.0,0.9851851851851852,0.0148148148148148,0.0,0.2148148148148148,0.0074074074074074,0.7777777777777778,27.641174752371658,89.5512924194336,2.714285716946636,23.8,99.46,2.112103133879049,1.787470321237574
SOLEDAD,2021,12,47,130,0.4846153846153846,0.2615384615384615,0.0,0.0,0.2153846153846154,0.0,0.0384615384615384,0.4692307692307692,0.0,0.0769230769230769,0.0076923076923076,0.0153846153846153,0.4307692307692308,0.9923076923076924,0.0076923076923076,0.4,0.6,0.0,1.0,0.4692307692307692,0.5307692307692308,0.0,0.0,1.0,0.0,0.0,0.9692307692307692,0.0307692307692307,0.0,0.2615384615384615,0.0,0.7384615384615385,27.132339913504484,91.01831708635602,3.6257143329296793,23.8,99.46,2.112103133879049,1.787470321237574
SOLEDAD,2021,12,48,113,0.5132743362831859,0.2035398230088495,0.0088495575221238,0.0,0.2212389380530973,0.0,0.0530973451327433,0.504424778761062,0.0,0.0707964601769911,0.0088495575221238,0.0176991150442477,0.3982300884955752,0.9734513274336284,0.0265486725663716,0.3628318584070796,0.6371681415929203,0.0,1.0,0.4601769911504424,0.5398230088495575,0.0,0.0,1.0,0.0,0.0,0.9734513274336284,0.0265486725663716,0.0,0.2300884955752212,0.0,0.7699115044247787,27.2680123465402,89.95863560267857,6.581428595951626,23.8,99.46,2.112103133879049,1.787470321237574
SOLEDAD,2021,13,49,110,0.4545454545454545,0.2636363636363636,0.009090909090909,0.0,0.2,0.0,0.0727272727272727,0.5181818181818182,0.0,0.0727272727272727,0.0,0.0181818181818181,0.3909090909090909,0.9727272727272728,0.0272727272727272,0.4090909090909091,0.5909090909090909,0.0,1.0,0.5636363636363636,0.4363636363636363,0.0,0.0,1.0,0.0,0.0,0.9545454545454546,0.0454545454545454,0.0,0.2272727272727272,0.009090909090909,0.7636363636363637,27.647744750976585,87.93534851074219,0.0,23.8,99.46,2.112103133879049,1.787470321237574
SOLEDAD,2021,13,50,72,0.375,0.3333333333333333,0.0,0.0,0.1944444444444444,0.0138888888888888,0.0833333333333333,0.5972222222222222,0.0,0.0972222222222222,0.0,0.0138888888888888,0.2916666666666667,0.9583333333333334,0.0416666666666666,0.3888888888888889,0.6111111111111112,0.0,1.0,0.4583333333333333,0.5416666666666666,0.0,0.0,1.0,0.0,0.0,0.9722222222222222,0.0277777777777777,0.0,0.2638888888888889,0.0,0.7361111111111112,27.185030691964304,88.20867374965123,0.1728571421865905,23.8,99.46,2.112103133879049,1.787470321237574
SOLEDAD,2021,13,51,94,0.4042553191489361,0.2872340425531915,0.0106382978723404,0.0,0.1808510638297872,0.0,0.1170212765957446,0.5638297872340425,0.0,0.0851063829787234,0.0,0.0106382978723404,0.3404255319148936,1.0,0.0,0.4680851063829787,0.5319148936170213,0.0,1.0,0.4680851063829787,0.5319148936170213,0.0,0.0,1.0,0.0,0.0,1.0,0.0,0.0,0.2765957446808511,0.0,0.723404255319149,27.2470642089844,89.41058458600726,2.177142838548337,23.8,99.46,2.112103133879049,1.787470321237574
SOLEDAD,2021,13,52,71,0.4507042253521127,0.2253521126760563,0.0140845070422535,0.0,0.2535211267605634,0.0,0.056338028169014,0.4929577464788732,0.0,0.056338028169014,0.0,0.028169014084507,0.4225352112676056,0.9577464788732394,0.0422535211267605,0.380281690140845,0.6197183098591549,0.0,1.0,0.4647887323943662,0.5352112676056338,0.0,0.0,1.0,0.0,0.0,0.9859154929577464,0.0140845070422535,0.0,0.2394366197183098,0.0,0.7605633802816901,27.60681413922993,87.60558210100446,1.1442857142537832,23.8,99.46,2.112103133879049,1.787470321237574
SOLEDAD,2022,1,1,61,0.360655737704918,0.3114754098360656,0.0163934426229508,0.0,0.2459016393442623,0.0,0.0655737704918032,0.5901639344262295,0.0,0.0655737704918032,0.0,0.0163934426229508,0.3278688524590163,0.9672131147540984,0.0327868852459016,0.4426229508196721,0.5573770491803278,0.0,1.0,0.360655737704918,0.639344262295082,0.0,0.0,1.0,0.0,0.0,0.9508196721311476,0.0491803278688524,0.0,0.3442622950819672,0.0,0.6557377049180327,27.1865195138114,85.66442980085101,0.0,23.87,99.56,2.112103133879049,1.787470321237574
SOLEDAD,2022,1,2,34,0.5,0.1764705882352941,0.0,0.0,0.2647058823529412,0.0,0.0588235294117647,0.5882352941176471,0.0,0.1176470588235294,0.0,0.0294117647058823,0.2647058823529412,0.9705882352941176,0.0294117647058823,0.4411764705882353,0.5588235294117647,0.0,1.0,0.3823529411764705,0.6176470588235294,0.0,0.0,1.0,0.0,0.0,1.0,0.0,0.0,0.1764705882352941,0.0,0.8235294117647058,26.959980991908505,86.01930672781808,3.032857143453189,23.87,99.56,2.112103133879049,1.787470321237574
SOLEDAD,2022,1,3,55,0.4545454545454545,0.2545454545454545,0.0363636363636363,0.0,0.2181818181818181,0.0,0.0363636363636363,0.4727272727272727,0.0,0.0727272727272727,0.0181818181818181,0.0,0.4363636363636363,0.9272727272727272,0.0727272727272727,0.4727272727272727,0.5272727272727272,0.0,1.0,0.509090909090909,0.4909090909090909,0.0,0.0,1.0,0.0,0.0,0.9818181818181818,0.0181818181818181,0.0,0.3272727272727272,0.0,0.6727272727272727,27.370246233258943,85.94860730852399,0.0,23.87,99.56,2.112103133879049,1.787470321237574
SOLEDAD,2022,1,4,34,0.4705882352941176,0.3529411764705882,0.0,0.0,0.1470588235294117,0.0,0.0294117647058823,0.6764705882352942,0.0,0.1176470588235294,0.0294117647058823,0.0,0.1764705882352941,1.0,0.0,0.4411764705882353,0.5588235294117647,0.0,1.0,0.5,0.5,0.0,0.0,1.0,0.0,0.0,0.9705882352941176,0.0294117647058823,0.0,0.4411764705882353,0.0,0.5588235294117647,27.272147478376127,85.18733215332031,0.8571428571428571,23.87,99.56,2.112103133879049,1.787470321237574
SOLEDAD,2022,2,5,49,0.5306122448979592,0.1224489795918367,0.0,0.0,0.2653061224489796,0.0,0.0816326530612244,0.5714285714285714,0.0,0.0816326530612244,0.0,0.0204081632653061,0.3265306122448979,0.979591836734694,0.0204081632653061,0.3061224489795918,0.6938775510204082,0.0,1.0,0.4285714285714285,0.5714285714285714,0.0,0.0,1.0,0.0,0.0,0.9591836734693876,0.0408163265306122,0.0,0.3673469387755102,0.0,0.6326530612244898,27.507021658761182,84.53459821428571,3.000000136239188,23.87,99.56,2.112103133879049,1.787470321237574
SOLEDAD,2022,2,6,30,0.5,0.1333333333333333,0.0333333333333333,0.0,0.2666666666666666,0.0,0.0666666666666666,0.6,0.0,0.0666666666666666,0.0,0.0,0.3333333333333333,1.0,0.0,0.3333333333333333,0.6666666666666666,0.0,1.0,0.5333333333333333,0.4666666666666667,0.0,0.0,1.0,0.0,0.0,0.9666666666666668,0.0333333333333333,0.0,0.4,0.0,0.6,27.693532017299127,84.43242754255023,0.6771428582391569,23.87,99.56,2.112103133879049,1.787470321237574
SOLEDAD,2022,2,7,22,0.5909090909090909,0.0909090909090909,0.0454545454545454,0.0,0.1818181818181818,0.0,0.0909090909090909,0.5454545454545454,0.0,0.0454545454545454,0.0,0.0,0.4090909090909091,1.0,0.0,0.4545454545454545,0.5454545454545454,0.0,1.0,0.5,0.5,0.0,0.0,1.0,0.0,0.0,0.9545454545454546,0.0454545454545454,0.0,0.3181818181818182,0.0,0.6818181818181818,27.868925258091533,81.6761005946568,0.0,23.87,99.56,2.112103133879049,1.787470321237574
SOLEDAD,2022,2,8,17,0.5882352941176471,0.1176470588235294,0.0,0.0,0.1764705882352941,0.0,0.1176470588235294,0.6470588235294118,0.0,0.1176470588235294,0.0,0.0588235294117647,0.1764705882352941,1.0,0.0,0.6470588235294118,0.3529411764705882,0.0,1.0,0.4117647058823529,0.5882352941176471,0.0,0.0,1.0,0.0,0.0,0.9411764705882352,0.0588235294117647,0.0,0.3529411764705882,0.0,0.6470588235294118,27.507784598214307,81.8511962890625,0.0071428572492939,23.87,99.56,2.112103133879049,1.787470321237574
SOLEDAD,2022,3,9,14,0.4285714285714285,0.1428571428571428,0.0714285714285714,0.0,0.1428571428571428,0.0,0.2142857142857142,0.4285714285714285,0.0,0.2857142857142857,0.0,0.0,0.2857142857142857,1.0,0.0,0.5,0.5,0.0,1.0,0.6428571428571429,0.3571428571428571,0.0,0.0,1.0,0.0,0.0,1.0,0.0,0.0,0.2857142857142857,0.0,0.7142857142857143,27.750416782924123,84.98105948311942,0.0785714284117732,23.87,99.56,2.112103133879049,1.787470321237574
SOLEDAD,2022,3,10,13,0.5384615384615384,0.0769230769230769,0.0,0.0,0.3846153846153846,0.0,0.0,0.4615384615384615,0.0,0.1538461538461538,0.0,0.0,0.3846153846153846,1.0,0.0,0.6923076923076923,0.3076923076923077,0.0,1.0,0.6923076923076923,0.3076923076923077,0.0,0.0,1.0,0.0,0.0,1.0,0.0,0.0,0.3076923076923077,0.0,0.6923076923076923,28.04094194684711,83.81103515625,2.688571557402611,23.87,99.56,2.112103133879049,1.787470321237574
SOLEDAD,2022,3,11,13,0.4615384615384615,0.3846153846153846,0.0,0.0,0.1538461538461538,0.0,0.0,0.6153846153846154,0.0,0.1538461538461538,0.0,0.0769230769230769,0.1538461538461538,1.0,0.0,0.3846153846153846,0.6153846153846154,0.0,1.0,0.3846153846153846,0.6153846153846154,0.0,0.0,1.0,0.0,0.0,0.9230769230769232,0.0769230769230769,0.0,0.1538461538461538,0.0,0.8461538461538461,28.212295968191988,83.81769779750279,6.134285985891308,23.87,99.56,2.112103133879049,1.787470321237574
SOLEDAD,2022,3,12,14,0.5,0.0714285714285714,0.0,0.0,0.2857142857142857,0.0714285714285714,0.0714285714285714,0.7142857142857143,0.0,0.0714285714285714,0.0,0.0714285714285714,0.1428571428571428,1.0,0.0,0.7142857142857143,0.2857142857142857,0.0,1.0,0.5714285714285714,0.4285714285714285,0.0,0.0,1.0,0.0,0.0,1.0,0.0,0.0,0.1428571428571428,0.0,0.8571428571428571,28.188553292410734,82.08133915492466,0.0028571427932807,23.87,99.56,2.112103133879049,1.787470321237574
SOLEDAD,2022,4,13,10,0.6,0.2,0.0,0.0,0.1,0.0,0.1,0.5,0.0,0.1,0.0,0.2,0.2,0.8,0.2,0.4,0.6,0.0,1.0,0.3,0.7,0.0,0.0,1.0,0.0,0.0,1.0,0.0,0.0,0.2,0.0,0.8,27.975159127371672,84.96001979282924,2.0328571455819264,23.87,99.56,2.112103133879049,1.787470321237574
SOLEDAD,2022,4,14,3,0.6666666666666666,0.3333333333333333,0.0,0.0,0.0,0.0,0.0,0.3333333333333333,0.0,0.3333333333333333,0.0,0.3333333333333333,0.0,0.6666666666666666,0.3333333333333333,0.3333333333333333,0.6666666666666666,0.0,1.0,0.3333333333333333,0.6666666666666666,0.0,0.0,1.0,0.0,0.0,1.0,0.0,0.0,1.0,0.0,0.0,28.18252825055805,86.15247780936105,2.927142871277673,23.87,99.56,2.112103133879049,1.787470321237574
SOLEDAD,2022,4,15,3,0.6666666666666666,0.0,0.0,0.0,0.0,0.0,0.3333333333333333,0.6666666666666666,0.0,0.0,0.0,0.0,0.3333333333333333,1.0,0.0,1.0,0.0,0.0,1.0,0.6666666666666666,0.3333333333333333,0.0,0.0,1.0,0.0,0.0,1.0,0.0,0.0,0.0,0.0,1.0,28.422511945452023,83.90685054234096,0.2471428524170603,23.87,99.56,2.112103133879049,1.787470321237574
SOLEDAD,2022,4,16,7,0.7142857142857143,0.0,0.1428571428571428,0.0,0.1428571428571428,0.0,0.0,0.2857142857142857,0.0,0.1428571428571428,0.0,0.0,0.5714285714285714,1.0,0.0,0.4285714285714285,0.5714285714285714,0.0,1.0,0.5714285714285714,0.4285714285714285,0.0,0.0,1.0,0.0,0.0,1.0,0.0,0.0,0.7142857142857143,0.0,0.2857142857142857,28.04454520089288,87.98215048653739,10.587142808096749,23.87,99.56,2.112103133879049,1.787470321237574
SOLEDAD,2022,5,17,5,0.2,0.8,0.0,0.0,0.0,0.0,0.0,0.4,0.0,0.2,0.0,0.2,0.2,1.0,0.0,0.6,0.4,0.0,1.0,0.2,0.8,0.0,0.0,1.0,0.0,0.0,1.0,0.0,0.0,0.2,0.0,0.8,28.267109898158505,85.5978273664202,5.021428602082389,23.87,99.56,2.112103133879049,1.787470321237574
SOLEDAD,2022,5,18,6,0.5,0.3333333333333333,0.0,0.0,0.0,0.0,0.1666666666666666,0.5,0.0,0.1666666666666666,0.0,0.0,0.3333333333333333,1.0,0.0,0.1666666666666666,0.8333333333333334,0.0,1.0,0.5,0.5,0.0,0.0,1.0,0.0,0.0,1.0,0.0,0.0,0.1666666666666666,0.0,0.8333333333333334,28.48404846191408,86.65289633614677,5.641428411006928,23.87,99.56,2.112103133879049,1.787470321237574
SOLEDAD,2022,5,19,4,0.25,0.0,0.25,0.0,0.25,0.0,0.25,0.5,0.0,0.0,0.0,0.0,0.5,1.0,0.0,0.25,0.75,0.0,1.0,0.5,0.5,0.0,0.0,1.0,0.0,0.0,1.0,0.0,0.0,0.5,0.0,0.5,28.25017918178015,87.9048592703683,6.265714292015348,23.87,99.56,2.112103133879049,1.787470321237574
SOLEDAD,2022,5,20,2,0.5,0.5,0.0,0.0,0.0,0.0,0.0,0.5,0.0,0.0,0.0,0.0,0.5,1.0,0.0,0.5,0.5,0.0,1.0,0.0,1.0,0.0,0.0,1.0,0.0,0.0,1.0,0.0,0.0,0.0,0.0,1.0,28.168875994001137,89.2248306274414,10.174285854612078,23.87,99.56,2.112103133879049,1.787470321237574
SOLEDAD,2022,6,21,6,0.0,0.1666666666666666,0.0,0.0,0.6666666666666666,0.0,0.1666666666666666,0.5,0.0,0.1666666666666666,0.0,0.0,0.3333333333333333,0.8333333333333334,0.1666666666666666,0.3333333333333333,0.6666666666666666,0.0,1.0,0.3333333333333333,0.6666666666666666,0.0,0.0,1.0,0.0,0.0,1.0,0.0,0.0,0.1666666666666666,0.0,0.8333333333333334,28.483741106305825,88.13598523821149,3.2685714789799283,23.87,99.56,2.112103133879049,1.787470321237574
SOLEDAD,2022,6,22,9,0.3333333333333333,0.2222222222222222,0.0,0.0,0.2222222222222222,0.0,0.2222222222222222,0.5555555555555556,0.0,0.2222222222222222,0.0,0.1111111111111111,0.1111111111111111,0.7777777777777778,0.2222222222222222,0.2222222222222222,0.7777777777777778,0.0,1.0,0.2222222222222222,0.7777777777777778,0.0,0.0,1.0,0.0,0.0,1.0,0.0,0.0,0.1111111111111111,0.0,0.8888888888888888,28.242063685825908,89.04860142299107,9.822857175554548,23.87,99.56,2.112103133879049,1.787470321237574
SOLEDAD,2022,6,23,9,0.4444444444444444,0.4444444444444444,0.0,0.0,0.1111111111111111,0.0,0.0,0.3333333333333333,0.0,0.1111111111111111,0.0,0.2222222222222222,0.3333333333333333,0.7777777777777778,0.2222222222222222,0.1111111111111111,0.8888888888888888,0.0,1.0,0.2222222222222222,0.7777777777777778,0.0,0.0,1.0,0.0,0.0,1.0,0.0,0.0,0.6666666666666666,0.0,0.3333333333333333,27.566670445033505,89.87597329275948,20.1614283152989,23.87,99.56,2.112103133879049,1.787470321237574
SOLEDAD,2022,6,24,6,0.5,0.3333333333333333,0.0,0.0,0.1666666666666666,0.0,0.0,0.5,0.0,0.1666666666666666,0.0,0.0,0.3333333333333333,1.0,0.0,0.6666666666666666,0.3333333333333333,0.0,1.0,0.3333333333333333,0.6666666666666666,0.0,0.0,1.0,0.0,0.0,1.0,0.0,0.0,0.5,0.0,0.5,27.488722011021228,89.50118909563336,15.055714130401611,23.87,99.56,2.112103133879049,1.787470321237574
SOLEDAD,2022,7,25,11,0.7272727272727273,0.2727272727272727,0.0,0.0,0.0,0.0,0.0,0.4545454545454545,0.0,0.0909090909090909,0.0,0.0909090909090909,0.3636363636363636,1.0,0.0,0.2727272727272727,0.7272727272727273,0.0,1.0,0.4545454545454545,0.5454545454545454,0.0,0.0,1.0,0.0,0.0,1.0,0.0,0.0,0.5454545454545454,0.0,0.4545454545454545,27.54623456682479,89.90545654296875,13.668571404048375,23.87,99.56,2.112103133879049,1.787470321237574
SOLEDAD,2022,7,26,15,0.8,0.0666666666666666,0.0,0.0,0.1333333333333333,0.0,0.0,0.6666666666666666,0.0,0.1333333333333333,0.0,0.0,0.2,1.0,0.0,0.4666666666666667,0.5333333333333333,0.0,1.0,0.3333333333333333,0.6666666666666666,0.0,0.0,1.0,0.0,0.0,1.0,0.0,0.0,0.5333333333333333,0.0,0.4666666666666667,27.449284580775693,91.06058938162668,11.901428665433611,23.87,99.56,2.112103133879049,1.787470321237574
SOLEDAD,2022,7,27,17,0.1176470588235294,0.5294117647058824,0.0,0.0,0.2352941176470588,0.0,0.1176470588235294,0.7058823529411765,0.0,0.0,0.0,0.0,0.2941176470588235,0.9411764705882352,0.0588235294117647,0.4705882352941176,0.5294117647058824,0.0,1.0,0.4705882352941176,0.5294117647058824,0.0,0.0,1.0,0.0,0.0,1.0,0.0,0.0,0.4705882352941176,0.0588235294117647,0.4705882352941176,28.34271283830916,89.61608341761998,4.215714369501386,23.87,99.56,2.112103133879049,1.787470321237574
SOLEDAD,2022,7,28,18,0.2777777777777778,0.3333333333333333,0.0555555555555555,0.0,0.3333333333333333,0.0,0.0,0.7777777777777778,0.0,0.0,0.0555555555555555,0.0,0.1666666666666666,0.9444444444444444,0.0555555555555555,0.4444444444444444,0.5555555555555556,0.0,1.0,0.5,0.5,0.0,0.0,1.0,0.0,0.0,0.9444444444444444,0.0555555555555555,0.0,0.8888888888888888,0.0,0.1111111111111111,27.86947021484377,90.75001743861608,8.335714371076651,23.87,99.56,2.112103133879049,1.787470321237574
SOLEDAD,2022,8,29,23,0.5652173913043478,0.1739130434782608,0.0,0.0,0.1739130434782608,0.0,0.0869565217391304,0.6521739130434783,0.0,0.0434782608695652,0.0,0.0,0.3043478260869565,0.9565217391304348,0.0434782608695652,0.4347826086956521,0.5652173913043478,0.0,1.0,0.4347826086956521,0.5652173913043478,0.0,0.0,1.0,0.0,0.0,1.0,0.0,0.0,0.6956521739130435,0.0,0.3043478260869565,27.98699558803016,91.4964120047433,3.548571382250105,23.87,99.56,2.112103133879049,1.787470321237574
SOLEDAD,2022,8,30,31,0.5161290322580645,0.2903225806451613,0.032258064516129,0.0,0.064516129032258,0.0,0.0967741935483871,0.3548387096774194,0.0,0.064516129032258,0.0,0.032258064516129,0.5483870967741935,0.967741935483871,0.032258064516129,0.2903225806451613,0.7096774193548387,0.0,1.0,0.5483870967741935,0.4516129032258064,0.0,0.0,1.0,0.0,0.0,0.935483870967742,0.064516129032258,0.0,0.6451612903225806,0.0,0.3548387096774194,27.315166364397346,91.38387843540735,11.25571438244411,23.87,99.56,2.112103133879049,1.787470321237574
SOLEDAD,2022,8,31,33,0.4545454545454545,0.1515151515151515,0.0,0.0,0.3636363636363636,0.0,0.0303030303030303,0.5454545454545454,0.0,0.0909090909090909,0.0303030303030303,0.0,0.3333333333333333,1.0,0.0,0.2121212121212121,0.7878787878787878,0.0,1.0,0.5757575757575758,0.4242424242424242,0.0,0.0,1.0,0.0,0.0,0.9696969696969696,0.0303030303030303,0.0,0.6666666666666666,0.0,0.3333333333333333,27.72724740164622,91.32992226736886,13.144285815102714,23.87,99.56,2.112103133879049,1.787470321237574
SOLEDAD,2022,8,32,19,0.3157894736842105,0.3157894736842105,0.0,0.0,0.3157894736842105,0.0,0.0526315789473684,0.5263157894736842,0.0,0.0526315789473684,0.0,0.0,0.4210526315789473,1.0,0.0,0.2631578947368421,0.7368421052631579,0.0,1.0,0.2631578947368421,0.7368421052631579,0.0,0.0,1.0,0.0,0.0,0.9473684210526316,0.0526315789473684,0.0,0.6842105263157895,0.0,0.3157894736842105,27.53455287388395,92.8549597603934,7.878571182489395,23.87,99.56,2.112103133879049,1.787470321237574
SOLEDAD,2022,9,33,27,0.4814814814814814,0.2592592592592592,0.0,0.0,0.2592592592592592,0.0,0.0,0.5185185185185185,0.0,0.1111111111111111,0.0,0.0,0.3703703703703703,1.0,0.0,0.4444444444444444,0.5555555555555556,0.0,1.0,0.5185185185185185,0.4814814814814814,0.0,0.0,1.0,0.0,0.0,1.0,0.0,0.0,0.4814814814814814,0.0,0.5185185185185185,27.548281424386172,91.94128090994698,9.1185713495527,23.87,99.56,2.112103133879049,1.787470321237574
SOLEDAD,2022,9,34,27,0.4814814814814814,0.3703703703703703,0.0,0.0,0.1111111111111111,0.0,0.037037037037037,0.5925925925925926,0.0,0.037037037037037,0.0,0.037037037037037,0.3333333333333333,0.9629629629629628,0.037037037037037,0.3703703703703703,0.6296296296296297,0.0,1.0,0.4814814814814814,0.5185185185185185,0.0,0.0,1.0,0.0,0.0,1.0,0.0,0.0,0.8148148148148148,0.0,0.1851851851851851,27.21115591866632,92.79312678745816,10.97571417263576,23.87,99.56,2.112103133879049,1.787470321237574
SOLEDAD,2022,9,35,47,0.5106382978723404,0.2553191489361702,0.0,0.0,0.1914893617021276,0.0,0.0425531914893617,0.4893617021276595,0.0,0.1063829787234042,0.0,0.0,0.4042553191489361,0.9787234042553192,0.0212765957446808,0.3617021276595745,0.6382978723404256,0.0,1.0,0.4468085106382978,0.5531914893617021,0.0,0.0,1.0,0.0,0.0,1.0,0.0,0.0,0.6808510638297872,0.0,0.3191489361702128,27.2312953404018,93.17514038085938,9.865714243480138,23.87,99.56,2.112103133879049,1.787470321237574
SOLEDAD,2022,9,36,35,0.3714285714285714,0.2571428571428571,0.0,0.0,0.2857142857142857,0.0,0.0857142857142857,0.4857142857142857,0.0,0.1428571428571428,0.0,0.0285714285714285,0.3428571428571428,1.0,0.0,0.4571428571428571,0.5428571428571428,0.0,1.0,0.4571428571428571,0.5428571428571428,0.0,0.0,1.0,0.0,0.0,0.9142857142857144,0.0857142857142857,0.0,0.6571428571428571,0.0,0.3428571428571428,27.52546735491073,93.27389308384488,7.059999925749643,23.87,99.56,2.112103133879049,1.787470321237574
SOLEDAD,2022,10,37,36,0.3888888888888889,0.3888888888888889,0.0,0.0,0.1388888888888889,0.0,0.0833333333333333,0.5555555555555556,0.0,0.0277777777777777,0.0,0.0,0.4166666666666667,0.9444444444444444,0.0555555555555555,0.5,0.5,0.0,1.0,0.4166666666666667,0.5833333333333334,0.0,0.0,1.0,0.0,0.0,1.0,0.0,0.0,0.6111111111111112,0.0,0.3888888888888889,27.44803553989957,93.56616755894252,8.854285819189888,23.87,99.56,2.112103133879049,1.787470321237574
SOLEDAD,2022,10,38,50,0.48,0.26,0.02,0.0,0.18,0.0,0.06,0.5,0.0,0.08,0.0,0.02,0.4,0.98,0.02,0.4,0.6,0.0,1.0,0.46,0.54,0.0,0.0,1.0,0.0,0.0,0.98,0.02,0.0,0.58,0.0,0.42,26.533404105050245,94.40848650251117,11.38428555216108,23.87,99.56,2.112103133879049,1.787470321237574
SOLEDAD,2022,10,39,46,0.5,0.2608695652173913,0.0,0.0,0.1956521739130435,0.0,0.0434782608695652,0.5434782608695652,0.0,0.0217391304347826,0.0,0.0,0.4347826086956521,0.9347826086956522,0.0652173913043478,0.391304347826087,0.6086956521739131,0.0,1.0,0.3695652173913043,0.6304347826086957,0.0,0.0,1.0,0.0,0.0,1.0,0.0,0.0,0.5434782608695652,0.0,0.4565217391304347,26.963590785435287,95.01399557931084,8.794285825320653,23.87,99.56,2.112103133879049,1.787470321237574
SOLEDAD,2022,10,40,52,0.5769230769230769,0.2692307692307692,0.0,0.0,0.1346153846153846,0.0,0.0192307692307692,0.4230769230769231,0.0,0.0192307692307692,0.0,0.0192307692307692,0.5384615384615384,0.9807692307692308,0.0192307692307692,0.4615384615384615,0.5384615384615384,0.0,1.0,0.4615384615384615,0.5384615384615384,0.0,0.0,1.0,0.0,0.0,0.9807692307692308,0.0192307692307692,0.0,0.5769230769230769,0.0,0.4230769230769231,27.10028119768417,93.03144073486328,9.079999757664543,23.87,99.56,2.112103133879049,1.787470321237574
SOLEDAD,2022,11,41,51,0.5882352941176471,0.1372549019607843,0.0196078431372549,0.0,0.2352941176470588,0.0,0.0196078431372549,0.4509803921568627,0.0,0.0392156862745098,0.0,0.0,0.5098039215686274,0.9803921568627452,0.0196078431372549,0.392156862745098,0.6078431372549019,0.0,1.0,0.5686274509803921,0.4313725490196078,0.0,0.0,1.0,0.0,0.0,0.9607843137254902,0.0392156862745098,0.0,0.5882352941176471,0.0,0.4117647058823529,27.01765049525672,93.6483873639788,12.0557142666408,23.87,99.56,2.112103133879049,1.787470321237574
SOLEDAD,2022,11,42,72,0.4305555555555556,0.3055555555555556,0.0277777777777777,0.0,0.1805555555555555,0.0,0.0555555555555555,0.4305555555555556,0.0,0.0833333333333333,0.0138888888888888,0.0277777777777777,0.4444444444444444,0.9722222222222222,0.0277777777777777,0.3472222222222222,0.6527777777777778,0.0,1.0,0.4722222222222222,0.5277777777777778,0.0,0.0,1.0,0.0,0.0,0.9861111111111112,0.0138888888888888,0.0,0.4861111111111111,0.0138888888888888,0.5,26.945489501953144,93.8868876865932,10.372857093811035,23.87,99.56,2.112103133879049,1.787470321237574
SOLEDAD,2022,11,43,67,0.582089552238806,0.1940298507462686,0.0,0.0,0.1791044776119403,0.0,0.044776119402985,0.3880597014925373,0.0,0.0597014925373134,0.0,0.0,0.5522388059701493,0.9402985074626866,0.0597014925373134,0.3432835820895522,0.6567164179104478,0.0,1.0,0.4477611940298507,0.5522388059701493,0.0,0.0,1.0,0.0,0.0,1.0,0.0,0.0,0.4925373134328358,0.0,0.5074626865671642,26.917197527204248,93.26151275634766,8.890000138963972,23.87,99.56,2.112103133879049,1.787470321237574
SOLEDAD,2022,11,44,97,0.5154639175257731,0.2371134020618556,0.0206185567010309,0.0,0.1546391752577319,0.0103092783505154,0.0618556701030927,0.4329896907216495,0.0,0.1030927835051546,0.0,0.0206185567010309,0.4432989690721649,0.9484536082474226,0.0515463917525773,0.3402061855670103,0.6597938144329897,0.0,1.0,0.5257731958762887,0.4742268041237113,0.0,0.0,1.0,0.0,0.0,1.0,0.0,0.0,0.4948453608247423,0.0,0.5051546391752577,27.064037214006717,92.40952627999442,14.030000294957842,23.87,99.56,2.112103133879049,1.787470321237574
SOLEDAD,2022,12,45,95,0.5473684210526316,0.231578947368421,0.0,0.0,0.2105263157894736,0.0,0.0105263157894736,0.3157894736842105,0.0,0.0947368421052631,0.0,0.0105263157894736,0.5789473684210527,0.9263157894736842,0.0736842105263157,0.3368421052631579,0.6631578947368421,0.0,1.0,0.5157894736842106,0.4842105263157895,0.0,0.0,1.0,0.0,0.0,0.9894736842105264,0.0105263157894736,0.0,0.5157894736842106,0.0,0.4842105263157895,26.08695155552457,93.62031882149832,17.218571390424454,23.87,99.56,2.112103133879049,1.787470321237574
SOLEDAD,2022,12,46,108,0.4629629629629629,0.3333333333333333,0.0,0.0,0.1759259259259259,0.0,0.0277777777777777,0.4722222222222222,0.0,0.074074074074074,0.0,0.0277777777777777,0.4259259259259259,0.9351851851851852,0.0648148148148148,0.4351851851851852,0.5648148148148148,0.0,1.0,0.4444444444444444,0.5555555555555556,0.0,0.0,1.0,0.0,0.0,0.9907407407407408,0.0092592592592592,0.0,0.6018518518518519,0.0092592592592592,0.3888888888888889,26.81238708496096,93.1305629185268,23.772857223238265,23.87,99.56,2.112103133879049,1.787470321237574
SOLEDAD,2022,12,47,101,0.5742574257425742,0.2574257425742574,0.0099009900990099,0.0,0.099009900990099,0.0,0.0594059405940594,0.4851485148514851,0.0,0.0396039603960396,0.0,0.0,0.4752475247524752,0.99009900990099,0.0099009900990099,0.3762376237623762,0.6237623762376238,0.0,1.0,0.4653465346534653,0.5346534653465347,0.0,0.0,1.0,0.0,0.0,1.0,0.0,0.0,0.6039603960396039,0.0,0.396039603960396,27.29737243652346,91.0136478969029,3.3571428060531616,23.87,99.56,2.112103133879049,1.787470321237574
SOLEDAD,2022,12,48,114,0.4736842105263157,0.2894736842105263,0.0087719298245614,0.0,0.175438596491228,0.0,0.0526315789473684,0.4561403508771929,0.0,0.0263157894736842,0.0,0.0175438596491228,0.5,0.9824561403508772,0.0175438596491228,0.4912280701754385,0.5087719298245614,0.0,1.0,0.4736842105263157,0.5263157894736842,0.0,0.0,1.0,0.0,0.0,1.0,0.0,0.0,0.5964912280701754,0.0,0.4035087719298245,26.99116995675225,89.92440032958984,4.917142847552896,23.87,99.56,2.112103133879049,1.787470321237574
SOLEDAD,2022,13,49,141,0.5957446808510638,0.226950354609929,0.0070921985815602,0.0,0.1489361702127659,0.0070921985815602,0.0141843971631205,0.4893617021276595,0.0,0.0709219858156028,0.0070921985815602,0.0212765957446808,0.4113475177304964,0.9574468085106383,0.0425531914893617,0.4893617021276595,0.5106382978723404,0.0,1.0,0.524822695035461,0.475177304964539,0.0,0.0,1.0,0.0,0.0,0.9929078014184396,0.0070921985815602,0.0,0.6524822695035462,0.0070921985815602,0.3404255319148936,26.8782178606306,86.69427272251674,1.0585714280605316,23.87,99.56,2.112103133879049,1.787470321237574
SOLEDAD,2022,13,50,129,0.5116279069767442,0.2945736434108527,0.0077519379844961,0.0,0.1472868217054263,0.0,0.0387596899224806,0.5116279069767442,0.0,0.0697674418604651,0.0,0.0387596899224806,0.3798449612403101,0.9457364341085271,0.0542635658914728,0.4186046511627907,0.5813953488372093,0.0,1.0,0.5116279069767442,0.4883720930232558,0.0,0.0,1.0,0.0,0.0,1.0,0.0,0.0,0.5038759689922481,0.0077519379844961,0.4883720930232558,26.996480015346,88.49346051897321,0.3528571426868438,23.87,99.56,2.112103133879049,1.787470321237574
SOLEDAD,2022,13,51,131,0.5038167938931297,0.2519083969465648,0.0076335877862595,0.0,0.1450381679389313,0.0,0.0916030534351145,0.3893129770992366,0.0,0.0458015267175572,0.015267175572519,0.0763358778625954,0.4732824427480916,1.0,0.0,0.465648854961832,0.5343511450381679,0.0,1.0,0.4885496183206106,0.5114503816793893,0.0,0.0,1.0,0.0,0.0,1.0,0.0,0.0,0.4809160305343511,0.0229007633587786,0.4961832061068702,27.277799769810287,86.6856689453125,0.7142857142857143,23.87,99.56,2.112103133879049,1.787470321237574
SOLEDAD,2022,13,52,106,0.5188679245283019,0.1698113207547169,0.0,0.0,0.2358490566037736,0.0,0.0754716981132075,0.5,0.0,0.0660377358490566,0.0,0.0283018867924528,0.4056603773584906,0.9716981132075472,0.0283018867924528,0.5377358490566038,0.4622641509433962,0.0,1.0,0.3490566037735849,0.6509433962264151,0.0,0.0,1.0,0.0,0.0,1.0,0.0,0.0,0.6132075471698113,0.0,0.3867924528301887,27.040708705357165,87.00099509102958,0.0,23.87,99.56,2.112103133879049,1.787470321237574
SOLEDAD,2023,1,1,124,0.5403225806451613,0.2258064516129032,0.0080645161290322,0.0,0.1612903225806451,0.0,0.064516129032258,0.4354838709677419,0.0,0.0564516129032258,0.0,0.0080645161290322,0.5,0.9838709677419356,0.0161290322580645,0.532258064516129,0.4677419354838709,0.0,1.0,0.4354838709677419,0.5645161290322581,0.0,0.0,1.0,0.0,0.0,0.9919354838709676,0.0080645161290322,0.0,0.5564516129032258,0.0,0.4435483870967742,27.15422319684712,87.87579454694476,0.8642857143921512,23.9,99.7,2.112103133879049,1.787470321237574
SOLEDAD,2023,1,2,108,0.4537037037037037,0.3703703703703703,0.0185185185185185,0.0,0.1296296296296296,0.0092592592592592,0.0185185185185185,0.4537037037037037,0.0,0.0555555555555555,0.0092592592592592,0.037037037037037,0.4444444444444444,0.9814814814814816,0.0185185185185185,0.4537037037037037,0.5462962962962963,0.0,1.0,0.5370370370370371,0.4629629629629629,0.0,0.0,1.0,0.0,0.0,1.0,0.0,0.0,0.6111111111111112,0.0,0.3888888888888889,27.20955810546877,88.12407575334821,1.239999989845923,23.9,99.7,2.112103133879049,1.787470321237574
SOLEDAD,2023,1,3,102,0.5,0.196078431372549,0.0196078431372549,0.0,0.1666666666666666,0.0,0.1176470588235294,0.4901960784313725,0.0,0.1078431372549019,0.0098039215686274,0.0,0.392156862745098,0.9901960784313726,0.0098039215686274,0.5392156862745098,0.4607843137254901,0.0,1.0,0.4803921568627451,0.5196078431372549,0.0,0.0,1.0,0.0,0.0,0.9803921568627452,0.0196078431372549,0.0,0.5196078431372549,0.0,0.4803921568627451,27.393757847377252,85.68560791015625,1.2857142857142858,23.9,99.7,2.112103133879049,1.787470321237574
SOLEDAD,2023,1,4,68,0.5588235294117647,0.2058823529411764,0.0147058823529411,0.0,0.1911764705882352,0.0,0.0294117647058823,0.4264705882352941,0.0,0.0588235294117647,0.0,0.0147058823529411,0.5,0.9558823529411764,0.0441176470588235,0.4705882352941176,0.5294117647058824,0.0,1.0,0.4264705882352941,0.5735294117647058,0.0,0.0,1.0,0.0,0.0,1.0,0.0,0.0,0.5294117647058824,0.0,0.4705882352941176,27.477493722098234,83.22807094029018,0.0,23.9,99.7,2.112103133879049,1.787470321237574
SOLEDAD,2023,2,5,74,0.4459459459459459,0.2432432432432432,0.0,0.0,0.2297297297297297,0.0,0.081081081081081,0.4594594594594595,0.0135135135135135,0.0945945945945946,0.0,0.0135135135135135,0.4189189189189189,0.9864864864864864,0.0135135135135135,0.5675675675675675,0.4324324324324324,0.0,1.0,0.4594594594594595,0.5405405405405406,0.0,0.0,1.0,0.0,0.0,1.0,0.0,0.0,0.5540540540540541,0.0,0.4459459459459459,26.736921473911845,83.35343933105469,0.0,23.9,99.7,2.112103133879049,1.787470321237574
SOLEDAD,2023,2,6,66,0.3787878787878788,0.303030303030303,0.0,0.0,0.2272727272727272,0.0,0.0909090909090909,0.5454545454545454,0.0,0.0303030303030303,0.0,0.0,0.4242424242424242,0.9848484848484848,0.0151515151515151,0.5303030303030303,0.4696969696969697,0.0,1.0,0.4242424242424242,0.5757575757575758,0.0,0.0,1.0,0.0,0.0,1.0,0.0,0.0,0.6818181818181818,0.0,0.3181818181818182,27.349677385602696,84.02236829485211,0.0,23.9,99.7,2.112103133879049,1.787470321237574
SOLEDAD,2023,2,7,45,0.4888888888888889,0.3333333333333333,0.0,0.0,0.1333333333333333,0.0,0.0444444444444444,0.5111111111111111,0.0,0.0222222222222222,0.0,0.0222222222222222,0.4444444444444444,0.9555555555555556,0.0444444444444444,0.6,0.4,0.0,1.0,0.3333333333333333,0.6666666666666666,0.0,0.0,1.0,0.0,0.0,1.0,0.0,0.0,0.6666666666666666,0.0,0.3333333333333333,27.176241629464307,84.12867954799107,0.0,23.9,99.7,2.112103133879049,1.787470321237574
SOLEDAD,2023,2,8,25,0.28,0.28,0.0,0.0,0.16,0.0,0.28,0.36,0.0,0.08,0.04,0.04,0.48,1.0,0.0,0.6,0.4,0.0,1.0,0.44,0.56,0.0,0.0,1.0,0.0,0.0,1.0,0.0,0.0,0.6,0.0,0.4,26.737013026646228,82.56238228934151,0.0,23.9,99.7,2.112103133879049,1.787470321237574
SOLEDAD,2023,3,9,20,0.4,0.25,0.0,0.0,0.1,0.0,0.25,0.25,0.0,0.05,0.0,0.0,0.7,0.95,0.05,0.65,0.35,0.0,1.0,0.45,0.55,0.0,0.0,1.0,0.0,0.0,1.0,0.0,0.0,0.5,0.0,0.5,27.06185738699779,84.92581394740513,0.0,23.9,99.7,2.112103133879049,1.787470321237574
SOLEDAD,2023,3,10,10,0.5,0.3,0.0,0.0,0.1,0.0,0.1,0.5,0.0,0.0,0.0,0.0,0.5,1.0,0.0,0.4,0.6,0.0,1.0,0.7,0.3,0.0,0.0,1.0,0.0,0.0,1.0,0.0,0.0,0.6,0.0,0.4,27.16650434221541,85.38124302455357,1.1799999965088708,23.9,99.7,2.112103133879049,1.787470321237574
SOLEDAD,2023,3,11,20,0.75,0.15,0.0,0.0,0.05,0.0,0.05,0.45,0.0,0.1,0.0,0.0,0.45,1.0,0.0,0.3,0.7,0.0,1.0,0.35,0.65,0.0,0.0,1.0,0.0,0.0,1.0,0.0,0.0,0.5,0.05,0.45,27.740409197126134,87.8661640712193,3.944285699299404,23.9,99.7,2.112103133879049,1.787470321237574
SOLEDAD,2023,3,12,22,0.5,0.3181818181818182,0.0,0.0,0.1363636363636363,0.0454545454545454,0.0,0.5,0.0,0.0,0.0454545454545454,0.0,0.4545454545454545,0.9545454545454546,0.0454545454545454,0.4545454545454545,0.5454545454545454,0.0,1.0,0.5909090909090909,0.4090909090909091,0.0,0.0,1.0,0.0,0.0,1.0,0.0,0.0,0.5909090909090909,0.0,0.4090909090909091,27.946646990094884,82.51863207135882,0.0628571438470057,23.9,99.7,2.112103133879049,1.787470321237574
SOLEDAD,2023,4,13,7,0.2857142857142857,0.5714285714285714,0.0,0.0,0.1428571428571428,0.0,0.0,0.4285714285714285,0.0,0.0,0.0,0.0,0.5714285714285714,1.0,0.0,0.2857142857142857,0.7142857142857143,0.0,1.0,0.5714285714285714,0.4285714285714285,0.0,0.0,1.0,0.0,0.0,1.0,0.0,0.0,0.5714285714285714,0.0,0.4285714285714285,27.90953543526788,81.94098227364677,0.0,23.9,99.7,2.112103133879049,1.787470321237574
SOLEDAD,2023,4,14,6,0.1666666666666666,0.6666666666666666,0.0,0.0,0.0,0.0,0.1666666666666666,0.3333333333333333,0.0,0.0,0.0,0.0,0.6666666666666666,1.0,0.0,0.1666666666666666,0.8333333333333334,0.0,1.0,0.1666666666666666,0.8333333333333334,0.0,0.0,1.0,0.0,0.0,1.0,0.0,0.0,0.6666666666666666,0.0,0.3333333333333333,27.883113752092655,83.55984061104911,0.1714285739830562,23.9,99.7,2.112103133879049,1.787470321237574
SOLEDAD,2023,4,15,8,0.125,0.375,0.0,0.0,0.125,0.0,0.375,0.375,0.0,0.0,0.0,0.0,0.625,1.0,0.0,0.375,0.625,0.0,1.0,0.5,0.5,0.0,0.0,1.0,0.0,0.0,1.0,0.0,0.0,0.5,0.0,0.5,28.130436924525693,84.27722712925502,1.7728571420801538,23.9,99.7,2.112103133879049,1.787470321237574
SOLEDAD,2023,4,16,11,0.6363636363636364,0.0909090909090909,0.0,0.0,0.0,0.0,0.2727272727272727,0.3636363636363636,0.0,0.0,0.0,0.0,0.6363636363636364,1.0,0.0,0.2727272727272727,0.7272727272727273,0.0,1.0,0.3636363636363636,0.6363636363636364,0.0,0.0,1.0,0.0,0.0,1.0,0.0,0.0,0.3636363636363636,0.0,0.6363636363636364,27.7143515450614,85.86260005405971,5.954285774379969,23.9,99.7,2.112103133879049,1.787470321237574
SOLEDAD,2023,5,17,8,0.125,0.25,0.0,0.0,0.25,0.0,0.375,0.625,0.0,0.0,0.0,0.0,0.375,1.0,0.0,0.5,0.5,0.0,1.0,0.375,0.625,0.0,0.0,1.0,0.0,0.0,1.0,0.0,0.0,0.25,0.0,0.75,28.173532104492207,86.83967808314732,3.0042857099324465,23.9,99.7,2.112103133879049,1.787470321237574
SOLEDAD,2023,5,18,9,0.1111111111111111,0.4444444444444444,0.0,0.0,0.3333333333333333,0.0,0.1111111111111111,0.5555555555555556,0.0,0.1111111111111111,0.0,0.0,0.3333333333333333,0.7777777777777778,0.2222222222222222,0.6666666666666666,0.3333333333333333,0.0,1.0,0.4444444444444444,0.5555555555555556,0.0,0.0,1.0,0.0,0.0,1.0,0.0,0.0,0.3333333333333333,0.0,0.6666666666666666,28.671661812918547,86.40156991141183,7.177143096923828,23.9,99.7,2.112103133879049,1.787470321237574
SOLEDAD,2023,5,19,10,0.3,0.3,0.1,0.0,0.3,0.0,0.0,0.4,0.0,0.1,0.0,0.0,0.5,1.0,0.0,0.4,0.6,0.0,1.0,0.5,0.5,0.0,0.0,1.0,0.0,0.0,1.0,0.0,0.0,0.5,0.0,0.5,28.604752022879484,86.53384399414062,1.7114286265735117,23.9,99.7,2.112103133879049,1.787470321237574
SOLEDAD,2023,5,20,22,0.3636363636363636,0.3181818181818182,0.1363636363636363,0.0,0.0454545454545454,0.0,0.1363636363636363,0.4545454545454545,0.0,0.0,0.0,0.0,0.5454545454545454,0.9545454545454546,0.0454545454545454,0.4090909090909091,0.5909090909090909,0.0,1.0,0.6363636363636364,0.3636363636363636,0.0,0.0,1.0,0.0,0.0,1.0,0.0,0.0,0.6363636363636364,0.0,0.3636363636363636,28.786880929129484,88.0537861415318,4.58428562725229,23.9,99.7,2.112103133879049,1.787470321237574
SOLEDAD,2023,6,21,11,0.1818181818181818,0.4545454545454545,0.0,0.0,0.2727272727272727,0.0,0.0909090909090909,0.5454545454545454,0.0,0.0,0.0,0.0,0.4545454545454545,0.9090909090909092,0.0909090909090909,0.6363636363636364,0.3636363636363636,0.0,1.0,0.2727272727272727,0.7272727272727273,0.0,0.0,1.0,0.0,0.0,1.0,0.0,0.0,0.5454545454545454,0.0,0.4545454545454545,28.46377825055805,89.55213056291852,8.028571350233895,23.9,99.7,2.112103133879049,1.787470321237574
SOLEDAD,2023,6,22,5,0.2,0.0,0.2,0.0,0.4,0.0,0.2,0.4,0.0,0.2,0.0,0.0,0.4,1.0,0.0,0.4,0.6,0.0,1.0,0.6,0.4,0.0,0.0,1.0,0.0,0.0,1.0,0.0,0.0,0.4,0.0,0.6,28.54015066964288,88.70001329694476,22.53285728182112,23.9,99.7,2.112103133879049,1.787470321237574
SOLEDAD,2023,6,23,7,0.2857142857142857,0.2857142857142857,0.2857142857142857,0.0,0.1428571428571428,0.0,0.0,0.2857142857142857,0.0,0.0,0.0,0.0,0.7142857142857143,1.0,0.0,0.2857142857142857,0.7142857142857143,0.0,1.0,0.2857142857142857,0.7142857142857143,0.0,0.0,1.0,0.0,0.0,1.0,0.0,0.0,0.2857142857142857,0.1428571428571428,0.5714285714285714,28.499063110351585,89.16400691441127,11.147142853055682,23.9,99.7,2.112103133879049,1.787470321237574
SOLEDAD,2023,6,24,9,0.3333333333333333,0.4444444444444444,0.0,0.0,0.0,0.0,0.2222222222222222,0.3333333333333333,0.0,0.0,0.0,0.1111111111111111,0.5555555555555556,1.0,0.0,0.1111111111111111,0.8888888888888888,0.0,1.0,0.3333333333333333,0.6666666666666666,0.0,0.0,1.0,0.0,0.0,1.0,0.0,0.0,0.3333333333333333,0.0,0.6666666666666666,29.21831665039064,88.55968584333148,4.005714312195778,23.9,99.7,2.112103133879049,1.787470321237574
SOLEDAD,2023,7,25,4,0.75,0.0,0.0,0.0,0.25,0.0,0.0,0.5,0.0,0.0,0.0,0.0,0.5,1.0,0.0,0.25,0.75,0.0,1.0,0.5,0.5,0.0,0.0,1.0,0.0,0.0,1.0,0.0,0.0,0.5,0.0,0.5,29.077678571428585,88.98418208530971,3.747142838580268,23.9,99.7,2.112103133879049,1.787470321237574
SOLEDAD,2023,7,26,6,0.3333333333333333,0.6666666666666666,0.0,0.0,0.0,0.0,0.0,0.3333333333333333,0.0,0.3333333333333333,0.0,0.0,0.3333333333333333,1.0,0.0,0.6666666666666666,0.3333333333333333,0.0,1.0,0.3333333333333333,0.6666666666666666,0.0,0.0,1.0,0.0,0.0,1.0,0.0,0.0,0.1666666666666666,0.0,0.8333333333333334,28.69426225934712,89.76582772391183,7.447142739913294,23.9,99.7,2.112103133879049,1.787470321237574
SOLEDAD,2023,7,27,17,0.4117647058823529,0.1764705882352941,0.0588235294117647,0.0588235294117647,0.1764705882352941,0.0,0.1176470588235294,0.4705882352941176,0.0,0.0588235294117647,0.0,0.0,0.4705882352941176,1.0,0.0,0.4117647058823529,0.5882352941176471,0.0,1.0,0.5294117647058824,0.4705882352941176,0.0,0.0,1.0,0.0,0.0,1.0,0.0,0.0,0.2352941176470588,0.0,0.7647058823529411,28.04673374720985,91.55355943952289,9.64714309147426,23.9,99.7,2.112103133879049,1.787470321237574
SOLEDAD,2023,7,28,22,0.4090909090909091,0.3181818181818182,0.0454545454545454,0.0,0.1363636363636363,0.0,0.0909090909090909,0.3636363636363636,0.0,0.1818181818181818,0.0,0.0,0.4545454545454545,1.0,0.0,0.5454545454545454,0.4545454545454545,0.0,1.0,0.3181818181818182,0.6818181818181818,0.0,0.0,1.0,0.0,0.0,1.0,0.0,0.0,0.3636363636363636,0.0,0.6363636363636364,28.64203142438618,89.20548248291016,0.7314285534833159,23.9,99.7,2.112103133879049,1.787470321237574
SOLEDAD,2023,8,29,31,0.5161290322580645,0.3548387096774194,0.0,0.0,0.0967741935483871,0.0,0.032258064516129,0.3870967741935484,0.0,0.032258064516129,0.0,0.032258064516129,0.5483870967741935,1.0,0.0,0.3548387096774194,0.6451612903225806,0.0,1.0,0.3225806451612903,0.6774193548387096,0.0,0.0,1.0,0.0,0.0,1.0,0.0,0.0,0.5483870967741935,0.0,0.4516129032258064,28.574018641880595,90.61248888288226,1.2457142663853509,23.9,99.7,2.112103133879049,1.787470321237574
SOLEDAD,2023,8,30,20,0.55,0.1,0.0,0.0,0.25,0.0,0.1,0.35,0.0,0.05,0.0,0.0,0.6,1.0,0.0,0.3,0.7,0.0,1.0,0.6,0.4,0.0,0.0,1.0,0.0,0.0,1.0,0.0,0.0,0.45,0.0,0.55,28.207513427734398,91.7371357509068,5.090000073026333,23.9,99.7,2.112103133879049,1.787470321237574
SOLEDAD,2023,8,31,34,0.4705882352941176,0.1470588235294117,0.0588235294117647,0.0,0.2647058823529412,0.0,0.0588235294117647,0.2352941176470588,0.0588235294117647,0.0,0.0,0.0,0.7058823529411765,1.0,0.0,0.4411764705882353,0.5588235294117647,0.0,1.0,0.5588235294117647,0.4411764705882353,0.0,0.0,1.0,0.0,0.0,1.0,0.0,0.0,0.3823529411764705,0.0,0.6176470588235294,28.52280142647881,91.95629337855748,1.7842856986182076,23.9,99.7,2.112103133879049,1.787470321237574
SOLEDAD,2023,8,32,17,0.4117647058823529,0.1176470588235294,0.0588235294117647,0.0,0.2941176470588235,0.0,0.1176470588235294,0.5882352941176471,0.0,0.0,0.0,0.0,0.4117647058823529,1.0,0.0,0.3529411764705882,0.6470588235294118,0.0,1.0,0.6470588235294118,0.3529411764705882,0.0,0.0,1.0,0.0,0.0,1.0,0.0,0.0,0.4117647058823529,0.0,0.5882352941176471,28.2476767403739,92.39276559012276,2.420000020946776,23.9,99.7,2.112103133879049,1.787470321237574
SOLEDAD,2023,9,33,19,0.2631578947368421,0.3157894736842105,0.1052631578947368,0.0,0.2631578947368421,0.0,0.0526315789473684,0.4210526315789473,0.0,0.0,0.0,0.0,0.5789473684210527,0.9473684210526316,0.0526315789473684,0.3684210526315789,0.631578947368421,0.0,1.0,0.4210526315789473,0.5789473684210527,0.0,0.0,1.0,0.0,0.0,1.0,0.0,0.0,0.3157894736842105,0.0,0.6842105263157895,28.040438406808047,92.86099679129464,3.3771427933658877,23.9,99.7,2.112103133879049,1.787470321237574
SOLEDAD,2023,9,34,22,0.4090909090909091,0.2272727272727272,0.0454545454545454,0.0,0.1818181818181818,0.0,0.1363636363636363,0.5,0.0,0.0,0.0,0.0,0.5,1.0,0.0,0.4090909090909091,0.5909090909090909,0.0,1.0,0.6363636363636364,0.3636363636363636,0.0,0.0,1.0,0.0,0.0,1.0,0.0,0.0,0.2727272727272727,0.0,0.7272727272727273,27.786135428292432,93.35180555071148,8.502857063497816,23.9,99.7,2.112103133879049,1.787470321237574
SOLEDAD,2023,9,35,17,0.4117647058823529,0.2941176470588235,0.0,0.0,0.2352941176470588,0.0,0.0588235294117647,0.3529411764705882,0.0,0.0588235294117647,0.0,0.0588235294117647,0.5294117647058824,1.0,0.0,0.1764705882352941,0.8235294117647058,0.0,1.0,0.5882352941176471,0.4117647058823529,0.0,0.0,1.0,0.0,0.0,1.0,0.0,0.0,0.3529411764705882,0.0,0.6470588235294118,28.820075334821446,91.3388192313058,2.888571297483785,23.9,99.7,2.112103133879049,1.787470321237574
SOLEDAD,2023,9,36,13,0.4615384615384615,0.2307692307692307,0.0,0.0,0.3076923076923077,0.0,0.0,0.4615384615384615,0.0,0.1538461538461538,0.0,0.0,0.3846153846153846,1.0,0.0,0.5384615384615384,0.4615384615384615,0.0,1.0,0.4615384615384615,0.5384615384615384,0.0,0.0,1.0,0.0,0.0,1.0,0.0,0.0,0.4615384615384615,0.0,0.5384615384615384,28.128808593750023,92.79380471365792,3.835714282734053,23.9,99.7,2.112103133879049,1.787470321237574
SOLEDAD,2023,10,37,21,0.5238095238095238,0.238095238095238,0.0,0.0,0.1904761904761904,0.0,0.0476190476190476,0.3809523809523809,0.0,0.0952380952380952,0.0,0.0,0.5238095238095238,1.0,0.0,0.4761904761904761,0.5238095238095238,0.0,1.0,0.4285714285714285,0.5714285714285714,0.0,0.0,1.0,0.0,0.0,1.0,0.0,0.0,0.238095238095238,0.0,0.7619047619047619,28.20508946010047,93.33896200997488,1.590000003576279,23.9,99.7,2.112103133879049,1.787470321237574
SOLEDAD,2023,10,38,18,0.4444444444444444,0.2222222222222222,0.0555555555555555,0.0,0.2222222222222222,0.0,0.0555555555555555,0.4444444444444444,0.0,0.0555555555555555,0.0,0.0,0.5,1.0,0.0,0.3888888888888889,0.6111111111111112,0.0,1.0,0.5555555555555556,0.4444444444444444,0.0,0.0,1.0,0.0,0.0,1.0,0.0,0.0,0.4444444444444444,0.0,0.5555555555555556,28.368709455217655,91.64700099400112,4.404285754476275,23.9,99.7,2.112103133879049,1.787470321237574
SOLEDAD,2023,10,39,11,0.4545454545454545,0.1818181818181818,0.0,0.0,0.0909090909090909,0.0,0.2727272727272727,0.2727272727272727,0.0909090909090909,0.0909090909090909,0.0,0.0,0.5454545454545454,0.9090909090909092,0.0909090909090909,0.2727272727272727,0.7272727272727273,0.0,1.0,0.1818181818181818,0.8181818181818182,0.0,0.0,1.0,0.0,0.0,1.0,0.0,0.0,0.1818181818181818,0.0,0.8181818181818182,28.22947736467636,94.1471895490374,6.014285581452506,23.9,99.7,2.112103133879049,1.787470321237574
SOLEDAD,2023,10,40,14,0.4285714285714285,0.1428571428571428,0.1428571428571428,0.0714285714285714,0.2142857142857142,0.0,0.0,0.3571428571428571,0.0,0.0,0.0,0.0,0.6428571428571429,1.0,0.0,0.5714285714285714,0.4285714285714285,0.0,1.0,0.2857142857142857,0.7142857142857143,0.0,0.0,1.0,0.0,0.0,1.0,0.0,0.0,0.5,0.0,0.5,27.82090802873885,93.32712009974888,11.571428482021604,23.9,99.7,2.112103133879049,1.787470321237574
SOLEDAD,2023,11,41,8,0.375,0.125,0.0,0.0,0.375,0.0,0.125,0.375,0.0,0.125,0.0,0.0,0.5,1.0,0.0,0.375,0.625,0.0,1.0,0.375,0.625,0.0,0.0,1.0,0.0,0.0,1.0,0.0,0.0,0.5,0.0,0.5,28.02468479701453,93.24221910749164,7.49428573676518,23.9,99.7,2.112103133879049,1.787470321237574
SOLEDAD,2023,11,42,10,0.5,0.2,0.1,0.0,0.0,0.0,0.2,0.5,0.0,0.1,0.0,0.0,0.4,1.0,0.0,0.3,0.7,0.0,1.0,0.4,0.6,0.0,0.0,1.0,0.0,0.0,1.0,0.0,0.0,0.5,0.0,0.5,27.943355451311408,92.7096187046596,7.42285692691803,23.9,99.7,2.112103133879049,1.787470321237574
SOLEDAD,2023,11,43,14,0.5714285714285714,0.2142857142857142,0.0,0.0,0.0714285714285714,0.0,0.1428571428571428,0.4285714285714285,0.0,0.0714285714285714,0.0,0.0,0.5,1.0,0.0,0.4285714285714285,0.5714285714285714,0.0,1.0,0.5,0.5,0.0,0.0,1.0,0.0,0.0,1.0,0.0,0.0,0.5,0.0,0.5,27.18205740792413,93.38834272112165,17.358571205820358,23.9,99.7,2.112103133879049,1.787470321237574
SOLEDAD,2023,11,44,13,0.4615384615384615,0.3076923076923077,0.1538461538461538,0.0,0.0769230769230769,0.0,0.0,0.7692307692307693,0.0,0.0,0.0,0.0769230769230769,0.1538461538461538,1.0,0.0,0.3846153846153846,0.6153846153846154,0.0,1.0,0.3846153846153846,0.6153846153846154,0.0,0.0,1.0,0.0,0.0,1.0,0.0,0.0,0.5384615384615384,0.0,0.4615384615384615,26.993574305943103,94.48783656529018,17.737142971583776,23.9,99.7,2.112103133879049,1.787470321237574
SOLEDAD,2023,12,45,18,0.3888888888888889,0.3888888888888889,0.0,0.0,0.2222222222222222,0.0,0.0,0.3888888888888889,0.0,0.0555555555555555,0.0,0.0,0.5555555555555556,1.0,0.0,0.5555555555555556,0.4444444444444444,0.0,1.0,0.3888888888888889,0.6111111111111112,0.0,0.0,1.0,0.0,0.0,1.0,0.0,0.0,0.3333333333333333,0.0,0.6666666666666666,28.39977416992189,91.89915902273997,2.501428621155875,23.9,99.7,2.112103133879049,1.787470321237574
SOLEDAD,2023,12,46,12,0.1666666666666666,0.25,0.1666666666666666,0.0833333333333333,0.3333333333333333,0.0,0.0,0.25,0.0833333333333333,0.1666666666666666,0.0,0.0833333333333333,0.4166666666666667,1.0,0.0,0.4166666666666667,0.5833333333333334,0.0,1.0,0.5833333333333334,0.4166666666666667,0.0,0.0,1.0,0.0,0.0,1.0,0.0,0.0,0.4166666666666667,0.0,0.5833333333333334,27.938062831333724,91.68873923165458,7.83857148034232,23.9,99.7,2.112103133879049,1.787470321237574
SOLEDAD,2023,12,47,18,0.4444444444444444,0.3333333333333333,0.0555555555555555,0.0,0.1666666666666666,0.0,0.0,0.6666666666666666,0.0,0.1111111111111111,0.0,0.0,0.2222222222222222,1.0,0.0,0.5,0.5,0.0,1.0,0.5555555555555556,0.4444444444444444,0.0,0.0,1.0,0.0,0.0,1.0,0.0,0.0,0.5,0.0,0.5,27.512560599190863,91.72872597830636,6.151428567511695,23.9,99.7,2.112103133879049,1.787470321237574
SOLEDAD,2023,12,48,20,0.4,0.4,0.05,0.0,0.15,0.0,0.0,0.45,0.0,0.05,0.0,0.05,0.45,1.0,0.0,0.45,0.55,0.0,1.0,0.35,0.65,0.0,0.0,1.0,0.0,0.0,1.0,0.0,0.0,0.5,0.0,0.5,28.284901646205377,87.96980721609933,2.632857142282384,23.9,99.7,2.112103133879049,1.787470321237574
SOLEDAD,2023,13,49,19,0.4736842105263157,0.2105263157894736,0.0526315789473684,0.0,0.1578947368421052,0.0,0.1052631578947368,0.4210526315789473,0.0,0.0,0.0,0.0,0.5789473684210527,1.0,0.0,0.4210526315789473,0.5789473684210527,0.0,1.0,0.5263157894736842,0.4736842105263157,0.0,0.0,1.0,0.0,0.0,1.0,0.0,0.0,0.5789473684210527,0.0,0.4210526315789473,27.781710379464307,88.72589874267578,0.0,23.9,99.7,2.112103133879049,1.787470321237574
SOLEDAD,2023,13,50,20,0.55,0.35,0.0,0.0,0.1,0.0,0.0,0.45,0.0,0.0,0.0,0.0,0.55,1.0,0.0,0.45,0.55,0.0,1.0,0.5,0.5,0.0,0.0,1.0,0.0,0.0,1.0,0.0,0.0,0.45,0.0,0.55,27.843347167968773,88.61873408726284,0.1171428561210632,23.9,99.7,2.112103133879049,1.787470321237574
SOLEDAD,2023,13,51,13,0.4615384615384615,0.3076923076923077,0.0,0.0,0.2307692307692307,0.0,0.0,0.3846153846153846,0.0,0.0,0.0,0.0,0.6153846153846154,1.0,0.0,0.3076923076923077,0.6923076923076923,0.0,1.0,0.2307692307692307,0.7692307692307693,0.0,0.0,1.0,0.0,0.0,1.0,0.0,0.0,0.3846153846153846,0.0,0.6153846153846154,27.81800231933596,90.37776402064732,9.385714286140033,23.9,99.7,2.112103133879049,1.787470321237574
SOLEDAD,2023,13,52,2,0.5,0.5,0.0,0.0,0.0,0.0,0.0,0.0,0.0,0.0,0.0,0.0,1.0,1.0,0.0,0.5,0.5,0.0,1.0,1.0,0.0,0.0,0.0,1.0,0.0,0.0,1.0,0.0,0.0,0.0,0.0,1.0,28.165157209123908,88.66769191196987,1.0242856911250524,23.9,99.7,2.112103133879049,1.787470321237574
SUAN,2018,6,23,1,0.0,0.0,0.0,0.0,1.0,0.0,0.0,1.0,0.0,0.0,0.0,0.0,0.0,1.0,0.0,1.0,0.0,0.0,1.0,1.0,0.0,0.0,0.0,0.0,0.0,1.0,1.0,0.0,0.0,0.0,0.0,1.0,28.658048793247783,90.47259412493024,2.9428572079965045,,,0.096866397333771,15.05169670349008
SUAN,2019,1,2,1,0.0,0.0,0.0,0.0,0.0,0.0,1.0,0.0,0.0,0.0,0.0,0.0,1.0,1.0,0.0,1.0,0.0,0.0,1.0,1.0,0.0,0.0,0.0,0.0,0.0,1.0,1.0,0.0,0.0,0.0,0.0,1.0,27.8044873918806,89.32860347202846,9.988571699176516,,,0.096866397333771,15.05169670349008
SUAN,2019,2,8,1,0.0,0.0,0.0,0.0,1.0,0.0,0.0,0.0,0.0,0.0,0.0,0.0,1.0,1.0,0.0,1.0,0.0,0.0,1.0,1.0,0.0,0.0,0.0,0.0,0.0,1.0,1.0,0.0,0.0,0.0,0.0,1.0,29.350361851283505,83.36334228515625,9.167142868041992,,,0.096866397333771,15.05169670349008
SUAN,2019,6,23,1,1.0,0.0,0.0,0.0,0.0,0.0,0.0,0.0,0.0,0.0,0.0,0.0,1.0,1.0,0.0,1.0,0.0,0.0,1.0,1.0,0.0,0.0,0.0,0.0,0.0,1.0,1.0,0.0,0.0,0.0,0.0,1.0,28.173209490094884,91.7232916695731,5.968571388295719,,,0.096866397333771,15.05169670349008
SUAN,2019,7,28,2,0.5,0.0,0.0,0.0,0.5,0.0,0.0,0.0,0.0,0.0,0.0,0.0,1.0,1.0,0.0,0.5,0.5,0.0,1.0,1.0,0.0,0.0,0.0,0.0,0.0,1.0,1.0,0.0,0.0,0.0,0.5,0.5,28.796768624441984,89.28295244489398,4.807142872895513,,,0.096866397333771,15.05169670349008
SUAN,2019,8,31,1,1.0,0.0,0.0,0.0,0.0,0.0,0.0,0.0,0.0,0.0,0.0,0.0,1.0,1.0,0.0,1.0,0.0,0.0,1.0,0.0,1.0,0.0,0.0,0.0,0.0,1.0,1.0,0.0,0.0,0.0,0.0,1.0,29.05125470842635,90.54591478620256,1.9214285271508356,,,0.096866397333771,15.05169670349008
SUAN,2019,9,33,1,1.0,0.0,0.0,0.0,0.0,0.0,0.0,0.0,0.0,0.0,0.0,0.0,1.0,1.0,0.0,1.0,0.0,0.0,1.0,0.0,1.0,0.0,0.0,0.0,0.0,1.0,1.0,0.0,0.0,0.0,0.0,1.0,27.95467965262279,92.22011021205356,10.458571468080793,,,0.096866397333771,15.05169670349008
SUAN,2019,9,34,1,1.0,0.0,0.0,0.0,0.0,0.0,0.0,0.0,0.0,0.0,0.0,0.0,1.0,1.0,0.0,1.0,0.0,0.0,1.0,0.0,1.0,0.0,0.0,0.0,0.0,1.0,1.0,0.0,0.0,0.0,0.0,1.0,28.550827462332613,93.1122556413923,4.802857090319906,,,0.096866397333771,15.05169670349008
SUAN,2019,9,36,3,0.0,0.0,0.0,0.0,0.6666666666666666,0.0,0.3333333333333333,0.3333333333333333,0.0,0.0,0.3333333333333333,0.0,0.3333333333333333,1.0,0.0,0.6666666666666666,0.3333333333333333,0.0,1.0,0.3333333333333333,0.6666666666666666,0.0,0.0,0.0,0.0,1.0,1.0,0.0,0.0,0.0,0.0,1.0,28.832757568359398,92.03624289376395,3.2999999736036574,,,0.096866397333771,15.05169670349008
SUAN,2019,10,38,1,0.0,0.0,0.0,0.0,1.0,0.0,0.0,1.0,0.0,0.0,0.0,0.0,0.0,1.0,0.0,0.0,1.0,0.0,1.0,0.0,1.0,0.0,0.0,0.0,0.0,1.0,1.0,0.0,0.0,1.0,0.0,0.0,26.78196977887837,93.7194104875837,12.682857172829763,,,0.096866397333771,15.05169670349008
SUAN,2019,11,44,1,1.0,0.0,0.0,0.0,0.0,0.0,0.0,0.0,0.0,0.0,0.0,0.0,1.0,1.0,0.0,1.0,0.0,0.0,1.0,0.0,1.0,0.0,0.0,0.0,0.0,1.0,1.0,0.0,0.0,0.0,0.0,1.0,27.26257585797993,92.89640372140067,4.90285725252969,,,0.096866397333771,15.05169670349008
SUAN,2019,12,45,1,0.0,0.0,0.0,0.0,0.0,0.0,1.0,0.0,0.0,0.0,0.0,0.0,1.0,1.0,0.0,1.0,0.0,0.0,1.0,0.0,1.0,0.0,0.0,0.0,0.0,1.0,1.0,0.0,0.0,0.0,0.0,1.0,27.6099574497768,92.36532156808036,12.849999930177416,,,0.096866397333771,15.05169670349008
SUAN,2019,12,47,2,0.0,0.0,0.0,0.0,1.0,0.0,0.0,0.0,0.0,0.0,0.0,0.0,1.0,1.0,0.0,0.0,1.0,0.0,1.0,1.0,0.0,0.0,0.0,0.0,0.0,1.0,1.0,0.0,0.0,0.0,0.0,1.0,27.77102922712055,91.49878038678852,18.79714289733342,,,0.096866397333771,15.05169670349008
SUAN,2019,12,48,1,0.0,0.0,0.0,0.0,1.0,0.0,0.0,1.0,0.0,0.0,0.0,0.0,0.0,1.0,0.0,0.0,1.0,0.0,1.0,0.0,1.0,0.0,0.0,0.0,0.0,1.0,1.0,0.0,0.0,1.0,0.0,0.0,28.42968139648439,89.81006404331752,15.585714280605316,,,0.096866397333771,15.05169670349008
SUAN,2019,13,50,1,0.0,0.0,0.0,0.0,0.0,0.0,1.0,0.0,0.0,0.0,0.0,0.0,1.0,1.0,0.0,1.0,0.0,0.0,1.0,1.0,0.0,0.0,0.0,0.0,0.0,1.0,1.0,0.0,0.0,0.0,0.0,1.0,28.191803414481047,90.5378712245396,2.9042857132319893,,,0.096866397333771,15.05169670349008
SUAN,2019,13,51,1,0.0,1.0,0.0,0.0,0.0,0.0,0.0,0.0,0.0,0.0,0.0,0.0,1.0,1.0,0.0,1.0,0.0,0.0,1.0,0.0,1.0,0.0,0.0,0.0,0.0,1.0,1.0,0.0,0.0,0.0,0.0,1.0,28.88634643554689,89.98601858956474,8.409999994827169,,,0.096866397333771,15.05169670349008
SUAN,2019,13,52,1,0.0,0.0,0.0,0.0,0.0,0.0,1.0,0.0,0.0,0.0,0.0,0.0,1.0,1.0,0.0,1.0,0.0,0.0,1.0,1.0,0.0,0.0,0.0,0.0,0.0,1.0,1.0,0.0,0.0,0.0,0.0,1.0,28.540850394112745,90.117189679827,12.757142352206367,,,0.096866397333771,15.05169670349008
SUAN,2020,1,1,4,1.0,0.0,0.0,0.0,0.0,0.0,0.0,0.5,0.0,0.25,0.0,0.0,0.25,1.0,0.0,0.75,0.25,0.0,1.0,0.25,0.75,0.0,0.0,0.0,0.0,1.0,1.0,0.0,0.0,0.25,0.0,0.75,28.064874267578144,90.49327414376395,1.4285714285714286,,,0.096866397333771,15.05169670349008
SUAN,2020,1,2,3,0.6666666666666666,0.0,0.0,0.0,0.3333333333333333,0.0,0.0,1.0,0.0,0.0,0.0,0.0,0.0,1.0,0.0,1.0,0.0,0.0,1.0,0.6666666666666666,0.3333333333333333,0.0,0.0,0.0,0.0,1.0,1.0,0.0,0.0,0.0,0.0,1.0,28.70636901855471,86.61853681291852,0.0,,,0.096866397333771,15.05169670349008
SUAN,2020,1,3,2,1.0,0.0,0.0,0.0,0.0,0.0,0.0,1.0,0.0,0.0,0.0,0.0,0.0,1.0,0.0,1.0,0.0,0.0,1.0,0.5,0.5,0.0,0.0,0.0,0.0,1.0,1.0,0.0,0.0,0.0,0.0,1.0,29.140782383510064,84.38067626953125,0.3242857128913913,,,0.096866397333771,15.05169670349008
SUAN,2020,2,7,3,1.0,0.0,0.0,0.0,0.0,0.0,0.0,0.6666666666666666,0.0,0.0,0.0,0.0,0.3333333333333333,1.0,0.0,1.0,0.0,0.0,1.0,0.0,1.0,0.0,0.0,0.0,0.0,1.0,1.0,0.0,0.0,0.0,0.0,1.0,29.539130510602693,82.36538478306362,0.0,,,0.096866397333771,15.05169670349008
SUAN,2020,3,9,1,1.0,0.0,0.0,0.0,0.0,0.0,0.0,1.0,0.0,0.0,0.0,0.0,0.0,1.0,0.0,1.0,0.0,0.0,1.0,0.0,1.0,0.0,0.0,0.0,0.0,1.0,1.0,0.0,0.0,0.0,0.0,1.0,29.01980634416855,85.44981275285993,3.7142857142857135,,,0.096866397333771,15.05169670349008
SUAN,2020,4,13,1,1.0,0.0,0.0,0.0,0.0,0.0,0.0,0.0,0.0,0.0,0.0,0.0,1.0,1.0,0.0,0.0,1.0,0.0,1.0,0.0,1.0,0.0,0.0,0.0,0.0,1.0,1.0,0.0,0.0,0.0,0.0,1.0,29.068697684151804,84.81497083391461,3.2414285710879733,,,0.096866397333771,15.05169670349008
SUAN,2020,4,16,1,0.0,0.0,0.0,0.0,0.0,0.0,1.0,1.0,0.0,0.0,0.0,0.0,0.0,1.0,0.0,1.0,0.0,0.0,1.0,1.0,0.0,0.0,0.0,0.0,0.0,1.0,1.0,0.0,0.0,0.0,0.0,1.0,29.40684770856587,85.69882529122489,5.042857151478529,,,0.096866397333771,15.05169670349008
SUAN,2021,11,42,1,0.0,0.0,0.0,0.0,1.0,0.0,0.0,0.0,0.0,0.0,0.0,0.0,1.0,1.0,0.0,1.0,0.0,0.0,1.0,0.0,1.0,0.0,0.0,0.0,0.0,1.0,1.0,0.0,0.0,0.0,0.0,1.0,27.115712193080373,92.53382873535156,7.189999920981271,,,0.096866397333771,15.05169670349008
SUAN,2021,12,48,1,1.0,0.0,0.0,0.0,0.0,0.0,0.0,0.0,0.0,0.0,0.0,0.0,1.0,1.0,0.0,1.0,0.0,0.0,1.0,0.0,1.0,0.0,0.0,0.0,0.0,1.0,1.0,0.0,0.0,0.0,0.0,1.0,27.04250488281252,92.34939902169364,7.25428569316864,,,0.096866397333771,15.05169670349008
SUAN,2021,13,49,1,0.0,0.0,0.0,0.0,0.0,0.0,1.0,1.0,0.0,0.0,0.0,0.0,0.0,1.0,0.0,1.0,0.0,0.0,1.0,1.0,0.0,0.0,0.0,0.0,0.0,1.0,1.0,0.0,0.0,0.0,0.0,1.0,28.34964468819756,91.04940468924386,4.714285714285714,,,0.096866397333771,15.05169670349008
SUAN,2021,13,51,1,0.0,0.0,0.0,0.0,0.0,0.0,1.0,0.0,0.0,0.0,0.0,0.0,1.0,1.0,0.0,1.0,0.0,0.0,1.0,0.0,1.0,0.0,0.0,0.0,0.0,1.0,1.0,0.0,0.0,0.0,0.0,1.0,28.07230747767859,89.86000170026507,2.4457143199230944,,,0.096866397333771,15.05169670349008
SUAN,2022,1,3,2,0.5,0.0,0.5,0.0,0.0,0.0,0.0,0.5,0.0,0.0,0.0,0.0,0.5,1.0,0.0,1.0,0.0,0.0,1.0,0.5,0.5,0.0,0.0,0.0,0.0,1.0,1.0,0.0,0.0,0.0,0.0,1.0,28.50572684151788,87.7845208304269,7.428571428571429,,,0.096866397333771,15.05169670349008
SUAN,2022,1,4,2,0.0,0.0,0.5,0.0,0.5,0.0,0.0,0.0,0.0,0.0,0.0,0.0,1.0,1.0,0.0,0.5,0.5,0.0,1.0,0.5,0.5,0.0,0.0,0.0,0.0,1.0,1.0,0.0,0.0,0.5,0.0,0.5,28.385435267857165,87.87181200299945,16.857142857142858,,,0.096866397333771,15.05169670349008
SUAN,2022,2,5,1,0.0,0.0,0.0,0.0,0.0,0.0,1.0,0.0,0.0,0.0,0.0,0.0,1.0,1.0,0.0,1.0,0.0,0.0,1.0,1.0,0.0,0.0,0.0,0.0,0.0,1.0,1.0,0.0,0.0,0.0,0.0,1.0,28.305899919782384,87.87500435965401,7.285714285714286,,,0.096866397333771,15.05169670349008
SUAN,2022,2,6,5,0.2,0.0,0.0,0.0,0.4,0.0,0.4,0.0,0.0,0.0,0.0,0.0,1.0,1.0,0.0,1.0,0.0,0.0,1.0,0.6,0.4,0.0,0.0,0.0,0.0,1.0,1.0,0.0,0.0,0.0,0.0,1.0,28.429687935965426,87.71212114606585,2.11428570321628,,,0.096866397333771,15.05169670349008
SUAN,2022,2,7,5,0.8,0.2,0.0,0.0,0.0,0.0,0.0,0.0,0.0,0.2,0.0,0.0,0.8,1.0,0.0,0.6,0.4,0.0,1.0,0.4,0.6,0.0,0.0,0.0,0.0,1.0,1.0,0.0,0.0,0.4,0.0,0.6,29.00054757254465,85.17640250069755,1.114285715988704,,,0.096866397333771,15.05169670349008
SUAN,2022,2,8,1,0.0,0.0,0.0,0.0,1.0,0.0,0.0,0.0,0.0,1.0,0.0,0.0,0.0,1.0,0.0,1.0,0.0,0.0,1.0,1.0,0.0,0.0,0.0,0.0,0.0,1.0,1.0,0.0,0.0,1.0,0.0,0.0,28.708500889369443,83.33082035609654,2.301428571343422,,,0.096866397333771,15.05169670349008
SUAN,2022,3,9,2,0.0,0.5,0.0,0.0,0.5,0.0,0.0,0.0,0.0,0.0,0.0,0.0,1.0,1.0,0.0,0.5,0.5,0.0,1.0,0.5,0.5,0.0,0.0,0.0,0.0,1.0,1.0,0.0,0.0,0.0,0.0,1.0,28.61746913364957,85.56837899344308,2.815714300743171,,,0.096866397333771,15.05169670349008
SUAN,2022,3,10,4,0.0,0.0,0.0,0.0,0.5,0.0,0.5,0.25,0.0,0.25,0.0,0.0,0.5,1.0,0.0,0.5,0.5,0.0,1.0,0.25,0.75,0.0,0.0,0.0,0.0,1.0,1.0,0.0,0.0,0.0,0.0,1.0,28.706488909040196,87.469972882952,1.370000000510897,,,0.096866397333771,15.05169670349008
SUAN,2022,3,11,1,0.0,0.0,0.0,0.0,1.0,0.0,0.0,0.0,0.0,0.0,0.0,0.0,1.0,1.0,0.0,0.0,1.0,0.0,1.0,1.0,0.0,0.0,0.0,0.0,0.0,1.0,1.0,0.0,0.0,1.0,0.0,0.0,29.12622549874443,85.94901057652065,8.73428570159844,,,0.096866397333771,15.05169670349008
SUAN,2022,4,14,1,0.0,0.0,0.0,0.0,1.0,0.0,0.0,0.0,0.0,0.0,0.0,0.0,1.0,1.0,0.0,1.0,0.0,0.0,1.0,0.0,1.0,0.0,0.0,0.0,0.0,1.0,1.0,0.0,0.0,0.0,0.0,1.0,28.595075770786845,87.509519304548,6.380000080381121,,,0.096866397333771,15.05169670349008
SUAN,2022,4,16,1,1.0,0.0,0.0,0.0,0.0,0.0,0.0,0.0,0.0,0.0,0.0,0.0,1.0,1.0,0.0,1.0,0.0,0.0,1.0,0.0,1.0,0.0,0.0,0.0,0.0,1.0,1.0,0.0,0.0,0.0,0.0,1.0,27.892735508510068,88.99291338239398,11.874285697937012,,,0.096866397333771,15.05169670349008
SUAN,2022,5,18,1,1.0,0.0,0.0,0.0,0.0,0.0,0.0,0.0,0.0,0.0,0.0,0.0,1.0,1.0,0.0,1.0,0.0,0.0,1.0,1.0,0.0,0.0,0.0,0.0,0.0,1.0,1.0,0.0,0.0,0.0,0.0,1.0,28.23950674874443,89.4894278390067,7.198571426527841,,,0.096866397333771,15.05169670349008
SUAN,2022,5,19,1,1.0,0.0,0.0,0.0,0.0,0.0,0.0,0.0,0.0,0.0,0.0,0.0,1.0,1.0,0.0,1.0,0.0,0.0,1.0,0.0,1.0,0.0,0.0,0.0,0.0,1.0,1.0,0.0,0.0,0.0,0.0,1.0,27.914091273716537,90.7915267944336,6.645714206354959,,,0.096866397333771,15.05169670349008
SUAN,2022,5,20,3,0.3333333333333333,0.0,0.0,0.0,0.6666666666666666,0.0,0.0,0.0,0.0,0.0,0.0,0.0,1.0,1.0,0.0,1.0,0.0,0.0,1.0,0.0,1.0,0.0,0.0,0.0,0.0,1.0,0.6666666666666666,0.0,0.3333333333333333,0.0,0.0,1.0,27.991488211495557,90.41042000906808,6.038571493966239,,,0.096866397333771,15.05169670349008
SUAN,2022,6,21,2,0.5,0.0,0.0,0.0,0.5,0.0,0.0,0.0,0.0,0.0,0.0,0.0,1.0,1.0,0.0,1.0,0.0,0.0,1.0,0.5,0.5,0.0,0.0,0.0,0.0,1.0,1.0,0.0,0.0,0.0,0.0,1.0,28.368404279436408,90.26915958949498,5.418571438108172,,,0.096866397333771,15.05169670349008
SUAN,2022,6,22,3,0.3333333333333333,0.0,0.0,0.0,0.6666666666666666,0.0,0.0,0.3333333333333333,0.0,0.0,0.0,0.3333333333333333,0.3333333333333333,1.0,0.0,1.0,0.0,0.0,1.0,0.6666666666666666,0.3333333333333333,0.0,0.0,0.0,0.0,1.0,1.0,0.0,0.0,0.0,0.0,1.0,27.92246180943082,91.18414960588728,7.955714430127825,,,0.096866397333771,15.05169670349008
SUAN,2022,6,23,5,0.2,0.4,0.0,0.0,0.4,0.0,0.0,0.2,0.0,0.0,0.0,0.2,0.6,0.6,0.4,0.6,0.4,0.0,1.0,0.4,0.6,0.0,0.0,0.0,0.0,1.0,1.0,0.0,0.0,0.0,0.0,1.0,27.15263628278462,91.68467167445591,14.124286004475184,,,0.096866397333771,15.05169670349008
SUAN,2022,6,24,4,0.25,0.0,0.0,0.0,0.75,0.0,0.0,0.0,0.0,0.0,0.0,0.0,1.0,0.5,0.5,0.5,0.5,0.0,1.0,0.75,0.25,0.0,0.0,0.0,0.0,1.0,1.0,0.0,0.0,0.0,0.0,1.0,27.03561008998328,91.82433428083148,11.74857132775443,,,0.096866397333771,15.05169670349008
SUAN,2022,7,25,4,0.25,0.0,0.25,0.0,0.5,0.0,0.0,0.0,0.0,0.0,0.0,0.0,1.0,1.0,0.0,1.0,0.0,0.0,1.0,0.5,0.5,0.0,0.0,0.0,0.0,1.0,1.0,0.0,0.0,0.0,0.0,1.0,27.25187726702011,92.89804186139789,12.020000100135803,,,0.096866397333771,15.05169670349008
SUAN,2022,7,26,1,1.0,0.0,0.0,0.0,0.0,0.0,0.0,0.0,0.0,0.0,0.0,0.0,1.0,1.0,0.0,1.0,0.0,0.0,1.0,0.0,1.0,0.0,0.0,0.0,0.0,1.0,1.0,0.0,0.0,0.0,0.0,1.0,27.06457563127792,92.72198813302175,5.950000034911292,,,0.096866397333771,15.05169670349008
SUAN,2022,7,27,1,1.0,0.0,0.0,0.0,0.0,0.0,0.0,0.0,0.0,0.0,0.0,0.0,1.0,1.0,0.0,0.0,1.0,0.0,1.0,1.0,0.0,0.0,0.0,0.0,0.0,1.0,1.0,0.0,0.0,0.0,0.0,1.0,28.13067888532368,92.68753814697266,6.277142899377005,,,0.096866397333771,15.05169670349008
SUAN,2022,7,28,1,0.0,0.0,0.0,0.0,1.0,0.0,0.0,0.0,0.0,0.0,0.0,0.0,1.0,1.0,0.0,0.0,1.0,0.0,1.0,0.0,1.0,0.0,0.0,0.0,0.0,1.0,1.0,0.0,0.0,0.0,0.0,1.0,27.97730407714846,92.16239820207868,5.964285739830562,,,0.096866397333771,15.05169670349008
SUAN,2022,8,29,3,0.6666666666666666,0.3333333333333333,0.0,0.0,0.0,0.0,0.0,0.0,0.0,0.0,0.0,0.0,1.0,1.0,0.0,0.6666666666666666,0.3333333333333333,0.0,1.0,0.3333333333333333,0.6666666666666666,0.0,0.0,0.0,0.0,1.0,1.0,0.0,0.0,0.3333333333333333,0.0,0.6666666666666666,28.065741838727696,92.53496769496373,6.002857191222055,,,0.096866397333771,15.05169670349008
SUAN,2022,8,30,1,1.0,0.0,0.0,0.0,0.0,0.0,0.0,1.0,0.0,0.0,0.0,0.0,0.0,1.0,0.0,0.0,1.0,0.0,1.0,0.0,1.0,0.0,0.0,0.0,0.0,1.0,1.0,0.0,0.0,0.0,0.0,1.0,27.67765197753908,93.144166128976,8.807142696210317,,,0.096866397333771,15.05169670349008
SUAN,2022,8,31,5,0.8,0.0,0.0,0.0,0.2,0.0,0.0,0.2,0.0,0.0,0.0,0.0,0.8,1.0,0.0,0.2,0.8,0.0,1.0,0.2,0.8,0.0,0.0,0.0,0.0,1.0,1.0,0.0,0.0,0.0,0.0,1.0,27.948087855747783,92.4477037702288,17.445714269365585,,,0.096866397333771,15.05169670349008
SUAN,2022,8,32,1,1.0,0.0,0.0,0.0,0.0,0.0,0.0,0.0,0.0,0.0,0.0,0.0,1.0,1.0,0.0,0.0,1.0,0.0,1.0,1.0,0.0,0.0,0.0,0.0,0.0,1.0,1.0,0.0,0.0,0.0,0.0,1.0,28.165828595842648,92.76176016671316,7.137142930712018,,,0.096866397333771,15.05169670349008
SUAN,2022,9,34,1,0.0,1.0,0.0,0.0,0.0,0.0,0.0,1.0,0.0,0.0,0.0,0.0,0.0,1.0,0.0,0.0,1.0,0.0,1.0,0.0,1.0,0.0,0.0,0.0,0.0,1.0,1.0,0.0,0.0,1.0,0.0,0.0,27.50733555385047,93.52554212297711,8.674285484211785,,,0.096866397333771,15.05169670349008
SUAN,2022,9,35,1,0.0,1.0,0.0,0.0,0.0,0.0,0.0,0.0,0.0,1.0,0.0,0.0,0.0,1.0,0.0,0.0,1.0,0.0,1.0,0.0,1.0,0.0,0.0,0.0,0.0,1.0,1.0,0.0,0.0,1.0,0.0,0.0,27.53281119210381,93.74525233677456,6.841428450175694,,,0.096866397333771,15.05169670349008
SUAN,2022,9,36,1,1.0,0.0,0.0,0.0,0.0,0.0,0.0,0.0,0.0,0.0,0.0,0.0,1.0,1.0,0.0,0.0,1.0,0.0,1.0,0.0,1.0,0.0,0.0,0.0,0.0,1.0,1.0,0.0,0.0,0.0,0.0,1.0,27.900295148577023,93.6189215523856,7.079999821526664,,,0.096866397333771,15.05169670349008
SUAN,2022,10,37,1,0.0,0.0,0.0,0.0,1.0,0.0,0.0,0.0,0.0,0.0,0.0,0.0,1.0,1.0,0.0,1.0,0.0,0.0,1.0,0.0,1.0,0.0,0.0,0.0,0.0,1.0,1.0,0.0,0.0,0.0,0.0,1.0,27.44500340053015,93.13553837367466,8.527142695018224,,,0.096866397333771,15.05169670349008
SUAN,2023,6,23,1,1.0,0.0,0.0,0.0,0.0,0.0,0.0,0.0,0.0,0.0,0.0,0.0,1.0,1.0,0.0,1.0,0.0,0.0,1.0,1.0,0.0,0.0,0.0,0.0,0.0,1.0,1.0,0.0,0.0,0.0,0.0,1.0,28.00500313895091,90.72463117327008,9.7771429674966,,,0.096866397333771,15.05169670349008
SUAN,2023,6,24,1,0.0,1.0,0.0,0.0,0.0,0.0,0.0,0.0,0.0,0.0,0.0,0.0,1.0,1.0,0.0,1.0,0.0,0.0,1.0,1.0,0.0,0.0,0.0,0.0,0.0,1.0,1.0,0.0,0.0,0.0,0.0,1.0,29.097493198939752,90.62513078962054,4.447142941611154,,,0.096866397333771,15.05169670349008
SUAN,2023,8,30,1,0.0,0.0,0.0,0.0,0.0,0.0,1.0,0.0,0.0,0.0,0.0,0.0,1.0,1.0,0.0,1.0,0.0,0.0,1.0,0.0,1.0,0.0,0.0,0.0,0.0,1.0,1.0,0.0,0.0,0.0,0.0,1.0,29.378961181640648,89.78097316196987,6.26571431436709,,,0.096866397333771,15.05169670349008
SUAN,2023,9,34,2,0.5,0.0,0.0,0.0,0.0,0.0,0.5,0.0,0.0,0.0,0.0,0.0,1.0,1.0,0.0,1.0,0.0,0.0,1.0,0.5,0.5,0.0,0.0,0.0,0.0,1.0,1.0,0.0,0.0,0.0,0.0,1.0,28.105111694335957,92.7558833530971,9.444285729101724,,,0.096866397333771,15.05169670349008
SUAN,2023,9,35,2,0.0,0.0,0.0,0.0,0.0,0.0,1.0,0.0,0.0,0.0,0.0,0.0,1.0,1.0,0.0,1.0,0.0,0.0,1.0,0.0,1.0,0.0,0.0,0.0,0.0,1.0,1.0,0.0,0.0,0.0,0.0,1.0,29.47441798618864,92.02639334542413,5.290000006556511,,,0.096866397333771,15.05169670349008
SUAN,2023,10,38,1,1.0,0.0,0.0,0.0,0.0,0.0,0.0,1.0,0.0,0.0,0.0,0.0,0.0,1.0,0.0,0.0,1.0,0.0,1.0,1.0,0.0,0.0,0.0,0.0,0.0,1.0,1.0,0.0,0.0,1.0,0.0,0.0,28.80804268973216,92.405027117048,5.492857226303646,,,0.096866397333771,15.05169670349008
SUAN,2023,10,39,1,1.0,0.0,0.0,0.0,0.0,0.0,0.0,0.0,0.0,0.0,0.0,0.0,1.0,1.0,0.0,1.0,0.0,0.0,1.0,0.0,1.0,0.0,0.0,0.0,0.0,1.0,1.0,0.0,0.0,0.0,0.0,1.0,28.49532034737725,93.13049861363002,4.987142852374485,,,0.096866397333771,15.05169670349008
SUAN,2023,10,40,1,0.0,0.0,0.0,0.0,1.0,0.0,0.0,0.0,0.0,0.0,0.0,0.0,1.0,1.0,0.0,1.0,0.0,0.0,1.0,0.0,1.0,0.0,0.0,0.0,0.0,1.0,1.0,0.0,0.0,0.0,0.0,1.0,27.786939784458724,93.6915032523019,12.608571342059545,,,0.096866397333771,15.05169670349008
SUAN,2023,12,45,3,0.0,0.0,0.0,0.0,1.0,0.0,0.0,0.3333333333333333,0.0,0.0,0.0,0.0,0.6666666666666666,1.0,0.0,0.6666666666666666,0.3333333333333333,0.0,1.0,0.6666666666666666,0.3333333333333333,0.0,0.0,0.0,0.0,1.0,1.0,0.0,0.0,0.0,0.0,1.0,28.21085074288506,92.68443298339844,4.0985714090721945,,,0.096866397333771,15.05169670349008
SUAN,2023,12,47,1,1.0,0.0,0.0,0.0,0.0,0.0,0.0,0.0,0.0,0.0,0.0,0.0,1.0,1.0,0.0,1.0,0.0,0.0,1.0,0.0,1.0,0.0,0.0,0.0,0.0,1.0,1.0,0.0,0.0,0.0,0.0,1.0,27.179788208007835,92.62616729736328,6.922857289867742,,,0.096866397333771,15.05169670349008
TUBARÁ,2017,5,17,1,0.0,0.0,1.0,0.0,0.0,0.0,0.0,0.0,0.0,0.0,0.0,0.0,1.0,1.0,0.0,1.0,0.0,0.0,1.0,0.0,1.0,0.0,1.0,0.0,0.0,0.0,1.0,0.0,0.0,0.0,0.0,1.0,28.38193446568081,89.30710165841239,1.3242857115609306,23.49,97.97,2.257754046682011,5.215228565790677
TUBARÁ,2017,11,44,2,0.5,0.5,0.0,0.0,0.0,0.0,0.0,0.5,0.0,0.0,0.0,0.0,0.5,1.0,0.0,0.5,0.5,0.0,1.0,0.5,0.5,0.0,1.0,0.0,0.0,0.0,0.5,0.0,0.5,0.5,0.0,0.5,27.09714442661832,89.00565338134766,2.425714287906885,23.49,97.97,2.257754046682011,5.215228565790677
TUBARÁ,2017,12,45,3,0.0,0.6666666666666666,0.3333333333333333,0.0,0.0,0.0,0.0,0.6666666666666666,0.0,0.0,0.0,0.0,0.3333333333333333,0.6666666666666666,0.3333333333333333,1.0,0.0,0.0,1.0,0.3333333333333333,0.6666666666666666,0.0,1.0,0.0,0.0,0.0,0.0,0.0,1.0,0.0,0.0,1.0,26.55242309570314,92.63806697300502,3.377142872129168,23.49,97.97,2.257754046682011,5.215228565790677
TUBARÁ,2017,12,46,1,0.0,0.0,1.0,0.0,0.0,0.0,0.0,0.0,0.0,0.0,0.0,0.0,1.0,1.0,0.0,1.0,0.0,0.0,1.0,0.0,1.0,0.0,1.0,0.0,0.0,0.0,0.0,0.0,1.0,0.0,0.0,1.0,26.32498866489957,92.48122079031808,9.628571374075753,23.49,97.97,2.257754046682011,5.215228565790677
TUBARÁ,2017,12,47,2,0.5,0.5,0.0,0.0,0.0,0.0,0.0,0.0,0.0,0.0,0.0,0.0,1.0,1.0,0.0,1.0,0.0,0.0,1.0,0.5,0.5,0.0,1.0,0.0,0.0,0.0,0.0,0.0,1.0,0.0,0.0,1.0,26.77883954729354,90.9287588936942,2.632857135363988,23.49,97.97,2.257754046682011,5.215228565790677
TUBARÁ,2017,12,48,1,0.0,1.0,0.0,0.0,0.0,0.0,0.0,1.0,0.0,0.0,0.0,0.0,0.0,1.0,0.0,1.0,0.0,0.0,1.0,1.0,0.0,0.0,1.0,0.0,0.0,0.0,0.0,1.0,0.0,0.0,0.0,1.0,27.646075003487745,89.23287636893136,9.972857141069005,23.49,97.97,2.257754046682011,5.215228565790677
TUBARÁ,2018,7,27,1,0.0,1.0,0.0,0.0,0.0,0.0,0.0,1.0,0.0,0.0,0.0,0.0,0.0,1.0,0.0,0.0,1.0,0.0,1.0,0.0,1.0,0.0,1.0,0.0,0.0,0.0,1.0,0.0,0.0,1.0,0.0,0.0,27.35979832240516,90.77989305768696,0.3942857001508985,23.66,98.65,2.257754046682011,5.215228565790677
TUBARÁ,2018,8,30,1,1.0,0.0,0.0,0.0,0.0,0.0,0.0,1.0,0.0,0.0,0.0,0.0,0.0,1.0,0.0,1.0,0.0,0.0,1.0,1.0,0.0,0.0,1.0,0.0,0.0,0.0,1.0,0.0,0.0,1.0,0.0,0.0,27.03174307686944,92.8613074166434,2.322857175554548,23.66,98.65,2.257754046682011,5.215228565790677
TUBARÁ,2018,8,32,2,0.0,0.0,0.0,0.0,1.0,0.0,0.0,1.0,0.0,0.0,0.0,0.0,0.0,1.0,0.0,1.0,0.0,0.0,1.0,0.5,0.5,0.0,1.0,0.0,0.0,0.0,0.0,1.0,0.0,0.0,1.0,0.0,27.644934953962064,90.02245112827846,0.0257142856717109,23.66,98.65,2.257754046682011,5.215228565790677
TUBARÁ,2018,9,36,2,0.0,1.0,0.0,0.0,0.0,0.0,0.0,1.0,0.0,0.0,0.0,0.0,0.0,1.0,0.0,1.0,0.0,0.0,1.0,0.0,1.0,0.0,1.0,0.0,0.0,0.0,0.0,1.0,0.0,0.0,0.5,0.5,26.960196794782384,93.2226769583566,5.702857119696481,23.66,98.65,2.257754046682011,5.215228565790677
TUBARÁ,2018,10,37,1,0.0,0.0,0.0,0.0,0.0,0.0,1.0,0.0,0.0,0.0,0.0,0.0,1.0,1.0,0.0,1.0,0.0,0.0,1.0,0.0,1.0,0.0,1.0,0.0,0.0,0.0,0.0,1.0,0.0,0.0,0.0,1.0,26.771755109514523,94.10945565359933,4.832857114928109,23.66,98.65,2.257754046682011,5.215228565790677
TUBARÁ,2018,10,38,1,0.0,0.0,0.0,0.0,1.0,0.0,0.0,1.0,0.0,0.0,0.0,0.0,0.0,1.0,0.0,1.0,0.0,0.0,1.0,0.0,1.0,0.0,1.0,0.0,0.0,0.0,0.0,1.0,0.0,0.0,0.0,1.0,27.409267316545783,93.0566885811942,3.5699999798089266,23.66,98.65,2.257754046682011,5.215228565790677
TUBARÁ,2018,10,40,1,1.0,0.0,0.0,0.0,0.0,0.0,0.0,0.0,0.0,0.0,0.0,0.0,1.0,1.0,0.0,1.0,0.0,0.0,1.0,0.0,1.0,0.0,1.0,0.0,0.0,0.0,0.0,1.0,0.0,0.0,0.0,1.0,26.48386753627233,92.8829095023019,5.339999948229108,23.66,98.65,2.257754046682011,5.215228565790677
TUBARÁ,2018,11,43,1,1.0,0.0,0.0,0.0,0.0,0.0,0.0,0.0,0.0,0.0,0.0,0.0,1.0,1.0,0.0,0.0,1.0,0.0,1.0,0.0,1.0,0.0,1.0,0.0,0.0,0.0,1.0,0.0,0.0,0.0,0.0,1.0,26.924504307338196,92.1492691040039,3.6242857490267073,23.66,98.65,2.257754046682011,5.215228565790677
TUBARÁ,2018,13,49,1,0.0,0.0,0.0,0.0,1.0,0.0,0.0,1.0,0.0,0.0,0.0,0.0,0.0,1.0,0.0,0.0,1.0,0.0,1.0,1.0,0.0,0.0,1.0,0.0,0.0,0.0,1.0,0.0,0.0,1.0,0.0,0.0,26.87984401157926,87.67507934570312,0.0014285713966403,23.66,98.65,2.257754046682011,5.215228565790677
TUBARÁ,2019,1,3,1,0.0,1.0,0.0,0.0,0.0,0.0,0.0,0.0,0.0,0.0,0.0,0.0,1.0,0.0,1.0,0.0,1.0,0.0,1.0,1.0,0.0,0.0,1.0,0.0,0.0,0.0,0.0,1.0,0.0,1.0,0.0,0.0,26.331037684849356,86.51614706856864,0.0,23.49,97.96,2.257754046682011,5.215228565790677
TUBARÁ,2019,7,28,1,0.0,0.0,0.0,0.0,1.0,0.0,0.0,0.0,0.0,0.0,0.0,0.0,1.0,1.0,0.0,1.0,0.0,0.0,1.0,1.0,0.0,0.0,1.0,0.0,0.0,0.0,0.0,1.0,0.0,0.0,0.0,1.0,27.6101994105748,89.0304946899414,2.291428605360644,23.49,97.96,2.257754046682011,5.215228565790677
TUBARÁ,2019,11,41,2,0.0,1.0,0.0,0.0,0.0,0.0,0.0,0.5,0.0,0.0,0.0,0.0,0.5,1.0,0.0,0.0,1.0,0.0,1.0,0.0,1.0,0.0,1.0,0.0,0.0,0.0,1.0,0.0,0.0,0.0,0.0,1.0,26.4610294886998,92.61473519461497,7.965714386531284,23.49,97.96,2.257754046682011,5.215228565790677
TUBARÁ,2020,1,3,1,0.0,0.0,0.0,0.0,1.0,0.0,0.0,0.0,0.0,0.0,0.0,0.0,1.0,1.0,0.0,1.0,0.0,0.0,1.0,1.0,0.0,0.0,1.0,0.0,0.0,0.0,0.0,1.0,0.0,1.0,0.0,0.0,26.75234157017301,85.47805677141461,0.0157142856291362,23.58,98.31,2.257754046682011,5.215228565790677
TUBARÁ,2020,1,4,3,0.3333333333333333,0.0,0.0,0.0,0.6666666666666666,0.0,0.0,0.3333333333333333,0.0,0.0,0.0,0.0,0.6666666666666666,1.0,0.0,0.6666666666666666,0.3333333333333333,0.0,1.0,0.6666666666666666,0.3333333333333333,0.0,1.0,0.0,0.0,0.0,0.3333333333333333,0.6666666666666666,0.0,0.6666666666666666,0.0,0.3333333333333333,26.843327549525693,88.12504250662667,9.458571566002709,23.58,98.31,2.257754046682011,5.215228565790677
TUBARÁ,2020,2,6,8,0.625,0.125,0.0,0.0,0.125,0.0,0.125,0.375,0.0,0.0,0.0,0.0,0.625,1.0,0.0,0.75,0.25,0.0,1.0,0.625,0.375,0.0,1.0,0.0,0.0,0.0,0.125,0.875,0.0,1.0,0.0,0.0,27.46506216866632,83.06712995256696,0.0,23.58,98.31,2.257754046682011,5.215228565790677
TUBARÁ,2020,2,7,2,0.5,0.0,0.0,0.0,0.5,0.0,0.0,1.0,0.0,0.0,0.0,0.0,0.0,1.0,0.0,0.5,0.5,0.0,1.0,1.0,0.0,0.0,1.0,0.0,0.0,0.0,0.5,0.5,0.0,0.5,0.0,0.5,27.107668631417425,84.10870143345424,0.0,23.58,98.31,2.257754046682011,5.215228565790677
TUBARÁ,2020,3,10,1,0.0,0.0,0.0,0.0,1.0,0.0,0.0,1.0,0.0,0.0,0.0,0.0,0.0,1.0,0.0,0.0,1.0,0.0,1.0,1.0,0.0,0.0,1.0,0.0,0.0,0.0,1.0,0.0,0.0,1.0,0.0,0.0,27.065281895228814,83.12593732561383,0.0,23.58,98.31,2.257754046682011,5.215228565790677
TUBARÁ,2020,6,23,1,0.0,1.0,0.0,0.0,0.0,0.0,0.0,0.0,0.0,0.0,0.0,0.0,1.0,1.0,0.0,1.0,0.0,0.0,1.0,0.0,1.0,0.0,1.0,0.0,0.0,0.0,0.0,0.0,1.0,1.0,0.0,0.0,27.9564649309431,88.7462659563337,3.604285708495549,23.58,98.31,2.257754046682011,5.215228565790677
TUBARÁ,2020,7,26,1,0.0,1.0,0.0,0.0,0.0,0.0,0.0,1.0,0.0,0.0,0.0,0.0,0.0,0.0,1.0,1.0,0.0,1.0,0.0,1.0,0.0,0.0,1.0,0.0,0.0,0.0,1.0,0.0,0.0,0.0,0.0,1.0,27.424981689453148,90.28787231445312,2.204285672466669,23.58,98.31,2.257754046682011,5.215228565790677
TUBARÁ,2021,5,18,1,0.0,0.0,0.0,0.0,1.0,0.0,0.0,1.0,0.0,0.0,0.0,0.0,0.0,1.0,0.0,0.0,1.0,0.0,1.0,0.0,1.0,0.0,1.0,0.0,0.0,0.0,1.0,0.0,0.0,0.0,0.0,1.0,27.44884207589288,86.45791516985211,1.0399999959128243,23.69,99.11,2.257754046682011,5.215228565790677
TUBARÁ,2021,9,35,1,0.0,0.0,1.0,0.0,0.0,0.0,0.0,0.0,0.0,0.0,1.0,0.0,0.0,1.0,0.0,1.0,0.0,0.0,1.0,0.0,1.0,0.0,1.0,0.0,0.0,0.0,1.0,0.0,0.0,1.0,0.0,0.0,26.522413417271228,93.7583999633789,13.010000302323274,23.69,99.11,2.257754046682011,5.215228565790677
TUBARÁ,2021,11,41,2,0.5,0.5,0.0,0.0,0.0,0.0,0.0,0.5,0.0,0.0,0.0,0.0,0.5,1.0,0.0,0.5,0.5,0.0,1.0,0.0,1.0,0.0,1.0,0.0,0.0,0.0,0.0,1.0,0.0,0.0,0.0,1.0,26.684684099469884,91.91835130964007,6.5728572862488885,23.69,99.11,2.257754046682011,5.215228565790677
TUBARÁ,2021,11,43,1,0.0,0.0,0.0,0.0,1.0,0.0,0.0,0.0,0.0,0.0,0.0,0.0,1.0,1.0,0.0,0.0,1.0,0.0,1.0,1.0,0.0,0.0,1.0,0.0,0.0,0.0,0.0,1.0,0.0,0.0,0.0,1.0,26.79880676269533,92.88566262381416,5.427142875535147,23.69,99.11,2.257754046682011,5.215228565790677
TUBARÁ,2021,12,45,1,1.0,0.0,0.0,0.0,0.0,0.0,0.0,0.0,0.0,0.0,0.0,0.0,1.0,1.0,0.0,0.0,1.0,0.0,1.0,1.0,0.0,0.0,1.0,0.0,0.0,0.0,0.0,1.0,0.0,1.0,0.0,0.0,27.204021344866096,88.96582903180804,1.5642857104539871,23.69,99.11,2.257754046682011,5.215228565790677
TUBARÁ,2021,12,48,2,0.0,0.5,0.0,0.0,0.5,0.0,0.0,1.0,0.0,0.0,0.0,0.0,0.0,1.0,0.0,0.5,0.5,0.0,1.0,0.0,1.0,0.0,1.0,0.0,0.0,0.0,0.5,0.5,0.0,0.0,0.0,1.0,26.868040248325915,88.99606105259487,3.910000009196145,23.69,99.11,2.257754046682011,5.215228565790677
TUBARÁ,2021,13,51,1,1.0,0.0,0.0,0.0,0.0,0.0,0.0,0.0,0.0,0.0,0.0,0.0,1.0,1.0,0.0,0.0,1.0,0.0,1.0,1.0,0.0,0.0,1.0,0.0,0.0,0.0,1.0,0.0,0.0,0.0,0.0,1.0,26.724230521065863,88.88865334647042,0.8871428591332265,23.69,99.11,2.257754046682011,5.215228565790677
TUBARÁ,2022,1,2,1,0.0,0.0,0.0,0.0,1.0,0.0,0.0,0.0,0.0,0.0,0.0,0.0,1.0,1.0,0.0,0.0,1.0,0.0,1.0,0.0,1.0,0.0,1.0,0.0,0.0,0.0,1.0,0.0,0.0,0.0,0.0,1.0,26.28954903738841,85.69696153913226,1.008571428379842,23.14,97.19,2.257754046682011,5.215228565790677
TUBARÁ,2022,2,8,1,0.0,0.0,0.0,0.0,1.0,0.0,0.0,1.0,0.0,0.0,0.0,0.0,0.0,1.0,0.0,1.0,0.0,0.0,1.0,1.0,0.0,0.0,1.0,0.0,0.0,0.0,1.0,0.0,0.0,1.0,0.0,0.0,26.704145595005603,81.9776131766183,0.0042857141899211,23.14,97.19,2.257754046682011,5.215228565790677
TUBARÁ,2022,3,12,1,1.0,0.0,0.0,0.0,0.0,0.0,0.0,0.0,0.0,0.0,0.0,0.0,1.0,0.0,1.0,0.0,1.0,0.0,1.0,0.0,1.0,0.0,1.0,0.0,0.0,0.0,1.0,0.0,0.0,0.0,0.0,1.0,27.40347115652904,82.39229256766183,0.4285714285714285,23.14,97.19,2.257754046682011,5.215228565790677
TUBARÁ,2022,4,14,1,1.0,0.0,0.0,0.0,0.0,0.0,0.0,0.0,0.0,0.0,0.0,0.0,1.0,1.0,0.0,0.0,1.0,0.0,1.0,1.0,0.0,0.0,1.0,0.0,0.0,0.0,1.0,0.0,0.0,0.0,0.0,1.0,27.743944876534616,86.0814950125558,0.9257142809884888,23.14,97.19,2.257754046682011,5.215228565790677
TUBARÁ,2022,5,20,1,1.0,0.0,0.0,0.0,0.0,0.0,0.0,0.0,0.0,0.0,0.0,0.0,1.0,1.0,0.0,0.0,1.0,0.0,1.0,1.0,0.0,0.0,1.0,0.0,0.0,0.0,1.0,0.0,0.0,0.0,0.0,1.0,27.511067417689752,90.84557342529295,5.628571510314941,23.14,97.19,2.257754046682011,5.215228565790677
TUBARÁ,2022,7,25,1,1.0,0.0,0.0,0.0,0.0,0.0,0.0,1.0,0.0,0.0,0.0,0.0,0.0,1.0,0.0,0.0,1.0,0.0,1.0,0.0,1.0,0.0,1.0,0.0,0.0,0.0,1.0,0.0,0.0,1.0,0.0,0.0,26.63332955496653,91.25000544956752,8.874285561697823,23.14,97.19,2.257754046682011,5.215228565790677
TUBARÁ,2022,7,27,3,0.6666666666666666,0.0,0.0,0.0,0.3333333333333333,0.0,0.0,0.6666666666666666,0.0,0.0,0.0,0.0,0.3333333333333333,1.0,0.0,0.6666666666666666,0.3333333333333333,0.0,1.0,0.6666666666666666,0.3333333333333333,0.0,1.0,0.0,0.0,0.0,1.0,0.0,0.0,0.0,0.0,1.0,27.60149754115516,91.24595206124442,4.415714280945914,23.14,97.19,2.257754046682011,5.215228565790677
TUBARÁ,2022,7,28,2,1.0,0.0,0.0,0.0,0.0,0.0,0.0,0.5,0.0,0.0,0.0,0.0,0.5,1.0,0.0,0.5,0.5,0.0,1.0,0.5,0.5,0.0,1.0,0.0,0.0,0.0,0.5,0.5,0.0,0.5,0.0,0.5,27.115256609235505,92.52214922223772,4.792857236095837,23.14,97.19,2.257754046682011,5.215228565790677
TUBARÁ,2022,10,40,1,1.0,0.0,0.0,0.0,0.0,0.0,0.0,0.0,0.0,0.0,0.0,0.0,1.0,1.0,0.0,0.0,1.0,0.0,1.0,1.0,0.0,0.0,1.0,0.0,0.0,0.0,1.0,0.0,0.0,0.0,0.0,1.0,26.594188581194214,92.6050033569336,6.217142804924931,23.14,97.19,2.257754046682011,5.215228565790677
TUBARÁ,2022,11,41,1,1.0,0.0,0.0,0.0,0.0,0.0,0.0,0.0,0.0,0.0,0.0,0.0,1.0,1.0,0.0,0.0,1.0,0.0,1.0,1.0,0.0,0.0,1.0,0.0,0.0,0.0,1.0,0.0,0.0,1.0,0.0,0.0,26.499063110351585,93.26246098109654,6.758571518318994,23.14,97.19,2.257754046682011,5.215228565790677
TUBARÁ,2022,11,43,2,0.5,0.0,0.0,0.0,0.5,0.0,0.0,1.0,0.0,0.0,0.0,0.0,0.0,1.0,0.0,1.0,0.0,0.0,1.0,0.0,1.0,0.0,1.0,0.0,0.0,0.0,1.0,0.0,0.0,0.5,0.0,0.5,26.457169015066988,92.9678442818778,7.158571524279458,23.14,97.19,2.257754046682011,5.215228565790677
TUBARÁ,2022,11,44,4,0.25,0.5,0.0,0.0,0.25,0.0,0.0,0.75,0.0,0.0,0.0,0.0,0.25,0.75,0.25,0.0,1.0,0.0,1.0,0.25,0.75,0.0,1.0,0.0,0.0,0.0,1.0,0.0,0.0,0.25,0.0,0.75,26.595620727539075,90.56819479806084,6.4914286604949405,23.14,97.19,2.257754046682011,5.215228565790677
TUBARÁ,2022,12,45,4,0.25,0.5,0.0,0.0,0.25,0.0,0.0,0.0,0.0,0.0,0.0,0.0,1.0,1.0,0.0,0.75,0.25,0.0,1.0,1.0,0.0,0.0,1.0,0.0,0.0,0.0,1.0,0.0,0.0,0.5,0.0,0.5,25.526709856305825,93.2674091884068,18.405714443751744,23.14,97.19,2.257754046682011,5.215228565790677
TUBARÁ,2022,12,46,3,0.3333333333333333,0.0,0.0,0.0,0.6666666666666666,0.0,0.0,0.6666666666666666,0.0,0.0,0.0,0.0,0.3333333333333333,1.0,0.0,0.3333333333333333,0.6666666666666666,0.0,1.0,1.0,0.0,0.0,1.0,0.0,0.0,0.0,1.0,0.0,0.0,0.3333333333333333,0.0,0.6666666666666666,26.36830836704801,92.94295392717632,22.38428595662117,23.14,97.19,2.257754046682011,5.215228565790677
TUBARÁ,2022,12,47,1,0.0,1.0,0.0,0.0,0.0,0.0,0.0,0.0,0.0,0.0,0.0,0.0,1.0,1.0,0.0,0.0,1.0,0.0,1.0,1.0,0.0,0.0,1.0,0.0,0.0,0.0,0.0,1.0,0.0,0.0,0.0,1.0,26.867822265625016,90.8368432181222,2.307142836706979,23.14,97.19,2.257754046682011,5.215228565790677
TUBARÁ,2022,12,48,1,1.0,0.0,0.0,0.0,0.0,0.0,0.0,0.0,0.0,1.0,0.0,0.0,0.0,1.0,0.0,0.0,1.0,0.0,1.0,1.0,0.0,0.0,1.0,0.0,0.0,0.0,1.0,0.0,0.0,1.0,0.0,0.0,26.6133993966239,88.40673174176898,3.52857141595866,23.14,97.19,2.257754046682011,5.215228565790677
TUBARÁ,2022,13,49,1,0.0,0.0,0.0,0.0,1.0,0.0,0.0,0.0,0.0,0.0,0.0,0.0,1.0,1.0,0.0,1.0,0.0,0.0,1.0,0.0,1.0,0.0,1.0,0.0,0.0,0.0,1.0,0.0,0.0,0.0,0.0,1.0,26.412218802315863,85.55564880371094,1.6185714304447174,23.14,97.19,2.257754046682011,5.215228565790677
TUBARÁ,2023,2,6,1,1.0,0.0,0.0,0.0,0.0,0.0,0.0,1.0,0.0,0.0,0.0,0.0,0.0,1.0,0.0,0.0,1.0,0.0,1.0,0.0,1.0,0.0,1.0,0.0,0.0,0.0,1.0,0.0,0.0,0.0,0.0,1.0,26.556490652901807,84.402585710798,0.0,23.16,96.85,2.257754046682011,5.215228565790677
TUBARÁ,2023,4,16,1,1.0,0.0,0.0,0.0,0.0,0.0,0.0,0.0,0.0,0.0,0.0,0.0,1.0,1.0,0.0,0.0,1.0,0.0,1.0,1.0,0.0,0.0,1.0,0.0,0.0,0.0,1.0,0.0,0.0,0.0,0.0,1.0,26.96608886718752,87.01804678780692,4.034285730017083,23.16,96.85,2.257754046682011,5.215228565790677
TUBARÁ,2023,7,27,1,0.0,1.0,0.0,0.0,0.0,0.0,0.0,1.0,0.0,0.0,0.0,0.0,0.0,1.0,0.0,0.0,1.0,0.0,1.0,0.0,1.0,0.0,1.0,0.0,0.0,0.0,1.0,0.0,0.0,1.0,0.0,0.0,27.382743181501134,92.79010881696428,6.9957142898014615,23.16,96.85,2.257754046682011,5.215228565790677
TUBARÁ,2023,12,48,1,1.0,0.0,0.0,0.0,0.0,0.0,0.0,0.0,0.0,0.0,0.0,0.0,1.0,1.0,0.0,0.0,1.0,0.0,1.0,1.0,0.0,0.0,1.0,0.0,0.0,0.0,0.0,1.0,0.0,1.0,0.0,0.0,27.74124843052457,87.99906485421317,1.7671428578240531,23.16,96.85,2.257754046682011,5.215228565790677
USIACURÍ,2017,4,14,1,0.0,1.0,0.0,0.0,0.0,0.0,0.0,0.0,0.0,0.0,0.0,0.0,1.0,1.0,0.0,1.0,0.0,0.0,1.0,1.0,0.0,1.0,0.0,0.0,0.0,0.0,1.0,0.0,0.0,0.0,0.0,1.0,29.03692597888768,84.85032908121744,5.830000000961481,23.39,97.53,0.849955816326732,16.59706955994731
USIACURÍ,2017,5,18,1,1.0,0.0,0.0,0.0,0.0,0.0,0.0,0.0,0.0,0.0,0.0,0.0,1.0,1.0,0.0,1.0,0.0,0.0,1.0,0.0,1.0,1.0,0.0,0.0,0.0,0.0,1.0,0.0,0.0,0.0,0.0,1.0,27.694923473539824,89.8362288702102,10.309999982515972,23.39,97.53,0.849955816326732,16.59706955994731
USIACURÍ,2017,6,21,1,0.0,0.0,1.0,0.0,0.0,0.0,0.0,0.0,0.0,0.0,0.0,0.0,1.0,1.0,0.0,1.0,0.0,0.0,1.0,1.0,0.0,1.0,0.0,0.0,0.0,0.0,1.0,0.0,0.0,0.0,0.0,1.0,27.916438947405165,90.26210348946708,9.917857141721814,23.39,97.53,0.849955816326732,16.59706955994731
USIACURÍ,2017,8,32,1,0.0,0.0,0.0,0.0,0.0,0.0,1.0,1.0,0.0,0.0,0.0,0.0,0.0,1.0,0.0,1.0,0.0,0.0,1.0,0.0,1.0,1.0,0.0,0.0,0.0,0.0,1.0,0.0,0.0,0.0,0.0,1.0,27.4119332449777,93.5861565726144,10.014999980018253,23.39,97.53,0.849955816326732,16.59706955994731
USIACURÍ,2017,9,35,3,0.6666666666666666,0.3333333333333333,0.0,0.0,0.0,0.0,0.0,0.3333333333333333,0.0,0.0,0.0,0.0,0.6666666666666666,1.0,0.0,1.0,0.0,0.0,1.0,1.0,0.0,1.0,0.0,0.0,0.0,0.0,1.0,0.0,0.0,0.0,0.0,1.0,27.3322206043062,93.39617156982422,5.756428676701728,23.39,97.53,0.849955816326732,16.59706955994731
USIACURÍ,2017,10,39,1,0.0,1.0,0.0,0.0,0.0,0.0,0.0,0.0,0.0,0.0,0.0,0.0,1.0,1.0,0.0,1.0,0.0,0.0,1.0,1.0,0.0,1.0,0.0,0.0,0.0,0.0,1.0,0.0,0.0,0.0,0.0,1.0,26.882031104678223,94.283695039295,12.16142871833983,23.39,97.53,0.849955816326732,16.59706955994731
USIACURÍ,2017,10,40,1,1.0,0.0,0.0,0.0,0.0,0.0,0.0,0.0,0.0,0.0,0.0,0.0,1.0,1.0,0.0,1.0,0.0,0.0,1.0,1.0,0.0,1.0,0.0,0.0,0.0,0.0,0.0,0.0,1.0,0.0,0.0,1.0,26.528449358258943,94.23590741838728,8.417857141721816,23.39,97.53,0.849955816326732,16.59706955994731
USIACURÍ,2017,11,44,2,0.5,0.5,0.0,0.0,0.0,0.0,0.0,0.0,0.0,0.0,0.0,0.0,1.0,1.0,0.0,1.0,0.0,0.0,1.0,1.0,0.0,1.0,0.0,0.0,0.0,0.0,1.0,0.0,0.0,0.0,0.0,1.0,26.869281296503,91.28238605317615,3.6242857227722807,23.39,97.53,0.849955816326732,16.59706955994731
USIACURÍ,2017,12,48,1,1.0,0.0,0.0,0.0,0.0,0.0,0.0,0.0,0.0,0.0,0.0,0.0,1.0,1.0,0.0,1.0,0.0,0.0,1.0,0.0,1.0,1.0,0.0,0.0,0.0,0.0,1.0,0.0,0.0,0.0,0.0,1.0,27.327334158761182,93.36681220644996,16.470000110921408,23.39,97.53,0.849955816326732,16.59706955994731
USIACURÍ,2018,1,1,1,1.0,0.0,0.0,0.0,0.0,0.0,0.0,0.0,0.0,0.0,0.0,0.0,1.0,1.0,0.0,1.0,0.0,0.0,1.0,0.0,1.0,1.0,0.0,0.0,0.0,0.0,1.0,0.0,0.0,0.0,0.0,1.0,26.50174865722659,93.18192254929316,3.969285603080477,23.52,98.07,0.849955816326732,16.59706955994731
USIACURÍ,2018,6,24,1,0.0,1.0,0.0,0.0,0.0,0.0,0.0,0.0,0.0,0.0,0.0,0.0,1.0,1.0,0.0,1.0,0.0,0.0,1.0,0.0,1.0,1.0,0.0,0.0,0.0,0.0,0.0,0.0,1.0,0.0,0.0,1.0,27.513569132487014,91.9285132998512,7.177857085530247,23.52,98.07,0.849955816326732,16.59706955994731
USIACURÍ,2018,7,27,3,0.0,0.3333333333333333,0.0,0.0,0.0,0.3333333333333333,0.3333333333333333,0.3333333333333333,0.0,0.0,0.0,0.0,0.6666666666666666,1.0,0.0,1.0,0.0,0.0,1.0,0.6666666666666666,0.3333333333333333,1.0,0.0,0.0,0.0,0.0,1.0,0.0,0.0,0.0,0.0,1.0,27.6904257638114,89.81810469854445,1.9071428945199365,23.52,98.07,0.849955816326732,16.59706955994731
USIACURÍ,2018,7,28,1,0.0,0.0,0.0,0.0,1.0,0.0,0.0,0.0,0.0,0.0,0.0,0.0,1.0,1.0,0.0,1.0,0.0,0.0,1.0,0.0,1.0,1.0,0.0,0.0,0.0,0.0,1.0,0.0,0.0,0.0,0.0,1.0,28.37540661039809,87.73076629638672,1.1421428384880223,23.52,98.07,0.849955816326732,16.59706955994731
USIACURÍ,2018,8,31,2,0.0,0.5,0.0,0.0,0.0,0.0,0.5,0.0,0.0,0.0,0.0,0.0,1.0,1.0,0.0,1.0,0.0,0.0,1.0,1.0,0.0,1.0,0.0,0.0,0.0,0.0,1.0,0.0,0.0,0.0,0.0,1.0,27.018468656994067,93.90616752987818,7.074999905767895,23.52,98.07,0.849955816326732,16.59706955994731
USIACURÍ,2018,8,32,3,0.6666666666666666,0.0,0.0,0.0,0.0,0.0,0.3333333333333333,0.0,0.0,0.0,0.0,0.0,1.0,1.0,0.0,1.0,0.0,0.0,1.0,0.6666666666666666,0.3333333333333333,1.0,0.0,0.0,0.0,0.0,1.0,0.0,0.0,0.0,0.0,1.0,28.409337797619067,88.75392296200707,0.2414285667418014,23.52,98.07,0.849955816326732,16.59706955994731
USIACURÍ,2018,11,41,2,0.0,0.5,0.5,0.0,0.0,0.0,0.0,0.0,0.0,0.0,0.0,0.0,1.0,1.0,0.0,1.0,0.0,0.0,1.0,1.0,0.0,1.0,0.0,0.0,0.0,0.0,1.0,0.0,0.0,0.0,0.0,1.0,26.33811703636535,92.57356734502883,7.002857262179965,23.52,98.07,0.849955816326732,16.59706955994731
USIACURÍ,2018,12,45,3,0.3333333333333333,0.3333333333333333,0.0,0.0,0.3333333333333333,0.0,0.0,0.6666666666666666,0.0,0.0,0.0,0.0,0.3333333333333333,1.0,0.0,1.0,0.0,0.0,1.0,0.6666666666666666,0.3333333333333333,1.0,0.0,0.0,0.0,0.0,1.0,0.0,0.0,0.0,0.0,1.0,27.035035342261924,92.47827511742004,2.917857108548993,23.52,98.07,0.849955816326732,16.59706955994731
USIACURÍ,2018,13,49,1,0.0,1.0,0.0,0.0,0.0,0.0,0.0,0.0,0.0,0.0,0.0,0.0,1.0,1.0,0.0,1.0,0.0,0.0,1.0,0.0,1.0,1.0,0.0,0.0,0.0,0.0,1.0,0.0,0.0,0.0,0.0,1.0,26.833578636532764,91.6395499819801,0.0621428580156394,23.52,98.07,0.849955816326732,16.59706955994731
USIACURÍ,2018,13,51,1,0.0,1.0,0.0,0.0,0.0,0.0,0.0,0.0,0.0,0.0,0.0,0.0,1.0,1.0,0.0,1.0,0.0,0.0,1.0,1.0,0.0,1.0,0.0,0.0,0.0,0.0,1.0,0.0,0.0,0.0,0.0,1.0,27.17744344075523,90.80653962634858,0.1364285753419001,23.52,98.07,0.849955816326732,16.59706955994731
USIACURÍ,2019,2,7,2,0.0,0.5,0.5,0.0,0.0,0.0,0.0,0.0,0.5,0.0,0.0,0.0,0.5,1.0,0.0,1.0,0.0,0.0,1.0,1.0,0.0,1.0,0.0,0.0,0.0,0.0,1.0,0.0,0.0,0.0,0.0,1.0,28.020870826357907,87.63743700299945,3.602857141977265,23.59,98.27,0.849955816326732,16.59706955994731
USIACURÍ,2019,7,27,1,0.0,1.0,0.0,0.0,0.0,0.0,0.0,1.0,0.0,0.0,0.0,0.0,0.0,1.0,0.0,0.0,1.0,0.0,1.0,0.0,1.0,1.0,0.0,0.0,0.0,0.0,1.0,0.0,0.0,1.0,0.0,0.0,28.667999703543558,87.31710706438336,2.612857168717753,23.59,98.27,0.849955816326732,16.59706955994731
USIACURÍ,2019,9,35,3,1.0,0.0,0.0,0.0,0.0,0.0,0.0,0.0,0.0,0.0,0.0,0.0,1.0,1.0,0.0,0.6666666666666666,0.3333333333333333,0.0,1.0,0.0,1.0,1.0,0.0,0.0,0.0,0.0,1.0,0.0,0.0,0.0,0.0,1.0,28.019719877697195,90.85895356677828,8.170000019527617,23.59,98.27,0.849955816326732,16.59706955994731
USIACURÍ,2019,12,48,1,0.0,1.0,0.0,0.0,0.0,0.0,0.0,0.0,0.0,0.0,0.0,0.0,1.0,0.0,1.0,0.0,1.0,1.0,0.0,1.0,0.0,1.0,0.0,0.0,0.0,0.0,1.0,0.0,0.0,0.0,0.0,1.0,27.57195361909415,89.94980076381138,8.54285713178771,23.59,98.27,0.849955816326732,16.59706955994731
USIACURÍ,2020,2,6,1,1.0,0.0,0.0,0.0,0.0,0.0,0.0,0.0,0.0,0.0,0.0,0.0,1.0,1.0,0.0,1.0,0.0,0.0,1.0,0.0,1.0,1.0,0.0,0.0,0.0,0.0,1.0,0.0,0.0,0.0,0.0,1.0,28.0751427060082,85.15181332542782,0.0,23.61,98.45,0.849955816326732,16.59706955994731
USIACURÍ,2020,10,40,1,0.0,0.0,0.0,0.0,1.0,0.0,0.0,1.0,0.0,0.0,0.0,0.0,0.0,1.0,0.0,0.0,1.0,0.0,1.0,1.0,0.0,1.0,0.0,0.0,0.0,0.0,1.0,0.0,0.0,0.0,0.0,1.0,25.96990647088916,92.79631042480467,10.987857211203805,23.61,98.45,0.849955816326732,16.59706955994731
USIACURÍ,2021,13,49,2,0.0,0.5,0.0,0.0,0.5,0.0,0.0,0.5,0.0,0.5,0.0,0.0,0.0,1.0,0.0,0.0,1.0,0.0,1.0,0.5,0.5,1.0,0.0,0.0,0.0,0.0,1.0,0.0,0.0,0.5,0.0,0.5,27.194600132533505,90.15584237234933,3.7857142857142856,23.76,99.23,0.849955816326732,16.59706955994731
USIACURÍ,2022,1,4,1,0.0,1.0,0.0,0.0,0.0,0.0,0.0,0.0,0.0,0.0,0.0,0.0,1.0,1.0,0.0,1.0,0.0,0.0,1.0,0.0,1.0,1.0,0.0,0.0,0.0,0.0,1.0,0.0,0.0,0.0,0.0,1.0,27.049565342494446,87.39368039085753,16.35714308420817,23.66,98.74,0.849955816326732,16.59706955994731
USIACURÍ,2022,5,17,2,0.5,0.5,0.0,0.0,0.0,0.0,0.0,0.5,0.0,0.0,0.0,0.0,0.5,1.0,0.0,0.5,0.5,0.0,1.0,1.0,0.0,1.0,0.0,0.0,0.0,0.0,1.0,0.0,0.0,0.0,0.0,1.0,27.36675342378164,89.9637930733817,8.359999895095825,23.66,98.74,0.849955816326732,16.59706955994731
USIACURÍ,2022,7,25,1,1.0,0.0,0.0,0.0,0.0,0.0,0.0,0.0,0.0,0.0,0.0,0.0,1.0,1.0,0.0,1.0,0.0,0.0,1.0,1.0,0.0,1.0,0.0,0.0,0.0,0.0,1.0,0.0,0.0,0.0,0.0,1.0,26.760848708379864,93.09075964064824,13.507857254573278,23.66,98.74,0.849955816326732,16.59706955994731
USIACURÍ,2022,11,41,1,1.0,0.0,0.0,0.0,0.0,0.0,0.0,1.0,0.0,0.0,0.0,0.0,0.0,1.0,0.0,0.0,1.0,0.0,1.0,1.0,0.0,1.0,0.0,0.0,0.0,0.0,1.0,0.0,0.0,1.0,0.0,0.0,26.52735217866446,94.24231284005302,9.163571369080318,23.66,98.74,0.849955816326732,16.59706955994731
USIACURÍ,2022,11,42,1,1.0,0.0,0.0,0.0,0.0,0.0,0.0,0.0,0.0,0.0,0.0,0.0,1.0,1.0,0.0,0.0,1.0,0.0,1.0,0.0,1.0,1.0,0.0,0.0,0.0,0.0,1.0,0.0,0.0,0.0,0.0,1.0,26.661405000232534,94.40741766066778,9.986428590047929,23.66,98.74,0.849955816326732,16.59706955994731
USIACURÍ,2022,12,48,1,0.0,1.0,0.0,0.0,0.0,0.0,0.0,0.0,0.0,0.0,0.0,0.0,1.0,1.0,0.0,0.0,1.0,0.0,1.0,0.0,1.0,1.0,0.0,0.0,0.0,0.0,1.0,0.0,0.0,0.0,0.0,1.0,26.199560692196822,93.03903997512091,6.41785708353633,23.66,98.74,0.849955816326732,16.59706955994731
USIACURÍ,2022,13,50,1,0.0,0.0,0.0,0.0,1.0,0.0,0.0,0.0,0.0,0.0,0.0,0.0,1.0,1.0,0.0,1.0,0.0,0.0,1.0,1.0,0.0,1.0,0.0,0.0,0.0,0.0,1.0,0.0,0.0,0.0,0.0,1.0,26.43193824404765,91.6655008225214,7.107857366048155,23.66,98.74,0.849955816326732,16.59706955994731
USIACURÍ,2022,13,51,1,0.0,0.0,0.0,0.0,0.0,0.0,1.0,0.0,0.0,0.0,0.0,0.0,1.0,1.0,0.0,0.0,1.0,0.0,1.0,0.0,1.0,1.0,0.0,0.0,0.0,0.0,1.0,0.0,0.0,0.0,0.0,1.0,27.025192696707613,88.81702277773903,2.571428571428572,23.66,98.74,0.849955816326732,16.59706955994731
USIACURÍ,2023,1,4,1,0.0,1.0,0.0,0.0,0.0,0.0,0.0,1.0,0.0,0.0,0.0,0.0,0.0,1.0,0.0,0.0,1.0,0.0,1.0,1.0,0.0,1.0,0.0,0.0,0.0,0.0,1.0,0.0,0.0,0.0,0.0,1.0,27.542502702985512,83.20701926095145,0.0,23.46,97.93,0.849955816326732,16.59706955994731
USIACURÍ,2023,4,16,2,1.0,0.0,0.0,0.0,0.0,0.0,0.0,0.0,0.0,0.0,0.0,0.0,1.0,1.0,0.0,0.0,1.0,0.0,1.0,0.5,0.5,1.0,0.0,0.0,0.0,0.0,1.0,0.0,0.0,0.0,0.0,1.0,27.11912870861238,88.03593299502418,11.47642858574788,23.46,97.93,0.849955816326732,16.59706955994731
USIACURÍ,2023,5,17,1,1.0,0.0,0.0,0.0,0.0,0.0,0.0,0.0,0.0,0.0,0.0,0.0,1.0,1.0,0.0,0.0,1.0,0.0,1.0,1.0,0.0,1.0,0.0,0.0,0.0,0.0,1.0,0.0,0.0,0.0,0.0,1.0,27.736986868722123,89.67280905587333,4.3907142749854495,23.46,97.93,0.849955816326732,16.59706955994731
USIACURÍ,2023,5,18,4,0.5,0.25,0.0,0.0,0.25,0.0,0.0,0.25,0.0,0.0,0.0,0.0,0.75,1.0,0.0,0.75,0.25,0.0,1.0,0.5,0.5,1.0,0.0,0.0,0.0,0.0,1.0,0.0,0.0,0.0,0.5,0.5,28.14116385323664,88.56570216587612,6.836428443590799,23.46,97.93,0.849955816326732,16.59706955994731
USIACURÍ,2023,6,21,1,1.0,0.0,0.0,0.0,0.0,0.0,0.0,0.0,0.0,0.0,0.0,0.0,1.0,1.0,0.0,0.0,1.0,0.0,1.0,1.0,0.0,1.0,0.0,0.0,0.0,0.0,1.0,0.0,0.0,0.0,0.0,1.0,27.725566028413343,91.01514616466704,8.979285538196564,23.46,97.93,0.849955816326732,16.59706955994731
USIACURÍ,2023,6,22,3,1.0,0.0,0.0,0.0,0.0,0.0,0.0,0.6666666666666666,0.0,0.3333333333333333,0.0,0.0,0.0,1.0,0.0,0.3333333333333333,0.6666666666666666,0.0,1.0,0.0,1.0,1.0,0.0,0.0,0.0,0.0,1.0,0.0,0.0,0.3333333333333333,0.0,0.6666666666666666,27.743443516322564,91.7849393572126,23.28785716316529,23.46,97.93,0.849955816326732,16.59706955994731
USIACURÍ,2023,6,23,1,1.0,0.0,0.0,0.0,0.0,0.0,0.0,0.0,0.0,0.0,0.0,0.0,1.0,1.0,0.0,0.0,1.0,0.0,1.0,1.0,0.0,1.0,0.0,0.0,0.0,0.0,1.0,0.0,0.0,0.0,0.0,1.0,27.547952270507835,91.24423544747488,10.123571622939338,23.46,97.93,0.849955816326732,16.59706955994731
USIACURÍ,2023,6,24,2,0.5,0.5,0.0,0.0,0.0,0.0,0.0,0.0,0.0,0.0,0.0,0.0,1.0,1.0,0.0,0.0,1.0,0.0,1.0,0.5,0.5,1.0,0.0,0.0,0.0,0.0,1.0,0.0,0.0,0.0,0.0,1.0,28.45749816894533,91.4085958571661,5.412857101077125,23.46,97.93,0.849955816326732,16.59706955994731
USIACURÍ,2023,7,25,4,0.75,0.0,0.0,0.0,0.0,0.0,0.25,0.25,0.0,0.0,0.0,0.0,0.75,1.0,0.0,0.25,0.75,0.0,1.0,0.0,1.0,1.0,0.0,0.0,0.0,0.0,1.0,0.0,0.0,0.0,0.25,0.75,28.75072195870538,91.15411413283574,9.34428571945145,23.46,97.93,0.849955816326732,16.59706955994731
USIACURÍ,2023,7,26,10,0.7,0.1,0.0,0.0,0.1,0.0,0.1,0.2,0.0,0.0,0.0,0.0,0.8,1.0,0.0,0.2,0.8,0.0,1.0,0.3,0.7,1.0,0.0,0.0,0.0,0.0,1.0,0.0,0.0,0.0,0.0,1.0,28.108636474609398,91.49788738432385,15.62642850904238,23.46,97.93,0.849955816326732,16.59706955994731
USIACURÍ,2023,7,27,16,0.625,0.125,0.0,0.0,0.125,0.0,0.125,0.1875,0.0,0.125,0.0,0.0,0.6875,1.0,0.0,0.375,0.625,0.0,1.0,0.375,0.625,1.0,0.0,0.0,0.0,0.0,1.0,0.0,0.0,0.0,0.0,1.0,27.385780407133584,93.15698750813804,10.024285759244648,23.46,97.93,0.849955816326732,16.59706955994731
USIACURÍ,2023,7,28,16,0.4375,0.3125,0.0,0.0,0.125,0.0,0.125,0.25,0.0,0.0,0.0,0.0,0.75,1.0,0.0,0.4375,0.5625,0.0,1.0,0.5,0.5,1.0,0.0,0.0,0.0,0.0,1.0,0.0,0.0,0.0,0.0,1.0,28.282354881649947,90.7734585716611,2.367142846186956,23.46,97.93,0.849955816326732,16.59706955994731
USIACURÍ,2023,8,29,32,0.4375,0.15625,0.03125,0.0,0.25,0.0,0.125,0.125,0.0,0.03125,0.0,0.0,0.84375,1.0,0.0,0.625,0.375,0.0,1.0,0.5,0.5,1.0,0.0,0.0,0.0,0.0,1.0,0.0,0.0,0.0625,0.0,0.9375,28.822603934151807,90.24944886707124,2.7185714201380806,23.46,97.93,0.849955816326732,16.59706955994731
USIACURÍ,2023,8,30,11,0.5454545454545454,0.0909090909090909,0.0,0.0,0.1818181818181818,0.0,0.1818181818181818,0.0909090909090909,0.0,0.0,0.0,0.0,0.9090909090909092,1.0,0.0,0.5454545454545454,0.4545454545454545,0.0,1.0,0.5454545454545454,0.4545454545454545,1.0,0.0,0.0,0.0,0.0,1.0,0.0,0.0,0.0909090909090909,0.0,0.9090909090909092,28.491022455124657,90.05297887892951,6.293571525918586,23.46,97.93,0.849955816326732,16.59706955994731
USIACURÍ,2023,8,31,9,0.2222222222222222,0.2222222222222222,0.0,0.0,0.5555555555555556,0.0,0.0,0.2222222222222222,0.0,0.0,0.0,0.0,0.7777777777777778,1.0,0.0,0.3333333333333333,0.6666666666666666,0.0,1.0,0.4444444444444444,0.5555555555555556,1.0,0.0,0.0,0.0,0.0,1.0,0.0,0.0,0.1111111111111111,0.0,0.8888888888888888,28.9083902994792,91.1352310180664,2.722857112951932,23.46,97.93,0.849955816326732,16.59706955994731
USIACURÍ,2023,8,32,10,0.8,0.1,0.0,0.0,0.0,0.0,0.1,0.2,0.0,0.0,0.0,0.0,0.8,1.0,0.0,0.4,0.6,0.0,1.0,0.4,0.6,1.0,0.0,0.0,0.0,0.0,0.9,0.1,0.0,0.0,0.0,1.0,28.50695771716892,91.78402600969586,4.790714229146639,23.46,97.93,0.849955816326732,16.59706955994731
USIACURÍ,2023,9,33,3,0.6666666666666666,0.0,0.0,0.0,0.3333333333333333,0.0,0.0,0.0,0.0,0.0,0.0,0.0,1.0,1.0,0.0,0.3333333333333333,0.6666666666666666,0.0,1.0,0.6666666666666666,0.3333333333333333,1.0,0.0,0.0,0.0,0.0,1.0,0.0,0.0,0.0,0.0,1.0,27.95505167643232,92.9551500592913,5.353571380887713,23.46,97.93,0.849955816326732,16.59706955994731
USIACURÍ,2023,9,34,5,0.6,0.2,0.0,0.0,0.2,0.0,0.0,0.2,0.0,0.0,0.0,0.0,0.8,1.0,0.0,0.4,0.6,0.0,1.0,0.4,0.6,1.0,0.0,0.0,0.0,0.0,1.0,0.0,0.0,0.0,0.0,1.0,27.47244742257257,93.3095924740746,10.43214299423354,23.46,97.93,0.849955816326732,16.59706955994731
USIACURÍ,2023,9,35,4,0.75,0.0,0.0,0.0,0.25,0.0,0.0,0.25,0.0,0.0,0.0,0.0,0.75,1.0,0.0,0.5,0.5,0.0,1.0,0.5,0.5,1.0,0.0,0.0,0.0,0.0,1.0,0.0,0.0,0.25,0.0,0.75,28.53129839215962,92.96676708403088,5.452857284230136,23.46,97.93,0.849955816326732,16.59706955994731
USIACURÍ,2023,9,36,11,0.4545454545454545,0.0,0.0,0.0,0.5454545454545454,0.0,0.0,0.1818181818181818,0.0,0.0,0.0,0.0,0.8181818181818182,1.0,0.0,0.3636363636363636,0.6363636363636364,0.0,1.0,0.6363636363636364,0.3636363636363636,1.0,0.0,0.0,0.0,0.0,1.0,0.0,0.0,0.0,0.0,1.0,27.691748918805825,93.70790681384858,6.80428566535314,23.46,97.93,0.849955816326732,16.59706955994731
USIACURÍ,2023,10,37,3,0.3333333333333333,0.0,0.0,0.0,0.6666666666666666,0.0,0.0,0.0,0.0,0.0,0.0,0.0,1.0,1.0,0.0,0.3333333333333333,0.6666666666666666,0.0,1.0,0.3333333333333333,0.6666666666666666,1.0,0.0,0.0,0.0,0.0,1.0,0.0,0.0,0.0,0.0,1.0,27.894568016415576,93.41456349690756,3.737857182820638,23.46,97.93,0.849955816326732,16.59706955994731
USIACURÍ,2023,10,38,10,0.6,0.1,0.0,0.0,0.3,0.0,0.0,0.1,0.0,0.0,0.0,0.0,0.9,1.0,0.0,0.4,0.6,0.0,1.0,0.6,0.4,1.0,0.0,0.0,0.0,0.0,1.0,0.0,0.0,0.0,0.0,1.0,28.032395571754112,93.82398260207404,6.032142861613205,23.46,97.93,0.849955816326732,16.59706955994731
USIACURÍ,2023,10,39,10,0.4,0.0,0.1,0.0,0.4,0.0,0.1,0.1,0.0,0.0,0.0,0.0,0.9,1.0,0.0,0.3,0.7,0.0,1.0,0.4,0.6,1.0,0.0,0.0,0.0,0.0,1.0,0.0,0.0,0.2,0.0,0.8,27.896508789062523,94.8176502046131,5.97285719144912,23.46,97.93,0.849955816326732,16.59706955994731
USIACURÍ,2023,10,40,6,0.5,0.1666666666666666,0.0,0.0,0.3333333333333333,0.0,0.0,0.5,0.0,0.0,0.0,0.0,0.5,1.0,0.0,0.1666666666666666,0.8333333333333334,0.0,1.0,0.3333333333333333,0.6666666666666666,1.0,0.0,0.0,0.0,0.0,1.0,0.0,0.0,0.0,0.0,1.0,27.43418927873886,94.23531087239584,13.495714349406104,23.46,97.93,0.849955816326732,16.59706955994731
USIACURÍ,2023,11,41,7,0.5714285714285714,0.0,0.0,0.0,0.2857142857142857,0.0,0.1428571428571428,0.1428571428571428,0.0,0.0,0.0,0.0,0.8571428571428571,1.0,0.0,0.5714285714285714,0.4285714285714285,0.0,1.0,0.5714285714285714,0.4285714285714285,1.0,0.0,0.0,0.0,0.0,1.0,0.0,0.0,0.1428571428571428,0.0,0.8571428571428571,27.47233915783113,93.00887589227584,7.272142818995884,23.46,97.93,0.849955816326732,16.59706955994731
USIACURÍ,2023,11,42,5,0.2,0.2,0.0,0.0,0.6,0.0,0.0,0.2,0.0,0.0,0.0,0.0,0.8,1.0,0.0,0.6,0.4,0.0,1.0,0.4,0.6,1.0,0.0,0.0,0.0,0.0,1.0,0.0,0.0,0.0,0.0,1.0,27.5006776355562,93.38190496535528,5.637142881041482,23.46,97.93,0.849955816326732,16.59706955994731
USIACURÍ,2023,11,43,6,0.3333333333333333,0.1666666666666666,0.0,0.0,0.1666666666666666,0.0,0.3333333333333333,0.3333333333333333,0.1666666666666666,0.0,0.0,0.0,0.5,1.0,0.0,1.0,0.0,0.0,1.0,0.6666666666666666,0.3333333333333333,1.0,0.0,0.0,0.0,0.0,1.0,0.0,0.0,0.1666666666666666,0.0,0.8333333333333334,26.694576881045418,93.74414643787205,17.233571325029647,23.46,97.93,0.849955816326732,16.59706955994731
USIACURÍ,2023,11,44,6,0.3333333333333333,0.0,0.0,0.0,0.5,0.0,0.1666666666666666,0.5,0.0,0.0,0.0,0.0,0.5,1.0,0.0,0.8333333333333334,0.1666666666666666,0.0,1.0,0.3333333333333333,0.6666666666666666,1.0,0.0,0.0,0.0,0.0,1.0,0.0,0.0,0.1666666666666666,0.0,0.8333333333333334,26.326747058686788,95.2896706717355,12.049285701342992,23.46,97.93,0.849955816326732,16.59706955994731
USIACURÍ,2023,12,45,5,0.2,0.2,0.0,0.0,0.4,0.0,0.2,0.4,0.0,0.0,0.0,0.0,0.6,1.0,0.0,0.4,0.6,0.0,1.0,0.8,0.2,1.0,0.0,0.0,0.0,0.0,1.0,0.0,0.0,0.0,0.0,1.0,27.90557541620166,93.83978126162572,3.0171428411489445,23.46,97.93,0.849955816326732,16.59706955994731
USIACURÍ,2023,12,46,4,0.5,0.0,0.0,0.0,0.5,0.0,0.0,0.5,0.0,0.0,0.0,0.0,0.5,1.0,0.0,0.5,0.5,0.0,1.0,0.75,0.25,1.0,0.0,0.0,0.0,0.0,1.0,0.0,0.0,0.5,0.0,0.5,27.340276518322195,94.1687800089518,6.510000092642648,23.46,97.93,0.849955816326732,16.59706955994731
USIACURÍ,2023,12,47,1,1.0,0.0,0.0,0.0,0.0,0.0,0.0,0.0,0.0,0.0,0.0,0.0,1.0,1.0,0.0,1.0,0.0,0.0,1.0,0.0,1.0,1.0,0.0,0.0,0.0,0.0,1.0,0.0,0.0,0.0,0.0,1.0,26.720822724841923,93.76087443033852,6.250714374440057,23.46,97.93,0.849955816326732,16.59706955994731
USIACURÍ,2023,12,48,1,0.0,0.0,0.0,0.0,1.0,0.0,0.0,0.0,0.0,0.0,0.0,0.0,1.0,1.0,0.0,1.0,0.0,0.0,1.0,1.0,0.0,1.0,0.0,0.0,0.0,0.0,1.0,0.0,0.0,0.0,0.0,1.0,27.563914417085225,91.14692942301431,3.5357143765404118,23.46,97.93,0.849955816326732,16.59706955994731
USIACURÍ,2023,13,49,1,1.0,0.0,0.0,0.0,0.0,0.0,0.0,0.0,0.0,0.0,0.0,0.0,1.0,1.0,0.0,0.0,1.0,0.0,1.0,1.0,0.0,1.0,0.0,0.0,0.0,0.0,1.0,0.0,0.0,0.0,0.0,1.0,27.463951910109767,89.67068227132162,3.2857142857142856,23.46,97.93,0.849955816326732,16.59706955994731
USIACURÍ,2023,13,50,1,1.0,0.0,0.0,0.0,0.0,0.0,0.0,0.0,0.0,0.0,0.0,0.0,1.0,1.0,0.0,1.0,0.0,0.0,1.0,1.0,0.0,1.0,0.0,0.0,0.0,0.0,1.0,0.0,0.0,0.0,0.0,1.0,27.92671828497027,88.53250957670664,2.8557142781182416,23.46,97.93,0.849955816326732,16.59706955994731
