municipio,año,periodo,semana,numcasos,ciclo_vital_adolescencia,ciclo_vital_adulto,ciclo_vital_adulto_mayor,ciclo_vital_ancianidad,ciclo_vital_infancia,ciclo_vital_menor_de_1_año,ciclo_vital_primera_infancia,regimen_salud_contributivo,regimen_salud_especial,regimen_salud_excepción,regimen_salud_indeterminado,regimen_salud_no_asegurado,regimen_salud_subsidiado,evento_clasico,evento_grave,hospitalizado_no,hospitalizado_si,desenlace_fallecido,desenlace_vivo,sexo_femenino,sexo_masculino,subregion_centro,subregion_costera,subregion_metropolitana,subregion_oriental,subregion_sur,area_cabecera_municipal,area_centro_poblado,area_rural_disperso,tipo_caso_conf_por_laboratorio,tipo_caso_conf_por_nexo,tipo_caso_probable
BARANOA,2017,6,23,1,0.0,0.0,0.0,0.0,0.0,0.0,1.0,0.0,0.0,0.0,0.0,0.0,1.0,1.0,0.0,1.0,0.0,0.0,1.0,0.0,1.0,1.0,0.0,0.0,0.0,0.0,0.0,1.0,0.0,0.0,0.0,1.0
BARANOA,2017,7,28,2,0.0,1.0,0.0,0.0,0.0,0.0,0.0,0.5,0.0,0.0,0.0,0.0,0.5,1.0,0.0,0.0,1.0,0.0,1.0,0.0,1.0,1.0,0.0,0.0,0.0,0.0,1.0,0.0,0.0,0.5,0.0,0.5
BARANOA,2017,11,43,1,0.0,1.0,0.0,0.0,0.0,0.0,0.0,0.0,0.0,0.0,0.0,0.0,1.0,1.0,0.0,0.0,1.0,0.0,1.0,1.0,0.0,1.0,0.0,0.0,0.0,0.0,1.0,0.0,0.0,1.0,0.0,0.0
BARANOA,2017,11,44,1,0.0,1.0,0.0,0.0,0.0,0.0,0.0,1.0,0.0,0.0,0.0,0.0,0.0,1.0,0.0,0.0,1.0,0.0,1.0,0.0,1.0,1.0,0.0,0.0,0.0,0.0,1.0,0.0,0.0,0.0,0.0,1.0
BARANOA,2017,12,47,1,0.0,1.0,0.0,0.0,0.0,0.0,0.0,1.0,0.0,0.0,0.0,0.0,0.0,1.0,0.0,1.0,0.0,0.0,1.0,0.0,1.0,1.0,0.0,0.0,0.0,0.0,1.0,0.0,0.0,0.0,0.0,1.0
BARANOA,2017,13,49,1,0.0,1.0,0.0,0.0,0.0,0.0,0.0,0.0,0.0,0.0,0.0,0.0,1.0,1.0,0.0,0.0,1.0,0.0,1.0,1.0,0.0,1.0,0.0,0.0,0.0,0.0,1.0,0.0,0.0,0.0,0.0,1.0
BARANOA,2018,2,7,1,1.0,0.0,0.0,0.0,0.0,0.0,0.0,1.0,0.0,0.0,0.0,0.0,0.0,1.0,0.0,1.0,0.0,0.0,1.0,1.0,0.0,1.0,0.0,0.0,0.0,0.0,1.0,0.0,0.0,1.0,0.0,0.0
BARANOA,2018,4,16,1,0.0,1.0,0.0,0.0,0.0,0.0,0.0,0.0,0.0,0.0,0.0,0.0,1.0,1.0,0.0,0.0,1.0,0.0,1.0,1.0,0.0,1.0,0.0,0.0,0.0,0.0,1.0,0.0,0.0,0.0,0.0,1.0
BARANOA,2018,5,18,1,0.0,1.0,0.0,0.0,0.0,0.0,0.0,0.0,0.0,0.0,0.0,0.0,1.0,1.0,0.0,0.0,1.0,0.0,1.0,1.0,0.0,1.0,0.0,0.0,0.0,0.0,1.0,0.0,0.0,0.0,0.0,1.0
BARANOA,2018,6,23,1,0.0,0.0,1.0,0.0,0.0,0.0,0.0,0.0,0.0,0.0,0.0,0.0,1.0,1.0,0.0,0.0,1.0,0.0,1.0,0.0,1.0,1.0,0.0,0.0,0.0,0.0,1.0,0.0,0.0,0.0,0.0,1.0
BARANOA,2018,6,24,1,0.0,0.0,1.0,0.0,0.0,0.0,0.0,1.0,0.0,0.0,0.0,0.0,0.0,1.0,0.0,0.0,1.0,0.0,1.0,0.0,1.0,1.0,0.0,0.0,0.0,0.0,1.0,0.0,0.0,0.0,0.0,1.0
BARANOA,2018,7,26,1,0.0,0.0,0.0,0.0,1.0,0.0,0.0,0.0,0.0,0.0,0.0,0.0,1.0,1.0,0.0,0.0,1.0,0.0,1.0,0.0,1.0,1.0,0.0,0.0,0.0,0.0,1.0,0.0,0.0,0.0,0.0,1.0
BARANOA,2018,7,27,2,0.0,0.0,0.5,0.0,0.5,0.0,0.0,0.0,0.0,0.0,0.0,0.5,0.5,1.0,0.0,0.5,0.5,0.0,1.0,0.5,0.5,1.0,0.0,0.0,0.0,0.0,1.0,0.0,0.0,0.0,0.0,1.0
BARANOA,2018,8,29,3,0.3333333333333333,0.0,0.0,0.0,0.6666666666666666,0.0,0.0,0.0,0.0,0.0,0.0,0.0,1.0,0.6666666666666666,0.3333333333333333,0.3333333333333333,0.6666666666666666,0.0,1.0,0.3333333333333333,0.6666666666666666,1.0,0.0,0.0,0.0,0.0,1.0,0.0,0.0,0.3333333333333333,0.0,0.6666666666666666
BARANOA,2018,8,30,1,0.0,0.0,0.0,0.0,1.0,0.0,0.0,1.0,0.0,0.0,0.0,0.0,0.0,1.0,0.0,1.0,0.0,0.0,1.0,1.0,0.0,1.0,0.0,0.0,0.0,0.0,1.0,0.0,0.0,0.0,0.0,1.0
BARANOA,2018,8,31,1,1.0,0.0,0.0,0.0,0.0,0.0,0.0,0.0,0.0,0.0,0.0,0.0,1.0,1.0,0.0,0.0,1.0,0.0,1.0,0.0,1.0,1.0,0.0,0.0,0.0,0.0,1.0,0.0,0.0,1.0,0.0,0.0
BARANOA,2018,8,32,2,0.0,0.0,0.0,0.0,0.5,0.0,0.5,1.0,0.0,0.0,0.0,0.0,0.0,1.0,0.0,0.5,0.5,0.0,1.0,1.0,0.0,1.0,0.0,0.0,0.0,0.0,1.0,0.0,0.0,0.5,0.0,0.5
BARANOA,2018,9,34,2,0.5,0.5,0.0,0.0,0.0,0.0,0.0,0.0,0.0,0.0,0.0,0.0,1.0,0.5,0.5,0.5,0.5,0.5,0.5,0.0,1.0,1.0,0.0,0.0,0.0,0.0,1.0,0.0,0.0,0.5,0.0,0.5
BARANOA,2018,9,35,4,0.5,0.0,0.0,0.0,0.25,0.0,0.25,0.0,0.25,0.0,0.0,0.0,0.75,1.0,0.0,0.25,0.75,0.0,1.0,0.5,0.5,1.0,0.0,0.0,0.0,0.0,1.0,0.0,0.0,0.5,0.0,0.5
BARANOA,2018,9,36,5,0.2,0.0,0.0,0.0,0.8,0.0,0.0,0.2,0.0,0.0,0.0,0.0,0.8,1.0,0.0,0.2,0.8,0.0,1.0,0.4,0.6,1.0,0.0,0.0,0.0,0.0,1.0,0.0,0.0,0.4,0.0,0.6
BARANOA,2018,10,37,5,0.4,0.0,0.0,0.0,0.6,0.0,0.0,0.4,0.2,0.0,0.0,0.0,0.4,1.0,0.0,0.0,1.0,0.0,1.0,0.6,0.4,1.0,0.0,0.0,0.0,0.0,1.0,0.0,0.0,0.4,0.0,0.6
BARANOA,2018,10,38,5,0.6,0.0,0.0,0.0,0.2,0.0,0.2,0.6,0.0,0.0,0.0,0.0,0.4,1.0,0.0,0.0,1.0,0.0,1.0,0.6,0.4,1.0,0.0,0.0,0.0,0.0,1.0,0.0,0.0,0.4,0.0,0.6
BARANOA,2018,10,39,12,0.4166666666666667,0.08333333333333333,0.0,0.0,0.3333333333333333,0.0,0.16666666666666666,0.5,0.0,0.0,0.0,0.0,0.5,0.9166666666666666,0.08333333333333333,0.16666666666666666,0.8333333333333334,0.0,1.0,0.8333333333333334,0.16666666666666666,1.0,0.0,0.0,0.0,0.0,1.0,0.0,0.0,0.3333333333333333,0.0,0.6666666666666666
BARANOA,2018,10,40,10,0.5,0.2,0.0,0.0,0.1,0.0,0.2,0.4,0.0,0.0,0.0,0.0,0.6,0.9,0.1,0.3,0.7,0.0,1.0,0.5,0.5,1.0,0.0,0.0,0.0,0.0,1.0,0.0,0.0,0.3,0.0,0.7
BARANOA,2018,11,41,9,0.7777777777777778,0.1111111111111111,0.0,0.0,0.1111111111111111,0.0,0.0,0.3333333333333333,0.0,0.0,0.0,0.0,0.6666666666666666,1.0,0.0,0.3333333333333333,0.6666666666666666,0.0,1.0,0.4444444444444444,0.5555555555555556,1.0,0.0,0.0,0.0,0.0,1.0,0.0,0.0,0.1111111111111111,0.1111111111111111,0.7777777777777778
BARANOA,2018,11,42,4,0.5,0.0,0.0,0.0,0.0,0.0,0.5,0.5,0.0,0.0,0.0,0.0,0.5,1.0,0.0,0.25,0.75,0.0,1.0,0.5,0.5,1.0,0.0,0.0,0.0,0.0,1.0,0.0,0.0,0.25,0.0,0.75
BARANOA,2018,11,43,5,0.6,0.0,0.0,0.0,0.2,0.0,0.2,0.2,0.0,0.0,0.0,0.0,0.8,1.0,0.0,0.2,0.8,0.0,1.0,0.4,0.6,1.0,0.0,0.0,0.0,0.0,1.0,0.0,0.0,0.0,0.0,1.0
BARANOA,2018,11,44,6,0.6666666666666666,0.16666666666666666,0.0,0.0,0.16666666666666666,0.0,0.0,0.6666666666666666,0.0,0.0,0.0,0.0,0.3333333333333333,1.0,0.0,0.16666666666666666,0.8333333333333334,0.0,1.0,0.8333333333333334,0.16666666666666666,1.0,0.0,0.0,0.0,0.0,1.0,0.0,0.0,0.16666666666666666,0.0,0.8333333333333334
BARANOA,2018,12,45,8,0.625,0.25,0.0,0.0,0.125,0.0,0.0,0.75,0.0,0.0,0.0,0.0,0.25,1.0,0.0,0.0,1.0,0.0,1.0,0.375,0.625,1.0,0.0,0.0,0.0,0.0,1.0,0.0,0.0,0.5,0.0,0.5
BARANOA,2018,12,46,2,0.5,0.5,0.0,0.0,0.0,0.0,0.0,0.0,0.0,0.0,0.0,0.0,1.0,1.0,0.0,0.0,1.0,0.0,1.0,1.0,0.0,1.0,0.0,0.0,0.0,0.0,1.0,0.0,0.0,0.0,0.0,1.0
BARANOA,2018,12,47,8,0.5,0.0,0.0,0.0,0.375,0.0,0.125,0.375,0.125,0.0,0.0,0.0,0.5,1.0,0.0,0.25,0.75,0.0,1.0,0.125,0.875,1.0,0.0,0.0,0.0,0.0,1.0,0.0,0.0,0.25,0.0,0.75
BARANOA,2018,12,48,8,0.5,0.375,0.0,0.0,0.125,0.0,0.0,0.625,0.0,0.0,0.0,0.0,0.375,1.0,0.0,0.5,0.5,0.0,1.0,0.25,0.75,1.0,0.0,0.0,0.0,0.0,1.0,0.0,0.0,0.125,0.0,0.875
BARANOA,2018,13,49,12,0.5833333333333334,0.16666666666666666,0.0,0.0,0.08333333333333333,0.0,0.16666666666666666,0.5,0.0,0.0,0.0,0.0,0.5,1.0,0.0,0.3333333333333333,0.6666666666666666,0.0,1.0,0.4166666666666667,0.5833333333333334,1.0,0.0,0.0,0.0,0.0,1.0,0.0,0.0,0.3333333333333333,0.0,0.6666666666666666
BARANOA,2018,13,50,15,0.4,0.06666666666666667,0.0,0.0,0.3333333333333333,0.0,0.2,0.26666666666666666,0.0,0.0,0.0,0.0,0.7333333333333333,1.0,0.0,0.06666666666666667,0.9333333333333333,0.0,1.0,0.6,0.4,1.0,0.0,0.0,0.0,0.0,1.0,0.0,0.0,0.2,0.0,0.8
BARANOA,2018,13,51,12,0.5,0.0,0.0,0.0,0.5,0.0,0.0,0.25,0.0,0.0,0.0,0.0,0.75,1.0,0.0,0.08333333333333333,0.9166666666666666,0.0,1.0,0.5,0.5,1.0,0.0,0.0,0.0,0.0,0.8333333333333334,0.16666666666666666,0.0,0.25,0.0,0.75
BARANOA,2018,13,52,15,0.4,0.06666666666666667,0.0,0.0,0.3333333333333333,0.0,0.2,0.4,0.0,0.0,0.0,0.06666666666666667,0.5333333333333333,1.0,0.0,0.13333333333333333,0.8666666666666667,0.0,1.0,0.5333333333333333,0.4666666666666667,1.0,0.0,0.0,0.0,0.0,0.9333333333333333,0.0,0.06666666666666667,0.3333333333333333,0.0,0.6666666666666666
BARANOA,2019,1,1,16,0.5625,0.0625,0.0,0.0,0.3125,0.0,0.0625,0.4375,0.0,0.0,0.0,0.0,0.5625,1.0,0.0,0.0,1.0,0.0,1.0,0.6875,0.3125,1.0,0.0,0.0,0.0,0.0,0.75,0.25,0.0,0.25,0.0,0.75
BARANOA,2019,1,2,18,0.6111111111111112,0.05555555555555555,0.0,0.0,0.2777777777777778,0.0,0.05555555555555555,0.2777777777777778,0.0,0.0,0.0,0.0,0.7222222222222222,1.0,0.0,0.05555555555555555,0.9444444444444444,0.0,1.0,0.5,0.5,1.0,0.0,0.0,0.0,0.0,1.0,0.0,0.0,0.05555555555555555,0.0,0.9444444444444444
BARANOA,2019,1,3,13,0.38461538461538464,0.07692307692307693,0.0,0.0,0.38461538461538464,0.0,0.15384615384615385,0.15384615384615385,0.0,0.15384615384615385,0.0,0.0,0.6923076923076923,0.9230769230769231,0.07692307692307693,0.15384615384615385,0.8461538461538461,0.0,1.0,0.6923076923076923,0.3076923076923077,1.0,0.0,0.0,0.0,0.0,0.8461538461538461,0.15384615384615385,0.0,0.07692307692307693,0.0,0.9230769230769231
BARANOA,2019,1,4,8,0.375,0.125,0.0,0.0,0.375,0.0,0.125,0.25,0.0,0.0,0.0,0.0,0.75,1.0,0.0,0.0,1.0,0.0,1.0,0.25,0.75,1.0,0.0,0.0,0.0,0.0,1.0,0.0,0.0,0.375,0.0,0.625
BARANOA,2019,2,5,4,0.5,0.25,0.0,0.0,0.25,0.0,0.0,0.0,0.0,0.0,0.0,0.0,1.0,1.0,0.0,0.0,1.0,0.0,1.0,0.25,0.75,1.0,0.0,0.0,0.0,0.0,1.0,0.0,0.0,0.25,0.0,0.75
BARANOA,2019,2,6,5,0.4,0.0,0.0,0.0,0.4,0.0,0.2,0.2,0.0,0.0,0.0,0.0,0.8,1.0,0.0,0.0,1.0,0.0,1.0,0.8,0.2,1.0,0.0,0.0,0.0,0.0,0.8,0.2,0.0,0.2,0.0,0.8
BARANOA,2019,2,7,6,0.5,0.16666666666666666,0.0,0.0,0.3333333333333333,0.0,0.0,0.0,0.16666666666666666,0.0,0.0,0.0,0.8333333333333334,0.8333333333333334,0.16666666666666666,0.0,1.0,0.0,1.0,0.8333333333333334,0.16666666666666666,1.0,0.0,0.0,0.0,0.0,1.0,0.0,0.0,0.0,0.0,1.0
BARANOA,2019,3,9,3,0.3333333333333333,0.3333333333333333,0.0,0.0,0.0,0.3333333333333333,0.0,0.3333333333333333,0.0,0.0,0.0,0.0,0.6666666666666666,1.0,0.0,0.0,1.0,0.0,1.0,0.3333333333333333,0.6666666666666666,1.0,0.0,0.0,0.0,0.0,1.0,0.0,0.0,0.0,0.0,1.0
BARANOA,2019,3,10,6,0.5,0.0,0.0,0.0,0.5,0.0,0.0,0.16666666666666666,0.0,0.0,0.0,0.0,0.8333333333333334,1.0,0.0,0.0,1.0,0.0,1.0,0.6666666666666666,0.3333333333333333,1.0,0.0,0.0,0.0,0.0,1.0,0.0,0.0,0.0,0.0,1.0
BARANOA,2019,3,11,5,0.2,0.0,0.0,0.0,0.6,0.0,0.2,0.2,0.0,0.0,0.0,0.0,0.8,1.0,0.0,0.0,1.0,0.0,1.0,0.6,0.4,1.0,0.0,0.0,0.0,0.0,1.0,0.0,0.0,0.0,0.0,1.0
BARANOA,2019,3,12,5,0.6,0.0,0.0,0.0,0.2,0.0,0.2,0.0,0.0,0.0,0.0,0.0,1.0,1.0,0.0,0.2,0.8,0.0,1.0,0.0,1.0,1.0,0.0,0.0,0.0,0.0,1.0,0.0,0.0,0.0,0.0,1.0
BARANOA,2019,4,13,2,0.5,0.5,0.0,0.0,0.0,0.0,0.0,0.0,0.0,0.0,0.0,0.0,1.0,1.0,0.0,0.0,1.0,0.0,1.0,0.5,0.5,1.0,0.0,0.0,0.0,0.0,1.0,0.0,0.0,0.0,0.0,1.0
BARANOA,2019,5,17,1,0.0,0.0,0.0,0.0,0.0,0.0,1.0,0.0,0.0,0.0,0.0,0.0,1.0,1.0,0.0,0.0,1.0,0.0,1.0,0.0,1.0,1.0,0.0,0.0,0.0,0.0,1.0,0.0,0.0,0.0,0.0,1.0
BARANOA,2019,5,18,1,0.0,0.0,0.0,0.0,1.0,0.0,0.0,1.0,0.0,0.0,0.0,0.0,0.0,1.0,0.0,0.0,1.0,0.0,1.0,0.0,1.0,1.0,0.0,0.0,0.0,0.0,1.0,0.0,0.0,0.0,0.0,1.0
BARANOA,2019,5,19,2,0.0,0.0,0.0,0.0,0.0,0.0,1.0,0.0,0.0,0.0,0.0,0.0,1.0,1.0,0.0,0.5,0.5,0.0,1.0,0.0,1.0,1.0,0.0,0.0,0.0,0.0,1.0,0.0,0.0,0.0,0.0,1.0
BARANOA,2019,5,20,1,0.0,0.0,0.0,0.0,1.0,0.0,0.0,0.0,0.0,0.0,0.0,0.0,1.0,1.0,0.0,0.0,1.0,0.0,1.0,0.0,1.0,1.0,0.0,0.0,0.0,0.0,1.0,0.0,0.0,0.0,0.0,1.0
BARANOA,2019,6,22,1,1.0,0.0,0.0,0.0,0.0,0.0,0.0,1.0,0.0,0.0,0.0,0.0,0.0,1.0,0.0,0.0,1.0,0.0,1.0,0.0,1.0,1.0,0.0,0.0,0.0,0.0,1.0,0.0,0.0,1.0,0.0,0.0
BARANOA,2019,6,23,2,0.0,0.5,0.0,0.0,0.0,0.0,0.5,0.5,0.0,0.0,0.0,0.0,0.5,1.0,0.0,0.0,1.0,0.0,1.0,0.5,0.5,1.0,0.0,0.0,0.0,0.0,1.0,0.0,0.0,0.5,0.0,0.5
BARANOA,2019,7,25,1,1.0,0.0,0.0,0.0,0.0,0.0,0.0,0.0,0.0,0.0,0.0,0.0,1.0,1.0,0.0,0.0,1.0,0.0,1.0,0.0,1.0,1.0,0.0,0.0,0.0,0.0,1.0,0.0,0.0,1.0,0.0,0.0
BARANOA,2019,7,26,1,0.0,0.0,0.0,0.0,1.0,0.0,0.0,0.0,0.0,0.0,0.0,0.0,1.0,1.0,0.0,0.0,1.0,0.0,1.0,1.0,0.0,1.0,0.0,0.0,0.0,0.0,1.0,0.0,0.0,0.0,0.0,1.0
BARANOA,2019,7,27,1,1.0,0.0,0.0,0.0,0.0,0.0,0.0,1.0,0.0,0.0,0.0,0.0,0.0,1.0,0.0,0.0,1.0,0.0,1.0,0.0,1.0,1.0,0.0,0.0,0.0,0.0,1.0,0.0,0.0,1.0,0.0,0.0
BARANOA,2019,7,28,3,0.3333333333333333,0.0,0.0,0.0,0.6666666666666666,0.0,0.0,0.0,0.0,0.0,0.0,0.0,1.0,1.0,0.0,0.3333333333333333,0.6666666666666666,0.0,1.0,0.6666666666666666,0.3333333333333333,1.0,0.0,0.0,0.0,0.0,1.0,0.0,0.0,0.0,0.0,1.0
BARANOA,2019,8,29,3,0.0,0.3333333333333333,0.3333333333333333,0.3333333333333333,0.0,0.0,0.0,0.3333333333333333,0.0,0.0,0.0,0.0,0.6666666666666666,1.0,0.0,0.0,1.0,0.0,1.0,0.3333333333333333,0.6666666666666666,1.0,0.0,0.0,0.0,0.0,1.0,0.0,0.0,0.3333333333333333,0.0,0.6666666666666666
BARANOA,2019,8,30,2,1.0,0.0,0.0,0.0,0.0,0.0,0.0,0.0,0.0,0.0,0.0,0.0,1.0,1.0,0.0,0.0,1.0,0.0,1.0,0.5,0.5,1.0,0.0,0.0,0.0,0.0,1.0,0.0,0.0,0.0,0.0,1.0
BARANOA,2019,8,31,1,0.0,0.0,0.0,0.0,1.0,0.0,0.0,0.0,0.0,0.0,0.0,0.0,1.0,1.0,0.0,0.0,1.0,0.0,1.0,0.0,1.0,1.0,0.0,0.0,0.0,0.0,1.0,0.0,0.0,0.0,0.0,1.0
BARANOA,2019,8,32,9,0.3333333333333333,0.0,0.1111111111111111,0.0,0.5555555555555556,0.0,0.0,0.3333333333333333,0.0,0.0,0.0,0.2222222222222222,0.4444444444444444,0.8888888888888888,0.1111111111111111,0.1111111111111111,0.8888888888888888,0.0,1.0,0.5555555555555556,0.4444444444444444,1.0,0.0,0.0,0.0,0.0,1.0,0.0,0.0,0.2222222222222222,0.0,0.7777777777777778
BARANOA,2019,9,33,7,0.5714285714285714,0.14285714285714285,0.0,0.0,0.14285714285714285,0.0,0.14285714285714285,0.2857142857142857,0.0,0.0,0.0,0.0,0.7142857142857143,1.0,0.0,0.14285714285714285,0.8571428571428571,0.0,1.0,0.14285714285714285,0.8571428571428571,1.0,0.0,0.0,0.0,0.0,1.0,0.0,0.0,0.0,0.0,1.0
BARANOA,2019,9,34,7,0.5714285714285714,0.14285714285714285,0.0,0.0,0.2857142857142857,0.0,0.0,0.14285714285714285,0.0,0.0,0.0,0.0,0.8571428571428571,0.8571428571428571,0.14285714285714285,0.0,1.0,0.0,1.0,1.0,0.0,1.0,0.0,0.0,0.0,0.0,1.0,0.0,0.0,0.2857142857142857,0.0,0.7142857142857143
BARANOA,2019,9,35,4,0.75,0.0,0.0,0.0,0.0,0.0,0.25,0.25,0.0,0.0,0.0,0.0,0.75,1.0,0.0,0.0,1.0,0.0,1.0,0.5,0.5,1.0,0.0,0.0,0.0,0.0,1.0,0.0,0.0,0.25,0.0,0.75
BARANOA,2019,9,36,9,0.5555555555555556,0.1111111111111111,0.0,0.0,0.2222222222222222,0.0,0.1111111111111111,0.2222222222222222,0.0,0.0,0.0,0.0,0.7777777777777778,1.0,0.0,0.0,1.0,0.0,1.0,0.3333333333333333,0.6666666666666666,1.0,0.0,0.0,0.0,0.0,0.8888888888888888,0.1111111111111111,0.0,0.0,0.0,1.0
BARANOA,2019,10,37,11,0.36363636363636365,0.09090909090909091,0.0,0.0,0.45454545454545453,0.0,0.09090909090909091,0.18181818181818182,0.09090909090909091,0.09090909090909091,0.0,0.0,0.6363636363636364,1.0,0.0,0.0,1.0,0.0,1.0,0.36363636363636365,0.6363636363636364,1.0,0.0,0.0,0.0,0.0,0.9090909090909091,0.09090909090909091,0.0,0.0,0.0,1.0
BARANOA,2019,10,38,10,0.8,0.0,0.0,0.0,0.2,0.0,0.0,0.0,0.0,0.0,0.0,0.0,1.0,1.0,0.0,0.0,1.0,0.0,1.0,0.5,0.5,1.0,0.0,0.0,0.0,0.0,1.0,0.0,0.0,0.2,0.0,0.8
BARANOA,2019,10,39,9,0.6666666666666666,0.0,0.0,0.0,0.2222222222222222,0.0,0.1111111111111111,0.1111111111111111,0.0,0.0,0.0,0.0,0.8888888888888888,1.0,0.0,0.0,1.0,0.0,1.0,0.4444444444444444,0.5555555555555556,1.0,0.0,0.0,0.0,0.0,1.0,0.0,0.0,0.0,0.0,1.0
BARANOA,2019,10,40,12,0.75,0.0,0.08333333333333333,0.0,0.16666666666666666,0.0,0.0,0.16666666666666666,0.0,0.0,0.0,0.0,0.8333333333333334,1.0,0.0,0.08333333333333333,0.9166666666666666,0.0,1.0,0.5,0.5,1.0,0.0,0.0,0.0,0.0,0.9166666666666666,0.08333333333333333,0.0,0.08333333333333333,0.0,0.9166666666666666
BARANOA,2019,11,41,16,0.5625,0.1875,0.0,0.0,0.25,0.0,0.0,0.25,0.0,0.0,0.0,0.0,0.75,1.0,0.0,0.125,0.875,0.0,1.0,0.375,0.625,1.0,0.0,0.0,0.0,0.0,0.875,0.125,0.0,0.0,0.0,1.0
BARANOA,2019,11,42,7,0.5714285714285714,0.0,0.0,0.0,0.14285714285714285,0.0,0.2857142857142857,0.2857142857142857,0.0,0.0,0.0,0.0,0.7142857142857143,1.0,0.0,0.0,1.0,0.0,1.0,0.42857142857142855,0.5714285714285714,1.0,0.0,0.0,0.0,0.0,1.0,0.0,0.0,0.14285714285714285,0.0,0.8571428571428571
BARANOA,2019,11,43,16,0.375,0.0,0.0,0.0,0.5625,0.0,0.0625,0.4375,0.0,0.0,0.0,0.0,0.5625,0.9375,0.0625,0.0,1.0,0.0,1.0,0.4375,0.5625,1.0,0.0,0.0,0.0,0.0,0.9375,0.0625,0.0,0.1875,0.0,0.8125
BARANOA,2019,11,44,15,0.4666666666666667,0.2,0.06666666666666667,0.0,0.26666666666666666,0.0,0.0,0.26666666666666666,0.06666666666666667,0.0,0.0,0.0,0.6666666666666666,1.0,0.0,0.0,1.0,0.0,1.0,0.7333333333333333,0.26666666666666666,1.0,0.0,0.0,0.0,0.0,0.9333333333333333,0.06666666666666667,0.0,0.4666666666666667,0.0,0.5333333333333333
BARANOA,2019,12,45,13,0.46153846153846156,0.07692307692307693,0.07692307692307693,0.0,0.3076923076923077,0.0,0.07692307692307693,0.07692307692307693,0.0,0.0,0.0,0.0,0.9230769230769231,1.0,0.0,0.0,1.0,0.0,1.0,0.3076923076923077,0.6923076923076923,1.0,0.0,0.0,0.0,0.0,0.8461538461538461,0.15384615384615385,0.0,0.15384615384615385,0.0,0.8461538461538461
BARANOA,2019,12,46,8,0.5,0.25,0.0,0.0,0.125,0.0,0.125,0.25,0.0,0.0,0.0,0.0,0.75,1.0,0.0,0.125,0.875,0.0,1.0,0.5,0.5,1.0,0.0,0.0,0.0,0.0,0.875,0.125,0.0,0.125,0.0,0.875
BARANOA,2019,12,47,22,0.45454545454545453,0.045454545454545456,0.045454545454545456,0.0,0.4090909090909091,0.0,0.045454545454545456,0.2727272727272727,0.0,0.0,0.0,0.045454545454545456,0.6818181818181818,0.9545454545454546,0.045454545454545456,0.045454545454545456,0.9545454545454546,0.0,1.0,0.45454545454545453,0.5454545454545454,1.0,0.0,0.0,0.0,0.0,1.0,0.0,0.0,0.0,0.0,1.0
BARANOA,2019,12,48,24,0.6666666666666666,0.08333333333333333,0.0,0.0,0.16666666666666666,0.0,0.08333333333333333,0.2916666666666667,0.0,0.0,0.0,0.041666666666666664,0.6666666666666666,0.9583333333333334,0.041666666666666664,0.041666666666666664,0.9583333333333334,0.0,1.0,0.375,0.625,1.0,0.0,0.0,0.0,0.0,1.0,0.0,0.0,0.16666666666666666,0.0,0.8333333333333334
BARANOA,2019,13,49,22,0.7272727272727273,0.0,0.0,0.0,0.18181818181818182,0.0,0.09090909090909091,0.2727272727272727,0.045454545454545456,0.0,0.0,0.0,0.6818181818181818,1.0,0.0,0.045454545454545456,0.9545454545454546,0.0,1.0,0.4090909090909091,0.5909090909090909,1.0,0.0,0.0,0.0,0.0,1.0,0.0,0.0,0.09090909090909091,0.0,0.9090909090909091
BARANOA,2019,13,50,18,0.4444444444444444,0.0,0.0,0.0,0.2777777777777778,0.0,0.2777777777777778,0.2777777777777778,0.0,0.0,0.0,0.0,0.7222222222222222,1.0,0.0,0.05555555555555555,0.9444444444444444,0.0,1.0,0.6111111111111112,0.3888888888888889,1.0,0.0,0.0,0.0,0.0,0.9444444444444444,0.05555555555555555,0.0,0.1111111111111111,0.0,0.8888888888888888
BARANOA,2019,13,51,24,0.625,0.20833333333333334,0.0,0.0,0.125,0.0,0.041666666666666664,0.25,0.0,0.0,0.041666666666666664,0.0,0.7083333333333334,0.9583333333333334,0.041666666666666664,0.08333333333333333,0.9166666666666666,0.0,1.0,0.5,0.5,1.0,0.0,0.0,0.0,0.0,0.9583333333333334,0.041666666666666664,0.0,0.125,0.0,0.875
BARANOA,2019,13,52,21,0.38095238095238093,0.0,0.0,0.0,0.5238095238095238,0.0,0.09523809523809523,0.2857142857142857,0.0,0.0,0.0,0.0,0.7142857142857143,1.0,0.0,0.047619047619047616,0.9523809523809523,0.0,1.0,0.3333333333333333,0.6666666666666666,1.0,0.0,0.0,0.0,0.0,0.9523809523809523,0.047619047619047616,0.0,0.047619047619047616,0.0,0.9523809523809523
BARANOA,2020,1,1,22,0.3181818181818182,0.13636363636363635,0.0,0.0,0.5,0.0,0.045454545454545456,0.2727272727272727,0.0,0.0,0.0,0.045454545454545456,0.6818181818181818,1.0,0.0,0.22727272727272727,0.7727272727272727,0.0,1.0,0.5454545454545454,0.45454545454545453,1.0,0.0,0.0,0.0,0.0,0.9090909090909091,0.09090909090909091,0.0,0.2727272727272727,0.0,0.7272727272727273
BARANOA,2020,1,2,18,0.6666666666666666,0.1111111111111111,0.0,0.0,0.05555555555555555,0.0,0.16666666666666666,0.2777777777777778,0.0,0.0,0.0,0.0,0.7222222222222222,1.0,0.0,0.05555555555555555,0.9444444444444444,0.0,1.0,0.5,0.5,1.0,0.0,0.0,0.0,0.0,0.8888888888888888,0.1111111111111111,0.0,0.0,0.0,1.0
BARANOA,2020,1,3,20,0.45,0.15,0.0,0.0,0.35,0.0,0.05,0.3,0.0,0.0,0.0,0.2,0.5,1.0,0.0,0.45,0.55,0.0,1.0,0.75,0.25,1.0,0.0,0.0,0.0,0.0,0.95,0.05,0.0,0.1,0.0,0.9
BARANOA,2020,1,4,7,0.2857142857142857,0.14285714285714285,0.0,0.0,0.5714285714285714,0.0,0.0,0.0,0.0,0.0,0.0,0.14285714285714285,0.8571428571428571,1.0,0.0,0.2857142857142857,0.7142857142857143,0.0,1.0,0.5714285714285714,0.42857142857142855,1.0,0.0,0.0,0.0,0.0,0.7142857142857143,0.2857142857142857,0.0,0.0,0.0,1.0
BARANOA,2020,2,5,11,0.2727272727272727,0.18181818181818182,0.0,0.0,0.18181818181818182,0.0,0.36363636363636365,0.18181818181818182,0.0,0.0,0.0,0.09090909090909091,0.7272727272727273,1.0,0.0,0.2727272727272727,0.7272727272727273,0.0,1.0,0.7272727272727273,0.2727272727272727,1.0,0.0,0.0,0.0,0.0,0.9090909090909091,0.09090909090909091,0.0,0.18181818181818182,0.0,0.8181818181818182
BARANOA,2020,2,6,8,0.375,0.125,0.0,0.0,0.5,0.0,0.0,0.5,0.0,0.0,0.0,0.0,0.5,0.875,0.125,0.125,0.875,0.0,1.0,0.75,0.25,1.0,0.0,0.0,0.0,0.0,1.0,0.0,0.0,0.0,0.125,0.875
BARANOA,2020,2,7,7,0.42857142857142855,0.14285714285714285,0.0,0.14285714285714285,0.14285714285714285,0.0,0.14285714285714285,0.2857142857142857,0.0,0.14285714285714285,0.0,0.0,0.5714285714285714,1.0,0.0,0.2857142857142857,0.7142857142857143,0.0,1.0,0.5714285714285714,0.42857142857142855,1.0,0.0,0.0,0.0,0.0,0.8571428571428571,0.14285714285714285,0.0,0.0,0.0,1.0
BARANOA,2020,2,8,5,0.4,0.0,0.0,0.0,0.6,0.0,0.0,0.0,0.0,0.0,0.0,0.0,1.0,1.0,0.0,0.8,0.2,0.0,1.0,0.4,0.6,1.0,0.0,0.0,0.0,0.0,0.8,0.2,0.0,0.0,0.0,1.0
BARANOA,2020,3,9,4,1.0,0.0,0.0,0.0,0.0,0.0,0.0,0.0,0.0,0.0,0.0,0.0,1.0,1.0,0.0,0.25,0.75,0.0,1.0,0.5,0.5,1.0,0.0,0.0,0.0,0.0,0.75,0.25,0.0,0.0,0.0,1.0
BARANOA,2020,3,10,3,0.0,0.3333333333333333,0.0,0.0,0.6666666666666666,0.0,0.0,0.3333333333333333,0.0,0.0,0.0,0.3333333333333333,0.3333333333333333,1.0,0.0,0.3333333333333333,0.6666666666666666,0.0,1.0,0.3333333333333333,0.6666666666666666,1.0,0.0,0.0,0.0,0.0,0.3333333333333333,0.6666666666666666,0.0,0.0,0.0,1.0
BARANOA,2020,3,12,1,0.0,0.0,0.0,0.0,0.0,0.0,1.0,0.0,0.0,0.0,0.0,0.0,1.0,1.0,0.0,1.0,0.0,0.0,1.0,0.0,1.0,1.0,0.0,0.0,0.0,0.0,0.0,1.0,0.0,0.0,0.0,1.0
BARANOA,2020,4,13,2,0.5,0.0,0.0,0.0,0.5,0.0,0.0,1.0,0.0,0.0,0.0,0.0,0.0,1.0,0.0,0.0,1.0,0.0,1.0,1.0,0.0,1.0,0.0,0.0,0.0,0.0,1.0,0.0,0.0,0.0,0.0,1.0
BARANOA,2020,4,14,1,0.0,0.0,0.0,0.0,1.0,0.0,0.0,1.0,0.0,0.0,0.0,0.0,0.0,1.0,0.0,1.0,0.0,0.0,1.0,0.0,1.0,1.0,0.0,0.0,0.0,0.0,0.0,1.0,0.0,0.0,0.0,1.0
BARANOA,2020,4,16,1,0.0,0.0,0.0,0.0,1.0,0.0,0.0,0.0,0.0,0.0,0.0,0.0,1.0,1.0,0.0,0.0,1.0,0.0,1.0,1.0,0.0,1.0,0.0,0.0,0.0,0.0,1.0,0.0,0.0,0.0,0.0,1.0
BARANOA,2020,6,24,1,0.0,1.0,0.0,0.0,0.0,0.0,0.0,0.0,0.0,0.0,0.0,0.0,1.0,1.0,0.0,1.0,0.0,0.0,1.0,1.0,0.0,1.0,0.0,0.0,0.0,0.0,1.0,0.0,0.0,0.0,0.0,1.0
BARANOA,2020,8,29,1,0.0,0.0,0.0,0.0,1.0,0.0,0.0,0.0,0.0,0.0,0.0,0.0,1.0,1.0,0.0,1.0,0.0,0.0,1.0,1.0,0.0,1.0,0.0,0.0,0.0,0.0,1.0,0.0,0.0,0.0,0.0,1.0
BARANOA,2020,8,30,2,0.5,0.0,0.0,0.0,0.5,0.0,0.0,0.5,0.0,0.0,0.0,0.0,0.5,1.0,0.0,1.0,0.0,0.0,1.0,1.0,0.0,1.0,0.0,0.0,0.0,0.0,1.0,0.0,0.0,0.0,0.0,1.0
BARANOA,2020,8,31,1,1.0,0.0,0.0,0.0,0.0,0.0,0.0,0.0,0.0,0.0,0.0,0.0,1.0,1.0,0.0,0.0,1.0,0.0,1.0,1.0,0.0,1.0,0.0,0.0,0.0,0.0,0.0,1.0,0.0,0.0,0.0,1.0
BARANOA,2020,8,32,3,0.6666666666666666,0.0,0.3333333333333333,0.0,0.0,0.0,0.0,0.3333333333333333,0.0,0.0,0.0,0.0,0.6666666666666666,0.6666666666666666,0.3333333333333333,0.3333333333333333,0.6666666666666666,0.0,1.0,0.6666666666666666,0.3333333333333333,1.0,0.0,0.0,0.0,0.0,0.6666666666666666,0.3333333333333333,0.0,0.3333333333333333,0.0,0.6666666666666666
BARANOA,2020,9,33,4,0.0,0.0,0.25,0.0,0.5,0.0,0.25,0.0,0.0,0.0,0.0,0.0,1.0,0.75,0.25,0.0,1.0,0.0,1.0,0.5,0.5,1.0,0.0,0.0,0.0,0.0,0.25,0.5,0.25,0.25,0.0,0.75
BARANOA,2020,9,34,3,0.6666666666666666,0.0,0.0,0.0,0.3333333333333333,0.0,0.0,0.0,0.0,0.0,0.0,0.0,1.0,1.0,0.0,0.3333333333333333,0.6666666666666666,0.0,1.0,0.3333333333333333,0.6666666666666666,1.0,0.0,0.0,0.0,0.0,0.6666666666666666,0.0,0.3333333333333333,0.0,0.0,1.0
BARANOA,2020,9,35,4,0.25,0.25,0.0,0.0,0.25,0.0,0.25,0.25,0.0,0.0,0.0,0.25,0.5,1.0,0.0,0.5,0.5,0.0,1.0,0.25,0.75,1.0,0.0,0.0,0.0,0.0,0.25,0.5,0.25,0.0,0.0,1.0
BARANOA,2020,9,36,1,1.0,0.0,0.0,0.0,0.0,0.0,0.0,1.0,0.0,0.0,0.0,0.0,0.0,1.0,0.0,1.0,0.0,0.0,1.0,1.0,0.0,1.0,0.0,0.0,0.0,0.0,0.0,1.0,0.0,0.0,0.0,1.0
BARANOA,2020,10,37,1,0.0,0.0,0.0,0.0,1.0,0.0,0.0,0.0,0.0,0.0,0.0,0.0,1.0,1.0,0.0,1.0,0.0,0.0,1.0,0.0,1.0,1.0,0.0,0.0,0.0,0.0,0.0,1.0,0.0,0.0,0.0,1.0
BARANOA,2020,10,38,1,1.0,0.0,0.0,0.0,0.0,0.0,0.0,0.0,0.0,0.0,0.0,0.0,1.0,1.0,0.0,0.0,1.0,0.0,1.0,0.0,1.0,1.0,0.0,0.0,0.0,0.0,1.0,0.0,0.0,0.0,0.0,1.0
BARANOA,2020,10,39,1,0.0,0.0,0.0,0.0,1.0,0.0,0.0,0.0,0.0,0.0,0.0,1.0,0.0,1.0,0.0,1.0,0.0,0.0,1.0,1.0,0.0,1.0,0.0,0.0,0.0,0.0,0.0,1.0,0.0,0.0,0.0,1.0
BARANOA,2020,10,40,4,0.75,0.0,0.0,0.0,0.25,0.0,0.0,0.0,0.0,0.0,0.0,0.0,1.0,1.0,0.0,0.25,0.75,0.0,1.0,0.5,0.5,1.0,0.0,0.0,0.0,0.0,0.25,0.25,0.5,0.0,0.0,1.0
BARANOA,2020,11,41,6,0.5,0.0,0.16666666666666666,0.0,0.3333333333333333,0.0,0.0,0.16666666666666666,0.0,0.0,0.0,0.0,0.8333333333333334,1.0,0.0,0.5,0.5,0.0,1.0,0.16666666666666666,0.8333333333333334,1.0,0.0,0.0,0.0,0.0,1.0,0.0,0.0,0.0,0.0,1.0
BARANOA,2020,11,42,1,1.0,0.0,0.0,0.0,0.0,0.0,0.0,0.0,0.0,0.0,0.0,0.0,1.0,1.0,0.0,0.0,1.0,0.0,1.0,1.0,0.0,1.0,0.0,0.0,0.0,0.0,0.0,0.0,1.0,0.0,0.0,1.0
BARANOA,2020,11,44,2,1.0,0.0,0.0,0.0,0.0,0.0,0.0,0.5,0.0,0.0,0.0,0.0,0.5,1.0,0.0,0.5,0.5,0.0,1.0,0.5,0.5,1.0,0.0,0.0,0.0,0.0,0.5,0.0,0.5,0.0,0.0,1.0
BARANOA,2020,12,45,2,0.0,0.0,0.0,0.0,1.0,0.0,0.0,0.0,0.0,0.0,0.0,0.0,1.0,1.0,0.0,0.0,1.0,0.0,1.0,0.0,1.0,1.0,0.0,0.0,0.0,0.0,0.5,0.0,0.5,0.0,0.0,1.0
BARANOA,2020,12,46,6,0.16666666666666666,0.0,0.0,0.0,0.6666666666666666,0.16666666666666666,0.0,0.16666666666666666,0.0,0.16666666666666666,0.0,0.0,0.6666666666666666,1.0,0.0,0.16666666666666666,0.8333333333333334,0.0,1.0,0.8333333333333334,0.16666666666666666,1.0,0.0,0.0,0.0,0.0,1.0,0.0,0.0,0.0,0.0,1.0
BARANOA,2020,12,48,3,0.6666666666666666,0.0,0.0,0.0,0.0,0.0,0.3333333333333333,0.0,0.0,0.0,0.0,0.0,1.0,1.0,0.0,0.0,1.0,0.0,1.0,0.6666666666666666,0.3333333333333333,1.0,0.0,0.0,0.0,0.0,0.6666666666666666,0.3333333333333333,0.0,0.0,0.0,1.0
BARANOA,2020,13,49,1,1.0,0.0,0.0,0.0,0.0,0.0,0.0,0.0,0.0,0.0,0.0,0.0,1.0,1.0,0.0,0.0,1.0,0.0,1.0,1.0,0.0,1.0,0.0,0.0,0.0,0.0,0.0,0.0,1.0,0.0,0.0,1.0
BARANOA,2020,13,50,2,1.0,0.0,0.0,0.0,0.0,0.0,0.0,0.0,0.0,0.0,0.0,0.0,1.0,1.0,0.0,0.0,1.0,0.0,1.0,0.0,1.0,1.0,0.0,0.0,0.0,0.0,1.0,0.0,0.0,0.0,0.0,1.0
BARANOA,2020,13,51,3,0.3333333333333333,0.0,0.0,0.0,0.3333333333333333,0.0,0.3333333333333333,0.3333333333333333,0.0,0.0,0.0,0.0,0.6666666666666666,1.0,0.0,0.6666666666666666,0.3333333333333333,0.0,1.0,0.0,1.0,1.0,0.0,0.0,0.0,0.0,0.6666666666666666,0.3333333333333333,0.0,0.0,0.0,1.0
BARANOA,2020,13,52,4,0.25,0.0,0.0,0.0,0.5,0.0,0.25,0.5,0.0,0.0,0.0,0.0,0.5,1.0,0.0,0.25,0.75,0.0,1.0,0.75,0.25,1.0,0.0,0.0,0.0,0.0,1.0,0.0,0.0,0.0,0.0,1.0
BARANOA,2020,14,53,3,0.6666666666666666,0.3333333333333333,0.0,0.0,0.0,0.0,0.0,0.3333333333333333,0.0,0.0,0.0,0.0,0.6666666666666666,1.0,0.0,0.0,1.0,0.0,1.0,1.0,0.0,1.0,0.0,0.0,0.0,0.0,0.6666666666666666,0.3333333333333333,0.0,0.0,0.0,1.0
BARANOA,2021,1,2,3,1.0,0.0,0.0,0.0,0.0,0.0,0.0,0.3333333333333333,0.0,0.0,0.0,0.0,0.6666666666666666,1.0,0.0,0.0,1.0,0.0,1.0,1.0,0.0,1.0,0.0,0.0,0.0,0.0,1.0,0.0,0.0,0.3333333333333333,0.0,0.6666666666666666
BARANOA,2021,1,4,1,0.0,0.0,0.0,0.0,1.0,0.0,0.0,0.0,0.0,0.0,0.0,0.0,1.0,1.0,0.0,0.0,1.0,0.0,1.0,0.0,1.0,1.0,0.0,0.0,0.0,0.0,1.0,0.0,0.0,0.0,0.0,1.0
BARANOA,2021,2,5,1,0.0,0.0,0.0,0.0,1.0,0.0,0.0,0.0,0.0,0.0,0.0,0.0,1.0,0.0,1.0,0.0,1.0,0.0,1.0,0.0,1.0,1.0,0.0,0.0,0.0,0.0,1.0,0.0,0.0,0.0,0.0,1.0
BARANOA,2021,4,13,1,0.0,0.0,0.0,1.0,0.0,0.0,0.0,1.0,0.0,0.0,0.0,0.0,0.0,1.0,0.0,1.0,0.0,0.0,1.0,1.0,0.0,1.0,0.0,0.0,0.0,0.0,1.0,0.0,0.0,0.0,0.0,1.0
BARANOA,2021,7,27,1,1.0,0.0,0.0,0.0,0.0,0.0,0.0,1.0,0.0,0.0,0.0,0.0,0.0,1.0,0.0,0.0,1.0,0.0,1.0,0.0,1.0,1.0,0.0,0.0,0.0,0.0,1.0,0.0,0.0,0.0,0.0,1.0
BARANOA,2021,8,29,1,0.0,0.0,0.0,0.0,1.0,0.0,0.0,0.0,0.0,0.0,0.0,0.0,1.0,1.0,0.0,0.0,1.0,0.0,1.0,1.0,0.0,1.0,0.0,0.0,0.0,0.0,0.0,0.0,1.0,0.0,0.0,1.0
BARANOA,2021,8,31,1,0.0,0.0,0.0,0.0,0.0,0.0,1.0,0.0,0.0,0.0,0.0,0.0,1.0,1.0,0.0,0.0,1.0,0.0,1.0,0.0,1.0,1.0,0.0,0.0,0.0,0.0,1.0,0.0,0.0,0.0,0.0,1.0
BARANOA,2021,9,33,1,1.0,0.0,0.0,0.0,0.0,0.0,0.0,0.0,0.0,0.0,0.0,0.0,1.0,1.0,0.0,1.0,0.0,0.0,1.0,0.0,1.0,1.0,0.0,0.0,0.0,0.0,1.0,0.0,0.0,0.0,0.0,1.0
BARANOA,2021,9,34,2,0.5,0.0,0.0,0.0,0.5,0.0,0.0,0.5,0.0,0.0,0.0,0.0,0.5,1.0,0.0,0.0,1.0,0.0,1.0,1.0,0.0,1.0,0.0,0.0,0.0,0.0,1.0,0.0,0.0,0.0,0.0,1.0
BARANOA,2021,9,36,6,0.5,0.0,0.16666666666666666,0.0,0.16666666666666666,0.0,0.16666666666666666,0.5,0.0,0.0,0.0,0.0,0.5,1.0,0.0,0.16666666666666666,0.8333333333333334,0.0,1.0,0.3333333333333333,0.6666666666666666,1.0,0.0,0.0,0.0,0.0,1.0,0.0,0.0,0.16666666666666666,0.0,0.8333333333333334
BARANOA,2021,10,37,5,0.8,0.0,0.0,0.0,0.2,0.0,0.0,0.0,0.0,0.0,0.0,0.0,1.0,1.0,0.0,0.2,0.8,0.0,1.0,0.4,0.6,1.0,0.0,0.0,0.0,0.0,0.6,0.4,0.0,0.0,0.0,1.0
BARANOA,2021,10,38,5,0.6,0.0,0.0,0.0,0.4,0.0,0.0,0.2,0.0,0.0,0.0,0.0,0.8,1.0,0.0,0.0,1.0,0.0,1.0,0.2,0.8,1.0,0.0,0.0,0.0,0.0,1.0,0.0,0.0,0.6,0.0,0.4
BARANOA,2021,10,39,9,0.3333333333333333,0.1111111111111111,0.0,0.0,0.3333333333333333,0.0,0.2222222222222222,0.2222222222222222,0.0,0.0,0.0,0.0,0.7777777777777778,0.8888888888888888,0.1111111111111111,0.3333333333333333,0.6666666666666666,0.0,1.0,0.4444444444444444,0.5555555555555556,1.0,0.0,0.0,0.0,0.0,0.8888888888888888,0.1111111111111111,0.0,0.4444444444444444,0.0,0.5555555555555556
BARANOA,2021,10,40,5,0.2,0.4,0.0,0.0,0.4,0.0,0.0,0.2,0.0,0.0,0.0,0.0,0.8,1.0,0.0,0.2,0.8,0.0,1.0,0.4,0.6,1.0,0.0,0.0,0.0,0.0,1.0,0.0,0.0,0.2,0.0,0.8
BARANOA,2021,11,41,6,0.3333333333333333,0.16666666666666666,0.0,0.0,0.5,0.0,0.0,0.3333333333333333,0.0,0.0,0.0,0.0,0.6666666666666666,1.0,0.0,0.16666666666666666,0.8333333333333334,0.0,1.0,0.5,0.5,1.0,0.0,0.0,0.0,0.0,0.8333333333333334,0.0,0.16666666666666666,0.16666666666666666,0.0,0.8333333333333334
BARANOA,2021,11,42,4,0.25,0.0,0.0,0.0,0.25,0.0,0.5,0.0,0.0,0.0,0.25,0.0,0.75,1.0,0.0,0.5,0.5,0.0,1.0,0.5,0.5,1.0,0.0,0.0,0.0,0.0,1.0,0.0,0.0,0.25,0.0,0.75
BARANOA,2021,11,43,4,0.5,0.25,0.0,0.0,0.0,0.0,0.25,0.25,0.0,0.0,0.0,0.0,0.75,1.0,0.0,0.5,0.5,0.0,1.0,0.25,0.75,1.0,0.0,0.0,0.0,0.0,1.0,0.0,0.0,0.0,0.0,1.0
BARANOA,2021,11,44,4,1.0,0.0,0.0,0.0,0.0,0.0,0.0,0.0,0.0,0.0,0.0,0.0,1.0,1.0,0.0,0.0,1.0,0.0,1.0,0.5,0.5,1.0,0.0,0.0,0.0,0.0,1.0,0.0,0.0,0.0,0.0,1.0
BARANOA,2021,12,45,8,0.625,0.0,0.0,0.0,0.375,0.0,0.0,0.5,0.0,0.0,0.0,0.0,0.5,1.0,0.0,0.25,0.75,0.0,1.0,0.75,0.25,1.0,0.0,0.0,0.0,0.0,1.0,0.0,0.0,0.125,0.0,0.875
BARANOA,2021,12,46,10,0.5,0.1,0.1,0.0,0.3,0.0,0.0,0.4,0.0,0.1,0.0,0.1,0.4,0.9,0.1,0.4,0.6,0.0,1.0,0.5,0.5,1.0,0.0,0.0,0.0,0.0,0.9,0.1,0.0,0.1,0.0,0.9
BARANOA,2021,12,47,6,0.3333333333333333,0.0,0.0,0.0,0.6666666666666666,0.0,0.0,0.16666666666666666,0.0,0.16666666666666666,0.0,0.0,0.6666666666666666,1.0,0.0,0.16666666666666666,0.8333333333333334,0.0,1.0,0.16666666666666666,0.8333333333333334,1.0,0.0,0.0,0.0,0.0,1.0,0.0,0.0,0.5,0.0,0.5
BARANOA,2021,12,48,5,0.6,0.0,0.0,0.0,0.4,0.0,0.0,0.4,0.0,0.0,0.0,0.0,0.6,1.0,0.0,0.2,0.8,0.0,1.0,0.8,0.2,1.0,0.0,0.0,0.0,0.0,1.0,0.0,0.0,0.4,0.0,0.6
BARANOA,2021,13,49,5,0.8,0.2,0.0,0.0,0.0,0.0,0.0,0.4,0.0,0.2,0.0,0.0,0.4,1.0,0.0,0.0,1.0,0.0,1.0,0.6,0.4,1.0,0.0,0.0,0.0,0.0,1.0,0.0,0.0,0.0,0.0,1.0
BARANOA,2021,13,50,4,0.75,0.0,0.0,0.0,0.25,0.0,0.0,0.0,0.0,0.0,0.0,0.0,1.0,1.0,0.0,0.0,1.0,0.0,1.0,0.5,0.5,1.0,0.0,0.0,0.0,0.0,1.0,0.0,0.0,0.0,0.0,1.0
BARANOA,2021,13,51,5,0.8,0.2,0.0,0.0,0.0,0.0,0.0,0.2,0.0,0.0,0.0,0.0,0.8,1.0,0.0,0.0,1.0,0.0,1.0,1.0,0.0,1.0,0.0,0.0,0.0,0.0,1.0,0.0,0.0,0.0,0.0,1.0
BARANOA,2021,13,52,6,0.8333333333333334,0.0,0.0,0.0,0.16666666666666666,0.0,0.0,0.3333333333333333,0.0,0.0,0.0,0.0,0.6666666666666666,1.0,0.0,0.5,0.5,0.0,1.0,0.6666666666666666,0.3333333333333333,1.0,0.0,0.0,0.0,0.0,1.0,0.0,0.0,0.16666666666666666,0.0,0.8333333333333334
BARANOA,2022,1,1,1,0.0,1.0,0.0,0.0,0.0,0.0,0.0,0.0,0.0,0.0,0.0,0.0,1.0,1.0,0.0,0.0,1.0,0.0,1.0,0.0,1.0,1.0,0.0,0.0,0.0,0.0,1.0,0.0,0.0,0.0,0.0,1.0
BARANOA,2022,1,2,3,0.3333333333333333,0.0,0.0,0.0,0.3333333333333333,0.0,0.3333333333333333,0.0,0.0,0.0,0.0,0.0,1.0,1.0,0.0,0.0,1.0,0.0,1.0,0.6666666666666666,0.3333333333333333,1.0,0.0,0.0,0.0,0.0,1.0,0.0,0.0,0.0,0.0,1.0
BARANOA,2022,1,4,2,0.5,0.0,0.5,0.0,0.0,0.0,0.0,0.5,0.0,0.0,0.0,0.0,0.5,1.0,0.0,0.0,1.0,0.0,1.0,0.0,1.0,1.0,0.0,0.0,0.0,0.0,1.0,0.0,0.0,0.0,0.0,1.0
BARANOA,2022,2,6,1,0.0,0.0,1.0,0.0,0.0,0.0,0.0,0.0,0.0,0.0,0.0,0.0,1.0,1.0,0.0,0.0,1.0,0.0,1.0,1.0,0.0,1.0,0.0,0.0,0.0,0.0,1.0,0.0,0.0,1.0,0.0,0.0
BARANOA,2022,3,9,1,0.0,0.0,1.0,0.0,0.0,0.0,0.0,0.0,0.0,1.0,0.0,0.0,0.0,1.0,0.0,0.0,1.0,0.0,1.0,0.0,1.0,1.0,0.0,0.0,0.0,0.0,1.0,0.0,0.0,1.0,0.0,0.0
BARANOA,2022,5,20,1,0.0,0.0,0.0,0.0,0.0,0.0,1.0,0.0,0.0,0.0,0.0,0.0,1.0,1.0,0.0,0.0,1.0,0.0,1.0,1.0,0.0,1.0,0.0,0.0,0.0,0.0,1.0,0.0,0.0,1.0,0.0,0.0
BARANOA,2022,6,21,3,0.0,1.0,0.0,0.0,0.0,0.0,0.0,0.0,0.0,0.3333333333333333,0.0,0.0,0.6666666666666666,1.0,0.0,0.3333333333333333,0.6666666666666666,0.0,1.0,0.6666666666666666,0.3333333333333333,1.0,0.0,0.0,0.0,0.0,1.0,0.0,0.0,0.6666666666666666,0.0,0.3333333333333333
BARANOA,2022,6,22,1,0.0,1.0,0.0,0.0,0.0,0.0,0.0,0.0,0.0,0.0,0.0,0.0,1.0,1.0,0.0,1.0,0.0,0.0,1.0,0.0,1.0,1.0,0.0,0.0,0.0,0.0,1.0,0.0,0.0,0.0,0.0,1.0
BARANOA,2022,6,23,1,0.0,1.0,0.0,0.0,0.0,0.0,0.0,0.0,0.0,0.0,0.0,0.0,1.0,1.0,0.0,0.0,1.0,0.0,1.0,0.0,1.0,1.0,0.0,0.0,0.0,0.0,1.0,0.0,0.0,0.0,0.0,1.0
BARANOA,2022,7,25,1,0.0,0.0,0.0,0.0,1.0,0.0,0.0,0.0,0.0,0.0,0.0,0.0,1.0,1.0,0.0,0.0,1.0,0.0,1.0,1.0,0.0,1.0,0.0,0.0,0.0,0.0,1.0,0.0,0.0,0.0,0.0,1.0
BARANOA,2022,7,26,1,1.0,0.0,0.0,0.0,0.0,0.0,0.0,1.0,0.0,0.0,0.0,0.0,0.0,1.0,0.0,0.0,1.0,0.0,1.0,0.0,1.0,1.0,0.0,0.0,0.0,0.0,1.0,0.0,0.0,0.0,0.0,1.0
BARANOA,2022,7,27,2,0.5,0.5,0.0,0.0,0.0,0.0,0.0,1.0,0.0,0.0,0.0,0.0,0.0,1.0,0.0,0.0,1.0,0.0,1.0,0.0,1.0,1.0,0.0,0.0,0.0,0.0,1.0,0.0,0.0,0.0,0.0,1.0
BARANOA,2022,8,29,5,0.4,0.4,0.0,0.0,0.2,0.0,0.0,0.2,0.0,0.0,0.0,0.0,0.8,1.0,0.0,0.2,0.8,0.0,1.0,0.6,0.4,1.0,0.0,0.0,0.0,0.0,0.2,0.4,0.4,0.2,0.0,0.8
BARANOA,2022,8,30,5,0.6,0.4,0.0,0.0,0.0,0.0,0.0,0.4,0.0,0.0,0.0,0.2,0.4,1.0,0.0,0.4,0.6,0.0,1.0,0.4,0.6,1.0,0.0,0.0,0.0,0.0,0.8,0.0,0.2,0.0,0.0,1.0
BARANOA,2022,8,31,5,0.2,0.2,0.4,0.0,0.2,0.0,0.0,0.8,0.0,0.0,0.0,0.0,0.2,1.0,0.0,0.0,1.0,0.0,1.0,0.4,0.6,1.0,0.0,0.0,0.0,0.0,0.6,0.2,0.2,0.0,0.0,1.0
BARANOA,2022,9,33,1,1.0,0.0,0.0,0.0,0.0,0.0,0.0,0.0,0.0,0.0,0.0,0.0,1.0,1.0,0.0,0.0,1.0,0.0,1.0,1.0,0.0,1.0,0.0,0.0,0.0,0.0,0.0,1.0,0.0,0.0,0.0,1.0
BARANOA,2022,9,34,3,0.6666666666666666,0.0,0.0,0.0,0.3333333333333333,0.0,0.0,0.3333333333333333,0.0,0.0,0.0,0.0,0.6666666666666666,1.0,0.0,0.0,1.0,0.0,1.0,0.3333333333333333,0.6666666666666666,1.0,0.0,0.0,0.0,0.0,1.0,0.0,0.0,0.0,0.0,1.0
BARANOA,2022,9,35,3,0.6666666666666666,0.0,0.0,0.0,0.3333333333333333,0.0,0.0,0.0,0.0,0.0,0.0,0.3333333333333333,0.6666666666666666,0.6666666666666666,0.3333333333333333,0.3333333333333333,0.6666666666666666,0.0,1.0,0.0,1.0,1.0,0.0,0.0,0.0,0.0,1.0,0.0,0.0,0.0,0.0,1.0
BARANOA,2022,9,36,5,0.6,0.2,0.0,0.0,0.2,0.0,0.0,0.2,0.0,0.0,0.0,0.0,0.8,1.0,0.0,0.2,0.8,0.0,1.0,0.2,0.8,1.0,0.0,0.0,0.0,0.0,0.8,0.2,0.0,0.0,0.0,1.0
BARANOA,2022,10,37,2,1.0,0.0,0.0,0.0,0.0,0.0,0.0,0.0,0.0,0.5,0.0,0.0,0.5,1.0,0.0,0.5,0.5,0.0,1.0,1.0,0.0,1.0,0.0,0.0,0.0,0.0,0.5,0.5,0.0,0.5,0.0,0.5
BARANOA,2022,10,38,6,0.0,0.16666666666666666,0.0,0.0,0.5,0.0,0.3333333333333333,0.16666666666666666,0.0,0.0,0.0,0.0,0.8333333333333334,1.0,0.0,0.16666666666666666,0.8333333333333334,0.0,1.0,0.3333333333333333,0.6666666666666666,1.0,0.0,0.0,0.0,0.0,0.3333333333333333,0.5,0.16666666666666666,0.3333333333333333,0.0,0.6666666666666666
BARANOA,2022,10,39,2,0.0,0.5,0.0,0.0,0.5,0.0,0.0,0.5,0.0,0.0,0.0,0.0,0.5,1.0,0.0,1.0,0.0,0.0,1.0,0.0,1.0,1.0,0.0,0.0,0.0,0.0,0.5,0.0,0.5,0.5,0.0,0.5
BARANOA,2022,10,40,1,1.0,0.0,0.0,0.0,0.0,0.0,0.0,0.0,0.0,1.0,0.0,0.0,0.0,1.0,0.0,1.0,0.0,0.0,1.0,0.0,1.0,1.0,0.0,0.0,0.0,0.0,1.0,0.0,0.0,0.0,0.0,1.0
BARANOA,2022,11,41,7,0.2857142857142857,0.0,0.0,0.0,0.42857142857142855,0.0,0.2857142857142857,0.42857142857142855,0.0,0.0,0.0,0.0,0.5714285714285714,1.0,0.0,0.14285714285714285,0.8571428571428571,0.0,1.0,0.2857142857142857,0.7142857142857143,1.0,0.0,0.0,0.0,0.0,0.7142857142857143,0.2857142857142857,0.0,0.2857142857142857,0.0,0.7142857142857143
BARANOA,2022,11,42,4,0.25,0.25,0.0,0.0,0.5,0.0,0.0,0.5,0.0,0.0,0.0,0.0,0.5,1.0,0.0,0.5,0.5,0.0,1.0,0.25,0.75,1.0,0.0,0.0,0.0,0.0,0.75,0.25,0.0,0.25,0.0,0.75
BARANOA,2022,11,43,4,0.0,0.75,0.0,0.0,0.25,0.0,0.0,0.75,0.0,0.0,0.0,0.0,0.25,1.0,0.0,0.25,0.75,0.0,1.0,0.25,0.75,1.0,0.0,0.0,0.0,0.0,0.75,0.0,0.25,0.25,0.0,0.75
BARANOA,2022,11,44,3,0.3333333333333333,0.3333333333333333,0.0,0.0,0.3333333333333333,0.0,0.0,0.3333333333333333,0.0,0.0,0.0,0.0,0.6666666666666666,1.0,0.0,0.0,1.0,0.0,1.0,1.0,0.0,1.0,0.0,0.0,0.0,0.0,0.6666666666666666,0.3333333333333333,0.0,0.0,0.0,1.0
BARANOA,2022,12,45,3,0.0,0.0,0.0,0.0,1.0,0.0,0.0,0.6666666666666666,0.0,0.0,0.0,0.0,0.3333333333333333,1.0,0.0,0.0,1.0,0.0,1.0,0.3333333333333333,0.6666666666666666,1.0,0.0,0.0,0.0,0.0,0.3333333333333333,0.0,0.6666666666666666,0.0,0.0,1.0
BARANOA,2022,12,46,6,0.5,0.16666666666666666,0.16666666666666666,0.0,0.0,0.0,0.16666666666666666,0.3333333333333333,0.0,0.0,0.0,0.0,0.6666666666666666,1.0,0.0,0.0,1.0,0.0,1.0,0.3333333333333333,0.6666666666666666,1.0,0.0,0.0,0.0,0.0,0.8333333333333334,0.0,0.16666666666666666,0.16666666666666666,0.0,0.8333333333333334
BARANOA,2022,12,47,6,0.3333333333333333,0.3333333333333333,0.0,0.0,0.16666666666666666,0.0,0.16666666666666666,0.16666666666666666,0.0,0.0,0.0,0.0,0.8333333333333334,1.0,0.0,0.16666666666666666,0.8333333333333334,0.0,1.0,0.5,0.5,1.0,0.0,0.0,0.0,0.0,0.6666666666666666,0.16666666666666666,0.16666666666666666,0.16666666666666666,0.0,0.8333333333333334
BARANOA,2022,13,49,2,1.0,0.0,0.0,0.0,0.0,0.0,0.0,0.5,0.0,0.0,0.0,0.0,0.5,1.0,0.0,0.0,1.0,0.0,1.0,0.0,1.0,1.0,0.0,0.0,0.0,0.0,1.0,0.0,0.0,0.5,0.0,0.5
BARANOA,2022,13,51,4,1.0,0.0,0.0,0.0,0.0,0.0,0.0,0.5,0.0,0.0,0.0,0.0,0.5,1.0,0.0,0.25,0.75,0.0,1.0,0.0,1.0,1.0,0.0,0.0,0.0,0.0,1.0,0.0,0.0,0.0,0.0,1.0
BARANOA,2022,13,52,1,1.0,0.0,0.0,0.0,0.0,0.0,0.0,0.0,0.0,0.0,0.0,0.0,1.0,1.0,0.0,0.0,1.0,0.0,1.0,0.0,1.0,1.0,0.0,0.0,0.0,0.0,1.0,0.0,0.0,1.0,0.0,0.0
BARANOA,2023,1,1,3,0.6666666666666666,0.0,0.0,0.0,0.3333333333333333,0.0,0.0,0.3333333333333333,0.0,0.0,0.0,0.0,0.6666666666666666,1.0,0.0,0.3333333333333333,0.6666666666666666,0.0,1.0,1.0,0.0,1.0,0.0,0.0,0.0,0.0,1.0,0.0,0.0,0.3333333333333333,0.0,0.6666666666666666
BARANOA,2023,1,2,1,0.0,0.0,0.0,0.0,0.0,0.0,1.0,0.0,0.0,0.0,0.0,0.0,1.0,1.0,0.0,1.0,0.0,0.0,1.0,0.0,1.0,1.0,0.0,0.0,0.0,0.0,1.0,0.0,0.0,1.0,0.0,0.0
BARANOA,2023,1,3,3,0.0,0.0,0.0,0.0,1.0,0.0,0.0,0.3333333333333333,0.0,0.0,0.0,0.0,0.6666666666666666,0.6666666666666666,0.3333333333333333,0.0,1.0,0.0,1.0,0.3333333333333333,0.6666666666666666,1.0,0.0,0.0,0.0,0.0,1.0,0.0,0.0,0.6666666666666666,0.0,0.3333333333333333
BARANOA,2023,1,4,5,0.4,0.2,0.0,0.0,0.0,0.2,0.2,0.0,0.0,0.0,0.0,0.0,1.0,1.0,0.0,0.0,1.0,0.0,1.0,0.6,0.4,1.0,0.0,0.0,0.0,0.0,0.8,0.2,0.0,0.6,0.0,0.4
BARANOA,2023,2,5,3,0.3333333333333333,0.3333333333333333,0.0,0.0,0.0,0.0,0.3333333333333333,1.0,0.0,0.0,0.0,0.0,0.0,1.0,0.0,0.0,1.0,0.0,1.0,0.3333333333333333,0.6666666666666666,1.0,0.0,0.0,0.0,0.0,1.0,0.0,0.0,0.0,0.0,1.0
BARANOA,2023,3,9,1,0.0,0.0,1.0,0.0,0.0,0.0,0.0,0.0,0.0,0.0,0.0,0.0,1.0,1.0,0.0,0.0,1.0,0.0,1.0,1.0,0.0,1.0,0.0,0.0,0.0,0.0,1.0,0.0,0.0,0.0,0.0,1.0
BARANOA,2023,3,11,1,0.0,0.0,1.0,0.0,0.0,0.0,0.0,1.0,0.0,0.0,0.0,0.0,0.0,1.0,0.0,0.0,1.0,0.0,1.0,1.0,0.0,1.0,0.0,0.0,0.0,0.0,1.0,0.0,0.0,0.0,0.0,1.0
BARANOA,2023,4,13,3,0.3333333333333333,0.0,0.3333333333333333,0.0,0.3333333333333333,0.0,0.0,0.6666666666666666,0.0,0.0,0.0,0.0,0.3333333333333333,1.0,0.0,0.0,1.0,0.0,1.0,0.6666666666666666,0.3333333333333333,1.0,0.0,0.0,0.0,0.0,1.0,0.0,0.0,0.0,0.0,1.0
BARANOA,2023,5,17,1,1.0,0.0,0.0,0.0,0.0,0.0,0.0,0.0,0.0,0.0,0.0,0.0,1.0,1.0,0.0,0.0,1.0,0.0,1.0,0.0,1.0,1.0,0.0,0.0,0.0,0.0,1.0,0.0,0.0,0.0,0.0,1.0
BARANOA,2023,5,20,1,0.0,1.0,0.0,0.0,0.0,0.0,0.0,0.0,0.0,0.0,0.0,0.0,1.0,1.0,0.0,0.0,1.0,0.0,1.0,1.0,0.0,1.0,0.0,0.0,0.0,0.0,1.0,0.0,0.0,0.0,0.0,1.0
BARANOA,2023,6,21,1,1.0,0.0,0.0,0.0,0.0,0.0,0.0,0.0,0.0,0.0,0.0,0.0,1.0,1.0,0.0,1.0,0.0,0.0,1.0,1.0,0.0,1.0,0.0,0.0,0.0,0.0,1.0,0.0,0.0,0.0,0.0,1.0
BARANOA,2023,6,24,2,0.0,0.0,0.5,0.0,0.0,0.0,0.5,1.0,0.0,0.0,0.0,0.0,0.0,1.0,0.0,0.0,1.0,0.0,1.0,1.0,0.0,1.0,0.0,0.0,0.0,0.0,1.0,0.0,0.0,0.0,0.0,1.0
BARANOA,2023,7,28,2,0.5,0.5,0.0,0.0,0.0,0.0,0.0,1.0,0.0,0.0,0.0,0.0,0.0,1.0,0.0,0.0,1.0,0.0,1.0,1.0,0.0,1.0,0.0,0.0,0.0,0.0,1.0,0.0,0.0,0.0,0.0,1.0
BARANOA,2023,8,29,6,0.5,0.0,0.0,0.0,0.5,0.0,0.0,0.16666666666666666,0.16666666666666666,0.0,0.0,0.0,0.6666666666666666,1.0,0.0,0.3333333333333333,0.6666666666666666,0.0,1.0,0.5,0.5,1.0,0.0,0.0,0.0,0.0,1.0,0.0,0.0,0.8333333333333334,0.0,0.16666666666666666
BARANOA,2023,8,31,5,0.6,0.4,0.0,0.0,0.0,0.0,0.0,0.2,0.0,0.0,0.0,0.0,0.8,1.0,0.0,0.2,0.8,0.0,1.0,0.4,0.6,1.0,0.0,0.0,0.0,0.0,1.0,0.0,0.0,0.4,0.0,0.6
BARANOA,2023,9,33,1,0.0,1.0,0.0,0.0,0.0,0.0,0.0,1.0,0.0,0.0,0.0,0.0,0.0,1.0,0.0,0.0,1.0,0.0,1.0,0.0,1.0,1.0,0.0,0.0,0.0,0.0,1.0,0.0,0.0,0.0,0.0,1.0
BARANOA,2023,9,34,1,1.0,0.0,0.0,0.0,0.0,0.0,0.0,0.0,0.0,0.0,0.0,0.0,1.0,1.0,0.0,0.0,1.0,0.0,1.0,0.0,1.0,1.0,0.0,0.0,0.0,0.0,1.0,0.0,0.0,0.0,0.0,1.0
BARANOA,2023,9,35,1,1.0,0.0,0.0,0.0,0.0,0.0,0.0,0.0,0.0,0.0,0.0,0.0,1.0,1.0,0.0,1.0,0.0,0.0,1.0,0.0,1.0,1.0,0.0,0.0,0.0,0.0,1.0,0.0,0.0,1.0,0.0,0.0
BARANOA,2023,9,36,3,0.3333333333333333,0.0,0.0,0.0,0.3333333333333333,0.0,0.3333333333333333,0.3333333333333333,0.0,0.0,0.0,0.0,0.6666666666666666,1.0,0.0,0.3333333333333333,0.6666666666666666,0.0,1.0,0.0,1.0,1.0,0.0,0.0,0.0,0.0,1.0,0.0,0.0,0.3333333333333333,0.0,0.6666666666666666
BARANOA,2023,10,37,2,0.0,1.0,0.0,0.0,0.0,0.0,0.0,0.0,0.0,0.0,0.0,0.0,1.0,1.0,0.0,0.5,0.5,0.0,1.0,1.0,0.0,1.0,0.0,0.0,0.0,0.0,1.0,0.0,0.0,0.5,0.0,0.5
BARANOA,2023,10,38,3,0.3333333333333333,0.0,0.0,0.0,0.6666666666666666,0.0,0.0,0.0,0.3333333333333333,0.0,0.0,0.0,0.6666666666666666,1.0,0.0,0.0,1.0,0.0,1.0,0.0,1.0,1.0,0.0,0.0,0.0,0.0,1.0,0.0,0.0,0.6666666666666666,0.0,0.3333333333333333
BARANOA,2023,10,39,1,1.0,0.0,0.0,0.0,0.0,0.0,0.0,0.0,0.0,0.0,0.0,0.0,1.0,1.0,0.0,1.0,0.0,0.0,1.0,0.0,1.0,1.0,0.0,0.0,0.0,0.0,1.0,0.0,0.0,0.0,0.0,1.0
BARANOA,2023,10,40,6,0.5,0.3333333333333333,0.0,0.16666666666666666,0.0,0.0,0.0,0.0,0.0,0.16666666666666666,0.0,0.0,0.8333333333333334,1.0,0.0,0.6666666666666666,0.3333333333333333,0.0,1.0,0.3333333333333333,0.6666666666666666,1.0,0.0,0.0,0.0,0.0,1.0,0.0,0.0,0.16666666666666666,0.0,0.8333333333333334
BARANOA,2023,11,42,2,0.5,0.5,0.0,0.0,0.0,0.0,0.0,1.0,0.0,0.0,0.0,0.0,0.0,1.0,0.0,0.5,0.5,0.0,1.0,0.5,0.5,1.0,0.0,0.0,0.0,0.0,1.0,0.0,0.0,0.0,0.0,1.0
BARANOA,2023,11,43,1,0.0,1.0,0.0,0.0,0.0,0.0,0.0,0.0,0.0,0.0,0.0,0.0,1.0,1.0,0.0,0.0,1.0,0.0,1.0,1.0,0.0,1.0,0.0,0.0,0.0,0.0,1.0,0.0,0.0,0.0,0.0,1.0
BARANOA,2023,11,44,1,0.0,1.0,0.0,0.0,0.0,0.0,0.0,0.0,0.0,0.0,0.0,0.0,1.0,1.0,0.0,1.0,0.0,0.0,1.0,1.0,0.0,1.0,0.0,0.0,0.0,0.0,1.0,0.0,0.0,0.0,0.0,1.0
BARANOA,2023,12,45,4,0.75,0.25,0.0,0.0,0.0,0.0,0.0,0.5,0.25,0.0,0.0,0.0,0.25,1.0,0.0,0.5,0.5,0.0,1.0,0.75,0.25,1.0,0.0,0.0,0.0,0.0,0.75,0.25,0.0,0.25,0.0,0.75
BARANOA,2023,12,46,4,0.25,0.5,0.0,0.0,0.25,0.0,0.0,0.25,0.0,0.0,0.0,0.0,0.75,1.0,0.0,0.0,1.0,0.0,1.0,1.0,0.0,1.0,0.0,0.0,0.0,0.0,1.0,0.0,0.0,0.25,0.0,0.75
BARANOA,2023,12,47,3,1.0,0.0,0.0,0.0,0.0,0.0,0.0,0.0,0.0,0.0,0.0,0.0,1.0,1.0,0.0,0.3333333333333333,0.6666666666666666,0.0,1.0,0.3333333333333333,0.6666666666666666,1.0,0.0,0.0,0.0,0.0,1.0,0.0,0.0,0.0,0.0,1.0
BARANOA,2023,12,48,4,0.75,0.25,0.0,0.0,0.0,0.0,0.0,0.5,0.0,0.0,0.0,0.0,0.5,1.0,0.0,0.25,0.75,0.0,1.0,0.75,0.25,1.0,0.0,0.0,0.0,0.0,1.0,0.0,0.0,0.25,0.0,0.75
BARANOA,2023,13,49,3,0.6666666666666666,0.0,0.0,0.0,0.3333333333333333,0.0,0.0,0.0,0.0,0.0,0.0,0.0,1.0,1.0,0.0,0.3333333333333333,0.6666666666666666,0.0,1.0,0.0,1.0,1.0,0.0,0.0,0.0,0.0,1.0,0.0,0.0,0.0,0.0,1.0
BARANOA,2023,13,50,3,0.3333333333333333,0.3333333333333333,0.0,0.0,0.3333333333333333,0.0,0.0,0.3333333333333333,0.0,0.0,0.0,0.0,0.6666666666666666,1.0,0.0,0.3333333333333333,0.6666666666666666,0.0,1.0,0.6666666666666666,0.3333333333333333,1.0,0.0,0.0,0.0,0.0,1.0,0.0,0.0,0.0,0.0,1.0
BARANOA,2023,13,51,8,0.875,0.0,0.0,0.0,0.125,0.0,0.0,0.25,0.0,0.0,0.0,0.0,0.75,1.0,0.0,0.375,0.625,0.0,1.0,0.375,0.625,1.0,0.0,0.0,0.0,0.0,1.0,0.0,0.0,0.125,0.0,0.875
CAMPO DE LA CRUZ,2017,4,15,1,0.0,0.0,0.0,0.0,0.0,0.0,1.0,0.0,0.0,0.0,0.0,0.0,1.0,1.0,0.0,1.0,0.0,0.0,1.0,1.0,0.0,0.0,0.0,0.0,0.0,1.0,1.0,0.0,0.0,0.0,0.0,1.0
CAMPO DE LA CRUZ,2017,6,24,1,0.0,1.0,0.0,0.0,0.0,0.0,0.0,0.0,0.0,0.0,0.0,0.0,1.0,1.0,0.0,1.0,0.0,0.0,1.0,0.0,1.0,0.0,0.0,0.0,0.0,1.0,1.0,0.0,0.0,0.0,0.0,1.0
CAMPO DE LA CRUZ,2017,8,31,1,0.0,0.0,0.0,0.0,0.0,0.0,1.0,0.0,0.0,0.0,0.0,0.0,1.0,1.0,0.0,0.0,1.0,0.0,1.0,1.0,0.0,0.0,0.0,0.0,0.0,1.0,1.0,0.0,0.0,0.0,0.0,1.0
CAMPO DE LA CRUZ,2017,9,34,1,0.0,0.0,0.0,0.0,1.0,0.0,0.0,0.0,0.0,0.0,0.0,0.0,1.0,1.0,0.0,1.0,0.0,0.0,1.0,1.0,0.0,0.0,0.0,0.0,0.0,1.0,1.0,0.0,0.0,0.0,0.0,1.0
CAMPO DE LA CRUZ,2019,5,20,1,1.0,0.0,0.0,0.0,0.0,0.0,0.0,0.0,0.0,0.0,0.0,0.0,1.0,1.0,0.0,0.0,1.0,0.0,1.0,0.0,1.0,0.0,0.0,0.0,0.0,1.0,1.0,0.0,0.0,1.0,0.0,0.0
CAMPO DE LA CRUZ,2019,7,27,3,0.3333333333333333,0.6666666666666666,0.0,0.0,0.0,0.0,0.0,0.3333333333333333,0.0,0.0,0.0,0.0,0.6666666666666666,1.0,0.0,0.3333333333333333,0.6666666666666666,0.0,1.0,0.0,1.0,0.0,0.0,0.0,0.0,1.0,1.0,0.0,0.0,0.3333333333333333,0.0,0.6666666666666666
CAMPO DE LA CRUZ,2019,7,28,4,0.25,0.25,0.0,0.0,0.0,0.0,0.5,0.0,0.0,0.0,0.0,0.0,1.0,0.75,0.25,0.5,0.5,0.0,1.0,0.5,0.5,0.0,0.0,0.0,0.0,1.0,1.0,0.0,0.0,0.0,0.0,1.0
CAMPO DE LA CRUZ,2019,8,29,1,1.0,0.0,0.0,0.0,0.0,0.0,0.0,0.0,0.0,0.0,0.0,0.0,1.0,1.0,0.0,1.0,0.0,0.0,1.0,0.0,1.0,0.0,0.0,0.0,0.0,1.0,1.0,0.0,0.0,0.0,0.0,1.0
CAMPO DE LA CRUZ,2019,8,30,1,0.0,1.0,0.0,0.0,0.0,0.0,0.0,0.0,0.0,0.0,0.0,0.0,1.0,1.0,0.0,0.0,1.0,0.0,1.0,1.0,0.0,0.0,0.0,0.0,0.0,1.0,1.0,0.0,0.0,1.0,0.0,0.0
CAMPO DE LA CRUZ,2019,8,31,1,0.0,0.0,0.0,0.0,0.0,0.0,1.0,0.0,0.0,0.0,0.0,0.0,1.0,1.0,0.0,1.0,0.0,0.0,1.0,1.0,0.0,0.0,0.0,0.0,0.0,1.0,1.0,0.0,0.0,0.0,0.0,1.0
CAMPO DE LA CRUZ,2019,8,32,1,0.0,0.0,0.0,0.0,0.0,0.0,1.0,0.0,0.0,0.0,0.0,0.0,1.0,1.0,0.0,0.0,1.0,0.0,1.0,0.0,1.0,0.0,0.0,0.0,0.0,1.0,1.0,0.0,0.0,0.0,0.0,1.0
CAMPO DE LA CRUZ,2019,9,34,1,1.0,0.0,0.0,0.0,0.0,0.0,0.0,0.0,0.0,0.0,0.0,0.0,1.0,1.0,0.0,1.0,0.0,0.0,1.0,0.0,1.0,0.0,0.0,0.0,0.0,1.0,1.0,0.0,0.0,1.0,0.0,0.0
CAMPO DE LA CRUZ,2019,9,36,3,0.6666666666666666,0.0,0.0,0.0,0.0,0.0,0.3333333333333333,0.0,0.0,0.0,0.0,0.0,1.0,1.0,0.0,0.3333333333333333,0.6666666666666666,0.0,1.0,0.6666666666666666,0.3333333333333333,0.0,0.0,0.0,0.0,1.0,1.0,0.0,0.0,0.3333333333333333,0.0,0.6666666666666666
CAMPO DE LA CRUZ,2019,10,40,2,1.0,0.0,0.0,0.0,0.0,0.0,0.0,0.0,0.0,0.0,0.0,0.0,1.0,1.0,0.0,0.5,0.5,0.0,1.0,0.5,0.5,0.0,0.0,0.0,0.0,1.0,1.0,0.0,0.0,0.0,0.0,1.0
CAMPO DE LA CRUZ,2019,11,42,1,1.0,0.0,0.0,0.0,0.0,0.0,0.0,0.0,0.0,0.0,0.0,0.0,1.0,1.0,0.0,0.0,1.0,0.0,1.0,1.0,0.0,0.0,0.0,0.0,0.0,1.0,1.0,0.0,0.0,0.0,0.0,1.0
CAMPO DE LA CRUZ,2019,11,43,1,0.0,0.0,0.0,0.0,1.0,0.0,0.0,0.0,0.0,0.0,0.0,0.0,1.0,1.0,0.0,0.0,1.0,0.0,1.0,1.0,0.0,0.0,0.0,0.0,0.0,1.0,1.0,0.0,0.0,1.0,0.0,0.0
CAMPO DE LA CRUZ,2019,12,45,1,1.0,0.0,0.0,0.0,0.0,0.0,0.0,0.0,0.0,0.0,0.0,1.0,0.0,1.0,0.0,0.0,1.0,0.0,1.0,1.0,0.0,0.0,0.0,0.0,0.0,1.0,1.0,0.0,0.0,1.0,0.0,0.0
CAMPO DE LA CRUZ,2019,12,47,1,0.0,1.0,0.0,0.0,0.0,0.0,0.0,0.0,0.0,0.0,0.0,0.0,1.0,1.0,0.0,0.0,1.0,0.0,1.0,0.0,1.0,0.0,0.0,0.0,0.0,1.0,1.0,0.0,0.0,1.0,0.0,0.0
CAMPO DE LA CRUZ,2019,13,49,1,0.0,0.0,0.0,0.0,0.0,0.0,1.0,0.0,0.0,0.0,0.0,0.0,1.0,1.0,0.0,0.0,1.0,0.0,1.0,1.0,0.0,0.0,0.0,0.0,0.0,1.0,1.0,0.0,0.0,0.0,0.0,1.0
CAMPO DE LA CRUZ,2019,13,50,3,1.0,0.0,0.0,0.0,0.0,0.0,0.0,0.6666666666666666,0.0,0.0,0.0,0.0,0.3333333333333333,1.0,0.0,0.3333333333333333,0.6666666666666666,0.0,1.0,0.3333333333333333,0.6666666666666666,0.0,0.0,0.0,0.0,1.0,1.0,0.0,0.0,0.0,0.0,1.0
CAMPO DE LA CRUZ,2019,13,51,3,0.3333333333333333,0.0,0.0,0.0,0.3333333333333333,0.3333333333333333,0.0,0.0,0.0,0.0,0.0,0.0,1.0,1.0,0.0,0.0,1.0,0.0,1.0,0.3333333333333333,0.6666666666666666,0.0,0.0,0.0,0.0,1.0,1.0,0.0,0.0,0.0,0.0,1.0
CAMPO DE LA CRUZ,2019,13,52,1,1.0,0.0,0.0,0.0,0.0,0.0,0.0,0.0,0.0,0.0,0.0,0.0,1.0,1.0,0.0,0.0,1.0,0.0,1.0,0.0,1.0,0.0,0.0,0.0,0.0,1.0,1.0,0.0,0.0,0.0,0.0,1.0
CAMPO DE LA CRUZ,2020,1,4,4,0.5,0.25,0.0,0.0,0.25,0.0,0.0,0.25,0.0,0.0,0.0,0.0,0.75,1.0,0.0,0.75,0.25,0.0,1.0,0.25,0.75,0.0,0.0,0.0,0.0,1.0,1.0,0.0,0.0,0.0,0.0,1.0
CAMPO DE LA CRUZ,2020,3,9,1,0.0,0.0,0.0,0.0,0.0,1.0,0.0,0.0,0.0,0.0,0.0,0.0,1.0,1.0,0.0,0.0,1.0,0.0,1.0,0.0,1.0,0.0,0.0,0.0,0.0,1.0,1.0,0.0,0.0,0.0,0.0,1.0
CAMPO DE LA CRUZ,2020,8,32,1,0.0,0.0,0.0,0.0,0.0,0.0,1.0,0.0,0.0,0.0,0.0,0.0,1.0,1.0,0.0,0.0,1.0,0.0,1.0,1.0,0.0,0.0,0.0,0.0,0.0,1.0,1.0,0.0,0.0,0.0,0.0,1.0
CAMPO DE LA CRUZ,2021,7,27,1,0.0,0.0,1.0,0.0,0.0,0.0,0.0,0.0,0.0,0.0,0.0,0.0,1.0,0.0,1.0,0.0,1.0,0.0,1.0,1.0,0.0,0.0,0.0,0.0,0.0,1.0,1.0,0.0,0.0,0.0,0.0,1.0
CAMPO DE LA CRUZ,2021,8,32,1,0.0,1.0,0.0,0.0,0.0,0.0,0.0,1.0,0.0,0.0,0.0,0.0,0.0,1.0,0.0,1.0,0.0,0.0,1.0,0.0,1.0,0.0,0.0,0.0,0.0,1.0,1.0,0.0,0.0,0.0,0.0,1.0
CAMPO DE LA CRUZ,2021,10,38,1,0.0,1.0,0.0,0.0,0.0,0.0,0.0,1.0,0.0,0.0,0.0,0.0,0.0,0.0,1.0,0.0,1.0,0.0,1.0,0.0,1.0,0.0,0.0,0.0,0.0,1.0,1.0,0.0,0.0,0.0,0.0,1.0
CAMPO DE LA CRUZ,2021,10,39,1,0.0,0.0,0.0,0.0,0.0,0.0,1.0,0.0,0.0,0.0,0.0,0.0,1.0,1.0,0.0,0.0,1.0,0.0,1.0,1.0,0.0,0.0,0.0,0.0,0.0,1.0,1.0,0.0,0.0,0.0,0.0,1.0
CAMPO DE LA CRUZ,2021,11,44,1,0.0,1.0,0.0,0.0,0.0,0.0,0.0,0.0,0.0,0.0,0.0,0.0,1.0,1.0,0.0,1.0,0.0,0.0,1.0,1.0,0.0,0.0,0.0,0.0,0.0,1.0,1.0,0.0,0.0,1.0,0.0,0.0
CAMPO DE LA CRUZ,2021,12,45,1,1.0,0.0,0.0,0.0,0.0,0.0,0.0,0.0,0.0,0.0,0.0,0.0,1.0,1.0,0.0,0.0,1.0,0.0,1.0,0.0,1.0,0.0,0.0,0.0,0.0,1.0,1.0,0.0,0.0,0.0,0.0,1.0
CAMPO DE LA CRUZ,2021,12,47,1,0.0,0.0,0.0,0.0,0.0,0.0,1.0,0.0,0.0,0.0,0.0,0.0,1.0,1.0,0.0,1.0,0.0,0.0,1.0,0.0,1.0,0.0,0.0,0.0,0.0,1.0,1.0,0.0,0.0,1.0,0.0,0.0
CAMPO DE LA CRUZ,2021,12,48,1,0.0,0.0,0.0,0.0,0.0,0.0,1.0,0.0,0.0,0.0,0.0,0.0,1.0,1.0,0.0,1.0,0.0,0.0,1.0,1.0,0.0,0.0,0.0,0.0,0.0,1.0,1.0,0.0,0.0,1.0,0.0,0.0
CAMPO DE LA CRUZ,2021,13,49,2,0.5,0.0,0.0,0.0,0.5,0.0,0.0,0.0,0.0,0.0,0.0,0.0,1.0,1.0,0.0,0.5,0.5,0.0,1.0,0.5,0.5,0.0,0.0,0.0,0.0,1.0,1.0,0.0,0.0,0.5,0.0,0.5
CAMPO DE LA CRUZ,2021,13,51,3,0.0,0.3333333333333333,0.3333333333333333,0.0,0.3333333333333333,0.0,0.0,0.0,0.0,0.0,0.0,0.0,1.0,0.6666666666666666,0.3333333333333333,0.3333333333333333,0.6666666666666666,0.0,1.0,0.3333333333333333,0.6666666666666666,0.0,0.0,0.0,0.0,1.0,1.0,0.0,0.0,0.6666666666666666,0.0,0.3333333333333333
CAMPO DE LA CRUZ,2021,13,52,2,0.0,0.5,0.0,0.0,0.0,0.0,0.5,0.5,0.0,0.0,0.0,0.0,0.5,1.0,0.0,1.0,0.0,0.0,1.0,1.0,0.0,0.0,0.0,0.0,0.0,1.0,1.0,0.0,0.0,1.0,0.0,0.0
CAMPO DE LA CRUZ,2022,1,2,1,0.0,0.0,0.0,0.0,1.0,0.0,0.0,1.0,0.0,0.0,0.0,0.0,0.0,1.0,0.0,0.0,1.0,0.0,1.0,1.0,0.0,0.0,0.0,0.0,0.0,1.0,1.0,0.0,0.0,1.0,0.0,0.0
CAMPO DE LA CRUZ,2022,1,3,1,1.0,0.0,0.0,0.0,0.0,0.0,0.0,0.0,0.0,0.0,0.0,0.0,1.0,1.0,0.0,1.0,0.0,0.0,1.0,1.0,0.0,0.0,0.0,0.0,0.0,1.0,1.0,0.0,0.0,0.0,0.0,1.0
CAMPO DE LA CRUZ,2022,2,5,4,0.25,0.0,0.0,0.0,0.75,0.0,0.0,0.0,0.0,0.0,0.0,0.0,1.0,1.0,0.0,0.25,0.75,0.0,1.0,0.5,0.5,0.0,0.0,0.0,0.0,1.0,1.0,0.0,0.0,0.25,0.0,0.75
CAMPO DE LA CRUZ,2022,2,6,5,0.6,0.0,0.0,0.0,0.2,0.0,0.2,0.0,0.0,0.0,0.0,0.0,1.0,1.0,0.0,0.4,0.6,0.0,1.0,0.2,0.8,0.0,0.0,0.0,0.0,1.0,1.0,0.0,0.0,0.6,0.0,0.4
CAMPO DE LA CRUZ,2022,2,7,7,0.2857142857142857,0.14285714285714285,0.14285714285714285,0.0,0.2857142857142857,0.0,0.14285714285714285,0.14285714285714285,0.0,0.0,0.0,0.14285714285714285,0.7142857142857143,1.0,0.0,0.2857142857142857,0.7142857142857143,0.0,1.0,0.42857142857142855,0.5714285714285714,0.0,0.0,0.0,0.0,1.0,1.0,0.0,0.0,0.5714285714285714,0.0,0.42857142857142855
CAMPO DE LA CRUZ,2022,2,8,1,1.0,0.0,0.0,0.0,0.0,0.0,0.0,0.0,0.0,0.0,0.0,0.0,1.0,1.0,0.0,1.0,0.0,0.0,1.0,0.0,1.0,0.0,0.0,0.0,0.0,1.0,1.0,0.0,0.0,1.0,0.0,0.0
CAMPO DE LA CRUZ,2022,3,9,1,0.0,0.0,0.0,0.0,0.0,0.0,1.0,0.0,0.0,0.0,0.0,0.0,1.0,1.0,0.0,1.0,0.0,0.0,1.0,1.0,0.0,0.0,0.0,0.0,0.0,1.0,1.0,0.0,0.0,1.0,0.0,0.0
CAMPO DE LA CRUZ,2022,3,10,2,0.5,0.0,0.0,0.0,0.0,0.0,0.5,0.0,0.0,0.0,0.0,0.0,1.0,1.0,0.0,0.5,0.5,0.0,1.0,0.5,0.5,0.0,0.0,0.0,0.0,1.0,1.0,0.0,0.0,0.5,0.0,0.5
CAMPO DE LA CRUZ,2022,3,11,1,1.0,0.0,0.0,0.0,0.0,0.0,0.0,0.0,0.0,0.0,0.0,0.0,1.0,1.0,0.0,0.0,1.0,0.0,1.0,0.0,1.0,0.0,0.0,0.0,0.0,1.0,1.0,0.0,0.0,0.0,0.0,1.0
CAMPO DE LA CRUZ,2022,3,12,1,0.0,0.0,0.0,0.0,1.0,0.0,0.0,0.0,0.0,0.0,0.0,0.0,1.0,1.0,0.0,0.0,1.0,0.0,1.0,1.0,0.0,0.0,0.0,0.0,0.0,1.0,1.0,0.0,0.0,0.0,0.0,1.0
CAMPO DE LA CRUZ,2022,4,14,3,0.0,0.0,0.0,0.0,1.0,0.0,0.0,0.0,0.0,0.0,0.0,0.0,1.0,1.0,0.0,0.3333333333333333,0.6666666666666666,0.0,1.0,0.6666666666666666,0.3333333333333333,0.0,0.0,0.0,0.0,1.0,0.3333333333333333,0.0,0.6666666666666666,0.3333333333333333,0.0,0.6666666666666666
CAMPO DE LA CRUZ,2022,4,16,2,0.0,0.5,0.0,0.0,0.5,0.0,0.0,0.0,0.0,0.0,0.0,0.0,1.0,1.0,0.0,0.0,1.0,0.0,1.0,0.5,0.5,0.0,0.0,0.0,0.0,1.0,0.5,0.5,0.0,0.5,0.0,0.5
CAMPO DE LA CRUZ,2022,5,18,1,1.0,0.0,0.0,0.0,0.0,0.0,0.0,0.0,0.0,0.0,0.0,0.0,1.0,1.0,0.0,1.0,0.0,0.0,1.0,0.0,1.0,0.0,0.0,0.0,0.0,1.0,0.0,1.0,0.0,1.0,0.0,0.0
CAMPO DE LA CRUZ,2022,5,20,2,0.5,0.0,0.0,0.0,0.5,0.0,0.0,0.0,0.0,0.0,0.0,0.0,1.0,1.0,0.0,0.5,0.5,0.0,1.0,0.0,1.0,0.0,0.0,0.0,0.0,1.0,1.0,0.0,0.0,1.0,0.0,0.0
CAMPO DE LA CRUZ,2022,6,21,4,0.75,0.0,0.0,0.0,0.0,0.0,0.25,0.0,0.0,0.0,0.25,0.0,0.75,1.0,0.0,0.5,0.5,0.0,1.0,0.25,0.75,0.0,0.0,0.0,0.0,1.0,0.75,0.25,0.0,1.0,0.0,0.0
CAMPO DE LA CRUZ,2022,6,22,3,0.3333333333333333,0.3333333333333333,0.0,0.0,0.3333333333333333,0.0,0.0,0.0,0.0,0.0,0.3333333333333333,0.0,0.6666666666666666,1.0,0.0,0.6666666666666666,0.3333333333333333,0.0,1.0,0.3333333333333333,0.6666666666666666,0.0,0.0,0.0,0.0,1.0,0.6666666666666666,0.3333333333333333,0.0,0.3333333333333333,0.0,0.6666666666666666
CAMPO DE LA CRUZ,2022,6,23,1,0.0,0.0,0.0,0.0,0.0,0.0,1.0,0.0,0.0,0.0,0.0,0.0,1.0,0.0,1.0,0.0,1.0,0.0,1.0,0.0,1.0,0.0,0.0,0.0,0.0,1.0,1.0,0.0,0.0,0.0,0.0,1.0
CAMPO DE LA CRUZ,2022,6,24,3,0.3333333333333333,0.0,0.0,0.0,0.6666666666666666,0.0,0.0,0.0,0.0,0.0,0.0,0.0,1.0,0.6666666666666666,0.3333333333333333,0.3333333333333333,0.6666666666666666,0.0,1.0,1.0,0.0,0.0,0.0,0.0,0.0,1.0,1.0,0.0,0.0,0.6666666666666666,0.0,0.3333333333333333
CAMPO DE LA CRUZ,2022,7,25,2,0.0,0.5,0.0,0.0,0.5,0.0,0.0,0.5,0.0,0.0,0.0,0.0,0.5,1.0,0.0,1.0,0.0,0.0,1.0,1.0,0.0,0.0,0.0,0.0,0.0,1.0,1.0,0.0,0.0,1.0,0.0,0.0
CAMPO DE LA CRUZ,2022,7,26,2,0.5,0.0,0.0,0.0,0.5,0.0,0.0,0.0,0.0,0.0,0.5,0.0,0.5,1.0,0.0,1.0,0.0,0.0,1.0,0.5,0.5,0.0,0.0,0.0,0.0,1.0,1.0,0.0,0.0,1.0,0.0,0.0
CAMPO DE LA CRUZ,2022,7,27,1,0.0,0.0,0.0,0.0,1.0,0.0,0.0,0.0,0.0,0.0,0.0,0.0,1.0,1.0,0.0,1.0,0.0,0.0,1.0,1.0,0.0,0.0,0.0,0.0,0.0,1.0,1.0,0.0,0.0,1.0,0.0,0.0
CAMPO DE LA CRUZ,2022,7,28,8,0.375,0.0,0.0,0.0,0.375,0.125,0.125,0.0,0.0,0.0,0.125,0.125,0.75,1.0,0.0,0.625,0.375,0.0,1.0,0.5,0.5,0.0,0.0,0.0,0.0,1.0,1.0,0.0,0.0,0.75,0.0,0.25
CAMPO DE LA CRUZ,2022,8,29,4,1.0,0.0,0.0,0.0,0.0,0.0,0.0,0.0,0.0,0.0,0.0,0.0,1.0,1.0,0.0,0.5,0.5,0.0,1.0,0.25,0.75,0.0,0.0,0.0,0.0,1.0,1.0,0.0,0.0,0.5,0.0,0.5
CAMPO DE LA CRUZ,2022,8,30,2,0.0,0.0,0.5,0.0,0.5,0.0,0.0,0.0,0.0,0.0,0.0,0.0,1.0,1.0,0.0,1.0,0.0,0.0,1.0,0.5,0.5,0.0,0.0,0.0,0.0,1.0,1.0,0.0,0.0,1.0,0.0,0.0
CAMPO DE LA CRUZ,2022,8,31,2,0.0,0.5,0.0,0.0,0.5,0.0,0.0,0.0,0.0,0.0,0.0,0.0,1.0,1.0,0.0,0.5,0.5,0.0,1.0,0.5,0.5,0.0,0.0,0.0,0.0,1.0,1.0,0.0,0.0,1.0,0.0,0.0
CAMPO DE LA CRUZ,2022,8,32,2,0.0,1.0,0.0,0.0,0.0,0.0,0.0,0.0,0.0,0.0,0.5,0.0,0.5,1.0,0.0,1.0,0.0,0.0,1.0,0.5,0.5,0.0,0.0,0.0,0.0,1.0,1.0,0.0,0.0,1.0,0.0,0.0
CAMPO DE LA CRUZ,2022,9,33,1,0.0,0.0,0.0,0.0,0.0,0.0,1.0,0.0,0.0,0.0,0.0,0.0,1.0,1.0,0.0,1.0,0.0,0.0,1.0,0.0,1.0,0.0,0.0,0.0,0.0,1.0,1.0,0.0,0.0,1.0,0.0,0.0
CAMPO DE LA CRUZ,2022,9,34,2,0.0,0.0,0.0,0.0,0.5,0.0,0.5,0.0,0.0,0.0,0.0,0.0,1.0,1.0,0.0,0.5,0.5,0.0,1.0,1.0,0.0,0.0,0.0,0.0,0.0,1.0,1.0,0.0,0.0,1.0,0.0,0.0
CAMPO DE LA CRUZ,2022,9,35,3,0.3333333333333333,0.3333333333333333,0.0,0.0,0.0,0.0,0.3333333333333333,0.0,0.0,0.0,0.0,0.0,1.0,0.6666666666666666,0.3333333333333333,0.6666666666666666,0.3333333333333333,0.0,1.0,1.0,0.0,0.0,0.0,0.0,0.0,1.0,0.6666666666666666,0.3333333333333333,0.0,0.6666666666666666,0.0,0.3333333333333333
CAMPO DE LA CRUZ,2022,10,37,1,1.0,0.0,0.0,0.0,0.0,0.0,0.0,0.0,0.0,0.0,0.0,0.0,1.0,1.0,0.0,0.0,1.0,0.0,1.0,0.0,1.0,0.0,0.0,0.0,0.0,1.0,1.0,0.0,0.0,0.0,0.0,1.0
CAMPO DE LA CRUZ,2022,10,38,2,0.0,0.5,0.0,0.0,0.5,0.0,0.0,0.0,0.0,0.0,0.0,0.0,1.0,1.0,0.0,0.5,0.5,0.0,1.0,0.0,1.0,0.0,0.0,0.0,0.0,1.0,1.0,0.0,0.0,0.5,0.0,0.5
CAMPO DE LA CRUZ,2022,11,41,1,0.0,0.0,0.0,0.0,1.0,0.0,0.0,0.0,0.0,0.0,0.0,0.0,1.0,1.0,0.0,1.0,0.0,0.0,1.0,1.0,0.0,0.0,0.0,0.0,0.0,1.0,1.0,0.0,0.0,1.0,0.0,0.0
CAMPO DE LA CRUZ,2022,11,44,1,0.0,1.0,0.0,0.0,0.0,0.0,0.0,0.0,0.0,0.0,1.0,0.0,0.0,1.0,0.0,1.0,0.0,0.0,1.0,0.0,1.0,0.0,0.0,0.0,0.0,1.0,1.0,0.0,0.0,1.0,0.0,0.0
CAMPO DE LA CRUZ,2022,12,45,1,0.0,1.0,0.0,0.0,0.0,0.0,0.0,0.0,0.0,0.0,0.0,0.0,1.0,1.0,0.0,0.0,1.0,0.0,1.0,1.0,0.0,0.0,0.0,0.0,0.0,1.0,1.0,0.0,0.0,1.0,0.0,0.0
CAMPO DE LA CRUZ,2022,12,46,1,0.0,1.0,0.0,0.0,0.0,0.0,0.0,0.0,0.0,0.0,0.0,0.0,1.0,1.0,0.0,0.0,1.0,0.0,1.0,0.0,1.0,0.0,0.0,0.0,0.0,1.0,1.0,0.0,0.0,0.0,0.0,1.0
CAMPO DE LA CRUZ,2023,3,12,1,0.0,1.0,0.0,0.0,0.0,0.0,0.0,1.0,0.0,0.0,0.0,0.0,0.0,1.0,0.0,0.0,1.0,0.0,1.0,0.0,1.0,0.0,0.0,0.0,0.0,1.0,1.0,0.0,0.0,0.0,0.0,1.0
CAMPO DE LA CRUZ,2023,5,17,1,0.0,0.0,0.0,0.0,1.0,0.0,0.0,0.0,0.0,0.0,0.0,0.0,1.0,1.0,0.0,1.0,0.0,0.0,1.0,1.0,0.0,0.0,0.0,0.0,0.0,1.0,1.0,0.0,0.0,1.0,0.0,0.0
CAMPO DE LA CRUZ,2023,6,22,1,0.0,0.0,0.0,0.0,0.0,0.0,1.0,0.0,0.0,0.0,0.0,0.0,1.0,1.0,0.0,1.0,0.0,0.0,1.0,0.0,1.0,0.0,0.0,0.0,0.0,1.0,1.0,0.0,0.0,1.0,0.0,0.0
CAMPO DE LA CRUZ,2023,7,25,1,1.0,0.0,0.0,0.0,0.0,0.0,0.0,0.0,0.0,0.0,0.0,0.0,1.0,1.0,0.0,1.0,0.0,0.0,1.0,1.0,0.0,0.0,0.0,0.0,0.0,1.0,1.0,0.0,0.0,1.0,0.0,0.0
CAMPO DE LA CRUZ,2023,7,26,2,0.0,1.0,0.0,0.0,0.0,0.0,0.0,0.0,0.0,0.0,0.0,0.0,1.0,1.0,0.0,1.0,0.0,0.0,1.0,0.5,0.5,0.0,0.0,0.0,0.0,1.0,1.0,0.0,0.0,1.0,0.0,0.0
CAMPO DE LA CRUZ,2023,7,27,2,0.5,0.0,0.0,0.0,0.0,0.5,0.0,0.0,0.0,0.0,0.0,0.0,1.0,1.0,0.0,1.0,0.0,0.0,1.0,0.5,0.5,0.0,0.0,0.0,0.0,1.0,1.0,0.0,0.0,1.0,0.0,0.0
CAMPO DE LA CRUZ,2023,7,28,1,0.0,0.0,0.0,0.0,1.0,0.0,0.0,0.0,0.0,0.0,0.0,0.0,1.0,1.0,0.0,1.0,0.0,0.0,1.0,0.0,1.0,0.0,0.0,0.0,0.0,1.0,1.0,0.0,0.0,1.0,0.0,0.0
CAMPO DE LA CRUZ,2023,8,29,1,0.0,0.0,0.0,0.0,1.0,0.0,0.0,0.0,0.0,0.0,0.0,0.0,1.0,1.0,0.0,1.0,0.0,0.0,1.0,1.0,0.0,0.0,0.0,0.0,0.0,1.0,1.0,0.0,0.0,1.0,0.0,0.0
CAMPO DE LA CRUZ,2023,8,30,1,0.0,0.0,0.0,0.0,0.0,0.0,1.0,0.0,0.0,0.0,0.0,0.0,1.0,1.0,0.0,1.0,0.0,0.0,1.0,0.0,1.0,0.0,0.0,0.0,0.0,1.0,1.0,0.0,0.0,1.0,0.0,0.0
CAMPO DE LA CRUZ,2023,8,31,2,0.5,0.0,0.0,0.0,0.5,0.0,0.0,0.0,0.0,0.0,0.5,0.0,0.5,1.0,0.0,1.0,0.0,0.0,1.0,1.0,0.0,0.0,0.0,0.0,0.0,1.0,1.0,0.0,0.0,1.0,0.0,0.0
CAMPO DE LA CRUZ,2023,9,35,1,0.0,1.0,0.0,0.0,0.0,0.0,0.0,0.0,0.0,0.0,0.0,0.0,1.0,1.0,0.0,0.0,1.0,0.0,1.0,1.0,0.0,0.0,0.0,0.0,0.0,1.0,1.0,0.0,0.0,0.0,0.0,1.0
CAMPO DE LA CRUZ,2023,10,37,1,0.0,0.0,0.0,0.0,1.0,0.0,0.0,0.0,0.0,1.0,0.0,0.0,0.0,1.0,0.0,0.0,1.0,0.0,1.0,0.0,1.0,0.0,0.0,0.0,0.0,1.0,1.0,0.0,0.0,0.0,0.0,1.0
CAMPO DE LA CRUZ,2023,10,38,1,0.0,0.0,0.0,0.0,0.0,0.0,1.0,0.0,0.0,0.0,0.0,0.0,1.0,1.0,0.0,1.0,0.0,0.0,1.0,1.0,0.0,0.0,0.0,0.0,0.0,1.0,1.0,0.0,0.0,1.0,0.0,0.0
CAMPO DE LA CRUZ,2023,13,49,1,1.0,0.0,0.0,0.0,0.0,0.0,0.0,0.0,0.0,0.0,0.0,0.0,1.0,1.0,0.0,1.0,0.0,0.0,1.0,0.0,1.0,0.0,0.0,0.0,0.0,1.0,1.0,0.0,0.0,1.0,0.0,0.0
CANDELARIA,2017,8,29,1,0.0,1.0,0.0,0.0,0.0,0.0,0.0,1.0,0.0,0.0,0.0,0.0,0.0,1.0,0.0,0.0,1.0,0.0,1.0,1.0,0.0,0.0,0.0,0.0,0.0,1.0,1.0,0.0,0.0,0.0,0.0,1.0
CANDELARIA,2017,9,36,1,0.0,0.0,1.0,0.0,0.0,0.0,0.0,0.0,0.0,0.0,0.0,0.0,1.0,1.0,0.0,0.0,1.0,0.0,1.0,0.0,1.0,0.0,0.0,0.0,0.0,1.0,1.0,0.0,0.0,0.0,0.0,1.0
CANDELARIA,2017,10,39,1,1.0,0.0,0.0,0.0,0.0,0.0,0.0,0.0,0.0,0.0,0.0,0.0,1.0,1.0,0.0,1.0,0.0,0.0,1.0,0.0,1.0,0.0,0.0,0.0,0.0,1.0,1.0,0.0,0.0,0.0,0.0,1.0
CANDELARIA,2018,11,42,1,1.0,0.0,0.0,0.0,0.0,0.0,0.0,0.0,0.0,0.0,0.0,0.0,1.0,1.0,0.0,0.0,1.0,0.0,1.0,0.0,1.0,0.0,0.0,0.0,0.0,1.0,1.0,0.0,0.0,0.0,0.0,1.0
CANDELARIA,2019,5,17,1,1.0,0.0,0.0,0.0,0.0,0.0,0.0,0.0,0.0,0.0,0.0,1.0,0.0,1.0,0.0,1.0,0.0,0.0,1.0,1.0,0.0,0.0,0.0,0.0,0.0,1.0,1.0,0.0,0.0,0.0,0.0,1.0
CANDELARIA,2019,6,22,1,1.0,0.0,0.0,0.0,0.0,0.0,0.0,0.0,0.0,0.0,0.0,0.0,1.0,1.0,0.0,0.0,1.0,0.0,1.0,0.0,1.0,0.0,0.0,0.0,0.0,1.0,1.0,0.0,0.0,1.0,0.0,0.0
CANDELARIA,2019,7,26,2,0.0,0.0,0.0,0.0,0.5,0.0,0.5,0.0,0.0,0.0,0.0,0.0,1.0,1.0,0.0,0.5,0.5,0.0,1.0,1.0,0.0,0.0,0.0,0.0,0.0,1.0,1.0,0.0,0.0,0.0,0.0,1.0
CANDELARIA,2019,7,27,1,1.0,0.0,0.0,0.0,0.0,0.0,0.0,0.0,0.0,0.0,0.0,0.0,1.0,1.0,0.0,1.0,0.0,0.0,1.0,0.0,1.0,0.0,0.0,0.0,0.0,1.0,1.0,0.0,0.0,0.0,0.0,1.0
CANDELARIA,2019,8,29,1,0.0,0.0,0.0,0.0,1.0,0.0,0.0,0.0,0.0,0.0,0.0,0.0,1.0,1.0,0.0,0.0,1.0,0.0,1.0,1.0,0.0,0.0,0.0,0.0,0.0,1.0,1.0,0.0,0.0,0.0,0.0,1.0
CANDELARIA,2019,8,31,2,0.0,0.0,0.0,0.0,1.0,0.0,0.0,0.0,0.0,0.0,0.0,0.0,1.0,1.0,0.0,1.0,0.0,0.0,1.0,1.0,0.0,0.0,0.0,0.0,0.0,1.0,1.0,0.0,0.0,0.0,0.0,1.0
CANDELARIA,2019,9,35,2,0.5,0.5,0.0,0.0,0.0,0.0,0.0,1.0,0.0,0.0,0.0,0.0,0.0,1.0,0.0,0.0,1.0,0.0,1.0,0.5,0.5,0.0,0.0,0.0,0.0,1.0,1.0,0.0,0.0,0.0,0.0,1.0
CANDELARIA,2019,9,36,1,1.0,0.0,0.0,0.0,0.0,0.0,0.0,0.0,0.0,0.0,0.0,0.0,1.0,1.0,0.0,1.0,0.0,0.0,1.0,0.0,1.0,0.0,0.0,0.0,0.0,1.0,1.0,0.0,0.0,0.0,0.0,1.0
CANDELARIA,2019,10,37,1,0.0,0.0,0.0,0.0,1.0,0.0,0.0,0.0,0.0,0.0,0.0,0.0,1.0,1.0,0.0,0.0,1.0,0.0,1.0,0.0,1.0,0.0,0.0,0.0,0.0,1.0,0.0,1.0,0.0,1.0,0.0,0.0
CANDELARIA,2019,10,38,1,0.0,0.0,0.0,0.0,1.0,0.0,0.0,0.0,0.0,0.0,0.0,0.0,1.0,1.0,0.0,1.0,0.0,0.0,1.0,1.0,0.0,0.0,0.0,0.0,0.0,1.0,1.0,0.0,0.0,0.0,0.0,1.0
CANDELARIA,2019,10,40,1,0.0,0.0,0.0,0.0,1.0,0.0,0.0,0.0,0.0,0.0,0.0,0.0,1.0,1.0,0.0,0.0,1.0,0.0,1.0,1.0,0.0,0.0,0.0,0.0,0.0,1.0,1.0,0.0,0.0,0.0,0.0,1.0
CANDELARIA,2019,11,42,2,0.5,0.0,0.0,0.0,0.5,0.0,0.0,0.5,0.0,0.0,0.0,0.0,0.5,1.0,0.0,0.0,1.0,0.0,1.0,0.0,1.0,0.0,0.0,0.0,0.0,1.0,1.0,0.0,0.0,0.5,0.0,0.5
CANDELARIA,2019,11,43,4,0.5,0.0,0.0,0.0,0.5,0.0,0.0,0.25,0.0,0.0,0.0,0.0,0.75,1.0,0.0,0.0,1.0,0.0,1.0,0.5,0.5,0.0,0.0,0.0,0.0,1.0,1.0,0.0,0.0,0.25,0.0,0.75
CANDELARIA,2019,11,44,2,0.5,0.5,0.0,0.0,0.0,0.0,0.0,0.5,0.0,0.0,0.0,0.0,0.5,1.0,0.0,0.0,1.0,0.0,1.0,0.0,1.0,0.0,0.0,0.0,0.0,1.0,1.0,0.0,0.0,0.0,0.0,1.0
CANDELARIA,2019,12,45,1,0.0,0.0,0.0,0.0,1.0,0.0,0.0,1.0,0.0,0.0,0.0,0.0,0.0,1.0,0.0,0.0,1.0,0.0,1.0,0.0,1.0,0.0,0.0,0.0,0.0,1.0,1.0,0.0,0.0,0.0,0.0,1.0
CANDELARIA,2019,12,48,1,1.0,0.0,0.0,0.0,0.0,0.0,0.0,0.0,0.0,0.0,0.0,0.0,1.0,1.0,0.0,0.0,1.0,0.0,1.0,1.0,0.0,0.0,0.0,0.0,0.0,1.0,1.0,0.0,0.0,0.0,0.0,1.0
CANDELARIA,2019,13,49,1,0.0,0.0,0.0,0.0,1.0,0.0,0.0,0.0,0.0,0.0,0.0,0.0,1.0,1.0,0.0,0.0,1.0,0.0,1.0,0.0,1.0,0.0,0.0,0.0,0.0,1.0,1.0,0.0,0.0,0.0,0.0,1.0
CANDELARIA,2019,13,50,2,0.0,0.0,0.0,0.0,0.5,0.0,0.5,0.0,0.0,0.0,0.5,0.0,0.5,1.0,0.0,1.0,0.0,0.0,1.0,0.5,0.5,0.0,0.0,0.0,0.0,1.0,1.0,0.0,0.0,0.0,0.0,1.0
CANDELARIA,2019,13,52,1,0.0,1.0,0.0,0.0,0.0,0.0,0.0,1.0,0.0,0.0,0.0,0.0,0.0,1.0,0.0,0.0,1.0,0.0,1.0,1.0,0.0,0.0,0.0,0.0,0.0,1.0,1.0,0.0,0.0,0.0,0.0,1.0
CANDELARIA,2020,1,1,1,1.0,0.0,0.0,0.0,0.0,0.0,0.0,1.0,0.0,0.0,0.0,0.0,0.0,1.0,0.0,1.0,0.0,0.0,1.0,1.0,0.0,0.0,0.0,0.0,0.0,1.0,1.0,0.0,0.0,0.0,0.0,1.0
CANDELARIA,2020,1,4,1,1.0,0.0,0.0,0.0,0.0,0.0,0.0,0.0,0.0,0.0,0.0,0.0,1.0,1.0,0.0,1.0,0.0,0.0,1.0,1.0,0.0,0.0,0.0,0.0,0.0,1.0,1.0,0.0,0.0,0.0,0.0,1.0
CANDELARIA,2021,10,39,1,0.0,0.0,0.0,0.0,0.0,0.0,1.0,0.0,0.0,0.0,0.0,0.0,1.0,1.0,0.0,1.0,0.0,0.0,1.0,0.0,1.0,0.0,0.0,0.0,0.0,1.0,1.0,0.0,0.0,0.0,0.0,1.0
CANDELARIA,2022,5,17,1,0.0,0.0,1.0,0.0,0.0,0.0,0.0,0.0,0.0,0.0,0.0,0.0,1.0,1.0,0.0,1.0,0.0,0.0,1.0,0.0,1.0,0.0,0.0,0.0,0.0,1.0,1.0,0.0,0.0,1.0,0.0,0.0
CANDELARIA,2022,6,22,1,1.0,0.0,0.0,0.0,0.0,0.0,0.0,0.0,0.0,0.0,0.0,0.0,1.0,1.0,0.0,1.0,0.0,0.0,1.0,1.0,0.0,0.0,0.0,0.0,0.0,1.0,1.0,0.0,0.0,1.0,0.0,0.0
CANDELARIA,2022,6,23,1,0.0,0.0,0.0,0.0,0.0,0.0,1.0,0.0,0.0,0.0,0.0,0.0,1.0,1.0,0.0,1.0,0.0,0.0,1.0,1.0,0.0,0.0,0.0,0.0,0.0,1.0,1.0,0.0,0.0,1.0,0.0,0.0
CANDELARIA,2022,7,25,2,0.0,0.0,0.0,0.0,0.0,0.0,1.0,0.5,0.0,0.0,0.0,0.0,0.5,1.0,0.0,0.5,0.5,0.0,1.0,0.0,1.0,0.0,0.0,0.0,0.0,1.0,1.0,0.0,0.0,0.0,0.0,1.0
CANDELARIA,2022,8,29,2,0.5,0.0,0.0,0.0,0.0,0.0,0.5,0.0,0.0,0.0,0.0,0.0,1.0,0.5,0.5,0.5,0.5,0.0,1.0,0.5,0.5,0.0,0.0,0.0,0.0,1.0,1.0,0.0,0.0,0.5,0.0,0.5
CANDELARIA,2022,8,30,1,1.0,0.0,0.0,0.0,0.0,0.0,0.0,0.0,0.0,0.0,0.0,0.0,1.0,1.0,0.0,1.0,0.0,0.0,1.0,1.0,0.0,0.0,0.0,0.0,0.0,1.0,1.0,0.0,0.0,0.0,0.0,1.0
CANDELARIA,2022,9,33,1,1.0,0.0,0.0,0.0,0.0,0.0,0.0,0.0,0.0,0.0,0.0,0.0,1.0,1.0,0.0,1.0,0.0,0.0,1.0,1.0,0.0,0.0,0.0,0.0,0.0,1.0,1.0,0.0,0.0,0.0,0.0,1.0
CANDELARIA,2022,9,34,1,1.0,0.0,0.0,0.0,0.0,0.0,0.0,0.0,0.0,0.0,0.0,0.0,1.0,0.0,1.0,0.0,1.0,0.0,1.0,1.0,0.0,0.0,0.0,0.0,0.0,1.0,1.0,0.0,0.0,0.0,0.0,1.0
CANDELARIA,2022,11,41,1,1.0,0.0,0.0,0.0,0.0,0.0,0.0,0.0,0.0,0.0,0.0,0.0,1.0,1.0,0.0,1.0,0.0,0.0,1.0,0.0,1.0,0.0,0.0,0.0,0.0,1.0,1.0,0.0,0.0,1.0,0.0,0.0
CANDELARIA,2022,11,42,1,0.0,0.0,0.0,0.0,0.0,0.0,1.0,1.0,0.0,0.0,0.0,0.0,0.0,1.0,0.0,1.0,0.0,0.0,1.0,1.0,0.0,0.0,0.0,0.0,0.0,1.0,1.0,0.0,0.0,1.0,0.0,0.0
CANDELARIA,2022,12,47,1,1.0,0.0,0.0,0.0,0.0,0.0,0.0,0.0,0.0,0.0,0.0,0.0,1.0,1.0,0.0,0.0,1.0,0.0,1.0,1.0,0.0,0.0,0.0,0.0,0.0,1.0,1.0,0.0,0.0,1.0,0.0,0.0
CANDELARIA,2023,2,6,1,1.0,0.0,0.0,0.0,0.0,0.0,0.0,1.0,0.0,0.0,0.0,0.0,0.0,1.0,0.0,0.0,1.0,0.0,1.0,0.0,1.0,0.0,0.0,0.0,0.0,1.0,1.0,0.0,0.0,1.0,0.0,0.0
CANDELARIA,2023,2,7,1,0.0,0.0,0.0,0.0,1.0,0.0,0.0,0.0,0.0,0.0,0.0,0.0,1.0,1.0,0.0,0.0,1.0,0.0,1.0,0.0,1.0,0.0,0.0,0.0,0.0,1.0,1.0,0.0,0.0,1.0,0.0,0.0
CANDELARIA,2023,9,34,1,1.0,0.0,0.0,0.0,0.0,0.0,0.0,1.0,0.0,0.0,0.0,0.0,0.0,1.0,0.0,0.0,1.0,0.0,1.0,1.0,0.0,0.0,0.0,0.0,0.0,1.0,0.0,1.0,0.0,0.0,0.0,1.0
CANDELARIA,2023,9,35,2,0.5,0.5,0.0,0.0,0.0,0.0,0.0,0.0,0.0,0.0,0.0,0.0,1.0,0.5,0.5,0.0,1.0,0.0,1.0,0.5,0.5,0.0,0.0,0.0,0.0,1.0,0.5,0.5,0.0,0.0,0.0,1.0
CANDELARIA,2023,9,36,1,1.0,0.0,0.0,0.0,0.0,0.0,0.0,1.0,0.0,0.0,0.0,0.0,0.0,1.0,0.0,1.0,0.0,0.0,1.0,0.0,1.0,0.0,0.0,0.0,0.0,1.0,0.0,1.0,0.0,0.0,0.0,1.0
CANDELARIA,2023,13,51,1,0.0,1.0,0.0,0.0,0.0,0.0,0.0,0.0,0.0,0.0,0.0,0.0,1.0,1.0,0.0,1.0,0.0,0.0,1.0,1.0,0.0,0.0,0.0,0.0,0.0,1.0,1.0,0.0,0.0,1.0,0.0,0.0
GALAPA,2017,2,5,1,0.0,0.0,1.0,0.0,0.0,0.0,0.0,0.0,0.0,0.0,0.0,0.0,1.0,1.0,0.0,1.0,0.0,0.0,1.0,0.0,1.0,0.0,0.0,1.0,0.0,0.0,1.0,0.0,0.0,0.0,0.0,1.0
GALAPA,2017,2,7,1,1.0,0.0,0.0,0.0,0.0,0.0,0.0,0.0,0.0,0.0,0.0,0.0,1.0,1.0,0.0,1.0,0.0,0.0,1.0,0.0,1.0,0.0,0.0,1.0,0.0,0.0,1.0,0.0,0.0,0.0,0.0,1.0
GALAPA,2017,3,12,2,0.0,0.0,0.5,0.0,0.0,0.0,0.5,0.5,0.0,0.0,0.0,0.0,0.5,1.0,0.0,1.0,0.0,0.0,1.0,1.0,0.0,0.0,0.0,1.0,0.0,0.0,1.0,0.0,0.0,0.0,0.0,1.0
GALAPA,2017,4,14,1,0.0,1.0,0.0,0.0,0.0,0.0,0.0,1.0,0.0,0.0,0.0,0.0,0.0,1.0,0.0,1.0,0.0,0.0,1.0,1.0,0.0,0.0,0.0,1.0,0.0,0.0,1.0,0.0,0.0,0.0,0.0,1.0
GALAPA,2017,5,17,1,0.0,0.0,0.0,1.0,0.0,0.0,0.0,0.0,0.0,0.0,0.0,0.0,1.0,1.0,0.0,1.0,0.0,0.0,1.0,0.0,1.0,0.0,0.0,1.0,0.0,0.0,1.0,0.0,0.0,0.0,0.0,1.0
GALAPA,2017,5,20,1,0.0,1.0,0.0,0.0,0.0,0.0,0.0,0.0,0.0,0.0,0.0,0.0,1.0,1.0,0.0,1.0,0.0,0.0,1.0,0.0,1.0,0.0,0.0,1.0,0.0,0.0,1.0,0.0,0.0,0.0,0.0,1.0
GALAPA,2017,6,21,1,0.0,1.0,0.0,0.0,0.0,0.0,0.0,0.0,0.0,0.0,0.0,0.0,1.0,1.0,0.0,1.0,0.0,0.0,1.0,0.0,1.0,0.0,0.0,1.0,0.0,0.0,1.0,0.0,0.0,0.0,0.0,1.0
GALAPA,2017,6,24,2,0.5,0.5,0.0,0.0,0.0,0.0,0.0,0.0,0.0,0.0,0.0,0.0,1.0,1.0,0.0,1.0,0.0,0.0,1.0,0.5,0.5,0.0,0.0,1.0,0.0,0.0,1.0,0.0,0.0,0.0,0.0,1.0
GALAPA,2017,7,26,1,1.0,0.0,0.0,0.0,0.0,0.0,0.0,0.0,0.0,0.0,0.0,0.0,1.0,1.0,0.0,1.0,0.0,0.0,1.0,0.0,1.0,0.0,0.0,1.0,0.0,0.0,1.0,0.0,0.0,0.0,0.0,1.0
GALAPA,2017,9,34,1,0.0,0.0,0.0,0.0,1.0,0.0,0.0,0.0,0.0,0.0,0.0,0.0,1.0,1.0,0.0,1.0,0.0,0.0,1.0,0.0,1.0,0.0,0.0,1.0,0.0,0.0,1.0,0.0,0.0,0.0,0.0,1.0
GALAPA,2017,9,36,1,0.0,1.0,0.0,0.0,0.0,0.0,0.0,0.0,0.0,0.0,0.0,0.0,1.0,1.0,0.0,1.0,0.0,0.0,1.0,0.0,1.0,0.0,0.0,1.0,0.0,0.0,1.0,0.0,0.0,0.0,0.0,1.0
GALAPA,2017,10,38,2,0.5,0.0,0.0,0.0,0.0,0.0,0.5,0.0,0.0,0.0,0.0,0.0,1.0,1.0,0.0,1.0,0.0,0.0,1.0,0.5,0.5,0.0,0.0,1.0,0.0,0.0,1.0,0.0,0.0,0.0,0.0,1.0
GALAPA,2017,10,39,1,0.0,0.0,0.0,0.0,0.0,0.0,1.0,0.0,0.0,0.0,0.0,0.0,1.0,0.0,1.0,0.0,1.0,0.0,1.0,1.0,0.0,0.0,0.0,1.0,0.0,0.0,1.0,0.0,0.0,1.0,0.0,0.0
GALAPA,2017,10,40,3,0.0,0.3333333333333333,0.0,0.0,0.6666666666666666,0.0,0.0,0.0,0.0,0.0,0.0,0.0,1.0,1.0,0.0,0.6666666666666666,0.3333333333333333,0.0,1.0,0.3333333333333333,0.6666666666666666,0.0,0.0,1.0,0.0,0.0,1.0,0.0,0.0,0.0,0.0,1.0
GALAPA,2017,11,41,3,0.0,0.6666666666666666,0.0,0.0,0.3333333333333333,0.0,0.0,0.0,0.0,0.0,0.0,0.3333333333333333,0.6666666666666666,1.0,0.0,1.0,0.0,0.0,1.0,0.0,1.0,0.0,0.0,1.0,0.0,0.0,1.0,0.0,0.0,0.0,0.0,1.0
GALAPA,2017,11,42,5,0.2,0.6,0.0,0.0,0.0,0.0,0.2,0.2,0.0,0.0,0.0,0.0,0.8,1.0,0.0,1.0,0.0,0.0,1.0,0.2,0.8,0.0,0.0,1.0,0.0,0.0,1.0,0.0,0.0,0.0,0.0,1.0
GALAPA,2017,11,43,1,0.0,1.0,0.0,0.0,0.0,0.0,0.0,0.0,0.0,0.0,0.0,0.0,1.0,1.0,0.0,1.0,0.0,0.0,1.0,1.0,0.0,0.0,0.0,1.0,0.0,0.0,1.0,0.0,0.0,0.0,0.0,1.0
GALAPA,2017,11,44,2,0.5,0.5,0.0,0.0,0.0,0.0,0.0,0.5,0.0,0.0,0.0,0.0,0.5,1.0,0.0,1.0,0.0,0.0,1.0,0.5,0.5,0.0,0.0,1.0,0.0,0.0,1.0,0.0,0.0,0.0,0.0,1.0
GALAPA,2017,12,45,1,0.0,1.0,0.0,0.0,0.0,0.0,0.0,0.0,0.0,0.0,0.0,0.0,1.0,1.0,0.0,1.0,0.0,0.0,1.0,1.0,0.0,0.0,0.0,1.0,0.0,0.0,1.0,0.0,0.0,0.0,0.0,1.0
GALAPA,2017,12,46,1,0.0,1.0,0.0,0.0,0.0,0.0,0.0,1.0,0.0,0.0,0.0,0.0,0.0,1.0,0.0,1.0,0.0,0.0,1.0,0.0,1.0,0.0,0.0,1.0,0.0,0.0,1.0,0.0,0.0,0.0,0.0,1.0
GALAPA,2017,13,49,3,0.0,0.6666666666666666,0.3333333333333333,0.0,0.0,0.0,0.0,0.3333333333333333,0.0,0.0,0.0,0.3333333333333333,0.3333333333333333,1.0,0.0,1.0,0.0,0.0,1.0,0.3333333333333333,0.6666666666666666,0.0,0.0,1.0,0.0,0.0,0.6666666666666666,0.3333333333333333,0.0,0.0,0.0,1.0
GALAPA,2017,13,50,1,1.0,0.0,0.0,0.0,0.0,0.0,0.0,0.0,0.0,0.0,0.0,0.0,1.0,1.0,0.0,1.0,0.0,0.0,1.0,1.0,0.0,0.0,0.0,1.0,0.0,0.0,1.0,0.0,0.0,0.0,0.0,1.0
GALAPA,2017,13,51,1,0.0,1.0,0.0,0.0,0.0,0.0,0.0,0.0,0.0,0.0,0.0,0.0,1.0,1.0,0.0,1.0,0.0,0.0,1.0,1.0,0.0,0.0,0.0,1.0,0.0,0.0,1.0,0.0,0.0,0.0,0.0,1.0
GALAPA,2017,13,52,2,0.5,0.5,0.0,0.0,0.0,0.0,0.0,0.0,0.0,0.0,0.0,0.0,1.0,1.0,0.0,1.0,0.0,0.0,1.0,1.0,0.0,0.0,0.0,1.0,0.0,0.0,1.0,0.0,0.0,0.0,0.0,1.0
GALAPA,2018,1,1,1,1.0,0.0,0.0,0.0,0.0,0.0,0.0,1.0,0.0,0.0,0.0,0.0,0.0,1.0,0.0,0.0,1.0,0.0,1.0,1.0,0.0,0.0,0.0,1.0,0.0,0.0,1.0,0.0,0.0,1.0,0.0,0.0
GALAPA,2018,2,7,1,0.0,1.0,0.0,0.0,0.0,0.0,0.0,1.0,0.0,0.0,0.0,0.0,0.0,1.0,0.0,0.0,1.0,0.0,1.0,1.0,0.0,0.0,0.0,1.0,0.0,0.0,1.0,0.0,0.0,1.0,0.0,0.0
GALAPA,2018,4,13,1,0.0,1.0,0.0,0.0,0.0,0.0,0.0,0.0,0.0,0.0,0.0,0.0,1.0,1.0,0.0,0.0,1.0,0.0,1.0,1.0,0.0,0.0,0.0,1.0,0.0,0.0,1.0,0.0,0.0,1.0,0.0,0.0
GALAPA,2018,4,15,1,1.0,0.0,0.0,0.0,0.0,0.0,0.0,0.0,0.0,0.0,0.0,0.0,1.0,1.0,0.0,0.0,1.0,0.0,1.0,1.0,0.0,0.0,0.0,1.0,0.0,0.0,1.0,0.0,0.0,1.0,0.0,0.0
GALAPA,2018,5,19,3,0.3333333333333333,0.6666666666666666,0.0,0.0,0.0,0.0,0.0,0.6666666666666666,0.0,0.0,0.0,0.0,0.3333333333333333,1.0,0.0,0.3333333333333333,0.6666666666666666,0.0,1.0,1.0,0.0,0.0,0.0,1.0,0.0,0.0,1.0,0.0,0.0,0.3333333333333333,0.0,0.6666666666666666
GALAPA,2018,6,22,1,0.0,0.0,1.0,0.0,0.0,0.0,0.0,0.0,0.0,0.0,0.0,0.0,1.0,1.0,0.0,0.0,1.0,0.0,1.0,0.0,1.0,0.0,0.0,1.0,0.0,0.0,1.0,0.0,0.0,0.0,0.0,1.0
GALAPA,2018,7,25,1,0.0,1.0,0.0,0.0,0.0,0.0,0.0,0.0,0.0,0.0,0.0,0.0,1.0,1.0,0.0,1.0,0.0,0.0,1.0,0.0,1.0,0.0,0.0,1.0,0.0,0.0,1.0,0.0,0.0,0.0,0.0,1.0
GALAPA,2018,7,27,1,0.0,0.0,0.0,0.0,1.0,0.0,0.0,0.0,0.0,0.0,0.0,0.0,1.0,1.0,0.0,0.0,1.0,0.0,1.0,1.0,0.0,0.0,0.0,1.0,0.0,0.0,1.0,0.0,0.0,0.0,0.0,1.0
GALAPA,2018,7,28,2,0.0,0.5,0.0,0.0,0.5,0.0,0.0,0.5,0.0,0.0,0.0,0.0,0.5,1.0,0.0,0.5,0.5,0.0,1.0,1.0,0.0,0.0,0.0,1.0,0.0,0.0,1.0,0.0,0.0,0.5,0.0,0.5
GALAPA,2018,8,29,1,1.0,0.0,0.0,0.0,0.0,0.0,0.0,0.0,0.0,0.0,0.0,0.0,1.0,1.0,0.0,0.0,1.0,0.0,1.0,0.0,1.0,0.0,0.0,1.0,0.0,0.0,1.0,0.0,0.0,0.0,0.0,1.0
GALAPA,2018,8,30,1,1.0,0.0,0.0,0.0,0.0,0.0,0.0,0.0,0.0,0.0,0.0,0.0,1.0,1.0,0.0,1.0,0.0,0.0,1.0,1.0,0.0,0.0,0.0,1.0,0.0,0.0,1.0,0.0,0.0,0.0,0.0,1.0
GALAPA,2018,8,31,3,0.6666666666666666,0.0,0.0,0.0,0.0,0.0,0.3333333333333333,0.0,0.0,0.0,0.0,0.0,1.0,1.0,0.0,0.6666666666666666,0.3333333333333333,0.0,1.0,0.6666666666666666,0.3333333333333333,0.0,0.0,1.0,0.0,0.0,1.0,0.0,0.0,0.6666666666666666,0.0,0.3333333333333333
GALAPA,2018,8,32,1,1.0,0.0,0.0,0.0,0.0,0.0,0.0,1.0,0.0,0.0,0.0,0.0,0.0,1.0,0.0,0.0,1.0,0.0,1.0,1.0,0.0,0.0,0.0,1.0,0.0,0.0,1.0,0.0,0.0,0.0,0.0,1.0
GALAPA,2018,9,33,1,0.0,0.0,0.0,0.0,1.0,0.0,0.0,0.0,0.0,0.0,0.0,0.0,1.0,1.0,0.0,1.0,0.0,0.0,1.0,0.0,1.0,0.0,0.0,1.0,0.0,0.0,1.0,0.0,0.0,0.0,0.0,1.0
GALAPA,2018,9,34,1,0.0,1.0,0.0,0.0,0.0,0.0,0.0,1.0,0.0,0.0,0.0,0.0,0.0,1.0,0.0,0.0,1.0,0.0,1.0,0.0,1.0,0.0,0.0,1.0,0.0,0.0,1.0,0.0,0.0,0.0,0.0,1.0
GALAPA,2018,9,35,1,0.0,1.0,0.0,0.0,0.0,0.0,0.0,0.0,0.0,0.0,0.0,0.0,1.0,1.0,0.0,0.0,1.0,0.0,1.0,0.0,1.0,0.0,0.0,1.0,0.0,0.0,1.0,0.0,0.0,1.0,0.0,0.0
GALAPA,2018,10,37,7,0.42857142857142855,0.0,0.0,0.0,0.2857142857142857,0.0,0.2857142857142857,0.42857142857142855,0.0,0.0,0.0,0.0,0.5714285714285714,0.8571428571428571,0.14285714285714285,0.2857142857142857,0.7142857142857143,0.0,1.0,0.5714285714285714,0.42857142857142855,0.0,0.0,1.0,0.0,0.0,1.0,0.0,0.0,0.0,0.0,1.0
GALAPA,2018,10,38,6,0.0,0.16666666666666666,0.0,0.0,0.3333333333333333,0.16666666666666666,0.3333333333333333,0.16666666666666666,0.0,0.0,0.0,0.0,0.8333333333333334,1.0,0.0,0.16666666666666666,0.8333333333333334,0.0,1.0,0.16666666666666666,0.8333333333333334,0.0,0.0,1.0,0.0,0.0,1.0,0.0,0.0,0.6666666666666666,0.0,0.3333333333333333
GALAPA,2018,10,39,7,0.5714285714285714,0.14285714285714285,0.0,0.0,0.14285714285714285,0.0,0.14285714285714285,0.0,0.0,0.0,0.0,0.14285714285714285,0.8571428571428571,1.0,0.0,0.5714285714285714,0.42857142857142855,0.0,1.0,0.7142857142857143,0.2857142857142857,0.0,0.0,1.0,0.0,0.0,1.0,0.0,0.0,0.2857142857142857,0.0,0.7142857142857143
GALAPA,2018,10,40,4,0.25,0.5,0.0,0.0,0.0,0.0,0.25,1.0,0.0,0.0,0.0,0.0,0.0,1.0,0.0,0.25,0.75,0.0,1.0,0.25,0.75,0.0,0.0,1.0,0.0,0.0,1.0,0.0,0.0,0.75,0.0,0.25
GALAPA,2018,11,41,5,0.6,0.2,0.0,0.0,0.2,0.0,0.0,0.0,0.0,0.0,0.0,0.2,0.8,1.0,0.0,0.2,0.8,0.0,1.0,0.2,0.8,0.0,0.0,1.0,0.0,0.0,1.0,0.0,0.0,0.0,0.0,1.0
GALAPA,2018,11,42,6,0.6666666666666666,0.0,0.0,0.0,0.16666666666666666,0.0,0.16666666666666666,0.3333333333333333,0.0,0.0,0.0,0.0,0.6666666666666666,1.0,0.0,0.3333333333333333,0.6666666666666666,0.0,1.0,0.6666666666666666,0.3333333333333333,0.0,0.0,1.0,0.0,0.0,1.0,0.0,0.0,0.5,0.0,0.5
GALAPA,2018,11,43,4,0.75,0.0,0.0,0.0,0.25,0.0,0.0,0.5,0.0,0.0,0.0,0.0,0.5,1.0,0.0,0.5,0.5,0.0,1.0,0.0,1.0,0.0,0.0,1.0,0.0,0.0,1.0,0.0,0.0,0.0,0.0,1.0
GALAPA,2018,11,44,4,0.5,0.0,0.0,0.0,0.0,0.0,0.5,0.5,0.0,0.0,0.0,0.0,0.5,1.0,0.0,0.5,0.5,0.0,1.0,0.75,0.25,0.0,0.0,1.0,0.0,0.0,1.0,0.0,0.0,0.5,0.0,0.5
GALAPA,2018,12,45,5,0.8,0.0,0.0,0.0,0.0,0.0,0.2,0.2,0.0,0.0,0.0,0.0,0.8,0.8,0.2,0.0,1.0,0.0,1.0,0.4,0.6,0.0,0.0,1.0,0.0,0.0,1.0,0.0,0.0,0.2,0.0,0.8
GALAPA,2018,12,46,2,0.5,0.0,0.0,0.0,0.5,0.0,0.0,0.5,0.0,0.0,0.0,0.0,0.5,1.0,0.0,0.0,1.0,0.0,1.0,1.0,0.0,0.0,0.0,1.0,0.0,0.0,1.0,0.0,0.0,0.0,0.0,1.0
GALAPA,2018,12,47,16,0.3125,0.375,0.0625,0.0,0.1875,0.0,0.0625,0.25,0.0,0.0,0.0,0.0,0.75,1.0,0.0,0.6875,0.3125,0.0,1.0,0.25,0.75,0.0,0.0,1.0,0.0,0.0,1.0,0.0,0.0,0.25,0.0,0.75
GALAPA,2018,12,48,2,0.0,0.5,0.0,0.0,0.5,0.0,0.0,0.0,0.0,0.0,0.0,0.0,1.0,1.0,0.0,0.5,0.5,0.0,1.0,0.5,0.5,0.0,0.0,1.0,0.0,0.0,1.0,0.0,0.0,0.0,0.0,1.0
GALAPA,2018,13,49,7,0.5714285714285714,0.0,0.0,0.0,0.0,0.0,0.42857142857142855,0.2857142857142857,0.0,0.0,0.0,0.0,0.7142857142857143,1.0,0.0,0.5714285714285714,0.42857142857142855,0.0,1.0,0.14285714285714285,0.8571428571428571,0.0,0.0,1.0,0.0,0.0,1.0,0.0,0.0,0.14285714285714285,0.0,0.8571428571428571
GALAPA,2018,13,50,13,0.5384615384615384,0.0,0.0,0.0,0.46153846153846156,0.0,0.0,0.23076923076923078,0.0,0.0,0.0,0.0,0.7692307692307693,1.0,0.0,0.3076923076923077,0.6923076923076923,0.0,1.0,0.46153846153846156,0.5384615384615384,0.0,0.0,1.0,0.0,0.0,1.0,0.0,0.0,0.46153846153846156,0.0,0.5384615384615384
GALAPA,2018,13,51,13,0.6923076923076923,0.07692307692307693,0.0,0.0,0.0,0.0,0.23076923076923078,0.23076923076923078,0.0,0.0,0.07692307692307693,0.07692307692307693,0.6153846153846154,1.0,0.0,0.38461538461538464,0.6153846153846154,0.0,1.0,0.3076923076923077,0.6923076923076923,0.0,0.0,1.0,0.0,0.0,1.0,0.0,0.0,0.15384615384615385,0.0,0.8461538461538461
GALAPA,2018,13,52,14,0.5714285714285714,0.14285714285714285,0.07142857142857142,0.0,0.14285714285714285,0.0,0.07142857142857142,0.35714285714285715,0.0,0.0,0.0,0.0,0.6428571428571429,1.0,0.0,0.5714285714285714,0.42857142857142855,0.0,1.0,0.6428571428571429,0.35714285714285715,0.0,0.0,1.0,0.0,0.0,1.0,0.0,0.0,0.2857142857142857,0.0,0.7142857142857143
GALAPA,2019,1,1,9,0.5555555555555556,0.1111111111111111,0.0,0.0,0.3333333333333333,0.0,0.0,0.1111111111111111,0.0,0.0,0.0,0.0,0.8888888888888888,0.8888888888888888,0.1111111111111111,0.1111111111111111,0.8888888888888888,0.1111111111111111,0.8888888888888888,0.6666666666666666,0.3333333333333333,0.0,0.0,1.0,0.0,0.0,1.0,0.0,0.0,0.2222222222222222,0.0,0.7777777777777778
GALAPA,2019,1,2,4,1.0,0.0,0.0,0.0,0.0,0.0,0.0,0.25,0.0,0.0,0.0,0.0,0.75,1.0,0.0,0.5,0.5,0.0,1.0,0.5,0.5,0.0,0.0,1.0,0.0,0.0,1.0,0.0,0.0,0.5,0.0,0.5
GALAPA,2019,1,3,8,0.25,0.0,0.0,0.0,0.5,0.0,0.25,0.125,0.0,0.0,0.0,0.0,0.875,1.0,0.0,0.25,0.75,0.0,1.0,0.625,0.375,0.0,0.0,1.0,0.0,0.0,1.0,0.0,0.0,0.125,0.0,0.875
GALAPA,2019,1,4,3,0.6666666666666666,0.0,0.0,0.0,0.3333333333333333,0.0,0.0,0.3333333333333333,0.0,0.0,0.0,0.0,0.6666666666666666,1.0,0.0,0.3333333333333333,0.6666666666666666,0.0,1.0,0.6666666666666666,0.3333333333333333,0.0,0.0,1.0,0.0,0.0,1.0,0.0,0.0,0.6666666666666666,0.0,0.3333333333333333
GALAPA,2019,2,5,5,0.6,0.2,0.0,0.0,0.0,0.0,0.2,0.6,0.0,0.0,0.0,0.0,0.4,1.0,0.0,0.4,0.6,0.0,1.0,0.6,0.4,0.0,0.0,1.0,0.0,0.0,1.0,0.0,0.0,0.8,0.0,0.2
GALAPA,2019,2,6,2,0.5,0.0,0.0,0.0,0.0,0.0,0.5,0.0,0.0,0.0,0.0,0.0,1.0,1.0,0.0,1.0,0.0,0.0,1.0,0.5,0.5,0.0,0.0,1.0,0.0,0.0,1.0,0.0,0.0,0.0,0.0,1.0
GALAPA,2019,2,7,1,0.0,0.0,0.0,0.0,0.0,0.0,1.0,0.0,0.0,0.0,0.0,0.0,1.0,1.0,0.0,1.0,0.0,0.0,1.0,0.0,1.0,0.0,0.0,1.0,0.0,0.0,1.0,0.0,0.0,0.0,0.0,1.0
GALAPA,2019,3,9,1,0.0,0.0,0.0,0.0,0.0,0.0,1.0,0.0,0.0,0.0,0.0,0.0,1.0,1.0,0.0,0.0,1.0,0.0,1.0,1.0,0.0,0.0,0.0,1.0,0.0,0.0,1.0,0.0,0.0,1.0,0.0,0.0
GALAPA,2019,4,13,2,0.0,1.0,0.0,0.0,0.0,0.0,0.0,0.0,0.0,0.0,0.0,0.0,1.0,1.0,0.0,1.0,0.0,0.0,1.0,0.0,1.0,0.0,0.0,1.0,0.0,0.0,1.0,0.0,0.0,0.0,0.0,1.0
GALAPA,2019,4,16,1,0.0,0.0,0.0,0.0,1.0,0.0,0.0,0.0,0.0,0.0,0.0,0.0,1.0,1.0,0.0,1.0,0.0,0.0,1.0,1.0,0.0,0.0,0.0,1.0,0.0,0.0,1.0,0.0,0.0,0.0,0.0,1.0
GALAPA,2019,6,24,1,1.0,0.0,0.0,0.0,0.0,0.0,0.0,0.0,0.0,0.0,0.0,0.0,1.0,1.0,0.0,0.0,1.0,0.0,1.0,0.0,1.0,0.0,0.0,1.0,0.0,0.0,1.0,0.0,0.0,0.0,0.0,1.0
GALAPA,2019,7,26,3,0.3333333333333333,0.6666666666666666,0.0,0.0,0.0,0.0,0.0,0.0,0.0,0.0,0.0,0.3333333333333333,0.6666666666666666,1.0,0.0,0.3333333333333333,0.6666666666666666,0.0,1.0,0.3333333333333333,0.6666666666666666,0.0,0.0,1.0,0.0,0.0,1.0,0.0,0.0,0.3333333333333333,0.0,0.6666666666666666
GALAPA,2019,8,29,1,0.0,0.0,0.0,0.0,1.0,0.0,0.0,1.0,0.0,0.0,0.0,0.0,0.0,1.0,0.0,0.0,1.0,0.0,1.0,0.0,1.0,0.0,0.0,1.0,0.0,0.0,1.0,0.0,0.0,1.0,0.0,0.0
GALAPA,2019,8,30,1,0.0,1.0,0.0,0.0,0.0,0.0,0.0,1.0,0.0,0.0,0.0,0.0,0.0,1.0,0.0,1.0,0.0,0.0,1.0,1.0,0.0,0.0,0.0,1.0,0.0,0.0,1.0,0.0,0.0,0.0,0.0,1.0
GALAPA,2019,8,32,1,1.0,0.0,0.0,0.0,0.0,0.0,0.0,1.0,0.0,0.0,0.0,0.0,0.0,1.0,0.0,1.0,0.0,0.0,1.0,0.0,1.0,0.0,0.0,1.0,0.0,0.0,1.0,0.0,0.0,0.0,0.0,1.0
GALAPA,2019,9,33,1,0.0,0.0,0.0,0.0,0.0,0.0,1.0,0.0,0.0,0.0,0.0,0.0,1.0,1.0,0.0,0.0,1.0,0.0,1.0,1.0,0.0,0.0,0.0,1.0,0.0,0.0,0.0,1.0,0.0,1.0,0.0,0.0
GALAPA,2019,9,34,1,1.0,0.0,0.0,0.0,0.0,0.0,0.0,0.0,0.0,0.0,0.0,0.0,1.0,1.0,0.0,0.0,1.0,0.0,1.0,0.0,1.0,0.0,0.0,1.0,0.0,0.0,1.0,0.0,0.0,0.0,0.0,1.0
GALAPA,2019,10,40,3,0.3333333333333333,0.3333333333333333,0.0,0.0,0.3333333333333333,0.0,0.0,0.0,0.0,0.0,0.0,0.0,1.0,1.0,0.0,0.0,1.0,0.0,1.0,0.0,1.0,0.0,0.0,1.0,0.0,0.0,0.6666666666666666,0.3333333333333333,0.0,0.6666666666666666,0.0,0.3333333333333333
GALAPA,2019,11,42,1,1.0,0.0,0.0,0.0,0.0,0.0,0.0,1.0,0.0,0.0,0.0,0.0,0.0,1.0,0.0,1.0,0.0,0.0,1.0,0.0,1.0,0.0,0.0,1.0,0.0,0.0,1.0,0.0,0.0,0.0,0.0,1.0
GALAPA,2019,11,44,1,0.0,0.0,0.0,0.0,0.0,0.0,1.0,1.0,0.0,0.0,0.0,0.0,0.0,1.0,0.0,0.0,1.0,0.0,1.0,0.0,1.0,0.0,0.0,1.0,0.0,0.0,1.0,0.0,0.0,1.0,0.0,0.0
GALAPA,2019,12,47,2,1.0,0.0,0.0,0.0,0.0,0.0,0.0,0.5,0.0,0.0,0.0,0.0,0.5,1.0,0.0,0.0,1.0,0.0,1.0,0.5,0.5,0.0,0.0,1.0,0.0,0.0,1.0,0.0,0.0,0.5,0.0,0.5
GALAPA,2019,13,49,3,0.6666666666666666,0.0,0.0,0.0,0.3333333333333333,0.0,0.0,0.3333333333333333,0.0,0.0,0.0,0.0,0.6666666666666666,1.0,0.0,0.6666666666666666,0.3333333333333333,0.0,1.0,0.0,1.0,0.0,0.0,1.0,0.0,0.0,1.0,0.0,0.0,0.6666666666666666,0.0,0.3333333333333333
GALAPA,2019,13,51,2,0.5,0.0,0.0,0.0,0.5,0.0,0.0,0.0,0.0,0.0,0.0,0.0,1.0,1.0,0.0,0.5,0.5,0.0,1.0,0.0,1.0,0.0,0.0,1.0,0.0,0.0,1.0,0.0,0.0,0.0,0.0,1.0
GALAPA,2019,13,52,5,1.0,0.0,0.0,0.0,0.0,0.0,0.0,0.4,0.0,0.0,0.0,0.0,0.6,1.0,0.0,0.2,0.8,0.0,1.0,0.4,0.6,0.0,0.0,1.0,0.0,0.0,1.0,0.0,0.0,0.4,0.0,0.6
GALAPA,2020,1,1,3,1.0,0.0,0.0,0.0,0.0,0.0,0.0,0.6666666666666666,0.0,0.0,0.0,0.0,0.3333333333333333,1.0,0.0,0.3333333333333333,0.6666666666666666,0.0,1.0,0.0,1.0,0.0,0.0,1.0,0.0,0.0,1.0,0.0,0.0,0.6666666666666666,0.0,0.3333333333333333
GALAPA,2020,1,2,7,0.8571428571428571,0.14285714285714285,0.0,0.0,0.0,0.0,0.0,0.14285714285714285,0.0,0.14285714285714285,0.0,0.0,0.7142857142857143,1.0,0.0,0.42857142857142855,0.5714285714285714,0.0,1.0,0.5714285714285714,0.42857142857142855,0.0,0.0,1.0,0.0,0.0,1.0,0.0,0.0,0.5714285714285714,0.0,0.42857142857142855
GALAPA,2020,1,3,7,0.5714285714285714,0.0,0.0,0.0,0.2857142857142857,0.0,0.14285714285714285,0.5714285714285714,0.0,0.0,0.0,0.0,0.42857142857142855,1.0,0.0,0.42857142857142855,0.5714285714285714,0.0,1.0,0.42857142857142855,0.5714285714285714,0.0,0.0,1.0,0.0,0.0,1.0,0.0,0.0,0.42857142857142855,0.0,0.5714285714285714
GALAPA,2020,1,4,6,0.5,0.0,0.0,0.0,0.3333333333333333,0.0,0.16666666666666666,0.5,0.0,0.0,0.0,0.0,0.5,1.0,0.0,0.5,0.5,0.0,1.0,1.0,0.0,0.0,0.0,1.0,0.0,0.0,1.0,0.0,0.0,0.16666666666666666,0.0,0.8333333333333334
GALAPA,2020,2,5,1,0.0,0.0,0.0,0.0,1.0,0.0,0.0,1.0,0.0,0.0,0.0,0.0,0.0,1.0,0.0,1.0,0.0,0.0,1.0,1.0,0.0,0.0,0.0,1.0,0.0,0.0,1.0,0.0,0.0,1.0,0.0,0.0
GALAPA,2020,2,6,3,0.3333333333333333,0.0,0.0,0.0,0.3333333333333333,0.0,0.3333333333333333,0.3333333333333333,0.0,0.0,0.0,0.0,0.6666666666666666,1.0,0.0,0.6666666666666666,0.3333333333333333,0.0,1.0,0.3333333333333333,0.6666666666666666,0.0,0.0,1.0,0.0,0.0,1.0,0.0,0.0,0.0,0.0,1.0
GALAPA,2020,3,9,1,0.0,0.0,1.0,0.0,0.0,0.0,0.0,1.0,0.0,0.0,0.0,0.0,0.0,1.0,0.0,0.0,1.0,0.0,1.0,0.0,1.0,0.0,0.0,1.0,0.0,0.0,1.0,0.0,0.0,0.0,0.0,1.0
GALAPA,2020,3,10,1,1.0,0.0,0.0,0.0,0.0,0.0,0.0,1.0,0.0,0.0,0.0,0.0,0.0,1.0,0.0,0.0,1.0,0.0,1.0,0.0,1.0,0.0,0.0,1.0,0.0,0.0,1.0,0.0,0.0,0.0,0.0,1.0
GALAPA,2020,4,14,1,0.0,0.0,0.0,0.0,1.0,0.0,0.0,1.0,0.0,0.0,0.0,0.0,0.0,1.0,0.0,1.0,0.0,0.0,1.0,1.0,0.0,0.0,0.0,1.0,0.0,0.0,1.0,0.0,0.0,0.0,0.0,1.0
GALAPA,2020,6,23,1,0.0,1.0,0.0,0.0,0.0,0.0,0.0,1.0,0.0,0.0,0.0,0.0,0.0,1.0,0.0,1.0,0.0,0.0,1.0,0.0,1.0,0.0,0.0,1.0,0.0,0.0,1.0,0.0,0.0,0.0,0.0,1.0
GALAPA,2020,6,24,1,0.0,1.0,0.0,0.0,0.0,0.0,0.0,1.0,0.0,0.0,0.0,0.0,0.0,1.0,0.0,1.0,0.0,0.0,1.0,0.0,1.0,0.0,0.0,1.0,0.0,0.0,1.0,0.0,0.0,0.0,0.0,1.0
GALAPA,2020,12,47,1,0.0,0.0,0.0,0.0,1.0,0.0,0.0,1.0,0.0,0.0,0.0,0.0,0.0,1.0,0.0,1.0,0.0,0.0,1.0,1.0,0.0,0.0,0.0,1.0,0.0,0.0,1.0,0.0,0.0,0.0,0.0,1.0
GALAPA,2020,14,53,2,0.5,0.5,0.0,0.0,0.0,0.0,0.0,0.5,0.0,0.0,0.0,0.0,0.5,1.0,0.0,0.0,1.0,0.0,1.0,0.5,0.5,0.0,0.0,1.0,0.0,0.0,1.0,0.0,0.0,0.0,0.0,1.0
GALAPA,2021,1,1,3,0.0,0.3333333333333333,0.3333333333333333,0.0,0.3333333333333333,0.0,0.0,0.3333333333333333,0.0,0.0,0.0,0.0,0.6666666666666666,0.6666666666666666,0.3333333333333333,0.3333333333333333,0.6666666666666666,0.0,1.0,0.0,1.0,0.0,0.0,1.0,0.0,0.0,1.0,0.0,0.0,0.6666666666666666,0.0,0.3333333333333333
GALAPA,2021,1,2,2,0.5,0.0,0.0,0.0,0.0,0.0,0.5,0.5,0.0,0.0,0.0,0.0,0.5,1.0,0.0,0.5,0.5,0.0,1.0,0.5,0.5,0.0,0.0,1.0,0.0,0.0,1.0,0.0,0.0,0.0,0.0,1.0
GALAPA,2021,1,4,2,0.5,0.0,0.0,0.0,0.0,0.0,0.5,0.5,0.0,0.0,0.0,0.0,0.5,1.0,0.0,0.0,1.0,0.0,1.0,1.0,0.0,0.0,0.0,1.0,0.0,0.0,1.0,0.0,0.0,0.0,0.0,1.0
GALAPA,2021,2,5,2,0.5,0.5,0.0,0.0,0.0,0.0,0.0,1.0,0.0,0.0,0.0,0.0,0.0,1.0,0.0,0.0,1.0,0.0,1.0,0.0,1.0,0.0,0.0,1.0,0.0,0.0,1.0,0.0,0.0,0.5,0.0,0.5
GALAPA,2021,2,7,1,0.0,0.0,0.0,0.0,1.0,0.0,0.0,0.0,0.0,0.0,0.0,1.0,0.0,0.0,1.0,0.0,1.0,0.0,1.0,0.0,1.0,0.0,0.0,1.0,0.0,0.0,1.0,0.0,0.0,0.0,0.0,1.0
GALAPA,2021,6,21,1,0.0,0.0,0.0,0.0,0.0,0.0,1.0,1.0,0.0,0.0,0.0,0.0,0.0,1.0,0.0,1.0,0.0,0.0,1.0,1.0,0.0,0.0,0.0,1.0,0.0,0.0,1.0,0.0,0.0,0.0,0.0,1.0
GALAPA,2021,8,29,1,0.0,0.0,1.0,0.0,0.0,0.0,0.0,1.0,0.0,0.0,0.0,0.0,0.0,1.0,0.0,0.0,1.0,0.0,1.0,1.0,0.0,0.0,0.0,1.0,0.0,0.0,1.0,0.0,0.0,0.0,0.0,1.0
GALAPA,2021,9,34,1,0.0,1.0,0.0,0.0,0.0,0.0,0.0,1.0,0.0,0.0,0.0,0.0,0.0,1.0,0.0,0.0,1.0,0.0,1.0,0.0,1.0,0.0,0.0,1.0,0.0,0.0,1.0,0.0,0.0,1.0,0.0,0.0
GALAPA,2021,9,35,1,1.0,0.0,0.0,0.0,0.0,0.0,0.0,1.0,0.0,0.0,0.0,0.0,0.0,1.0,0.0,1.0,0.0,0.0,1.0,1.0,0.0,0.0,0.0,1.0,0.0,0.0,1.0,0.0,0.0,0.0,0.0,1.0
GALAPA,2021,9,36,4,0.25,0.5,0.0,0.0,0.25,0.0,0.0,0.5,0.0,0.0,0.0,0.0,0.5,1.0,0.0,0.0,1.0,0.0,1.0,1.0,0.0,0.0,0.0,1.0,0.0,0.0,1.0,0.0,0.0,0.5,0.0,0.5
GALAPA,2021,10,37,4,0.5,0.5,0.0,0.0,0.0,0.0,0.0,0.0,0.0,0.0,0.0,0.0,1.0,1.0,0.0,0.5,0.5,0.0,1.0,0.5,0.5,0.0,0.0,1.0,0.0,0.0,1.0,0.0,0.0,0.0,0.0,1.0
GALAPA,2021,10,38,9,0.6666666666666666,0.2222222222222222,0.0,0.0,0.1111111111111111,0.0,0.0,0.1111111111111111,0.0,0.0,0.0,0.0,0.8888888888888888,1.0,0.0,0.4444444444444444,0.5555555555555556,0.0,1.0,0.7777777777777778,0.2222222222222222,0.0,0.0,1.0,0.0,0.0,1.0,0.0,0.0,0.0,0.0,1.0
GALAPA,2021,10,39,6,0.3333333333333333,0.16666666666666666,0.0,0.0,0.5,0.0,0.0,0.3333333333333333,0.0,0.0,0.0,0.0,0.6666666666666666,1.0,0.0,0.5,0.5,0.0,1.0,0.3333333333333333,0.6666666666666666,0.0,0.0,1.0,0.0,0.0,1.0,0.0,0.0,0.0,0.0,1.0
GALAPA,2021,10,40,10,0.6,0.1,0.0,0.0,0.2,0.0,0.1,0.6,0.0,0.0,0.0,0.1,0.3,1.0,0.0,0.7,0.3,0.0,1.0,0.4,0.6,0.0,0.0,1.0,0.0,0.0,1.0,0.0,0.0,0.2,0.0,0.8
GALAPA,2021,11,41,6,0.8333333333333334,0.0,0.0,0.0,0.16666666666666666,0.0,0.0,0.3333333333333333,0.0,0.0,0.0,0.0,0.6666666666666666,1.0,0.0,0.16666666666666666,0.8333333333333334,0.0,1.0,0.0,1.0,0.0,0.0,1.0,0.0,0.0,0.8333333333333334,0.16666666666666666,0.0,0.16666666666666666,0.0,0.8333333333333334
GALAPA,2021,11,42,8,0.5,0.25,0.0,0.0,0.125,0.0,0.125,0.25,0.0,0.0,0.0,0.125,0.625,0.875,0.125,0.5,0.5,0.0,1.0,0.625,0.375,0.0,0.0,1.0,0.0,0.0,0.875,0.125,0.0,0.125,0.0,0.875
GALAPA,2021,11,43,10,0.3,0.5,0.0,0.0,0.2,0.0,0.0,0.4,0.0,0.0,0.0,0.0,0.6,0.9,0.1,0.3,0.7,0.0,1.0,0.2,0.8,0.0,0.0,1.0,0.0,0.0,1.0,0.0,0.0,0.0,0.0,1.0
GALAPA,2021,11,44,4,0.5,0.5,0.0,0.0,0.0,0.0,0.0,0.25,0.0,0.0,0.0,0.0,0.75,1.0,0.0,0.5,0.5,0.0,1.0,0.75,0.25,0.0,0.0,1.0,0.0,0.0,1.0,0.0,0.0,0.25,0.0,0.75
GALAPA,2021,12,45,13,0.5384615384615384,0.15384615384615385,0.0,0.0,0.23076923076923078,0.0,0.07692307692307693,0.38461538461538464,0.0,0.0,0.0,0.0,0.6153846153846154,1.0,0.0,0.6923076923076923,0.3076923076923077,0.0,1.0,0.38461538461538464,0.6153846153846154,0.0,0.0,1.0,0.0,0.0,0.9230769230769231,0.07692307692307693,0.0,0.15384615384615385,0.0,0.8461538461538461
GALAPA,2021,12,46,10,0.7,0.2,0.0,0.0,0.1,0.0,0.0,0.6,0.0,0.0,0.0,0.0,0.4,1.0,0.0,0.4,0.6,0.0,1.0,0.4,0.6,0.0,0.0,1.0,0.0,0.0,1.0,0.0,0.0,0.2,0.0,0.8
GALAPA,2021,12,47,10,0.4,0.3,0.0,0.0,0.2,0.0,0.1,0.6,0.0,0.1,0.0,0.0,0.3,1.0,0.0,0.6,0.4,0.0,1.0,0.4,0.6,0.0,0.0,1.0,0.0,0.0,1.0,0.0,0.0,0.5,0.0,0.5
GALAPA,2021,12,48,16,0.3125,0.3125,0.0625,0.0,0.25,0.0,0.0625,0.4375,0.0,0.0,0.0,0.0,0.5625,1.0,0.0,0.6875,0.3125,0.0,1.0,0.5625,0.4375,0.0,0.0,1.0,0.0,0.0,0.9375,0.0625,0.0,0.125,0.0,0.875
GALAPA,2021,13,49,7,0.14285714285714285,0.5714285714285714,0.0,0.0,0.2857142857142857,0.0,0.0,0.2857142857142857,0.0,0.0,0.0,0.14285714285714285,0.5714285714285714,0.8571428571428571,0.14285714285714285,0.2857142857142857,0.7142857142857143,0.0,1.0,0.5714285714285714,0.42857142857142855,0.0,0.0,1.0,0.0,0.0,0.8571428571428571,0.14285714285714285,0.0,0.14285714285714285,0.0,0.8571428571428571
GALAPA,2021,13,50,14,0.42857142857142855,0.2857142857142857,0.0,0.0,0.2857142857142857,0.0,0.0,0.42857142857142855,0.0,0.0,0.0,0.14285714285714285,0.42857142857142855,1.0,0.0,0.6428571428571429,0.35714285714285715,0.0,1.0,0.42857142857142855,0.5714285714285714,0.0,0.0,1.0,0.0,0.0,0.8571428571428571,0.14285714285714285,0.0,0.21428571428571427,0.0,0.7857142857142857
GALAPA,2021,13,51,10,0.5,0.3,0.0,0.0,0.2,0.0,0.0,0.5,0.0,0.0,0.0,0.0,0.5,1.0,0.0,0.5,0.5,0.0,1.0,0.5,0.5,0.0,0.0,1.0,0.0,0.0,1.0,0.0,0.0,0.1,0.0,0.9
GALAPA,2021,13,52,11,0.2727272727272727,0.2727272727272727,0.0,0.0,0.45454545454545453,0.0,0.0,0.5454545454545454,0.0,0.0,0.0,0.0,0.45454545454545453,0.9090909090909091,0.09090909090909091,0.18181818181818182,0.8181818181818182,0.0,1.0,0.6363636363636364,0.36363636363636365,0.0,0.0,1.0,0.0,0.0,1.0,0.0,0.0,0.36363636363636365,0.0,0.6363636363636364
GALAPA,2022,1,1,7,0.5714285714285714,0.2857142857142857,0.0,0.0,0.14285714285714285,0.0,0.0,0.5714285714285714,0.0,0.0,0.0,0.0,0.42857142857142855,0.8571428571428571,0.14285714285714285,0.2857142857142857,0.7142857142857143,0.0,1.0,0.5714285714285714,0.42857142857142855,0.0,0.0,1.0,0.0,0.0,1.0,0.0,0.0,0.14285714285714285,0.0,0.8571428571428571
GALAPA,2022,1,2,9,0.2222222222222222,0.3333333333333333,0.0,0.0,0.2222222222222222,0.0,0.2222222222222222,0.6666666666666666,0.0,0.0,0.0,0.1111111111111111,0.2222222222222222,1.0,0.0,0.4444444444444444,0.5555555555555556,0.0,1.0,0.2222222222222222,0.7777777777777778,0.0,0.0,1.0,0.0,0.0,1.0,0.0,0.0,0.1111111111111111,0.0,0.8888888888888888
GALAPA,2022,1,3,3,0.6666666666666666,0.0,0.0,0.0,0.0,0.0,0.3333333333333333,0.6666666666666666,0.0,0.0,0.0,0.0,0.3333333333333333,1.0,0.0,0.3333333333333333,0.6666666666666666,0.0,1.0,0.3333333333333333,0.6666666666666666,0.0,0.0,1.0,0.0,0.0,1.0,0.0,0.0,0.0,0.0,1.0
GALAPA,2022,1,4,2,0.5,0.0,0.0,0.0,0.5,0.0,0.0,1.0,0.0,0.0,0.0,0.0,0.0,1.0,0.0,0.0,1.0,0.0,1.0,0.5,0.5,0.0,0.0,1.0,0.0,0.0,1.0,0.0,0.0,0.5,0.0,0.5
GALAPA,2022,2,5,1,1.0,0.0,0.0,0.0,0.0,0.0,0.0,1.0,0.0,0.0,0.0,0.0,0.0,0.0,1.0,0.0,1.0,0.0,1.0,0.0,1.0,0.0,0.0,1.0,0.0,0.0,1.0,0.0,0.0,0.0,0.0,1.0
GALAPA,2022,2,6,5,0.6,0.4,0.0,0.0,0.0,0.0,0.0,0.4,0.0,0.0,0.0,0.0,0.6,1.0,0.0,0.4,0.6,0.0,1.0,0.4,0.6,0.0,0.0,1.0,0.0,0.0,1.0,0.0,0.0,0.0,0.0,1.0
GALAPA,2022,2,7,5,0.4,0.6,0.0,0.0,0.0,0.0,0.0,0.4,0.0,0.0,0.0,0.0,0.6,1.0,0.0,0.6,0.4,0.0,1.0,0.8,0.2,0.0,0.0,1.0,0.0,0.0,1.0,0.0,0.0,0.0,0.0,1.0
GALAPA,2022,2,8,2,0.5,0.0,0.0,0.0,0.0,0.0,0.5,0.0,0.0,0.0,0.0,0.0,1.0,1.0,0.0,1.0,0.0,0.0,1.0,0.0,1.0,0.0,0.0,1.0,0.0,0.0,1.0,0.0,0.0,0.0,0.0,1.0
GALAPA,2022,3,9,1,0.0,1.0,0.0,0.0,0.0,0.0,0.0,0.0,0.0,0.0,0.0,0.0,1.0,1.0,0.0,0.0,1.0,0.0,1.0,0.0,1.0,0.0,0.0,1.0,0.0,0.0,1.0,0.0,0.0,1.0,0.0,0.0
GALAPA,2022,3,10,1,1.0,0.0,0.0,0.0,0.0,0.0,0.0,0.0,0.0,0.0,0.0,0.0,1.0,1.0,0.0,1.0,0.0,0.0,1.0,1.0,0.0,0.0,0.0,1.0,0.0,0.0,1.0,0.0,0.0,0.0,0.0,1.0
GALAPA,2022,3,11,2,0.5,0.0,0.0,0.0,0.5,0.0,0.0,0.5,0.0,0.0,0.0,0.0,0.5,1.0,0.0,0.5,0.5,0.0,1.0,0.0,1.0,0.0,0.0,1.0,0.0,0.0,1.0,0.0,0.0,0.0,0.0,1.0
GALAPA,2022,3,12,1,1.0,0.0,0.0,0.0,0.0,0.0,0.0,1.0,0.0,0.0,0.0,0.0,0.0,1.0,0.0,0.0,1.0,0.0,1.0,0.0,1.0,0.0,0.0,1.0,0.0,0.0,1.0,0.0,0.0,0.0,0.0,1.0
GALAPA,2022,4,14,1,0.0,1.0,0.0,0.0,0.0,0.0,0.0,1.0,0.0,0.0,0.0,0.0,0.0,1.0,0.0,0.0,1.0,0.0,1.0,0.0,1.0,0.0,0.0,1.0,0.0,0.0,1.0,0.0,0.0,1.0,0.0,0.0
GALAPA,2022,4,16,4,0.25,0.25,0.0,0.0,0.25,0.0,0.25,0.5,0.0,0.0,0.0,0.0,0.5,1.0,0.0,0.75,0.25,0.0,1.0,0.25,0.75,0.0,0.0,1.0,0.0,0.0,1.0,0.0,0.0,0.25,0.0,0.75
GALAPA,2022,5,17,1,1.0,0.0,0.0,0.0,0.0,0.0,0.0,1.0,0.0,0.0,0.0,0.0,0.0,1.0,0.0,0.0,1.0,0.0,1.0,1.0,0.0,0.0,0.0,1.0,0.0,0.0,1.0,0.0,0.0,1.0,0.0,0.0
GALAPA,2022,5,19,1,1.0,0.0,0.0,0.0,0.0,0.0,0.0,0.0,0.0,0.0,0.0,0.0,1.0,1.0,0.0,0.0,1.0,0.0,1.0,0.0,1.0,0.0,0.0,1.0,0.0,0.0,1.0,0.0,0.0,0.0,0.0,1.0
GALAPA,2022,6,21,1,0.0,1.0,0.0,0.0,0.0,0.0,0.0,1.0,0.0,0.0,0.0,0.0,0.0,1.0,0.0,0.0,1.0,0.0,1.0,0.0,1.0,0.0,0.0,1.0,0.0,0.0,1.0,0.0,0.0,0.0,0.0,1.0
GALAPA,2022,6,22,6,0.6666666666666666,0.3333333333333333,0.0,0.0,0.0,0.0,0.0,0.3333333333333333,0.0,0.0,0.0,0.0,0.6666666666666666,1.0,0.0,0.5,0.5,0.0,1.0,0.6666666666666666,0.3333333333333333,0.0,0.0,1.0,0.0,0.0,1.0,0.0,0.0,0.5,0.0,0.5
GALAPA,2022,6,23,1,0.0,1.0,0.0,0.0,0.0,0.0,0.0,1.0,0.0,0.0,0.0,0.0,0.0,1.0,0.0,0.0,1.0,0.0,1.0,0.0,1.0,0.0,0.0,1.0,0.0,0.0,1.0,0.0,0.0,1.0,0.0,0.0
GALAPA,2022,6,24,3,0.0,1.0,0.0,0.0,0.0,0.0,0.0,0.0,0.0,0.0,0.0,0.0,1.0,1.0,0.0,0.3333333333333333,0.6666666666666666,0.0,1.0,0.6666666666666666,0.3333333333333333,0.0,0.0,1.0,0.0,0.0,1.0,0.0,0.0,0.3333333333333333,0.0,0.6666666666666666
GALAPA,2022,7,25,3,0.3333333333333333,0.3333333333333333,0.0,0.0,0.3333333333333333,0.0,0.0,0.0,0.0,0.0,0.0,0.0,1.0,0.6666666666666666,0.3333333333333333,0.6666666666666666,0.3333333333333333,0.0,1.0,1.0,0.0,0.0,0.0,1.0,0.0,0.0,1.0,0.0,0.0,0.0,0.0,1.0
GALAPA,2022,7,26,2,0.5,0.5,0.0,0.0,0.0,0.0,0.0,0.0,0.0,0.0,0.0,0.0,1.0,1.0,0.0,0.5,0.5,0.0,1.0,0.5,0.5,0.0,0.0,1.0,0.0,0.0,1.0,0.0,0.0,0.5,0.0,0.5
GALAPA,2022,7,27,1,1.0,0.0,0.0,0.0,0.0,0.0,0.0,1.0,0.0,0.0,0.0,0.0,0.0,1.0,0.0,0.0,1.0,0.0,1.0,0.0,1.0,0.0,0.0,1.0,0.0,0.0,1.0,0.0,0.0,0.0,0.0,1.0
GALAPA,2022,7,28,3,0.6666666666666666,0.0,0.3333333333333333,0.0,0.0,0.0,0.0,0.6666666666666666,0.0,0.0,0.0,0.0,0.3333333333333333,0.6666666666666666,0.3333333333333333,0.0,1.0,0.0,1.0,0.6666666666666666,0.3333333333333333,0.0,0.0,1.0,0.0,0.0,1.0,0.0,0.0,1.0,0.0,0.0
GALAPA,2022,8,29,10,0.6,0.1,0.0,0.0,0.2,0.0,0.1,0.6,0.0,0.0,0.0,0.0,0.4,1.0,0.0,0.4,0.6,0.0,1.0,0.4,0.6,0.0,0.0,1.0,0.0,0.0,1.0,0.0,0.0,0.4,0.0,0.6
GALAPA,2022,8,30,11,0.5454545454545454,0.18181818181818182,0.0,0.0,0.2727272727272727,0.0,0.0,0.7272727272727273,0.0,0.0,0.0,0.0,0.2727272727272727,1.0,0.0,0.6363636363636364,0.36363636363636365,0.0,1.0,0.36363636363636365,0.6363636363636364,0.0,0.0,1.0,0.0,0.0,1.0,0.0,0.0,0.2727272727272727,0.09090909090909091,0.6363636363636364
GALAPA,2022,8,31,13,0.46153846153846156,0.15384615384615385,0.15384615384615385,0.0,0.23076923076923078,0.0,0.0,0.3076923076923077,0.0,0.0,0.0,0.0,0.6923076923076923,0.9230769230769231,0.07692307692307693,0.15384615384615385,0.8461538461538461,0.0,1.0,0.5384615384615384,0.46153846153846156,0.0,0.0,1.0,0.0,0.0,0.9230769230769231,0.07692307692307693,0.0,0.38461538461538464,0.0,0.6153846153846154
GALAPA,2022,8,32,4,0.25,0.25,0.0,0.0,0.5,0.0,0.0,0.5,0.0,0.0,0.0,0.0,0.5,1.0,0.0,0.75,0.25,0.0,1.0,0.75,0.25,0.0,0.0,1.0,0.0,0.0,1.0,0.0,0.0,0.0,0.0,1.0
GALAPA,2022,9,33,6,0.5,0.5,0.0,0.0,0.0,0.0,0.0,0.5,0.0,0.0,0.0,0.0,0.5,0.8333333333333334,0.16666666666666666,0.3333333333333333,0.6666666666666666,0.0,1.0,0.3333333333333333,0.6666666666666666,0.0,0.0,1.0,0.0,0.0,1.0,0.0,0.0,0.3333333333333333,0.0,0.6666666666666666
GALAPA,2022,9,34,14,0.6428571428571429,0.07142857142857142,0.0,0.0,0.21428571428571427,0.0,0.07142857142857142,0.42857142857142855,0.0,0.0,0.0,0.0,0.5714285714285714,0.8571428571428571,0.14285714285714285,0.21428571428571427,0.7857142857142857,0.0,1.0,0.2857142857142857,0.7142857142857143,0.0,0.0,1.0,0.0,0.0,1.0,0.0,0.0,0.35714285714285715,0.0,0.6428571428571429
GALAPA,2022,9,35,9,0.4444444444444444,0.3333333333333333,0.0,0.0,0.1111111111111111,0.1111111111111111,0.0,0.3333333333333333,0.0,0.0,0.0,0.0,0.6666666666666666,1.0,0.0,0.3333333333333333,0.6666666666666666,0.0,1.0,0.5555555555555556,0.4444444444444444,0.0,0.0,1.0,0.0,0.0,1.0,0.0,0.0,0.2222222222222222,0.0,0.7777777777777778
GALAPA,2022,9,36,10,0.5,0.4,0.0,0.0,0.1,0.0,0.0,0.3,0.0,0.0,0.0,0.0,0.7,0.9,0.1,0.4,0.6,0.0,1.0,0.6,0.4,0.0,0.0,1.0,0.0,0.0,1.0,0.0,0.0,0.4,0.0,0.6
GALAPA,2022,10,37,12,0.4166666666666667,0.4166666666666667,0.0,0.0,0.08333333333333333,0.0,0.08333333333333333,0.3333333333333333,0.0,0.0,0.0,0.0,0.6666666666666666,1.0,0.0,0.5,0.5,0.0,1.0,0.5833333333333334,0.4166666666666667,0.0,0.0,1.0,0.0,0.0,1.0,0.0,0.0,0.5833333333333334,0.0,0.4166666666666667
GALAPA,2022,10,38,6,0.3333333333333333,0.3333333333333333,0.0,0.0,0.3333333333333333,0.0,0.0,0.3333333333333333,0.0,0.0,0.0,0.0,0.6666666666666666,0.8333333333333334,0.16666666666666666,0.3333333333333333,0.6666666666666666,0.0,1.0,0.8333333333333334,0.16666666666666666,0.0,0.0,1.0,0.0,0.0,1.0,0.0,0.0,0.16666666666666666,0.0,0.8333333333333334
GALAPA,2022,10,39,10,0.5,0.4,0.0,0.0,0.1,0.0,0.0,0.2,0.0,0.0,0.0,0.0,0.8,1.0,0.0,0.6,0.4,0.0,1.0,0.5,0.5,0.0,0.0,1.0,0.0,0.0,1.0,0.0,0.0,0.3,0.0,0.7
GALAPA,2022,10,40,11,0.45454545454545453,0.36363636363636365,0.0,0.0,0.18181818181818182,0.0,0.0,0.18181818181818182,0.0,0.09090909090909091,0.0,0.0,0.7272727272727273,0.9090909090909091,0.09090909090909091,0.2727272727272727,0.7272727272727273,0.0,1.0,0.18181818181818182,0.8181818181818182,0.0,0.0,1.0,0.0,0.0,1.0,0.0,0.0,0.2727272727272727,0.0,0.7272727272727273
GALAPA,2022,11,41,12,0.6666666666666666,0.16666666666666666,0.0,0.0,0.08333333333333333,0.0,0.08333333333333333,0.5,0.0,0.0,0.0,0.0,0.5,0.8333333333333334,0.16666666666666666,0.5,0.5,0.0,1.0,0.5833333333333334,0.4166666666666667,0.0,0.0,1.0,0.0,0.0,1.0,0.0,0.0,0.4166666666666667,0.0,0.5833333333333334
GALAPA,2022,11,42,13,0.3076923076923077,0.3076923076923077,0.0,0.0,0.3076923076923077,0.0,0.07692307692307693,0.46153846153846156,0.0,0.0,0.0,0.0,0.5384615384615384,1.0,0.0,0.7692307692307693,0.23076923076923078,0.0,1.0,0.5384615384615384,0.46153846153846156,0.0,0.0,1.0,0.0,0.0,1.0,0.0,0.0,0.38461538461538464,0.0,0.6153846153846154
GALAPA,2022,11,43,17,0.5294117647058824,0.35294117647058826,0.0,0.0,0.058823529411764705,0.0,0.058823529411764705,0.23529411764705882,0.0,0.0,0.0,0.0,0.7647058823529411,0.8823529411764706,0.11764705882352941,0.4117647058823529,0.5882352941176471,0.0,1.0,0.5882352941176471,0.4117647058823529,0.0,0.0,1.0,0.0,0.0,1.0,0.0,0.0,0.058823529411764705,0.0,0.9411764705882353
GALAPA,2022,11,44,26,0.5,0.2692307692307692,0.0,0.0,0.19230769230769232,0.0,0.038461538461538464,0.23076923076923078,0.0,0.07692307692307693,0.0,0.0,0.6923076923076923,0.9230769230769231,0.07692307692307693,0.46153846153846156,0.5384615384615384,0.0,1.0,0.5,0.5,0.0,0.0,1.0,0.0,0.0,1.0,0.0,0.0,0.23076923076923078,0.0,0.7692307692307693
GALAPA,2022,12,45,20,0.65,0.2,0.0,0.0,0.15,0.0,0.0,0.4,0.0,0.0,0.0,0.0,0.6,0.95,0.05,0.55,0.45,0.0,1.0,0.8,0.2,0.0,0.0,1.0,0.0,0.0,1.0,0.0,0.0,0.35,0.0,0.65
GALAPA,2022,12,46,20,0.4,0.1,0.05,0.0,0.4,0.0,0.05,0.25,0.0,0.1,0.0,0.05,0.6,0.9,0.1,0.45,0.55,0.0,1.0,0.4,0.6,0.0,0.0,1.0,0.0,0.0,1.0,0.0,0.0,0.25,0.0,0.75
GALAPA,2022,12,47,9,0.5555555555555556,0.1111111111111111,0.1111111111111111,0.0,0.2222222222222222,0.0,0.0,0.7777777777777778,0.0,0.0,0.0,0.0,0.2222222222222222,1.0,0.0,0.5555555555555556,0.4444444444444444,0.0,1.0,0.4444444444444444,0.5555555555555556,0.0,0.0,1.0,0.0,0.0,1.0,0.0,0.0,0.3333333333333333,0.0,0.6666666666666666
GALAPA,2022,12,48,10,0.5,0.3,0.0,0.0,0.1,0.0,0.1,0.5,0.0,0.0,0.0,0.0,0.5,1.0,0.0,0.4,0.6,0.0,1.0,0.2,0.8,0.0,0.0,1.0,0.0,0.0,1.0,0.0,0.0,0.2,0.0,0.8
GALAPA,2022,13,49,8,0.875,0.125,0.0,0.0,0.0,0.0,0.0,0.25,0.0,0.0,0.0,0.0,0.75,1.0,0.0,0.25,0.75,0.0,1.0,0.25,0.75,0.0,0.0,1.0,0.0,0.0,1.0,0.0,0.0,0.125,0.0,0.875
GALAPA,2022,13,50,16,0.6875,0.125,0.0,0.0,0.0625,0.0625,0.0625,0.5,0.0,0.0,0.0,0.0,0.5,1.0,0.0,0.4375,0.5625,0.0,1.0,0.5,0.5,0.0,0.0,1.0,0.0,0.0,1.0,0.0,0.0,0.375,0.0,0.625
GALAPA,2022,13,51,15,0.26666666666666666,0.4,0.0,0.0,0.3333333333333333,0.0,0.0,0.4,0.0,0.13333333333333333,0.0,0.0,0.4666666666666667,1.0,0.0,0.6,0.4,0.0,1.0,0.3333333333333333,0.6666666666666666,0.0,0.0,1.0,0.0,0.0,1.0,0.0,0.0,0.3333333333333333,0.0,0.6666666666666666
GALAPA,2022,13,52,14,0.6428571428571429,0.21428571428571427,0.0,0.0,0.07142857142857142,0.0,0.07142857142857142,0.35714285714285715,0.0,0.0,0.0,0.07142857142857142,0.5714285714285714,1.0,0.0,0.5714285714285714,0.42857142857142855,0.0,1.0,0.35714285714285715,0.6428571428571429,0.0,0.0,1.0,0.0,0.0,1.0,0.0,0.0,0.35714285714285715,0.0,0.6428571428571429
GALAPA,2023,1,1,11,0.5454545454545454,0.45454545454545453,0.0,0.0,0.0,0.0,0.0,0.2727272727272727,0.0,0.0,0.0,0.0,0.7272727272727273,1.0,0.0,0.36363636363636365,0.6363636363636364,0.0,1.0,0.09090909090909091,0.9090909090909091,0.0,0.0,1.0,0.0,0.0,0.9090909090909091,0.09090909090909091,0.0,0.18181818181818182,0.0,0.8181818181818182
GALAPA,2023,1,2,10,0.4,0.4,0.1,0.0,0.1,0.0,0.0,0.3,0.0,0.0,0.0,0.0,0.7,1.0,0.0,0.4,0.6,0.0,1.0,0.4,0.6,0.0,0.0,1.0,0.0,0.0,1.0,0.0,0.0,0.5,0.0,0.5
GALAPA,2023,1,3,8,0.375,0.25,0.125,0.0,0.25,0.0,0.0,0.25,0.0,0.0,0.0,0.125,0.625,1.0,0.0,0.5,0.5,0.0,1.0,0.75,0.25,0.0,0.0,1.0,0.0,0.0,1.0,0.0,0.0,0.5,0.0,0.5
GALAPA,2023,1,4,6,0.3333333333333333,0.0,0.0,0.0,0.5,0.0,0.16666666666666666,0.0,0.0,0.0,0.0,0.16666666666666666,0.8333333333333334,1.0,0.0,0.6666666666666666,0.3333333333333333,0.0,1.0,0.6666666666666666,0.3333333333333333,0.0,0.0,1.0,0.0,0.0,1.0,0.0,0.0,0.5,0.0,0.5
GALAPA,2023,2,5,3,0.3333333333333333,0.3333333333333333,0.0,0.0,0.3333333333333333,0.0,0.0,0.3333333333333333,0.0,0.0,0.0,0.0,0.6666666666666666,1.0,0.0,0.0,1.0,0.0,1.0,0.3333333333333333,0.6666666666666666,0.0,0.0,1.0,0.0,0.0,1.0,0.0,0.0,0.0,0.0,1.0
GALAPA,2023,2,6,4,0.0,0.0,0.25,0.0,0.5,0.0,0.25,0.25,0.0,0.0,0.0,0.0,0.75,1.0,0.0,0.75,0.25,0.0,1.0,0.25,0.75,0.0,0.0,1.0,0.0,0.0,1.0,0.0,0.0,0.25,0.0,0.75
GALAPA,2023,2,7,4,0.75,0.25,0.0,0.0,0.0,0.0,0.0,0.75,0.0,0.0,0.0,0.0,0.25,1.0,0.0,0.5,0.5,0.0,1.0,1.0,0.0,0.0,0.0,1.0,0.0,0.0,1.0,0.0,0.0,0.75,0.0,0.25
GALAPA,2023,2,8,2,0.5,0.5,0.0,0.0,0.0,0.0,0.0,0.5,0.0,0.0,0.0,0.0,0.5,1.0,0.0,1.0,0.0,0.0,1.0,0.0,1.0,0.0,0.0,1.0,0.0,0.0,1.0,0.0,0.0,0.5,0.0,0.5
GALAPA,2023,3,9,1,0.0,1.0,0.0,0.0,0.0,0.0,0.0,1.0,0.0,0.0,0.0,0.0,0.0,1.0,0.0,0.0,1.0,0.0,1.0,0.0,1.0,0.0,0.0,1.0,0.0,0.0,1.0,0.0,0.0,0.0,0.0,1.0
GALAPA,2023,4,13,1,0.0,0.0,0.0,0.0,0.0,0.0,1.0,1.0,0.0,0.0,0.0,0.0,0.0,1.0,0.0,1.0,0.0,0.0,1.0,1.0,0.0,0.0,0.0,1.0,0.0,0.0,1.0,0.0,0.0,1.0,0.0,0.0
GALAPA,2023,4,15,1,0.0,0.0,0.0,0.0,1.0,0.0,0.0,0.0,0.0,0.0,0.0,0.0,1.0,1.0,0.0,1.0,0.0,0.0,1.0,0.0,1.0,0.0,0.0,1.0,0.0,0.0,1.0,0.0,0.0,0.0,0.0,1.0
GALAPA,2023,5,18,1,0.0,0.0,0.0,0.0,1.0,0.0,0.0,0.0,0.0,0.0,0.0,0.0,1.0,1.0,0.0,1.0,0.0,0.0,1.0,0.0,1.0,0.0,0.0,1.0,0.0,0.0,1.0,0.0,0.0,1.0,0.0,0.0
GALAPA,2023,5,20,1,1.0,0.0,0.0,0.0,0.0,0.0,0.0,0.0,0.0,0.0,0.0,0.0,1.0,1.0,0.0,1.0,0.0,0.0,1.0,1.0,0.0,0.0,0.0,1.0,0.0,0.0,1.0,0.0,0.0,0.0,0.0,1.0
GALAPA,2023,6,23,1,0.0,1.0,0.0,0.0,0.0,0.0,0.0,1.0,0.0,0.0,0.0,0.0,0.0,1.0,0.0,1.0,0.0,0.0,1.0,1.0,0.0,0.0,0.0,1.0,0.0,0.0,1.0,0.0,0.0,1.0,0.0,0.0
GALAPA,2023,7,27,2,0.5,0.5,0.0,0.0,0.0,0.0,0.0,1.0,0.0,0.0,0.0,0.0,0.0,1.0,0.0,0.5,0.5,0.0,1.0,0.5,0.5,0.0,0.0,1.0,0.0,0.0,1.0,0.0,0.0,1.0,0.0,0.0
GALAPA,2023,7,28,1,0.0,0.0,0.0,0.0,1.0,0.0,0.0,0.0,0.0,0.0,0.0,0.0,1.0,1.0,0.0,0.0,1.0,0.0,1.0,0.0,1.0,0.0,0.0,1.0,0.0,0.0,1.0,0.0,0.0,0.0,0.0,1.0
GALAPA,2023,8,29,1,0.0,1.0,0.0,0.0,0.0,0.0,0.0,0.0,0.0,0.0,0.0,0.0,1.0,1.0,0.0,0.0,1.0,0.0,1.0,0.0,1.0,0.0,0.0,1.0,0.0,0.0,1.0,0.0,0.0,0.0,0.0,1.0
GALAPA,2023,8,30,2,0.5,0.0,0.0,0.0,0.5,0.0,0.0,0.0,0.0,0.5,0.0,0.0,0.5,1.0,0.0,0.5,0.5,0.0,1.0,0.0,1.0,0.0,0.0,1.0,0.0,0.0,1.0,0.0,0.0,0.0,0.0,1.0
GALAPA,2023,8,31,4,0.5,0.5,0.0,0.0,0.0,0.0,0.0,0.0,0.0,0.0,0.0,0.0,1.0,1.0,0.0,0.5,0.5,0.0,1.0,0.25,0.75,0.0,0.0,1.0,0.0,0.0,1.0,0.0,0.0,0.25,0.0,0.75
GALAPA,2023,8,32,2,0.5,0.0,0.5,0.0,0.0,0.0,0.0,0.5,0.0,0.0,0.0,0.0,0.5,0.5,0.5,0.5,0.5,0.0,1.0,0.5,0.5,0.0,0.0,1.0,0.0,0.0,1.0,0.0,0.0,0.0,0.0,1.0
GALAPA,2023,9,33,1,0.0,0.0,0.0,0.0,1.0,0.0,0.0,0.0,0.0,0.0,0.0,0.0,1.0,1.0,0.0,0.0,1.0,0.0,1.0,1.0,0.0,0.0,0.0,1.0,0.0,0.0,1.0,0.0,0.0,0.0,0.0,1.0
GALAPA,2023,9,34,3,0.3333333333333333,0.0,0.0,0.0,0.6666666666666666,0.0,0.0,0.3333333333333333,0.3333333333333333,0.0,0.0,0.0,0.3333333333333333,1.0,0.0,0.0,1.0,0.0,1.0,0.3333333333333333,0.6666666666666666,0.0,0.0,1.0,0.0,0.0,1.0,0.0,0.0,0.3333333333333333,0.0,0.6666666666666666
GALAPA,2023,10,38,1,0.0,1.0,0.0,0.0,0.0,0.0,0.0,1.0,0.0,0.0,0.0,0.0,0.0,1.0,0.0,0.0,1.0,0.0,1.0,0.0,1.0,0.0,0.0,1.0,0.0,0.0,1.0,0.0,0.0,0.0,0.0,1.0
GALAPA,2023,11,43,2,1.0,0.0,0.0,0.0,0.0,0.0,0.0,0.0,0.0,0.0,0.0,0.0,1.0,1.0,0.0,0.5,0.5,0.0,1.0,1.0,0.0,0.0,0.0,1.0,0.0,0.0,1.0,0.0,0.0,0.0,0.0,1.0
GALAPA,2023,12,45,1,1.0,0.0,0.0,0.0,0.0,0.0,0.0,0.0,0.0,0.0,0.0,0.0,1.0,1.0,0.0,1.0,0.0,0.0,1.0,1.0,0.0,0.0,0.0,1.0,0.0,0.0,1.0,0.0,0.0,0.0,0.0,1.0
GALAPA,2023,12,46,1,0.0,0.0,0.0,0.0,1.0,0.0,0.0,0.0,0.0,0.0,0.0,0.0,1.0,1.0,0.0,1.0,0.0,0.0,1.0,0.0,1.0,0.0,0.0,1.0,0.0,0.0,1.0,0.0,0.0,0.0,0.0,1.0
GALAPA,2023,13,49,1,1.0,0.0,0.0,0.0,0.0,0.0,0.0,0.0,0.0,0.0,0.0,0.0,1.0,1.0,0.0,1.0,0.0,0.0,1.0,0.0,1.0,0.0,0.0,1.0,0.0,0.0,1.0,0.0,0.0,0.0,0.0,1.0
JUAN DE ACOSTA,2017,7,25,1,0.0,1.0,0.0,0.0,0.0,0.0,0.0,1.0,0.0,0.0,0.0,0.0,0.0,1.0,0.0,1.0,0.0,0.0,1.0,0.0,1.0,0.0,1.0,0.0,0.0,0.0,0.0,0.0,1.0,0.0,0.0,1.0
JUAN DE ACOSTA,2017,13,49,1,0.0,1.0,0.0,0.0,0.0,0.0,0.0,0.0,0.0,0.0,0.0,0.0,1.0,1.0,0.0,0.0,1.0,0.0,1.0,0.0,1.0,0.0,1.0,0.0,0.0,0.0,0.0,1.0,0.0,0.0,0.0,1.0
JUAN DE ACOSTA,2017,13,51,1,0.0,0.0,0.0,0.0,0.0,1.0,0.0,0.0,0.0,0.0,0.0,1.0,0.0,1.0,0.0,0.0,1.0,0.0,1.0,1.0,0.0,0.0,1.0,0.0,0.0,0.0,1.0,0.0,0.0,0.0,0.0,1.0
JUAN DE ACOSTA,2018,1,3,1,0.0,0.0,0.0,0.0,1.0,0.0,0.0,0.0,0.0,0.0,0.0,1.0,0.0,1.0,0.0,0.0,1.0,0.0,1.0,0.0,1.0,0.0,1.0,0.0,0.0,0.0,1.0,0.0,0.0,0.0,0.0,1.0
JUAN DE ACOSTA,2018,4,16,1,1.0,0.0,0.0,0.0,0.0,0.0,0.0,0.0,0.0,0.0,0.0,0.0,1.0,1.0,0.0,0.0,1.0,0.0,1.0,0.0,1.0,0.0,1.0,0.0,0.0,0.0,1.0,0.0,0.0,0.0,0.0,1.0
JUAN DE ACOSTA,2018,5,17,1,0.0,1.0,0.0,0.0,0.0,0.0,0.0,1.0,0.0,0.0,0.0,0.0,0.0,1.0,0.0,1.0,0.0,0.0,1.0,1.0,0.0,0.0,1.0,0.0,0.0,0.0,1.0,0.0,0.0,1.0,0.0,0.0
JUAN DE ACOSTA,2018,5,19,1,0.0,0.0,0.0,0.0,1.0,0.0,0.0,0.0,0.0,0.0,0.0,0.0,1.0,1.0,0.0,1.0,0.0,0.0,1.0,0.0,1.0,0.0,1.0,0.0,0.0,0.0,1.0,0.0,0.0,0.0,0.0,1.0
JUAN DE ACOSTA,2018,5,20,3,0.6666666666666666,0.0,0.0,0.0,0.0,0.0,0.3333333333333333,0.0,0.0,0.0,0.0,0.0,1.0,1.0,0.0,0.3333333333333333,0.6666666666666666,0.0,1.0,1.0,0.0,0.0,1.0,0.0,0.0,0.0,0.3333333333333333,0.6666666666666666,0.0,0.3333333333333333,0.0,0.6666666666666666
JUAN DE ACOSTA,2018,6,21,2,0.0,0.5,0.0,0.0,0.5,0.0,0.0,1.0,0.0,0.0,0.0,0.0,0.0,1.0,0.0,0.5,0.5,0.0,1.0,0.5,0.5,0.0,1.0,0.0,0.0,0.0,0.5,0.5,0.0,0.5,0.0,0.5
JUAN DE ACOSTA,2018,6,23,1,0.0,0.0,0.0,0.0,0.0,0.0,1.0,1.0,0.0,0.0,0.0,0.0,0.0,1.0,0.0,0.0,1.0,0.0,1.0,1.0,0.0,0.0,1.0,0.0,0.0,0.0,1.0,0.0,0.0,1.0,0.0,0.0
JUAN DE ACOSTA,2018,7,27,1,1.0,0.0,0.0,0.0,0.0,0.0,0.0,0.0,0.0,0.0,0.0,0.0,1.0,1.0,0.0,1.0,0.0,0.0,1.0,0.0,1.0,0.0,1.0,0.0,0.0,0.0,0.0,1.0,0.0,0.0,0.0,1.0
JUAN DE ACOSTA,2018,7,28,1,0.0,0.0,0.0,0.0,1.0,0.0,0.0,0.0,0.0,0.0,0.0,0.0,1.0,1.0,0.0,0.0,1.0,0.0,1.0,1.0,0.0,0.0,1.0,0.0,0.0,0.0,1.0,0.0,0.0,1.0,0.0,0.0
JUAN DE ACOSTA,2018,8,30,1,0.0,0.0,0.0,0.0,1.0,0.0,0.0,0.0,0.0,0.0,0.0,0.0,1.0,1.0,0.0,1.0,0.0,0.0,1.0,0.0,1.0,0.0,1.0,0.0,0.0,0.0,1.0,0.0,0.0,0.0,0.0,1.0
JUAN DE ACOSTA,2018,8,32,3,0.6666666666666666,0.0,0.0,0.0,0.3333333333333333,0.0,0.0,0.3333333333333333,0.0,0.0,0.0,0.3333333333333333,0.3333333333333333,1.0,0.0,0.3333333333333333,0.6666666666666666,0.0,1.0,0.0,1.0,0.0,1.0,0.0,0.0,0.0,0.6666666666666666,0.3333333333333333,0.0,0.3333333333333333,0.0,0.6666666666666666
JUAN DE ACOSTA,2018,9,33,1,1.0,0.0,0.0,0.0,0.0,0.0,0.0,0.0,0.0,0.0,0.0,0.0,1.0,1.0,0.0,1.0,0.0,0.0,1.0,0.0,1.0,0.0,1.0,0.0,0.0,0.0,1.0,0.0,0.0,0.0,0.0,1.0
JUAN DE ACOSTA,2018,9,34,5,0.4,0.0,0.0,0.0,0.2,0.0,0.4,0.0,0.0,0.0,0.0,0.2,0.8,1.0,0.0,0.4,0.6,0.0,1.0,0.6,0.4,0.0,1.0,0.0,0.0,0.0,0.8,0.2,0.0,0.4,0.0,0.6
JUAN DE ACOSTA,2018,9,36,1,1.0,0.0,0.0,0.0,0.0,0.0,0.0,1.0,0.0,0.0,0.0,0.0,0.0,1.0,0.0,1.0,0.0,0.0,1.0,1.0,0.0,0.0,1.0,0.0,0.0,0.0,1.0,0.0,0.0,0.0,0.0,1.0
JUAN DE ACOSTA,2018,10,38,1,1.0,0.0,0.0,0.0,0.0,0.0,0.0,0.0,0.0,0.0,0.0,0.0,1.0,1.0,0.0,0.0,1.0,0.0,1.0,0.0,1.0,0.0,1.0,0.0,0.0,0.0,1.0,0.0,0.0,0.0,0.0,1.0
JUAN DE ACOSTA,2018,10,39,2,0.0,0.0,0.0,0.0,0.5,0.0,0.5,0.0,0.0,0.0,0.0,0.0,1.0,1.0,0.0,0.0,1.0,0.0,1.0,1.0,0.0,0.0,1.0,0.0,0.0,0.0,1.0,0.0,0.0,0.5,0.0,0.5
JUAN DE ACOSTA,2018,10,40,3,0.0,0.3333333333333333,0.0,0.0,0.0,0.0,0.6666666666666666,1.0,0.0,0.0,0.0,0.0,0.0,1.0,0.0,0.3333333333333333,0.6666666666666666,0.0,1.0,0.3333333333333333,0.6666666666666666,0.0,1.0,0.0,0.0,0.0,0.6666666666666666,0.0,0.3333333333333333,0.0,0.0,1.0
JUAN DE ACOSTA,2018,11,41,3,0.3333333333333333,0.0,0.0,0.0,0.6666666666666666,0.0,0.0,0.0,0.0,0.0,0.0,0.0,1.0,1.0,0.0,0.3333333333333333,0.6666666666666666,0.0,1.0,0.3333333333333333,0.6666666666666666,0.0,1.0,0.0,0.0,0.0,1.0,0.0,0.0,0.3333333333333333,0.0,0.6666666666666666
JUAN DE ACOSTA,2018,11,42,1,1.0,0.0,0.0,0.0,0.0,0.0,0.0,0.0,0.0,0.0,0.0,0.0,1.0,1.0,0.0,1.0,0.0,0.0,1.0,0.0,1.0,0.0,1.0,0.0,0.0,0.0,0.0,1.0,0.0,0.0,0.0,1.0
JUAN DE ACOSTA,2018,12,45,3,0.3333333333333333,0.6666666666666666,0.0,0.0,0.0,0.0,0.0,0.6666666666666666,0.0,0.0,0.0,0.0,0.3333333333333333,1.0,0.0,1.0,0.0,0.0,1.0,0.6666666666666666,0.3333333333333333,0.0,1.0,0.0,0.0,0.0,1.0,0.0,0.0,0.6666666666666666,0.0,0.3333333333333333
JUAN DE ACOSTA,2018,12,48,2,0.0,0.0,0.0,0.0,0.5,0.0,0.5,0.0,0.0,0.0,0.0,0.0,1.0,1.0,0.0,0.5,0.5,0.0,1.0,1.0,0.0,0.0,1.0,0.0,0.0,0.0,1.0,0.0,0.0,0.5,0.0,0.5
JUAN DE ACOSTA,2018,13,49,2,0.0,0.0,0.0,0.0,0.5,0.0,0.5,0.0,0.0,0.0,0.0,0.0,1.0,1.0,0.0,0.0,1.0,0.0,1.0,1.0,0.0,0.0,1.0,0.0,0.0,0.0,1.0,0.0,0.0,0.0,0.0,1.0
JUAN DE ACOSTA,2018,13,50,6,0.16666666666666666,0.16666666666666666,0.0,0.0,0.3333333333333333,0.0,0.3333333333333333,0.0,0.0,0.0,0.0,0.0,1.0,1.0,0.0,0.0,1.0,0.0,1.0,0.3333333333333333,0.6666666666666666,0.0,1.0,0.0,0.0,0.0,0.8333333333333334,0.0,0.16666666666666666,0.16666666666666666,0.0,0.8333333333333334
JUAN DE ACOSTA,2018,13,51,2,0.5,0.0,0.0,0.0,0.0,0.0,0.5,0.0,0.0,0.0,0.0,0.0,1.0,1.0,0.0,0.0,1.0,0.0,1.0,0.0,1.0,0.0,1.0,0.0,0.0,0.0,1.0,0.0,0.0,0.0,0.0,1.0
JUAN DE ACOSTA,2018,13,52,1,1.0,0.0,0.0,0.0,0.0,0.0,0.0,0.0,0.0,0.0,0.0,0.0,1.0,1.0,0.0,0.0,1.0,0.0,1.0,1.0,0.0,0.0,1.0,0.0,0.0,0.0,1.0,0.0,0.0,0.0,0.0,1.0
JUAN DE ACOSTA,2019,1,1,2,0.0,0.5,0.0,0.0,0.5,0.0,0.0,0.5,0.0,0.0,0.0,0.0,0.5,1.0,0.0,0.0,1.0,0.0,1.0,0.5,0.5,0.0,1.0,0.0,0.0,0.0,1.0,0.0,0.0,0.5,0.0,0.5
JUAN DE ACOSTA,2019,1,2,2,0.0,0.5,0.0,0.0,0.5,0.0,0.0,0.5,0.0,0.0,0.0,0.0,0.5,1.0,0.0,0.5,0.5,0.0,1.0,0.5,0.5,0.0,1.0,0.0,0.0,0.0,0.5,0.5,0.0,1.0,0.0,0.0
JUAN DE ACOSTA,2019,1,3,2,0.0,0.0,0.0,0.0,0.5,0.0,0.5,0.5,0.0,0.0,0.0,0.0,0.5,1.0,0.0,0.5,0.5,0.0,1.0,1.0,0.0,0.0,1.0,0.0,0.0,0.0,1.0,0.0,0.0,0.0,0.5,0.5
JUAN DE ACOSTA,2019,1,4,1,0.0,1.0,0.0,0.0,0.0,0.0,0.0,0.0,0.0,0.0,0.0,1.0,0.0,1.0,0.0,1.0,0.0,0.0,1.0,0.0,1.0,0.0,1.0,0.0,0.0,0.0,1.0,0.0,0.0,1.0,0.0,0.0
JUAN DE ACOSTA,2019,3,9,3,0.6666666666666666,0.0,0.0,0.0,0.3333333333333333,0.0,0.0,0.0,0.0,0.0,0.0,0.0,1.0,1.0,0.0,1.0,0.0,0.0,1.0,0.3333333333333333,0.6666666666666666,0.0,1.0,0.0,0.0,0.0,1.0,0.0,0.0,1.0,0.0,0.0
JUAN DE ACOSTA,2019,3,10,1,0.0,0.0,0.0,0.0,0.0,0.0,1.0,0.0,0.0,0.0,0.0,0.0,1.0,1.0,0.0,1.0,0.0,0.0,1.0,0.0,1.0,0.0,1.0,0.0,0.0,0.0,0.0,1.0,0.0,0.0,0.0,1.0
JUAN DE ACOSTA,2019,4,14,1,0.0,1.0,0.0,0.0,0.0,0.0,0.0,0.0,0.0,0.0,0.0,0.0,1.0,1.0,0.0,1.0,0.0,0.0,1.0,0.0,1.0,0.0,1.0,0.0,0.0,0.0,1.0,0.0,0.0,0.0,0.0,1.0
JUAN DE ACOSTA,2019,5,19,1,0.0,0.0,0.0,0.0,1.0,0.0,0.0,0.0,0.0,0.0,0.0,0.0,1.0,1.0,0.0,1.0,0.0,0.0,1.0,1.0,0.0,0.0,1.0,0.0,0.0,0.0,0.0,0.0,1.0,1.0,0.0,0.0
JUAN DE ACOSTA,2019,7,25,1,0.0,1.0,0.0,0.0,0.0,0.0,0.0,1.0,0.0,0.0,0.0,0.0,0.0,1.0,0.0,0.0,1.0,0.0,1.0,1.0,0.0,0.0,1.0,0.0,0.0,0.0,1.0,0.0,0.0,0.0,0.0,1.0
JUAN DE ACOSTA,2019,7,27,1,1.0,0.0,0.0,0.0,0.0,0.0,0.0,0.0,0.0,0.0,0.0,0.0,1.0,1.0,0.0,0.0,1.0,0.0,1.0,1.0,0.0,0.0,1.0,0.0,0.0,0.0,1.0,0.0,0.0,0.0,0.0,1.0
JUAN DE ACOSTA,2019,7,28,1,1.0,0.0,0.0,0.0,0.0,0.0,0.0,0.0,0.0,0.0,0.0,0.0,1.0,1.0,0.0,0.0,1.0,0.0,1.0,1.0,0.0,0.0,1.0,0.0,0.0,0.0,1.0,0.0,0.0,1.0,0.0,0.0
JUAN DE ACOSTA,2019,8,29,1,0.0,0.0,0.0,0.0,1.0,0.0,0.0,0.0,0.0,0.0,0.0,0.0,1.0,1.0,0.0,0.0,1.0,0.0,1.0,1.0,0.0,0.0,1.0,0.0,0.0,0.0,1.0,0.0,0.0,0.0,0.0,1.0
JUAN DE ACOSTA,2019,8,30,2,0.0,0.0,0.0,0.0,0.5,0.0,0.5,0.0,0.0,0.0,0.0,0.0,1.0,1.0,0.0,0.0,1.0,0.0,1.0,0.0,1.0,0.0,1.0,0.0,0.0,0.0,1.0,0.0,0.0,0.0,0.0,1.0
JUAN DE ACOSTA,2019,8,31,1,1.0,0.0,0.0,0.0,0.0,0.0,0.0,0.0,0.0,0.0,0.0,0.0,1.0,1.0,0.0,0.0,1.0,0.0,1.0,1.0,0.0,0.0,1.0,0.0,0.0,0.0,0.0,0.0,1.0,0.0,0.0,1.0
JUAN DE ACOSTA,2019,9,33,2,0.0,0.5,0.0,0.0,0.5,0.0,0.0,0.5,0.0,0.0,0.0,0.0,0.5,1.0,0.0,0.5,0.5,0.0,1.0,0.5,0.5,0.0,1.0,0.0,0.0,0.0,1.0,0.0,0.0,0.0,0.0,1.0
JUAN DE ACOSTA,2019,9,35,1,0.0,0.0,0.0,0.0,1.0,0.0,0.0,0.0,0.0,0.0,0.0,0.0,1.0,1.0,0.0,0.0,1.0,0.0,1.0,1.0,0.0,0.0,1.0,0.0,0.0,0.0,0.0,1.0,0.0,0.0,0.0,1.0
JUAN DE ACOSTA,2019,10,40,1,1.0,0.0,0.0,0.0,0.0,0.0,0.0,0.0,0.0,0.0,0.0,0.0,1.0,1.0,0.0,0.0,1.0,0.0,1.0,0.0,1.0,0.0,1.0,0.0,0.0,0.0,0.0,1.0,0.0,1.0,0.0,0.0
JUAN DE ACOSTA,2019,11,43,2,0.5,0.5,0.0,0.0,0.0,0.0,0.0,0.5,0.0,0.0,0.0,0.0,0.5,1.0,0.0,0.0,1.0,0.0,1.0,0.5,0.5,0.0,1.0,0.0,0.0,0.0,1.0,0.0,0.0,0.5,0.0,0.5
JUAN DE ACOSTA,2019,12,45,2,1.0,0.0,0.0,0.0,0.0,0.0,0.0,0.0,0.0,0.0,0.0,0.0,1.0,1.0,0.0,0.5,0.5,0.0,1.0,1.0,0.0,0.0,1.0,0.0,0.0,0.0,1.0,0.0,0.0,0.5,0.0,0.5
JUAN DE ACOSTA,2019,12,46,1,1.0,0.0,0.0,0.0,0.0,0.0,0.0,0.0,0.0,0.0,0.0,0.0,1.0,1.0,0.0,0.0,1.0,0.0,1.0,1.0,0.0,0.0,1.0,0.0,0.0,0.0,1.0,0.0,0.0,1.0,0.0,0.0
JUAN DE ACOSTA,2019,12,47,1,0.0,0.0,0.0,0.0,0.0,0.0,1.0,1.0,0.0,0.0,0.0,0.0,0.0,1.0,0.0,0.0,1.0,0.0,1.0,0.0,1.0,0.0,1.0,0.0,0.0,0.0,1.0,0.0,0.0,1.0,0.0,0.0
JUAN DE ACOSTA,2019,12,48,2,1.0,0.0,0.0,0.0,0.0,0.0,0.0,0.0,0.0,0.0,0.0,0.0,1.0,1.0,0.0,0.0,1.0,0.0,1.0,0.5,0.5,0.0,1.0,0.0,0.0,0.0,1.0,0.0,0.0,0.5,0.0,0.5
JUAN DE ACOSTA,2019,13,50,2,0.5,0.0,0.0,0.0,0.5,0.0,0.0,0.5,0.0,0.0,0.0,0.0,0.5,1.0,0.0,0.5,0.5,0.0,1.0,0.5,0.5,0.0,1.0,0.0,0.0,0.0,1.0,0.0,0.0,0.0,0.0,1.0
JUAN DE ACOSTA,2020,1,1,1,0.0,0.0,0.0,0.0,1.0,0.0,0.0,0.0,0.0,0.0,0.0,0.0,1.0,1.0,0.0,0.0,1.0,0.0,1.0,1.0,0.0,0.0,1.0,0.0,0.0,0.0,1.0,0.0,0.0,0.0,0.0,1.0
JUAN DE ACOSTA,2020,1,4,1,0.0,0.0,0.0,0.0,0.0,0.0,1.0,1.0,0.0,0.0,0.0,0.0,0.0,1.0,0.0,0.0,1.0,0.0,1.0,1.0,0.0,0.0,1.0,0.0,0.0,0.0,0.0,1.0,0.0,0.0,0.0,1.0
JUAN DE ACOSTA,2020,3,9,1,0.0,1.0,0.0,0.0,0.0,0.0,0.0,1.0,0.0,0.0,0.0,0.0,0.0,1.0,0.0,0.0,1.0,0.0,1.0,0.0,1.0,0.0,1.0,0.0,0.0,0.0,1.0,0.0,0.0,0.0,0.0,1.0
JUAN DE ACOSTA,2020,3,11,1,0.0,1.0,0.0,0.0,0.0,0.0,0.0,1.0,0.0,0.0,0.0,0.0,0.0,1.0,0.0,1.0,0.0,0.0,1.0,1.0,0.0,0.0,1.0,0.0,0.0,0.0,1.0,0.0,0.0,0.0,0.0,1.0
JUAN DE ACOSTA,2020,3,12,1,0.0,0.0,0.0,0.0,0.0,0.0,1.0,1.0,0.0,0.0,0.0,0.0,0.0,1.0,0.0,0.0,1.0,0.0,1.0,1.0,0.0,0.0,1.0,0.0,0.0,0.0,0.0,0.0,1.0,0.0,0.0,1.0
JUAN DE ACOSTA,2020,10,38,1,0.0,1.0,0.0,0.0,0.0,0.0,0.0,0.0,0.0,0.0,0.0,1.0,0.0,1.0,0.0,0.0,1.0,0.0,1.0,1.0,0.0,0.0,1.0,0.0,0.0,0.0,1.0,0.0,0.0,0.0,0.0,1.0
JUAN DE ACOSTA,2020,12,47,1,0.0,0.0,0.0,0.0,1.0,0.0,0.0,0.0,0.0,0.0,0.0,0.0,1.0,1.0,0.0,1.0,0.0,0.0,1.0,0.0,1.0,0.0,1.0,0.0,0.0,0.0,1.0,0.0,0.0,0.0,0.0,1.0
JUAN DE ACOSTA,2020,13,51,2,0.0,0.5,0.0,0.0,0.5,0.0,0.0,0.5,0.0,0.0,0.0,0.0,0.5,1.0,0.0,0.0,1.0,0.0,1.0,0.5,0.5,0.0,1.0,0.0,0.0,0.0,1.0,0.0,0.0,0.0,0.0,1.0
JUAN DE ACOSTA,2021,1,1,2,0.0,0.0,0.0,0.0,0.5,0.0,0.5,0.5,0.0,0.0,0.0,0.0,0.5,1.0,0.0,1.0,0.0,0.0,1.0,1.0,0.0,0.0,1.0,0.0,0.0,0.0,1.0,0.0,0.0,0.0,0.0,1.0
JUAN DE ACOSTA,2021,1,4,1,0.0,0.0,0.0,0.0,0.0,0.0,1.0,0.0,0.0,0.0,0.0,0.0,1.0,1.0,0.0,0.0,1.0,0.0,1.0,1.0,0.0,0.0,1.0,0.0,0.0,0.0,1.0,0.0,0.0,0.0,0.0,1.0
JUAN DE ACOSTA,2021,2,5,1,0.0,0.0,0.0,0.0,1.0,0.0,0.0,0.0,0.0,0.0,0.0,0.0,1.0,1.0,0.0,1.0,0.0,0.0,1.0,1.0,0.0,0.0,1.0,0.0,0.0,0.0,1.0,0.0,0.0,0.0,0.0,1.0
JUAN DE ACOSTA,2021,6,21,1,0.0,1.0,0.0,0.0,0.0,0.0,0.0,1.0,0.0,0.0,0.0,0.0,0.0,1.0,0.0,1.0,0.0,0.0,1.0,0.0,1.0,0.0,1.0,0.0,0.0,0.0,1.0,0.0,0.0,1.0,0.0,0.0
JUAN DE ACOSTA,2021,6,24,2,0.5,0.5,0.0,0.0,0.0,0.0,0.0,0.5,0.0,0.0,0.0,0.0,0.5,1.0,0.0,0.5,0.5,0.0,1.0,0.5,0.5,0.0,1.0,0.0,0.0,0.0,1.0,0.0,0.0,0.5,0.0,0.5
JUAN DE ACOSTA,2021,8,32,1,1.0,0.0,0.0,0.0,0.0,0.0,0.0,1.0,0.0,0.0,0.0,0.0,0.0,1.0,0.0,0.0,1.0,0.0,1.0,0.0,1.0,0.0,1.0,0.0,0.0,0.0,0.0,1.0,0.0,1.0,0.0,0.0
JUAN DE ACOSTA,2021,9,33,1,0.0,0.0,0.0,0.0,1.0,0.0,0.0,0.0,0.0,0.0,0.0,0.0,1.0,1.0,0.0,1.0,0.0,0.0,1.0,1.0,0.0,0.0,1.0,0.0,0.0,0.0,1.0,0.0,0.0,0.0,0.0,1.0
JUAN DE ACOSTA,2021,9,34,1,0.0,0.0,0.0,0.0,0.0,0.0,1.0,1.0,0.0,0.0,0.0,0.0,0.0,1.0,0.0,1.0,0.0,0.0,1.0,0.0,1.0,0.0,1.0,0.0,0.0,0.0,1.0,0.0,0.0,1.0,0.0,0.0
JUAN DE ACOSTA,2021,9,35,1,0.0,0.0,0.0,0.0,0.0,0.0,1.0,1.0,0.0,0.0,0.0,0.0,0.0,1.0,0.0,0.0,1.0,0.0,1.0,0.0,1.0,0.0,1.0,0.0,0.0,0.0,1.0,0.0,0.0,1.0,0.0,0.0
JUAN DE ACOSTA,2021,9,36,1,0.0,0.0,0.0,0.0,1.0,0.0,0.0,0.0,0.0,0.0,0.0,0.0,1.0,1.0,0.0,0.0,1.0,0.0,1.0,0.0,1.0,0.0,1.0,0.0,0.0,0.0,0.0,0.0,1.0,0.0,0.0,1.0
JUAN DE ACOSTA,2021,10,37,1,0.0,1.0,0.0,0.0,0.0,0.0,0.0,0.0,0.0,0.0,0.0,1.0,0.0,1.0,0.0,1.0,0.0,0.0,1.0,0.0,1.0,0.0,1.0,0.0,0.0,0.0,1.0,0.0,0.0,0.0,0.0,1.0
JUAN DE ACOSTA,2021,11,44,2,0.5,0.0,0.0,0.0,0.5,0.0,0.0,0.0,0.0,0.0,0.0,0.5,0.5,1.0,0.0,0.0,1.0,0.0,1.0,1.0,0.0,0.0,1.0,0.0,0.0,0.0,1.0,0.0,0.0,0.0,0.0,1.0
JUAN DE ACOSTA,2021,12,46,3,0.6666666666666666,0.3333333333333333,0.0,0.0,0.0,0.0,0.0,0.0,0.0,0.0,0.0,0.3333333333333333,0.6666666666666666,1.0,0.0,0.3333333333333333,0.6666666666666666,0.0,1.0,0.3333333333333333,0.6666666666666666,0.0,1.0,0.0,0.0,0.0,1.0,0.0,0.0,0.0,0.0,1.0
JUAN DE ACOSTA,2021,12,47,2,0.5,0.0,0.0,0.0,0.0,0.5,0.0,0.0,0.0,0.0,0.0,0.0,1.0,1.0,0.0,0.5,0.5,0.0,1.0,0.5,0.5,0.0,1.0,0.0,0.0,0.0,0.5,0.5,0.0,0.0,0.0,1.0
JUAN DE ACOSTA,2021,12,48,4,0.75,0.25,0.0,0.0,0.0,0.0,0.0,0.0,0.0,0.0,0.0,0.0,1.0,1.0,0.0,0.0,1.0,0.0,1.0,0.75,0.25,0.0,1.0,0.0,0.0,0.0,0.5,0.5,0.0,0.0,0.0,1.0
JUAN DE ACOSTA,2021,13,49,2,1.0,0.0,0.0,0.0,0.0,0.0,0.0,0.0,0.0,0.0,0.0,0.0,1.0,1.0,0.0,0.0,1.0,0.0,1.0,1.0,0.0,0.0,1.0,0.0,0.0,0.0,1.0,0.0,0.0,0.5,0.0,0.5
JUAN DE ACOSTA,2021,13,51,1,1.0,0.0,0.0,0.0,0.0,0.0,0.0,0.0,0.0,0.0,0.0,0.0,1.0,1.0,0.0,0.0,1.0,0.0,1.0,1.0,0.0,0.0,1.0,0.0,0.0,0.0,1.0,0.0,0.0,1.0,0.0,0.0
JUAN DE ACOSTA,2022,1,1,2,0.0,1.0,0.0,0.0,0.0,0.0,0.0,0.5,0.0,0.0,0.0,0.0,0.5,1.0,0.0,0.5,0.5,0.0,1.0,0.5,0.5,0.0,1.0,0.0,0.0,0.0,1.0,0.0,0.0,0.0,0.0,1.0
JUAN DE ACOSTA,2022,1,2,3,0.0,0.0,0.0,0.0,0.3333333333333333,0.0,0.6666666666666666,0.3333333333333333,0.0,0.0,0.0,0.0,0.6666666666666666,1.0,0.0,0.0,1.0,0.0,1.0,0.3333333333333333,0.6666666666666666,0.0,1.0,0.0,0.0,0.0,1.0,0.0,0.0,0.0,0.0,1.0
JUAN DE ACOSTA,2022,1,4,3,0.3333333333333333,0.0,0.3333333333333333,0.0,0.3333333333333333,0.0,0.0,0.0,0.0,0.3333333333333333,0.0,0.0,0.6666666666666666,1.0,0.0,0.3333333333333333,0.6666666666666666,0.0,1.0,0.3333333333333333,0.6666666666666666,0.0,1.0,0.0,0.0,0.0,0.6666666666666666,0.3333333333333333,0.0,0.3333333333333333,0.0,0.6666666666666666
JUAN DE ACOSTA,2022,2,5,1,0.0,0.0,0.0,0.0,0.0,0.0,1.0,0.0,0.0,0.0,0.0,0.0,1.0,1.0,0.0,0.0,1.0,0.0,1.0,0.0,1.0,0.0,1.0,0.0,0.0,0.0,0.0,1.0,0.0,0.0,0.0,1.0
JUAN DE ACOSTA,2022,2,7,2,0.5,0.0,0.0,0.0,0.0,0.0,0.5,0.0,0.0,0.0,0.0,0.0,1.0,1.0,0.0,0.0,1.0,0.0,1.0,1.0,0.0,0.0,1.0,0.0,0.0,0.0,0.5,0.5,0.0,0.0,0.0,1.0
JUAN DE ACOSTA,2022,3,9,1,1.0,0.0,0.0,0.0,0.0,0.0,0.0,1.0,0.0,0.0,0.0,0.0,0.0,1.0,0.0,0.0,1.0,0.0,1.0,0.0,1.0,0.0,1.0,0.0,0.0,0.0,1.0,0.0,0.0,0.0,0.0,1.0
JUAN DE ACOSTA,2022,5,20,1,1.0,0.0,0.0,0.0,0.0,0.0,0.0,0.0,0.0,0.0,0.0,1.0,0.0,1.0,0.0,0.0,1.0,0.0,1.0,1.0,0.0,0.0,1.0,0.0,0.0,0.0,0.0,1.0,0.0,0.0,0.0,1.0
JUAN DE ACOSTA,2022,6,23,2,1.0,0.0,0.0,0.0,0.0,0.0,0.0,0.0,0.0,0.0,0.0,0.0,1.0,1.0,0.0,0.0,1.0,0.0,1.0,1.0,0.0,0.0,1.0,0.0,0.0,0.0,1.0,0.0,0.0,0.0,0.0,1.0
JUAN DE ACOSTA,2022,7,25,6,0.5,0.16666666666666666,0.0,0.0,0.16666666666666666,0.0,0.16666666666666666,0.16666666666666666,0.0,0.0,0.0,0.16666666666666666,0.6666666666666666,1.0,0.0,0.3333333333333333,0.6666666666666666,0.0,1.0,0.3333333333333333,0.6666666666666666,0.0,1.0,0.0,0.0,0.0,1.0,0.0,0.0,0.5,0.0,0.5
JUAN DE ACOSTA,2022,7,26,7,0.2857142857142857,0.2857142857142857,0.0,0.0,0.42857142857142855,0.0,0.0,0.0,0.0,0.0,0.0,0.14285714285714285,0.8571428571428571,1.0,0.0,0.5714285714285714,0.42857142857142855,0.0,1.0,0.7142857142857143,0.2857142857142857,0.0,1.0,0.0,0.0,0.0,1.0,0.0,0.0,0.8571428571428571,0.0,0.14285714285714285
JUAN DE ACOSTA,2022,7,28,2,1.0,0.0,0.0,0.0,0.0,0.0,0.0,0.0,0.0,0.0,0.0,0.0,1.0,1.0,0.0,0.0,1.0,0.0,1.0,0.5,0.5,0.0,1.0,0.0,0.0,0.0,0.5,0.5,0.0,0.5,0.0,0.5
JUAN DE ACOSTA,2022,8,29,3,0.3333333333333333,0.3333333333333333,0.0,0.0,0.3333333333333333,0.0,0.0,0.0,0.0,0.0,0.0,0.0,1.0,1.0,0.0,0.0,1.0,0.0,1.0,0.3333333333333333,0.6666666666666666,0.0,1.0,0.0,0.0,0.0,1.0,0.0,0.0,0.0,0.0,1.0
JUAN DE ACOSTA,2022,8,31,1,1.0,0.0,0.0,0.0,0.0,0.0,0.0,0.0,0.0,0.0,0.0,0.0,1.0,0.0,1.0,0.0,1.0,0.0,1.0,1.0,0.0,0.0,1.0,0.0,0.0,0.0,1.0,0.0,0.0,0.0,0.0,1.0
JUAN DE ACOSTA,2022,8,32,1,1.0,0.0,0.0,0.0,0.0,0.0,0.0,0.0,0.0,0.0,0.0,0.0,1.0,0.0,1.0,0.0,1.0,0.0,1.0,1.0,0.0,0.0,1.0,0.0,0.0,0.0,1.0,0.0,0.0,0.0,0.0,1.0
JUAN DE ACOSTA,2022,9,33,1,0.0,1.0,0.0,0.0,0.0,0.0,0.0,1.0,0.0,0.0,0.0,0.0,0.0,1.0,0.0,1.0,0.0,0.0,1.0,0.0,1.0,0.0,1.0,0.0,0.0,0.0,1.0,0.0,0.0,1.0,0.0,0.0
JUAN DE ACOSTA,2022,9,34,2,0.5,0.0,0.0,0.0,0.0,0.0,0.5,1.0,0.0,0.0,0.0,0.0,0.0,1.0,0.0,0.0,1.0,0.0,1.0,1.0,0.0,0.0,1.0,0.0,0.0,0.0,1.0,0.0,0.0,0.0,0.0,1.0
JUAN DE ACOSTA,2022,10,38,4,0.75,0.0,0.0,0.0,0.0,0.0,0.25,0.0,0.0,0.0,0.0,0.0,1.0,1.0,0.0,0.25,0.75,0.0,1.0,0.25,0.75,0.0,1.0,0.0,0.0,0.0,1.0,0.0,0.0,0.25,0.0,0.75
JUAN DE ACOSTA,2022,10,39,1,1.0,0.0,0.0,0.0,0.0,0.0,0.0,0.0,0.0,0.0,0.0,0.0,1.0,1.0,0.0,1.0,0.0,0.0,1.0,1.0,0.0,0.0,1.0,0.0,0.0,0.0,1.0,0.0,0.0,0.0,0.0,1.0
JUAN DE ACOSTA,2022,10,40,2,1.0,0.0,0.0,0.0,0.0,0.0,0.0,0.0,0.0,0.0,0.0,0.0,1.0,0.5,0.5,0.0,1.0,0.0,1.0,0.5,0.5,0.0,1.0,0.0,0.0,0.0,1.0,0.0,0.0,0.5,0.0,0.5
JUAN DE ACOSTA,2022,11,41,4,0.5,0.0,0.0,0.0,0.5,0.0,0.0,0.0,0.0,0.0,0.0,0.0,1.0,1.0,0.0,0.75,0.25,0.0,1.0,0.5,0.5,0.0,1.0,0.0,0.0,0.0,1.0,0.0,0.0,0.0,0.0,1.0
JUAN DE ACOSTA,2022,11,42,5,0.2,0.4,0.0,0.0,0.2,0.0,0.2,0.0,0.0,0.0,0.0,0.2,0.8,1.0,0.0,0.4,0.6,0.0,1.0,0.4,0.6,0.0,1.0,0.0,0.0,0.0,0.8,0.2,0.0,0.2,0.0,0.8
JUAN DE ACOSTA,2022,11,43,4,0.75,0.0,0.0,0.0,0.25,0.0,0.0,0.5,0.0,0.0,0.0,0.0,0.5,1.0,0.0,0.25,0.75,0.0,1.0,0.0,1.0,0.0,1.0,0.0,0.0,0.0,1.0,0.0,0.0,0.0,0.0,1.0
JUAN DE ACOSTA,2022,11,44,6,0.8333333333333334,0.16666666666666666,0.0,0.0,0.0,0.0,0.0,0.3333333333333333,0.0,0.16666666666666666,0.0,0.3333333333333333,0.16666666666666666,1.0,0.0,0.3333333333333333,0.6666666666666666,0.0,1.0,0.3333333333333333,0.6666666666666666,0.0,1.0,0.0,0.0,0.0,1.0,0.0,0.0,0.0,0.0,1.0
JUAN DE ACOSTA,2022,12,45,3,0.3333333333333333,0.3333333333333333,0.0,0.0,0.0,0.0,0.3333333333333333,0.0,0.0,0.0,0.0,0.0,1.0,1.0,0.0,0.0,1.0,0.0,1.0,0.6666666666666666,0.3333333333333333,0.0,1.0,0.0,0.0,0.0,1.0,0.0,0.0,0.3333333333333333,0.0,0.6666666666666666
JUAN DE ACOSTA,2022,12,46,3,0.3333333333333333,0.3333333333333333,0.0,0.0,0.3333333333333333,0.0,0.0,0.3333333333333333,0.0,0.0,0.0,0.0,0.6666666666666666,1.0,0.0,0.3333333333333333,0.6666666666666666,0.0,1.0,0.3333333333333333,0.6666666666666666,0.0,1.0,0.0,0.0,0.0,1.0,0.0,0.0,0.0,0.0,1.0
JUAN DE ACOSTA,2022,12,47,8,0.875,0.125,0.0,0.0,0.0,0.0,0.0,0.125,0.0,0.0,0.125,0.0,0.75,1.0,0.0,0.25,0.75,0.0,1.0,0.375,0.625,0.0,1.0,0.0,0.0,0.0,1.0,0.0,0.0,0.25,0.0,0.75
JUAN DE ACOSTA,2022,13,49,7,0.5714285714285714,0.0,0.0,0.0,0.42857142857142855,0.0,0.0,0.14285714285714285,0.0,0.0,0.0,0.0,0.8571428571428571,0.7142857142857143,0.2857142857142857,0.0,1.0,0.0,1.0,0.2857142857142857,0.7142857142857143,0.0,1.0,0.0,0.0,0.0,1.0,0.0,0.0,0.2857142857142857,0.0,0.7142857142857143
JUAN DE ACOSTA,2022,13,50,5,0.4,0.0,0.2,0.0,0.4,0.0,0.0,0.6,0.0,0.0,0.0,0.0,0.4,1.0,0.0,0.0,1.0,0.0,1.0,0.4,0.6,0.0,1.0,0.0,0.0,0.0,1.0,0.0,0.0,0.0,0.0,1.0
JUAN DE ACOSTA,2022,13,51,4,0.75,0.25,0.0,0.0,0.0,0.0,0.0,0.25,0.0,0.0,0.0,0.0,0.75,1.0,0.0,0.0,1.0,0.0,1.0,0.5,0.5,0.0,1.0,0.0,0.0,0.0,1.0,0.0,0.0,0.25,0.0,0.75
JUAN DE ACOSTA,2022,13,52,5,0.6,0.0,0.0,0.0,0.4,0.0,0.0,0.6,0.0,0.0,0.0,0.0,0.4,1.0,0.0,0.0,1.0,0.0,1.0,0.8,0.2,0.0,1.0,0.0,0.0,0.0,1.0,0.0,0.0,0.0,0.0,1.0
JUAN DE ACOSTA,2023,1,1,5,0.8,0.2,0.0,0.0,0.0,0.0,0.0,0.2,0.0,0.0,0.0,0.0,0.8,1.0,0.0,0.2,0.8,0.0,1.0,0.8,0.2,0.0,1.0,0.0,0.0,0.0,1.0,0.0,0.0,0.0,0.0,1.0
JUAN DE ACOSTA,2023,1,2,2,1.0,0.0,0.0,0.0,0.0,0.0,0.0,0.5,0.0,0.0,0.0,0.0,0.5,1.0,0.0,0.5,0.5,0.0,1.0,0.0,1.0,0.0,1.0,0.0,0.0,0.0,1.0,0.0,0.0,0.0,0.0,1.0
JUAN DE ACOSTA,2023,1,4,1,1.0,0.0,0.0,0.0,0.0,0.0,0.0,0.0,0.0,0.0,0.0,0.0,1.0,1.0,0.0,0.0,1.0,0.0,1.0,0.0,1.0,0.0,1.0,0.0,0.0,0.0,1.0,0.0,0.0,0.0,0.0,1.0
JUAN DE ACOSTA,2023,2,5,1,0.0,1.0,0.0,0.0,0.0,0.0,0.0,0.0,0.0,0.0,0.0,0.0,1.0,1.0,0.0,0.0,1.0,0.0,1.0,1.0,0.0,0.0,1.0,0.0,0.0,0.0,0.0,1.0,0.0,0.0,0.0,1.0
JUAN DE ACOSTA,2023,2,6,4,0.25,0.5,0.25,0.0,0.0,0.0,0.0,0.25,0.0,0.0,0.0,0.0,0.75,1.0,0.0,0.25,0.75,0.0,1.0,0.25,0.75,0.0,1.0,0.0,0.0,0.0,1.0,0.0,0.0,0.0,0.0,1.0
JUAN DE ACOSTA,2023,2,7,1,1.0,0.0,0.0,0.0,0.0,0.0,0.0,1.0,0.0,0.0,0.0,0.0,0.0,1.0,0.0,0.0,1.0,0.0,1.0,1.0,0.0,0.0,1.0,0.0,0.0,0.0,1.0,0.0,0.0,1.0,0.0,0.0
JUAN DE ACOSTA,2023,2,8,2,1.0,0.0,0.0,0.0,0.0,0.0,0.0,0.0,0.0,0.0,0.0,0.0,1.0,1.0,0.0,1.0,0.0,0.0,1.0,0.0,1.0,0.0,1.0,0.0,0.0,0.0,1.0,0.0,0.0,0.5,0.0,0.5
JUAN DE ACOSTA,2023,3,9,1,0.0,1.0,0.0,0.0,0.0,0.0,0.0,0.0,0.0,0.0,0.0,0.0,1.0,1.0,0.0,0.0,1.0,0.0,1.0,0.0,1.0,0.0,1.0,0.0,0.0,0.0,1.0,0.0,0.0,0.0,0.0,1.0
JUAN DE ACOSTA,2023,3,10,3,0.3333333333333333,0.3333333333333333,0.0,0.0,0.3333333333333333,0.0,0.0,0.0,0.0,0.0,0.0,0.0,1.0,1.0,0.0,0.0,1.0,0.0,1.0,1.0,0.0,0.0,1.0,0.0,0.0,0.0,1.0,0.0,0.0,0.0,0.0,1.0
JUAN DE ACOSTA,2023,3,11,1,0.0,1.0,0.0,0.0,0.0,0.0,0.0,0.0,0.0,0.0,0.0,0.0,1.0,0.0,1.0,0.0,1.0,0.0,1.0,0.0,1.0,0.0,1.0,0.0,0.0,0.0,1.0,0.0,0.0,0.0,0.0,1.0
JUAN DE ACOSTA,2023,5,17,1,0.0,0.0,0.0,0.0,1.0,0.0,0.0,1.0,0.0,0.0,0.0,0.0,0.0,1.0,0.0,0.0,1.0,0.0,1.0,1.0,0.0,0.0,1.0,0.0,0.0,0.0,1.0,0.0,0.0,0.0,0.0,1.0
JUAN DE ACOSTA,2023,6,24,2,0.5,0.0,0.0,0.0,0.5,0.0,0.0,0.5,0.0,0.0,0.0,0.0,0.5,1.0,0.0,0.0,1.0,0.0,1.0,0.0,1.0,0.0,1.0,0.0,0.0,0.0,0.0,1.0,0.0,0.0,0.0,1.0
JUAN DE ACOSTA,2023,7,25,2,0.5,0.5,0.0,0.0,0.0,0.0,0.0,0.5,0.0,0.0,0.0,0.0,0.5,1.0,0.0,0.5,0.5,0.0,1.0,0.5,0.5,0.0,1.0,0.0,0.0,0.0,1.0,0.0,0.0,0.0,0.0,1.0
JUAN DE ACOSTA,2023,8,29,1,0.0,0.0,0.0,0.0,1.0,0.0,0.0,1.0,0.0,0.0,0.0,0.0,0.0,1.0,0.0,0.0,1.0,0.0,1.0,0.0,1.0,0.0,1.0,0.0,0.0,0.0,0.0,1.0,0.0,1.0,0.0,0.0
JUAN DE ACOSTA,2023,8,30,2,0.5,0.0,0.0,0.0,0.5,0.0,0.0,0.5,0.0,0.0,0.0,0.0,0.5,1.0,0.0,0.5,0.5,0.0,1.0,0.5,0.5,0.0,1.0,0.0,0.0,0.0,0.5,0.5,0.0,1.0,0.0,0.0
JUAN DE ACOSTA,2023,9,33,1,0.0,0.0,0.0,0.0,1.0,0.0,0.0,0.0,0.0,0.0,0.0,0.0,1.0,1.0,0.0,0.0,1.0,0.0,1.0,1.0,0.0,0.0,1.0,0.0,0.0,0.0,1.0,0.0,0.0,1.0,0.0,0.0
JUAN DE ACOSTA,2023,13,49,1,1.0,0.0,0.0,0.0,0.0,0.0,0.0,0.0,0.0,0.0,0.0,0.0,1.0,1.0,0.0,1.0,0.0,0.0,1.0,1.0,0.0,0.0,1.0,0.0,0.0,0.0,1.0,0.0,0.0,0.0,0.0,1.0
LURUACO,2017,1,3,1,0.0,1.0,0.0,0.0,0.0,0.0,0.0,0.0,0.0,0.0,0.0,0.0,1.0,1.0,0.0,0.0,1.0,0.0,1.0,0.0,1.0,1.0,0.0,0.0,0.0,0.0,1.0,0.0,0.0,0.0,0.0,1.0
LURUACO,2017,1,4,1,0.0,1.0,0.0,0.0,0.0,0.0,0.0,0.0,0.0,0.0,0.0,0.0,1.0,1.0,0.0,1.0,0.0,0.0,1.0,0.0,1.0,1.0,0.0,0.0,0.0,0.0,1.0,0.0,0.0,0.0,0.0,1.0
LURUACO,2017,4,16,2,0.0,0.5,0.0,0.0,0.0,0.0,0.5,0.0,0.0,0.0,0.0,0.0,1.0,1.0,0.0,1.0,0.0,0.0,1.0,1.0,0.0,1.0,0.0,0.0,0.0,0.0,0.5,0.5,0.0,0.0,0.0,1.0
LURUACO,2017,5,18,1,0.0,1.0,0.0,0.0,0.0,0.0,0.0,1.0,0.0,0.0,0.0,0.0,0.0,1.0,0.0,1.0,0.0,0.0,1.0,1.0,0.0,1.0,0.0,0.0,0.0,0.0,0.0,1.0,0.0,0.0,0.0,1.0
LURUACO,2017,5,20,1,0.0,0.0,1.0,0.0,0.0,0.0,0.0,0.0,0.0,0.0,0.0,1.0,0.0,1.0,0.0,0.0,1.0,0.0,1.0,0.0,1.0,1.0,0.0,0.0,0.0,0.0,1.0,0.0,0.0,0.0,0.0,1.0
LURUACO,2017,6,22,1,1.0,0.0,0.0,0.0,0.0,0.0,0.0,0.0,0.0,0.0,0.0,0.0,1.0,1.0,0.0,0.0,1.0,0.0,1.0,0.0,1.0,1.0,0.0,0.0,0.0,0.0,1.0,0.0,0.0,0.0,0.0,1.0
LURUACO,2017,6,23,1,0.0,0.0,1.0,0.0,0.0,0.0,0.0,0.0,0.0,0.0,0.0,0.0,1.0,1.0,0.0,1.0,0.0,0.0,1.0,0.0,1.0,1.0,0.0,0.0,0.0,0.0,0.0,0.0,1.0,0.0,0.0,1.0
LURUACO,2017,7,25,3,0.0,0.6666666666666666,0.3333333333333333,0.0,0.0,0.0,0.0,0.0,0.0,0.0,0.0,0.0,1.0,1.0,0.0,1.0,0.0,0.0,1.0,0.3333333333333333,0.6666666666666666,1.0,0.0,0.0,0.0,0.0,1.0,0.0,0.0,0.0,0.0,1.0
LURUACO,2017,10,40,2,0.0,0.5,0.0,0.5,0.0,0.0,0.0,0.0,0.0,0.0,0.0,0.0,1.0,1.0,0.0,1.0,0.0,0.0,1.0,0.5,0.5,1.0,0.0,0.0,0.0,0.0,0.5,0.5,0.0,0.0,0.0,1.0
LURUACO,2018,9,34,1,0.0,1.0,0.0,0.0,0.0,0.0,0.0,1.0,0.0,0.0,0.0,0.0,0.0,1.0,0.0,0.0,1.0,0.0,1.0,1.0,0.0,1.0,0.0,0.0,0.0,0.0,1.0,0.0,0.0,0.0,0.0,1.0
LURUACO,2018,9,36,1,0.0,0.0,0.0,0.0,0.0,0.0,1.0,0.0,0.0,0.0,0.0,0.0,1.0,1.0,0.0,0.0,1.0,0.0,1.0,0.0,1.0,1.0,0.0,0.0,0.0,0.0,1.0,0.0,0.0,1.0,0.0,0.0
LURUACO,2018,13,50,2,1.0,0.0,0.0,0.0,0.0,0.0,0.0,0.5,0.0,0.0,0.0,0.0,0.5,1.0,0.0,0.0,1.0,0.0,1.0,1.0,0.0,1.0,0.0,0.0,0.0,0.0,1.0,0.0,0.0,0.0,0.0,1.0
LURUACO,2018,13,51,1,0.0,0.0,0.0,0.0,0.0,0.0,1.0,0.0,0.0,0.0,0.0,0.0,1.0,1.0,0.0,1.0,0.0,0.0,1.0,0.0,1.0,1.0,0.0,0.0,0.0,0.0,1.0,0.0,0.0,0.0,0.0,1.0
LURUACO,2019,2,5,1,0.0,0.0,0.0,0.0,0.0,0.0,1.0,0.0,0.0,0.0,0.0,0.0,1.0,1.0,0.0,0.0,1.0,0.0,1.0,0.0,1.0,1.0,0.0,0.0,0.0,0.0,1.0,0.0,0.0,0.0,0.0,1.0
LURUACO,2019,4,15,1,1.0,0.0,0.0,0.0,0.0,0.0,0.0,0.0,0.0,0.0,0.0,1.0,0.0,0.0,1.0,0.0,1.0,0.0,1.0,1.0,0.0,1.0,0.0,0.0,0.0,0.0,0.0,1.0,0.0,1.0,0.0,0.0
LURUACO,2019,5,19,1,0.0,0.0,0.0,0.0,0.0,0.0,1.0,0.0,0.0,0.0,0.0,0.0,1.0,1.0,0.0,0.0,1.0,0.0,1.0,1.0,0.0,1.0,0.0,0.0,0.0,0.0,1.0,0.0,0.0,0.0,0.0,1.0
LURUACO,2019,7,26,1,1.0,0.0,0.0,0.0,0.0,0.0,0.0,1.0,0.0,0.0,0.0,0.0,0.0,1.0,0.0,1.0,0.0,0.0,1.0,0.0,1.0,1.0,0.0,0.0,0.0,0.0,1.0,0.0,0.0,1.0,0.0,0.0
LURUACO,2019,8,31,1,0.0,0.0,0.0,0.0,0.0,0.0,1.0,0.0,0.0,0.0,0.0,0.0,1.0,1.0,0.0,0.0,1.0,0.0,1.0,0.0,1.0,1.0,0.0,0.0,0.0,0.0,1.0,0.0,0.0,0.0,0.0,1.0
LURUACO,2019,9,33,1,0.0,0.0,0.0,0.0,1.0,0.0,0.0,0.0,0.0,0.0,0.0,0.0,1.0,1.0,0.0,0.0,1.0,0.0,1.0,1.0,0.0,1.0,0.0,0.0,0.0,0.0,1.0,0.0,0.0,0.0,0.0,1.0
LURUACO,2019,10,40,3,0.0,0.6666666666666666,0.0,0.0,0.3333333333333333,0.0,0.0,1.0,0.0,0.0,0.0,0.0,0.0,1.0,0.0,0.0,1.0,0.0,1.0,0.3333333333333333,0.6666666666666666,1.0,0.0,0.0,0.0,0.0,0.3333333333333333,0.6666666666666666,0.0,0.3333333333333333,0.0,0.6666666666666666
LURUACO,2019,11,41,3,0.3333333333333333,0.0,0.0,0.0,0.6666666666666666,0.0,0.0,0.6666666666666666,0.0,0.0,0.0,0.0,0.3333333333333333,1.0,0.0,0.0,1.0,0.0,1.0,0.3333333333333333,0.6666666666666666,1.0,0.0,0.0,0.0,0.0,0.6666666666666666,0.3333333333333333,0.0,0.3333333333333333,0.0,0.6666666666666666
LURUACO,2019,11,42,2,0.0,0.0,0.0,0.0,0.5,0.0,0.5,0.0,0.0,0.0,0.0,0.0,1.0,1.0,0.0,0.0,1.0,0.0,1.0,0.0,1.0,1.0,0.0,0.0,0.0,0.0,1.0,0.0,0.0,0.0,0.0,1.0
LURUACO,2019,11,43,3,0.3333333333333333,0.0,0.3333333333333333,0.0,0.3333333333333333,0.0,0.0,0.3333333333333333,0.0,0.0,0.0,0.0,0.6666666666666666,0.6666666666666666,0.3333333333333333,0.3333333333333333,0.6666666666666666,0.0,1.0,0.6666666666666666,0.3333333333333333,1.0,0.0,0.0,0.0,0.0,1.0,0.0,0.0,0.0,0.0,1.0
LURUACO,2019,11,44,3,0.3333333333333333,0.0,0.0,0.0,0.3333333333333333,0.0,0.3333333333333333,0.0,0.0,0.0,0.0,0.0,1.0,1.0,0.0,1.0,0.0,0.0,1.0,0.3333333333333333,0.6666666666666666,1.0,0.0,0.0,0.0,0.0,0.6666666666666666,0.3333333333333333,0.0,0.0,0.0,1.0
LURUACO,2019,12,45,2,0.5,0.0,0.0,0.0,0.5,0.0,0.0,0.0,0.0,0.0,0.0,0.0,1.0,1.0,0.0,0.0,1.0,0.0,1.0,1.0,0.0,1.0,0.0,0.0,0.0,0.0,1.0,0.0,0.0,0.0,0.0,1.0
LURUACO,2019,12,46,4,0.25,0.0,0.0,0.0,0.25,0.0,0.5,0.25,0.0,0.0,0.0,0.0,0.75,1.0,0.0,0.0,1.0,0.0,1.0,1.0,0.0,1.0,0.0,0.0,0.0,0.0,0.5,0.5,0.0,0.0,0.0,1.0
LURUACO,2019,12,47,2,0.0,0.0,0.0,0.0,1.0,0.0,0.0,0.0,0.0,0.0,0.0,0.0,1.0,1.0,0.0,0.0,1.0,0.0,1.0,1.0,0.0,1.0,0.0,0.0,0.0,0.0,1.0,0.0,0.0,0.0,0.0,1.0
LURUACO,2019,12,48,6,0.5,0.0,0.0,0.0,0.3333333333333333,0.0,0.16666666666666666,0.0,0.0,0.0,0.0,0.0,1.0,1.0,0.0,0.3333333333333333,0.6666666666666666,0.0,1.0,0.0,1.0,1.0,0.0,0.0,0.0,0.0,0.6666666666666666,0.3333333333333333,0.0,0.3333333333333333,0.0,0.6666666666666666
LURUACO,2019,13,49,3,0.3333333333333333,0.0,0.0,0.0,0.3333333333333333,0.0,0.3333333333333333,0.3333333333333333,0.0,0.0,0.0,0.0,0.6666666666666666,1.0,0.0,0.0,1.0,0.0,1.0,0.3333333333333333,0.6666666666666666,1.0,0.0,0.0,0.0,0.0,0.3333333333333333,0.6666666666666666,0.0,0.0,0.0,1.0
LURUACO,2019,13,50,3,0.3333333333333333,0.0,0.0,0.0,0.3333333333333333,0.0,0.3333333333333333,0.0,0.0,0.0,0.0,0.0,1.0,1.0,0.0,0.0,1.0,0.0,1.0,0.6666666666666666,0.3333333333333333,1.0,0.0,0.0,0.0,0.0,0.6666666666666666,0.3333333333333333,0.0,0.0,0.0,1.0
LURUACO,2019,13,51,6,0.0,0.0,0.0,0.0,0.8333333333333334,0.0,0.16666666666666666,0.0,0.0,0.0,0.0,0.0,1.0,1.0,0.0,0.0,1.0,0.0,1.0,0.5,0.5,1.0,0.0,0.0,0.0,0.0,0.6666666666666666,0.3333333333333333,0.0,0.0,0.0,1.0
LURUACO,2019,13,52,3,0.3333333333333333,0.0,0.0,0.0,0.3333333333333333,0.0,0.3333333333333333,0.0,0.0,0.0,0.0,0.0,1.0,1.0,0.0,0.0,1.0,0.0,1.0,0.6666666666666666,0.3333333333333333,1.0,0.0,0.0,0.0,0.0,0.6666666666666666,0.3333333333333333,0.0,0.0,0.0,1.0
LURUACO,2020,1,1,3,0.3333333333333333,0.0,0.0,0.0,0.3333333333333333,0.0,0.3333333333333333,0.0,0.0,0.3333333333333333,0.0,0.0,0.6666666666666666,1.0,0.0,0.0,1.0,0.0,1.0,0.3333333333333333,0.6666666666666666,1.0,0.0,0.0,0.0,0.0,1.0,0.0,0.0,0.3333333333333333,0.0,0.6666666666666666
LURUACO,2020,1,2,3,0.3333333333333333,0.0,0.0,0.0,0.6666666666666666,0.0,0.0,0.3333333333333333,0.0,0.0,0.0,0.0,0.6666666666666666,1.0,0.0,0.3333333333333333,0.6666666666666666,0.0,1.0,0.6666666666666666,0.3333333333333333,1.0,0.0,0.0,0.0,0.0,1.0,0.0,0.0,0.3333333333333333,0.0,0.6666666666666666
LURUACO,2020,1,3,7,0.5714285714285714,0.0,0.0,0.0,0.14285714285714285,0.0,0.2857142857142857,0.2857142857142857,0.0,0.0,0.0,0.0,0.7142857142857143,1.0,0.0,0.2857142857142857,0.7142857142857143,0.0,1.0,0.7142857142857143,0.2857142857142857,1.0,0.0,0.0,0.0,0.0,0.7142857142857143,0.2857142857142857,0.0,0.14285714285714285,0.0,0.8571428571428571
LURUACO,2020,1,4,6,0.8333333333333334,0.0,0.0,0.0,0.0,0.0,0.16666666666666666,0.0,0.0,0.0,0.0,0.0,1.0,1.0,0.0,0.16666666666666666,0.8333333333333334,0.0,1.0,0.16666666666666666,0.8333333333333334,1.0,0.0,0.0,0.0,0.0,1.0,0.0,0.0,0.0,0.0,1.0
LURUACO,2020,2,5,2,1.0,0.0,0.0,0.0,0.0,0.0,0.0,0.0,0.0,0.0,0.0,0.0,1.0,1.0,0.0,0.0,1.0,0.0,1.0,1.0,0.0,1.0,0.0,0.0,0.0,0.0,1.0,0.0,0.0,0.0,0.0,1.0
LURUACO,2020,2,7,2,0.5,0.0,0.0,0.0,0.5,0.0,0.0,0.0,0.0,0.0,0.0,0.0,1.0,1.0,0.0,0.5,0.5,0.0,1.0,1.0,0.0,1.0,0.0,0.0,0.0,0.0,0.5,0.5,0.0,0.0,0.0,1.0
LURUACO,2020,2,8,3,0.6666666666666666,0.0,0.0,0.0,0.0,0.3333333333333333,0.0,0.0,0.0,0.0,0.0,0.0,1.0,1.0,0.0,0.0,1.0,0.0,1.0,0.6666666666666666,0.3333333333333333,1.0,0.0,0.0,0.0,0.0,0.3333333333333333,0.6666666666666666,0.0,0.3333333333333333,0.0,0.6666666666666666
LURUACO,2020,3,9,2,1.0,0.0,0.0,0.0,0.0,0.0,0.0,0.0,0.0,0.0,0.0,0.0,1.0,1.0,0.0,0.0,1.0,0.0,1.0,0.5,0.5,1.0,0.0,0.0,0.0,0.0,0.5,0.5,0.0,0.0,0.0,1.0
LURUACO,2020,4,14,1,0.0,0.0,0.0,0.0,1.0,0.0,0.0,1.0,0.0,0.0,0.0,0.0,0.0,1.0,0.0,0.0,1.0,0.0,1.0,1.0,0.0,1.0,0.0,0.0,0.0,0.0,0.0,1.0,0.0,0.0,0.0,1.0
LURUACO,2020,11,44,1,0.0,1.0,0.0,0.0,0.0,0.0,0.0,1.0,0.0,0.0,0.0,0.0,0.0,1.0,0.0,1.0,0.0,0.0,1.0,1.0,0.0,1.0,0.0,0.0,0.0,0.0,1.0,0.0,0.0,0.0,0.0,1.0
LURUACO,2020,13,51,1,1.0,0.0,0.0,0.0,0.0,0.0,0.0,0.0,0.0,0.0,0.0,0.0,1.0,1.0,0.0,1.0,0.0,0.0,1.0,1.0,0.0,1.0,0.0,0.0,0.0,0.0,1.0,0.0,0.0,0.0,0.0,1.0
LURUACO,2021,1,3,1,0.0,0.0,0.0,0.0,1.0,0.0,0.0,0.0,0.0,0.0,0.0,0.0,1.0,1.0,0.0,0.0,1.0,0.0,1.0,1.0,0.0,1.0,0.0,0.0,0.0,0.0,1.0,0.0,0.0,0.0,0.0,1.0
LURUACO,2021,1,4,1,1.0,0.0,0.0,0.0,0.0,0.0,0.0,0.0,0.0,1.0,0.0,0.0,0.0,1.0,0.0,0.0,1.0,0.0,1.0,1.0,0.0,1.0,0.0,0.0,0.0,0.0,1.0,0.0,0.0,1.0,0.0,0.0
LURUACO,2021,3,10,1,0.0,0.0,0.0,0.0,1.0,0.0,0.0,1.0,0.0,0.0,0.0,0.0,0.0,0.0,1.0,0.0,1.0,0.0,1.0,1.0,0.0,1.0,0.0,0.0,0.0,0.0,1.0,0.0,0.0,0.0,0.0,1.0
LURUACO,2021,5,18,1,1.0,0.0,0.0,0.0,0.0,0.0,0.0,0.0,0.0,0.0,0.0,0.0,1.0,1.0,0.0,1.0,0.0,0.0,1.0,0.0,1.0,1.0,0.0,0.0,0.0,0.0,1.0,0.0,0.0,1.0,0.0,0.0
LURUACO,2021,7,27,3,0.6666666666666666,0.0,0.0,0.0,0.3333333333333333,0.0,0.0,0.3333333333333333,0.0,0.0,0.0,0.3333333333333333,0.3333333333333333,1.0,0.0,0.3333333333333333,0.6666666666666666,0.0,1.0,0.3333333333333333,0.6666666666666666,1.0,0.0,0.0,0.0,0.0,0.6666666666666666,0.3333333333333333,0.0,0.0,0.0,1.0
LURUACO,2021,7,28,3,0.3333333333333333,0.0,0.0,0.0,0.3333333333333333,0.0,0.3333333333333333,0.0,0.0,0.0,0.0,0.3333333333333333,0.6666666666666666,1.0,0.0,0.3333333333333333,0.6666666666666666,0.0,1.0,0.3333333333333333,0.6666666666666666,1.0,0.0,0.0,0.0,0.0,0.6666666666666666,0.3333333333333333,0.0,0.0,0.0,1.0
LURUACO,2021,8,29,2,0.5,0.0,0.0,0.0,0.5,0.0,0.0,0.0,0.0,0.0,0.0,0.0,1.0,1.0,0.0,0.5,0.5,0.0,1.0,0.5,0.5,1.0,0.0,0.0,0.0,0.0,0.5,0.5,0.0,0.0,0.0,1.0
LURUACO,2021,8,30,4,0.5,0.0,0.0,0.0,0.25,0.0,0.25,0.0,0.0,0.0,0.0,0.0,1.0,1.0,0.0,0.25,0.75,0.0,1.0,0.25,0.75,1.0,0.0,0.0,0.0,0.0,1.0,0.0,0.0,0.0,0.0,1.0
LURUACO,2021,8,31,2,0.0,0.0,0.0,0.0,1.0,0.0,0.0,0.0,0.0,0.0,0.0,0.0,1.0,1.0,0.0,0.0,1.0,0.0,1.0,1.0,0.0,1.0,0.0,0.0,0.0,0.0,1.0,0.0,0.0,0.0,0.0,1.0
LURUACO,2021,8,32,3,0.3333333333333333,0.0,0.0,0.0,0.6666666666666666,0.0,0.0,0.0,0.0,0.0,0.0,0.0,1.0,1.0,0.0,0.3333333333333333,0.6666666666666666,0.0,1.0,0.3333333333333333,0.6666666666666666,1.0,0.0,0.0,0.0,0.0,1.0,0.0,0.0,0.3333333333333333,0.0,0.6666666666666666
LURUACO,2021,9,33,11,0.2727272727272727,0.18181818181818182,0.0,0.0,0.5454545454545454,0.0,0.0,0.09090909090909091,0.0,0.09090909090909091,0.0,0.0,0.8181818181818182,1.0,0.0,0.09090909090909091,0.9090909090909091,0.0,1.0,0.6363636363636364,0.36363636363636365,1.0,0.0,0.0,0.0,0.0,0.9090909090909091,0.09090909090909091,0.0,0.09090909090909091,0.0,0.9090909090909091
LURUACO,2021,9,34,8,0.75,0.0,0.0,0.0,0.125,0.0,0.125,0.0,0.0,0.0,0.0,0.0,1.0,1.0,0.0,0.0,1.0,0.0,1.0,0.25,0.75,1.0,0.0,0.0,0.0,0.0,0.875,0.125,0.0,0.125,0.0,0.875
LURUACO,2021,9,35,20,0.5,0.05,0.0,0.0,0.35,0.05,0.05,0.0,0.0,0.0,0.0,0.0,1.0,1.0,0.0,0.15,0.85,0.0,1.0,0.5,0.5,1.0,0.0,0.0,0.0,0.0,1.0,0.0,0.0,0.0,0.0,1.0
LURUACO,2021,9,36,24,0.5416666666666666,0.08333333333333333,0.041666666666666664,0.0,0.25,0.0,0.08333333333333333,0.041666666666666664,0.0,0.041666666666666664,0.0,0.041666666666666664,0.875,0.9583333333333334,0.041666666666666664,0.3333333333333333,0.6666666666666666,0.0,1.0,0.375,0.625,1.0,0.0,0.0,0.0,0.0,0.9583333333333334,0.041666666666666664,0.0,0.041666666666666664,0.0,0.9583333333333334
LURUACO,2021,10,37,16,0.5625,0.0625,0.0,0.0,0.3125,0.0,0.0625,0.0,0.0,0.0,0.0,0.0625,0.9375,1.0,0.0,0.125,0.875,0.0,1.0,0.375,0.625,1.0,0.0,0.0,0.0,0.0,1.0,0.0,0.0,0.0,0.0,1.0
LURUACO,2021,10,38,15,0.6666666666666666,0.06666666666666667,0.0,0.0,0.26666666666666666,0.0,0.0,0.06666666666666667,0.0,0.0,0.0,0.0,0.9333333333333333,1.0,0.0,0.13333333333333333,0.8666666666666667,0.0,1.0,0.6,0.4,1.0,0.0,0.0,0.0,0.0,1.0,0.0,0.0,0.0,0.0,1.0
LURUACO,2021,10,39,9,0.3333333333333333,0.1111111111111111,0.0,0.0,0.3333333333333333,0.0,0.2222222222222222,0.0,0.0,0.0,0.0,0.0,1.0,1.0,0.0,0.0,1.0,0.0,1.0,0.5555555555555556,0.4444444444444444,1.0,0.0,0.0,0.0,0.0,1.0,0.0,0.0,0.0,0.0,1.0
LURUACO,2021,10,40,13,0.6153846153846154,0.0,0.0,0.0,0.38461538461538464,0.0,0.0,0.07692307692307693,0.0,0.0,0.0,0.0,0.9230769230769231,1.0,0.0,0.23076923076923078,0.7692307692307693,0.0,1.0,0.6923076923076923,0.3076923076923077,1.0,0.0,0.0,0.0,0.0,1.0,0.0,0.0,0.15384615384615385,0.0,0.8461538461538461
LURUACO,2021,11,41,7,0.5714285714285714,0.14285714285714285,0.0,0.0,0.14285714285714285,0.0,0.14285714285714285,0.0,0.0,0.14285714285714285,0.0,0.0,0.8571428571428571,1.0,0.0,0.14285714285714285,0.8571428571428571,0.0,1.0,0.42857142857142855,0.5714285714285714,1.0,0.0,0.0,0.0,0.0,0.8571428571428571,0.14285714285714285,0.0,0.0,0.0,1.0
LURUACO,2021,11,42,10,0.5,0.2,0.0,0.0,0.1,0.0,0.2,0.0,0.0,0.2,0.0,0.0,0.8,1.0,0.0,0.1,0.9,0.0,1.0,0.6,0.4,1.0,0.0,0.0,0.0,0.0,0.9,0.1,0.0,0.0,0.0,1.0
LURUACO,2021,11,43,6,0.8333333333333334,0.0,0.0,0.0,0.0,0.0,0.16666666666666666,0.0,0.0,0.0,0.0,0.0,1.0,1.0,0.0,0.0,1.0,0.0,1.0,0.8333333333333334,0.16666666666666666,1.0,0.0,0.0,0.0,0.0,1.0,0.0,0.0,0.0,0.0,1.0
LURUACO,2021,11,44,4,0.75,0.25,0.0,0.0,0.0,0.0,0.0,0.0,0.0,0.0,0.0,0.0,1.0,1.0,0.0,0.0,1.0,0.0,1.0,0.5,0.5,1.0,0.0,0.0,0.0,0.0,1.0,0.0,0.0,0.0,0.0,1.0
LURUACO,2021,12,45,1,0.0,0.0,0.0,0.0,0.0,0.0,1.0,0.0,0.0,0.0,0.0,0.0,1.0,1.0,0.0,0.0,1.0,0.0,1.0,0.0,1.0,1.0,0.0,0.0,0.0,0.0,1.0,0.0,0.0,0.0,0.0,1.0
LURUACO,2021,12,46,1,1.0,0.0,0.0,0.0,0.0,0.0,0.0,0.0,0.0,0.0,0.0,0.0,1.0,1.0,0.0,0.0,1.0,0.0,1.0,1.0,0.0,1.0,0.0,0.0,0.0,0.0,1.0,0.0,0.0,0.0,0.0,1.0
LURUACO,2021,13,50,1,1.0,0.0,0.0,0.0,0.0,0.0,0.0,0.0,0.0,0.0,0.0,0.0,1.0,1.0,0.0,0.0,1.0,0.0,1.0,1.0,0.0,1.0,0.0,0.0,0.0,0.0,1.0,0.0,0.0,0.0,0.0,1.0
LURUACO,2021,13,52,1,0.0,0.0,0.0,0.0,0.0,0.0,1.0,0.0,0.0,0.0,0.0,1.0,0.0,1.0,0.0,0.0,1.0,0.0,1.0,0.0,1.0,1.0,0.0,0.0,0.0,0.0,1.0,0.0,0.0,0.0,0.0,1.0
LURUACO,2022,1,2,2,0.0,0.0,0.0,0.0,0.5,0.0,0.5,0.0,0.0,0.0,0.0,0.0,1.0,0.5,0.5,0.0,1.0,0.0,1.0,0.5,0.5,1.0,0.0,0.0,0.0,0.0,0.5,0.5,0.0,0.0,0.0,1.0
LURUACO,2022,1,4,1,0.0,0.0,1.0,0.0,0.0,0.0,0.0,0.0,0.0,0.0,0.0,0.0,1.0,1.0,0.0,0.0,1.0,0.0,1.0,0.0,1.0,1.0,0.0,0.0,0.0,0.0,1.0,0.0,0.0,0.0,0.0,1.0
LURUACO,2022,2,5,1,1.0,0.0,0.0,0.0,0.0,0.0,0.0,0.0,0.0,0.0,0.0,0.0,1.0,1.0,0.0,0.0,1.0,0.0,1.0,1.0,0.0,1.0,0.0,0.0,0.0,0.0,1.0,0.0,0.0,0.0,0.0,1.0
LURUACO,2022,3,12,1,0.0,1.0,0.0,0.0,0.0,0.0,0.0,1.0,0.0,0.0,0.0,0.0,0.0,1.0,0.0,0.0,1.0,0.0,1.0,1.0,0.0,1.0,0.0,0.0,0.0,0.0,0.0,1.0,0.0,0.0,0.0,1.0
LURUACO,2022,7,26,1,0.0,0.0,0.0,0.0,1.0,0.0,0.0,0.0,0.0,0.0,0.0,0.0,1.0,0.0,1.0,0.0,1.0,0.0,1.0,1.0,0.0,1.0,0.0,0.0,0.0,0.0,1.0,0.0,0.0,0.0,0.0,1.0
LURUACO,2022,7,28,1,0.0,0.0,0.0,0.0,1.0,0.0,0.0,0.0,0.0,0.0,0.0,0.0,1.0,1.0,0.0,1.0,0.0,0.0,1.0,1.0,0.0,1.0,0.0,0.0,0.0,0.0,1.0,0.0,0.0,1.0,0.0,0.0
LURUACO,2022,10,39,1,1.0,0.0,0.0,0.0,0.0,0.0,0.0,0.0,0.0,0.0,0.0,0.0,1.0,1.0,0.0,1.0,0.0,0.0,1.0,0.0,1.0,1.0,0.0,0.0,0.0,0.0,1.0,0.0,0.0,0.0,0.0,1.0
LURUACO,2022,11,42,2,0.5,0.0,0.0,0.0,0.5,0.0,0.0,0.0,0.0,0.0,0.0,0.0,1.0,1.0,0.0,0.0,1.0,0.0,1.0,0.0,1.0,1.0,0.0,0.0,0.0,0.0,1.0,0.0,0.0,0.5,0.0,0.5
LURUACO,2022,12,45,1,0.0,0.0,0.0,0.0,1.0,0.0,0.0,0.0,0.0,0.0,0.0,0.0,1.0,1.0,0.0,0.0,1.0,0.0,1.0,1.0,0.0,1.0,0.0,0.0,0.0,0.0,1.0,0.0,0.0,0.0,0.0,1.0
LURUACO,2022,12,47,1,0.0,0.0,0.0,0.0,1.0,0.0,0.0,0.0,0.0,0.0,0.0,0.0,1.0,1.0,0.0,0.0,1.0,0.0,1.0,0.0,1.0,1.0,0.0,0.0,0.0,0.0,1.0,0.0,0.0,0.0,0.0,1.0
LURUACO,2023,2,6,1,0.0,0.0,0.0,0.0,1.0,0.0,0.0,1.0,0.0,0.0,0.0,0.0,0.0,1.0,0.0,0.0,1.0,0.0,1.0,1.0,0.0,1.0,0.0,0.0,0.0,0.0,0.0,1.0,0.0,1.0,0.0,0.0
LURUACO,2023,3,9,1,0.0,1.0,0.0,0.0,0.0,0.0,0.0,0.0,0.0,0.0,0.0,0.0,1.0,1.0,0.0,0.0,1.0,0.0,1.0,1.0,0.0,1.0,0.0,0.0,0.0,0.0,1.0,0.0,0.0,1.0,0.0,0.0
LURUACO,2023,6,24,1,0.0,0.0,0.0,0.0,0.0,0.0,1.0,0.0,0.0,0.0,0.0,0.0,1.0,1.0,0.0,1.0,0.0,0.0,1.0,0.0,1.0,1.0,0.0,0.0,0.0,0.0,1.0,0.0,0.0,0.0,0.0,1.0
LURUACO,2023,10,39,1,0.0,0.0,0.0,0.0,0.0,0.0,1.0,0.0,0.0,0.0,0.0,0.0,1.0,1.0,0.0,0.0,1.0,0.0,1.0,1.0,0.0,1.0,0.0,0.0,0.0,0.0,1.0,0.0,0.0,0.0,0.0,1.0
LURUACO,2023,11,44,1,1.0,0.0,0.0,0.0,0.0,0.0,0.0,0.0,0.0,0.0,0.0,0.0,1.0,1.0,0.0,0.0,1.0,0.0,1.0,1.0,0.0,1.0,0.0,0.0,0.0,0.0,0.0,1.0,0.0,0.0,0.0,1.0
LURUACO,2023,12,47,1,1.0,0.0,0.0,0.0,0.0,0.0,0.0,1.0,0.0,0.0,0.0,0.0,0.0,1.0,0.0,0.0,1.0,0.0,1.0,0.0,1.0,1.0,0.0,0.0,0.0,0.0,0.0,1.0,0.0,0.0,0.0,1.0
MALAMBO,2017,3,9,1,0.0,1.0,0.0,0.0,0.0,0.0,0.0,0.0,0.0,0.0,0.0,0.0,1.0,1.0,0.0,0.0,1.0,0.0,1.0,1.0,0.0,0.0,0.0,1.0,0.0,0.0,1.0,0.0,0.0,0.0,0.0,1.0
MALAMBO,2017,5,17,1,1.0,0.0,0.0,0.0,0.0,0.0,0.0,1.0,0.0,0.0,0.0,0.0,0.0,1.0,0.0,1.0,0.0,0.0,1.0,1.0,0.0,0.0,0.0,1.0,0.0,0.0,1.0,0.0,0.0,0.0,0.0,1.0
MALAMBO,2017,6,21,1,0.0,0.0,0.0,0.0,1.0,0.0,0.0,0.0,0.0,0.0,0.0,0.0,1.0,1.0,0.0,1.0,0.0,0.0,1.0,1.0,0.0,0.0,0.0,1.0,0.0,0.0,1.0,0.0,0.0,0.0,0.0,1.0
MALAMBO,2017,6,22,1,1.0,0.0,0.0,0.0,0.0,0.0,0.0,0.0,0.0,0.0,0.0,0.0,1.0,1.0,0.0,1.0,0.0,0.0,1.0,0.0,1.0,0.0,0.0,1.0,0.0,0.0,1.0,0.0,0.0,0.0,0.0,1.0
MALAMBO,2017,6,23,1,0.0,1.0,0.0,0.0,0.0,0.0,0.0,0.0,0.0,0.0,0.0,0.0,1.0,1.0,0.0,0.0,1.0,0.0,1.0,1.0,0.0,0.0,0.0,1.0,0.0,0.0,1.0,0.0,0.0,0.0,0.0,1.0
MALAMBO,2017,8,30,1,0.0,1.0,0.0,0.0,0.0,0.0,0.0,0.0,0.0,0.0,0.0,1.0,0.0,1.0,0.0,0.0,1.0,0.0,1.0,1.0,0.0,0.0,0.0,1.0,0.0,0.0,1.0,0.0,0.0,0.0,0.0,1.0
MALAMBO,2017,9,35,3,0.6666666666666666,0.3333333333333333,0.0,0.0,0.0,0.0,0.0,0.3333333333333333,0.0,0.0,0.0,0.0,0.6666666666666666,1.0,0.0,0.6666666666666666,0.3333333333333333,0.0,1.0,0.6666666666666666,0.3333333333333333,0.0,0.0,1.0,0.0,0.0,1.0,0.0,0.0,0.3333333333333333,0.0,0.6666666666666666
MALAMBO,2017,9,36,1,0.0,1.0,0.0,0.0,0.0,0.0,0.0,0.0,0.0,1.0,0.0,0.0,0.0,1.0,0.0,0.0,1.0,0.0,1.0,0.0,1.0,0.0,0.0,1.0,0.0,0.0,1.0,0.0,0.0,0.0,0.0,1.0
MALAMBO,2017,12,45,3,0.0,0.6666666666666666,0.0,0.0,0.3333333333333333,0.0,0.0,0.0,0.0,0.0,0.0,0.0,1.0,1.0,0.0,1.0,0.0,0.0,1.0,0.3333333333333333,0.6666666666666666,0.0,0.0,1.0,0.0,0.0,1.0,0.0,0.0,0.0,0.0,1.0
MALAMBO,2017,12,47,2,0.0,0.0,0.0,0.0,0.5,0.0,0.5,0.0,0.0,0.0,0.0,0.0,1.0,1.0,0.0,1.0,0.0,0.0,1.0,0.0,1.0,0.0,0.0,1.0,0.0,0.0,1.0,0.0,0.0,0.0,0.0,1.0
MALAMBO,2017,12,48,1,0.0,1.0,0.0,0.0,0.0,0.0,0.0,1.0,0.0,0.0,0.0,0.0,0.0,1.0,0.0,0.0,1.0,0.0,1.0,0.0,1.0,0.0,0.0,1.0,0.0,0.0,1.0,0.0,0.0,1.0,0.0,0.0
MALAMBO,2017,13,49,1,0.0,1.0,0.0,0.0,0.0,0.0,0.0,1.0,0.0,0.0,0.0,0.0,0.0,1.0,0.0,1.0,0.0,0.0,1.0,1.0,0.0,0.0,0.0,1.0,0.0,0.0,1.0,0.0,0.0,0.0,0.0,1.0
MALAMBO,2017,13,50,4,0.0,0.5,0.0,0.0,0.0,0.0,0.5,0.5,0.0,0.0,0.0,0.0,0.5,1.0,0.0,0.25,0.75,0.0,1.0,0.75,0.25,0.0,0.0,1.0,0.0,0.0,1.0,0.0,0.0,0.25,0.0,0.75
MALAMBO,2017,13,51,1,1.0,0.0,0.0,0.0,0.0,0.0,0.0,1.0,0.0,0.0,0.0,0.0,0.0,1.0,0.0,1.0,0.0,0.0,1.0,0.0,1.0,0.0,0.0,1.0,0.0,0.0,1.0,0.0,0.0,0.0,0.0,1.0
MALAMBO,2018,1,1,1,0.0,0.0,0.0,0.0,1.0,0.0,0.0,0.0,0.0,0.0,0.0,0.0,1.0,1.0,0.0,1.0,0.0,0.0,1.0,0.0,1.0,0.0,0.0,1.0,0.0,0.0,1.0,0.0,0.0,0.0,0.0,1.0
MALAMBO,2018,1,2,2,0.0,0.0,0.0,0.0,0.5,0.0,0.5,0.5,0.0,0.0,0.0,0.0,0.5,1.0,0.0,1.0,0.0,0.0,1.0,0.5,0.5,0.0,0.0,1.0,0.0,0.0,1.0,0.0,0.0,0.0,0.0,1.0
MALAMBO,2018,1,4,2,0.5,0.0,0.0,0.0,0.5,0.0,0.0,0.5,0.0,0.0,0.0,0.0,0.5,1.0,0.0,1.0,0.0,0.0,1.0,0.5,0.5,0.0,0.0,1.0,0.0,0.0,1.0,0.0,0.0,0.5,0.0,0.5
MALAMBO,2018,2,5,3,0.3333333333333333,0.0,0.0,0.0,0.3333333333333333,0.0,0.3333333333333333,0.0,0.0,0.0,0.0,0.0,1.0,1.0,0.0,0.6666666666666666,0.3333333333333333,0.0,1.0,0.3333333333333333,0.6666666666666666,0.0,0.0,1.0,0.0,0.0,1.0,0.0,0.0,0.0,0.0,1.0
MALAMBO,2018,2,6,3,0.0,0.3333333333333333,0.3333333333333333,0.0,0.0,0.0,0.3333333333333333,0.6666666666666666,0.0,0.0,0.0,0.0,0.3333333333333333,1.0,0.0,0.3333333333333333,0.6666666666666666,0.0,1.0,0.6666666666666666,0.3333333333333333,0.0,0.0,1.0,0.0,0.0,1.0,0.0,0.0,0.6666666666666666,0.0,0.3333333333333333
MALAMBO,2018,2,7,1,1.0,0.0,0.0,0.0,0.0,0.0,0.0,1.0,0.0,0.0,0.0,0.0,0.0,1.0,0.0,1.0,0.0,0.0,1.0,1.0,0.0,0.0,0.0,1.0,0.0,0.0,1.0,0.0,0.0,1.0,0.0,0.0
MALAMBO,2018,3,10,3,0.3333333333333333,0.0,0.0,0.0,0.0,0.0,0.6666666666666666,0.3333333333333333,0.0,0.0,0.0,0.0,0.6666666666666666,1.0,0.0,0.3333333333333333,0.6666666666666666,0.0,1.0,0.6666666666666666,0.3333333333333333,0.0,0.0,1.0,0.0,0.0,1.0,0.0,0.0,0.3333333333333333,0.0,0.6666666666666666
MALAMBO,2018,4,13,3,0.0,0.6666666666666666,0.0,0.0,0.0,0.0,0.3333333333333333,0.6666666666666666,0.0,0.0,0.0,0.0,0.3333333333333333,1.0,0.0,0.6666666666666666,0.3333333333333333,0.0,1.0,1.0,0.0,0.0,0.0,1.0,0.0,0.0,1.0,0.0,0.0,0.3333333333333333,0.0,0.6666666666666666
MALAMBO,2018,4,14,1,0.0,0.0,0.0,0.0,1.0,0.0,0.0,0.0,0.0,0.0,0.0,1.0,0.0,1.0,0.0,0.0,1.0,0.0,1.0,1.0,0.0,0.0,0.0,1.0,0.0,0.0,1.0,0.0,0.0,0.0,0.0,1.0
MALAMBO,2018,4,15,1,1.0,0.0,0.0,0.0,0.0,0.0,0.0,1.0,0.0,0.0,0.0,0.0,0.0,1.0,0.0,1.0,0.0,0.0,1.0,0.0,1.0,0.0,0.0,1.0,0.0,0.0,1.0,0.0,0.0,1.0,0.0,0.0
MALAMBO,2018,4,16,1,1.0,0.0,0.0,0.0,0.0,0.0,0.0,1.0,0.0,0.0,0.0,0.0,0.0,1.0,0.0,0.0,1.0,0.0,1.0,1.0,0.0,0.0,0.0,1.0,0.0,0.0,1.0,0.0,0.0,0.0,0.0,1.0
MALAMBO,2018,5,17,1,1.0,0.0,0.0,0.0,0.0,0.0,0.0,1.0,0.0,0.0,0.0,0.0,0.0,1.0,0.0,0.0,1.0,0.0,1.0,0.0,1.0,0.0,0.0,1.0,0.0,0.0,1.0,0.0,0.0,0.0,0.0,1.0
MALAMBO,2018,5,18,3,0.3333333333333333,0.3333333333333333,0.3333333333333333,0.0,0.0,0.0,0.0,1.0,0.0,0.0,0.0,0.0,0.0,1.0,0.0,0.0,1.0,0.0,1.0,0.3333333333333333,0.6666666666666666,0.0,0.0,1.0,0.0,0.0,1.0,0.0,0.0,0.0,0.3333333333333333,0.6666666666666666
MALAMBO,2018,5,19,2,0.5,0.0,0.0,0.0,0.0,0.0,0.5,0.5,0.0,0.0,0.0,0.0,0.5,1.0,0.0,1.0,0.0,0.0,1.0,0.0,1.0,0.0,0.0,1.0,0.0,0.0,1.0,0.0,0.0,0.0,0.0,1.0
MALAMBO,2018,5,20,2,1.0,0.0,0.0,0.0,0.0,0.0,0.0,0.5,0.0,0.0,0.0,0.0,0.5,1.0,0.0,0.5,0.5,0.0,1.0,1.0,0.0,0.0,0.0,1.0,0.0,0.0,1.0,0.0,0.0,0.0,0.0,1.0
MALAMBO,2018,6,21,2,0.0,0.0,0.0,0.0,1.0,0.0,0.0,0.0,0.0,0.5,0.0,0.0,0.5,0.5,0.5,0.5,0.5,0.0,1.0,0.0,1.0,0.0,0.0,1.0,0.0,0.0,1.0,0.0,0.0,0.5,0.0,0.5
MALAMBO,2018,6,22,5,0.0,0.4,0.0,0.0,0.4,0.0,0.2,0.2,0.0,0.0,0.0,0.0,0.8,1.0,0.0,0.4,0.6,0.0,1.0,0.4,0.6,0.0,0.0,1.0,0.0,0.0,1.0,0.0,0.0,0.2,0.0,0.8
MALAMBO,2018,6,23,5,0.6,0.2,0.0,0.0,0.2,0.0,0.0,0.2,0.0,0.0,0.0,0.4,0.4,1.0,0.0,0.0,1.0,0.0,1.0,0.2,0.8,0.0,0.0,1.0,0.0,0.0,1.0,0.0,0.0,0.2,0.0,0.8
MALAMBO,2018,6,24,2,0.0,0.5,0.0,0.0,0.5,0.0,0.0,0.0,0.0,0.0,0.0,0.0,1.0,1.0,0.0,0.0,1.0,0.0,1.0,1.0,0.0,0.0,0.0,1.0,0.0,0.0,1.0,0.0,0.0,0.0,0.0,1.0
MALAMBO,2018,7,25,6,0.16666666666666666,0.3333333333333333,0.0,0.0,0.5,0.0,0.0,0.16666666666666666,0.0,0.0,0.0,0.0,0.8333333333333334,1.0,0.0,0.3333333333333333,0.6666666666666666,0.0,1.0,0.6666666666666666,0.3333333333333333,0.0,0.0,1.0,0.0,0.0,1.0,0.0,0.0,0.16666666666666666,0.0,0.8333333333333334
MALAMBO,2018,7,26,4,0.25,0.25,0.25,0.0,0.25,0.0,0.0,0.75,0.0,0.0,0.0,0.0,0.25,1.0,0.0,0.0,1.0,0.0,1.0,0.25,0.75,0.0,0.0,1.0,0.0,0.0,1.0,0.0,0.0,0.5,0.0,0.5
MALAMBO,2018,7,27,6,0.3333333333333333,0.16666666666666666,0.0,0.0,0.3333333333333333,0.0,0.16666666666666666,0.3333333333333333,0.0,0.0,0.0,0.0,0.6666666666666666,1.0,0.0,0.5,0.5,0.0,1.0,0.3333333333333333,0.6666666666666666,0.0,0.0,1.0,0.0,0.0,1.0,0.0,0.0,0.6666666666666666,0.0,0.3333333333333333
MALAMBO,2018,7,28,7,0.42857142857142855,0.14285714285714285,0.0,0.0,0.2857142857142857,0.0,0.14285714285714285,0.42857142857142855,0.0,0.0,0.0,0.0,0.5714285714285714,1.0,0.0,0.2857142857142857,0.7142857142857143,0.0,1.0,0.42857142857142855,0.5714285714285714,0.0,0.0,1.0,0.0,0.0,1.0,0.0,0.0,0.2857142857142857,0.0,0.7142857142857143
MALAMBO,2018,8,29,4,0.25,0.5,0.0,0.0,0.0,0.0,0.25,0.5,0.0,0.0,0.0,0.25,0.25,0.75,0.25,0.5,0.5,0.0,1.0,0.5,0.5,0.0,0.0,1.0,0.0,0.0,1.0,0.0,0.0,0.5,0.0,0.5
MALAMBO,2018,8,30,9,0.1111111111111111,0.3333333333333333,0.0,0.0,0.2222222222222222,0.0,0.3333333333333333,0.1111111111111111,0.0,0.0,0.0,0.0,0.8888888888888888,1.0,0.0,0.6666666666666666,0.3333333333333333,0.0,1.0,0.5555555555555556,0.4444444444444444,0.0,0.0,1.0,0.0,0.0,1.0,0.0,0.0,0.0,0.0,1.0
MALAMBO,2018,8,31,2,0.0,0.0,0.0,0.0,0.5,0.0,0.5,1.0,0.0,0.0,0.0,0.0,0.0,1.0,0.0,0.0,1.0,0.0,1.0,1.0,0.0,0.0,0.0,1.0,0.0,0.0,1.0,0.0,0.0,0.0,0.0,1.0
MALAMBO,2018,8,32,2,0.5,0.5,0.0,0.0,0.0,0.0,0.0,0.0,0.0,0.0,0.0,0.0,1.0,1.0,0.0,0.0,1.0,0.0,1.0,0.5,0.5,0.0,0.0,1.0,0.0,0.0,1.0,0.0,0.0,0.0,0.0,1.0
MALAMBO,2018,9,33,6,0.5,0.0,0.16666666666666666,0.0,0.16666666666666666,0.0,0.16666666666666666,0.3333333333333333,0.0,0.0,0.0,0.0,0.6666666666666666,1.0,0.0,0.0,1.0,0.0,1.0,0.6666666666666666,0.3333333333333333,0.0,0.0,1.0,0.0,0.0,1.0,0.0,0.0,0.5,0.0,0.5
MALAMBO,2018,9,34,3,0.3333333333333333,0.3333333333333333,0.0,0.0,0.0,0.0,0.3333333333333333,0.0,0.0,0.0,0.0,0.0,1.0,1.0,0.0,0.3333333333333333,0.6666666666666666,0.0,1.0,0.6666666666666666,0.3333333333333333,0.0,0.0,1.0,0.0,0.0,1.0,0.0,0.0,0.0,0.0,1.0
MALAMBO,2018,9,35,1,0.0,0.0,0.0,0.0,1.0,0.0,0.0,0.0,0.0,0.0,0.0,0.0,1.0,1.0,0.0,0.0,1.0,0.0,1.0,0.0,1.0,0.0,0.0,1.0,0.0,0.0,1.0,0.0,0.0,0.0,0.0,1.0
MALAMBO,2018,9,36,4,0.0,0.25,0.0,0.0,0.75,0.0,0.0,0.25,0.0,0.0,0.0,0.25,0.5,1.0,0.0,0.25,0.75,0.0,1.0,0.75,0.25,0.0,0.0,1.0,0.0,0.0,1.0,0.0,0.0,0.5,0.0,0.5
MALAMBO,2018,10,37,3,0.3333333333333333,0.3333333333333333,0.0,0.0,0.0,0.0,0.3333333333333333,0.6666666666666666,0.0,0.0,0.0,0.0,0.3333333333333333,1.0,0.0,0.3333333333333333,0.6666666666666666,0.0,1.0,0.6666666666666666,0.3333333333333333,0.0,0.0,1.0,0.0,0.0,1.0,0.0,0.0,0.6666666666666666,0.0,0.3333333333333333
MALAMBO,2018,10,38,1,0.0,1.0,0.0,0.0,0.0,0.0,0.0,0.0,0.0,0.0,0.0,0.0,1.0,1.0,0.0,1.0,0.0,0.0,1.0,1.0,0.0,0.0,0.0,1.0,0.0,0.0,1.0,0.0,0.0,1.0,0.0,0.0
MALAMBO,2018,10,39,3,0.6666666666666666,0.0,0.0,0.0,0.0,0.0,0.3333333333333333,0.3333333333333333,0.0,0.0,0.0,0.0,0.6666666666666666,1.0,0.0,0.6666666666666666,0.3333333333333333,0.0,1.0,1.0,0.0,0.0,0.0,1.0,0.0,0.0,1.0,0.0,0.0,0.6666666666666666,0.0,0.3333333333333333
MALAMBO,2018,10,40,4,0.5,0.0,0.0,0.0,0.25,0.0,0.25,0.5,0.0,0.0,0.0,0.0,0.5,1.0,0.0,0.25,0.75,0.0,1.0,0.0,1.0,0.0,0.0,1.0,0.0,0.0,1.0,0.0,0.0,0.25,0.0,0.75
MALAMBO,2018,11,41,1,1.0,0.0,0.0,0.0,0.0,0.0,0.0,0.0,0.0,0.0,0.0,0.0,1.0,1.0,0.0,0.0,1.0,0.0,1.0,0.0,1.0,0.0,0.0,1.0,0.0,0.0,1.0,0.0,0.0,0.0,0.0,1.0
MALAMBO,2018,11,42,4,0.0,0.75,0.0,0.0,0.0,0.0,0.25,0.25,0.0,0.0,0.0,0.25,0.5,1.0,0.0,0.5,0.5,0.0,1.0,0.5,0.5,0.0,0.0,1.0,0.0,0.0,1.0,0.0,0.0,0.0,0.0,1.0
MALAMBO,2018,11,43,4,0.0,0.25,0.0,0.0,0.5,0.0,0.25,0.0,0.0,0.0,0.0,0.0,1.0,1.0,0.0,0.75,0.25,0.0,1.0,0.5,0.5,0.0,0.0,1.0,0.0,0.0,1.0,0.0,0.0,0.25,0.0,0.75
MALAMBO,2018,11,44,3,0.6666666666666666,0.3333333333333333,0.0,0.0,0.0,0.0,0.0,0.6666666666666666,0.0,0.0,0.0,0.0,0.3333333333333333,1.0,0.0,0.3333333333333333,0.6666666666666666,0.0,1.0,0.6666666666666666,0.3333333333333333,0.0,0.0,1.0,0.0,0.0,1.0,0.0,0.0,0.3333333333333333,0.0,0.6666666666666666
MALAMBO,2018,12,45,6,0.3333333333333333,0.3333333333333333,0.16666666666666666,0.0,0.16666666666666666,0.0,0.0,0.5,0.0,0.0,0.0,0.0,0.5,1.0,0.0,0.5,0.5,0.0,1.0,0.5,0.5,0.0,0.0,1.0,0.0,0.0,1.0,0.0,0.0,0.0,0.0,1.0
MALAMBO,2018,12,46,4,0.5,0.0,0.0,0.0,0.25,0.0,0.25,0.25,0.0,0.0,0.0,0.0,0.75,1.0,0.0,0.25,0.75,0.0,1.0,0.0,1.0,0.0,0.0,1.0,0.0,0.0,1.0,0.0,0.0,0.5,0.0,0.5
MALAMBO,2018,12,47,5,0.2,0.0,0.0,0.0,0.8,0.0,0.0,0.2,0.0,0.0,0.0,0.2,0.6,0.8,0.2,0.0,1.0,0.0,1.0,1.0,0.0,0.0,0.0,1.0,0.0,0.0,1.0,0.0,0.0,0.8,0.0,0.2
MALAMBO,2018,12,48,4,1.0,0.0,0.0,0.0,0.0,0.0,0.0,0.25,0.0,0.0,0.0,0.0,0.75,1.0,0.0,0.25,0.75,0.0,1.0,0.5,0.5,0.0,0.0,1.0,0.0,0.0,1.0,0.0,0.0,0.25,0.0,0.75
MALAMBO,2018,13,49,4,0.25,0.0,0.0,0.0,0.5,0.0,0.25,1.0,0.0,0.0,0.0,0.0,0.0,1.0,0.0,0.25,0.75,0.0,1.0,0.75,0.25,0.0,0.0,1.0,0.0,0.0,1.0,0.0,0.0,0.25,0.0,0.75
MALAMBO,2018,13,50,4,0.5,0.25,0.0,0.0,0.25,0.0,0.0,0.5,0.0,0.0,0.0,0.0,0.5,1.0,0.0,0.25,0.75,0.0,1.0,0.5,0.5,0.0,0.0,1.0,0.0,0.0,1.0,0.0,0.0,0.0,0.0,1.0
MALAMBO,2018,13,51,5,0.4,0.0,0.0,0.0,0.2,0.0,0.4,0.6,0.0,0.0,0.0,0.0,0.4,1.0,0.0,0.2,0.8,0.0,1.0,0.4,0.6,0.0,0.0,1.0,0.0,0.0,1.0,0.0,0.0,0.2,0.0,0.8
MALAMBO,2018,13,52,5,0.6,0.4,0.0,0.0,0.0,0.0,0.0,0.6,0.0,0.0,0.0,0.0,0.4,1.0,0.0,0.8,0.2,0.0,1.0,0.2,0.8,0.0,0.0,1.0,0.0,0.0,1.0,0.0,0.0,0.8,0.0,0.2
MALAMBO,2019,1,1,2,0.0,0.0,0.0,0.0,1.0,0.0,0.0,0.0,0.5,0.0,0.0,0.0,0.5,1.0,0.0,0.5,0.5,0.0,1.0,0.5,0.5,0.0,0.0,1.0,0.0,0.0,1.0,0.0,0.0,1.0,0.0,0.0
MALAMBO,2019,1,2,5,0.4,0.2,0.0,0.0,0.4,0.0,0.0,0.6,0.2,0.0,0.0,0.0,0.2,1.0,0.0,0.6,0.4,0.0,1.0,0.0,1.0,0.0,0.0,1.0,0.0,0.0,0.8,0.0,0.2,0.0,0.0,1.0
MALAMBO,2019,1,3,9,0.2222222222222222,0.3333333333333333,0.0,0.0,0.1111111111111111,0.0,0.3333333333333333,0.5555555555555556,0.0,0.0,0.0,0.0,0.4444444444444444,0.8888888888888888,0.1111111111111111,0.8888888888888888,0.1111111111111111,0.0,1.0,0.5555555555555556,0.4444444444444444,0.0,0.0,1.0,0.0,0.0,1.0,0.0,0.0,0.2222222222222222,0.0,0.7777777777777778
MALAMBO,2019,1,4,4,0.5,0.0,0.0,0.0,0.25,0.0,0.25,0.75,0.0,0.0,0.0,0.0,0.25,1.0,0.0,0.5,0.5,0.0,1.0,0.25,0.75,0.0,0.0,1.0,0.0,0.0,1.0,0.0,0.0,0.5,0.0,0.5
MALAMBO,2019,2,5,4,0.5,0.0,0.0,0.0,0.5,0.0,0.0,0.5,0.0,0.0,0.0,0.0,0.5,1.0,0.0,0.5,0.5,0.0,1.0,0.0,1.0,0.0,0.0,1.0,0.0,0.0,1.0,0.0,0.0,0.5,0.0,0.5
MALAMBO,2019,2,6,4,0.25,0.0,0.0,0.0,0.5,0.0,0.25,0.25,0.0,0.0,0.0,0.0,0.75,1.0,0.0,0.5,0.5,0.0,1.0,0.75,0.25,0.0,0.0,1.0,0.0,0.0,1.0,0.0,0.0,0.25,0.0,0.75
MALAMBO,2019,2,7,4,0.25,0.5,0.0,0.0,0.25,0.0,0.0,0.0,0.0,0.0,0.0,0.0,1.0,1.0,0.0,0.25,0.75,0.0,1.0,0.25,0.75,0.0,0.0,1.0,0.0,0.0,1.0,0.0,0.0,0.5,0.0,0.5
MALAMBO,2019,2,8,4,0.75,0.0,0.0,0.0,0.25,0.0,0.0,0.5,0.0,0.0,0.0,0.0,0.5,1.0,0.0,0.25,0.75,0.0,1.0,0.75,0.25,0.0,0.0,1.0,0.0,0.0,1.0,0.0,0.0,0.25,0.0,0.75
MALAMBO,2019,3,9,4,0.25,0.0,0.0,0.0,0.5,0.0,0.25,0.75,0.0,0.0,0.0,0.0,0.25,1.0,0.0,0.25,0.75,0.0,1.0,0.75,0.25,0.0,0.0,1.0,0.0,0.0,1.0,0.0,0.0,0.5,0.0,0.5
MALAMBO,2019,3,10,4,0.25,0.0,0.0,0.0,0.25,0.0,0.5,0.5,0.0,0.0,0.0,0.0,0.5,1.0,0.0,0.5,0.5,0.0,1.0,0.5,0.5,0.0,0.0,1.0,0.0,0.0,1.0,0.0,0.0,0.5,0.0,0.5
MALAMBO,2019,3,11,2,0.5,0.0,0.0,0.0,0.0,0.0,0.5,0.0,0.0,0.5,0.0,0.5,0.0,1.0,0.0,0.0,1.0,0.0,1.0,0.0,1.0,0.0,0.0,1.0,0.0,0.0,1.0,0.0,0.0,0.0,0.0,1.0
MALAMBO,2019,4,13,3,1.0,0.0,0.0,0.0,0.0,0.0,0.0,0.0,0.0,0.0,0.0,0.0,1.0,1.0,0.0,0.3333333333333333,0.6666666666666666,0.0,1.0,1.0,0.0,0.0,0.0,1.0,0.0,0.0,1.0,0.0,0.0,0.0,0.0,1.0
MALAMBO,2019,4,14,4,0.25,0.0,0.25,0.0,0.5,0.0,0.0,0.5,0.0,0.0,0.0,0.0,0.5,1.0,0.0,0.0,1.0,0.0,1.0,0.75,0.25,0.0,0.0,1.0,0.0,0.0,1.0,0.0,0.0,0.25,0.0,0.75
MALAMBO,2019,4,15,3,0.3333333333333333,0.3333333333333333,0.0,0.0,0.3333333333333333,0.0,0.0,1.0,0.0,0.0,0.0,0.0,0.0,1.0,0.0,0.3333333333333333,0.6666666666666666,0.0,1.0,1.0,0.0,0.0,0.0,1.0,0.0,0.0,1.0,0.0,0.0,0.0,0.0,1.0
MALAMBO,2019,4,16,2,0.5,0.0,0.0,0.0,0.5,0.0,0.0,0.5,0.0,0.0,0.0,0.0,0.5,1.0,0.0,1.0,0.0,0.0,1.0,0.5,0.5,0.0,0.0,1.0,0.0,0.0,1.0,0.0,0.0,0.0,0.0,1.0
MALAMBO,2019,5,17,1,0.0,0.0,0.0,0.0,1.0,0.0,0.0,0.0,0.0,0.0,0.0,0.0,1.0,1.0,0.0,0.0,1.0,0.0,1.0,1.0,0.0,0.0,0.0,1.0,0.0,0.0,1.0,0.0,0.0,0.0,0.0,1.0
MALAMBO,2019,5,18,2,0.5,0.5,0.0,0.0,0.0,0.0,0.0,1.0,0.0,0.0,0.0,0.0,0.0,1.0,0.0,0.5,0.5,0.0,1.0,0.5,0.5,0.0,0.0,1.0,0.0,0.0,1.0,0.0,0.0,0.5,0.0,0.5
MALAMBO,2019,5,19,1,1.0,0.0,0.0,0.0,0.0,0.0,0.0,0.0,0.0,0.0,0.0,0.0,1.0,1.0,0.0,1.0,0.0,0.0,1.0,0.0,1.0,0.0,0.0,1.0,0.0,0.0,1.0,0.0,0.0,0.0,0.0,1.0
MALAMBO,2019,5,20,3,1.0,0.0,0.0,0.0,0.0,0.0,0.0,0.0,0.0,0.3333333333333333,0.0,0.0,0.6666666666666666,0.6666666666666666,0.3333333333333333,0.3333333333333333,0.6666666666666666,0.0,1.0,0.6666666666666666,0.3333333333333333,0.0,0.0,1.0,0.0,0.0,1.0,0.0,0.0,0.6666666666666666,0.0,0.3333333333333333
MALAMBO,2019,6,21,1,1.0,0.0,0.0,0.0,0.0,0.0,0.0,1.0,0.0,0.0,0.0,0.0,0.0,1.0,0.0,0.0,1.0,0.0,1.0,0.0,1.0,0.0,0.0,1.0,0.0,0.0,1.0,0.0,0.0,0.0,0.0,1.0
MALAMBO,2019,6,23,2,0.5,0.0,0.0,0.0,0.5,0.0,0.0,0.5,0.0,0.0,0.0,0.5,0.0,1.0,0.0,0.5,0.5,0.0,1.0,0.0,1.0,0.0,0.0,1.0,0.0,0.0,1.0,0.0,0.0,0.0,0.0,1.0
MALAMBO,2019,6,24,1,1.0,0.0,0.0,0.0,0.0,0.0,0.0,0.0,0.0,0.0,0.0,0.0,1.0,1.0,0.0,0.0,1.0,0.0,1.0,1.0,0.0,0.0,0.0,1.0,0.0,0.0,1.0,0.0,0.0,0.0,0.0,1.0
MALAMBO,2019,7,25,2,0.5,0.5,0.0,0.0,0.0,0.0,0.0,0.5,0.0,0.0,0.0,0.0,0.5,1.0,0.0,0.0,1.0,0.0,1.0,0.0,1.0,0.0,0.0,1.0,0.0,0.0,1.0,0.0,0.0,0.0,0.0,1.0
MALAMBO,2019,7,27,2,0.0,1.0,0.0,0.0,0.0,0.0,0.0,0.5,0.0,0.5,0.0,0.0,0.0,1.0,0.0,1.0,0.0,0.0,1.0,0.0,1.0,0.0,0.0,1.0,0.0,0.0,0.0,1.0,0.0,0.0,0.0,1.0
MALAMBO,2019,7,28,3,0.3333333333333333,0.0,0.0,0.0,0.6666666666666666,0.0,0.0,0.6666666666666666,0.0,0.0,0.0,0.0,0.3333333333333333,1.0,0.0,0.3333333333333333,0.6666666666666666,0.0,1.0,1.0,0.0,0.0,0.0,1.0,0.0,0.0,1.0,0.0,0.0,0.3333333333333333,0.0,0.6666666666666666
MALAMBO,2019,8,29,1,0.0,0.0,0.0,0.0,1.0,0.0,0.0,0.0,0.0,0.0,0.0,0.0,1.0,1.0,0.0,0.0,1.0,0.0,1.0,0.0,1.0,0.0,0.0,1.0,0.0,0.0,1.0,0.0,0.0,0.0,0.0,1.0
MALAMBO,2019,8,30,2,0.0,0.0,0.0,0.0,0.5,0.0,0.5,0.5,0.0,0.0,0.0,0.5,0.0,1.0,0.0,0.5,0.5,0.0,1.0,0.5,0.5,0.0,0.0,1.0,0.0,0.0,1.0,0.0,0.0,0.0,0.0,1.0
MALAMBO,2019,8,32,1,1.0,0.0,0.0,0.0,0.0,0.0,0.0,1.0,0.0,0.0,0.0,0.0,0.0,1.0,0.0,0.0,1.0,0.0,1.0,1.0,0.0,0.0,0.0,1.0,0.0,0.0,1.0,0.0,0.0,1.0,0.0,0.0
MALAMBO,2019,9,33,1,0.0,0.0,0.0,0.0,1.0,0.0,0.0,0.0,0.0,0.0,0.0,0.0,1.0,1.0,0.0,0.0,1.0,0.0,1.0,0.0,1.0,0.0,0.0,1.0,0.0,0.0,1.0,0.0,0.0,0.0,0.0,1.0
MALAMBO,2019,9,34,1,1.0,0.0,0.0,0.0,0.0,0.0,0.0,0.0,0.0,0.0,0.0,0.0,1.0,1.0,0.0,0.0,1.0,0.0,1.0,1.0,0.0,0.0,0.0,1.0,0.0,0.0,1.0,0.0,0.0,1.0,0.0,0.0
MALAMBO,2019,9,35,1,1.0,0.0,0.0,0.0,0.0,0.0,0.0,1.0,0.0,0.0,0.0,0.0,0.0,1.0,0.0,0.0,1.0,0.0,1.0,1.0,0.0,0.0,0.0,1.0,0.0,0.0,1.0,0.0,0.0,1.0,0.0,0.0
MALAMBO,2019,9,36,2,0.5,0.0,0.0,0.0,0.5,0.0,0.0,0.5,0.0,0.0,0.0,0.0,0.5,1.0,0.0,0.0,1.0,0.0,1.0,0.5,0.5,0.0,0.0,1.0,0.0,0.0,1.0,0.0,0.0,0.5,0.0,0.5
MALAMBO,2019,10,37,1,0.0,0.0,0.0,0.0,1.0,0.0,0.0,0.0,0.0,0.0,0.0,0.0,1.0,1.0,0.0,0.0,1.0,0.0,1.0,1.0,0.0,0.0,0.0,1.0,0.0,0.0,1.0,0.0,0.0,0.0,0.0,1.0
MALAMBO,2019,10,38,1,1.0,0.0,0.0,0.0,0.0,0.0,0.0,0.0,0.0,0.0,0.0,0.0,1.0,1.0,0.0,0.0,1.0,0.0,1.0,0.0,1.0,0.0,0.0,1.0,0.0,0.0,1.0,0.0,0.0,0.0,0.0,1.0
MALAMBO,2019,10,39,1,1.0,0.0,0.0,0.0,0.0,0.0,0.0,1.0,0.0,0.0,0.0,0.0,0.0,1.0,0.0,1.0,0.0,0.0,1.0,1.0,0.0,0.0,0.0,1.0,0.0,0.0,1.0,0.0,0.0,0.0,0.0,1.0
MALAMBO,2019,10,40,1,1.0,0.0,0.0,0.0,0.0,0.0,0.0,0.0,0.0,0.0,0.0,0.0,1.0,1.0,0.0,0.0,1.0,0.0,1.0,1.0,0.0,0.0,0.0,1.0,0.0,0.0,1.0,0.0,0.0,1.0,0.0,0.0
MALAMBO,2019,11,41,1,0.0,0.0,0.0,0.0,1.0,0.0,0.0,1.0,0.0,0.0,0.0,0.0,0.0,1.0,0.0,0.0,1.0,0.0,1.0,0.0,1.0,0.0,0.0,1.0,0.0,0.0,1.0,0.0,0.0,1.0,0.0,0.0
MALAMBO,2019,11,42,5,0.2,0.2,0.0,0.0,0.6,0.0,0.0,0.4,0.0,0.2,0.0,0.2,0.2,0.8,0.2,0.2,0.8,0.0,1.0,0.6,0.4,0.0,0.0,1.0,0.0,0.0,1.0,0.0,0.0,0.0,0.0,1.0
MALAMBO,2019,11,43,5,0.4,0.0,0.0,0.0,0.6,0.0,0.0,0.0,0.0,0.0,0.0,0.0,1.0,1.0,0.0,0.4,0.6,0.0,1.0,0.8,0.2,0.0,0.0,1.0,0.0,0.0,1.0,0.0,0.0,0.0,0.0,1.0
MALAMBO,2019,11,44,4,0.25,0.0,0.25,0.0,0.5,0.0,0.0,0.5,0.0,0.0,0.0,0.0,0.5,1.0,0.0,0.25,0.75,0.0,1.0,0.75,0.25,0.0,0.0,1.0,0.0,0.0,1.0,0.0,0.0,0.25,0.0,0.75
MALAMBO,2019,12,45,10,0.2,0.4,0.0,0.0,0.3,0.0,0.1,0.4,0.0,0.0,0.0,0.0,0.6,1.0,0.0,0.3,0.7,0.0,1.0,0.4,0.6,0.0,0.0,1.0,0.0,0.0,1.0,0.0,0.0,0.3,0.0,0.7
MALAMBO,2019,12,46,4,0.75,0.0,0.0,0.0,0.25,0.0,0.0,0.5,0.0,0.0,0.0,0.0,0.5,0.75,0.25,0.25,0.75,0.0,1.0,1.0,0.0,0.0,0.0,1.0,0.0,0.0,1.0,0.0,0.0,0.0,0.0,1.0
MALAMBO,2019,12,47,7,0.5714285714285714,0.14285714285714285,0.0,0.0,0.2857142857142857,0.0,0.0,0.5714285714285714,0.0,0.0,0.0,0.0,0.42857142857142855,1.0,0.0,0.2857142857142857,0.7142857142857143,0.0,1.0,0.7142857142857143,0.2857142857142857,0.0,0.0,1.0,0.0,0.0,1.0,0.0,0.0,0.0,0.0,1.0
MALAMBO,2019,12,48,6,0.6666666666666666,0.0,0.0,0.0,0.16666666666666666,0.0,0.16666666666666666,0.0,0.0,0.0,0.0,0.0,1.0,1.0,0.0,0.3333333333333333,0.6666666666666666,0.0,1.0,0.8333333333333334,0.16666666666666666,0.0,0.0,1.0,0.0,0.0,1.0,0.0,0.0,0.5,0.0,0.5
MALAMBO,2019,13,49,11,0.2727272727272727,0.18181818181818182,0.0,0.0,0.2727272727272727,0.09090909090909091,0.18181818181818182,0.5454545454545454,0.0,0.0,0.0,0.0,0.45454545454545453,1.0,0.0,0.18181818181818182,0.8181818181818182,0.0,1.0,0.5454545454545454,0.45454545454545453,0.0,0.0,1.0,0.0,0.0,1.0,0.0,0.0,0.09090909090909091,0.0,0.9090909090909091
MALAMBO,2019,13,50,8,0.75,0.0,0.0,0.0,0.25,0.0,0.0,0.5,0.0,0.0,0.0,0.0,0.5,0.875,0.125,0.125,0.875,0.0,1.0,0.75,0.25,0.0,0.0,1.0,0.0,0.0,1.0,0.0,0.0,0.125,0.0,0.875
MALAMBO,2019,13,51,7,0.42857142857142855,0.42857142857142855,0.0,0.0,0.14285714285714285,0.0,0.0,0.42857142857142855,0.0,0.0,0.0,0.0,0.5714285714285714,1.0,0.0,0.42857142857142855,0.5714285714285714,0.0,1.0,0.5714285714285714,0.42857142857142855,0.0,0.0,1.0,0.0,0.0,1.0,0.0,0.0,0.42857142857142855,0.0,0.5714285714285714
MALAMBO,2019,13,52,7,0.5714285714285714,0.0,0.0,0.0,0.2857142857142857,0.0,0.14285714285714285,0.2857142857142857,0.0,0.0,0.0,0.0,0.7142857142857143,1.0,0.0,0.0,1.0,0.0,1.0,0.42857142857142855,0.5714285714285714,0.0,0.0,1.0,0.0,0.0,1.0,0.0,0.0,0.14285714285714285,0.0,0.8571428571428571
MALAMBO,2020,1,1,12,0.5,0.25,0.08333333333333333,0.0,0.08333333333333333,0.0,0.08333333333333333,0.3333333333333333,0.0,0.0,0.0,0.08333333333333333,0.5833333333333334,0.9166666666666666,0.08333333333333333,0.0,1.0,0.0,1.0,0.75,0.25,0.0,0.0,1.0,0.0,0.0,1.0,0.0,0.0,0.25,0.0,0.75
MALAMBO,2020,1,2,10,0.8,0.0,0.1,0.0,0.1,0.0,0.0,0.5,0.0,0.0,0.1,0.0,0.4,0.8,0.2,0.2,0.8,0.0,1.0,0.4,0.6,0.0,0.0,1.0,0.0,0.0,1.0,0.0,0.0,0.2,0.0,0.8
MALAMBO,2020,1,3,13,0.23076923076923078,0.3076923076923077,0.07692307692307693,0.0,0.15384615384615385,0.07692307692307693,0.15384615384615385,0.38461538461538464,0.0,0.0,0.0,0.15384615384615385,0.46153846153846156,1.0,0.0,0.3076923076923077,0.6923076923076923,0.0,1.0,0.6923076923076923,0.3076923076923077,0.0,0.0,1.0,0.0,0.0,1.0,0.0,0.0,0.0,0.0,1.0
MALAMBO,2020,1,4,9,0.4444444444444444,0.1111111111111111,0.0,0.0,0.1111111111111111,0.1111111111111111,0.2222222222222222,0.6666666666666666,0.0,0.0,0.0,0.0,0.3333333333333333,0.8888888888888888,0.1111111111111111,0.2222222222222222,0.7777777777777778,0.0,1.0,0.5555555555555556,0.4444444444444444,0.0,0.0,1.0,0.0,0.0,1.0,0.0,0.0,0.2222222222222222,0.0,0.7777777777777778
MALAMBO,2020,2,5,5,0.6,0.2,0.0,0.0,0.2,0.0,0.0,0.4,0.0,0.0,0.0,0.0,0.6,1.0,0.0,0.4,0.6,0.0,1.0,0.4,0.6,0.0,0.0,1.0,0.0,0.0,0.6,0.2,0.2,0.2,0.0,0.8
MALAMBO,2020,2,6,9,0.5555555555555556,0.2222222222222222,0.0,0.0,0.1111111111111111,0.0,0.1111111111111111,0.6666666666666666,0.0,0.1111111111111111,0.0,0.0,0.2222222222222222,1.0,0.0,0.4444444444444444,0.5555555555555556,0.0,1.0,0.6666666666666666,0.3333333333333333,0.0,0.0,1.0,0.0,0.0,1.0,0.0,0.0,0.1111111111111111,0.0,0.8888888888888888
MALAMBO,2020,2,7,11,0.7272727272727273,0.09090909090909091,0.0,0.0,0.09090909090909091,0.0,0.09090909090909091,0.2727272727272727,0.0,0.0,0.09090909090909091,0.0,0.6363636363636364,1.0,0.0,0.18181818181818182,0.8181818181818182,0.0,1.0,0.18181818181818182,0.8181818181818182,0.0,0.0,1.0,0.0,0.0,1.0,0.0,0.0,0.18181818181818182,0.0,0.8181818181818182
MALAMBO,2020,2,8,8,0.625,0.125,0.0,0.0,0.25,0.0,0.0,0.375,0.0,0.0,0.0,0.0,0.625,1.0,0.0,0.125,0.875,0.0,1.0,0.375,0.625,0.0,0.0,1.0,0.0,0.0,0.875,0.0,0.125,0.375,0.0,0.625
MALAMBO,2020,3,9,7,0.14285714285714285,0.42857142857142855,0.0,0.0,0.2857142857142857,0.0,0.14285714285714285,0.8571428571428571,0.0,0.0,0.0,0.0,0.14285714285714285,1.0,0.0,0.2857142857142857,0.7142857142857143,0.0,1.0,0.2857142857142857,0.7142857142857143,0.0,0.0,1.0,0.0,0.0,1.0,0.0,0.0,0.2857142857142857,0.0,0.7142857142857143
MALAMBO,2020,3,10,12,0.5833333333333334,0.16666666666666666,0.0,0.0,0.25,0.0,0.0,0.4166666666666667,0.0,0.0,0.0,0.0,0.5833333333333334,0.9166666666666666,0.08333333333333333,0.16666666666666666,0.8333333333333334,0.0,1.0,0.5833333333333334,0.4166666666666667,0.0,0.0,1.0,0.0,0.0,1.0,0.0,0.0,0.08333333333333333,0.0,0.9166666666666666
MALAMBO,2020,3,11,6,0.5,0.3333333333333333,0.0,0.0,0.16666666666666666,0.0,0.0,0.3333333333333333,0.0,0.0,0.0,0.16666666666666666,0.5,1.0,0.0,0.16666666666666666,0.8333333333333334,0.0,1.0,0.5,0.5,0.0,0.0,1.0,0.0,0.0,1.0,0.0,0.0,0.3333333333333333,0.0,0.6666666666666666
MALAMBO,2020,3,12,3,0.6666666666666666,0.0,0.0,0.0,0.3333333333333333,0.0,0.0,0.6666666666666666,0.0,0.0,0.0,0.0,0.3333333333333333,1.0,0.0,0.0,1.0,0.0,1.0,0.3333333333333333,0.6666666666666666,0.0,0.0,1.0,0.0,0.0,1.0,0.0,0.0,0.3333333333333333,0.0,0.6666666666666666
MALAMBO,2020,4,13,3,0.3333333333333333,0.3333333333333333,0.0,0.0,0.3333333333333333,0.0,0.0,0.0,0.0,0.3333333333333333,0.0,0.3333333333333333,0.3333333333333333,1.0,0.0,0.0,1.0,0.0,1.0,0.3333333333333333,0.6666666666666666,0.0,0.0,1.0,0.0,0.0,1.0,0.0,0.0,0.3333333333333333,0.0,0.6666666666666666
MALAMBO,2020,4,14,6,0.6666666666666666,0.16666666666666666,0.0,0.0,0.16666666666666666,0.0,0.0,0.5,0.0,0.0,0.0,0.0,0.5,1.0,0.0,0.3333333333333333,0.6666666666666666,0.0,1.0,0.6666666666666666,0.3333333333333333,0.0,0.0,1.0,0.0,0.0,1.0,0.0,0.0,0.3333333333333333,0.0,0.6666666666666666
MALAMBO,2020,4,15,1,1.0,0.0,0.0,0.0,0.0,0.0,0.0,0.0,0.0,0.0,0.0,0.0,1.0,1.0,0.0,0.0,1.0,0.0,1.0,0.0,1.0,0.0,0.0,1.0,0.0,0.0,1.0,0.0,0.0,0.0,0.0,1.0
MALAMBO,2020,4,16,4,0.75,0.0,0.0,0.0,0.25,0.0,0.0,1.0,0.0,0.0,0.0,0.0,0.0,1.0,0.0,0.0,1.0,0.0,1.0,0.25,0.75,0.0,0.0,1.0,0.0,0.0,1.0,0.0,0.0,0.25,0.0,0.75
MALAMBO,2020,5,17,3,0.6666666666666666,0.0,0.0,0.0,0.3333333333333333,0.0,0.0,0.0,0.0,0.0,0.0,0.0,1.0,1.0,0.0,0.0,1.0,0.0,1.0,0.6666666666666666,0.3333333333333333,0.0,0.0,1.0,0.0,0.0,1.0,0.0,0.0,0.6666666666666666,0.0,0.3333333333333333
MALAMBO,2020,5,18,3,0.3333333333333333,0.0,0.0,0.0,0.0,0.0,0.6666666666666666,0.0,0.0,0.0,0.0,0.0,1.0,1.0,0.0,0.3333333333333333,0.6666666666666666,0.0,1.0,0.0,1.0,0.0,0.0,1.0,0.0,0.0,1.0,0.0,0.0,0.0,0.0,1.0
MALAMBO,2020,5,20,2,1.0,0.0,0.0,0.0,0.0,0.0,0.0,0.5,0.0,0.0,0.0,0.0,0.5,1.0,0.0,0.0,1.0,0.0,1.0,1.0,0.0,0.0,0.0,1.0,0.0,0.0,1.0,0.0,0.0,0.5,0.0,0.5
MALAMBO,2020,6,21,3,0.3333333333333333,0.3333333333333333,0.0,0.0,0.0,0.0,0.3333333333333333,0.6666666666666666,0.0,0.0,0.0,0.3333333333333333,0.0,1.0,0.0,0.6666666666666666,0.3333333333333333,0.0,1.0,0.6666666666666666,0.3333333333333333,0.0,0.0,1.0,0.0,0.0,1.0,0.0,0.0,0.0,0.0,1.0
MALAMBO,2020,6,22,1,0.0,0.0,0.0,0.0,0.0,0.0,1.0,0.0,0.0,1.0,0.0,0.0,0.0,1.0,0.0,0.0,1.0,0.0,1.0,0.0,1.0,0.0,0.0,1.0,0.0,0.0,1.0,0.0,0.0,0.0,0.0,1.0
MALAMBO,2020,7,25,1,1.0,0.0,0.0,0.0,0.0,0.0,0.0,0.0,0.0,0.0,0.0,0.0,1.0,1.0,0.0,0.0,1.0,0.0,1.0,1.0,0.0,0.0,0.0,1.0,0.0,0.0,1.0,0.0,0.0,0.0,0.0,1.0
MALAMBO,2020,7,28,1,1.0,0.0,0.0,0.0,0.0,0.0,0.0,1.0,0.0,0.0,0.0,0.0,0.0,1.0,0.0,1.0,0.0,0.0,1.0,0.0,1.0,0.0,0.0,1.0,0.0,0.0,1.0,0.0,0.0,0.0,0.0,1.0
MALAMBO,2020,8,31,1,0.0,0.0,0.0,0.0,1.0,0.0,0.0,0.0,0.0,0.0,0.0,0.0,1.0,1.0,0.0,0.0,1.0,0.0,1.0,1.0,0.0,0.0,0.0,1.0,0.0,0.0,1.0,0.0,0.0,0.0,0.0,1.0
MALAMBO,2020,8,32,1,0.0,0.0,0.0,0.0,0.0,0.0,1.0,1.0,0.0,0.0,0.0,0.0,0.0,1.0,0.0,0.0,1.0,0.0,1.0,0.0,1.0,0.0,0.0,1.0,0.0,0.0,1.0,0.0,0.0,0.0,0.0,1.0
MALAMBO,2020,9,33,1,0.0,0.0,0.0,0.0,0.0,0.0,1.0,0.0,0.0,1.0,0.0,0.0,0.0,1.0,0.0,0.0,1.0,0.0,1.0,0.0,1.0,0.0,0.0,1.0,0.0,0.0,1.0,0.0,0.0,0.0,0.0,1.0
MALAMBO,2020,9,34,2,0.0,0.0,0.0,0.0,1.0,0.0,0.0,0.5,0.0,0.0,0.0,0.0,0.5,1.0,0.0,0.5,0.5,0.0,1.0,1.0,0.0,0.0,0.0,1.0,0.0,0.0,1.0,0.0,0.0,0.0,0.0,1.0
MALAMBO,2020,9,35,1,1.0,0.0,0.0,0.0,0.0,0.0,0.0,0.0,0.0,0.0,0.0,0.0,1.0,1.0,0.0,0.0,1.0,0.0,1.0,1.0,0.0,0.0,0.0,1.0,0.0,0.0,1.0,0.0,0.0,0.0,0.0,1.0
MALAMBO,2020,9,36,3,0.6666666666666666,0.0,0.0,0.0,0.3333333333333333,0.0,0.0,0.6666666666666666,0.0,0.0,0.0,0.0,0.3333333333333333,1.0,0.0,0.0,1.0,0.0,1.0,1.0,0.0,0.0,0.0,1.0,0.0,0.0,1.0,0.0,0.0,0.3333333333333333,0.0,0.6666666666666666
MALAMBO,2020,10,37,4,0.75,0.0,0.0,0.0,0.25,0.0,0.0,0.75,0.0,0.25,0.0,0.0,0.0,1.0,0.0,1.0,0.0,0.0,1.0,0.25,0.75,0.0,0.0,1.0,0.0,0.0,1.0,0.0,0.0,0.0,0.0,1.0
MALAMBO,2020,10,38,4,0.5,0.25,0.0,0.0,0.25,0.0,0.0,0.5,0.0,0.25,0.0,0.0,0.25,1.0,0.0,0.25,0.75,0.0,1.0,0.25,0.75,0.0,0.0,1.0,0.0,0.0,1.0,0.0,0.0,0.0,0.0,1.0
MALAMBO,2020,10,39,4,0.5,0.5,0.0,0.0,0.0,0.0,0.0,0.5,0.0,0.0,0.0,0.25,0.25,1.0,0.0,0.25,0.75,0.0,1.0,0.5,0.5,0.0,0.0,1.0,0.0,0.0,1.0,0.0,0.0,0.25,0.0,0.75
MALAMBO,2020,10,40,9,0.7777777777777778,0.0,0.0,0.0,0.1111111111111111,0.0,0.1111111111111111,0.4444444444444444,0.0,0.0,0.0,0.0,0.5555555555555556,1.0,0.0,0.1111111111111111,0.8888888888888888,0.0,1.0,0.3333333333333333,0.6666666666666666,0.0,0.0,1.0,0.0,0.0,1.0,0.0,0.0,0.1111111111111111,0.0,0.8888888888888888
MALAMBO,2020,11,41,4,0.75,0.0,0.0,0.0,0.25,0.0,0.0,0.5,0.0,0.0,0.0,0.0,0.5,1.0,0.0,0.25,0.75,0.0,1.0,0.0,1.0,0.0,0.0,1.0,0.0,0.0,1.0,0.0,0.0,0.0,0.0,1.0
MALAMBO,2020,11,42,3,0.6666666666666666,0.0,0.0,0.0,0.3333333333333333,0.0,0.0,0.6666666666666666,0.0,0.0,0.0,0.0,0.3333333333333333,1.0,0.0,0.6666666666666666,0.3333333333333333,0.0,1.0,0.0,1.0,0.0,0.0,1.0,0.0,0.0,1.0,0.0,0.0,0.3333333333333333,0.0,0.6666666666666666
MALAMBO,2020,11,43,4,0.0,0.25,0.0,0.0,0.75,0.0,0.0,0.25,0.0,0.25,0.0,0.0,0.5,1.0,0.0,0.5,0.5,0.0,1.0,0.25,0.75,0.0,0.0,1.0,0.0,0.0,1.0,0.0,0.0,0.25,0.0,0.75
MALAMBO,2020,11,44,2,0.0,0.0,0.0,0.0,1.0,0.0,0.0,0.0,0.0,0.0,0.0,0.0,1.0,1.0,0.0,0.5,0.5,0.0,1.0,1.0,0.0,0.0,0.0,1.0,0.0,0.0,1.0,0.0,0.0,0.0,0.0,1.0
MALAMBO,2020,12,45,2,0.5,0.0,0.0,0.0,0.5,0.0,0.0,0.0,0.0,0.0,0.0,0.0,1.0,1.0,0.0,0.5,0.5,0.0,1.0,0.5,0.5,0.0,0.0,1.0,0.0,0.0,1.0,0.0,0.0,0.0,0.0,1.0
MALAMBO,2020,12,46,4,0.5,0.5,0.0,0.0,0.0,0.0,0.0,1.0,0.0,0.0,0.0,0.0,0.0,1.0,0.0,0.5,0.5,0.0,1.0,0.5,0.5,0.0,0.0,1.0,0.0,0.0,1.0,0.0,0.0,0.25,0.0,0.75
MALAMBO,2020,12,47,4,0.5,0.25,0.0,0.0,0.25,0.0,0.0,0.25,0.0,0.0,0.0,0.0,0.75,1.0,0.0,0.25,0.75,0.0,1.0,0.75,0.25,0.0,0.0,1.0,0.0,0.0,1.0,0.0,0.0,0.75,0.0,0.25
MALAMBO,2020,12,48,6,0.5,0.3333333333333333,0.0,0.0,0.16666666666666666,0.0,0.0,0.6666666666666666,0.0,0.0,0.0,0.0,0.3333333333333333,1.0,0.0,0.0,1.0,0.0,1.0,0.3333333333333333,0.6666666666666666,0.0,0.0,1.0,0.0,0.0,0.8333333333333334,0.0,0.16666666666666666,0.5,0.0,0.5
MALAMBO,2020,13,49,4,0.25,0.0,0.0,0.0,0.5,0.0,0.25,0.5,0.0,0.0,0.0,0.0,0.5,1.0,0.0,0.75,0.25,0.0,1.0,0.25,0.75,0.0,0.0,1.0,0.0,0.0,1.0,0.0,0.0,0.0,0.0,1.0
MALAMBO,2020,13,50,3,0.0,0.3333333333333333,0.0,0.0,0.6666666666666666,0.0,0.0,1.0,0.0,0.0,0.0,0.0,0.0,1.0,0.0,0.3333333333333333,0.6666666666666666,0.0,1.0,0.3333333333333333,0.6666666666666666,0.0,0.0,1.0,0.0,0.0,1.0,0.0,0.0,0.3333333333333333,0.0,0.6666666666666666
MALAMBO,2020,13,51,11,0.5454545454545454,0.2727272727272727,0.0,0.0,0.18181818181818182,0.0,0.0,0.5454545454545454,0.0,0.09090909090909091,0.0,0.0,0.36363636363636365,1.0,0.0,0.2727272727272727,0.7272727272727273,0.0,1.0,0.45454545454545453,0.5454545454545454,0.0,0.0,1.0,0.0,0.0,0.9090909090909091,0.09090909090909091,0.0,0.0,0.0,1.0
MALAMBO,2020,13,52,5,0.4,0.0,0.0,0.0,0.6,0.0,0.0,0.4,0.0,0.0,0.0,0.0,0.6,1.0,0.0,0.2,0.8,0.0,1.0,0.2,0.8,0.0,0.0,1.0,0.0,0.0,1.0,0.0,0.0,0.0,0.0,1.0
MALAMBO,2020,14,53,6,0.5,0.0,0.0,0.0,0.16666666666666666,0.0,0.3333333333333333,0.16666666666666666,0.0,0.0,0.0,0.0,0.8333333333333334,1.0,0.0,0.3333333333333333,0.6666666666666666,0.0,1.0,0.3333333333333333,0.6666666666666666,0.0,0.0,1.0,0.0,0.0,1.0,0.0,0.0,0.0,0.0,1.0
MALAMBO,2021,1,1,6,0.16666666666666666,0.0,0.0,0.0,0.3333333333333333,0.0,0.5,0.3333333333333333,0.0,0.16666666666666666,0.0,0.16666666666666666,0.3333333333333333,1.0,0.0,0.3333333333333333,0.6666666666666666,0.0,1.0,0.6666666666666666,0.3333333333333333,0.0,0.0,1.0,0.0,0.0,1.0,0.0,0.0,0.16666666666666666,0.0,0.8333333333333334
MALAMBO,2021,1,2,7,0.2857142857142857,0.14285714285714285,0.0,0.0,0.42857142857142855,0.0,0.14285714285714285,0.2857142857142857,0.0,0.14285714285714285,0.0,0.0,0.5714285714285714,1.0,0.0,0.42857142857142855,0.5714285714285714,0.0,1.0,0.2857142857142857,0.7142857142857143,0.0,0.0,1.0,0.0,0.0,0.8571428571428571,0.14285714285714285,0.0,0.14285714285714285,0.0,0.8571428571428571
MALAMBO,2021,1,3,4,0.25,0.0,0.0,0.0,0.5,0.0,0.25,0.5,0.0,0.0,0.0,0.0,0.5,1.0,0.0,0.0,1.0,0.0,1.0,0.25,0.75,0.0,0.0,1.0,0.0,0.0,1.0,0.0,0.0,0.0,0.0,1.0
MALAMBO,2021,1,4,4,0.25,0.0,0.0,0.0,0.25,0.0,0.5,0.5,0.0,0.0,0.0,0.0,0.5,1.0,0.0,0.25,0.75,0.0,1.0,0.75,0.25,0.0,0.0,1.0,0.0,0.0,0.75,0.25,0.0,0.0,0.0,1.0
MALAMBO,2021,2,5,1,1.0,0.0,0.0,0.0,0.0,0.0,0.0,1.0,0.0,0.0,0.0,0.0,0.0,1.0,0.0,0.0,1.0,0.0,1.0,1.0,0.0,0.0,0.0,1.0,0.0,0.0,1.0,0.0,0.0,1.0,0.0,0.0
MALAMBO,2021,2,6,8,0.5,0.125,0.0,0.0,0.375,0.0,0.0,0.625,0.0,0.125,0.0,0.0,0.25,1.0,0.0,0.375,0.625,0.0,1.0,0.375,0.625,0.0,0.0,1.0,0.0,0.0,1.0,0.0,0.0,0.375,0.0,0.625
MALAMBO,2021,2,7,10,0.4,0.0,0.0,0.0,0.4,0.0,0.2,0.3,0.0,0.0,0.0,0.0,0.7,1.0,0.0,0.3,0.7,0.0,1.0,0.4,0.6,0.0,0.0,1.0,0.0,0.0,1.0,0.0,0.0,0.2,0.0,0.8
MALAMBO,2021,2,8,3,0.6666666666666666,0.0,0.0,0.0,0.3333333333333333,0.0,0.0,0.3333333333333333,0.0,0.0,0.0,0.0,0.6666666666666666,1.0,0.0,0.0,1.0,0.0,1.0,1.0,0.0,0.0,0.0,1.0,0.0,0.0,1.0,0.0,0.0,0.3333333333333333,0.0,0.6666666666666666
MALAMBO,2021,3,9,12,0.4166666666666667,0.25,0.0,0.0,0.25,0.0,0.08333333333333333,0.3333333333333333,0.0,0.0,0.0,0.0,0.6666666666666666,1.0,0.0,0.16666666666666666,0.8333333333333334,0.0,1.0,0.5,0.5,0.0,0.0,1.0,0.0,0.0,1.0,0.0,0.0,0.25,0.0,0.75
MALAMBO,2021,3,10,6,0.6666666666666666,0.0,0.0,0.0,0.3333333333333333,0.0,0.0,0.3333333333333333,0.0,0.0,0.0,0.0,0.6666666666666666,1.0,0.0,0.16666666666666666,0.8333333333333334,0.0,1.0,0.6666666666666666,0.3333333333333333,0.0,0.0,1.0,0.0,0.0,1.0,0.0,0.0,0.16666666666666666,0.0,0.8333333333333334
MALAMBO,2021,3,11,5,0.2,0.0,0.0,0.0,0.8,0.0,0.0,0.0,0.0,0.0,0.0,0.0,1.0,1.0,0.0,0.4,0.6,0.0,1.0,0.8,0.2,0.0,0.0,1.0,0.0,0.0,1.0,0.0,0.0,0.2,0.0,0.8
MALAMBO,2021,3,12,6,0.3333333333333333,0.0,0.0,0.0,0.5,0.16666666666666666,0.0,0.3333333333333333,0.0,0.0,0.0,0.16666666666666666,0.5,1.0,0.0,0.16666666666666666,0.8333333333333334,0.0,1.0,0.6666666666666666,0.3333333333333333,0.0,0.0,1.0,0.0,0.0,1.0,0.0,0.0,0.16666666666666666,0.0,0.8333333333333334
MALAMBO,2021,4,13,5,0.6,0.0,0.0,0.0,0.2,0.0,0.2,0.2,0.0,0.0,0.0,0.0,0.8,1.0,0.0,0.2,0.8,0.0,1.0,0.8,0.2,0.0,0.0,1.0,0.0,0.0,1.0,0.0,0.0,0.6,0.0,0.4
MALAMBO,2021,4,14,2,0.5,0.0,0.0,0.0,0.5,0.0,0.0,0.5,0.0,0.0,0.0,0.0,0.5,0.5,0.5,0.0,1.0,0.0,1.0,0.5,0.5,0.0,0.0,1.0,0.0,0.0,1.0,0.0,0.0,0.5,0.0,0.5
MALAMBO,2021,4,15,4,0.5,0.0,0.0,0.0,0.25,0.0,0.25,0.5,0.0,0.0,0.0,0.25,0.25,1.0,0.0,0.0,1.0,0.0,1.0,0.25,0.75,0.0,0.0,1.0,0.0,0.0,1.0,0.0,0.0,0.0,0.0,1.0
MALAMBO,2021,4,16,5,0.2,0.0,0.0,0.0,0.4,0.2,0.2,0.4,0.0,0.0,0.0,0.0,0.6,1.0,0.0,0.0,1.0,0.0,1.0,0.8,0.2,0.0,0.0,1.0,0.0,0.0,1.0,0.0,0.0,0.0,0.0,1.0
MALAMBO,2021,5,18,3,0.6666666666666666,0.0,0.0,0.0,0.3333333333333333,0.0,0.0,0.3333333333333333,0.0,0.0,0.0,0.0,0.6666666666666666,1.0,0.0,0.0,1.0,0.0,1.0,0.0,1.0,0.0,0.0,1.0,0.0,0.0,1.0,0.0,0.0,0.3333333333333333,0.0,0.6666666666666666
MALAMBO,2021,5,19,3,0.0,0.3333333333333333,0.0,0.0,0.3333333333333333,0.0,0.3333333333333333,0.3333333333333333,0.0,0.0,0.0,0.0,0.6666666666666666,1.0,0.0,0.3333333333333333,0.6666666666666666,0.0,1.0,0.6666666666666666,0.3333333333333333,0.0,0.0,1.0,0.0,0.0,1.0,0.0,0.0,0.0,0.0,1.0
MALAMBO,2021,5,20,3,0.0,0.3333333333333333,0.0,0.0,0.3333333333333333,0.0,0.3333333333333333,0.0,0.0,0.0,0.0,0.0,1.0,1.0,0.0,0.0,1.0,0.0,1.0,1.0,0.0,0.0,0.0,1.0,0.0,0.0,1.0,0.0,0.0,0.0,0.0,1.0
MALAMBO,2021,6,21,1,0.0,0.0,0.0,0.0,1.0,0.0,0.0,1.0,0.0,0.0,0.0,0.0,0.0,1.0,0.0,0.0,1.0,0.0,1.0,1.0,0.0,0.0,0.0,1.0,0.0,0.0,1.0,0.0,0.0,0.0,0.0,1.0
MALAMBO,2021,6,22,5,0.2,0.0,0.0,0.0,0.4,0.2,0.2,0.4,0.0,0.0,0.0,0.0,0.6,1.0,0.0,0.2,0.8,0.0,1.0,0.6,0.4,0.0,0.0,1.0,0.0,0.0,1.0,0.0,0.0,0.4,0.0,0.6
MALAMBO,2021,6,23,1,1.0,0.0,0.0,0.0,0.0,0.0,0.0,0.0,0.0,0.0,0.0,0.0,1.0,1.0,0.0,0.0,1.0,0.0,1.0,0.0,1.0,0.0,0.0,1.0,0.0,0.0,1.0,0.0,0.0,0.0,0.0,1.0
MALAMBO,2021,6,24,3,0.3333333333333333,0.0,0.0,0.0,0.3333333333333333,0.3333333333333333,0.0,0.0,0.0,0.3333333333333333,0.0,0.3333333333333333,0.3333333333333333,1.0,0.0,0.0,1.0,0.0,1.0,0.6666666666666666,0.3333333333333333,0.0,0.0,1.0,0.0,0.0,0.6666666666666666,0.3333333333333333,0.0,0.0,0.0,1.0
MALAMBO,2021,7,25,2,0.5,0.5,0.0,0.0,0.0,0.0,0.0,1.0,0.0,0.0,0.0,0.0,0.0,1.0,0.0,0.0,1.0,0.0,1.0,0.5,0.5,0.0,0.0,1.0,0.0,0.0,1.0,0.0,0.0,0.0,0.0,1.0
MALAMBO,2021,7,26,6,0.3333333333333333,0.0,0.16666666666666666,0.0,0.3333333333333333,0.0,0.16666666666666666,0.16666666666666666,0.0,0.0,0.0,0.0,0.8333333333333334,1.0,0.0,0.16666666666666666,0.8333333333333334,0.0,1.0,0.5,0.5,0.0,0.0,1.0,0.0,0.0,1.0,0.0,0.0,0.16666666666666666,0.0,0.8333333333333334
MALAMBO,2021,7,27,7,0.14285714285714285,0.14285714285714285,0.0,0.0,0.2857142857142857,0.0,0.42857142857142855,0.14285714285714285,0.0,0.14285714285714285,0.0,0.0,0.7142857142857143,1.0,0.0,0.2857142857142857,0.7142857142857143,0.0,1.0,0.7142857142857143,0.2857142857142857,0.0,0.0,1.0,0.0,0.0,1.0,0.0,0.0,0.14285714285714285,0.0,0.8571428571428571
MALAMBO,2021,7,28,12,0.4166666666666667,0.08333333333333333,0.0,0.0,0.25,0.0,0.25,0.5,0.0,0.0,0.0,0.08333333333333333,0.4166666666666667,1.0,0.0,0.25,0.75,0.0,1.0,0.5833333333333334,0.4166666666666667,0.0,0.0,1.0,0.0,0.0,1.0,0.0,0.0,0.16666666666666666,0.0,0.8333333333333334
MALAMBO,2021,8,29,6,0.5,0.0,0.0,0.0,0.5,0.0,0.0,0.3333333333333333,0.0,0.0,0.0,0.0,0.6666666666666666,0.8333333333333334,0.16666666666666666,0.0,1.0,0.0,1.0,0.3333333333333333,0.6666666666666666,0.0,0.0,1.0,0.0,0.0,1.0,0.0,0.0,0.16666666666666666,0.0,0.8333333333333334
MALAMBO,2021,8,30,21,0.38095238095238093,0.047619047619047616,0.0,0.0,0.38095238095238093,0.0,0.19047619047619047,0.14285714285714285,0.0,0.0,0.0,0.047619047619047616,0.8095238095238095,0.9047619047619048,0.09523809523809523,0.047619047619047616,0.9523809523809523,0.0,1.0,0.47619047619047616,0.5238095238095238,0.0,0.0,1.0,0.0,0.0,1.0,0.0,0.0,0.09523809523809523,0.0,0.9047619047619048
MALAMBO,2021,8,31,27,0.5185185185185185,0.037037037037037035,0.0,0.0,0.25925925925925924,0.037037037037037035,0.14814814814814814,0.18518518518518517,0.0,0.0,0.0,0.037037037037037035,0.7777777777777778,1.0,0.0,0.1111111111111111,0.8888888888888888,0.0,1.0,0.5185185185185185,0.48148148148148145,0.0,0.0,1.0,0.0,0.0,1.0,0.0,0.0,0.2222222222222222,0.0,0.7777777777777778
MALAMBO,2021,8,32,18,0.5,0.0,0.0,0.0,0.3333333333333333,0.0,0.16666666666666666,0.3888888888888889,0.0,0.05555555555555555,0.0,0.0,0.5555555555555556,1.0,0.0,0.2222222222222222,0.7777777777777778,0.0,1.0,0.4444444444444444,0.5555555555555556,0.0,0.0,1.0,0.0,0.0,0.9444444444444444,0.05555555555555555,0.0,0.16666666666666666,0.0,0.8333333333333334
MALAMBO,2021,9,33,37,0.5945945945945946,0.05405405405405406,0.0,0.0,0.16216216216216217,0.0,0.1891891891891892,0.2702702702702703,0.0,0.02702702702702703,0.0,0.05405405405405406,0.6486486486486487,1.0,0.0,0.16216216216216217,0.8378378378378378,0.0,1.0,0.5675675675675675,0.43243243243243246,0.0,0.0,1.0,0.0,0.0,1.0,0.0,0.0,0.02702702702702703,0.0,0.972972972972973
MALAMBO,2021,9,34,18,0.4444444444444444,0.16666666666666666,0.0,0.0,0.2777777777777778,0.0,0.1111111111111111,0.1111111111111111,0.0,0.05555555555555555,0.0,0.1111111111111111,0.7222222222222222,1.0,0.0,0.2222222222222222,0.7777777777777778,0.0,1.0,0.3888888888888889,0.6111111111111112,0.0,0.0,1.0,0.0,0.0,1.0,0.0,0.0,0.1111111111111111,0.0,0.8888888888888888
MALAMBO,2021,9,35,36,0.2777777777777778,0.08333333333333333,0.0,0.0,0.4166666666666667,0.0,0.2222222222222222,0.3888888888888889,0.0,0.027777777777777776,0.0,0.1388888888888889,0.4444444444444444,0.9722222222222222,0.027777777777777776,0.16666666666666666,0.8333333333333334,0.0,1.0,0.5555555555555556,0.4444444444444444,0.0,0.0,1.0,0.0,0.0,1.0,0.0,0.0,0.1111111111111111,0.0,0.8888888888888888
MALAMBO,2021,9,36,31,0.41935483870967744,0.0967741935483871,0.0,0.0,0.2903225806451613,0.0,0.1935483870967742,0.45161290322580644,0.0,0.03225806451612903,0.0,0.0,0.5161290322580645,1.0,0.0,0.3225806451612903,0.6774193548387096,0.0,1.0,0.41935483870967744,0.5806451612903226,0.0,0.0,1.0,0.0,0.0,1.0,0.0,0.0,0.1935483870967742,0.0,0.8064516129032258
MALAMBO,2021,10,37,37,0.5135135135135135,0.08108108108108109,0.0,0.0,0.32432432432432434,0.0,0.08108108108108109,0.3783783783783784,0.0,0.02702702702702703,0.0,0.05405405405405406,0.5405405405405406,1.0,0.0,0.24324324324324326,0.7567567567567568,0.0,1.0,0.40540540540540543,0.5945945945945946,0.0,0.0,1.0,0.0,0.0,1.0,0.0,0.0,0.08108108108108109,0.0,0.918918918918919
MALAMBO,2021,10,38,40,0.35,0.1,0.0,0.0,0.45,0.0,0.1,0.375,0.0,0.0,0.0,0.025,0.6,0.975,0.025,0.25,0.75,0.0,1.0,0.525,0.475,0.0,0.0,1.0,0.0,0.0,0.975,0.025,0.0,0.1,0.0,0.9
MALAMBO,2021,10,39,32,0.40625,0.09375,0.0,0.0,0.46875,0.0,0.03125,0.3125,0.0,0.03125,0.0,0.0625,0.59375,0.96875,0.03125,0.34375,0.65625,0.0,1.0,0.4375,0.5625,0.0,0.0,1.0,0.0,0.0,0.96875,0.03125,0.0,0.21875,0.0,0.78125
MALAMBO,2021,10,40,27,0.48148148148148145,0.07407407407407407,0.0,0.0,0.4074074074074074,0.0,0.037037037037037035,0.2222222222222222,0.0,0.0,0.037037037037037035,0.07407407407407407,0.6666666666666666,0.9629629629629629,0.037037037037037035,0.3333333333333333,0.6666666666666666,0.0,1.0,0.6296296296296297,0.37037037037037035,0.0,0.0,1.0,0.0,0.0,1.0,0.0,0.0,0.18518518518518517,0.0,0.8148148148148148
MALAMBO,2021,11,41,43,0.3953488372093023,0.13953488372093023,0.0,0.0,0.4186046511627907,0.0,0.046511627906976744,0.3023255813953488,0.0,0.046511627906976744,0.0,0.023255813953488372,0.627906976744186,1.0,0.0,0.32558139534883723,0.6744186046511628,0.0,1.0,0.3488372093023256,0.6511627906976745,0.0,0.0,1.0,0.0,0.0,0.9767441860465116,0.023255813953488372,0.0,0.3488372093023256,0.0,0.6511627906976745
MALAMBO,2021,11,42,26,0.46153846153846156,0.15384615384615385,0.0,0.0,0.34615384615384615,0.0,0.038461538461538464,0.34615384615384615,0.0,0.038461538461538464,0.0,0.0,0.6153846153846154,1.0,0.0,0.34615384615384615,0.6538461538461539,0.0,1.0,0.4230769230769231,0.5769230769230769,0.0,0.0,1.0,0.0,0.0,1.0,0.0,0.0,0.15384615384615385,0.0,0.8461538461538461
MALAMBO,2021,11,43,32,0.40625,0.09375,0.0,0.0,0.28125,0.0,0.21875,0.4375,0.0,0.03125,0.0,0.0,0.53125,1.0,0.0,0.28125,0.71875,0.0,1.0,0.34375,0.65625,0.0,0.0,1.0,0.0,0.0,1.0,0.0,0.0,0.15625,0.0,0.84375
MALAMBO,2021,11,44,21,0.42857142857142855,0.09523809523809523,0.0,0.0,0.23809523809523808,0.0,0.23809523809523808,0.3333333333333333,0.0,0.0,0.0,0.09523809523809523,0.5714285714285714,1.0,0.0,0.19047619047619047,0.8095238095238095,0.0,1.0,0.5714285714285714,0.42857142857142855,0.0,0.0,1.0,0.0,0.0,1.0,0.0,0.0,0.19047619047619047,0.0,0.8095238095238095
MALAMBO,2021,12,45,26,0.5769230769230769,0.11538461538461539,0.0,0.0,0.3076923076923077,0.0,0.0,0.2692307692307692,0.0,0.11538461538461539,0.0,0.07692307692307693,0.5384615384615384,0.9615384615384616,0.038461538461538464,0.3076923076923077,0.6923076923076923,0.0,1.0,0.46153846153846156,0.5384615384615384,0.0,0.0,1.0,0.0,0.0,0.9615384615384616,0.038461538461538464,0.0,0.19230769230769232,0.0,0.8076923076923077
MALAMBO,2021,12,46,27,0.4074074074074074,0.07407407407407407,0.037037037037037035,0.0,0.4444444444444444,0.0,0.037037037037037035,0.3333333333333333,0.0,0.07407407407407407,0.0,0.037037037037037035,0.5555555555555556,0.9629629629629629,0.037037037037037035,0.3333333333333333,0.6666666666666666,0.0,1.0,0.5555555555555556,0.4444444444444444,0.0,0.0,1.0,0.0,0.0,1.0,0.0,0.0,0.18518518518518517,0.0,0.8148148148148148
MALAMBO,2021,12,47,23,0.5652173913043478,0.043478260869565216,0.0,0.0,0.21739130434782608,0.0,0.17391304347826086,0.30434782608695654,0.0,0.043478260869565216,0.0,0.0,0.6521739130434783,1.0,0.0,0.21739130434782608,0.782608695652174,0.0,1.0,0.5217391304347826,0.4782608695652174,0.0,0.0,1.0,0.0,0.0,1.0,0.0,0.0,0.13043478260869565,0.0,0.8695652173913043
MALAMBO,2021,12,48,18,0.3333333333333333,0.16666666666666666,0.0,0.0,0.3333333333333333,0.0,0.16666666666666666,0.3888888888888889,0.0,0.1111111111111111,0.0,0.05555555555555555,0.4444444444444444,1.0,0.0,0.2777777777777778,0.7222222222222222,0.0,1.0,0.3888888888888889,0.6111111111111112,0.0,0.0,1.0,0.0,0.0,0.8888888888888888,0.1111111111111111,0.0,0.2777777777777778,0.0,0.7222222222222222
MALAMBO,2021,13,49,16,0.5,0.0625,0.0,0.0,0.25,0.0,0.1875,0.3125,0.0,0.0625,0.0,0.0625,0.5625,0.875,0.125,0.1875,0.8125,0.0,1.0,0.5,0.5,0.0,0.0,1.0,0.0,0.0,0.9375,0.0,0.0625,0.25,0.0,0.75
MALAMBO,2021,13,50,14,0.5714285714285714,0.07142857142857142,0.0,0.0,0.35714285714285715,0.0,0.0,0.35714285714285715,0.0,0.14285714285714285,0.0,0.0,0.5,1.0,0.0,0.14285714285714285,0.8571428571428571,0.0,1.0,0.35714285714285715,0.6428571428571429,0.0,0.0,1.0,0.0,0.0,0.9285714285714286,0.07142857142857142,0.0,0.14285714285714285,0.0,0.8571428571428571
MALAMBO,2021,13,51,8,0.25,0.25,0.0,0.0,0.375,0.0,0.125,0.25,0.0,0.125,0.0,0.0,0.625,1.0,0.0,0.25,0.75,0.0,1.0,0.375,0.625,0.0,0.0,1.0,0.0,0.0,0.875,0.125,0.0,0.125,0.0,0.875
MALAMBO,2021,13,52,12,0.3333333333333333,0.4166666666666667,0.0,0.0,0.25,0.0,0.0,0.4166666666666667,0.0,0.0,0.0,0.25,0.3333333333333333,0.9166666666666666,0.08333333333333333,0.0,1.0,0.0,1.0,0.5833333333333334,0.4166666666666667,0.0,0.0,1.0,0.0,0.0,1.0,0.0,0.0,0.16666666666666666,0.0,0.8333333333333334
MALAMBO,2022,1,1,7,0.2857142857142857,0.14285714285714285,0.0,0.0,0.14285714285714285,0.14285714285714285,0.2857142857142857,0.42857142857142855,0.0,0.0,0.0,0.0,0.5714285714285714,0.8571428571428571,0.14285714285714285,0.2857142857142857,0.7142857142857143,0.0,1.0,0.2857142857142857,0.7142857142857143,0.0,0.0,1.0,0.0,0.0,1.0,0.0,0.0,0.14285714285714285,0.0,0.8571428571428571
MALAMBO,2022,1,2,2,1.0,0.0,0.0,0.0,0.0,0.0,0.0,1.0,0.0,0.0,0.0,0.0,0.0,1.0,0.0,0.0,1.0,0.0,1.0,0.5,0.5,0.0,0.0,1.0,0.0,0.0,1.0,0.0,0.0,0.5,0.0,0.5
MALAMBO,2022,1,3,4,0.25,0.5,0.0,0.0,0.0,0.0,0.25,0.75,0.0,0.0,0.0,0.0,0.25,1.0,0.0,0.25,0.75,0.0,1.0,0.5,0.5,0.0,0.0,1.0,0.0,0.0,1.0,0.0,0.0,0.5,0.0,0.5
MALAMBO,2022,1,4,6,0.3333333333333333,0.3333333333333333,0.0,0.0,0.3333333333333333,0.0,0.0,0.3333333333333333,0.0,0.0,0.0,0.0,0.6666666666666666,0.8333333333333334,0.16666666666666666,0.16666666666666666,0.8333333333333334,0.0,1.0,0.3333333333333333,0.6666666666666666,0.0,0.0,1.0,0.0,0.0,1.0,0.0,0.0,0.16666666666666666,0.0,0.8333333333333334
MALAMBO,2022,2,5,6,0.16666666666666666,0.0,0.16666666666666666,0.0,0.3333333333333333,0.0,0.3333333333333333,0.3333333333333333,0.0,0.0,0.0,0.0,0.6666666666666666,1.0,0.0,0.3333333333333333,0.6666666666666666,0.0,1.0,0.5,0.5,0.0,0.0,1.0,0.0,0.0,1.0,0.0,0.0,0.0,0.0,1.0
MALAMBO,2022,2,6,1,0.0,0.0,0.0,0.0,1.0,0.0,0.0,1.0,0.0,0.0,0.0,0.0,0.0,1.0,0.0,1.0,0.0,0.0,1.0,1.0,0.0,0.0,0.0,1.0,0.0,0.0,1.0,0.0,0.0,0.0,0.0,1.0
MALAMBO,2022,2,7,1,1.0,0.0,0.0,0.0,0.0,0.0,0.0,0.0,0.0,0.0,0.0,0.0,1.0,0.0,1.0,0.0,1.0,0.0,1.0,0.0,1.0,0.0,0.0,1.0,0.0,0.0,1.0,0.0,0.0,0.0,0.0,1.0
MALAMBO,2022,2,8,3,0.3333333333333333,0.0,0.0,0.0,0.6666666666666666,0.0,0.0,0.3333333333333333,0.0,0.0,0.0,0.0,0.6666666666666666,0.6666666666666666,0.3333333333333333,0.0,1.0,0.0,1.0,0.3333333333333333,0.6666666666666666,0.0,0.0,1.0,0.0,0.0,1.0,0.0,0.0,0.0,0.0,1.0
MALAMBO,2022,3,9,3,0.3333333333333333,0.0,0.0,0.0,0.6666666666666666,0.0,0.0,0.3333333333333333,0.0,0.0,0.0,0.0,0.6666666666666666,1.0,0.0,0.3333333333333333,0.6666666666666666,0.0,1.0,0.3333333333333333,0.6666666666666666,0.0,0.0,1.0,0.0,0.0,0.6666666666666666,0.3333333333333333,0.0,0.3333333333333333,0.0,0.6666666666666666
MALAMBO,2022,3,10,3,0.6666666666666666,0.3333333333333333,0.0,0.0,0.0,0.0,0.0,0.3333333333333333,0.0,0.0,0.0,0.0,0.6666666666666666,1.0,0.0,0.0,1.0,0.0,1.0,1.0,0.0,0.0,0.0,1.0,0.0,0.0,1.0,0.0,0.0,0.0,0.0,1.0
MALAMBO,2022,3,11,5,0.4,0.4,0.0,0.0,0.2,0.0,0.0,0.8,0.0,0.0,0.0,0.0,0.2,1.0,0.0,0.6,0.4,0.0,1.0,0.4,0.6,0.0,0.0,1.0,0.0,0.0,1.0,0.0,0.0,0.6,0.0,0.4
MALAMBO,2022,4,13,3,0.0,0.0,0.0,0.0,1.0,0.0,0.0,0.6666666666666666,0.0,0.0,0.0,0.0,0.3333333333333333,1.0,0.0,0.3333333333333333,0.6666666666666666,0.0,1.0,0.6666666666666666,0.3333333333333333,0.0,0.0,1.0,0.0,0.0,1.0,0.0,0.0,0.3333333333333333,0.0,0.6666666666666666
MALAMBO,2022,4,14,1,0.0,0.0,0.0,0.0,0.0,0.0,1.0,1.0,0.0,0.0,0.0,0.0,0.0,1.0,0.0,1.0,0.0,0.0,1.0,0.0,1.0,0.0,0.0,1.0,0.0,0.0,1.0,0.0,0.0,1.0,0.0,0.0
MALAMBO,2022,4,16,3,0.3333333333333333,0.3333333333333333,0.0,0.0,0.3333333333333333,0.0,0.0,0.6666666666666666,0.0,0.0,0.0,0.0,0.3333333333333333,1.0,0.0,0.6666666666666666,0.3333333333333333,0.0,1.0,0.3333333333333333,0.6666666666666666,0.0,0.0,1.0,0.0,0.0,1.0,0.0,0.0,0.3333333333333333,0.0,0.6666666666666666
MALAMBO,2022,5,17,1,0.0,0.0,0.0,0.0,1.0,0.0,0.0,0.0,0.0,0.0,0.0,1.0,0.0,1.0,0.0,0.0,1.0,0.0,1.0,1.0,0.0,0.0,0.0,1.0,0.0,0.0,1.0,0.0,0.0,0.0,0.0,1.0
MALAMBO,2022,5,19,5,0.4,0.2,0.0,0.0,0.4,0.0,0.0,0.4,0.0,0.2,0.0,0.0,0.4,0.8,0.2,0.0,1.0,0.0,1.0,0.2,0.8,0.0,0.0,1.0,0.0,0.0,1.0,0.0,0.0,0.6,0.0,0.4
MALAMBO,2022,5,20,2,1.0,0.0,0.0,0.0,0.0,0.0,0.0,0.0,0.0,0.0,0.0,0.0,1.0,1.0,0.0,0.0,1.0,0.0,1.0,0.0,1.0,0.0,0.0,1.0,0.0,0.0,1.0,0.0,0.0,0.0,0.0,1.0
MALAMBO,2022,6,21,2,0.0,0.0,0.0,0.0,1.0,0.0,0.0,0.5,0.0,0.0,0.0,0.0,0.5,1.0,0.0,0.0,1.0,0.0,1.0,0.5,0.5,0.0,0.0,1.0,0.0,0.0,1.0,0.0,0.0,0.5,0.0,0.5
MALAMBO,2022,6,22,1,0.0,0.0,0.0,0.0,0.0,0.0,1.0,0.0,0.0,0.0,1.0,0.0,0.0,1.0,0.0,1.0,0.0,0.0,1.0,1.0,0.0,0.0,0.0,1.0,0.0,0.0,1.0,0.0,0.0,1.0,0.0,0.0
MALAMBO,2022,6,23,4,0.75,0.25,0.0,0.0,0.0,0.0,0.0,0.0,0.0,0.0,0.0,0.0,1.0,1.0,0.0,0.25,0.75,0.0,1.0,1.0,0.0,0.0,0.0,1.0,0.0,0.0,1.0,0.0,0.0,0.25,0.0,0.75
MALAMBO,2022,6,24,3,0.6666666666666666,0.0,0.0,0.0,0.3333333333333333,0.0,0.0,0.6666666666666666,0.0,0.0,0.0,0.0,0.3333333333333333,1.0,0.0,0.3333333333333333,0.6666666666666666,0.0,1.0,0.6666666666666666,0.3333333333333333,0.0,0.0,1.0,0.0,0.0,1.0,0.0,0.0,0.0,0.0,1.0
MALAMBO,2022,7,25,3,0.3333333333333333,0.0,0.0,0.0,0.3333333333333333,0.0,0.3333333333333333,0.0,0.0,0.6666666666666666,0.0,0.0,0.3333333333333333,1.0,0.0,0.3333333333333333,0.6666666666666666,0.0,1.0,0.6666666666666666,0.3333333333333333,0.0,0.0,1.0,0.0,0.0,1.0,0.0,0.0,0.0,0.0,1.0
MALAMBO,2022,7,26,1,0.0,1.0,0.0,0.0,0.0,0.0,0.0,0.0,0.0,0.0,0.0,0.0,1.0,1.0,0.0,1.0,0.0,0.0,1.0,1.0,0.0,0.0,0.0,1.0,0.0,0.0,1.0,0.0,0.0,1.0,0.0,0.0
MALAMBO,2022,7,27,4,0.0,0.5,0.0,0.0,0.5,0.0,0.0,0.75,0.0,0.0,0.0,0.0,0.25,1.0,0.0,0.75,0.25,0.0,1.0,0.5,0.5,0.0,0.0,1.0,0.0,0.0,1.0,0.0,0.0,0.5,0.0,0.5
MALAMBO,2022,7,28,2,0.5,0.0,0.0,0.0,0.5,0.0,0.0,0.5,0.0,0.0,0.0,0.0,0.5,1.0,0.0,0.0,1.0,0.0,1.0,1.0,0.0,0.0,0.0,1.0,0.0,0.0,1.0,0.0,0.0,0.5,0.0,0.5
MALAMBO,2022,8,29,1,0.0,0.0,0.0,0.0,0.0,0.0,1.0,0.0,0.0,0.0,0.0,0.0,1.0,1.0,0.0,0.0,1.0,0.0,1.0,1.0,0.0,0.0,0.0,1.0,0.0,0.0,1.0,0.0,0.0,0.0,0.0,1.0
MALAMBO,2022,8,30,3,0.3333333333333333,0.0,0.0,0.0,0.3333333333333333,0.0,0.3333333333333333,0.0,0.0,0.0,0.0,0.0,1.0,1.0,0.0,0.0,1.0,0.0,1.0,0.3333333333333333,0.6666666666666666,0.0,0.0,1.0,0.0,0.0,1.0,0.0,0.0,0.3333333333333333,0.0,0.6666666666666666
MALAMBO,2022,8,31,3,0.6666666666666666,0.0,0.0,0.0,0.0,0.0,0.3333333333333333,0.0,0.0,0.3333333333333333,0.0,0.0,0.6666666666666666,1.0,0.0,1.0,0.0,0.0,1.0,0.3333333333333333,0.6666666666666666,0.0,0.0,1.0,0.0,0.0,1.0,0.0,0.0,0.3333333333333333,0.0,0.6666666666666666
MALAMBO,2022,8,32,6,0.5,0.16666666666666666,0.0,0.0,0.16666666666666666,0.16666666666666666,0.0,0.6666666666666666,0.0,0.16666666666666666,0.0,0.0,0.16666666666666666,1.0,0.0,0.5,0.5,0.0,1.0,0.5,0.5,0.0,0.0,1.0,0.0,0.0,1.0,0.0,0.0,0.3333333333333333,0.0,0.6666666666666666
MALAMBO,2022,9,33,4,0.25,0.5,0.0,0.0,0.25,0.0,0.0,0.25,0.0,0.0,0.0,0.0,0.75,1.0,0.0,0.25,0.75,0.0,1.0,0.25,0.75,0.0,0.0,1.0,0.0,0.0,1.0,0.0,0.0,0.5,0.0,0.5
MALAMBO,2022,9,34,4,0.0,0.25,0.0,0.0,0.5,0.0,0.25,0.5,0.0,0.0,0.25,0.0,0.25,1.0,0.0,0.75,0.25,0.0,1.0,0.75,0.25,0.0,0.0,1.0,0.0,0.0,0.75,0.25,0.0,1.0,0.0,0.0
MALAMBO,2022,9,35,3,0.3333333333333333,0.3333333333333333,0.0,0.0,0.3333333333333333,0.0,0.0,0.3333333333333333,0.0,0.3333333333333333,0.0,0.0,0.3333333333333333,1.0,0.0,0.3333333333333333,0.6666666666666666,0.0,1.0,0.6666666666666666,0.3333333333333333,0.0,0.0,1.0,0.0,0.0,1.0,0.0,0.0,0.6666666666666666,0.0,0.3333333333333333
MALAMBO,2022,9,36,3,0.3333333333333333,0.3333333333333333,0.0,0.3333333333333333,0.0,0.0,0.0,0.6666666666666666,0.0,0.0,0.0,0.0,0.3333333333333333,1.0,0.0,0.0,1.0,0.0,1.0,0.0,1.0,0.0,0.0,1.0,0.0,0.0,0.6666666666666666,0.3333333333333333,0.0,0.3333333333333333,0.0,0.6666666666666666
MALAMBO,2022,10,37,5,0.6,0.0,0.0,0.0,0.4,0.0,0.0,0.6,0.0,0.0,0.0,0.0,0.4,0.8,0.2,0.2,0.8,0.0,1.0,0.0,1.0,0.0,0.0,1.0,0.0,0.0,1.0,0.0,0.0,0.4,0.0,0.6
MALAMBO,2022,10,38,5,0.6,0.0,0.0,0.0,0.2,0.0,0.2,0.6,0.0,0.0,0.0,0.0,0.4,1.0,0.0,0.0,1.0,0.0,1.0,0.2,0.8,0.0,0.0,1.0,0.0,0.0,1.0,0.0,0.0,0.0,0.0,1.0
MALAMBO,2022,10,39,10,0.2,0.5,0.0,0.0,0.2,0.0,0.1,0.4,0.0,0.0,0.0,0.0,0.6,1.0,0.0,0.2,0.8,0.0,1.0,0.5,0.5,0.0,0.0,1.0,0.0,0.0,0.9,0.1,0.0,0.6,0.0,0.4
MALAMBO,2022,10,40,3,0.0,0.3333333333333333,0.0,0.0,0.6666666666666666,0.0,0.0,0.0,0.0,0.0,0.0,0.0,1.0,1.0,0.0,0.3333333333333333,0.6666666666666666,0.0,1.0,0.6666666666666666,0.3333333333333333,0.0,0.0,1.0,0.0,0.0,1.0,0.0,0.0,0.3333333333333333,0.0,0.6666666666666666
MALAMBO,2022,11,41,7,0.8571428571428571,0.14285714285714285,0.0,0.0,0.0,0.0,0.0,0.2857142857142857,0.0,0.42857142857142855,0.0,0.0,0.2857142857142857,1.0,0.0,0.14285714285714285,0.8571428571428571,0.0,1.0,0.2857142857142857,0.7142857142857143,0.0,0.0,1.0,0.0,0.0,1.0,0.0,0.0,0.5714285714285714,0.14285714285714285,0.2857142857142857
MALAMBO,2022,11,42,13,0.5384615384615384,0.23076923076923078,0.0,0.0,0.15384615384615385,0.0,0.07692307692307693,0.46153846153846156,0.0,0.15384615384615385,0.0,0.0,0.38461538461538464,0.9230769230769231,0.07692307692307693,0.38461538461538464,0.6153846153846154,0.0,1.0,0.5384615384615384,0.46153846153846156,0.0,0.0,1.0,0.0,0.0,0.9230769230769231,0.07692307692307693,0.0,0.3076923076923077,0.0,0.6923076923076923
MALAMBO,2022,11,43,15,0.4,0.26666666666666666,0.0,0.0,0.2,0.0,0.13333333333333333,0.3333333333333333,0.0,0.13333333333333333,0.0,0.0,0.5333333333333333,0.8666666666666667,0.13333333333333333,0.13333333333333333,0.8666666666666667,0.0,1.0,0.5333333333333333,0.4666666666666667,0.0,0.0,1.0,0.0,0.0,1.0,0.0,0.0,0.5333333333333333,0.0,0.4666666666666667
MALAMBO,2022,11,44,6,0.5,0.16666666666666666,0.0,0.0,0.16666666666666666,0.0,0.16666666666666666,0.5,0.0,0.0,0.0,0.0,0.5,0.8333333333333334,0.16666666666666666,0.16666666666666666,0.8333333333333334,0.0,1.0,0.6666666666666666,0.3333333333333333,0.0,0.0,1.0,0.0,0.0,1.0,0.0,0.0,0.3333333333333333,0.0,0.6666666666666666
MALAMBO,2022,12,45,6,0.16666666666666666,0.6666666666666666,0.0,0.0,0.0,0.0,0.16666666666666666,0.3333333333333333,0.0,0.0,0.0,0.0,0.6666666666666666,1.0,0.0,0.3333333333333333,0.6666666666666666,0.0,1.0,0.5,0.5,0.0,0.0,1.0,0.0,0.0,1.0,0.0,0.0,0.3333333333333333,0.0,0.6666666666666666
MALAMBO,2022,12,46,8,0.375,0.125,0.0,0.0,0.5,0.0,0.0,0.25,0.0,0.0,0.0,0.125,0.625,0.875,0.125,0.125,0.875,0.0,1.0,0.375,0.625,0.0,0.0,1.0,0.0,0.0,1.0,0.0,0.0,0.5,0.0,0.5
MALAMBO,2022,12,47,13,0.38461538461538464,0.23076923076923078,0.0,0.0,0.3076923076923077,0.0,0.07692307692307693,0.6153846153846154,0.0,0.07692307692307693,0.0,0.0,0.3076923076923077,0.9230769230769231,0.07692307692307693,0.3076923076923077,0.6923076923076923,0.0,1.0,0.5384615384615384,0.46153846153846156,0.0,0.0,1.0,0.0,0.0,1.0,0.0,0.0,0.5384615384615384,0.0,0.46153846153846156
MALAMBO,2022,12,48,7,0.7142857142857143,0.0,0.0,0.0,0.2857142857142857,0.0,0.0,0.2857142857142857,0.0,0.14285714285714285,0.0,0.0,0.5714285714285714,1.0,0.0,0.42857142857142855,0.5714285714285714,0.0,1.0,0.2857142857142857,0.7142857142857143,0.0,0.0,1.0,0.0,0.0,1.0,0.0,0.0,0.2857142857142857,0.0,0.7142857142857143
MALAMBO,2022,13,49,12,0.4166666666666667,0.08333333333333333,0.0,0.0,0.25,0.0,0.25,0.4166666666666667,0.0,0.08333333333333333,0.0,0.0,0.5,1.0,0.0,0.3333333333333333,0.6666666666666666,0.0,1.0,0.6666666666666666,0.3333333333333333,0.0,0.0,1.0,0.0,0.0,0.9166666666666666,0.08333333333333333,0.0,0.5833333333333334,0.0,0.4166666666666667
MALAMBO,2022,13,50,15,0.6666666666666666,0.2,0.0,0.0,0.13333333333333333,0.0,0.0,0.4,0.0,0.13333333333333333,0.0,0.0,0.4666666666666667,0.9333333333333333,0.06666666666666667,0.4,0.6,0.0,1.0,0.3333333333333333,0.6666666666666666,0.0,0.0,1.0,0.0,0.0,0.9333333333333333,0.06666666666666667,0.0,0.6666666666666666,0.0,0.3333333333333333
MALAMBO,2022,13,51,11,0.7272727272727273,0.18181818181818182,0.0,0.0,0.09090909090909091,0.0,0.0,0.2727272727272727,0.0,0.0,0.0,0.0,0.7272727272727273,0.9090909090909091,0.09090909090909091,0.18181818181818182,0.8181818181818182,0.0,1.0,0.8181818181818182,0.18181818181818182,0.0,0.0,1.0,0.0,0.0,1.0,0.0,0.0,0.36363636363636365,0.09090909090909091,0.5454545454545454
MALAMBO,2022,13,52,6,0.5,0.0,0.0,0.0,0.3333333333333333,0.0,0.16666666666666666,0.3333333333333333,0.0,0.0,0.0,0.0,0.6666666666666666,1.0,0.0,0.3333333333333333,0.6666666666666666,0.0,1.0,0.8333333333333334,0.16666666666666666,0.0,0.0,1.0,0.0,0.0,0.8333333333333334,0.16666666666666666,0.0,0.3333333333333333,0.0,0.6666666666666666
MALAMBO,2023,1,1,11,0.2727272727272727,0.2727272727272727,0.0,0.0,0.45454545454545453,0.0,0.0,0.2727272727272727,0.0,0.09090909090909091,0.0,0.0,0.6363636363636364,1.0,0.0,0.36363636363636365,0.6363636363636364,0.0,1.0,0.36363636363636365,0.6363636363636364,0.0,0.0,1.0,0.0,0.0,0.9090909090909091,0.09090909090909091,0.0,0.5454545454545454,0.0,0.45454545454545453
MALAMBO,2023,1,2,7,0.5714285714285714,0.14285714285714285,0.0,0.0,0.2857142857142857,0.0,0.0,0.14285714285714285,0.0,0.0,0.0,0.14285714285714285,0.7142857142857143,1.0,0.0,0.2857142857142857,0.7142857142857143,0.0,1.0,0.42857142857142855,0.5714285714285714,0.0,0.0,1.0,0.0,0.0,1.0,0.0,0.0,0.5714285714285714,0.0,0.42857142857142855
MALAMBO,2023,1,3,4,0.75,0.0,0.0,0.0,0.25,0.0,0.0,0.5,0.0,0.0,0.0,0.0,0.5,1.0,0.0,0.5,0.5,0.0,1.0,0.25,0.75,0.0,0.0,1.0,0.0,0.0,1.0,0.0,0.0,0.25,0.0,0.75
MALAMBO,2023,1,4,6,0.5,0.0,0.0,0.0,0.5,0.0,0.0,0.3333333333333333,0.0,0.0,0.0,0.0,0.6666666666666666,1.0,0.0,0.3333333333333333,0.6666666666666666,0.0,1.0,0.5,0.5,0.0,0.0,1.0,0.0,0.0,1.0,0.0,0.0,0.5,0.0,0.5
MALAMBO,2023,2,5,5,0.2,0.0,0.0,0.0,0.6,0.0,0.2,0.4,0.0,0.0,0.0,0.2,0.4,1.0,0.0,0.2,0.8,0.0,1.0,0.8,0.2,0.0,0.0,1.0,0.0,0.0,1.0,0.0,0.0,0.4,0.0,0.6
MALAMBO,2023,2,6,8,0.625,0.125,0.0,0.0,0.0,0.0,0.25,0.125,0.0,0.125,0.0,0.0,0.75,1.0,0.0,0.625,0.375,0.0,1.0,0.5,0.5,0.0,0.0,1.0,0.0,0.0,1.0,0.0,0.0,0.625,0.0,0.375
MALAMBO,2023,2,7,5,0.4,0.4,0.0,0.0,0.2,0.0,0.0,0.4,0.0,0.0,0.0,0.0,0.6,1.0,0.0,0.0,1.0,0.0,1.0,0.4,0.6,0.0,0.0,1.0,0.0,0.0,1.0,0.0,0.0,0.4,0.0,0.6
MALAMBO,2023,2,8,7,0.42857142857142855,0.2857142857142857,0.0,0.0,0.2857142857142857,0.0,0.0,0.14285714285714285,0.0,0.14285714285714285,0.0,0.0,0.7142857142857143,1.0,0.0,0.42857142857142855,0.5714285714285714,0.0,1.0,0.5714285714285714,0.42857142857142855,0.0,0.0,1.0,0.0,0.0,1.0,0.0,0.0,0.2857142857142857,0.0,0.7142857142857143
MALAMBO,2023,3,9,8,0.375,0.125,0.125,0.0,0.125,0.0,0.25,0.375,0.0,0.125,0.0,0.0,0.5,1.0,0.0,0.25,0.75,0.0,1.0,0.5,0.5,0.0,0.0,1.0,0.0,0.0,0.75,0.25,0.0,0.625,0.0,0.375
MALAMBO,2023,3,10,7,0.14285714285714285,0.2857142857142857,0.0,0.0,0.5714285714285714,0.0,0.0,0.2857142857142857,0.0,0.0,0.0,0.14285714285714285,0.5714285714285714,1.0,0.0,0.5714285714285714,0.42857142857142855,0.0,1.0,0.2857142857142857,0.7142857142857143,0.0,0.0,1.0,0.0,0.0,1.0,0.0,0.0,0.8571428571428571,0.0,0.14285714285714285
MALAMBO,2023,3,11,4,0.75,0.25,0.0,0.0,0.0,0.0,0.0,0.25,0.0,0.0,0.0,0.0,0.75,1.0,0.0,0.0,1.0,0.0,1.0,0.5,0.5,0.0,0.0,1.0,0.0,0.0,1.0,0.0,0.0,0.0,0.0,1.0
MALAMBO,2023,3,12,5,0.2,0.2,0.0,0.0,0.4,0.0,0.2,0.4,0.0,0.0,0.0,0.2,0.4,1.0,0.0,0.4,0.6,0.0,1.0,0.4,0.6,0.0,0.0,1.0,0.0,0.0,1.0,0.0,0.0,0.6,0.0,0.4
MALAMBO,2023,4,13,4,0.5,0.0,0.0,0.0,0.5,0.0,0.0,0.25,0.25,0.0,0.0,0.0,0.5,1.0,0.0,0.5,0.5,0.0,1.0,0.25,0.75,0.0,0.0,1.0,0.0,0.0,1.0,0.0,0.0,0.75,0.0,0.25
MALAMBO,2023,4,15,5,0.2,0.2,0.0,0.0,0.6,0.0,0.0,0.4,0.0,0.0,0.0,0.2,0.4,1.0,0.0,0.4,0.6,0.0,1.0,1.0,0.0,0.0,0.0,1.0,0.0,0.0,1.0,0.0,0.0,0.4,0.0,0.6
MALAMBO,2023,4,16,1,1.0,0.0,0.0,0.0,0.0,0.0,0.0,0.0,0.0,0.0,0.0,0.0,1.0,1.0,0.0,0.0,1.0,0.0,1.0,0.0,1.0,0.0,0.0,1.0,0.0,0.0,1.0,0.0,0.0,0.0,0.0,1.0
MALAMBO,2023,5,18,3,1.0,0.0,0.0,0.0,0.0,0.0,0.0,0.6666666666666666,0.0,0.0,0.0,0.3333333333333333,0.0,1.0,0.0,0.6666666666666666,0.3333333333333333,0.0,1.0,0.3333333333333333,0.6666666666666666,0.0,0.0,1.0,0.0,0.0,1.0,0.0,0.0,0.6666666666666666,0.0,0.3333333333333333
MALAMBO,2023,5,20,2,0.0,0.5,0.0,0.0,0.0,0.0,0.5,0.5,0.0,0.5,0.0,0.0,0.0,1.0,0.0,1.0,0.0,0.0,1.0,0.5,0.5,0.0,0.0,1.0,0.0,0.0,1.0,0.0,0.0,0.5,0.0,0.5
MALAMBO,2023,6,21,1,0.0,0.0,0.0,0.0,1.0,0.0,0.0,0.0,0.0,0.0,0.0,0.0,1.0,1.0,0.0,0.0,1.0,0.0,1.0,0.0,1.0,0.0,0.0,1.0,0.0,0.0,1.0,0.0,0.0,0.0,0.0,1.0
MALAMBO,2023,6,22,2,0.0,0.0,0.5,0.0,0.5,0.0,0.0,0.0,0.0,0.0,0.0,0.0,1.0,1.0,0.0,0.5,0.5,0.0,1.0,0.0,1.0,0.0,0.0,1.0,0.0,0.0,1.0,0.0,0.0,0.5,0.0,0.5
MALAMBO,2023,6,23,1,0.0,0.0,0.0,0.0,1.0,0.0,0.0,0.0,0.0,0.0,0.0,0.0,1.0,1.0,0.0,0.0,1.0,0.0,1.0,1.0,0.0,0.0,0.0,1.0,0.0,0.0,1.0,0.0,0.0,0.0,0.0,1.0
MALAMBO,2023,7,25,2,0.0,0.0,0.0,0.0,1.0,0.0,0.0,0.0,0.0,0.0,0.0,0.0,1.0,1.0,0.0,0.5,0.5,0.0,1.0,0.5,0.5,0.0,0.0,1.0,0.0,0.0,1.0,0.0,0.0,0.0,0.0,1.0
MALAMBO,2023,7,26,2,0.5,0.0,0.0,0.0,0.5,0.0,0.0,0.5,0.0,0.0,0.0,0.0,0.5,1.0,0.0,0.5,0.5,0.0,1.0,1.0,0.0,0.0,0.0,1.0,0.0,0.0,1.0,0.0,0.0,0.0,0.0,1.0
MALAMBO,2023,7,27,3,0.6666666666666666,0.3333333333333333,0.0,0.0,0.0,0.0,0.0,0.3333333333333333,0.0,0.0,0.0,0.0,0.6666666666666666,1.0,0.0,0.3333333333333333,0.6666666666666666,0.0,1.0,0.3333333333333333,0.6666666666666666,0.0,0.0,1.0,0.0,0.0,1.0,0.0,0.0,0.3333333333333333,0.0,0.6666666666666666
MALAMBO,2023,7,28,1,0.0,0.0,0.0,0.0,1.0,0.0,0.0,0.0,0.0,0.0,0.0,0.0,1.0,1.0,0.0,1.0,0.0,0.0,1.0,1.0,0.0,0.0,0.0,1.0,0.0,0.0,0.0,1.0,0.0,1.0,0.0,0.0
MALAMBO,2023,8,29,4,0.5,0.0,0.25,0.0,0.25,0.0,0.0,0.0,0.0,0.0,0.0,0.0,1.0,1.0,0.0,0.0,1.0,0.0,1.0,0.5,0.5,0.0,0.0,1.0,0.0,0.0,1.0,0.0,0.0,1.0,0.0,0.0
MALAMBO,2023,8,30,1,1.0,0.0,0.0,0.0,0.0,0.0,0.0,0.0,0.0,0.0,0.0,0.0,1.0,1.0,0.0,0.0,1.0,0.0,1.0,0.0,1.0,0.0,0.0,1.0,0.0,0.0,1.0,0.0,0.0,0.0,0.0,1.0
MALAMBO,2023,8,31,4,0.25,0.75,0.0,0.0,0.0,0.0,0.0,0.0,0.0,0.0,0.0,0.75,0.25,1.0,0.0,0.25,0.75,0.0,1.0,0.5,0.5,0.0,0.0,1.0,0.0,0.0,1.0,0.0,0.0,0.25,0.0,0.75
MALAMBO,2023,8,32,1,0.0,1.0,0.0,0.0,0.0,0.0,0.0,1.0,0.0,0.0,0.0,0.0,0.0,1.0,0.0,1.0,0.0,0.0,1.0,1.0,0.0,0.0,0.0,1.0,0.0,0.0,1.0,0.0,0.0,1.0,0.0,0.0
MALAMBO,2023,9,33,7,0.14285714285714285,0.7142857142857143,0.0,0.0,0.14285714285714285,0.0,0.0,0.42857142857142855,0.0,0.0,0.0,0.14285714285714285,0.42857142857142855,1.0,0.0,0.2857142857142857,0.7142857142857143,0.0,1.0,0.2857142857142857,0.7142857142857143,0.0,0.0,1.0,0.0,0.0,1.0,0.0,0.0,0.2857142857142857,0.0,0.7142857142857143
MALAMBO,2023,9,34,2,0.0,0.5,0.0,0.0,0.0,0.5,0.0,0.5,0.0,0.0,0.0,0.5,0.0,1.0,0.0,0.5,0.5,0.0,1.0,0.0,1.0,0.0,0.0,1.0,0.0,0.0,1.0,0.0,0.0,0.5,0.0,0.5
MALAMBO,2023,9,35,3,0.3333333333333333,0.3333333333333333,0.0,0.0,0.0,0.0,0.3333333333333333,0.0,0.0,0.0,0.0,0.0,1.0,1.0,0.0,0.0,1.0,0.0,1.0,0.3333333333333333,0.6666666666666666,0.0,0.0,1.0,0.0,0.0,1.0,0.0,0.0,0.0,0.0,1.0
MALAMBO,2023,9,36,2,1.0,0.0,0.0,0.0,0.0,0.0,0.0,0.0,0.0,0.0,0.0,0.0,1.0,1.0,0.0,1.0,0.0,0.0,1.0,0.5,0.5,0.0,0.0,1.0,0.0,0.0,1.0,0.0,0.0,0.0,0.0,1.0
MALAMBO,2023,10,37,5,0.4,0.6,0.0,0.0,0.0,0.0,0.0,0.0,0.0,0.0,0.0,0.0,1.0,1.0,0.0,0.4,0.6,0.0,1.0,0.2,0.8,0.0,0.0,1.0,0.0,0.0,1.0,0.0,0.0,0.2,0.0,0.8
MALAMBO,2023,10,38,3,0.6666666666666666,0.0,0.0,0.0,0.3333333333333333,0.0,0.0,0.3333333333333333,0.0,0.0,0.0,0.0,0.6666666666666666,1.0,0.0,0.3333333333333333,0.6666666666666666,0.0,1.0,0.3333333333333333,0.6666666666666666,0.0,0.0,1.0,0.0,0.0,1.0,0.0,0.0,0.0,0.0,1.0
MALAMBO,2023,10,39,1,1.0,0.0,0.0,0.0,0.0,0.0,0.0,0.0,0.0,0.0,0.0,0.0,1.0,1.0,0.0,0.0,1.0,0.0,1.0,0.0,1.0,0.0,0.0,1.0,0.0,0.0,1.0,0.0,0.0,0.0,0.0,1.0
MALAMBO,2023,10,40,3,0.6666666666666666,0.0,0.0,0.0,0.0,0.3333333333333333,0.0,0.6666666666666666,0.0,0.0,0.0,0.0,0.3333333333333333,1.0,0.0,0.3333333333333333,0.6666666666666666,0.0,1.0,0.6666666666666666,0.3333333333333333,0.0,0.0,1.0,0.0,0.0,1.0,0.0,0.0,0.3333333333333333,0.0,0.6666666666666666
MALAMBO,2023,11,41,4,0.0,0.75,0.25,0.0,0.0,0.0,0.0,0.25,0.0,0.0,0.0,0.0,0.75,1.0,0.0,0.5,0.5,0.0,1.0,0.5,0.5,0.0,0.0,1.0,0.0,0.0,1.0,0.0,0.0,0.0,0.0,1.0
MALAMBO,2023,11,42,1,1.0,0.0,0.0,0.0,0.0,0.0,0.0,0.0,0.0,0.0,0.0,0.0,1.0,1.0,0.0,0.0,1.0,0.0,1.0,1.0,0.0,0.0,0.0,1.0,0.0,0.0,1.0,0.0,0.0,1.0,0.0,0.0
MALAMBO,2023,11,43,1,1.0,0.0,0.0,0.0,0.0,0.0,0.0,0.0,0.0,0.0,0.0,0.0,1.0,1.0,0.0,0.0,1.0,0.0,1.0,1.0,0.0,0.0,0.0,1.0,0.0,0.0,1.0,0.0,0.0,0.0,0.0,1.0
MALAMBO,2023,12,45,2,0.0,0.5,0.0,0.0,0.5,0.0,0.0,0.0,0.0,0.0,0.0,0.0,1.0,1.0,0.0,0.0,1.0,0.0,1.0,0.5,0.5,0.0,0.0,1.0,0.0,0.0,1.0,0.0,0.0,0.5,0.0,0.5
MALAMBO,2023,12,46,1,0.0,1.0,0.0,0.0,0.0,0.0,0.0,0.0,0.0,0.0,0.0,0.0,1.0,1.0,0.0,0.0,1.0,0.0,1.0,1.0,0.0,0.0,0.0,1.0,0.0,0.0,1.0,0.0,0.0,0.0,0.0,1.0
MALAMBO,2023,12,47,1,1.0,0.0,0.0,0.0,0.0,0.0,0.0,1.0,0.0,0.0,0.0,0.0,0.0,1.0,0.0,0.0,1.0,0.0,1.0,0.0,1.0,0.0,0.0,1.0,0.0,0.0,1.0,0.0,0.0,0.0,0.0,1.0
MALAMBO,2023,12,48,2,0.0,0.5,0.0,0.0,0.5,0.0,0.0,0.5,0.0,0.0,0.0,0.0,0.5,1.0,0.0,0.5,0.5,0.0,1.0,0.0,1.0,0.0,0.0,1.0,0.0,0.0,1.0,0.0,0.0,1.0,0.0,0.0
MALAMBO,2023,13,50,4,0.5,0.5,0.0,0.0,0.0,0.0,0.0,0.25,0.0,0.0,0.0,0.0,0.75,1.0,0.0,0.25,0.75,0.0,1.0,0.5,0.5,0.0,0.0,1.0,0.0,0.0,0.75,0.0,0.25,0.75,0.0,0.25
MALAMBO,2023,13,51,2,1.0,0.0,0.0,0.0,0.0,0.0,0.0,0.0,0.0,0.0,0.0,0.0,1.0,1.0,0.0,0.5,0.5,0.0,1.0,0.0,1.0,0.0,0.0,1.0,0.0,0.0,1.0,0.0,0.0,0.5,0.0,0.5
MANATÍ,2017,10,37,1,0.0,1.0,0.0,0.0,0.0,0.0,0.0,0.0,0.0,0.0,0.0,0.0,1.0,1.0,0.0,0.0,1.0,0.0,1.0,1.0,0.0,0.0,0.0,0.0,0.0,1.0,1.0,0.0,0.0,0.0,0.0,1.0
MANATÍ,2017,12,45,1,1.0,0.0,0.0,0.0,0.0,0.0,0.0,0.0,0.0,0.0,0.0,0.0,1.0,1.0,0.0,0.0,1.0,0.0,1.0,0.0,1.0,0.0,0.0,0.0,0.0,1.0,1.0,0.0,0.0,0.0,0.0,1.0
MANATÍ,2017,12,48,1,0.0,1.0,0.0,0.0,0.0,0.0,0.0,0.0,0.0,0.0,0.0,1.0,0.0,1.0,0.0,1.0,0.0,0.0,1.0,1.0,0.0,0.0,0.0,0.0,0.0,1.0,1.0,0.0,0.0,0.0,0.0,1.0
MANATÍ,2017,13,52,1,0.0,1.0,0.0,0.0,0.0,0.0,0.0,1.0,0.0,0.0,0.0,0.0,0.0,1.0,0.0,1.0,0.0,0.0,1.0,1.0,0.0,0.0,0.0,0.0,0.0,1.0,1.0,0.0,0.0,0.0,0.0,1.0
MANATÍ,2018,1,2,2,0.0,0.0,0.0,0.0,0.0,0.0,1.0,0.0,0.0,0.0,0.0,1.0,0.0,1.0,0.0,0.0,1.0,0.0,1.0,1.0,0.0,0.0,0.0,0.0,0.0,1.0,1.0,0.0,0.0,0.0,0.0,1.0
MANATÍ,2018,11,42,1,0.0,0.0,0.0,0.0,0.0,0.0,1.0,1.0,0.0,0.0,0.0,0.0,0.0,1.0,0.0,0.0,1.0,0.0,1.0,1.0,0.0,0.0,0.0,0.0,0.0,1.0,1.0,0.0,0.0,0.0,0.0,1.0
MANATÍ,2018,11,44,1,0.0,0.0,0.0,0.0,0.0,0.0,1.0,0.0,0.0,0.0,0.0,0.0,1.0,1.0,0.0,0.0,1.0,0.0,1.0,1.0,0.0,0.0,0.0,0.0,0.0,1.0,1.0,0.0,0.0,0.0,0.0,1.0
MANATÍ,2019,3,9,2,0.0,0.5,0.0,0.0,0.0,0.0,0.5,0.0,0.0,0.0,0.0,0.5,0.5,1.0,0.0,0.0,1.0,0.0,1.0,0.0,1.0,0.0,0.0,0.0,0.0,1.0,0.5,0.5,0.0,0.0,0.0,1.0
MANATÍ,2019,5,18,1,0.0,0.0,0.0,0.0,0.0,0.0,1.0,0.0,0.0,0.0,0.0,0.0,1.0,1.0,0.0,0.0,1.0,0.0,1.0,0.0,1.0,0.0,0.0,0.0,0.0,1.0,1.0,0.0,0.0,0.0,0.0,1.0
MANATÍ,2019,5,20,3,0.0,0.0,0.0,0.0,0.6666666666666666,0.0,0.3333333333333333,0.0,0.0,0.0,0.0,0.0,1.0,1.0,0.0,0.0,1.0,0.0,1.0,0.3333333333333333,0.6666666666666666,0.0,0.0,0.0,0.0,1.0,1.0,0.0,0.0,0.0,0.0,1.0
MANATÍ,2019,7,26,2,0.5,0.0,0.0,0.0,0.0,0.5,0.0,0.0,0.0,0.0,0.0,0.0,1.0,1.0,0.0,1.0,0.0,0.0,1.0,0.0,1.0,0.0,0.0,0.0,0.0,1.0,1.0,0.0,0.0,0.0,0.0,1.0
MANATÍ,2019,7,27,3,0.6666666666666666,0.0,0.0,0.0,0.0,0.0,0.3333333333333333,0.3333333333333333,0.0,0.0,0.0,0.0,0.6666666666666666,1.0,0.0,0.3333333333333333,0.6666666666666666,0.0,1.0,0.3333333333333333,0.6666666666666666,0.0,0.0,0.0,0.0,1.0,1.0,0.0,0.0,0.0,0.0,1.0
MANATÍ,2019,7,28,5,0.4,0.0,0.0,0.0,0.2,0.0,0.4,0.0,0.0,0.0,0.0,0.2,0.8,1.0,0.0,0.0,1.0,0.0,1.0,0.2,0.8,0.0,0.0,0.0,0.0,1.0,1.0,0.0,0.0,0.2,0.0,0.8
MANATÍ,2019,8,29,2,1.0,0.0,0.0,0.0,0.0,0.0,0.0,0.5,0.0,0.0,0.0,0.0,0.5,1.0,0.0,0.0,1.0,0.0,1.0,1.0,0.0,0.0,0.0,0.0,0.0,1.0,1.0,0.0,0.0,0.0,0.0,1.0
MANATÍ,2019,8,30,2,1.0,0.0,0.0,0.0,0.0,0.0,0.0,0.0,0.0,0.0,0.0,0.0,1.0,1.0,0.0,1.0,0.0,0.0,1.0,0.0,1.0,0.0,0.0,0.0,0.0,1.0,1.0,0.0,0.0,0.0,0.0,1.0
MANATÍ,2019,8,31,3,0.3333333333333333,0.3333333333333333,0.0,0.0,0.3333333333333333,0.0,0.0,0.0,0.0,0.0,0.0,0.0,1.0,0.6666666666666666,0.3333333333333333,0.0,1.0,0.0,1.0,0.3333333333333333,0.6666666666666666,0.0,0.0,0.0,0.0,1.0,1.0,0.0,0.0,0.0,0.0,1.0
MANATÍ,2019,8,32,3,0.3333333333333333,0.3333333333333333,0.0,0.0,0.3333333333333333,0.0,0.0,0.0,0.0,0.0,0.0,0.0,1.0,1.0,0.0,0.0,1.0,0.0,1.0,0.6666666666666666,0.3333333333333333,0.0,0.0,0.0,0.0,1.0,0.6666666666666666,0.3333333333333333,0.0,0.3333333333333333,0.0,0.6666666666666666
MANATÍ,2019,9,33,2,1.0,0.0,0.0,0.0,0.0,0.0,0.0,0.0,0.0,0.0,0.0,0.0,1.0,1.0,0.0,0.5,0.5,0.0,1.0,0.5,0.5,0.0,0.0,0.0,0.0,1.0,1.0,0.0,0.0,0.0,0.0,1.0
MANATÍ,2019,9,34,3,0.0,0.0,0.0,0.0,0.3333333333333333,0.0,0.6666666666666666,0.3333333333333333,0.0,0.0,0.0,0.0,0.6666666666666666,1.0,0.0,0.6666666666666666,0.3333333333333333,0.0,1.0,0.6666666666666666,0.3333333333333333,0.0,0.0,0.0,0.0,1.0,1.0,0.0,0.0,0.0,0.0,1.0
MANATÍ,2019,9,35,1,0.0,0.0,0.0,0.0,0.0,0.0,1.0,0.0,0.0,0.0,0.0,0.0,1.0,1.0,0.0,0.0,1.0,0.0,1.0,0.0,1.0,0.0,0.0,0.0,0.0,1.0,1.0,0.0,0.0,0.0,0.0,1.0
MANATÍ,2019,9,36,1,0.0,1.0,0.0,0.0,0.0,0.0,0.0,0.0,0.0,0.0,0.0,0.0,1.0,1.0,0.0,1.0,0.0,0.0,1.0,1.0,0.0,0.0,0.0,0.0,0.0,1.0,1.0,0.0,0.0,0.0,0.0,1.0
MANATÍ,2019,10,37,1,1.0,0.0,0.0,0.0,0.0,0.0,0.0,0.0,0.0,0.0,0.0,0.0,1.0,1.0,0.0,1.0,0.0,0.0,1.0,1.0,0.0,0.0,0.0,0.0,0.0,1.0,1.0,0.0,0.0,0.0,0.0,1.0
MANATÍ,2019,10,40,2,0.0,0.0,0.0,0.0,0.0,0.0,1.0,0.0,0.0,0.0,0.0,0.0,1.0,1.0,0.0,0.5,0.5,0.0,1.0,0.5,0.5,0.0,0.0,0.0,0.0,1.0,0.5,0.5,0.0,0.0,0.0,1.0
MANATÍ,2019,11,42,1,1.0,0.0,0.0,0.0,0.0,0.0,0.0,0.0,0.0,0.0,0.0,0.0,1.0,1.0,0.0,1.0,0.0,0.0,1.0,0.0,1.0,0.0,0.0,0.0,0.0,1.0,1.0,0.0,0.0,0.0,0.0,1.0
MANATÍ,2019,11,43,2,0.5,0.0,0.0,0.0,0.5,0.0,0.0,0.0,0.0,0.0,0.0,0.0,1.0,1.0,0.0,0.5,0.5,0.0,1.0,0.0,1.0,0.0,0.0,0.0,0.0,1.0,1.0,0.0,0.0,0.0,0.0,1.0
MANATÍ,2019,11,44,1,1.0,0.0,0.0,0.0,0.0,0.0,0.0,0.0,0.0,0.0,0.0,0.0,1.0,1.0,0.0,0.0,1.0,0.0,1.0,1.0,0.0,0.0,0.0,0.0,0.0,1.0,1.0,0.0,0.0,0.0,0.0,1.0
MANATÍ,2019,12,45,1,0.0,1.0,0.0,0.0,0.0,0.0,0.0,1.0,0.0,0.0,0.0,0.0,0.0,1.0,0.0,0.0,1.0,0.0,1.0,0.0,1.0,0.0,0.0,0.0,0.0,1.0,1.0,0.0,0.0,0.0,0.0,1.0
MANATÍ,2019,12,46,6,0.8333333333333334,0.16666666666666666,0.0,0.0,0.0,0.0,0.0,0.0,0.0,0.0,0.0,0.0,1.0,1.0,0.0,0.5,0.5,0.0,1.0,0.5,0.5,0.0,0.0,0.0,0.0,1.0,0.8333333333333334,0.16666666666666666,0.0,0.0,0.0,1.0
MANATÍ,2019,12,48,1,0.0,1.0,0.0,0.0,0.0,0.0,0.0,0.0,0.0,0.0,0.0,0.0,1.0,1.0,0.0,0.0,1.0,0.0,1.0,0.0,1.0,0.0,0.0,0.0,0.0,1.0,1.0,0.0,0.0,0.0,0.0,1.0
MANATÍ,2019,13,49,1,1.0,0.0,0.0,0.0,0.0,0.0,0.0,0.0,0.0,0.0,0.0,0.0,1.0,1.0,0.0,0.0,1.0,0.0,1.0,0.0,1.0,0.0,0.0,0.0,0.0,1.0,1.0,0.0,0.0,0.0,0.0,1.0
MANATÍ,2020,5,18,1,0.0,1.0,0.0,0.0,0.0,0.0,0.0,0.0,0.0,0.0,0.0,0.0,1.0,1.0,0.0,1.0,0.0,0.0,1.0,1.0,0.0,0.0,0.0,0.0,0.0,1.0,1.0,0.0,0.0,0.0,0.0,1.0
MANATÍ,2020,8,31,1,0.0,1.0,0.0,0.0,0.0,0.0,0.0,0.0,0.0,0.0,0.0,0.0,1.0,1.0,0.0,1.0,0.0,0.0,1.0,1.0,0.0,0.0,0.0,0.0,0.0,1.0,1.0,0.0,0.0,0.0,0.0,1.0
MANATÍ,2020,9,34,1,1.0,0.0,0.0,0.0,0.0,0.0,0.0,0.0,0.0,0.0,0.0,0.0,1.0,1.0,0.0,1.0,0.0,0.0,1.0,0.0,1.0,0.0,0.0,0.0,0.0,1.0,1.0,0.0,0.0,0.0,0.0,1.0
MANATÍ,2020,10,37,1,0.0,0.0,0.0,0.0,0.0,0.0,1.0,0.0,0.0,0.0,0.0,0.0,1.0,1.0,0.0,0.0,1.0,0.0,1.0,0.0,1.0,0.0,0.0,0.0,0.0,1.0,1.0,0.0,0.0,0.0,0.0,1.0
MANATÍ,2020,11,41,1,0.0,0.0,0.0,0.0,0.0,0.0,1.0,0.0,0.0,0.0,0.0,0.0,1.0,1.0,0.0,0.0,1.0,0.0,1.0,0.0,1.0,0.0,0.0,0.0,0.0,1.0,1.0,0.0,0.0,0.0,0.0,1.0
MANATÍ,2020,12,46,1,0.0,0.0,0.0,0.0,0.0,0.0,1.0,0.0,0.0,0.0,0.0,0.0,1.0,1.0,0.0,1.0,0.0,0.0,1.0,1.0,0.0,0.0,0.0,0.0,0.0,1.0,1.0,0.0,0.0,0.0,0.0,1.0
MANATÍ,2021,7,28,1,0.0,1.0,0.0,0.0,0.0,0.0,0.0,0.0,0.0,0.0,0.0,0.0,1.0,1.0,0.0,1.0,0.0,0.0,1.0,1.0,0.0,0.0,0.0,0.0,0.0,1.0,1.0,0.0,0.0,0.0,0.0,1.0
MANATÍ,2021,8,30,1,1.0,0.0,0.0,0.0,0.0,0.0,0.0,0.0,0.0,0.0,0.0,0.0,1.0,1.0,0.0,0.0,1.0,0.0,1.0,1.0,0.0,0.0,0.0,0.0,0.0,1.0,1.0,0.0,0.0,0.0,0.0,1.0
MANATÍ,2021,9,34,1,1.0,0.0,0.0,0.0,0.0,0.0,0.0,1.0,0.0,0.0,0.0,0.0,0.0,1.0,0.0,0.0,1.0,0.0,1.0,0.0,1.0,0.0,0.0,0.0,0.0,1.0,1.0,0.0,0.0,0.0,0.0,1.0
MANATÍ,2021,10,37,1,1.0,0.0,0.0,0.0,0.0,0.0,0.0,0.0,0.0,0.0,0.0,0.0,1.0,1.0,0.0,1.0,0.0,0.0,1.0,0.0,1.0,0.0,0.0,0.0,0.0,1.0,1.0,0.0,0.0,0.0,0.0,1.0
MANATÍ,2021,10,38,1,0.0,0.0,0.0,0.0,1.0,0.0,0.0,0.0,0.0,0.0,0.0,0.0,1.0,1.0,0.0,0.0,1.0,0.0,1.0,0.0,1.0,0.0,0.0,0.0,0.0,1.0,1.0,0.0,0.0,0.0,0.0,1.0
MANATÍ,2021,10,39,9,0.6666666666666666,0.1111111111111111,0.0,0.0,0.0,0.0,0.2222222222222222,0.0,0.0,0.0,0.0,0.1111111111111111,0.8888888888888888,1.0,0.0,0.3333333333333333,0.6666666666666666,0.0,1.0,0.5555555555555556,0.4444444444444444,0.0,0.0,0.0,0.0,1.0,1.0,0.0,0.0,0.1111111111111111,0.0,0.8888888888888888
MANATÍ,2021,10,40,3,0.6666666666666666,0.0,0.0,0.0,0.0,0.0,0.3333333333333333,0.0,0.0,0.0,0.0,0.0,1.0,1.0,0.0,0.6666666666666666,0.3333333333333333,0.0,1.0,0.0,1.0,0.0,0.0,0.0,0.0,1.0,1.0,0.0,0.0,0.3333333333333333,0.0,0.6666666666666666
MANATÍ,2021,11,41,4,0.25,0.0,0.0,0.0,0.75,0.0,0.0,0.0,0.0,0.0,0.0,0.25,0.75,1.0,0.0,0.25,0.75,0.0,1.0,0.5,0.5,0.0,0.0,0.0,0.0,1.0,1.0,0.0,0.0,0.0,0.0,1.0
MANATÍ,2021,11,42,2,0.5,0.5,0.0,0.0,0.0,0.0,0.0,0.0,0.0,0.0,0.0,0.0,1.0,1.0,0.0,0.0,1.0,0.0,1.0,0.0,1.0,0.0,0.0,0.0,0.0,1.0,1.0,0.0,0.0,0.0,0.0,1.0
MANATÍ,2021,11,43,3,0.3333333333333333,0.0,0.0,0.0,0.6666666666666666,0.0,0.0,0.3333333333333333,0.0,0.0,0.0,0.0,0.6666666666666666,1.0,0.0,0.6666666666666666,0.3333333333333333,0.0,1.0,1.0,0.0,0.0,0.0,0.0,0.0,1.0,1.0,0.0,0.0,0.3333333333333333,0.0,0.6666666666666666
MANATÍ,2021,11,44,6,0.16666666666666666,0.3333333333333333,0.0,0.0,0.16666666666666666,0.0,0.3333333333333333,0.0,0.0,0.0,0.0,0.0,1.0,1.0,0.0,0.16666666666666666,0.8333333333333334,0.0,1.0,0.6666666666666666,0.3333333333333333,0.0,0.0,0.0,0.0,1.0,1.0,0.0,0.0,0.0,0.0,1.0
MANATÍ,2021,12,45,5,0.8,0.0,0.0,0.0,0.2,0.0,0.0,0.0,0.0,0.0,0.0,0.0,1.0,1.0,0.0,0.4,0.6,0.0,1.0,0.6,0.4,0.0,0.0,0.0,0.0,1.0,1.0,0.0,0.0,0.0,0.0,1.0
MANATÍ,2021,12,46,5,0.4,0.0,0.0,0.0,0.4,0.0,0.2,0.0,0.0,0.0,0.0,0.0,1.0,1.0,0.0,0.2,0.8,0.0,1.0,0.8,0.2,0.0,0.0,0.0,0.0,1.0,1.0,0.0,0.0,0.2,0.0,0.8
MANATÍ,2021,12,47,1,0.0,0.0,0.0,0.0,1.0,0.0,0.0,0.0,0.0,0.0,0.0,0.0,1.0,1.0,0.0,0.0,1.0,0.0,1.0,0.0,1.0,0.0,0.0,0.0,0.0,1.0,1.0,0.0,0.0,0.0,0.0,1.0
MANATÍ,2021,13,49,1,0.0,0.0,0.0,0.0,0.0,0.0,1.0,0.0,0.0,0.0,0.0,0.0,1.0,1.0,0.0,0.0,1.0,0.0,1.0,1.0,0.0,0.0,0.0,0.0,0.0,1.0,1.0,0.0,0.0,0.0,0.0,1.0
MANATÍ,2021,13,50,1,0.0,0.0,0.0,0.0,1.0,0.0,0.0,0.0,0.0,0.0,0.0,0.0,1.0,1.0,0.0,1.0,0.0,0.0,1.0,0.0,1.0,0.0,0.0,0.0,0.0,1.0,1.0,0.0,0.0,0.0,0.0,1.0
MANATÍ,2021,13,52,3,0.6666666666666666,0.0,0.0,0.0,0.3333333333333333,0.0,0.0,0.0,0.0,0.0,0.0,0.0,1.0,1.0,0.0,0.0,1.0,0.0,1.0,0.6666666666666666,0.3333333333333333,0.0,0.0,0.0,0.0,1.0,1.0,0.0,0.0,0.3333333333333333,0.0,0.6666666666666666
MANATÍ,2022,1,1,2,1.0,0.0,0.0,0.0,0.0,0.0,0.0,0.0,0.0,0.0,0.0,0.0,1.0,1.0,0.0,0.5,0.5,0.0,1.0,0.5,0.5,0.0,0.0,0.0,0.0,1.0,1.0,0.0,0.0,0.0,0.0,1.0
MANATÍ,2022,1,2,1,0.0,0.0,0.0,0.0,1.0,0.0,0.0,0.0,0.0,0.0,0.0,0.0,1.0,1.0,0.0,0.0,1.0,0.0,1.0,1.0,0.0,0.0,0.0,0.0,0.0,1.0,1.0,0.0,0.0,0.0,0.0,1.0
MANATÍ,2022,1,3,1,0.0,0.0,0.0,0.0,0.0,0.0,1.0,0.0,0.0,0.0,0.0,0.0,1.0,1.0,0.0,0.0,1.0,0.0,1.0,0.0,1.0,0.0,0.0,0.0,0.0,1.0,1.0,0.0,0.0,0.0,0.0,1.0
MANATÍ,2022,1,4,2,0.5,0.0,0.0,0.0,0.5,0.0,0.0,0.0,0.0,0.0,0.0,0.0,1.0,1.0,0.0,0.0,1.0,0.0,1.0,0.5,0.5,0.0,0.0,0.0,0.0,1.0,1.0,0.0,0.0,0.0,0.0,1.0
MANATÍ,2022,2,5,1,1.0,0.0,0.0,0.0,0.0,0.0,0.0,0.0,0.0,0.0,0.0,0.0,1.0,1.0,0.0,1.0,0.0,0.0,1.0,0.0,1.0,0.0,0.0,0.0,0.0,1.0,1.0,0.0,0.0,0.0,0.0,1.0
MANATÍ,2022,2,6,1,0.0,0.0,0.0,0.0,1.0,0.0,0.0,0.0,0.0,0.0,0.0,0.0,1.0,1.0,0.0,1.0,0.0,0.0,1.0,0.0,1.0,0.0,0.0,0.0,0.0,1.0,1.0,0.0,0.0,1.0,0.0,0.0
MANATÍ,2022,2,8,2,1.0,0.0,0.0,0.0,0.0,0.0,0.0,0.0,0.0,0.0,0.0,0.0,1.0,1.0,0.0,0.5,0.5,0.0,1.0,0.0,1.0,0.0,0.0,0.0,0.0,1.0,1.0,0.0,0.0,0.5,0.0,0.5
MANATÍ,2022,3,9,1,0.0,0.0,0.0,0.0,1.0,0.0,0.0,0.0,0.0,0.0,0.0,0.0,1.0,1.0,0.0,0.0,1.0,0.0,1.0,0.0,1.0,0.0,0.0,0.0,0.0,1.0,1.0,0.0,0.0,0.0,0.0,1.0
MANATÍ,2022,3,11,5,0.4,0.4,0.2,0.0,0.0,0.0,0.0,0.0,0.0,0.0,0.0,0.2,0.8,1.0,0.0,0.6,0.4,0.0,1.0,0.2,0.8,0.0,0.0,0.0,0.0,1.0,1.0,0.0,0.0,0.0,0.0,1.0
MANATÍ,2022,4,13,1,1.0,0.0,0.0,0.0,0.0,0.0,0.0,0.0,0.0,0.0,0.0,0.0,1.0,1.0,0.0,0.0,1.0,0.0,1.0,0.0,1.0,0.0,0.0,0.0,0.0,1.0,1.0,0.0,0.0,0.0,0.0,1.0
MANATÍ,2022,4,14,2,1.0,0.0,0.0,0.0,0.0,0.0,0.0,0.0,0.0,0.0,0.0,0.0,1.0,1.0,0.0,0.0,1.0,0.0,1.0,1.0,0.0,0.0,0.0,0.0,0.0,1.0,1.0,0.0,0.0,0.0,0.0,1.0
MANATÍ,2022,4,16,1,0.0,1.0,0.0,0.0,0.0,0.0,0.0,0.0,0.0,0.0,0.0,0.0,1.0,1.0,0.0,0.0,1.0,0.0,1.0,0.0,1.0,0.0,0.0,0.0,0.0,1.0,1.0,0.0,0.0,0.0,0.0,1.0
MANATÍ,2022,5,18,3,0.6666666666666666,0.0,0.0,0.0,0.3333333333333333,0.0,0.0,0.0,0.0,0.0,0.0,0.0,1.0,1.0,0.0,0.0,1.0,0.0,1.0,0.6666666666666666,0.3333333333333333,0.0,0.0,0.0,0.0,1.0,1.0,0.0,0.0,0.3333333333333333,0.0,0.6666666666666666
MANATÍ,2022,5,19,3,0.6666666666666666,0.3333333333333333,0.0,0.0,0.0,0.0,0.0,0.0,0.0,0.0,0.0,0.3333333333333333,0.6666666666666666,1.0,0.0,0.3333333333333333,0.6666666666666666,0.0,1.0,0.0,1.0,0.0,0.0,0.0,0.0,1.0,1.0,0.0,0.0,0.0,0.0,1.0
MANATÍ,2022,5,20,5,0.6,0.0,0.0,0.0,0.2,0.0,0.2,0.0,0.0,0.0,0.0,0.2,0.8,1.0,0.0,0.0,1.0,0.0,1.0,0.6,0.4,0.0,0.0,0.0,0.0,1.0,1.0,0.0,0.0,0.0,0.0,1.0
MANATÍ,2022,6,21,9,0.6666666666666666,0.0,0.0,0.0,0.2222222222222222,0.0,0.1111111111111111,0.0,0.0,0.0,0.1111111111111111,0.1111111111111111,0.7777777777777778,0.8888888888888888,0.1111111111111111,0.0,1.0,0.0,1.0,0.5555555555555556,0.4444444444444444,0.0,0.0,0.0,0.0,1.0,1.0,0.0,0.0,0.4444444444444444,0.0,0.5555555555555556
MANATÍ,2022,6,22,3,0.6666666666666666,0.0,0.0,0.0,0.3333333333333333,0.0,0.0,0.0,0.0,0.0,0.0,0.3333333333333333,0.6666666666666666,1.0,0.0,0.3333333333333333,0.6666666666666666,0.0,1.0,0.3333333333333333,0.6666666666666666,0.0,0.0,0.0,0.0,1.0,1.0,0.0,0.0,0.3333333333333333,0.0,0.6666666666666666
MANATÍ,2022,6,23,7,0.42857142857142855,0.0,0.0,0.0,0.2857142857142857,0.0,0.2857142857142857,0.5714285714285714,0.0,0.0,0.0,0.0,0.42857142857142855,1.0,0.0,0.2857142857142857,0.7142857142857143,0.0,1.0,0.42857142857142855,0.5714285714285714,0.0,0.0,0.0,0.0,1.0,1.0,0.0,0.0,0.8571428571428571,0.0,0.14285714285714285
MANATÍ,2022,6,24,6,0.3333333333333333,0.16666666666666666,0.0,0.0,0.3333333333333333,0.0,0.16666666666666666,0.0,0.0,0.0,0.16666666666666666,0.0,0.8333333333333334,1.0,0.0,0.0,1.0,0.0,1.0,0.6666666666666666,0.3333333333333333,0.0,0.0,0.0,0.0,1.0,1.0,0.0,0.0,0.5,0.0,0.5
MANATÍ,2022,7,25,3,1.0,0.0,0.0,0.0,0.0,0.0,0.0,0.0,0.0,0.0,0.0,0.0,1.0,1.0,0.0,0.0,1.0,0.0,1.0,0.6666666666666666,0.3333333333333333,0.0,0.0,0.0,0.0,1.0,1.0,0.0,0.0,0.3333333333333333,0.0,0.6666666666666666
MANATÍ,2022,7,26,7,0.5714285714285714,0.14285714285714285,0.0,0.0,0.2857142857142857,0.0,0.0,0.0,0.0,0.0,0.0,0.0,1.0,1.0,0.0,0.5714285714285714,0.42857142857142855,0.0,1.0,0.2857142857142857,0.7142857142857143,0.0,0.0,0.0,0.0,1.0,1.0,0.0,0.0,0.42857142857142855,0.0,0.5714285714285714
MANATÍ,2022,7,27,9,0.6666666666666666,0.1111111111111111,0.0,0.0,0.0,0.0,0.2222222222222222,0.0,0.0,0.1111111111111111,0.0,0.0,0.8888888888888888,1.0,0.0,0.6666666666666666,0.3333333333333333,0.0,1.0,0.5555555555555556,0.4444444444444444,0.0,0.0,0.0,0.0,1.0,1.0,0.0,0.0,0.3333333333333333,0.0,0.6666666666666666
MANATÍ,2022,7,28,5,0.0,0.6,0.0,0.0,0.2,0.0,0.2,0.2,0.0,0.0,0.0,0.0,0.8,1.0,0.0,0.2,0.8,0.0,1.0,0.6,0.4,0.0,0.0,0.0,0.0,1.0,1.0,0.0,0.0,0.6,0.0,0.4
MANATÍ,2022,8,29,8,0.875,0.0,0.0,0.0,0.125,0.0,0.0,0.125,0.0,0.0,0.0,0.0,0.875,1.0,0.0,0.375,0.625,0.0,1.0,0.5,0.5,0.0,0.0,0.0,0.0,1.0,1.0,0.0,0.0,0.625,0.0,0.375
MANATÍ,2022,8,30,7,0.42857142857142855,0.14285714285714285,0.0,0.0,0.42857142857142855,0.0,0.0,0.0,0.0,0.0,0.14285714285714285,0.0,0.8571428571428571,1.0,0.0,0.42857142857142855,0.5714285714285714,0.0,1.0,0.42857142857142855,0.5714285714285714,0.0,0.0,0.0,0.0,1.0,1.0,0.0,0.0,0.42857142857142855,0.0,0.5714285714285714
MANATÍ,2022,8,31,9,0.4444444444444444,0.0,0.0,0.0,0.4444444444444444,0.0,0.1111111111111111,0.0,0.0,0.0,0.0,0.0,1.0,0.8888888888888888,0.1111111111111111,0.2222222222222222,0.7777777777777778,0.0,1.0,0.3333333333333333,0.6666666666666666,0.0,0.0,0.0,0.0,1.0,1.0,0.0,0.0,0.5555555555555556,0.0,0.4444444444444444
MANATÍ,2022,8,32,5,0.6,0.0,0.0,0.0,0.4,0.0,0.0,0.0,0.0,0.0,0.0,0.0,1.0,1.0,0.0,0.4,0.6,0.0,1.0,0.8,0.2,0.0,0.0,0.0,0.0,1.0,0.8,0.0,0.2,0.2,0.0,0.8
MANATÍ,2022,9,33,5,0.6,0.0,0.0,0.0,0.2,0.0,0.2,0.0,0.0,0.0,0.0,0.0,1.0,0.8,0.2,0.6,0.4,0.0,1.0,0.2,0.8,0.0,0.0,0.0,0.0,1.0,1.0,0.0,0.0,0.2,0.0,0.8
MANATÍ,2022,9,34,6,0.8333333333333334,0.0,0.0,0.16666666666666666,0.0,0.0,0.0,0.0,0.0,0.0,0.0,0.0,1.0,0.6666666666666666,0.3333333333333333,0.16666666666666666,0.8333333333333334,0.0,1.0,0.5,0.5,0.0,0.0,0.0,0.0,1.0,1.0,0.0,0.0,0.3333333333333333,0.0,0.6666666666666666
MANATÍ,2022,9,35,2,0.5,0.0,0.0,0.0,0.5,0.0,0.0,0.0,0.0,0.0,0.0,0.0,1.0,1.0,0.0,0.5,0.5,0.0,1.0,1.0,0.0,0.0,0.0,0.0,0.0,1.0,1.0,0.0,0.0,0.5,0.0,0.5
MANATÍ,2022,9,36,3,0.6666666666666666,0.0,0.0,0.0,0.0,0.0,0.3333333333333333,0.0,0.0,0.0,0.0,0.0,1.0,1.0,0.0,0.3333333333333333,0.6666666666666666,0.0,1.0,0.6666666666666666,0.3333333333333333,0.0,0.0,0.0,0.0,1.0,1.0,0.0,0.0,0.3333333333333333,0.0,0.6666666666666666
MANATÍ,2022,10,37,4,0.5,0.25,0.0,0.0,0.25,0.0,0.0,0.0,0.0,0.0,0.0,0.0,1.0,1.0,0.0,0.5,0.5,0.0,1.0,0.5,0.5,0.0,0.0,0.0,0.0,1.0,1.0,0.0,0.0,0.25,0.0,0.75
MANATÍ,2022,10,39,2,0.0,0.0,0.0,0.0,1.0,0.0,0.0,0.0,0.0,0.0,0.0,0.0,1.0,1.0,0.0,0.5,0.5,0.0,1.0,0.5,0.5,0.0,0.0,0.0,0.0,1.0,1.0,0.0,0.0,1.0,0.0,0.0
MANATÍ,2022,10,40,3,0.6666666666666666,0.0,0.0,0.0,0.0,0.0,0.3333333333333333,0.0,0.0,0.0,0.0,0.0,1.0,0.6666666666666666,0.3333333333333333,0.0,1.0,0.0,1.0,1.0,0.0,0.0,0.0,0.0,0.0,1.0,1.0,0.0,0.0,0.3333333333333333,0.0,0.6666666666666666
MANATÍ,2022,11,41,1,1.0,0.0,0.0,0.0,0.0,0.0,0.0,0.0,0.0,0.0,0.0,0.0,1.0,1.0,0.0,1.0,0.0,0.0,1.0,0.0,1.0,0.0,0.0,0.0,0.0,1.0,1.0,0.0,0.0,1.0,0.0,0.0
MANATÍ,2022,12,46,1,0.0,1.0,0.0,0.0,0.0,0.0,0.0,0.0,0.0,0.0,0.0,0.0,1.0,1.0,0.0,1.0,0.0,0.0,1.0,0.0,1.0,0.0,0.0,0.0,0.0,1.0,1.0,0.0,0.0,0.0,0.0,1.0
MANATÍ,2022,12,48,1,0.0,0.0,1.0,0.0,0.0,0.0,0.0,0.0,0.0,0.0,0.0,0.0,1.0,1.0,0.0,1.0,0.0,0.0,1.0,0.0,1.0,0.0,0.0,0.0,0.0,1.0,1.0,0.0,0.0,0.0,0.0,1.0
MANATÍ,2023,1,1,1,0.0,0.0,0.0,1.0,0.0,0.0,0.0,0.0,0.0,0.0,0.0,0.0,1.0,1.0,0.0,0.0,1.0,0.0,1.0,1.0,0.0,0.0,0.0,0.0,0.0,1.0,1.0,0.0,0.0,1.0,0.0,0.0
MANATÍ,2023,2,5,1,1.0,0.0,0.0,0.0,0.0,0.0,0.0,0.0,0.0,0.0,0.0,0.0,1.0,1.0,0.0,1.0,0.0,0.0,1.0,1.0,0.0,0.0,0.0,0.0,0.0,1.0,1.0,0.0,0.0,0.0,0.0,1.0
MANATÍ,2023,3,12,1,0.0,0.0,1.0,0.0,0.0,0.0,0.0,0.0,0.0,0.0,0.0,0.0,1.0,1.0,0.0,0.0,1.0,0.0,1.0,1.0,0.0,0.0,0.0,0.0,0.0,1.0,1.0,0.0,0.0,0.0,0.0,1.0
MANATÍ,2023,5,18,1,0.0,0.0,1.0,0.0,0.0,0.0,0.0,0.0,0.0,0.0,0.0,0.0,1.0,1.0,0.0,0.0,1.0,0.0,1.0,0.0,1.0,0.0,0.0,0.0,0.0,1.0,0.0,0.0,1.0,0.0,0.0,1.0
MANATÍ,2023,7,28,1,0.0,0.0,0.0,0.0,1.0,0.0,0.0,0.0,0.0,0.0,0.0,0.0,1.0,1.0,0.0,0.0,1.0,0.0,1.0,1.0,0.0,0.0,0.0,0.0,0.0,1.0,1.0,0.0,0.0,0.0,0.0,1.0
MANATÍ,2023,8,32,2,0.5,0.5,0.0,0.0,0.0,0.0,0.0,0.0,0.0,0.0,0.0,0.0,1.0,1.0,0.0,1.0,0.0,0.0,1.0,1.0,0.0,0.0,0.0,0.0,0.0,1.0,1.0,0.0,0.0,1.0,0.0,0.0
MANATÍ,2023,9,34,1,0.0,0.0,0.0,0.0,0.0,0.0,1.0,0.0,0.0,0.0,0.0,0.0,1.0,1.0,0.0,1.0,0.0,0.0,1.0,0.0,1.0,0.0,0.0,0.0,0.0,1.0,0.0,1.0,0.0,1.0,0.0,0.0
MANATÍ,2023,12,45,1,1.0,0.0,0.0,0.0,0.0,0.0,0.0,0.0,0.0,0.0,0.0,0.0,1.0,1.0,0.0,0.0,1.0,0.0,1.0,0.0,1.0,0.0,0.0,0.0,0.0,1.0,1.0,0.0,0.0,0.0,0.0,1.0
PALMAR DE VARELA,2017,3,9,1,1.0,0.0,0.0,0.0,0.0,0.0,0.0,0.0,0.0,0.0,0.0,1.0,0.0,1.0,0.0,0.0,1.0,0.0,1.0,0.0,1.0,0.0,0.0,0.0,1.0,0.0,1.0,0.0,0.0,0.0,0.0,1.0
PALMAR DE VARELA,2017,5,17,5,0.0,0.2,0.0,0.0,0.2,0.2,0.4,0.4,0.0,0.0,0.0,0.0,0.6,1.0,0.0,1.0,0.0,0.0,1.0,0.2,0.8,0.0,0.0,0.0,1.0,0.0,1.0,0.0,0.0,0.0,0.0,1.0
PALMAR DE VARELA,2017,5,20,1,0.0,1.0,0.0,0.0,0.0,0.0,0.0,1.0,0.0,0.0,0.0,0.0,0.0,1.0,0.0,1.0,0.0,0.0,1.0,0.0,1.0,0.0,0.0,0.0,1.0,0.0,1.0,0.0,0.0,0.0,0.0,1.0
PALMAR DE VARELA,2017,6,22,1,0.0,1.0,0.0,0.0,0.0,0.0,0.0,0.0,0.0,0.0,0.0,0.0,1.0,1.0,0.0,1.0,0.0,0.0,1.0,0.0,1.0,0.0,0.0,0.0,1.0,0.0,1.0,0.0,0.0,0.0,0.0,1.0
PALMAR DE VARELA,2017,7,25,1,1.0,0.0,0.0,0.0,0.0,0.0,0.0,0.0,0.0,0.0,0.0,0.0,1.0,1.0,0.0,0.0,1.0,0.0,1.0,1.0,0.0,0.0,0.0,0.0,1.0,0.0,1.0,0.0,0.0,0.0,0.0,1.0
PALMAR DE VARELA,2017,10,37,1,0.0,1.0,0.0,0.0,0.0,0.0,0.0,0.0,0.0,0.0,0.0,0.0,1.0,1.0,0.0,1.0,0.0,0.0,1.0,1.0,0.0,0.0,0.0,0.0,1.0,0.0,1.0,0.0,0.0,0.0,0.0,1.0
PALMAR DE VARELA,2018,5,19,1,0.0,1.0,0.0,0.0,0.0,0.0,0.0,0.0,0.0,0.0,0.0,0.0,1.0,1.0,0.0,1.0,0.0,0.0,1.0,1.0,0.0,0.0,0.0,0.0,1.0,0.0,1.0,0.0,0.0,0.0,0.0,1.0
PALMAR DE VARELA,2018,11,44,1,0.0,0.0,0.0,0.0,1.0,0.0,0.0,0.0,0.0,0.0,0.0,0.0,1.0,1.0,0.0,1.0,0.0,0.0,1.0,1.0,0.0,0.0,0.0,0.0,1.0,0.0,1.0,0.0,0.0,0.0,0.0,1.0
PALMAR DE VARELA,2018,12,48,2,0.5,0.0,0.0,0.0,0.5,0.0,0.0,1.0,0.0,0.0,0.0,0.0,0.0,1.0,0.0,1.0,0.0,0.0,1.0,0.5,0.5,0.0,0.0,0.0,1.0,0.0,1.0,0.0,0.0,0.0,0.0,1.0
PALMAR DE VARELA,2018,13,50,1,0.0,1.0,0.0,0.0,0.0,0.0,0.0,0.0,0.0,0.0,0.0,0.0,1.0,1.0,0.0,1.0,0.0,0.0,1.0,0.0,1.0,0.0,0.0,0.0,1.0,0.0,1.0,0.0,0.0,0.0,0.0,1.0
PALMAR DE VARELA,2018,13,52,1,0.0,0.0,0.0,0.0,1.0,0.0,0.0,0.0,0.0,0.0,0.0,0.0,1.0,1.0,0.0,0.0,1.0,0.0,1.0,1.0,0.0,0.0,0.0,0.0,1.0,0.0,1.0,0.0,0.0,1.0,0.0,0.0
PALMAR DE VARELA,2019,1,1,1,0.0,1.0,0.0,0.0,0.0,0.0,0.0,0.0,0.0,0.0,0.0,0.0,1.0,1.0,0.0,1.0,0.0,0.0,1.0,1.0,0.0,0.0,0.0,0.0,1.0,0.0,1.0,0.0,0.0,0.0,0.0,1.0
PALMAR DE VARELA,2019,1,2,2,0.0,0.5,0.0,0.0,0.5,0.0,0.0,0.0,0.0,0.0,0.0,0.0,1.0,1.0,0.0,0.5,0.5,0.0,1.0,0.0,1.0,0.0,0.0,0.0,1.0,0.0,1.0,0.0,0.0,0.5,0.0,0.5
PALMAR DE VARELA,2019,1,3,1,1.0,0.0,0.0,0.0,0.0,0.0,0.0,0.0,0.0,0.0,0.0,0.0,1.0,1.0,0.0,1.0,0.0,0.0,1.0,0.0,1.0,0.0,0.0,0.0,1.0,0.0,1.0,0.0,0.0,0.0,0.0,1.0
PALMAR DE VARELA,2019,1,4,1,0.0,0.0,0.0,0.0,1.0,0.0,0.0,1.0,0.0,0.0,0.0,0.0,0.0,1.0,0.0,0.0,1.0,0.0,1.0,1.0,0.0,0.0,0.0,0.0,1.0,0.0,1.0,0.0,0.0,1.0,0.0,0.0
PALMAR DE VARELA,2019,2,5,1,0.0,0.0,0.0,0.0,0.0,0.0,1.0,0.0,0.0,0.0,0.0,0.0,1.0,1.0,0.0,0.0,1.0,0.0,1.0,1.0,0.0,0.0,0.0,0.0,1.0,0.0,1.0,0.0,0.0,1.0,0.0,0.0
PALMAR DE VARELA,2019,2,8,1,1.0,0.0,0.0,0.0,0.0,0.0,0.0,0.0,0.0,0.0,0.0,0.0,1.0,1.0,0.0,0.0,1.0,0.0,1.0,0.0,1.0,0.0,0.0,0.0,1.0,0.0,1.0,0.0,0.0,0.0,0.0,1.0
PALMAR DE VARELA,2019,5,17,1,1.0,0.0,0.0,0.0,0.0,0.0,0.0,0.0,0.0,0.0,0.0,0.0,1.0,1.0,0.0,0.0,1.0,0.0,1.0,0.0,1.0,0.0,0.0,0.0,1.0,0.0,1.0,0.0,0.0,0.0,0.0,1.0
PALMAR DE VARELA,2019,7,26,1,1.0,0.0,0.0,0.0,0.0,0.0,0.0,0.0,0.0,0.0,0.0,0.0,1.0,1.0,0.0,0.0,1.0,0.0,1.0,0.0,1.0,0.0,0.0,0.0,1.0,0.0,1.0,0.0,0.0,0.0,0.0,1.0
PALMAR DE VARELA,2019,7,27,1,0.0,1.0,0.0,0.0,0.0,0.0,0.0,0.0,0.0,0.0,0.0,0.0,1.0,0.0,1.0,1.0,0.0,0.0,1.0,0.0,1.0,0.0,0.0,0.0,1.0,0.0,1.0,0.0,0.0,0.0,0.0,1.0
PALMAR DE VARELA,2019,7,28,3,0.3333333333333333,0.0,0.0,0.0,0.3333333333333333,0.0,0.3333333333333333,0.0,0.0,0.3333333333333333,0.0,0.0,0.6666666666666666,1.0,0.0,0.6666666666666666,0.3333333333333333,0.0,1.0,0.3333333333333333,0.6666666666666666,0.0,0.0,0.0,1.0,0.0,0.6666666666666666,0.3333333333333333,0.0,0.0,0.0,1.0
PALMAR DE VARELA,2019,8,29,2,0.0,0.5,0.0,0.0,0.0,0.0,0.5,0.0,0.0,0.0,0.0,0.0,1.0,1.0,0.0,0.5,0.5,0.0,1.0,0.5,0.5,0.0,0.0,0.0,1.0,0.0,1.0,0.0,0.0,1.0,0.0,0.0
PALMAR DE VARELA,2019,8,30,1,1.0,0.0,0.0,0.0,0.0,0.0,0.0,0.0,0.0,0.0,0.0,0.0,1.0,1.0,0.0,0.0,1.0,0.0,1.0,0.0,1.0,0.0,0.0,0.0,1.0,0.0,1.0,0.0,0.0,0.0,0.0,1.0
PALMAR DE VARELA,2019,8,31,4,0.5,0.0,0.0,0.0,0.5,0.0,0.0,0.5,0.0,0.0,0.0,0.0,0.5,1.0,0.0,0.25,0.75,0.0,1.0,0.75,0.25,0.0,0.0,0.0,1.0,0.0,1.0,0.0,0.0,0.25,0.0,0.75
PALMAR DE VARELA,2019,11,43,1,0.0,0.0,0.0,0.0,0.0,0.0,1.0,0.0,0.0,0.0,0.0,0.0,1.0,1.0,0.0,1.0,0.0,0.0,1.0,1.0,0.0,0.0,0.0,0.0,1.0,0.0,1.0,0.0,0.0,0.0,0.0,1.0
PALMAR DE VARELA,2019,12,45,1,0.0,0.0,0.0,0.0,1.0,0.0,0.0,1.0,0.0,0.0,0.0,0.0,0.0,1.0,0.0,1.0,0.0,0.0,1.0,0.0,1.0,0.0,0.0,0.0,1.0,0.0,1.0,0.0,0.0,0.0,0.0,1.0
PALMAR DE VARELA,2019,12,48,1,0.0,0.0,0.0,0.0,1.0,0.0,0.0,0.0,0.0,0.0,0.0,0.0,1.0,1.0,0.0,1.0,0.0,0.0,1.0,1.0,0.0,0.0,0.0,0.0,1.0,0.0,1.0,0.0,0.0,0.0,0.0,1.0
PALMAR DE VARELA,2020,1,2,1,0.0,1.0,0.0,0.0,0.0,0.0,0.0,1.0,0.0,0.0,0.0,0.0,0.0,1.0,0.0,1.0,0.0,0.0,1.0,1.0,0.0,0.0,0.0,0.0,1.0,0.0,1.0,0.0,0.0,0.0,0.0,1.0
PALMAR DE VARELA,2020,1,3,1,0.0,1.0,0.0,0.0,0.0,0.0,0.0,1.0,0.0,0.0,0.0,0.0,0.0,1.0,0.0,0.0,1.0,0.0,1.0,1.0,0.0,0.0,0.0,0.0,1.0,0.0,1.0,0.0,0.0,0.0,0.0,1.0
PALMAR DE VARELA,2020,1,4,1,0.0,1.0,0.0,0.0,0.0,0.0,0.0,1.0,0.0,0.0,0.0,0.0,0.0,1.0,0.0,0.0,1.0,0.0,1.0,0.0,1.0,0.0,0.0,0.0,1.0,0.0,1.0,0.0,0.0,0.0,0.0,1.0
PALMAR DE VARELA,2020,2,5,4,0.5,0.25,0.25,0.0,0.0,0.0,0.0,0.0,0.0,0.0,0.0,0.0,1.0,1.0,0.0,0.75,0.25,0.0,1.0,0.75,0.25,0.0,0.0,0.0,1.0,0.0,1.0,0.0,0.0,0.5,0.0,0.5
PALMAR DE VARELA,2020,2,6,4,0.25,0.25,0.0,0.0,0.25,0.0,0.25,0.0,0.0,0.25,0.0,0.25,0.5,1.0,0.0,0.75,0.25,0.0,1.0,0.5,0.5,0.0,0.0,0.0,1.0,0.0,1.0,0.0,0.0,0.25,0.0,0.75
PALMAR DE VARELA,2020,2,7,1,0.0,0.0,0.0,0.0,1.0,0.0,0.0,1.0,0.0,0.0,0.0,0.0,0.0,1.0,0.0,1.0,0.0,0.0,1.0,1.0,0.0,0.0,0.0,0.0,1.0,0.0,1.0,0.0,0.0,0.0,0.0,1.0
PALMAR DE VARELA,2020,2,8,2,0.0,0.5,0.0,0.0,0.0,0.5,0.0,0.0,0.0,0.0,0.0,0.0,1.0,1.0,0.0,1.0,0.0,0.0,1.0,1.0,0.0,0.0,0.0,0.0,1.0,0.0,1.0,0.0,0.0,0.0,0.0,1.0
PALMAR DE VARELA,2020,3,9,1,0.0,0.0,0.0,0.0,1.0,0.0,0.0,1.0,0.0,0.0,0.0,0.0,0.0,1.0,0.0,1.0,0.0,0.0,1.0,0.0,1.0,0.0,0.0,0.0,1.0,0.0,1.0,0.0,0.0,0.0,0.0,1.0
PALMAR DE VARELA,2020,5,20,1,0.0,0.0,1.0,0.0,0.0,0.0,0.0,0.0,0.0,1.0,0.0,0.0,0.0,1.0,0.0,0.0,1.0,0.0,1.0,0.0,1.0,0.0,0.0,0.0,1.0,0.0,1.0,0.0,0.0,0.0,0.0,1.0
PALMAR DE VARELA,2021,10,39,1,1.0,0.0,0.0,0.0,0.0,0.0,0.0,0.0,0.0,0.0,0.0,0.0,1.0,1.0,0.0,0.0,1.0,0.0,1.0,1.0,0.0,0.0,0.0,0.0,1.0,0.0,1.0,0.0,0.0,1.0,0.0,0.0
PALMAR DE VARELA,2021,10,40,1,0.0,0.0,0.0,0.0,1.0,0.0,0.0,1.0,0.0,0.0,0.0,0.0,0.0,1.0,0.0,1.0,0.0,0.0,1.0,1.0,0.0,0.0,0.0,0.0,1.0,0.0,1.0,0.0,0.0,0.0,0.0,1.0
PALMAR DE VARELA,2021,11,41,1,0.0,0.0,0.0,0.0,0.0,0.0,1.0,0.0,0.0,0.0,0.0,0.0,1.0,1.0,0.0,1.0,0.0,0.0,1.0,0.0,1.0,0.0,0.0,0.0,1.0,0.0,1.0,0.0,0.0,0.0,0.0,1.0
PALMAR DE VARELA,2021,11,43,1,0.0,0.0,0.0,0.0,1.0,0.0,0.0,1.0,0.0,0.0,0.0,0.0,0.0,1.0,0.0,1.0,0.0,0.0,1.0,0.0,1.0,0.0,0.0,0.0,1.0,0.0,1.0,0.0,0.0,0.0,0.0,1.0
PALMAR DE VARELA,2021,12,45,1,1.0,0.0,0.0,0.0,0.0,0.0,0.0,1.0,0.0,0.0,0.0,0.0,0.0,1.0,0.0,0.0,1.0,0.0,1.0,1.0,0.0,0.0,0.0,0.0,1.0,0.0,1.0,0.0,0.0,0.0,0.0,1.0
PALMAR DE VARELA,2021,12,46,1,1.0,0.0,0.0,0.0,0.0,0.0,0.0,0.0,0.0,0.0,0.0,0.0,1.0,1.0,0.0,0.0,1.0,0.0,1.0,1.0,0.0,0.0,0.0,0.0,1.0,0.0,1.0,0.0,0.0,0.0,0.0,1.0
PALMAR DE VARELA,2021,12,48,1,0.0,0.0,0.0,0.0,1.0,0.0,0.0,0.0,0.0,0.0,0.0,0.0,1.0,1.0,0.0,1.0,0.0,0.0,1.0,0.0,1.0,0.0,0.0,0.0,1.0,0.0,1.0,0.0,0.0,0.0,0.0,1.0
PALMAR DE VARELA,2021,13,50,1,0.0,0.0,0.0,0.0,0.0,0.0,1.0,0.0,0.0,0.0,0.0,0.0,1.0,1.0,0.0,1.0,0.0,0.0,1.0,1.0,0.0,0.0,0.0,0.0,1.0,0.0,1.0,0.0,0.0,0.0,0.0,1.0
PALMAR DE VARELA,2022,1,3,1,0.0,0.0,1.0,0.0,0.0,0.0,0.0,0.0,0.0,0.0,0.0,0.0,1.0,1.0,0.0,1.0,0.0,0.0,1.0,0.0,1.0,0.0,0.0,0.0,1.0,0.0,1.0,0.0,0.0,0.0,0.0,1.0
PALMAR DE VARELA,2022,4,14,1,0.0,0.0,0.0,0.0,1.0,0.0,0.0,1.0,0.0,0.0,0.0,0.0,0.0,1.0,0.0,0.0,1.0,0.0,1.0,1.0,0.0,0.0,0.0,0.0,1.0,0.0,1.0,0.0,0.0,1.0,0.0,0.0
PALMAR DE VARELA,2022,4,16,1,0.0,0.0,0.0,0.0,1.0,0.0,0.0,1.0,0.0,0.0,0.0,0.0,0.0,1.0,0.0,1.0,0.0,0.0,1.0,1.0,0.0,0.0,0.0,0.0,1.0,0.0,1.0,0.0,0.0,0.0,0.0,1.0
PALMAR DE VARELA,2022,8,29,1,0.0,1.0,0.0,0.0,0.0,0.0,0.0,0.0,0.0,0.0,0.0,0.0,1.0,1.0,0.0,0.0,1.0,0.0,1.0,0.0,1.0,0.0,0.0,0.0,1.0,0.0,1.0,0.0,0.0,1.0,0.0,0.0
PALMAR DE VARELA,2022,8,32,3,0.6666666666666666,0.3333333333333333,0.0,0.0,0.0,0.0,0.0,0.3333333333333333,0.0,0.0,0.0,0.0,0.6666666666666666,1.0,0.0,0.0,1.0,0.0,1.0,1.0,0.0,0.0,0.0,0.0,1.0,0.0,1.0,0.0,0.0,0.0,0.0,1.0
PALMAR DE VARELA,2022,9,34,1,1.0,0.0,0.0,0.0,0.0,0.0,0.0,0.0,0.0,0.0,0.0,0.0,1.0,1.0,0.0,1.0,0.0,0.0,1.0,1.0,0.0,0.0,0.0,0.0,1.0,0.0,0.0,1.0,0.0,1.0,0.0,0.0
PALMAR DE VARELA,2022,11,42,1,0.0,0.0,0.0,0.0,0.0,0.0,1.0,1.0,0.0,0.0,0.0,0.0,0.0,1.0,0.0,0.0,1.0,0.0,1.0,1.0,0.0,0.0,0.0,0.0,1.0,0.0,1.0,0.0,0.0,0.0,0.0,1.0
PALMAR DE VARELA,2022,12,46,1,0.0,1.0,0.0,0.0,0.0,0.0,0.0,0.0,0.0,0.0,0.0,0.0,1.0,1.0,0.0,0.0,1.0,0.0,1.0,0.0,1.0,0.0,0.0,0.0,1.0,0.0,1.0,0.0,0.0,0.0,0.0,1.0
PALMAR DE VARELA,2022,12,47,1,0.0,0.0,1.0,0.0,0.0,0.0,0.0,1.0,0.0,0.0,0.0,0.0,0.0,1.0,0.0,0.0,1.0,0.0,1.0,1.0,0.0,0.0,0.0,0.0,1.0,0.0,1.0,0.0,0.0,0.0,0.0,1.0
PALMAR DE VARELA,2022,12,48,3,0.6666666666666666,0.3333333333333333,0.0,0.0,0.0,0.0,0.0,0.3333333333333333,0.0,0.0,0.0,0.0,0.6666666666666666,0.6666666666666666,0.3333333333333333,0.0,1.0,0.0,1.0,0.6666666666666666,0.3333333333333333,0.0,0.0,0.0,1.0,0.0,1.0,0.0,0.0,0.3333333333333333,0.0,0.6666666666666666
PALMAR DE VARELA,2022,13,50,1,1.0,0.0,0.0,0.0,0.0,0.0,0.0,0.0,0.0,0.0,0.0,0.0,1.0,1.0,0.0,1.0,0.0,0.0,1.0,0.0,1.0,0.0,0.0,0.0,1.0,0.0,0.0,0.0,1.0,0.0,0.0,1.0
PALMAR DE VARELA,2022,13,51,1,1.0,0.0,0.0,0.0,0.0,0.0,0.0,0.0,0.0,0.0,0.0,0.0,1.0,1.0,0.0,1.0,0.0,0.0,1.0,0.0,1.0,0.0,0.0,0.0,1.0,0.0,1.0,0.0,0.0,0.0,0.0,1.0
PALMAR DE VARELA,2023,1,2,1,0.0,1.0,0.0,0.0,0.0,0.0,0.0,0.0,0.0,0.0,1.0,0.0,0.0,1.0,0.0,0.0,1.0,0.0,1.0,0.0,1.0,0.0,0.0,0.0,1.0,0.0,1.0,0.0,0.0,1.0,0.0,0.0
PALMAR DE VARELA,2023,1,3,2,1.0,0.0,0.0,0.0,0.0,0.0,0.0,0.0,0.0,0.0,0.0,0.0,1.0,1.0,0.0,0.5,0.5,0.0,1.0,0.5,0.5,0.0,0.0,0.0,1.0,0.0,1.0,0.0,0.0,0.0,0.0,1.0
PALMAR DE VARELA,2023,1,4,1,0.0,0.0,0.0,0.0,1.0,0.0,0.0,1.0,0.0,0.0,0.0,0.0,0.0,1.0,0.0,1.0,0.0,0.0,1.0,1.0,0.0,0.0,0.0,0.0,1.0,0.0,1.0,0.0,0.0,0.0,0.0,1.0
PALMAR DE VARELA,2023,2,6,2,0.0,0.0,0.0,0.0,0.5,0.0,0.5,0.5,0.0,0.0,0.0,0.0,0.5,1.0,0.0,1.0,0.0,0.0,1.0,0.5,0.5,0.0,0.0,0.0,1.0,0.0,1.0,0.0,0.0,0.0,0.0,1.0
PALMAR DE VARELA,2023,2,7,1,1.0,0.0,0.0,0.0,0.0,0.0,0.0,1.0,0.0,0.0,0.0,0.0,0.0,1.0,0.0,0.0,1.0,0.0,1.0,0.0,1.0,0.0,0.0,0.0,1.0,0.0,1.0,0.0,0.0,0.0,0.0,1.0
PALMAR DE VARELA,2023,3,9,1,0.0,1.0,0.0,0.0,0.0,0.0,0.0,0.0,0.0,0.0,0.0,0.0,1.0,1.0,0.0,0.0,1.0,0.0,1.0,0.0,1.0,0.0,0.0,0.0,1.0,0.0,1.0,0.0,0.0,1.0,0.0,0.0
PALMAR DE VARELA,2023,4,14,4,0.25,0.25,0.0,0.0,0.0,0.0,0.5,0.25,0.0,0.0,0.0,0.0,0.75,1.0,0.0,0.75,0.25,0.0,1.0,0.75,0.25,0.0,0.0,0.0,1.0,0.0,1.0,0.0,0.0,0.0,0.0,1.0
PALMAR DE VARELA,2023,5,19,5,0.6,0.0,0.0,0.0,0.4,0.0,0.0,0.6,0.0,0.0,0.0,0.0,0.4,1.0,0.0,0.8,0.2,0.0,1.0,0.8,0.2,0.0,0.0,0.0,1.0,0.0,1.0,0.0,0.0,0.0,0.0,1.0
PALMAR DE VARELA,2023,6,22,1,0.0,0.0,0.0,0.0,1.0,0.0,0.0,0.0,0.0,0.0,0.0,0.0,1.0,1.0,0.0,1.0,0.0,0.0,1.0,1.0,0.0,0.0,0.0,0.0,1.0,0.0,1.0,0.0,0.0,0.0,0.0,1.0
PALMAR DE VARELA,2023,7,28,1,1.0,0.0,0.0,0.0,0.0,0.0,0.0,1.0,0.0,0.0,0.0,0.0,0.0,1.0,0.0,0.0,1.0,0.0,1.0,1.0,0.0,0.0,0.0,0.0,1.0,0.0,1.0,0.0,0.0,0.0,0.0,1.0
PALMAR DE VARELA,2023,8,30,1,0.0,1.0,0.0,0.0,0.0,0.0,0.0,0.0,0.0,0.0,0.0,0.0,1.0,1.0,0.0,0.0,1.0,0.0,1.0,1.0,0.0,0.0,0.0,0.0,1.0,0.0,1.0,0.0,0.0,1.0,0.0,0.0
PALMAR DE VARELA,2023,8,32,2,0.5,0.0,0.0,0.0,0.5,0.0,0.0,0.0,0.0,0.0,0.0,0.0,1.0,1.0,0.0,1.0,0.0,0.0,1.0,0.0,1.0,0.0,0.0,0.0,1.0,0.0,1.0,0.0,0.0,0.0,0.0,1.0
PALMAR DE VARELA,2023,9,35,1,0.0,0.0,0.0,0.0,0.0,0.0,1.0,0.0,0.0,0.0,0.0,0.0,1.0,1.0,0.0,1.0,0.0,0.0,1.0,1.0,0.0,0.0,0.0,0.0,1.0,0.0,1.0,0.0,0.0,0.0,0.0,1.0
PALMAR DE VARELA,2023,9,36,1,0.0,0.0,0.0,0.0,0.0,0.0,1.0,1.0,0.0,0.0,0.0,0.0,0.0,1.0,0.0,1.0,0.0,0.0,1.0,1.0,0.0,0.0,0.0,0.0,1.0,0.0,1.0,0.0,0.0,0.0,0.0,1.0
PALMAR DE VARELA,2023,10,37,1,1.0,0.0,0.0,0.0,0.0,0.0,0.0,0.0,0.0,0.0,0.0,1.0,0.0,1.0,0.0,1.0,0.0,0.0,1.0,0.0,1.0,0.0,0.0,0.0,1.0,0.0,1.0,0.0,0.0,0.0,0.0,1.0
PALMAR DE VARELA,2023,10,40,3,0.6666666666666666,0.0,0.0,0.0,0.0,0.0,0.3333333333333333,0.0,0.0,0.3333333333333333,0.0,0.3333333333333333,0.3333333333333333,1.0,0.0,0.3333333333333333,0.6666666666666666,0.0,1.0,0.6666666666666666,0.3333333333333333,0.0,0.0,0.0,1.0,0.0,1.0,0.0,0.0,0.3333333333333333,0.0,0.6666666666666666
PALMAR DE VARELA,2023,11,41,1,1.0,0.0,0.0,0.0,0.0,0.0,0.0,0.0,0.0,0.0,0.0,0.0,1.0,1.0,0.0,0.0,1.0,0.0,1.0,1.0,0.0,0.0,0.0,0.0,1.0,0.0,1.0,0.0,0.0,0.0,0.0,1.0
PALMAR DE VARELA,2023,11,42,1,0.0,0.0,0.0,0.0,0.0,0.0,1.0,0.0,0.0,0.0,0.0,0.0,1.0,1.0,0.0,0.0,1.0,0.0,1.0,0.0,1.0,0.0,0.0,0.0,1.0,0.0,1.0,0.0,0.0,0.0,0.0,1.0
PALMAR DE VARELA,2023,12,46,1,0.0,1.0,0.0,0.0,0.0,0.0,0.0,1.0,0.0,0.0,0.0,0.0,0.0,1.0,0.0,1.0,0.0,0.0,1.0,0.0,1.0,0.0,0.0,0.0,1.0,0.0,1.0,0.0,0.0,1.0,0.0,0.0
PIOJÓ,2018,5,20,1,0.0,1.0,0.0,0.0,0.0,0.0,0.0,1.0,0.0,0.0,0.0,0.0,0.0,1.0,0.0,1.0,0.0,0.0,1.0,1.0,0.0,0.0,1.0,0.0,0.0,0.0,1.0,0.0,0.0,0.0,0.0,1.0
PIOJÓ,2018,6,22,5,0.4,0.2,0.4,0.0,0.0,0.0,0.0,0.6,0.0,0.0,0.0,0.0,0.4,1.0,0.0,1.0,0.0,0.0,1.0,0.4,0.6,0.0,1.0,0.0,0.0,0.0,1.0,0.0,0.0,0.0,1.0,0.0
PIOJÓ,2018,6,23,1,0.0,0.0,0.0,0.0,1.0,0.0,0.0,0.0,0.0,0.0,0.0,0.0,1.0,1.0,0.0,1.0,0.0,0.0,1.0,1.0,0.0,0.0,1.0,0.0,0.0,0.0,1.0,0.0,0.0,0.0,0.0,1.0
PIOJÓ,2020,3,11,1,1.0,0.0,0.0,0.0,0.0,0.0,0.0,1.0,0.0,0.0,0.0,0.0,0.0,1.0,0.0,0.0,1.0,0.0,1.0,0.0,1.0,0.0,1.0,0.0,0.0,0.0,1.0,0.0,0.0,1.0,0.0,0.0
PIOJÓ,2020,3,12,1,1.0,0.0,0.0,0.0,0.0,0.0,0.0,1.0,0.0,0.0,0.0,0.0,0.0,1.0,0.0,0.0,1.0,0.0,1.0,0.0,1.0,0.0,1.0,0.0,0.0,0.0,1.0,0.0,0.0,0.0,0.0,1.0
PIOJÓ,2020,4,14,2,0.5,0.0,0.0,0.0,0.5,0.0,0.0,0.5,0.0,0.5,0.0,0.0,0.0,1.0,0.0,0.0,1.0,0.0,1.0,0.5,0.5,0.0,1.0,0.0,0.0,0.0,1.0,0.0,0.0,0.0,0.0,1.0
PIOJÓ,2020,4,15,1,1.0,0.0,0.0,0.0,0.0,0.0,0.0,1.0,0.0,0.0,0.0,0.0,0.0,1.0,0.0,0.0,1.0,0.0,1.0,1.0,0.0,0.0,1.0,0.0,0.0,0.0,1.0,0.0,0.0,0.0,0.0,1.0
PIOJÓ,2020,4,16,1,0.0,1.0,0.0,0.0,0.0,0.0,0.0,1.0,0.0,0.0,0.0,0.0,0.0,1.0,0.0,0.0,1.0,0.0,1.0,0.0,1.0,0.0,1.0,0.0,0.0,0.0,1.0,0.0,0.0,0.0,0.0,1.0
PIOJÓ,2021,1,1,1,0.0,0.0,0.0,0.0,1.0,0.0,0.0,0.0,0.0,0.0,0.0,0.0,1.0,1.0,0.0,0.0,1.0,0.0,1.0,0.0,1.0,0.0,1.0,0.0,0.0,0.0,1.0,0.0,0.0,0.0,0.0,1.0
PIOJÓ,2021,2,6,1,1.0,0.0,0.0,0.0,0.0,0.0,0.0,0.0,0.0,0.0,0.0,0.0,1.0,1.0,0.0,0.0,1.0,0.0,1.0,0.0,1.0,0.0,1.0,0.0,0.0,0.0,1.0,0.0,0.0,0.0,0.0,1.0
PIOJÓ,2021,3,11,1,0.0,0.0,0.0,0.0,1.0,0.0,0.0,0.0,0.0,0.0,0.0,0.0,1.0,1.0,0.0,0.0,1.0,0.0,1.0,1.0,0.0,0.0,1.0,0.0,0.0,0.0,1.0,0.0,0.0,0.0,0.0,1.0
PIOJÓ,2021,10,38,1,1.0,0.0,0.0,0.0,0.0,0.0,0.0,1.0,0.0,0.0,0.0,0.0,0.0,1.0,0.0,0.0,1.0,0.0,1.0,0.0,1.0,0.0,1.0,0.0,0.0,0.0,0.0,1.0,0.0,0.0,0.0,1.0
PIOJÓ,2021,10,40,3,0.0,0.0,0.0,0.0,0.6666666666666666,0.0,0.3333333333333333,0.0,0.0,0.0,0.0,0.0,1.0,1.0,0.0,0.3333333333333333,0.6666666666666666,0.0,1.0,1.0,0.0,0.0,1.0,0.0,0.0,0.0,1.0,0.0,0.0,0.3333333333333333,0.0,0.6666666666666666
PIOJÓ,2021,11,43,1,0.0,0.0,0.0,0.0,1.0,0.0,0.0,0.0,0.0,0.0,0.0,0.0,1.0,1.0,0.0,0.0,1.0,0.0,1.0,1.0,0.0,0.0,1.0,0.0,0.0,0.0,1.0,0.0,0.0,0.0,0.0,1.0
PIOJÓ,2021,11,44,1,0.0,0.0,0.0,0.0,1.0,0.0,0.0,0.0,0.0,0.0,0.0,0.0,1.0,1.0,0.0,0.0,1.0,0.0,1.0,0.0,1.0,0.0,1.0,0.0,0.0,0.0,0.0,1.0,0.0,0.0,0.0,1.0
PIOJÓ,2021,12,48,1,0.0,1.0,0.0,0.0,0.0,0.0,0.0,0.0,0.0,0.0,0.0,0.0,1.0,1.0,0.0,0.0,1.0,0.0,1.0,1.0,0.0,0.0,1.0,0.0,0.0,0.0,0.0,1.0,0.0,0.0,0.0,1.0
PIOJÓ,2022,3,9,1,0.0,0.0,0.0,0.0,0.0,0.0,1.0,0.0,0.0,0.0,0.0,0.0,1.0,1.0,0.0,1.0,0.0,0.0,1.0,1.0,0.0,0.0,1.0,0.0,0.0,0.0,1.0,0.0,0.0,0.0,0.0,1.0
PIOJÓ,2022,5,17,1,0.0,0.0,0.0,0.0,0.0,0.0,1.0,0.0,0.0,0.0,0.0,0.0,1.0,1.0,0.0,0.0,1.0,0.0,1.0,1.0,0.0,0.0,1.0,0.0,0.0,0.0,1.0,0.0,0.0,0.0,0.0,1.0
PIOJÓ,2022,5,18,1,1.0,0.0,0.0,0.0,0.0,0.0,0.0,0.0,0.0,0.0,0.0,0.0,1.0,1.0,0.0,1.0,0.0,0.0,1.0,1.0,0.0,0.0,1.0,0.0,0.0,0.0,1.0,0.0,0.0,0.0,0.0,1.0
PIOJÓ,2022,6,22,2,0.0,0.0,0.0,0.0,0.5,0.0,0.5,0.0,0.0,0.0,0.0,0.0,1.0,0.5,0.5,0.5,0.5,0.0,1.0,1.0,0.0,0.0,1.0,0.0,0.0,0.0,1.0,0.0,0.0,0.0,0.0,1.0
PIOJÓ,2022,6,23,1,0.0,0.0,0.0,0.0,1.0,0.0,0.0,0.0,0.0,0.0,0.0,0.0,1.0,1.0,0.0,0.0,1.0,0.0,1.0,1.0,0.0,0.0,1.0,0.0,0.0,0.0,1.0,0.0,0.0,0.0,0.0,1.0
PIOJÓ,2022,7,25,1,0.0,0.0,0.0,0.0,1.0,0.0,0.0,0.0,0.0,0.0,0.0,0.0,1.0,1.0,0.0,0.0,1.0,0.0,1.0,1.0,0.0,0.0,1.0,0.0,0.0,0.0,1.0,0.0,0.0,1.0,0.0,0.0
PIOJÓ,2022,10,38,1,0.0,1.0,0.0,0.0,0.0,0.0,0.0,0.0,0.0,0.0,0.0,0.0,1.0,1.0,0.0,0.0,1.0,0.0,1.0,0.0,1.0,0.0,1.0,0.0,0.0,0.0,1.0,0.0,0.0,0.0,0.0,1.0
PIOJÓ,2022,13,50,1,1.0,0.0,0.0,0.0,0.0,0.0,0.0,0.0,0.0,0.0,0.0,0.0,1.0,1.0,0.0,0.0,1.0,0.0,1.0,0.0,1.0,0.0,1.0,0.0,0.0,0.0,1.0,0.0,0.0,0.0,0.0,1.0
PIOJÓ,2022,13,51,1,1.0,0.0,0.0,0.0,0.0,0.0,0.0,0.0,0.0,0.0,0.0,0.0,1.0,1.0,0.0,0.0,1.0,0.0,1.0,0.0,1.0,0.0,1.0,0.0,0.0,0.0,1.0,0.0,0.0,0.0,0.0,1.0
PIOJÓ,2023,7,28,2,1.0,0.0,0.0,0.0,0.0,0.0,0.0,0.0,0.0,0.0,0.0,0.0,1.0,1.0,0.0,1.0,0.0,0.0,1.0,0.0,1.0,0.0,1.0,0.0,0.0,0.0,0.0,0.0,1.0,0.0,0.0,1.0
PIOJÓ,2023,8,29,1,1.0,0.0,0.0,0.0,0.0,0.0,0.0,0.0,0.0,0.0,0.0,0.0,1.0,1.0,0.0,1.0,0.0,0.0,1.0,0.0,1.0,0.0,1.0,0.0,0.0,0.0,0.0,0.0,1.0,0.0,0.0,1.0
PIOJÓ,2023,8,31,2,0.5,0.0,0.0,0.0,0.5,0.0,0.0,0.0,0.0,0.0,0.0,0.0,1.0,1.0,0.0,1.0,0.0,0.0,1.0,0.0,1.0,0.0,1.0,0.0,0.0,0.0,0.0,0.0,1.0,0.0,0.0,1.0
PIOJÓ,2023,9,33,1,0.0,0.0,0.0,0.0,1.0,0.0,0.0,0.0,0.0,0.0,0.0,0.0,1.0,1.0,0.0,1.0,0.0,0.0,1.0,0.0,1.0,0.0,1.0,0.0,0.0,0.0,0.0,0.0,1.0,0.0,0.0,1.0
PIOJÓ,2023,9,34,2,0.5,0.5,0.0,0.0,0.0,0.0,0.0,0.5,0.0,0.0,0.0,0.0,0.5,0.5,0.5,0.0,1.0,0.0,1.0,0.5,0.5,0.0,1.0,0.0,0.0,0.0,1.0,0.0,0.0,0.0,0.0,1.0
PIOJÓ,2023,9,35,1,1.0,0.0,0.0,0.0,0.0,0.0,0.0,0.0,0.0,0.0,0.0,0.0,1.0,1.0,0.0,1.0,0.0,0.0,1.0,0.0,1.0,0.0,1.0,0.0,0.0,0.0,0.0,1.0,0.0,0.0,0.0,1.0
PIOJÓ,2023,9,36,2,0.5,0.0,0.0,0.0,0.5,0.0,0.0,0.0,0.0,0.0,0.0,0.0,1.0,1.0,0.0,0.0,1.0,0.0,1.0,0.0,1.0,0.0,1.0,0.0,0.0,0.0,1.0,0.0,0.0,0.0,0.0,1.0
PIOJÓ,2023,10,37,2,1.0,0.0,0.0,0.0,0.0,0.0,0.0,0.0,0.0,0.0,0.0,0.0,1.0,1.0,0.0,0.5,0.5,0.0,1.0,0.0,1.0,0.0,1.0,0.0,0.0,0.0,0.5,0.5,0.0,0.0,0.0,1.0
PIOJÓ,2023,10,38,6,0.3333333333333333,0.0,0.0,0.0,0.6666666666666666,0.0,0.0,0.0,0.0,0.0,0.0,0.0,1.0,1.0,0.0,0.16666666666666666,0.8333333333333334,0.0,1.0,0.6666666666666666,0.3333333333333333,0.0,1.0,0.0,0.0,0.0,0.8333333333333334,0.16666666666666666,0.0,0.16666666666666666,0.0,0.8333333333333334
PIOJÓ,2023,10,39,6,0.3333333333333333,0.16666666666666666,0.0,0.0,0.3333333333333333,0.0,0.16666666666666666,0.0,0.0,0.0,0.0,0.0,1.0,1.0,0.0,0.0,1.0,0.0,1.0,0.5,0.5,0.0,1.0,0.0,0.0,0.0,1.0,0.0,0.0,0.16666666666666666,0.0,0.8333333333333334
PIOJÓ,2023,10,40,5,0.6,0.0,0.0,0.0,0.2,0.0,0.2,0.0,0.0,0.0,0.0,0.0,1.0,1.0,0.0,0.2,0.8,0.0,1.0,0.4,0.6,0.0,1.0,0.0,0.0,0.0,1.0,0.0,0.0,0.0,0.0,1.0
PIOJÓ,2023,12,45,1,0.0,0.0,0.0,0.0,1.0,0.0,0.0,0.0,0.0,0.0,0.0,0.0,1.0,1.0,0.0,0.0,1.0,0.0,1.0,1.0,0.0,0.0,1.0,0.0,0.0,0.0,1.0,0.0,0.0,0.0,0.0,1.0
PIOJÓ,2023,12,47,1,1.0,0.0,0.0,0.0,0.0,0.0,0.0,0.0,0.0,0.0,0.0,0.0,1.0,1.0,0.0,0.0,1.0,0.0,1.0,0.0,1.0,0.0,1.0,0.0,0.0,0.0,1.0,0.0,0.0,0.0,0.0,1.0
PIOJÓ,2023,12,48,1,0.0,0.0,0.0,0.0,1.0,0.0,0.0,0.0,0.0,0.0,0.0,0.0,1.0,1.0,0.0,0.0,1.0,0.0,1.0,0.0,1.0,0.0,1.0,0.0,0.0,0.0,1.0,0.0,0.0,0.0,0.0,1.0
PIOJÓ,2023,13,49,2,1.0,0.0,0.0,0.0,0.0,0.0,0.0,0.5,0.0,0.0,0.0,0.0,0.5,1.0,0.0,0.5,0.5,0.0,1.0,0.0,1.0,0.0,1.0,0.0,0.0,0.0,1.0,0.0,0.0,0.0,0.0,1.0
PIOJÓ,2023,13,51,1,1.0,0.0,0.0,0.0,0.0,0.0,0.0,1.0,0.0,0.0,0.0,0.0,0.0,1.0,0.0,0.0,1.0,0.0,1.0,0.0,1.0,0.0,1.0,0.0,0.0,0.0,1.0,0.0,0.0,1.0,0.0,0.0
POLONUEVO,2017,8,31,1,0.0,0.0,0.0,0.0,0.0,0.0,1.0,0.0,0.0,0.0,0.0,0.0,1.0,1.0,0.0,1.0,0.0,0.0,1.0,0.0,1.0,1.0,0.0,0.0,0.0,0.0,1.0,0.0,0.0,0.0,0.0,1.0
POLONUEVO,2017,9,33,1,0.0,0.0,0.0,0.0,1.0,0.0,0.0,0.0,0.0,0.0,0.0,0.0,1.0,1.0,0.0,1.0,0.0,0.0,1.0,0.0,1.0,1.0,0.0,0.0,0.0,0.0,1.0,0.0,0.0,0.0,0.0,1.0
POLONUEVO,2017,11,41,1,0.0,1.0,0.0,0.0,0.0,0.0,0.0,0.0,0.0,0.0,0.0,0.0,1.0,1.0,0.0,0.0,1.0,0.0,1.0,0.0,1.0,1.0,0.0,0.0,0.0,0.0,1.0,0.0,0.0,0.0,0.0,1.0
POLONUEVO,2017,12,46,1,0.0,0.0,0.0,0.0,0.0,0.0,1.0,0.0,0.0,0.0,0.0,0.0,1.0,1.0,0.0,1.0,0.0,0.0,1.0,0.0,1.0,1.0,0.0,0.0,0.0,0.0,1.0,0.0,0.0,0.0,0.0,1.0
POLONUEVO,2017,12,48,1,0.0,1.0,0.0,0.0,0.0,0.0,0.0,0.0,0.0,0.0,0.0,0.0,1.0,1.0,0.0,1.0,0.0,0.0,1.0,0.0,1.0,1.0,0.0,0.0,0.0,0.0,1.0,0.0,0.0,0.0,0.0,1.0
POLONUEVO,2018,1,1,1,0.0,1.0,0.0,0.0,0.0,0.0,0.0,0.0,0.0,0.0,0.0,0.0,1.0,1.0,0.0,1.0,0.0,0.0,1.0,1.0,0.0,1.0,0.0,0.0,0.0,0.0,1.0,0.0,0.0,0.0,0.0,1.0
POLONUEVO,2018,1,2,1,1.0,0.0,0.0,0.0,0.0,0.0,0.0,0.0,0.0,0.0,0.0,0.0,1.0,1.0,0.0,1.0,0.0,0.0,1.0,1.0,0.0,1.0,0.0,0.0,0.0,0.0,1.0,0.0,0.0,0.0,0.0,1.0
POLONUEVO,2018,2,5,1,0.0,1.0,0.0,0.0,0.0,0.0,0.0,0.0,0.0,0.0,0.0,0.0,1.0,1.0,0.0,1.0,0.0,0.0,1.0,0.0,1.0,1.0,0.0,0.0,0.0,0.0,1.0,0.0,0.0,0.0,0.0,1.0
POLONUEVO,2018,5,18,1,0.0,0.0,0.0,0.0,0.0,0.0,1.0,1.0,0.0,0.0,0.0,0.0,0.0,1.0,0.0,0.0,1.0,0.0,1.0,0.0,1.0,1.0,0.0,0.0,0.0,0.0,1.0,0.0,0.0,0.0,0.0,1.0
POLONUEVO,2018,6,22,2,0.0,0.0,0.0,0.0,1.0,0.0,0.0,1.0,0.0,0.0,0.0,0.0,0.0,1.0,0.0,0.0,1.0,0.0,1.0,1.0,0.0,1.0,0.0,0.0,0.0,0.0,1.0,0.0,0.0,0.5,0.0,0.5
POLONUEVO,2018,6,23,1,0.0,0.0,0.0,0.0,1.0,0.0,0.0,1.0,0.0,0.0,0.0,0.0,0.0,1.0,0.0,0.0,1.0,0.0,1.0,1.0,0.0,1.0,0.0,0.0,0.0,0.0,1.0,0.0,0.0,1.0,0.0,0.0
POLONUEVO,2018,6,24,2,0.5,0.0,0.0,0.0,0.0,0.0,0.5,0.5,0.0,0.0,0.0,0.0,0.5,1.0,0.0,0.0,1.0,0.0,1.0,0.0,1.0,1.0,0.0,0.0,0.0,0.0,0.5,0.5,0.0,0.5,0.0,0.5
POLONUEVO,2018,7,25,6,0.16666666666666666,0.0,0.0,0.0,0.5,0.0,0.3333333333333333,0.5,0.0,0.0,0.0,0.0,0.5,1.0,0.0,0.5,0.5,0.0,1.0,0.0,1.0,1.0,0.0,0.0,0.0,0.0,1.0,0.0,0.0,0.16666666666666666,0.0,0.8333333333333334
POLONUEVO,2018,7,26,3,0.0,0.3333333333333333,0.0,0.0,0.3333333333333333,0.0,0.3333333333333333,0.3333333333333333,0.0,0.0,0.0,0.0,0.6666666666666666,1.0,0.0,0.6666666666666666,0.3333333333333333,0.0,1.0,0.3333333333333333,0.6666666666666666,1.0,0.0,0.0,0.0,0.0,1.0,0.0,0.0,0.0,0.0,1.0
POLONUEVO,2018,7,27,4,0.5,0.0,0.0,0.0,0.25,0.0,0.25,0.25,0.0,0.0,0.0,0.0,0.75,1.0,0.0,1.0,0.0,0.0,1.0,0.25,0.75,1.0,0.0,0.0,0.0,0.0,1.0,0.0,0.0,0.0,0.0,1.0
POLONUEVO,2018,7,28,1,0.0,0.0,0.0,0.0,0.0,0.0,1.0,0.0,0.0,0.0,0.0,0.0,1.0,1.0,0.0,0.0,1.0,0.0,1.0,0.0,1.0,1.0,0.0,0.0,0.0,0.0,1.0,0.0,0.0,0.0,0.0,1.0
POLONUEVO,2018,8,29,3,0.0,0.0,0.0,0.0,0.3333333333333333,0.0,0.6666666666666666,0.3333333333333333,0.0,0.0,0.0,0.0,0.6666666666666666,1.0,0.0,1.0,0.0,0.0,1.0,0.6666666666666666,0.3333333333333333,1.0,0.0,0.0,0.0,0.0,1.0,0.0,0.0,0.0,0.0,1.0
POLONUEVO,2018,8,30,2,0.0,0.0,0.0,0.0,1.0,0.0,0.0,1.0,0.0,0.0,0.0,0.0,0.0,1.0,0.0,1.0,0.0,0.0,1.0,0.5,0.5,1.0,0.0,0.0,0.0,0.0,1.0,0.0,0.0,0.0,0.0,1.0
POLONUEVO,2018,8,31,1,1.0,0.0,0.0,0.0,0.0,0.0,0.0,0.0,0.0,0.0,0.0,0.0,1.0,1.0,0.0,1.0,0.0,0.0,1.0,0.0,1.0,1.0,0.0,0.0,0.0,0.0,1.0,0.0,0.0,0.0,0.0,1.0
POLONUEVO,2018,9,35,5,0.2,0.0,0.0,0.0,0.6,0.0,0.2,0.2,0.0,0.0,0.0,0.0,0.8,1.0,0.0,0.6,0.4,0.0,1.0,0.2,0.8,1.0,0.0,0.0,0.0,0.0,1.0,0.0,0.0,0.0,0.0,1.0
POLONUEVO,2018,9,36,6,0.5,0.16666666666666666,0.0,0.0,0.3333333333333333,0.0,0.0,0.5,0.0,0.0,0.0,0.0,0.5,1.0,0.0,0.5,0.5,0.0,1.0,0.3333333333333333,0.6666666666666666,1.0,0.0,0.0,0.0,0.0,1.0,0.0,0.0,0.0,0.0,1.0
POLONUEVO,2018,10,37,3,0.3333333333333333,0.3333333333333333,0.0,0.0,0.3333333333333333,0.0,0.0,0.6666666666666666,0.0,0.0,0.0,0.0,0.3333333333333333,1.0,0.0,0.0,1.0,0.0,1.0,0.6666666666666666,0.3333333333333333,1.0,0.0,0.0,0.0,0.0,1.0,0.0,0.0,0.3333333333333333,0.0,0.6666666666666666
POLONUEVO,2018,10,38,5,0.6,0.0,0.0,0.0,0.4,0.0,0.0,0.6,0.0,0.0,0.0,0.0,0.4,1.0,0.0,0.4,0.6,0.0,1.0,0.2,0.8,1.0,0.0,0.0,0.0,0.0,1.0,0.0,0.0,0.0,0.0,1.0
POLONUEVO,2018,10,39,7,0.8571428571428571,0.0,0.0,0.0,0.14285714285714285,0.0,0.0,0.5714285714285714,0.0,0.0,0.0,0.0,0.42857142857142855,1.0,0.0,0.2857142857142857,0.7142857142857143,0.0,1.0,0.8571428571428571,0.14285714285714285,1.0,0.0,0.0,0.0,0.0,1.0,0.0,0.0,0.2857142857142857,0.0,0.7142857142857143
POLONUEVO,2018,10,40,6,0.16666666666666666,0.16666666666666666,0.0,0.0,0.3333333333333333,0.0,0.3333333333333333,0.3333333333333333,0.0,0.0,0.0,0.0,0.6666666666666666,0.8333333333333334,0.16666666666666666,0.6666666666666666,0.3333333333333333,0.0,1.0,0.3333333333333333,0.6666666666666666,1.0,0.0,0.0,0.0,0.0,1.0,0.0,0.0,0.0,0.0,1.0
POLONUEVO,2018,11,41,9,0.4444444444444444,0.1111111111111111,0.0,0.0,0.2222222222222222,0.0,0.2222222222222222,0.3333333333333333,0.1111111111111111,0.0,0.0,0.0,0.5555555555555556,1.0,0.0,0.3333333333333333,0.6666666666666666,0.0,1.0,0.7777777777777778,0.2222222222222222,1.0,0.0,0.0,0.0,0.0,0.8888888888888888,0.1111111111111111,0.0,0.2222222222222222,0.0,0.7777777777777778
POLONUEVO,2018,11,42,15,0.2,0.2,0.0,0.0,0.4,0.0,0.2,0.4,0.0,0.0,0.0,0.0,0.6,1.0,0.0,0.4,0.6,0.0,1.0,0.5333333333333333,0.4666666666666667,1.0,0.0,0.0,0.0,0.0,1.0,0.0,0.0,0.26666666666666666,0.0,0.7333333333333333
POLONUEVO,2018,11,43,22,0.6363636363636364,0.09090909090909091,0.0,0.0,0.2727272727272727,0.0,0.0,0.13636363636363635,0.0,0.0,0.0,0.0,0.8636363636363636,1.0,0.0,0.3181818181818182,0.6818181818181818,0.0,1.0,0.5909090909090909,0.4090909090909091,1.0,0.0,0.0,0.0,0.0,1.0,0.0,0.0,0.09090909090909091,0.0,0.9090909090909091
POLONUEVO,2018,11,44,15,0.7333333333333333,0.06666666666666667,0.0,0.0,0.2,0.0,0.0,0.26666666666666666,0.0,0.0,0.0,0.0,0.7333333333333333,1.0,0.0,0.2,0.8,0.0,1.0,0.4666666666666667,0.5333333333333333,1.0,0.0,0.0,0.0,0.0,1.0,0.0,0.0,0.0,0.0,1.0
POLONUEVO,2018,12,45,15,0.6,0.0,0.0,0.0,0.3333333333333333,0.0,0.06666666666666667,0.4666666666666667,0.0,0.0,0.0,0.06666666666666667,0.4666666666666667,1.0,0.0,0.4,0.6,0.0,1.0,0.4,0.6,1.0,0.0,0.0,0.0,0.0,1.0,0.0,0.0,0.4,0.0,0.6
POLONUEVO,2018,12,46,15,0.6666666666666666,0.06666666666666667,0.0,0.0,0.2,0.0,0.06666666666666667,0.7333333333333333,0.0,0.0,0.0,0.0,0.26666666666666666,1.0,0.0,0.26666666666666666,0.7333333333333333,0.0,1.0,0.4,0.6,1.0,0.0,0.0,0.0,0.0,1.0,0.0,0.0,0.4,0.0,0.6
POLONUEVO,2018,12,47,18,0.4444444444444444,0.1111111111111111,0.0,0.0,0.3333333333333333,0.0,0.1111111111111111,0.1111111111111111,0.0,0.0,0.0,0.0,0.8888888888888888,1.0,0.0,0.3333333333333333,0.6666666666666666,0.0,1.0,0.4444444444444444,0.5555555555555556,1.0,0.0,0.0,0.0,0.0,1.0,0.0,0.0,0.1111111111111111,0.0,0.8888888888888888
POLONUEVO,2018,12,48,11,0.45454545454545453,0.09090909090909091,0.09090909090909091,0.0,0.2727272727272727,0.0,0.09090909090909091,0.5454545454545454,0.0,0.0,0.0,0.0,0.45454545454545453,0.9090909090909091,0.09090909090909091,0.18181818181818182,0.8181818181818182,0.09090909090909091,0.9090909090909091,0.45454545454545453,0.5454545454545454,1.0,0.0,0.0,0.0,0.0,1.0,0.0,0.0,0.18181818181818182,0.0,0.8181818181818182
POLONUEVO,2018,13,49,6,0.5,0.0,0.0,0.0,0.3333333333333333,0.0,0.16666666666666666,0.16666666666666666,0.0,0.0,0.0,0.0,0.8333333333333334,1.0,0.0,0.16666666666666666,0.8333333333333334,0.0,1.0,0.6666666666666666,0.3333333333333333,1.0,0.0,0.0,0.0,0.0,1.0,0.0,0.0,0.5,0.0,0.5
POLONUEVO,2018,13,50,2,0.0,0.0,0.0,0.0,0.0,0.0,1.0,1.0,0.0,0.0,0.0,0.0,0.0,1.0,0.0,0.0,1.0,0.0,1.0,0.0,1.0,1.0,0.0,0.0,0.0,0.0,1.0,0.0,0.0,0.5,0.0,0.5
POLONUEVO,2018,13,51,6,0.16666666666666666,0.3333333333333333,0.0,0.0,0.16666666666666666,0.0,0.3333333333333333,1.0,0.0,0.0,0.0,0.0,0.0,1.0,0.0,0.16666666666666666,0.8333333333333334,0.0,1.0,0.16666666666666666,0.8333333333333334,1.0,0.0,0.0,0.0,0.0,1.0,0.0,0.0,0.16666666666666666,0.0,0.8333333333333334
POLONUEVO,2018,13,52,4,0.5,0.0,0.0,0.0,0.5,0.0,0.0,0.25,0.0,0.0,0.0,0.0,0.75,1.0,0.0,0.25,0.75,0.0,1.0,0.0,1.0,1.0,0.0,0.0,0.0,0.0,1.0,0.0,0.0,0.0,0.0,1.0
POLONUEVO,2019,1,1,3,0.6666666666666666,0.0,0.0,0.0,0.3333333333333333,0.0,0.0,0.0,0.0,0.0,0.0,0.0,1.0,1.0,0.0,0.0,1.0,0.0,1.0,0.0,1.0,1.0,0.0,0.0,0.0,0.0,1.0,0.0,0.0,0.6666666666666666,0.0,0.3333333333333333
POLONUEVO,2019,1,2,3,0.6666666666666666,0.0,0.0,0.0,0.0,0.0,0.3333333333333333,1.0,0.0,0.0,0.0,0.0,0.0,1.0,0.0,0.0,1.0,0.0,1.0,0.3333333333333333,0.6666666666666666,1.0,0.0,0.0,0.0,0.0,1.0,0.0,0.0,0.3333333333333333,0.0,0.6666666666666666
POLONUEVO,2019,1,3,3,0.6666666666666666,0.0,0.0,0.0,0.0,0.0,0.3333333333333333,0.6666666666666666,0.0,0.0,0.0,0.0,0.3333333333333333,1.0,0.0,0.3333333333333333,0.6666666666666666,0.0,1.0,0.6666666666666666,0.3333333333333333,1.0,0.0,0.0,0.0,0.0,1.0,0.0,0.0,0.3333333333333333,0.0,0.6666666666666666
POLONUEVO,2019,1,4,1,1.0,0.0,0.0,0.0,0.0,0.0,0.0,0.0,0.0,0.0,0.0,0.0,1.0,1.0,0.0,0.0,1.0,0.0,1.0,1.0,0.0,1.0,0.0,0.0,0.0,0.0,1.0,0.0,0.0,1.0,0.0,0.0
POLONUEVO,2019,2,5,1,0.0,0.0,0.0,0.0,1.0,0.0,0.0,0.0,0.0,0.0,0.0,0.0,1.0,1.0,0.0,0.0,1.0,0.0,1.0,1.0,0.0,1.0,0.0,0.0,0.0,0.0,1.0,0.0,0.0,0.0,0.0,1.0
POLONUEVO,2019,2,8,1,0.0,1.0,0.0,0.0,0.0,0.0,0.0,0.0,0.0,0.0,0.0,0.0,1.0,1.0,0.0,0.0,1.0,0.0,1.0,0.0,1.0,1.0,0.0,0.0,0.0,0.0,1.0,0.0,0.0,0.0,0.0,1.0
POLONUEVO,2019,3,11,1,0.0,0.0,0.0,0.0,0.0,0.0,1.0,0.0,0.0,0.0,0.0,0.0,1.0,1.0,0.0,0.0,1.0,0.0,1.0,1.0,0.0,1.0,0.0,0.0,0.0,0.0,1.0,0.0,0.0,1.0,0.0,0.0
POLONUEVO,2019,4,14,2,0.5,0.0,0.0,0.0,0.5,0.0,0.0,1.0,0.0,0.0,0.0,0.0,0.0,1.0,0.0,0.0,1.0,0.0,1.0,0.5,0.5,1.0,0.0,0.0,0.0,0.0,1.0,0.0,0.0,0.5,0.0,0.5
POLONUEVO,2019,5,17,1,0.0,0.0,0.0,0.0,1.0,0.0,0.0,0.0,0.0,0.0,0.0,0.0,1.0,1.0,0.0,0.0,1.0,0.0,1.0,0.0,1.0,1.0,0.0,0.0,0.0,0.0,1.0,0.0,0.0,1.0,0.0,0.0
POLONUEVO,2019,5,18,3,0.3333333333333333,0.3333333333333333,0.3333333333333333,0.0,0.0,0.0,0.0,0.3333333333333333,0.0,0.0,0.0,0.0,0.6666666666666666,1.0,0.0,0.0,1.0,0.0,1.0,0.6666666666666666,0.3333333333333333,1.0,0.0,0.0,0.0,0.0,0.6666666666666666,0.3333333333333333,0.0,0.3333333333333333,0.0,0.6666666666666666
POLONUEVO,2019,5,20,1,0.0,0.0,0.0,0.0,0.0,0.0,1.0,1.0,0.0,0.0,0.0,0.0,0.0,1.0,0.0,0.0,1.0,0.0,1.0,0.0,1.0,1.0,0.0,0.0,0.0,0.0,1.0,0.0,0.0,0.0,0.0,1.0
POLONUEVO,2019,6,21,1,1.0,0.0,0.0,0.0,0.0,0.0,0.0,0.0,0.0,0.0,0.0,0.0,1.0,1.0,0.0,0.0,1.0,0.0,1.0,0.0,1.0,1.0,0.0,0.0,0.0,0.0,1.0,0.0,0.0,0.0,0.0,1.0
POLONUEVO,2019,6,23,2,0.5,0.5,0.0,0.0,0.0,0.0,0.0,1.0,0.0,0.0,0.0,0.0,0.0,1.0,0.0,0.0,1.0,0.0,1.0,0.0,1.0,1.0,0.0,0.0,0.0,0.0,1.0,0.0,0.0,0.5,0.0,0.5
POLONUEVO,2019,6,24,2,0.5,0.0,0.0,0.0,0.5,0.0,0.0,0.0,0.0,0.0,0.0,0.0,1.0,1.0,0.0,0.0,1.0,0.0,1.0,0.5,0.5,1.0,0.0,0.0,0.0,0.0,1.0,0.0,0.0,0.5,0.0,0.5
POLONUEVO,2019,7,26,1,1.0,0.0,0.0,0.0,0.0,0.0,0.0,1.0,0.0,0.0,0.0,0.0,0.0,1.0,0.0,1.0,0.0,0.0,1.0,0.0,1.0,1.0,0.0,0.0,0.0,0.0,1.0,0.0,0.0,0.0,0.0,1.0
POLONUEVO,2019,7,27,1,0.0,0.0,0.0,0.0,1.0,0.0,0.0,0.0,0.0,0.0,0.0,0.0,1.0,1.0,0.0,0.0,1.0,0.0,1.0,0.0,1.0,1.0,0.0,0.0,0.0,0.0,1.0,0.0,0.0,1.0,0.0,0.0
POLONUEVO,2019,7,28,5,0.4,0.2,0.0,0.0,0.4,0.0,0.0,0.2,0.0,0.0,0.0,0.0,0.8,1.0,0.0,0.0,1.0,0.0,1.0,0.8,0.2,1.0,0.0,0.0,0.0,0.0,1.0,0.0,0.0,0.0,0.0,1.0
POLONUEVO,2019,8,29,3,0.3333333333333333,0.3333333333333333,0.0,0.0,0.3333333333333333,0.0,0.0,0.0,0.0,0.0,0.0,0.0,1.0,0.3333333333333333,0.6666666666666666,0.0,1.0,0.0,1.0,0.6666666666666666,0.3333333333333333,1.0,0.0,0.0,0.0,0.0,1.0,0.0,0.0,0.3333333333333333,0.0,0.6666666666666666
POLONUEVO,2019,8,30,6,0.6666666666666666,0.3333333333333333,0.0,0.0,0.0,0.0,0.0,0.0,0.0,0.0,0.0,0.0,1.0,1.0,0.0,0.16666666666666666,0.8333333333333334,0.0,1.0,0.5,0.5,1.0,0.0,0.0,0.0,0.0,1.0,0.0,0.0,0.0,0.0,1.0
POLONUEVO,2019,8,31,10,0.4,0.2,0.0,0.0,0.2,0.0,0.2,0.2,0.0,0.0,0.0,0.0,0.8,1.0,0.0,0.1,0.9,0.0,1.0,0.6,0.4,1.0,0.0,0.0,0.0,0.0,0.9,0.1,0.0,0.3,0.0,0.7
POLONUEVO,2019,8,32,16,0.5,0.125,0.0,0.0,0.3125,0.0,0.0625,0.1875,0.0,0.0,0.0,0.0,0.8125,1.0,0.0,0.125,0.875,0.0,1.0,0.375,0.625,1.0,0.0,0.0,0.0,0.0,1.0,0.0,0.0,0.25,0.0,0.75
POLONUEVO,2019,9,33,24,0.5416666666666666,0.16666666666666666,0.0,0.0,0.20833333333333334,0.0,0.08333333333333333,0.25,0.0,0.0,0.0,0.041666666666666664,0.7083333333333334,1.0,0.0,0.4583333333333333,0.5416666666666666,0.0,1.0,0.625,0.375,1.0,0.0,0.0,0.0,0.0,1.0,0.0,0.0,0.375,0.0,0.625
POLONUEVO,2019,9,34,7,0.42857142857142855,0.14285714285714285,0.0,0.0,0.2857142857142857,0.0,0.14285714285714285,0.7142857142857143,0.0,0.0,0.0,0.0,0.2857142857142857,1.0,0.0,0.2857142857142857,0.7142857142857143,0.0,1.0,0.42857142857142855,0.5714285714285714,1.0,0.0,0.0,0.0,0.0,1.0,0.0,0.0,0.0,0.0,1.0
POLONUEVO,2019,9,35,1,0.0,1.0,0.0,0.0,0.0,0.0,0.0,0.0,0.0,0.0,0.0,0.0,1.0,1.0,0.0,0.0,1.0,0.0,1.0,1.0,0.0,1.0,0.0,0.0,0.0,0.0,1.0,0.0,0.0,1.0,0.0,0.0
POLONUEVO,2019,9,36,2,0.5,0.5,0.0,0.0,0.0,0.0,0.0,0.0,0.0,0.0,0.0,0.0,1.0,1.0,0.0,0.0,1.0,0.0,1.0,0.5,0.5,1.0,0.0,0.0,0.0,0.0,1.0,0.0,0.0,0.0,0.0,1.0
POLONUEVO,2019,10,38,2,0.5,0.0,0.0,0.0,0.5,0.0,0.0,0.5,0.0,0.0,0.0,0.0,0.5,1.0,0.0,0.0,1.0,0.0,1.0,0.0,1.0,1.0,0.0,0.0,0.0,0.0,1.0,0.0,0.0,0.0,0.0,1.0
POLONUEVO,2019,10,39,1,0.0,0.0,0.0,0.0,0.0,1.0,0.0,0.0,0.0,0.0,0.0,0.0,1.0,1.0,0.0,0.0,1.0,0.0,1.0,1.0,0.0,1.0,0.0,0.0,0.0,0.0,1.0,0.0,0.0,0.0,0.0,1.0
POLONUEVO,2019,10,40,1,0.0,0.0,0.0,0.0,1.0,0.0,0.0,0.0,0.0,0.0,0.0,0.0,1.0,1.0,0.0,0.0,1.0,0.0,1.0,1.0,0.0,1.0,0.0,0.0,0.0,0.0,1.0,0.0,0.0,0.0,0.0,1.0
POLONUEVO,2019,11,41,3,0.6666666666666666,0.3333333333333333,0.0,0.0,0.0,0.0,0.0,0.3333333333333333,0.0,0.0,0.0,0.0,0.6666666666666666,1.0,0.0,0.0,1.0,0.0,1.0,0.6666666666666666,0.3333333333333333,1.0,0.0,0.0,0.0,0.0,1.0,0.0,0.0,0.0,0.0,1.0
POLONUEVO,2019,11,42,1,1.0,0.0,0.0,0.0,0.0,0.0,0.0,0.0,0.0,0.0,0.0,0.0,1.0,1.0,0.0,0.0,1.0,0.0,1.0,0.0,1.0,1.0,0.0,0.0,0.0,0.0,1.0,0.0,0.0,1.0,0.0,0.0
POLONUEVO,2019,11,44,1,0.0,1.0,0.0,0.0,0.0,0.0,0.0,1.0,0.0,0.0,0.0,0.0,0.0,1.0,0.0,0.0,1.0,0.0,1.0,1.0,0.0,1.0,0.0,0.0,0.0,0.0,1.0,0.0,0.0,0.0,0.0,1.0
POLONUEVO,2019,12,48,1,1.0,0.0,0.0,0.0,0.0,0.0,0.0,0.0,0.0,0.0,0.0,0.0,1.0,1.0,0.0,0.0,1.0,0.0,1.0,0.0,1.0,1.0,0.0,0.0,0.0,0.0,1.0,0.0,0.0,0.0,0.0,1.0
POLONUEVO,2019,13,49,2,0.0,0.5,0.0,0.0,0.5,0.0,0.0,0.0,0.0,0.0,0.0,0.0,1.0,1.0,0.0,0.0,1.0,0.0,1.0,1.0,0.0,1.0,0.0,0.0,0.0,0.0,1.0,0.0,0.0,0.0,0.0,1.0
POLONUEVO,2019,13,50,2,0.5,0.0,0.0,0.0,0.5,0.0,0.0,0.5,0.0,0.0,0.0,0.0,0.5,1.0,0.0,0.0,1.0,0.0,1.0,0.0,1.0,1.0,0.0,0.0,0.0,0.0,1.0,0.0,0.0,0.5,0.0,0.5
POLONUEVO,2019,13,51,1,0.0,0.0,0.0,0.0,1.0,0.0,0.0,0.0,0.0,0.0,0.0,0.0,1.0,1.0,0.0,0.0,1.0,0.0,1.0,0.0,1.0,1.0,0.0,0.0,0.0,0.0,1.0,0.0,0.0,0.0,0.0,1.0
POLONUEVO,2020,1,1,3,0.6666666666666666,0.3333333333333333,0.0,0.0,0.0,0.0,0.0,0.3333333333333333,0.0,0.0,0.0,0.0,0.6666666666666666,1.0,0.0,0.0,1.0,0.0,1.0,0.6666666666666666,0.3333333333333333,1.0,0.0,0.0,0.0,0.0,1.0,0.0,0.0,0.0,0.0,1.0
POLONUEVO,2020,1,3,2,0.0,0.5,0.0,0.0,0.0,0.0,0.5,0.0,0.0,0.0,0.0,0.0,1.0,1.0,0.0,0.5,0.5,0.0,1.0,1.0,0.0,1.0,0.0,0.0,0.0,0.0,1.0,0.0,0.0,0.0,0.0,1.0
POLONUEVO,2020,1,4,1,0.0,1.0,0.0,0.0,0.0,0.0,0.0,1.0,0.0,0.0,0.0,0.0,0.0,1.0,0.0,1.0,0.0,0.0,1.0,1.0,0.0,1.0,0.0,0.0,0.0,0.0,1.0,0.0,0.0,1.0,0.0,0.0
POLONUEVO,2020,2,7,1,0.0,1.0,0.0,0.0,0.0,0.0,0.0,0.0,0.0,0.0,0.0,1.0,0.0,1.0,0.0,0.0,1.0,0.0,1.0,0.0,1.0,1.0,0.0,0.0,0.0,0.0,1.0,0.0,0.0,0.0,0.0,1.0
POLONUEVO,2020,3,11,1,0.0,0.0,1.0,0.0,0.0,0.0,0.0,0.0,0.0,0.0,0.0,0.0,1.0,1.0,0.0,0.0,1.0,0.0,1.0,0.0,1.0,1.0,0.0,0.0,0.0,0.0,1.0,0.0,0.0,0.0,0.0,1.0
POLONUEVO,2020,5,20,1,1.0,0.0,0.0,0.0,0.0,0.0,0.0,0.0,0.0,0.0,0.0,0.0,1.0,1.0,0.0,0.0,1.0,0.0,1.0,0.0,1.0,1.0,0.0,0.0,0.0,0.0,1.0,0.0,0.0,0.0,0.0,1.0
POLONUEVO,2020,6,23,1,0.0,0.0,0.0,0.0,1.0,0.0,0.0,0.0,0.0,0.0,0.0,0.0,1.0,1.0,0.0,0.0,1.0,0.0,1.0,0.0,1.0,1.0,0.0,0.0,0.0,0.0,1.0,0.0,0.0,0.0,0.0,1.0
POLONUEVO,2020,7,25,1,0.0,0.0,0.0,0.0,0.0,0.0,1.0,1.0,0.0,0.0,0.0,0.0,0.0,1.0,0.0,1.0,0.0,0.0,1.0,0.0,1.0,1.0,0.0,0.0,0.0,0.0,1.0,0.0,0.0,0.0,0.0,1.0
POLONUEVO,2020,10,38,1,0.0,0.0,0.0,0.0,0.0,1.0,0.0,1.0,0.0,0.0,0.0,0.0,0.0,1.0,0.0,1.0,0.0,0.0,1.0,1.0,0.0,1.0,0.0,0.0,0.0,0.0,1.0,0.0,0.0,0.0,0.0,1.0
POLONUEVO,2020,10,39,1,0.0,1.0,0.0,0.0,0.0,0.0,0.0,1.0,0.0,0.0,0.0,0.0,0.0,1.0,0.0,1.0,0.0,0.0,1.0,1.0,0.0,1.0,0.0,0.0,0.0,0.0,1.0,0.0,0.0,0.0,0.0,1.0
POLONUEVO,2021,8,31,1,1.0,0.0,0.0,0.0,0.0,0.0,0.0,0.0,0.0,0.0,0.0,0.0,1.0,1.0,0.0,0.0,1.0,0.0,1.0,0.0,1.0,1.0,0.0,0.0,0.0,0.0,1.0,0.0,0.0,0.0,0.0,1.0
POLONUEVO,2021,8,32,1,1.0,0.0,0.0,0.0,0.0,0.0,0.0,0.0,0.0,0.0,0.0,0.0,1.0,1.0,0.0,1.0,0.0,0.0,1.0,1.0,0.0,1.0,0.0,0.0,0.0,0.0,1.0,0.0,0.0,0.0,0.0,1.0
POLONUEVO,2021,9,33,1,0.0,0.0,0.0,0.0,1.0,0.0,0.0,0.0,0.0,0.0,0.0,0.0,1.0,1.0,0.0,1.0,0.0,0.0,1.0,0.0,1.0,1.0,0.0,0.0,0.0,0.0,1.0,0.0,0.0,0.0,0.0,1.0
POLONUEVO,2021,9,36,2,0.5,0.0,0.0,0.0,0.5,0.0,0.0,0.0,0.0,0.0,0.0,0.0,1.0,1.0,0.0,0.5,0.5,0.0,1.0,1.0,0.0,1.0,0.0,0.0,0.0,0.0,1.0,0.0,0.0,0.0,0.0,1.0
POLONUEVO,2021,10,37,3,0.3333333333333333,0.0,0.3333333333333333,0.0,0.0,0.0,0.3333333333333333,0.3333333333333333,0.0,0.0,0.0,0.0,0.6666666666666666,1.0,0.0,0.3333333333333333,0.6666666666666666,0.0,1.0,0.3333333333333333,0.6666666666666666,1.0,0.0,0.0,0.0,0.0,1.0,0.0,0.0,0.0,0.0,1.0
POLONUEVO,2021,10,38,2,1.0,0.0,0.0,0.0,0.0,0.0,0.0,0.5,0.0,0.0,0.5,0.0,0.0,1.0,0.0,0.5,0.5,0.0,1.0,0.0,1.0,1.0,0.0,0.0,0.0,0.0,1.0,0.0,0.0,0.5,0.0,0.5
POLONUEVO,2021,10,39,2,0.5,0.5,0.0,0.0,0.0,0.0,0.0,0.0,0.0,0.0,0.0,0.0,1.0,1.0,0.0,1.0,0.0,0.0,1.0,1.0,0.0,1.0,0.0,0.0,0.0,0.0,1.0,0.0,0.0,0.0,0.0,1.0
POLONUEVO,2021,10,40,1,0.0,1.0,0.0,0.0,0.0,0.0,0.0,1.0,0.0,0.0,0.0,0.0,0.0,1.0,0.0,0.0,1.0,0.0,1.0,1.0,0.0,1.0,0.0,0.0,0.0,0.0,1.0,0.0,0.0,0.0,0.0,1.0
POLONUEVO,2021,11,41,1,1.0,0.0,0.0,0.0,0.0,0.0,0.0,0.0,0.0,0.0,0.0,1.0,0.0,1.0,0.0,0.0,1.0,0.0,1.0,1.0,0.0,1.0,0.0,0.0,0.0,0.0,1.0,0.0,0.0,0.0,0.0,1.0
POLONUEVO,2021,11,42,2,0.5,0.5,0.0,0.0,0.0,0.0,0.0,0.0,0.0,0.0,0.0,0.0,1.0,1.0,0.0,0.0,1.0,0.0,1.0,0.0,1.0,1.0,0.0,0.0,0.0,0.0,1.0,0.0,0.0,0.0,0.0,1.0
POLONUEVO,2021,11,43,2,0.5,0.0,0.0,0.0,0.5,0.0,0.0,0.5,0.0,0.0,0.0,0.0,0.5,1.0,0.0,0.5,0.5,0.0,1.0,1.0,0.0,1.0,0.0,0.0,0.0,0.0,1.0,0.0,0.0,0.0,0.0,1.0
POLONUEVO,2021,11,44,1,1.0,0.0,0.0,0.0,0.0,0.0,0.0,0.0,0.0,0.0,0.0,0.0,1.0,1.0,0.0,0.0,1.0,0.0,1.0,0.0,1.0,1.0,0.0,0.0,0.0,0.0,1.0,0.0,0.0,0.0,0.0,1.0
POLONUEVO,2021,12,45,1,0.0,0.0,0.0,0.0,0.0,0.0,1.0,0.0,0.0,0.0,0.0,0.0,1.0,1.0,0.0,0.0,1.0,0.0,1.0,0.0,1.0,1.0,0.0,0.0,0.0,0.0,1.0,0.0,0.0,0.0,0.0,1.0
POLONUEVO,2021,12,46,1,1.0,0.0,0.0,0.0,0.0,0.0,0.0,0.0,0.0,0.0,0.0,0.0,1.0,1.0,0.0,1.0,0.0,0.0,1.0,1.0,0.0,1.0,0.0,0.0,0.0,0.0,1.0,0.0,0.0,0.0,0.0,1.0
POLONUEVO,2021,12,47,1,1.0,0.0,0.0,0.0,0.0,0.0,0.0,0.0,0.0,0.0,0.0,0.0,1.0,1.0,0.0,1.0,0.0,0.0,1.0,0.0,1.0,1.0,0.0,0.0,0.0,0.0,1.0,0.0,0.0,0.0,0.0,1.0
POLONUEVO,2021,13,49,3,0.3333333333333333,0.0,0.3333333333333333,0.0,0.3333333333333333,0.0,0.0,0.6666666666666666,0.0,0.0,0.0,0.0,0.3333333333333333,1.0,0.0,0.3333333333333333,0.6666666666666666,0.0,1.0,0.6666666666666666,0.3333333333333333,1.0,0.0,0.0,0.0,0.0,1.0,0.0,0.0,0.0,0.0,1.0
POLONUEVO,2021,13,52,2,0.5,0.0,0.0,0.0,0.0,0.5,0.0,0.0,0.0,0.0,0.0,0.0,1.0,1.0,0.0,0.0,1.0,0.0,1.0,0.5,0.5,1.0,0.0,0.0,0.0,0.0,1.0,0.0,0.0,0.0,0.0,1.0
POLONUEVO,2022,1,1,3,0.6666666666666666,0.0,0.0,0.0,0.0,0.3333333333333333,0.0,0.0,0.0,0.0,0.0,0.0,1.0,1.0,0.0,0.0,1.0,0.0,1.0,0.0,1.0,1.0,0.0,0.0,0.0,0.0,1.0,0.0,0.0,0.0,0.0,1.0
POLONUEVO,2022,4,14,1,0.0,1.0,0.0,0.0,0.0,0.0,0.0,0.0,0.0,0.0,0.0,0.0,1.0,1.0,0.0,0.0,1.0,0.0,1.0,0.0,1.0,1.0,0.0,0.0,0.0,0.0,1.0,0.0,0.0,0.0,0.0,1.0
POLONUEVO,2022,4,15,1,0.0,1.0,0.0,0.0,0.0,0.0,0.0,0.0,0.0,0.0,0.0,0.0,1.0,1.0,0.0,0.0,1.0,0.0,1.0,0.0,1.0,1.0,0.0,0.0,0.0,0.0,1.0,0.0,0.0,0.0,0.0,1.0
POLONUEVO,2022,4,16,1,1.0,0.0,0.0,0.0,0.0,0.0,0.0,0.0,0.0,0.0,0.0,0.0,1.0,1.0,0.0,1.0,0.0,0.0,1.0,0.0,1.0,1.0,0.0,0.0,0.0,0.0,1.0,0.0,0.0,0.0,0.0,1.0
POLONUEVO,2022,5,18,1,0.0,0.0,0.0,0.0,0.0,0.0,1.0,0.0,0.0,0.0,0.0,0.0,1.0,1.0,0.0,1.0,0.0,0.0,1.0,1.0,0.0,1.0,0.0,0.0,0.0,0.0,1.0,0.0,0.0,1.0,0.0,0.0
POLONUEVO,2022,5,20,1,0.0,0.0,0.0,0.0,1.0,0.0,0.0,1.0,0.0,0.0,0.0,0.0,0.0,1.0,0.0,0.0,1.0,0.0,1.0,0.0,1.0,1.0,0.0,0.0,0.0,0.0,1.0,0.0,0.0,0.0,0.0,1.0
POLONUEVO,2022,6,24,1,0.0,0.0,0.0,0.0,1.0,0.0,0.0,0.0,0.0,0.0,0.0,0.0,1.0,1.0,0.0,0.0,1.0,0.0,1.0,1.0,0.0,1.0,0.0,0.0,0.0,0.0,1.0,0.0,0.0,1.0,0.0,0.0
POLONUEVO,2022,7,26,1,0.0,0.0,0.0,0.0,0.0,0.0,1.0,0.0,0.0,0.0,0.0,0.0,1.0,1.0,0.0,0.0,1.0,0.0,1.0,1.0,0.0,1.0,0.0,0.0,0.0,0.0,1.0,0.0,0.0,0.0,0.0,1.0
POLONUEVO,2022,7,27,1,0.0,0.0,0.0,0.0,1.0,0.0,0.0,0.0,0.0,0.0,0.0,0.0,1.0,1.0,0.0,0.0,1.0,0.0,1.0,1.0,0.0,1.0,0.0,0.0,0.0,0.0,1.0,0.0,0.0,0.0,0.0,1.0
POLONUEVO,2022,7,28,1,1.0,0.0,0.0,0.0,0.0,0.0,0.0,0.0,0.0,0.0,0.0,0.0,1.0,1.0,0.0,0.0,1.0,0.0,1.0,0.0,1.0,1.0,0.0,0.0,0.0,0.0,1.0,0.0,0.0,0.0,0.0,1.0
POLONUEVO,2022,8,29,2,1.0,0.0,0.0,0.0,0.0,0.0,0.0,0.0,0.0,0.0,0.0,0.0,1.0,1.0,0.0,0.0,1.0,0.0,1.0,0.5,0.5,1.0,0.0,0.0,0.0,0.0,1.0,0.0,0.0,0.5,0.0,0.5
POLONUEVO,2022,9,36,1,1.0,0.0,0.0,0.0,0.0,0.0,0.0,0.0,0.0,0.0,0.0,0.0,1.0,1.0,0.0,0.0,1.0,0.0,1.0,1.0,0.0,1.0,0.0,0.0,0.0,0.0,1.0,0.0,0.0,0.0,0.0,1.0
POLONUEVO,2022,10,38,2,0.0,0.5,0.5,0.0,0.0,0.0,0.0,0.5,0.0,0.0,0.0,0.0,0.5,1.0,0.0,0.0,1.0,0.0,1.0,0.5,0.5,1.0,0.0,0.0,0.0,0.0,1.0,0.0,0.0,0.0,0.0,1.0
POLONUEVO,2022,10,39,1,0.0,1.0,0.0,0.0,0.0,0.0,0.0,0.0,0.0,0.0,0.0,0.0,1.0,1.0,0.0,0.0,1.0,0.0,1.0,1.0,0.0,1.0,0.0,0.0,0.0,0.0,1.0,0.0,0.0,0.0,0.0,1.0
POLONUEVO,2022,11,41,1,0.0,0.0,0.0,0.0,0.0,1.0,0.0,1.0,0.0,0.0,0.0,0.0,0.0,1.0,0.0,1.0,0.0,0.0,1.0,0.0,1.0,1.0,0.0,0.0,0.0,0.0,1.0,0.0,0.0,0.0,0.0,1.0
POLONUEVO,2022,12,46,1,0.0,1.0,0.0,0.0,0.0,0.0,0.0,1.0,0.0,0.0,0.0,0.0,0.0,1.0,0.0,1.0,0.0,0.0,1.0,1.0,0.0,1.0,0.0,0.0,0.0,0.0,1.0,0.0,0.0,0.0,0.0,1.0
POLONUEVO,2022,12,47,3,0.0,0.6666666666666666,0.0,0.0,0.0,0.0,0.3333333333333333,0.3333333333333333,0.0,0.0,0.0,0.0,0.6666666666666666,1.0,0.0,0.6666666666666666,0.3333333333333333,0.0,1.0,0.3333333333333333,0.6666666666666666,1.0,0.0,0.0,0.0,0.0,1.0,0.0,0.0,0.0,0.0,1.0
POLONUEVO,2022,12,48,1,0.0,0.0,0.0,0.0,0.0,0.0,1.0,1.0,0.0,0.0,0.0,0.0,0.0,1.0,0.0,1.0,0.0,0.0,1.0,0.0,1.0,1.0,0.0,0.0,0.0,0.0,1.0,0.0,0.0,0.0,0.0,1.0
POLONUEVO,2022,13,49,2,0.0,1.0,0.0,0.0,0.0,0.0,0.0,0.5,0.0,0.0,0.0,0.0,0.5,1.0,0.0,1.0,0.0,0.0,1.0,0.0,1.0,1.0,0.0,0.0,0.0,0.0,1.0,0.0,0.0,0.0,0.0,1.0
POLONUEVO,2023,1,4,1,0.0,0.0,0.0,0.0,0.0,0.0,1.0,1.0,0.0,0.0,0.0,0.0,0.0,1.0,0.0,0.0,1.0,0.0,1.0,0.0,1.0,1.0,0.0,0.0,0.0,0.0,1.0,0.0,0.0,0.0,0.0,1.0
POLONUEVO,2023,6,23,1,0.0,0.0,0.0,0.0,0.0,0.0,1.0,0.0,0.0,0.0,0.0,0.0,1.0,1.0,0.0,0.0,1.0,0.0,1.0,0.0,1.0,1.0,0.0,0.0,0.0,0.0,1.0,0.0,0.0,0.0,0.0,1.0
POLONUEVO,2023,7,25,1,1.0,0.0,0.0,0.0,0.0,0.0,0.0,0.0,0.0,0.0,0.0,0.0,1.0,1.0,0.0,0.0,1.0,0.0,1.0,1.0,0.0,1.0,0.0,0.0,0.0,0.0,1.0,0.0,0.0,0.0,0.0,1.0
POLONUEVO,2023,7,26,2,0.0,0.5,0.0,0.0,0.5,0.0,0.0,0.5,0.0,0.0,0.0,0.0,0.5,1.0,0.0,0.5,0.5,0.0,1.0,0.5,0.5,1.0,0.0,0.0,0.0,0.0,1.0,0.0,0.0,0.0,0.0,1.0
POLONUEVO,2023,7,28,1,0.0,1.0,0.0,0.0,0.0,0.0,0.0,0.0,0.0,0.0,0.0,0.0,1.0,1.0,0.0,0.0,1.0,0.0,1.0,0.0,1.0,1.0,0.0,0.0,0.0,0.0,1.0,0.0,0.0,0.0,0.0,1.0
POLONUEVO,2023,8,29,2,0.0,0.0,0.0,0.0,1.0,0.0,0.0,0.0,0.0,0.0,0.0,0.0,1.0,1.0,0.0,0.0,1.0,0.0,1.0,0.5,0.5,1.0,0.0,0.0,0.0,0.0,1.0,0.0,0.0,0.0,0.0,1.0
POLONUEVO,2023,8,30,1,0.0,0.0,0.0,0.0,1.0,0.0,0.0,0.0,0.0,0.0,0.0,0.0,1.0,1.0,0.0,0.0,1.0,0.0,1.0,0.0,1.0,1.0,0.0,0.0,0.0,0.0,1.0,0.0,0.0,0.0,0.0,1.0
POLONUEVO,2023,8,31,1,0.0,1.0,0.0,0.0,0.0,0.0,0.0,1.0,0.0,0.0,0.0,0.0,0.0,1.0,0.0,1.0,0.0,0.0,1.0,1.0,0.0,1.0,0.0,0.0,0.0,0.0,1.0,0.0,0.0,0.0,0.0,1.0
POLONUEVO,2023,10,39,1,0.0,1.0,0.0,0.0,0.0,0.0,0.0,1.0,0.0,0.0,0.0,0.0,0.0,1.0,0.0,0.0,1.0,0.0,1.0,0.0,1.0,1.0,0.0,0.0,0.0,0.0,1.0,0.0,0.0,0.0,0.0,1.0
POLONUEVO,2023,13,50,2,0.0,0.5,0.0,0.0,0.5,0.0,0.0,0.5,0.0,0.0,0.0,0.0,0.5,1.0,0.0,1.0,0.0,0.0,1.0,0.0,1.0,1.0,0.0,0.0,0.0,0.0,1.0,0.0,0.0,1.0,0.0,0.0
PONEDERA,2017,3,12,1,0.0,0.0,0.0,0.0,0.0,0.0,1.0,0.0,0.0,0.0,0.0,0.0,1.0,1.0,0.0,1.0,0.0,0.0,1.0,1.0,0.0,0.0,0.0,0.0,1.0,0.0,0.0,1.0,0.0,0.0,0.0,1.0
PONEDERA,2017,10,40,1,0.0,1.0,0.0,0.0,0.0,0.0,0.0,0.0,0.0,0.0,0.0,0.0,1.0,1.0,0.0,1.0,0.0,0.0,1.0,0.0,1.0,0.0,0.0,0.0,1.0,0.0,1.0,0.0,0.0,0.0,0.0,1.0
PONEDERA,2017,12,48,1,1.0,0.0,0.0,0.0,0.0,0.0,0.0,0.0,0.0,0.0,0.0,0.0,1.0,1.0,0.0,0.0,1.0,0.0,1.0,0.0,1.0,0.0,0.0,0.0,1.0,0.0,1.0,0.0,0.0,0.0,0.0,1.0
PONEDERA,2018,2,8,1,0.0,1.0,0.0,0.0,0.0,0.0,0.0,0.0,0.0,0.0,0.0,0.0,1.0,1.0,0.0,0.0,1.0,0.0,1.0,0.0,1.0,0.0,0.0,0.0,1.0,0.0,1.0,0.0,0.0,0.0,0.0,1.0
PONEDERA,2018,10,39,1,0.0,1.0,0.0,0.0,0.0,0.0,0.0,0.0,0.0,0.0,0.0,0.0,1.0,1.0,0.0,1.0,0.0,0.0,1.0,0.0,1.0,0.0,0.0,0.0,1.0,0.0,0.0,1.0,0.0,0.0,0.0,1.0
PONEDERA,2018,12,45,1,1.0,0.0,0.0,0.0,0.0,0.0,0.0,0.0,0.0,0.0,0.0,0.0,1.0,1.0,0.0,1.0,0.0,0.0,1.0,1.0,0.0,0.0,0.0,0.0,1.0,0.0,1.0,0.0,0.0,0.0,0.0,1.0
PONEDERA,2018,12,46,1,1.0,0.0,0.0,0.0,0.0,0.0,0.0,0.0,0.0,0.0,0.0,0.0,1.0,1.0,0.0,1.0,0.0,0.0,1.0,0.0,1.0,0.0,0.0,0.0,1.0,0.0,1.0,0.0,0.0,1.0,0.0,0.0
PONEDERA,2018,12,47,1,0.0,1.0,0.0,0.0,0.0,0.0,0.0,0.0,0.0,0.0,0.0,0.0,1.0,1.0,0.0,1.0,0.0,0.0,1.0,1.0,0.0,0.0,0.0,0.0,1.0,0.0,1.0,0.0,0.0,1.0,0.0,0.0
PONEDERA,2018,12,48,1,0.0,0.0,0.0,0.0,1.0,0.0,0.0,1.0,0.0,0.0,0.0,0.0,0.0,1.0,0.0,0.0,1.0,0.0,1.0,1.0,0.0,0.0,0.0,0.0,1.0,0.0,1.0,0.0,0.0,0.0,0.0,1.0
PONEDERA,2019,1,2,1,0.0,0.0,0.0,0.0,1.0,0.0,0.0,0.0,0.0,0.0,0.0,0.0,1.0,1.0,0.0,0.0,1.0,0.0,1.0,0.0,1.0,0.0,0.0,0.0,1.0,0.0,1.0,0.0,0.0,0.0,0.0,1.0
PONEDERA,2019,1,3,2,1.0,0.0,0.0,0.0,0.0,0.0,0.0,0.0,0.0,0.0,0.0,0.0,1.0,1.0,0.0,0.0,1.0,0.0,1.0,0.0,1.0,0.0,0.0,0.0,1.0,0.0,0.5,0.5,0.0,0.5,0.0,0.5
PONEDERA,2019,2,5,2,0.5,0.0,0.0,0.0,0.5,0.0,0.0,0.0,0.0,0.0,0.0,0.0,1.0,1.0,0.0,1.0,0.0,0.0,1.0,0.5,0.5,0.0,0.0,0.0,1.0,0.0,1.0,0.0,0.0,0.0,0.0,1.0
PONEDERA,2019,2,6,1,1.0,0.0,0.0,0.0,0.0,0.0,0.0,0.0,0.0,0.0,0.0,0.0,1.0,1.0,0.0,1.0,0.0,0.0,1.0,1.0,0.0,0.0,0.0,0.0,1.0,0.0,0.0,1.0,0.0,0.0,0.0,1.0
PONEDERA,2019,3,9,2,0.5,0.0,0.0,0.0,0.5,0.0,0.0,0.0,0.0,0.0,0.0,0.5,0.5,1.0,0.0,0.5,0.5,0.0,1.0,1.0,0.0,0.0,0.0,0.0,1.0,0.0,0.5,0.5,0.0,0.0,0.0,1.0
PONEDERA,2019,7,25,2,0.5,0.0,0.0,0.0,0.0,0.0,0.5,0.0,0.0,0.0,0.0,0.0,1.0,1.0,0.0,0.0,1.0,0.0,1.0,1.0,0.0,0.0,0.0,0.0,1.0,0.0,0.5,0.5,0.0,0.5,0.0,0.5
PONEDERA,2019,7,27,1,0.0,1.0,0.0,0.0,0.0,0.0,0.0,0.0,0.0,0.0,0.0,0.0,1.0,1.0,0.0,0.0,1.0,0.0,1.0,1.0,0.0,0.0,0.0,0.0,1.0,0.0,1.0,0.0,0.0,0.0,0.0,1.0
PONEDERA,2019,8,32,1,0.0,0.0,0.0,0.0,0.0,0.0,1.0,0.0,0.0,0.0,0.0,0.0,1.0,1.0,0.0,0.0,1.0,0.0,1.0,1.0,0.0,0.0,0.0,0.0,1.0,0.0,0.0,1.0,0.0,0.0,0.0,1.0
PONEDERA,2019,9,35,1,0.0,1.0,0.0,0.0,0.0,0.0,0.0,0.0,0.0,0.0,0.0,0.0,1.0,1.0,0.0,0.0,1.0,0.0,1.0,0.0,1.0,0.0,0.0,0.0,1.0,0.0,0.0,1.0,0.0,0.0,0.0,1.0
PONEDERA,2019,9,36,1,0.0,1.0,0.0,0.0,0.0,0.0,0.0,1.0,0.0,0.0,0.0,0.0,0.0,1.0,0.0,1.0,0.0,0.0,1.0,1.0,0.0,0.0,0.0,0.0,1.0,0.0,1.0,0.0,0.0,0.0,0.0,1.0
PONEDERA,2019,10,37,1,0.0,0.0,0.0,0.0,1.0,0.0,0.0,1.0,0.0,0.0,0.0,0.0,0.0,1.0,0.0,1.0,0.0,0.0,1.0,1.0,0.0,0.0,0.0,0.0,1.0,0.0,1.0,0.0,0.0,0.0,0.0,1.0
PONEDERA,2019,10,38,1,0.0,0.0,0.0,0.0,0.0,0.0,1.0,0.0,0.0,0.0,0.0,0.0,1.0,1.0,0.0,0.0,1.0,0.0,1.0,0.0,1.0,0.0,0.0,0.0,1.0,0.0,0.0,1.0,0.0,0.0,0.0,1.0
PONEDERA,2019,10,39,3,0.3333333333333333,0.3333333333333333,0.0,0.0,0.3333333333333333,0.0,0.0,0.3333333333333333,0.0,0.0,0.0,0.0,0.6666666666666666,1.0,0.0,0.3333333333333333,0.6666666666666666,0.0,1.0,0.3333333333333333,0.6666666666666666,0.0,0.0,0.0,1.0,0.0,1.0,0.0,0.0,0.0,0.0,1.0
PONEDERA,2019,10,40,3,0.6666666666666666,0.3333333333333333,0.0,0.0,0.0,0.0,0.0,0.3333333333333333,0.0,0.0,0.0,0.0,0.6666666666666666,1.0,0.0,0.3333333333333333,0.6666666666666666,0.0,1.0,0.3333333333333333,0.6666666666666666,0.0,0.0,0.0,1.0,0.0,0.6666666666666666,0.3333333333333333,0.0,0.0,0.0,1.0
PONEDERA,2019,11,43,3,0.3333333333333333,0.3333333333333333,0.0,0.0,0.3333333333333333,0.0,0.0,0.3333333333333333,0.0,0.0,0.0,0.0,0.6666666666666666,1.0,0.0,0.0,1.0,0.0,1.0,0.6666666666666666,0.3333333333333333,0.0,0.0,0.0,1.0,0.0,0.3333333333333333,0.6666666666666666,0.0,0.3333333333333333,0.0,0.6666666666666666
PONEDERA,2019,11,44,1,0.0,0.0,0.0,0.0,0.0,0.0,1.0,0.0,0.0,0.0,0.0,0.0,1.0,1.0,0.0,0.0,1.0,0.0,1.0,0.0,1.0,0.0,0.0,0.0,1.0,0.0,1.0,0.0,0.0,0.0,0.0,1.0
PONEDERA,2019,12,45,1,0.0,1.0,0.0,0.0,0.0,0.0,0.0,0.0,0.0,0.0,0.0,0.0,1.0,1.0,0.0,1.0,0.0,0.0,1.0,0.0,1.0,0.0,0.0,0.0,1.0,0.0,0.0,1.0,0.0,0.0,0.0,1.0
PONEDERA,2019,12,46,5,0.6,0.2,0.0,0.0,0.2,0.0,0.0,0.2,0.0,0.0,0.0,0.0,0.8,1.0,0.0,0.2,0.8,0.0,1.0,0.6,0.4,0.0,0.0,0.0,1.0,0.0,0.6,0.4,0.0,0.0,0.0,1.0
PONEDERA,2019,12,47,4,0.75,0.0,0.0,0.0,0.0,0.0,0.25,0.5,0.0,0.0,0.0,0.0,0.5,1.0,0.0,0.75,0.25,0.0,1.0,0.75,0.25,0.0,0.0,0.0,1.0,0.0,1.0,0.0,0.0,0.0,0.0,1.0
PONEDERA,2019,12,48,4,0.25,0.0,0.0,0.0,0.5,0.0,0.25,0.0,0.0,0.0,0.0,0.0,1.0,1.0,0.0,0.0,1.0,0.0,1.0,1.0,0.0,0.0,0.0,0.0,1.0,0.0,0.75,0.25,0.0,0.0,0.0,1.0
PONEDERA,2019,13,49,3,0.3333333333333333,0.0,0.0,0.0,0.6666666666666666,0.0,0.0,0.0,0.0,0.0,0.0,0.3333333333333333,0.6666666666666666,1.0,0.0,0.0,1.0,0.0,1.0,1.0,0.0,0.0,0.0,0.0,1.0,0.0,0.6666666666666666,0.3333333333333333,0.0,0.3333333333333333,0.0,0.6666666666666666
PONEDERA,2019,13,50,5,0.4,0.0,0.0,0.0,0.4,0.0,0.2,0.4,0.0,0.0,0.0,0.0,0.6,1.0,0.0,0.2,0.8,0.0,1.0,0.4,0.6,0.0,0.0,0.0,1.0,0.0,1.0,0.0,0.0,0.6,0.0,0.4
PONEDERA,2019,13,51,2,0.0,0.0,0.5,0.0,0.5,0.0,0.0,0.0,0.0,0.0,0.0,0.0,1.0,1.0,0.0,1.0,0.0,0.0,1.0,0.5,0.5,0.0,0.0,0.0,1.0,0.0,1.0,0.0,0.0,0.0,0.0,1.0
PONEDERA,2019,13,52,6,0.5,0.16666666666666666,0.0,0.0,0.3333333333333333,0.0,0.0,0.3333333333333333,0.0,0.16666666666666666,0.0,0.0,0.5,1.0,0.0,0.5,0.5,0.0,1.0,0.16666666666666666,0.8333333333333334,0.0,0.0,0.0,1.0,0.0,0.8333333333333334,0.16666666666666666,0.0,0.16666666666666666,0.0,0.8333333333333334
PONEDERA,2020,1,1,3,0.3333333333333333,0.0,0.0,0.0,0.6666666666666666,0.0,0.0,0.3333333333333333,0.0,0.0,0.0,0.0,0.6666666666666666,1.0,0.0,0.3333333333333333,0.6666666666666666,0.0,1.0,0.3333333333333333,0.6666666666666666,0.0,0.0,0.0,1.0,0.0,0.3333333333333333,0.6666666666666666,0.0,0.0,0.0,1.0
PONEDERA,2020,1,2,5,0.0,0.0,0.0,0.0,0.6,0.0,0.4,0.2,0.0,0.2,0.0,0.0,0.6,1.0,0.0,0.2,0.8,0.0,1.0,0.6,0.4,0.0,0.0,0.0,1.0,0.0,0.8,0.2,0.0,0.0,0.0,1.0
PONEDERA,2020,1,3,4,0.0,0.25,0.0,0.0,0.75,0.0,0.0,0.5,0.0,0.0,0.0,0.0,0.5,1.0,0.0,0.0,1.0,0.0,1.0,0.5,0.5,0.0,0.0,0.0,1.0,0.0,0.75,0.25,0.0,0.25,0.0,0.75
PONEDERA,2020,2,5,3,1.0,0.0,0.0,0.0,0.0,0.0,0.0,0.6666666666666666,0.0,0.0,0.0,0.0,0.3333333333333333,1.0,0.0,0.0,1.0,0.0,1.0,1.0,0.0,0.0,0.0,0.0,1.0,0.0,1.0,0.0,0.0,0.3333333333333333,0.0,0.6666666666666666
PONEDERA,2020,2,6,2,0.5,0.5,0.0,0.0,0.0,0.0,0.0,0.0,0.0,0.0,0.0,0.0,1.0,1.0,0.0,0.0,1.0,0.0,1.0,0.5,0.5,0.0,0.0,0.0,1.0,0.0,1.0,0.0,0.0,0.0,0.0,1.0
PONEDERA,2020,2,7,2,0.0,0.0,0.0,0.0,1.0,0.0,0.0,0.5,0.0,0.0,0.0,0.5,0.0,1.0,0.0,0.0,1.0,0.0,1.0,1.0,0.0,0.0,0.0,0.0,1.0,0.0,0.5,0.5,0.0,0.0,0.0,1.0
PONEDERA,2020,2,8,3,0.3333333333333333,0.0,0.0,0.0,0.0,0.0,0.6666666666666666,0.0,0.0,0.0,0.0,0.0,1.0,1.0,0.0,0.6666666666666666,0.3333333333333333,0.0,1.0,0.3333333333333333,0.6666666666666666,0.0,0.0,0.0,1.0,0.0,1.0,0.0,0.0,0.0,0.0,1.0
PONEDERA,2020,3,12,1,0.0,0.0,0.0,0.0,0.0,0.0,1.0,0.0,0.0,0.0,0.0,1.0,0.0,1.0,0.0,0.0,1.0,0.0,1.0,1.0,0.0,0.0,0.0,0.0,1.0,0.0,1.0,0.0,0.0,0.0,0.0,1.0
PONEDERA,2020,5,17,1,0.0,0.0,0.0,0.0,0.0,0.0,1.0,0.0,0.0,0.0,0.0,0.0,1.0,1.0,0.0,1.0,0.0,0.0,1.0,1.0,0.0,0.0,0.0,0.0,1.0,0.0,1.0,0.0,0.0,0.0,0.0,1.0
PONEDERA,2020,10,38,1,0.0,0.0,0.0,0.0,0.0,0.0,1.0,0.0,0.0,0.0,0.0,0.0,1.0,1.0,0.0,1.0,0.0,0.0,1.0,1.0,0.0,0.0,0.0,0.0,1.0,0.0,0.0,1.0,0.0,0.0,0.0,1.0
PONEDERA,2020,13,52,1,1.0,0.0,0.0,0.0,0.0,0.0,0.0,1.0,0.0,0.0,0.0,0.0,0.0,1.0,0.0,0.0,1.0,0.0,1.0,1.0,0.0,0.0,0.0,0.0,1.0,0.0,1.0,0.0,0.0,0.0,0.0,1.0
PONEDERA,2020,14,53,1,1.0,0.0,0.0,0.0,0.0,0.0,0.0,0.0,0.0,0.0,0.0,0.0,1.0,1.0,0.0,0.0,1.0,0.0,1.0,1.0,0.0,0.0,0.0,0.0,1.0,0.0,1.0,0.0,0.0,0.0,0.0,1.0
PONEDERA,2021,8,29,1,0.0,0.0,1.0,0.0,0.0,0.0,0.0,0.0,0.0,0.0,0.0,0.0,1.0,1.0,0.0,1.0,0.0,0.0,1.0,0.0,1.0,0.0,0.0,0.0,1.0,0.0,1.0,0.0,0.0,0.0,0.0,1.0
PONEDERA,2021,8,31,1,1.0,0.0,0.0,0.0,0.0,0.0,0.0,0.0,0.0,0.0,0.0,0.0,1.0,1.0,0.0,0.0,1.0,0.0,1.0,0.0,1.0,0.0,0.0,0.0,1.0,0.0,1.0,0.0,0.0,0.0,0.0,1.0
PONEDERA,2021,9,34,1,0.0,1.0,0.0,0.0,0.0,0.0,0.0,0.0,0.0,0.0,0.0,0.0,1.0,1.0,0.0,1.0,0.0,0.0,1.0,1.0,0.0,0.0,0.0,0.0,1.0,0.0,1.0,0.0,0.0,0.0,0.0,1.0
PONEDERA,2021,10,38,1,1.0,0.0,0.0,0.0,0.0,0.0,0.0,0.0,0.0,0.0,0.0,0.0,1.0,1.0,0.0,0.0,1.0,0.0,1.0,1.0,0.0,0.0,0.0,0.0,1.0,0.0,1.0,0.0,0.0,0.0,0.0,1.0
PONEDERA,2021,12,46,1,1.0,0.0,0.0,0.0,0.0,0.0,0.0,0.0,0.0,0.0,0.0,0.0,1.0,1.0,0.0,0.0,1.0,0.0,1.0,0.0,1.0,0.0,0.0,0.0,1.0,0.0,1.0,0.0,0.0,0.0,0.0,1.0
PONEDERA,2021,12,47,1,0.0,0.0,1.0,0.0,0.0,0.0,0.0,0.0,0.0,0.0,0.0,0.0,1.0,0.0,1.0,0.0,1.0,0.0,1.0,1.0,0.0,0.0,0.0,0.0,1.0,0.0,1.0,0.0,0.0,0.0,0.0,1.0
PONEDERA,2021,12,48,1,0.0,0.0,0.0,0.0,1.0,0.0,0.0,0.0,0.0,0.0,0.0,0.0,1.0,1.0,0.0,0.0,1.0,0.0,1.0,1.0,0.0,0.0,0.0,0.0,1.0,0.0,1.0,0.0,0.0,0.0,0.0,1.0
PONEDERA,2021,13,51,1,0.0,1.0,0.0,0.0,0.0,0.0,0.0,0.0,0.0,1.0,0.0,0.0,0.0,1.0,0.0,1.0,0.0,0.0,1.0,1.0,0.0,0.0,0.0,0.0,1.0,0.0,1.0,0.0,0.0,0.0,0.0,1.0
PONEDERA,2021,13,52,1,1.0,0.0,0.0,0.0,0.0,0.0,0.0,1.0,0.0,0.0,0.0,0.0,0.0,1.0,0.0,0.0,1.0,0.0,1.0,0.0,1.0,0.0,0.0,0.0,1.0,0.0,1.0,0.0,0.0,0.0,0.0,1.0
PONEDERA,2022,2,8,1,0.0,0.0,1.0,0.0,0.0,0.0,0.0,0.0,0.0,0.0,0.0,0.0,1.0,1.0,0.0,0.0,1.0,0.0,1.0,0.0,1.0,0.0,0.0,0.0,1.0,0.0,0.0,1.0,0.0,0.0,0.0,1.0
PONEDERA,2022,7,25,1,1.0,0.0,0.0,0.0,0.0,0.0,0.0,0.0,0.0,0.0,0.0,0.0,1.0,1.0,0.0,0.0,1.0,0.0,1.0,1.0,0.0,0.0,0.0,0.0,1.0,0.0,1.0,0.0,0.0,0.0,0.0,1.0
PONEDERA,2022,7,26,1,0.0,0.0,0.0,0.0,0.0,0.0,1.0,0.0,0.0,0.0,0.0,0.0,1.0,1.0,0.0,0.0,1.0,0.0,1.0,1.0,0.0,0.0,0.0,0.0,1.0,0.0,1.0,0.0,0.0,0.0,0.0,1.0
PONEDERA,2022,7,27,1,1.0,0.0,0.0,0.0,0.0,0.0,0.0,1.0,0.0,0.0,0.0,0.0,0.0,1.0,0.0,0.0,1.0,0.0,1.0,1.0,0.0,0.0,0.0,0.0,1.0,0.0,1.0,0.0,0.0,1.0,0.0,0.0
PONEDERA,2022,7,28,2,0.0,0.5,0.0,0.0,0.5,0.0,0.0,0.0,0.0,0.0,0.0,0.0,1.0,1.0,0.0,0.5,0.5,0.0,1.0,0.5,0.5,0.0,0.0,0.0,1.0,0.0,1.0,0.0,0.0,0.0,0.0,1.0
PONEDERA,2022,8,29,1,1.0,0.0,0.0,0.0,0.0,0.0,0.0,0.0,0.0,0.0,0.0,0.0,1.0,1.0,0.0,0.0,1.0,0.0,1.0,0.0,1.0,0.0,0.0,0.0,1.0,0.0,1.0,0.0,0.0,0.0,0.0,1.0
PONEDERA,2022,8,30,1,0.0,0.0,0.0,0.0,0.0,0.0,1.0,0.0,0.0,0.0,0.0,0.0,1.0,1.0,0.0,0.0,1.0,0.0,1.0,1.0,0.0,0.0,0.0,0.0,1.0,0.0,1.0,0.0,0.0,0.0,0.0,1.0
PONEDERA,2022,8,32,1,0.0,1.0,0.0,0.0,0.0,0.0,0.0,0.0,0.0,0.0,0.0,0.0,1.0,1.0,0.0,0.0,1.0,0.0,1.0,0.0,1.0,0.0,0.0,0.0,1.0,0.0,0.0,1.0,0.0,1.0,0.0,0.0
PONEDERA,2022,9,33,1,1.0,0.0,0.0,0.0,0.0,0.0,0.0,0.0,0.0,0.0,0.0,0.0,1.0,0.0,1.0,0.0,1.0,0.0,1.0,1.0,0.0,0.0,0.0,0.0,1.0,0.0,1.0,0.0,0.0,0.0,0.0,1.0
PONEDERA,2022,9,34,1,0.0,1.0,0.0,0.0,0.0,0.0,0.0,0.0,0.0,1.0,0.0,0.0,0.0,1.0,0.0,0.0,1.0,0.0,1.0,0.0,1.0,0.0,0.0,0.0,1.0,0.0,1.0,0.0,0.0,0.0,0.0,1.0
PONEDERA,2022,9,35,1,0.0,1.0,0.0,0.0,0.0,0.0,0.0,0.0,0.0,0.0,0.0,0.0,1.0,1.0,0.0,0.0,1.0,0.0,1.0,0.0,1.0,0.0,0.0,0.0,1.0,0.0,0.0,1.0,0.0,0.0,0.0,1.0
PONEDERA,2022,9,36,1,0.0,1.0,0.0,0.0,0.0,0.0,0.0,0.0,0.0,0.0,0.0,0.0,1.0,1.0,0.0,0.0,1.0,0.0,1.0,0.0,1.0,0.0,0.0,0.0,1.0,0.0,0.0,0.0,1.0,1.0,0.0,0.0
PONEDERA,2022,10,38,1,0.0,1.0,0.0,0.0,0.0,0.0,0.0,0.0,0.0,0.0,0.0,0.0,1.0,1.0,0.0,0.0,1.0,0.0,1.0,0.0,1.0,0.0,0.0,0.0,1.0,0.0,0.0,1.0,0.0,1.0,0.0,0.0
PONEDERA,2022,10,39,1,0.0,0.0,0.0,0.0,0.0,1.0,0.0,0.0,0.0,0.0,0.0,0.0,1.0,1.0,0.0,0.0,1.0,0.0,1.0,1.0,0.0,0.0,0.0,0.0,1.0,0.0,1.0,0.0,0.0,0.0,0.0,1.0
PONEDERA,2022,10,40,4,0.25,0.5,0.0,0.0,0.25,0.0,0.0,0.25,0.0,0.0,0.0,0.0,0.75,1.0,0.0,0.25,0.75,0.0,1.0,0.25,0.75,0.0,0.0,0.0,1.0,0.0,0.5,0.5,0.0,0.5,0.0,0.5
PONEDERA,2022,11,41,3,0.6666666666666666,0.0,0.3333333333333333,0.0,0.0,0.0,0.0,0.0,0.0,0.0,0.0,0.0,1.0,1.0,0.0,0.0,1.0,0.0,1.0,0.6666666666666666,0.3333333333333333,0.0,0.0,0.0,1.0,0.0,1.0,0.0,0.0,0.0,0.0,1.0
PONEDERA,2022,11,42,3,0.3333333333333333,0.6666666666666666,0.0,0.0,0.0,0.0,0.0,0.0,0.0,0.0,0.0,0.3333333333333333,0.6666666666666666,0.6666666666666666,0.3333333333333333,0.0,1.0,0.0,1.0,0.0,1.0,0.0,0.0,0.0,1.0,0.0,0.6666666666666666,0.3333333333333333,0.0,0.0,0.0,1.0
PONEDERA,2022,11,43,5,0.8,0.0,0.0,0.0,0.2,0.0,0.0,0.0,0.0,0.0,0.0,0.0,1.0,1.0,0.0,0.0,1.0,0.0,1.0,0.4,0.6,0.0,0.0,0.0,1.0,0.0,0.8,0.2,0.0,0.2,0.0,0.8
PONEDERA,2022,11,44,4,1.0,0.0,0.0,0.0,0.0,0.0,0.0,0.25,0.0,0.0,0.0,0.25,0.5,1.0,0.0,0.0,1.0,0.0,1.0,0.25,0.75,0.0,0.0,0.0,1.0,0.0,0.75,0.25,0.0,0.25,0.0,0.75
PONEDERA,2022,12,46,3,1.0,0.0,0.0,0.0,0.0,0.0,0.0,0.0,0.0,0.0,0.0,0.0,1.0,1.0,0.0,0.0,1.0,0.0,1.0,0.3333333333333333,0.6666666666666666,0.0,0.0,0.0,1.0,0.0,0.6666666666666666,0.3333333333333333,0.0,0.3333333333333333,0.0,0.6666666666666666
PONEDERA,2022,13,49,1,0.0,1.0,0.0,0.0,0.0,0.0,0.0,1.0,0.0,0.0,0.0,0.0,0.0,1.0,0.0,1.0,0.0,0.0,1.0,1.0,0.0,0.0,0.0,0.0,1.0,0.0,1.0,0.0,0.0,1.0,0.0,0.0
PONEDERA,2023,1,3,1,1.0,0.0,0.0,0.0,0.0,0.0,0.0,0.0,0.0,0.0,0.0,0.0,1.0,1.0,0.0,0.0,1.0,0.0,1.0,0.0,1.0,0.0,0.0,0.0,1.0,0.0,1.0,0.0,0.0,0.0,0.0,1.0
PONEDERA,2023,2,5,1,0.0,1.0,0.0,0.0,0.0,0.0,0.0,1.0,0.0,0.0,0.0,0.0,0.0,1.0,0.0,0.0,1.0,0.0,1.0,1.0,0.0,0.0,0.0,0.0,1.0,0.0,0.0,1.0,0.0,1.0,0.0,0.0
PONEDERA,2023,3,9,2,0.5,0.0,0.0,0.0,0.5,0.0,0.0,0.0,0.0,0.0,0.0,0.0,1.0,1.0,0.0,0.0,1.0,0.0,1.0,0.5,0.5,0.0,0.0,0.0,1.0,0.0,1.0,0.0,0.0,0.0,0.0,1.0
PONEDERA,2023,5,20,1,1.0,0.0,0.0,0.0,0.0,0.0,0.0,0.0,0.0,0.0,0.0,0.0,1.0,1.0,0.0,0.0,1.0,0.0,1.0,0.0,1.0,0.0,0.0,0.0,1.0,0.0,1.0,0.0,0.0,0.0,0.0,1.0
PONEDERA,2023,6,21,1,0.0,1.0,0.0,0.0,0.0,0.0,0.0,0.0,0.0,1.0,0.0,0.0,0.0,1.0,0.0,1.0,0.0,0.0,1.0,0.0,1.0,0.0,0.0,0.0,1.0,0.0,1.0,0.0,0.0,0.0,0.0,1.0
PONEDERA,2023,8,30,3,0.0,1.0,0.0,0.0,0.0,0.0,0.0,0.0,0.0,0.0,0.0,0.0,1.0,1.0,0.0,0.6666666666666666,0.3333333333333333,0.0,1.0,0.0,1.0,0.0,0.0,0.0,1.0,0.0,0.0,1.0,0.0,0.6666666666666666,0.0,0.3333333333333333
PONEDERA,2023,8,31,2,0.0,1.0,0.0,0.0,0.0,0.0,0.0,0.0,0.0,0.0,0.0,0.0,1.0,1.0,0.0,1.0,0.0,0.0,1.0,0.5,0.5,0.0,0.0,0.0,1.0,0.0,0.0,1.0,0.0,0.5,0.0,0.5
PONEDERA,2023,10,38,2,0.0,0.5,0.0,0.0,0.5,0.0,0.0,0.5,0.0,0.0,0.0,0.0,0.5,1.0,0.0,0.5,0.5,0.0,1.0,1.0,0.0,0.0,0.0,0.0,1.0,0.0,0.0,1.0,0.0,0.0,0.0,1.0
PONEDERA,2023,10,39,2,0.0,0.5,0.0,0.0,0.5,0.0,0.0,0.5,0.0,0.0,0.0,0.0,0.5,1.0,0.0,0.0,1.0,0.0,1.0,0.5,0.5,0.0,0.0,0.0,1.0,0.0,0.5,0.5,0.0,0.0,0.0,1.0
PONEDERA,2023,10,40,1,1.0,0.0,0.0,0.0,0.0,0.0,0.0,0.0,0.0,0.0,0.0,0.0,1.0,1.0,0.0,0.0,1.0,0.0,1.0,1.0,0.0,0.0,0.0,0.0,1.0,0.0,0.0,1.0,0.0,0.0,0.0,1.0
PONEDERA,2023,11,41,2,0.0,1.0,0.0,0.0,0.0,0.0,0.0,0.0,0.0,0.0,0.0,0.0,1.0,1.0,0.0,0.5,0.5,0.0,1.0,0.5,0.5,0.0,0.0,0.0,1.0,0.0,0.5,0.5,0.0,1.0,0.0,0.0
PONEDERA,2023,11,42,1,1.0,0.0,0.0,0.0,0.0,0.0,0.0,0.0,0.0,1.0,0.0,0.0,0.0,1.0,0.0,0.0,1.0,0.0,1.0,0.0,1.0,0.0,0.0,0.0,1.0,0.0,0.0,1.0,0.0,0.0,0.0,1.0
PONEDERA,2023,11,43,4,0.75,0.0,0.0,0.0,0.25,0.0,0.0,0.5,0.0,0.0,0.0,0.0,0.5,1.0,0.0,0.0,1.0,0.0,1.0,0.5,0.5,0.0,0.0,0.0,1.0,0.0,0.5,0.5,0.0,0.0,0.0,1.0
PONEDERA,2023,11,44,2,1.0,0.0,0.0,0.0,0.0,0.0,0.0,0.5,0.0,0.0,0.0,0.0,0.5,1.0,0.0,1.0,0.0,0.0,1.0,0.0,1.0,0.0,0.0,0.0,1.0,0.0,0.0,1.0,0.0,0.0,0.0,1.0
PONEDERA,2023,12,45,5,0.6,0.4,0.0,0.0,0.0,0.0,0.0,0.0,0.0,0.0,0.0,0.0,1.0,1.0,0.0,0.2,0.8,0.0,1.0,0.2,0.8,0.0,0.0,0.0,1.0,0.0,0.0,1.0,0.0,0.0,0.0,1.0
PONEDERA,2023,12,46,1,1.0,0.0,0.0,0.0,0.0,0.0,0.0,0.0,0.0,0.0,0.0,0.0,1.0,1.0,0.0,1.0,0.0,0.0,1.0,1.0,0.0,0.0,0.0,0.0,1.0,0.0,0.0,1.0,0.0,1.0,0.0,0.0
PONEDERA,2023,12,47,6,0.3333333333333333,0.16666666666666666,0.0,0.0,0.5,0.0,0.0,0.3333333333333333,0.0,0.0,0.0,0.0,0.6666666666666666,1.0,0.0,0.5,0.5,0.0,1.0,0.8333333333333334,0.16666666666666666,0.0,0.0,0.0,1.0,0.0,0.5,0.5,0.0,0.3333333333333333,0.0,0.6666666666666666
PONEDERA,2023,12,48,4,0.5,0.5,0.0,0.0,0.0,0.0,0.0,0.25,0.0,0.0,0.0,0.0,0.75,1.0,0.0,0.5,0.5,0.0,1.0,0.75,0.25,0.0,0.0,0.0,1.0,0.0,0.0,1.0,0.0,0.5,0.0,0.5
PONEDERA,2023,13,49,5,0.4,0.4,0.0,0.0,0.0,0.0,0.2,0.4,0.0,0.0,0.0,0.0,0.6,1.0,0.0,0.4,0.6,0.0,1.0,0.8,0.2,0.0,0.0,0.0,1.0,0.0,0.6,0.4,0.0,0.6,0.0,0.4
PONEDERA,2023,13,50,4,1.0,0.0,0.0,0.0,0.0,0.0,0.0,0.0,0.0,0.0,0.0,0.0,1.0,1.0,0.0,0.25,0.75,0.0,1.0,0.5,0.5,0.0,0.0,0.0,1.0,0.0,0.75,0.25,0.0,0.25,0.0,0.75
PUERTO COLOMBIA,2017,3,10,1,1.0,0.0,0.0,0.0,0.0,0.0,0.0,0.0,0.0,0.0,0.0,0.0,1.0,1.0,0.0,1.0,0.0,0.0,1.0,1.0,0.0,0.0,0.0,1.0,0.0,0.0,1.0,0.0,0.0,0.0,0.0,1.0
PUERTO COLOMBIA,2017,10,38,1,0.0,1.0,0.0,0.0,0.0,0.0,0.0,0.0,0.0,0.0,0.0,0.0,1.0,1.0,0.0,0.0,1.0,0.0,1.0,1.0,0.0,0.0,0.0,1.0,0.0,0.0,1.0,0.0,0.0,1.0,0.0,0.0
PUERTO COLOMBIA,2017,10,39,1,0.0,0.0,0.0,0.0,1.0,0.0,0.0,0.0,0.0,0.0,0.0,0.0,1.0,1.0,0.0,1.0,0.0,0.0,1.0,0.0,1.0,0.0,0.0,1.0,0.0,0.0,1.0,0.0,0.0,0.0,0.0,1.0
PUERTO COLOMBIA,2017,10,40,1,0.0,1.0,0.0,0.0,0.0,0.0,0.0,1.0,0.0,0.0,0.0,0.0,0.0,1.0,0.0,1.0,0.0,0.0,1.0,1.0,0.0,0.0,0.0,1.0,0.0,0.0,1.0,0.0,0.0,0.0,0.0,1.0
PUERTO COLOMBIA,2017,11,43,1,0.0,1.0,0.0,0.0,0.0,0.0,0.0,1.0,0.0,0.0,0.0,0.0,0.0,1.0,0.0,1.0,0.0,0.0,1.0,1.0,0.0,0.0,0.0,1.0,0.0,0.0,1.0,0.0,0.0,0.0,0.0,1.0
PUERTO COLOMBIA,2017,11,44,2,0.0,0.5,0.5,0.0,0.0,0.0,0.0,0.5,0.0,0.0,0.0,0.0,0.5,1.0,0.0,0.0,1.0,0.0,1.0,0.5,0.5,0.0,0.0,1.0,0.0,0.0,1.0,0.0,0.0,0.5,0.0,0.5
PUERTO COLOMBIA,2017,12,45,1,0.0,1.0,0.0,0.0,0.0,0.0,0.0,1.0,0.0,0.0,0.0,0.0,0.0,1.0,0.0,1.0,0.0,0.0,1.0,0.0,1.0,0.0,0.0,1.0,0.0,0.0,1.0,0.0,0.0,1.0,0.0,0.0
PUERTO COLOMBIA,2017,13,49,2,0.0,0.0,0.0,0.0,0.0,0.0,1.0,0.5,0.0,0.0,0.0,0.5,0.0,0.5,0.5,0.0,1.0,0.0,1.0,1.0,0.0,0.0,0.0,1.0,0.0,0.0,1.0,0.0,0.0,0.5,0.0,0.5
PUERTO COLOMBIA,2017,13,50,1,0.0,1.0,0.0,0.0,0.0,0.0,0.0,0.0,0.0,0.0,0.0,0.0,1.0,1.0,0.0,1.0,0.0,0.0,1.0,1.0,0.0,0.0,0.0,1.0,0.0,0.0,1.0,0.0,0.0,0.0,0.0,1.0
PUERTO COLOMBIA,2017,13,51,1,0.0,0.0,0.0,0.0,1.0,0.0,0.0,1.0,0.0,0.0,0.0,0.0,0.0,1.0,0.0,0.0,1.0,0.0,1.0,0.0,1.0,0.0,0.0,1.0,0.0,0.0,1.0,0.0,0.0,0.0,0.0,1.0
PUERTO COLOMBIA,2017,13,52,2,0.0,0.5,0.0,0.0,0.0,0.0,0.5,0.5,0.0,0.0,0.0,0.0,0.5,1.0,0.0,1.0,0.0,0.0,1.0,0.5,0.5,0.0,0.0,1.0,0.0,0.0,1.0,0.0,0.0,0.5,0.0,0.5
PUERTO COLOMBIA,2018,1,3,2,0.0,1.0,0.0,0.0,0.0,0.0,0.0,1.0,0.0,0.0,0.0,0.0,0.0,1.0,0.0,0.5,0.5,0.0,1.0,1.0,0.0,0.0,0.0,1.0,0.0,0.0,0.5,0.5,0.0,0.5,0.0,0.5
PUERTO COLOMBIA,2018,2,8,1,0.0,1.0,0.0,0.0,0.0,0.0,0.0,1.0,0.0,0.0,0.0,0.0,0.0,1.0,0.0,0.0,1.0,0.0,1.0,0.0,1.0,0.0,0.0,1.0,0.0,0.0,1.0,0.0,0.0,0.0,0.0,1.0
PUERTO COLOMBIA,2018,5,20,1,1.0,0.0,0.0,0.0,0.0,0.0,0.0,0.0,0.0,0.0,1.0,0.0,0.0,1.0,0.0,1.0,0.0,0.0,1.0,0.0,1.0,0.0,0.0,1.0,0.0,0.0,1.0,0.0,0.0,1.0,0.0,0.0
PUERTO COLOMBIA,2018,6,23,1,0.0,1.0,0.0,0.0,0.0,0.0,0.0,0.0,0.0,0.0,0.0,1.0,0.0,1.0,0.0,1.0,0.0,0.0,1.0,0.0,1.0,0.0,0.0,1.0,0.0,0.0,1.0,0.0,0.0,0.0,0.0,1.0
PUERTO COLOMBIA,2018,7,25,3,0.0,0.6666666666666666,0.0,0.0,0.3333333333333333,0.0,0.0,0.3333333333333333,0.0,0.0,0.0,0.0,0.6666666666666666,1.0,0.0,0.6666666666666666,0.3333333333333333,0.0,1.0,0.6666666666666666,0.3333333333333333,0.0,0.0,1.0,0.0,0.0,0.6666666666666666,0.0,0.3333333333333333,0.3333333333333333,0.0,0.6666666666666666
PUERTO COLOMBIA,2018,7,26,1,0.0,0.0,0.0,0.0,1.0,0.0,0.0,1.0,0.0,0.0,0.0,0.0,0.0,1.0,0.0,0.0,1.0,0.0,1.0,0.0,1.0,0.0,0.0,1.0,0.0,0.0,1.0,0.0,0.0,0.0,0.0,1.0
PUERTO COLOMBIA,2018,7,28,1,0.0,0.0,0.0,0.0,0.0,0.0,1.0,1.0,0.0,0.0,0.0,0.0,0.0,1.0,0.0,1.0,0.0,0.0,1.0,0.0,1.0,0.0,0.0,1.0,0.0,0.0,1.0,0.0,0.0,0.0,0.0,1.0
PUERTO COLOMBIA,2018,8,29,1,0.0,1.0,0.0,0.0,0.0,0.0,0.0,1.0,0.0,0.0,0.0,0.0,0.0,1.0,0.0,0.0,1.0,0.0,1.0,0.0,1.0,0.0,0.0,1.0,0.0,0.0,1.0,0.0,0.0,0.0,0.0,1.0
PUERTO COLOMBIA,2018,8,30,2,0.5,0.0,0.0,0.0,0.5,0.0,0.0,0.0,0.0,0.0,0.0,0.0,1.0,1.0,0.0,0.0,1.0,0.0,1.0,1.0,0.0,0.0,0.0,1.0,0.0,0.0,1.0,0.0,0.0,0.0,0.0,1.0
PUERTO COLOMBIA,2018,8,32,1,1.0,0.0,0.0,0.0,0.0,0.0,0.0,1.0,0.0,0.0,0.0,0.0,0.0,1.0,0.0,0.0,1.0,0.0,1.0,1.0,0.0,0.0,0.0,1.0,0.0,0.0,1.0,0.0,0.0,1.0,0.0,0.0
PUERTO COLOMBIA,2018,9,34,2,0.0,1.0,0.0,0.0,0.0,0.0,0.0,0.5,0.0,0.0,0.0,0.0,0.5,1.0,0.0,0.5,0.5,0.0,1.0,0.5,0.5,0.0,0.0,1.0,0.0,0.0,1.0,0.0,0.0,0.0,0.0,1.0
PUERTO COLOMBIA,2018,11,41,2,0.5,0.5,0.0,0.0,0.0,0.0,0.0,1.0,0.0,0.0,0.0,0.0,0.0,1.0,0.0,0.0,1.0,0.0,1.0,0.0,1.0,0.0,0.0,1.0,0.0,0.0,1.0,0.0,0.0,1.0,0.0,0.0
PUERTO COLOMBIA,2018,11,42,1,1.0,0.0,0.0,0.0,0.0,0.0,0.0,1.0,0.0,0.0,0.0,0.0,0.0,1.0,0.0,1.0,0.0,0.0,1.0,0.0,1.0,0.0,0.0,1.0,0.0,0.0,1.0,0.0,0.0,1.0,0.0,0.0
PUERTO COLOMBIA,2018,11,43,1,0.0,0.0,0.0,0.0,1.0,0.0,0.0,0.0,0.0,0.0,0.0,0.0,1.0,1.0,0.0,0.0,1.0,0.0,1.0,0.0,1.0,0.0,0.0,1.0,0.0,0.0,1.0,0.0,0.0,1.0,0.0,0.0
PUERTO COLOMBIA,2018,11,44,2,1.0,0.0,0.0,0.0,0.0,0.0,0.0,0.0,0.0,0.0,0.0,0.0,1.0,1.0,0.0,0.5,0.5,0.0,1.0,0.5,0.5,0.0,0.0,1.0,0.0,0.0,1.0,0.0,0.0,0.0,0.0,1.0
PUERTO COLOMBIA,2018,12,45,2,0.5,0.5,0.0,0.0,0.0,0.0,0.0,0.5,0.0,0.0,0.0,0.0,0.5,1.0,0.0,0.5,0.5,0.0,1.0,1.0,0.0,0.0,0.0,1.0,0.0,0.0,1.0,0.0,0.0,0.5,0.0,0.5
PUERTO COLOMBIA,2018,12,46,3,0.6666666666666666,0.0,0.0,0.0,0.3333333333333333,0.0,0.0,0.0,0.0,0.0,0.0,0.0,1.0,1.0,0.0,0.0,1.0,0.0,1.0,0.3333333333333333,0.6666666666666666,0.0,0.0,1.0,0.0,0.0,1.0,0.0,0.0,0.0,0.0,1.0
PUERTO COLOMBIA,2018,12,47,3,0.3333333333333333,0.3333333333333333,0.0,0.0,0.3333333333333333,0.0,0.0,0.0,0.3333333333333333,0.0,0.0,0.0,0.6666666666666666,1.0,0.0,0.6666666666666666,0.3333333333333333,0.0,1.0,0.6666666666666666,0.3333333333333333,0.0,0.0,1.0,0.0,0.0,1.0,0.0,0.0,0.0,0.0,1.0
PUERTO COLOMBIA,2018,12,48,5,0.4,0.0,0.0,0.0,0.2,0.0,0.4,0.6,0.0,0.0,0.0,0.0,0.4,1.0,0.0,0.0,1.0,0.0,1.0,0.0,1.0,0.0,0.0,1.0,0.0,0.0,1.0,0.0,0.0,0.6,0.0,0.4
PUERTO COLOMBIA,2018,13,50,1,0.0,0.0,0.0,0.0,1.0,0.0,0.0,0.0,0.0,0.0,0.0,0.0,1.0,1.0,0.0,0.0,1.0,0.0,1.0,0.0,1.0,0.0,0.0,1.0,0.0,0.0,1.0,0.0,0.0,0.0,0.0,1.0
PUERTO COLOMBIA,2018,13,51,2,0.5,0.0,0.0,0.0,0.5,0.0,0.0,0.5,0.0,0.0,0.0,0.0,0.5,1.0,0.0,0.0,1.0,0.0,1.0,0.0,1.0,0.0,0.0,1.0,0.0,0.0,1.0,0.0,0.0,0.0,0.0,1.0
PUERTO COLOMBIA,2019,1,1,1,0.0,0.0,1.0,0.0,0.0,0.0,0.0,1.0,0.0,0.0,0.0,0.0,0.0,1.0,0.0,0.0,1.0,0.0,1.0,0.0,1.0,0.0,0.0,1.0,0.0,0.0,1.0,0.0,0.0,0.0,0.0,1.0
PUERTO COLOMBIA,2019,1,2,2,0.0,1.0,0.0,0.0,0.0,0.0,0.0,1.0,0.0,0.0,0.0,0.0,0.0,1.0,0.0,0.0,1.0,0.0,1.0,0.5,0.5,0.0,0.0,1.0,0.0,0.0,1.0,0.0,0.0,1.0,0.0,0.0
PUERTO COLOMBIA,2019,5,17,1,0.0,0.0,0.0,0.0,0.0,0.0,1.0,1.0,0.0,0.0,0.0,0.0,0.0,1.0,0.0,1.0,0.0,0.0,1.0,1.0,0.0,0.0,0.0,1.0,0.0,0.0,1.0,0.0,0.0,1.0,0.0,0.0
PUERTO COLOMBIA,2019,5,18,1,0.0,0.0,0.0,0.0,1.0,0.0,0.0,0.0,0.0,0.0,0.0,0.0,1.0,1.0,0.0,0.0,1.0,0.0,1.0,0.0,1.0,0.0,0.0,1.0,0.0,0.0,1.0,0.0,0.0,0.0,0.0,1.0
PUERTO COLOMBIA,2019,6,22,2,0.5,0.5,0.0,0.0,0.0,0.0,0.0,0.5,0.0,0.0,0.0,0.0,0.5,1.0,0.0,0.0,1.0,0.0,1.0,0.0,1.0,0.0,0.0,1.0,0.0,0.0,1.0,0.0,0.0,0.0,0.0,1.0
PUERTO COLOMBIA,2019,6,23,3,0.0,0.6666666666666666,0.0,0.0,0.0,0.0,0.3333333333333333,0.3333333333333333,0.0,0.0,0.0,0.0,0.6666666666666666,1.0,0.0,0.0,1.0,0.0,1.0,1.0,0.0,0.0,0.0,1.0,0.0,0.0,0.6666666666666666,0.3333333333333333,0.0,0.0,0.0,1.0
PUERTO COLOMBIA,2019,6,24,2,0.0,1.0,0.0,0.0,0.0,0.0,0.0,1.0,0.0,0.0,0.0,0.0,0.0,1.0,0.0,1.0,0.0,0.0,1.0,0.0,1.0,0.0,0.0,1.0,0.0,0.0,1.0,0.0,0.0,0.0,0.0,1.0
PUERTO COLOMBIA,2019,7,28,2,0.0,0.5,0.5,0.0,0.0,0.0,0.0,0.0,0.0,0.0,0.0,0.0,1.0,1.0,0.0,0.0,1.0,0.0,1.0,0.5,0.5,0.0,0.0,1.0,0.0,0.0,1.0,0.0,0.0,0.0,0.0,1.0
PUERTO COLOMBIA,2019,8,30,2,0.0,0.5,0.0,0.0,0.0,0.0,0.5,0.5,0.0,0.0,0.0,0.0,0.5,1.0,0.0,0.0,1.0,0.0,1.0,1.0,0.0,0.0,0.0,1.0,0.0,0.0,1.0,0.0,0.0,0.0,0.0,1.0
PUERTO COLOMBIA,2019,9,33,1,0.0,1.0,0.0,0.0,0.0,0.0,0.0,0.0,0.0,0.0,0.0,0.0,1.0,1.0,0.0,0.0,1.0,0.0,1.0,0.0,1.0,0.0,0.0,1.0,0.0,0.0,1.0,0.0,0.0,0.0,0.0,1.0
PUERTO COLOMBIA,2019,10,39,1,1.0,0.0,0.0,0.0,0.0,0.0,0.0,1.0,0.0,0.0,0.0,0.0,0.0,1.0,0.0,0.0,1.0,0.0,1.0,0.0,1.0,0.0,0.0,1.0,0.0,0.0,1.0,0.0,0.0,1.0,0.0,0.0
PUERTO COLOMBIA,2019,11,41,1,1.0,0.0,0.0,0.0,0.0,0.0,0.0,0.0,0.0,0.0,0.0,1.0,0.0,1.0,0.0,0.0,1.0,0.0,1.0,0.0,1.0,0.0,0.0,1.0,0.0,0.0,1.0,0.0,0.0,0.0,0.0,1.0
PUERTO COLOMBIA,2019,11,43,1,0.0,0.0,0.0,0.0,1.0,0.0,0.0,0.0,0.0,0.0,0.0,0.0,1.0,1.0,0.0,0.0,1.0,0.0,1.0,1.0,0.0,0.0,0.0,1.0,0.0,0.0,1.0,0.0,0.0,0.0,0.0,1.0
PUERTO COLOMBIA,2019,11,44,2,0.0,0.0,0.0,0.5,0.5,0.0,0.0,0.0,0.0,0.0,0.0,0.0,1.0,1.0,0.0,0.0,1.0,0.0,1.0,0.5,0.5,0.0,0.0,1.0,0.0,0.0,1.0,0.0,0.0,0.5,0.0,0.5
PUERTO COLOMBIA,2019,12,46,3,0.3333333333333333,0.3333333333333333,0.0,0.0,0.0,0.0,0.3333333333333333,0.6666666666666666,0.0,0.0,0.0,0.0,0.3333333333333333,1.0,0.0,0.3333333333333333,0.6666666666666666,0.0,1.0,1.0,0.0,0.0,0.0,1.0,0.0,0.0,1.0,0.0,0.0,0.3333333333333333,0.0,0.6666666666666666
PUERTO COLOMBIA,2019,12,47,5,0.2,0.4,0.2,0.0,0.2,0.0,0.0,0.6,0.0,0.0,0.0,0.0,0.4,1.0,0.0,0.0,1.0,0.0,1.0,0.6,0.4,0.0,0.0,1.0,0.0,0.0,1.0,0.0,0.0,0.4,0.0,0.6
PUERTO COLOMBIA,2019,13,49,1,1.0,0.0,0.0,0.0,0.0,0.0,0.0,0.0,0.0,0.0,0.0,0.0,1.0,1.0,0.0,0.0,1.0,0.0,1.0,1.0,0.0,0.0,0.0,1.0,0.0,0.0,1.0,0.0,0.0,0.0,0.0,1.0
PUERTO COLOMBIA,2019,13,50,4,0.5,0.25,0.0,0.0,0.25,0.0,0.0,0.25,0.0,0.0,0.0,0.0,0.75,1.0,0.0,0.25,0.75,0.0,1.0,0.25,0.75,0.0,0.0,1.0,0.0,0.0,0.5,0.5,0.0,0.25,0.0,0.75
PUERTO COLOMBIA,2019,13,51,3,0.3333333333333333,0.0,0.0,0.0,0.3333333333333333,0.0,0.3333333333333333,1.0,0.0,0.0,0.0,0.0,0.0,1.0,0.0,0.0,1.0,0.0,1.0,0.6666666666666666,0.3333333333333333,0.0,0.0,1.0,0.0,0.0,0.6666666666666666,0.3333333333333333,0.0,0.0,0.0,1.0
PUERTO COLOMBIA,2019,13,52,3,0.6666666666666666,0.3333333333333333,0.0,0.0,0.0,0.0,0.0,0.3333333333333333,0.0,0.6666666666666666,0.0,0.0,0.0,1.0,0.0,0.3333333333333333,0.6666666666666666,0.0,1.0,0.3333333333333333,0.6666666666666666,0.0,0.0,1.0,0.0,0.0,1.0,0.0,0.0,0.0,0.0,1.0
PUERTO COLOMBIA,2020,1,1,3,0.3333333333333333,0.3333333333333333,0.0,0.0,0.0,0.0,0.3333333333333333,0.6666666666666666,0.0,0.0,0.0,0.3333333333333333,0.0,0.6666666666666666,0.3333333333333333,0.0,1.0,0.0,1.0,0.0,1.0,0.0,0.0,1.0,0.0,0.0,1.0,0.0,0.0,0.3333333333333333,0.0,0.6666666666666666
PUERTO COLOMBIA,2020,1,2,1,0.0,1.0,0.0,0.0,0.0,0.0,0.0,0.0,0.0,0.0,0.0,1.0,0.0,1.0,0.0,0.0,1.0,0.0,1.0,0.0,1.0,0.0,0.0,1.0,0.0,0.0,0.0,1.0,0.0,0.0,0.0,1.0
PUERTO COLOMBIA,2020,1,3,4,0.5,0.0,0.0,0.0,0.25,0.0,0.25,0.5,0.0,0.0,0.0,0.0,0.5,1.0,0.0,0.75,0.25,0.0,1.0,0.25,0.75,0.0,0.0,1.0,0.0,0.0,0.5,0.5,0.0,0.25,0.0,0.75
PUERTO COLOMBIA,2020,1,4,1,0.0,0.0,0.0,0.0,1.0,0.0,0.0,1.0,0.0,0.0,0.0,0.0,0.0,1.0,0.0,0.0,1.0,0.0,1.0,0.0,1.0,0.0,0.0,1.0,0.0,0.0,1.0,0.0,0.0,0.0,0.0,1.0
PUERTO COLOMBIA,2020,2,5,2,0.0,1.0,0.0,0.0,0.0,0.0,0.0,1.0,0.0,0.0,0.0,0.0,0.0,1.0,0.0,0.0,1.0,0.0,1.0,0.0,1.0,0.0,0.0,1.0,0.0,0.0,0.5,0.5,0.0,0.0,0.0,1.0
PUERTO COLOMBIA,2020,2,6,2,0.0,0.5,0.0,0.0,0.5,0.0,0.0,0.5,0.0,0.0,0.0,0.0,0.5,1.0,0.0,0.0,1.0,0.0,1.0,0.5,0.5,0.0,0.0,1.0,0.0,0.0,1.0,0.0,0.0,0.5,0.0,0.5
PUERTO COLOMBIA,2020,2,7,4,0.25,0.5,0.0,0.0,0.0,0.0,0.25,0.5,0.0,0.0,0.0,0.0,0.5,1.0,0.0,0.5,0.5,0.0,1.0,0.5,0.5,0.0,0.0,1.0,0.0,0.0,1.0,0.0,0.0,0.25,0.0,0.75
PUERTO COLOMBIA,2020,3,9,3,0.6666666666666666,0.0,0.0,0.0,0.3333333333333333,0.0,0.0,0.0,0.0,0.0,0.0,0.0,1.0,1.0,0.0,0.0,1.0,0.0,1.0,0.6666666666666666,0.3333333333333333,0.0,0.0,1.0,0.0,0.0,0.6666666666666666,0.3333333333333333,0.0,0.0,0.0,1.0
PUERTO COLOMBIA,2020,3,10,1,0.0,1.0,0.0,0.0,0.0,0.0,0.0,1.0,0.0,0.0,0.0,0.0,0.0,1.0,0.0,1.0,0.0,0.0,1.0,1.0,0.0,0.0,0.0,1.0,0.0,0.0,1.0,0.0,0.0,1.0,0.0,0.0
PUERTO COLOMBIA,2020,3,12,1,1.0,0.0,0.0,0.0,0.0,0.0,0.0,0.0,0.0,0.0,0.0,0.0,1.0,1.0,0.0,0.0,1.0,0.0,1.0,1.0,0.0,0.0,0.0,1.0,0.0,0.0,1.0,0.0,0.0,0.0,0.0,1.0
PUERTO COLOMBIA,2020,4,13,1,1.0,0.0,0.0,0.0,0.0,0.0,0.0,1.0,0.0,0.0,0.0,0.0,0.0,1.0,0.0,0.0,1.0,0.0,1.0,1.0,0.0,0.0,0.0,1.0,0.0,0.0,1.0,0.0,0.0,0.0,0.0,1.0
PUERTO COLOMBIA,2020,10,38,1,1.0,0.0,0.0,0.0,0.0,0.0,0.0,0.0,0.0,0.0,0.0,0.0,1.0,1.0,0.0,0.0,1.0,0.0,1.0,1.0,0.0,0.0,0.0,1.0,0.0,0.0,1.0,0.0,0.0,0.0,0.0,1.0
PUERTO COLOMBIA,2020,11,43,1,0.0,1.0,0.0,0.0,0.0,0.0,0.0,1.0,0.0,0.0,0.0,0.0,0.0,1.0,0.0,1.0,0.0,0.0,1.0,1.0,0.0,0.0,0.0,1.0,0.0,0.0,1.0,0.0,0.0,1.0,0.0,0.0
PUERTO COLOMBIA,2021,1,4,1,1.0,0.0,0.0,0.0,0.0,0.0,0.0,0.0,0.0,0.0,0.0,0.0,1.0,1.0,0.0,0.0,1.0,0.0,1.0,0.0,1.0,0.0,0.0,1.0,0.0,0.0,1.0,0.0,0.0,0.0,0.0,1.0
PUERTO COLOMBIA,2021,2,5,1,0.0,1.0,0.0,0.0,0.0,0.0,0.0,1.0,0.0,0.0,0.0,0.0,0.0,1.0,0.0,1.0,0.0,0.0,1.0,1.0,0.0,0.0,0.0,1.0,0.0,0.0,1.0,0.0,0.0,1.0,0.0,0.0
PUERTO COLOMBIA,2021,2,7,1,0.0,0.0,0.0,0.0,1.0,0.0,0.0,1.0,0.0,0.0,0.0,0.0,0.0,1.0,0.0,1.0,0.0,0.0,1.0,1.0,0.0,0.0,0.0,1.0,0.0,0.0,1.0,0.0,0.0,0.0,0.0,1.0
PUERTO COLOMBIA,2021,5,19,1,0.0,1.0,0.0,0.0,0.0,0.0,0.0,1.0,0.0,0.0,0.0,0.0,0.0,1.0,0.0,1.0,0.0,0.0,1.0,0.0,1.0,0.0,0.0,1.0,0.0,0.0,1.0,0.0,0.0,1.0,0.0,0.0
PUERTO COLOMBIA,2021,8,31,1,0.0,0.0,0.0,0.0,0.0,0.0,1.0,0.0,0.0,0.0,1.0,0.0,0.0,1.0,0.0,0.0,1.0,0.0,1.0,0.0,1.0,0.0,0.0,1.0,0.0,0.0,1.0,0.0,0.0,0.0,0.0,1.0
PUERTO COLOMBIA,2021,11,42,1,0.0,1.0,0.0,0.0,0.0,0.0,0.0,0.0,0.0,0.0,0.0,1.0,0.0,1.0,0.0,0.0,1.0,0.0,1.0,1.0,0.0,0.0,0.0,1.0,0.0,0.0,1.0,0.0,0.0,1.0,0.0,0.0
PUERTO COLOMBIA,2021,11,43,1,0.0,0.0,0.0,0.0,0.0,0.0,1.0,1.0,0.0,0.0,0.0,0.0,0.0,1.0,0.0,1.0,0.0,0.0,1.0,0.0,1.0,0.0,0.0,1.0,0.0,0.0,1.0,0.0,0.0,0.0,0.0,1.0
PUERTO COLOMBIA,2021,11,44,2,0.0,1.0,0.0,0.0,0.0,0.0,0.0,0.5,0.0,0.0,0.0,0.0,0.5,1.0,0.0,0.0,1.0,0.0,1.0,0.5,0.5,0.0,0.0,1.0,0.0,0.0,1.0,0.0,0.0,0.0,0.0,1.0
PUERTO COLOMBIA,2021,12,45,3,0.3333333333333333,0.0,0.0,0.0,0.3333333333333333,0.0,0.3333333333333333,0.3333333333333333,0.0,0.0,0.0,0.0,0.6666666666666666,1.0,0.0,0.6666666666666666,0.3333333333333333,0.0,1.0,0.3333333333333333,0.6666666666666666,0.0,0.0,1.0,0.0,0.0,1.0,0.0,0.0,0.3333333333333333,0.0,0.6666666666666666
PUERTO COLOMBIA,2021,12,46,5,0.6,0.0,0.0,0.0,0.2,0.0,0.2,0.4,0.0,0.0,0.0,0.0,0.6,0.8,0.2,0.2,0.8,0.0,1.0,0.8,0.2,0.0,0.0,1.0,0.0,0.0,0.8,0.2,0.0,0.2,0.0,0.8
PUERTO COLOMBIA,2021,12,47,7,0.2857142857142857,0.14285714285714285,0.14285714285714285,0.0,0.2857142857142857,0.0,0.14285714285714285,0.42857142857142855,0.0,0.0,0.0,0.0,0.5714285714285714,0.7142857142857143,0.2857142857142857,0.2857142857142857,0.7142857142857143,0.0,1.0,0.5714285714285714,0.42857142857142855,0.0,0.0,1.0,0.0,0.0,0.8571428571428571,0.14285714285714285,0.0,0.14285714285714285,0.0,0.8571428571428571
PUERTO COLOMBIA,2021,12,48,12,0.4166666666666667,0.0,0.0,0.0,0.25,0.0,0.3333333333333333,0.25,0.0,0.0,0.0,0.0,0.75,1.0,0.0,0.5833333333333334,0.4166666666666667,0.0,1.0,0.25,0.75,0.0,0.0,1.0,0.0,0.0,1.0,0.0,0.0,0.08333333333333333,0.0,0.9166666666666666
PUERTO COLOMBIA,2021,13,49,9,0.4444444444444444,0.2222222222222222,0.0,0.0,0.1111111111111111,0.0,0.2222222222222222,0.1111111111111111,0.0,0.0,0.0,0.1111111111111111,0.7777777777777778,1.0,0.0,0.5555555555555556,0.4444444444444444,0.0,1.0,0.6666666666666666,0.3333333333333333,0.0,0.0,1.0,0.0,0.0,0.8888888888888888,0.1111111111111111,0.0,0.3333333333333333,0.0,0.6666666666666666
PUERTO COLOMBIA,2021,13,50,7,0.2857142857142857,0.0,0.0,0.0,0.42857142857142855,0.0,0.2857142857142857,0.42857142857142855,0.0,0.14285714285714285,0.0,0.14285714285714285,0.2857142857142857,1.0,0.0,0.7142857142857143,0.2857142857142857,0.0,1.0,0.7142857142857143,0.2857142857142857,0.0,0.0,1.0,0.0,0.0,1.0,0.0,0.0,0.0,0.0,1.0
PUERTO COLOMBIA,2021,13,51,12,0.25,0.5,0.0,0.0,0.16666666666666666,0.0,0.08333333333333333,0.4166666666666667,0.0,0.0,0.0,0.0,0.5833333333333334,1.0,0.0,0.8333333333333334,0.16666666666666666,0.0,1.0,0.75,0.25,0.0,0.0,1.0,0.0,0.0,1.0,0.0,0.0,0.16666666666666666,0.0,0.8333333333333334
PUERTO COLOMBIA,2021,13,52,6,0.8333333333333334,0.0,0.0,0.0,0.0,0.0,0.16666666666666666,0.6666666666666666,0.0,0.0,0.0,0.0,0.3333333333333333,1.0,0.0,0.16666666666666666,0.8333333333333334,0.0,1.0,0.6666666666666666,0.3333333333333333,0.0,0.0,1.0,0.0,0.0,1.0,0.0,0.0,0.0,0.0,1.0
PUERTO COLOMBIA,2022,1,1,9,0.4444444444444444,0.0,0.0,0.0,0.2222222222222222,0.0,0.3333333333333333,0.4444444444444444,0.0,0.0,0.1111111111111111,0.1111111111111111,0.3333333333333333,0.7777777777777778,0.2222222222222222,0.2222222222222222,0.7777777777777778,0.0,1.0,0.2222222222222222,0.7777777777777778,0.0,0.0,1.0,0.0,0.0,1.0,0.0,0.0,0.1111111111111111,0.0,0.8888888888888888
PUERTO COLOMBIA,2022,1,2,3,0.6666666666666666,0.3333333333333333,0.0,0.0,0.0,0.0,0.0,0.3333333333333333,0.0,0.0,0.0,0.0,0.6666666666666666,1.0,0.0,0.3333333333333333,0.6666666666666666,0.0,1.0,0.3333333333333333,0.6666666666666666,0.0,0.0,1.0,0.0,0.0,1.0,0.0,0.0,0.0,0.0,1.0
PUERTO COLOMBIA,2022,1,3,6,1.0,0.0,0.0,0.0,0.0,0.0,0.0,0.3333333333333333,0.0,0.0,0.0,0.0,0.6666666666666666,0.8333333333333334,0.16666666666666666,0.3333333333333333,0.6666666666666666,0.0,1.0,0.16666666666666666,0.8333333333333334,0.0,0.0,1.0,0.0,0.0,1.0,0.0,0.0,0.16666666666666666,0.0,0.8333333333333334
PUERTO COLOMBIA,2022,1,4,7,0.2857142857142857,0.42857142857142855,0.14285714285714285,0.0,0.0,0.0,0.14285714285714285,0.42857142857142855,0.0,0.0,0.0,0.0,0.5714285714285714,1.0,0.0,0.5714285714285714,0.42857142857142855,0.0,1.0,0.8571428571428571,0.14285714285714285,0.0,0.0,1.0,0.0,0.0,1.0,0.0,0.0,0.42857142857142855,0.0,0.5714285714285714
PUERTO COLOMBIA,2022,2,5,5,0.4,0.2,0.0,0.0,0.2,0.0,0.2,0.6,0.0,0.0,0.0,0.0,0.4,1.0,0.0,0.6,0.4,0.0,1.0,0.6,0.4,0.0,0.0,1.0,0.0,0.0,0.8,0.2,0.0,0.6,0.0,0.4
PUERTO COLOMBIA,2022,2,6,3,0.3333333333333333,0.0,0.0,0.0,0.3333333333333333,0.0,0.3333333333333333,0.6666666666666666,0.0,0.0,0.0,0.0,0.3333333333333333,0.6666666666666666,0.3333333333333333,0.6666666666666666,0.3333333333333333,0.0,1.0,0.3333333333333333,0.6666666666666666,0.0,0.0,1.0,0.0,0.0,1.0,0.0,0.0,0.0,0.0,1.0
PUERTO COLOMBIA,2022,2,7,3,0.3333333333333333,0.0,0.0,0.0,0.3333333333333333,0.0,0.3333333333333333,0.6666666666666666,0.0,0.0,0.0,0.0,0.3333333333333333,0.3333333333333333,0.6666666666666666,0.0,1.0,0.0,1.0,0.6666666666666666,0.3333333333333333,0.0,0.0,1.0,0.0,0.0,1.0,0.0,0.0,0.0,0.0,1.0
PUERTO COLOMBIA,2022,2,8,6,0.5,0.16666666666666666,0.16666666666666666,0.0,0.16666666666666666,0.0,0.0,0.6666666666666666,0.0,0.16666666666666666,0.0,0.0,0.16666666666666666,1.0,0.0,0.3333333333333333,0.6666666666666666,0.0,1.0,0.3333333333333333,0.6666666666666666,0.0,0.0,1.0,0.0,0.0,1.0,0.0,0.0,0.3333333333333333,0.0,0.6666666666666666
PUERTO COLOMBIA,2022,3,9,6,0.16666666666666666,0.16666666666666666,0.0,0.0,0.6666666666666666,0.0,0.0,0.16666666666666666,0.0,0.0,0.0,0.0,0.8333333333333334,0.8333333333333334,0.16666666666666666,0.16666666666666666,0.8333333333333334,0.0,1.0,0.5,0.5,0.0,0.0,1.0,0.0,0.0,1.0,0.0,0.0,0.3333333333333333,0.0,0.6666666666666666
PUERTO COLOMBIA,2022,3,10,1,0.0,0.0,0.0,0.0,1.0,0.0,0.0,0.0,0.0,0.0,0.0,0.0,1.0,1.0,0.0,1.0,0.0,0.0,1.0,1.0,0.0,0.0,0.0,1.0,0.0,0.0,1.0,0.0,0.0,0.0,0.0,1.0
PUERTO COLOMBIA,2022,3,12,2,1.0,0.0,0.0,0.0,0.0,0.0,0.0,0.5,0.0,0.0,0.0,0.0,0.5,1.0,0.0,0.0,1.0,0.0,1.0,1.0,0.0,0.0,0.0,1.0,0.0,0.0,1.0,0.0,0.0,0.0,0.0,1.0
PUERTO COLOMBIA,2022,4,13,1,0.0,0.0,0.0,0.0,1.0,0.0,0.0,0.0,0.0,0.0,0.0,0.0,1.0,1.0,0.0,0.0,1.0,0.0,1.0,1.0,0.0,0.0,0.0,1.0,0.0,0.0,1.0,0.0,0.0,0.0,0.0,1.0
PUERTO COLOMBIA,2022,4,14,1,1.0,0.0,0.0,0.0,0.0,0.0,0.0,0.0,0.0,0.0,0.0,0.0,1.0,0.0,1.0,0.0,1.0,0.0,1.0,1.0,0.0,0.0,0.0,1.0,0.0,0.0,1.0,0.0,0.0,0.0,0.0,1.0
PUERTO COLOMBIA,2022,4,15,2,0.0,0.0,0.0,0.0,1.0,0.0,0.0,0.5,0.0,0.0,0.0,0.0,0.5,1.0,0.0,1.0,0.0,0.0,1.0,0.5,0.5,0.0,0.0,1.0,0.0,0.0,1.0,0.0,0.0,0.0,0.0,1.0
PUERTO COLOMBIA,2022,4,16,4,0.75,0.0,0.0,0.0,0.0,0.0,0.25,0.5,0.0,0.0,0.0,0.0,0.5,1.0,0.0,0.25,0.75,0.0,1.0,0.25,0.75,0.0,0.0,1.0,0.0,0.0,1.0,0.0,0.0,0.25,0.0,0.75
PUERTO COLOMBIA,2022,5,17,3,0.6666666666666666,0.3333333333333333,0.0,0.0,0.0,0.0,0.0,0.0,0.0,0.0,0.0,0.0,1.0,1.0,0.0,0.3333333333333333,0.6666666666666666,0.0,1.0,0.6666666666666666,0.3333333333333333,0.0,0.0,1.0,0.0,0.0,1.0,0.0,0.0,0.3333333333333333,0.0,0.6666666666666666
PUERTO COLOMBIA,2022,5,18,6,0.0,0.5,0.16666666666666666,0.0,0.3333333333333333,0.0,0.0,0.5,0.0,0.0,0.0,0.0,0.5,1.0,0.0,0.16666666666666666,0.8333333333333334,0.0,1.0,0.16666666666666666,0.8333333333333334,0.0,0.0,1.0,0.0,0.0,1.0,0.0,0.0,0.16666666666666666,0.0,0.8333333333333334
PUERTO COLOMBIA,2022,5,19,7,0.42857142857142855,0.2857142857142857,0.0,0.0,0.2857142857142857,0.0,0.0,0.42857142857142855,0.0,0.0,0.14285714285714285,0.0,0.42857142857142855,1.0,0.0,0.42857142857142855,0.5714285714285714,0.0,1.0,0.8571428571428571,0.14285714285714285,0.0,0.0,1.0,0.0,0.0,1.0,0.0,0.0,0.2857142857142857,0.0,0.7142857142857143
PUERTO COLOMBIA,2022,5,20,7,0.2857142857142857,0.0,0.0,0.0,0.7142857142857143,0.0,0.0,0.7142857142857143,0.0,0.0,0.0,0.0,0.2857142857142857,0.8571428571428571,0.14285714285714285,0.42857142857142855,0.5714285714285714,0.0,1.0,0.42857142857142855,0.5714285714285714,0.0,0.0,1.0,0.0,0.0,1.0,0.0,0.0,0.2857142857142857,0.0,0.7142857142857143
PUERTO COLOMBIA,2022,6,21,19,0.47368421052631576,0.3157894736842105,0.0,0.0,0.21052631578947367,0.0,0.0,0.3157894736842105,0.0,0.05263157894736842,0.0,0.0,0.631578947368421,0.7368421052631579,0.2631578947368421,0.42105263157894735,0.5789473684210527,0.0,1.0,0.42105263157894735,0.5789473684210527,0.0,0.0,1.0,0.0,0.0,0.9473684210526315,0.05263157894736842,0.0,0.3684210526315789,0.0,0.631578947368421
PUERTO COLOMBIA,2022,6,22,14,0.7857142857142857,0.14285714285714285,0.0,0.0,0.0,0.0,0.07142857142857142,0.35714285714285715,0.0,0.0,0.0,0.0,0.6428571428571429,0.9285714285714286,0.07142857142857142,0.7142857142857143,0.2857142857142857,0.0,1.0,0.42857142857142855,0.5714285714285714,0.0,0.0,1.0,0.0,0.0,1.0,0.0,0.0,0.35714285714285715,0.0,0.6428571428571429
PUERTO COLOMBIA,2022,6,23,16,0.375,0.25,0.0,0.0,0.375,0.0,0.0,0.375,0.0,0.0,0.0,0.0625,0.5625,0.875,0.125,0.375,0.625,0.0,1.0,0.4375,0.5625,0.0,0.0,1.0,0.0,0.0,1.0,0.0,0.0,0.5625,0.0,0.4375
PUERTO COLOMBIA,2022,6,24,17,0.5882352941176471,0.29411764705882354,0.0,0.0,0.11764705882352941,0.0,0.0,0.35294117647058826,0.0,0.0,0.058823529411764705,0.11764705882352941,0.47058823529411764,0.8823529411764706,0.11764705882352941,0.4117647058823529,0.5882352941176471,0.0,1.0,0.47058823529411764,0.5294117647058824,0.0,0.0,1.0,0.0,0.0,1.0,0.0,0.0,0.4117647058823529,0.0,0.5882352941176471
PUERTO COLOMBIA,2022,7,25,8,0.5,0.25,0.0,0.0,0.125,0.0,0.125,0.5,0.0,0.0,0.0,0.0,0.5,1.0,0.0,0.25,0.75,0.0,1.0,0.375,0.625,0.0,0.0,1.0,0.0,0.0,0.875,0.125,0.0,0.625,0.0,0.375
PUERTO COLOMBIA,2022,7,26,15,0.7333333333333333,0.06666666666666667,0.0,0.0,0.13333333333333333,0.0,0.06666666666666667,0.3333333333333333,0.0,0.06666666666666667,0.0,0.06666666666666667,0.5333333333333333,1.0,0.0,0.3333333333333333,0.6666666666666666,0.0,1.0,0.4,0.6,0.0,0.0,1.0,0.0,0.0,1.0,0.0,0.0,0.4,0.0,0.6
PUERTO COLOMBIA,2022,7,27,21,0.5238095238095238,0.3333333333333333,0.0,0.0,0.047619047619047616,0.0,0.09523809523809523,0.47619047619047616,0.0,0.047619047619047616,0.0,0.047619047619047616,0.42857142857142855,0.8571428571428571,0.14285714285714285,0.42857142857142855,0.5714285714285714,0.0,1.0,0.38095238095238093,0.6190476190476191,0.0,0.0,1.0,0.0,0.0,1.0,0.0,0.0,0.47619047619047616,0.0,0.5238095238095238
PUERTO COLOMBIA,2022,7,28,32,0.59375,0.25,0.0,0.0,0.125,0.0,0.03125,0.34375,0.0,0.0,0.0,0.0,0.65625,0.96875,0.03125,0.4375,0.5625,0.0,1.0,0.25,0.75,0.0,0.0,1.0,0.0,0.0,0.875,0.125,0.0,0.4375,0.0,0.5625
PUERTO COLOMBIA,2022,8,29,23,0.6086956521739131,0.34782608695652173,0.0,0.0,0.043478260869565216,0.0,0.0,0.43478260869565216,0.0,0.043478260869565216,0.0,0.0,0.5217391304347826,0.9130434782608695,0.08695652173913043,0.391304347826087,0.6086956521739131,0.0,1.0,0.391304347826087,0.6086956521739131,0.0,0.0,1.0,0.0,0.0,0.8260869565217391,0.17391304347826086,0.0,0.5217391304347826,0.0,0.4782608695652174
PUERTO COLOMBIA,2022,8,30,28,0.5,0.42857142857142855,0.0,0.0,0.03571428571428571,0.0,0.03571428571428571,0.5,0.0,0.10714285714285714,0.0,0.0,0.39285714285714285,0.8928571428571429,0.10714285714285714,0.39285714285714285,0.6071428571428571,0.0,1.0,0.6071428571428571,0.39285714285714285,0.0,0.0,1.0,0.0,0.0,0.9285714285714286,0.07142857142857142,0.0,0.25,0.03571428571428571,0.7142857142857143
PUERTO COLOMBIA,2022,8,31,39,0.41025641025641024,0.358974358974359,0.0,0.0,0.1794871794871795,0.0,0.05128205128205128,0.358974358974359,0.0,0.07692307692307693,0.0,0.07692307692307693,0.48717948717948717,0.9230769230769231,0.07692307692307693,0.4358974358974359,0.5641025641025641,0.0,1.0,0.5641025641025641,0.4358974358974359,0.0,0.0,1.0,0.0,0.0,0.9487179487179487,0.05128205128205128,0.0,0.3076923076923077,0.0,0.6923076923076923
PUERTO COLOMBIA,2022,8,32,23,0.43478260869565216,0.391304347826087,0.043478260869565216,0.0,0.13043478260869565,0.0,0.0,0.5652173913043478,0.0,0.0,0.0,0.0,0.43478260869565216,0.9130434782608695,0.08695652173913043,0.30434782608695654,0.6956521739130435,0.0,1.0,0.43478260869565216,0.5652173913043478,0.0,0.0,1.0,0.0,0.0,0.9130434782608695,0.08695652173913043,0.0,0.34782608695652173,0.0,0.6521739130434783
PUERTO COLOMBIA,2022,9,33,16,0.5625,0.25,0.0,0.0,0.0625,0.0,0.125,0.5,0.0,0.0,0.0,0.0,0.5,0.875,0.125,0.4375,0.5625,0.0,1.0,0.5625,0.4375,0.0,0.0,1.0,0.0,0.0,0.875,0.125,0.0,0.125,0.0625,0.8125
PUERTO COLOMBIA,2022,9,34,12,0.5833333333333334,0.25,0.0,0.0,0.16666666666666666,0.0,0.0,0.5,0.0,0.0,0.08333333333333333,0.0,0.4166666666666667,1.0,0.0,0.5833333333333334,0.4166666666666667,0.0,1.0,0.5,0.5,0.0,0.0,1.0,0.0,0.0,1.0,0.0,0.0,0.6666666666666666,0.0,0.3333333333333333
PUERTO COLOMBIA,2022,9,35,17,0.5882352941176471,0.29411764705882354,0.0,0.0,0.058823529411764705,0.0,0.058823529411764705,0.4117647058823529,0.0,0.058823529411764705,0.0,0.0,0.5294117647058824,1.0,0.0,0.7647058823529411,0.23529411764705882,0.0,1.0,0.47058823529411764,0.5294117647058824,0.0,0.0,1.0,0.0,0.0,1.0,0.0,0.0,0.4117647058823529,0.0,0.5882352941176471
PUERTO COLOMBIA,2022,9,36,12,0.4166666666666667,0.4166666666666667,0.0,0.0,0.16666666666666666,0.0,0.0,0.4166666666666667,0.0,0.0,0.0,0.0,0.5833333333333334,1.0,0.0,0.75,0.25,0.0,1.0,0.5833333333333334,0.4166666666666667,0.0,0.0,1.0,0.0,0.0,1.0,0.0,0.0,0.16666666666666666,0.0,0.8333333333333334
PUERTO COLOMBIA,2022,10,37,15,0.6666666666666666,0.2,0.06666666666666667,0.0,0.06666666666666667,0.0,0.0,0.3333333333333333,0.0,0.0,0.0,0.06666666666666667,0.6,0.8666666666666667,0.13333333333333333,0.4,0.6,0.0,1.0,0.8,0.2,0.0,0.0,1.0,0.0,0.0,0.9333333333333333,0.06666666666666667,0.0,0.13333333333333333,0.0,0.8666666666666667
PUERTO COLOMBIA,2022,10,38,11,0.36363636363636365,0.36363636363636365,0.0,0.0,0.2727272727272727,0.0,0.0,0.45454545454545453,0.0,0.09090909090909091,0.0,0.0,0.45454545454545453,1.0,0.0,0.5454545454545454,0.45454545454545453,0.0,1.0,0.45454545454545453,0.5454545454545454,0.0,0.0,1.0,0.0,0.0,1.0,0.0,0.0,0.2727272727272727,0.0,0.7272727272727273
PUERTO COLOMBIA,2022,10,39,11,0.7272727272727273,0.09090909090909091,0.0,0.0,0.18181818181818182,0.0,0.0,0.7272727272727273,0.0,0.0,0.0,0.18181818181818182,0.09090909090909091,0.8181818181818182,0.18181818181818182,0.5454545454545454,0.45454545454545453,0.0,1.0,0.36363636363636365,0.6363636363636364,0.0,0.0,1.0,0.0,0.0,1.0,0.0,0.0,0.36363636363636365,0.0,0.6363636363636364
PUERTO COLOMBIA,2022,10,40,14,0.2857142857142857,0.35714285714285715,0.07142857142857142,0.0,0.21428571428571427,0.0,0.07142857142857142,0.5,0.0,0.0,0.0,0.0,0.5,0.7857142857142857,0.21428571428571427,0.5,0.5,0.0,1.0,0.7142857142857143,0.2857142857142857,0.0,0.0,1.0,0.0,0.0,1.0,0.0,0.0,0.5,0.0,0.5
PUERTO COLOMBIA,2022,11,41,9,0.2222222222222222,0.3333333333333333,0.0,0.0,0.4444444444444444,0.0,0.0,0.7777777777777778,0.0,0.0,0.0,0.0,0.2222222222222222,1.0,0.0,0.5555555555555556,0.4444444444444444,0.0,1.0,0.3333333333333333,0.6666666666666666,0.0,0.0,1.0,0.0,0.0,0.8888888888888888,0.1111111111111111,0.0,0.4444444444444444,0.0,0.5555555555555556
PUERTO COLOMBIA,2022,11,42,10,0.1,0.5,0.0,0.0,0.4,0.0,0.0,0.3,0.0,0.2,0.0,0.0,0.5,1.0,0.0,0.9,0.1,0.0,1.0,0.7,0.3,0.0,0.0,1.0,0.0,0.0,1.0,0.0,0.0,0.5,0.0,0.5
PUERTO COLOMBIA,2022,11,43,9,0.3333333333333333,0.3333333333333333,0.0,0.0,0.2222222222222222,0.0,0.1111111111111111,0.5555555555555556,0.0,0.0,0.1111111111111111,0.0,0.3333333333333333,0.8888888888888888,0.1111111111111111,0.6666666666666666,0.3333333333333333,0.0,1.0,0.3333333333333333,0.6666666666666666,0.0,0.0,1.0,0.0,0.0,1.0,0.0,0.0,0.4444444444444444,0.0,0.5555555555555556
PUERTO COLOMBIA,2022,11,44,8,0.5,0.25,0.0,0.0,0.25,0.0,0.0,0.75,0.0,0.0,0.0,0.125,0.125,0.75,0.25,0.5,0.5,0.0,1.0,0.375,0.625,0.0,0.0,1.0,0.0,0.0,1.0,0.0,0.0,0.375,0.0,0.625
PUERTO COLOMBIA,2022,12,45,7,0.2857142857142857,0.2857142857142857,0.0,0.0,0.14285714285714285,0.0,0.2857142857142857,0.5714285714285714,0.0,0.0,0.0,0.0,0.42857142857142855,1.0,0.0,0.5714285714285714,0.42857142857142855,0.0,1.0,0.5714285714285714,0.42857142857142855,0.0,0.0,1.0,0.0,0.0,1.0,0.0,0.0,0.5714285714285714,0.0,0.42857142857142855
PUERTO COLOMBIA,2022,12,46,10,0.1,0.5,0.1,0.0,0.1,0.0,0.2,0.6,0.0,0.1,0.1,0.0,0.2,1.0,0.0,0.7,0.3,0.0,1.0,0.3,0.7,0.0,0.0,1.0,0.0,0.0,0.9,0.1,0.0,0.5,0.0,0.5
PUERTO COLOMBIA,2022,12,47,10,0.9,0.1,0.0,0.0,0.0,0.0,0.0,0.5,0.0,0.0,0.0,0.0,0.5,0.9,0.1,0.6,0.4,0.0,1.0,0.5,0.5,0.0,0.0,1.0,0.0,0.0,1.0,0.0,0.0,0.2,0.0,0.8
PUERTO COLOMBIA,2022,12,48,5,0.6,0.2,0.2,0.0,0.0,0.0,0.0,0.6,0.0,0.0,0.0,0.0,0.4,0.6,0.4,0.4,0.6,0.0,1.0,0.6,0.4,0.0,0.0,1.0,0.0,0.0,1.0,0.0,0.0,0.6,0.0,0.4
PUERTO COLOMBIA,2022,13,49,10,0.3,0.3,0.1,0.0,0.3,0.0,0.0,0.6,0.0,0.0,0.0,0.1,0.3,0.9,0.1,0.7,0.3,0.0,1.0,0.4,0.6,0.0,0.0,1.0,0.0,0.0,1.0,0.0,0.0,0.3,0.0,0.7
PUERTO COLOMBIA,2022,13,50,10,0.4,0.4,0.0,0.0,0.1,0.0,0.1,0.3,0.0,0.1,0.0,0.0,0.6,1.0,0.0,0.6,0.4,0.0,1.0,0.2,0.8,0.0,0.0,1.0,0.0,0.0,1.0,0.0,0.0,0.1,0.0,0.9
PUERTO COLOMBIA,2022,13,51,4,0.5,0.25,0.25,0.0,0.0,0.0,0.0,0.5,0.0,0.0,0.0,0.0,0.5,1.0,0.0,0.75,0.25,0.0,1.0,0.5,0.5,0.0,0.0,1.0,0.0,0.0,1.0,0.0,0.0,0.5,0.0,0.5
PUERTO COLOMBIA,2022,13,52,2,0.5,0.5,0.0,0.0,0.0,0.0,0.0,1.0,0.0,0.0,0.0,0.0,0.0,1.0,0.0,0.5,0.5,0.0,1.0,1.0,0.0,0.0,0.0,1.0,0.0,0.0,1.0,0.0,0.0,0.0,0.0,1.0
PUERTO COLOMBIA,2023,1,1,2,0.5,0.0,0.0,0.0,0.0,0.0,0.5,0.5,0.0,0.0,0.0,0.0,0.5,1.0,0.0,0.5,0.5,0.0,1.0,0.5,0.5,0.0,0.0,1.0,0.0,0.0,1.0,0.0,0.0,0.0,0.0,1.0
PUERTO COLOMBIA,2023,1,2,3,0.6666666666666666,0.3333333333333333,0.0,0.0,0.0,0.0,0.0,1.0,0.0,0.0,0.0,0.0,0.0,1.0,0.0,0.3333333333333333,0.6666666666666666,0.0,1.0,0.6666666666666666,0.3333333333333333,0.0,0.0,1.0,0.0,0.0,1.0,0.0,0.0,0.6666666666666666,0.0,0.3333333333333333
PUERTO COLOMBIA,2023,1,3,3,0.3333333333333333,0.0,0.0,0.0,0.0,0.0,0.6666666666666666,0.6666666666666666,0.0,0.0,0.0,0.0,0.3333333333333333,1.0,0.0,0.6666666666666666,0.3333333333333333,0.0,1.0,0.6666666666666666,0.3333333333333333,0.0,0.0,1.0,0.0,0.0,0.6666666666666666,0.3333333333333333,0.0,0.6666666666666666,0.0,0.3333333333333333
PUERTO COLOMBIA,2023,1,4,1,0.0,0.0,0.0,0.0,0.0,0.0,1.0,1.0,0.0,0.0,0.0,0.0,0.0,1.0,0.0,1.0,0.0,0.0,1.0,0.0,1.0,0.0,0.0,1.0,0.0,0.0,1.0,0.0,0.0,0.0,0.0,1.0
PUERTO COLOMBIA,2023,2,5,2,0.5,0.0,0.5,0.0,0.0,0.0,0.0,1.0,0.0,0.0,0.0,0.0,0.0,1.0,0.0,1.0,0.0,0.0,1.0,1.0,0.0,0.0,0.0,1.0,0.0,0.0,1.0,0.0,0.0,0.0,0.0,1.0
PUERTO COLOMBIA,2023,2,6,1,1.0,0.0,0.0,0.0,0.0,0.0,0.0,1.0,0.0,0.0,0.0,0.0,0.0,1.0,0.0,1.0,0.0,0.0,1.0,0.0,1.0,0.0,0.0,1.0,0.0,0.0,1.0,0.0,0.0,1.0,0.0,0.0
PUERTO COLOMBIA,2023,2,7,1,0.0,1.0,0.0,0.0,0.0,0.0,0.0,0.0,0.0,0.0,0.0,0.0,1.0,0.0,1.0,0.0,1.0,0.0,1.0,0.0,1.0,0.0,0.0,1.0,0.0,0.0,1.0,0.0,0.0,1.0,0.0,0.0
PUERTO COLOMBIA,2023,2,8,1,1.0,0.0,0.0,0.0,0.0,0.0,0.0,0.0,0.0,0.0,0.0,0.0,1.0,1.0,0.0,0.0,1.0,0.0,1.0,1.0,0.0,0.0,0.0,1.0,0.0,0.0,1.0,0.0,0.0,0.0,0.0,1.0
PUERTO COLOMBIA,2023,3,9,3,0.3333333333333333,0.0,0.0,0.0,0.6666666666666666,0.0,0.0,0.6666666666666666,0.0,0.0,0.3333333333333333,0.0,0.0,1.0,0.0,1.0,0.0,0.0,1.0,0.3333333333333333,0.6666666666666666,0.0,0.0,1.0,0.0,0.0,1.0,0.0,0.0,0.3333333333333333,0.0,0.6666666666666666
PUERTO COLOMBIA,2023,3,10,1,0.0,1.0,0.0,0.0,0.0,0.0,0.0,0.0,0.0,0.0,0.0,0.0,1.0,0.0,1.0,0.0,1.0,0.0,1.0,0.0,1.0,0.0,0.0,1.0,0.0,0.0,1.0,0.0,0.0,0.0,0.0,1.0
PUERTO COLOMBIA,2023,3,11,3,0.6666666666666666,0.0,0.0,0.0,0.3333333333333333,0.0,0.0,0.6666666666666666,0.0,0.0,0.0,0.0,0.3333333333333333,1.0,0.0,1.0,0.0,0.0,1.0,0.3333333333333333,0.6666666666666666,0.0,0.0,1.0,0.0,0.0,1.0,0.0,0.0,0.3333333333333333,0.0,0.6666666666666666
PUERTO COLOMBIA,2023,4,13,1,0.0,0.0,1.0,0.0,0.0,0.0,0.0,0.0,0.0,0.0,0.0,0.0,1.0,1.0,0.0,1.0,0.0,0.0,1.0,0.0,1.0,0.0,0.0,1.0,0.0,0.0,1.0,0.0,0.0,1.0,0.0,0.0
PUERTO COLOMBIA,2023,4,14,2,0.5,0.5,0.0,0.0,0.0,0.0,0.0,0.0,0.0,0.0,0.0,0.0,1.0,1.0,0.0,0.5,0.5,0.0,1.0,0.5,0.5,0.0,0.0,1.0,0.0,0.0,1.0,0.0,0.0,0.0,0.0,1.0
PUERTO COLOMBIA,2023,5,18,2,0.0,1.0,0.0,0.0,0.0,0.0,0.0,1.0,0.0,0.0,0.0,0.0,0.0,1.0,0.0,1.0,0.0,0.0,1.0,0.5,0.5,0.0,0.0,1.0,0.0,0.0,1.0,0.0,0.0,0.0,0.0,1.0
PUERTO COLOMBIA,2023,5,20,2,0.0,0.0,0.0,0.0,0.0,0.0,1.0,0.0,0.0,0.0,0.0,0.0,1.0,1.0,0.0,0.5,0.5,0.0,1.0,0.0,1.0,0.0,0.0,1.0,0.0,0.0,1.0,0.0,0.0,0.0,0.0,1.0
PUERTO COLOMBIA,2023,6,21,2,0.0,1.0,0.0,0.0,0.0,0.0,0.0,0.5,0.0,0.0,0.0,0.0,0.5,1.0,0.0,0.5,0.5,0.0,1.0,0.5,0.5,0.0,0.0,1.0,0.0,0.0,1.0,0.0,0.0,1.0,0.0,0.0
PUERTO COLOMBIA,2023,6,24,1,0.0,0.0,0.0,0.0,1.0,0.0,0.0,1.0,0.0,0.0,0.0,0.0,0.0,1.0,0.0,0.0,1.0,0.0,1.0,1.0,0.0,0.0,0.0,1.0,0.0,0.0,1.0,0.0,0.0,0.0,0.0,1.0
PUERTO COLOMBIA,2023,7,28,1,0.0,0.0,0.0,0.0,1.0,0.0,0.0,0.0,0.0,0.0,0.0,0.0,1.0,1.0,0.0,0.0,1.0,0.0,1.0,1.0,0.0,0.0,0.0,1.0,0.0,0.0,1.0,0.0,0.0,1.0,0.0,0.0
PUERTO COLOMBIA,2023,8,29,1,0.0,1.0,0.0,0.0,0.0,0.0,0.0,1.0,0.0,0.0,0.0,0.0,0.0,1.0,0.0,1.0,0.0,0.0,1.0,0.0,1.0,0.0,0.0,1.0,0.0,0.0,1.0,0.0,0.0,1.0,0.0,0.0
PUERTO COLOMBIA,2023,8,30,1,0.0,1.0,0.0,0.0,0.0,0.0,0.0,1.0,0.0,0.0,0.0,0.0,0.0,1.0,0.0,1.0,0.0,0.0,1.0,0.0,1.0,0.0,0.0,1.0,0.0,0.0,1.0,0.0,0.0,1.0,0.0,0.0
PUERTO COLOMBIA,2023,8,32,3,0.0,1.0,0.0,0.0,0.0,0.0,0.0,1.0,0.0,0.0,0.0,0.0,0.0,1.0,0.0,1.0,0.0,0.0,1.0,0.6666666666666666,0.3333333333333333,0.0,0.0,1.0,0.0,0.0,1.0,0.0,0.0,0.0,0.0,1.0
PUERTO COLOMBIA,2023,10,37,3,0.3333333333333333,0.3333333333333333,0.0,0.0,0.0,0.0,0.3333333333333333,0.3333333333333333,0.0,0.0,0.0,0.0,0.6666666666666666,1.0,0.0,1.0,0.0,0.0,1.0,0.6666666666666666,0.3333333333333333,0.0,0.0,1.0,0.0,0.0,1.0,0.0,0.0,0.3333333333333333,0.0,0.6666666666666666
PUERTO COLOMBIA,2023,10,39,1,1.0,0.0,0.0,0.0,0.0,0.0,0.0,1.0,0.0,0.0,0.0,0.0,0.0,1.0,0.0,0.0,1.0,0.0,1.0,0.0,1.0,0.0,0.0,1.0,0.0,0.0,1.0,0.0,0.0,1.0,0.0,0.0
PUERTO COLOMBIA,2023,11,41,2,0.5,0.0,0.0,0.0,0.5,0.0,0.0,0.5,0.0,0.0,0.0,0.0,0.5,1.0,0.0,0.5,0.5,0.0,1.0,0.5,0.5,0.0,0.0,1.0,0.0,0.0,1.0,0.0,0.0,0.0,0.0,1.0
PUERTO COLOMBIA,2023,11,42,2,0.5,0.0,0.0,0.0,0.5,0.0,0.0,0.5,0.0,0.0,0.0,0.0,0.5,1.0,0.0,0.5,0.5,0.0,1.0,1.0,0.0,0.0,0.0,1.0,0.0,0.0,1.0,0.0,0.0,0.0,0.0,1.0
PUERTO COLOMBIA,2023,11,43,1,1.0,0.0,0.0,0.0,0.0,0.0,0.0,1.0,0.0,0.0,0.0,0.0,0.0,1.0,0.0,0.0,1.0,0.0,1.0,1.0,0.0,0.0,0.0,1.0,0.0,0.0,1.0,0.0,0.0,1.0,0.0,0.0
PUERTO COLOMBIA,2023,12,45,1,0.0,0.0,1.0,0.0,0.0,0.0,0.0,1.0,0.0,0.0,0.0,0.0,0.0,1.0,0.0,0.0,1.0,0.0,1.0,1.0,0.0,0.0,0.0,1.0,0.0,0.0,1.0,0.0,0.0,1.0,0.0,0.0
PUERTO COLOMBIA,2023,12,47,1,0.0,1.0,0.0,0.0,0.0,0.0,0.0,1.0,0.0,0.0,0.0,0.0,0.0,1.0,0.0,1.0,0.0,0.0,1.0,0.0,1.0,0.0,0.0,1.0,0.0,0.0,1.0,0.0,0.0,0.0,0.0,1.0
PUERTO COLOMBIA,2023,13,49,1,0.0,0.0,0.0,0.0,1.0,0.0,0.0,0.0,0.0,0.0,0.0,0.0,1.0,1.0,0.0,0.0,1.0,0.0,1.0,0.0,1.0,0.0,0.0,1.0,0.0,0.0,1.0,0.0,0.0,1.0,0.0,0.0
PUERTO COLOMBIA,2023,13,50,1,0.0,0.0,0.0,0.0,0.0,0.0,1.0,0.0,0.0,0.0,0.0,0.0,1.0,1.0,0.0,0.0,1.0,0.0,1.0,1.0,0.0,0.0,0.0,1.0,0.0,0.0,1.0,0.0,0.0,0.0,0.0,1.0
PUERTO COLOMBIA,2023,13,51,1,0.0,1.0,0.0,0.0,0.0,0.0,0.0,0.0,0.0,0.0,0.0,0.0,1.0,1.0,0.0,0.0,1.0,0.0,1.0,1.0,0.0,0.0,0.0,1.0,0.0,0.0,1.0,0.0,0.0,1.0,0.0,0.0
PUERTO COLOMBIA,2023,13,52,2,0.5,0.0,0.5,0.0,0.0,0.0,0.0,0.5,0.0,0.0,0.0,0.0,0.5,1.0,0.0,1.0,0.0,0.0,1.0,1.0,0.0,0.0,0.0,1.0,0.0,0.0,1.0,0.0,0.0,1.0,0.0,0.0
REPELÓN,2017,9,34,2,0.0,0.5,0.0,0.0,0.0,0.0,0.5,0.0,0.0,0.0,0.0,0.0,1.0,1.0,0.0,1.0,0.0,0.0,1.0,1.0,0.0,0.0,0.0,0.0,0.0,1.0,1.0,0.0,0.0,0.0,0.0,1.0
REPELÓN,2017,10,37,1,0.0,0.0,0.0,0.0,1.0,0.0,0.0,0.0,0.0,0.0,0.0,0.0,1.0,1.0,0.0,1.0,0.0,0.0,1.0,0.0,1.0,0.0,0.0,0.0,0.0,1.0,1.0,0.0,0.0,0.0,0.0,1.0
REPELÓN,2017,10,38,1,0.0,0.0,1.0,0.0,0.0,0.0,0.0,0.0,0.0,0.0,0.0,0.0,1.0,1.0,0.0,1.0,0.0,0.0,1.0,1.0,0.0,0.0,0.0,0.0,0.0,1.0,1.0,0.0,0.0,0.0,0.0,1.0
REPELÓN,2017,10,39,2,0.0,0.5,0.0,0.0,0.0,0.5,0.0,0.5,0.0,0.0,0.0,0.0,0.5,1.0,0.0,1.0,0.0,0.0,1.0,0.5,0.5,0.0,0.0,0.0,0.0,1.0,0.5,0.5,0.0,0.0,0.0,1.0
REPELÓN,2017,11,44,1,1.0,0.0,0.0,0.0,0.0,0.0,0.0,0.0,0.0,0.0,0.0,0.0,1.0,1.0,0.0,1.0,0.0,0.0,1.0,0.0,1.0,0.0,0.0,0.0,0.0,1.0,1.0,0.0,0.0,0.0,0.0,1.0
REPELÓN,2017,12,45,1,1.0,0.0,0.0,0.0,0.0,0.0,0.0,0.0,0.0,0.0,0.0,1.0,0.0,1.0,0.0,1.0,0.0,0.0,1.0,0.0,1.0,0.0,0.0,0.0,0.0,1.0,1.0,0.0,0.0,0.0,0.0,1.0
REPELÓN,2017,12,47,1,1.0,0.0,0.0,0.0,0.0,0.0,0.0,0.0,0.0,0.0,0.0,0.0,1.0,1.0,0.0,1.0,0.0,0.0,1.0,0.0,1.0,0.0,0.0,0.0,0.0,1.0,1.0,0.0,0.0,0.0,0.0,1.0
REPELÓN,2017,13,51,2,1.0,0.0,0.0,0.0,0.0,0.0,0.0,0.0,0.0,0.0,0.0,0.0,1.0,1.0,0.0,0.5,0.5,0.0,1.0,0.5,0.5,0.0,0.0,0.0,0.0,1.0,1.0,0.0,0.0,0.5,0.0,0.5
REPELÓN,2018,10,38,1,0.0,0.0,1.0,0.0,0.0,0.0,0.0,0.0,0.0,0.0,0.0,0.0,1.0,1.0,0.0,0.0,1.0,0.0,1.0,0.0,1.0,0.0,0.0,0.0,0.0,1.0,1.0,0.0,0.0,0.0,0.0,1.0
REPELÓN,2019,7,28,1,1.0,0.0,0.0,0.0,0.0,0.0,0.0,1.0,0.0,0.0,0.0,0.0,0.0,1.0,0.0,0.0,1.0,0.0,1.0,1.0,0.0,0.0,0.0,0.0,0.0,1.0,1.0,0.0,0.0,1.0,0.0,0.0
REPELÓN,2019,10,38,1,0.0,0.0,0.0,0.0,0.0,0.0,1.0,0.0,0.0,0.0,0.0,0.0,1.0,1.0,0.0,0.0,1.0,0.0,1.0,1.0,0.0,0.0,0.0,0.0,0.0,1.0,1.0,0.0,0.0,0.0,0.0,1.0
REPELÓN,2019,12,46,2,1.0,0.0,0.0,0.0,0.0,0.0,0.0,0.0,0.0,0.0,0.0,0.5,0.5,1.0,0.0,0.0,1.0,0.0,1.0,0.0,1.0,0.0,0.0,0.0,0.0,1.0,1.0,0.0,0.0,0.0,0.0,1.0
REPELÓN,2019,12,47,1,0.0,0.0,0.0,0.0,1.0,0.0,0.0,0.0,0.0,0.0,0.0,1.0,0.0,0.0,1.0,0.0,1.0,0.0,1.0,0.0,1.0,0.0,0.0,0.0,0.0,1.0,1.0,0.0,0.0,0.0,0.0,1.0
REPELÓN,2019,12,48,1,0.0,0.0,0.0,0.0,1.0,0.0,0.0,0.0,0.0,0.0,0.0,0.0,1.0,1.0,0.0,0.0,1.0,0.0,1.0,1.0,0.0,0.0,0.0,0.0,0.0,1.0,1.0,0.0,0.0,0.0,0.0,1.0
REPELÓN,2019,13,49,4,0.5,0.0,0.0,0.0,0.5,0.0,0.0,0.0,0.0,0.0,0.25,0.0,0.75,1.0,0.0,0.25,0.75,0.0,1.0,0.25,0.75,0.0,0.0,0.0,0.0,1.0,0.75,0.25,0.0,0.0,0.0,1.0
REPELÓN,2019,13,50,6,0.6666666666666666,0.0,0.0,0.0,0.3333333333333333,0.0,0.0,0.16666666666666666,0.0,0.0,0.0,0.0,0.8333333333333334,1.0,0.0,0.16666666666666666,0.8333333333333334,0.0,1.0,0.3333333333333333,0.6666666666666666,0.0,0.0,0.0,0.0,1.0,1.0,0.0,0.0,0.16666666666666666,0.0,0.8333333333333334
REPELÓN,2019,13,51,5,0.6,0.0,0.0,0.0,0.2,0.0,0.2,0.0,0.0,0.0,0.2,0.0,0.8,1.0,0.0,0.2,0.8,0.0,1.0,0.4,0.6,0.0,0.0,0.0,0.0,1.0,0.8,0.2,0.0,0.0,0.0,1.0
REPELÓN,2019,13,52,2,0.0,0.0,0.0,0.0,0.5,0.0,0.5,1.0,0.0,0.0,0.0,0.0,0.0,1.0,0.0,0.0,1.0,0.0,1.0,0.0,1.0,0.0,0.0,0.0,0.0,1.0,1.0,0.0,0.0,0.0,0.0,1.0
REPELÓN,2020,1,1,2,1.0,0.0,0.0,0.0,0.0,0.0,0.0,0.5,0.0,0.0,0.0,0.0,0.5,1.0,0.0,0.0,1.0,0.0,1.0,0.5,0.5,0.0,0.0,0.0,0.0,1.0,1.0,0.0,0.0,0.5,0.0,0.5
REPELÓN,2020,1,2,7,0.7142857142857143,0.0,0.0,0.0,0.2857142857142857,0.0,0.0,0.2857142857142857,0.0,0.0,0.0,0.0,0.7142857142857143,1.0,0.0,0.14285714285714285,0.8571428571428571,0.0,1.0,0.5714285714285714,0.42857142857142855,0.0,0.0,0.0,0.0,1.0,0.8571428571428571,0.14285714285714285,0.0,0.0,0.0,1.0
REPELÓN,2020,1,3,4,0.75,0.0,0.0,0.0,0.0,0.0,0.25,0.0,0.0,0.0,0.0,0.0,1.0,1.0,0.0,0.0,1.0,0.0,1.0,0.75,0.25,0.0,0.0,0.0,0.0,1.0,0.75,0.25,0.0,0.25,0.0,0.75
REPELÓN,2020,1,4,7,0.14285714285714285,0.14285714285714285,0.0,0.0,0.2857142857142857,0.14285714285714285,0.2857142857142857,0.2857142857142857,0.0,0.0,0.0,0.14285714285714285,0.5714285714285714,1.0,0.0,0.2857142857142857,0.7142857142857143,0.0,1.0,0.5714285714285714,0.42857142857142855,0.0,0.0,0.0,0.0,1.0,0.7142857142857143,0.2857142857142857,0.0,0.2857142857142857,0.0,0.7142857142857143
REPELÓN,2020,2,5,5,0.6,0.0,0.0,0.0,0.4,0.0,0.0,0.0,0.0,0.0,0.0,0.0,1.0,1.0,0.0,0.0,1.0,0.0,1.0,0.4,0.6,0.0,0.0,0.0,0.0,1.0,0.6,0.4,0.0,0.4,0.0,0.6
REPELÓN,2020,2,6,2,0.5,0.0,0.0,0.0,0.0,0.0,0.5,1.0,0.0,0.0,0.0,0.0,0.0,1.0,0.0,0.0,1.0,0.0,1.0,0.0,1.0,0.0,0.0,0.0,0.0,1.0,1.0,0.0,0.0,0.0,0.0,1.0
REPELÓN,2020,2,7,2,0.5,0.0,0.0,0.0,0.5,0.0,0.0,0.0,0.0,0.5,0.0,0.0,0.5,1.0,0.0,0.0,1.0,0.0,1.0,0.5,0.5,0.0,0.0,0.0,0.0,1.0,0.5,0.5,0.0,0.0,0.0,1.0
REPELÓN,2020,2,8,3,0.6666666666666666,0.0,0.0,0.0,0.0,0.0,0.3333333333333333,0.0,0.0,0.0,0.0,0.0,1.0,1.0,0.0,0.0,1.0,0.0,1.0,0.3333333333333333,0.6666666666666666,0.0,0.0,0.0,0.0,1.0,1.0,0.0,0.0,0.3333333333333333,0.0,0.6666666666666666
REPELÓN,2020,3,9,3,1.0,0.0,0.0,0.0,0.0,0.0,0.0,0.6666666666666666,0.0,0.0,0.0,0.0,0.3333333333333333,1.0,0.0,0.3333333333333333,0.6666666666666666,0.0,1.0,0.6666666666666666,0.3333333333333333,0.0,0.0,0.0,0.0,1.0,0.0,1.0,0.0,0.0,0.0,1.0
REPELÓN,2020,3,10,2,0.5,0.0,0.0,0.0,0.0,0.0,0.5,0.0,0.0,0.0,0.0,0.0,1.0,1.0,0.0,0.0,1.0,0.0,1.0,0.5,0.5,0.0,0.0,0.0,0.0,1.0,1.0,0.0,0.0,0.0,0.0,1.0
REPELÓN,2020,4,13,1,1.0,0.0,0.0,0.0,0.0,0.0,0.0,1.0,0.0,0.0,0.0,0.0,0.0,1.0,0.0,0.0,1.0,0.0,1.0,1.0,0.0,0.0,0.0,0.0,0.0,1.0,0.0,1.0,0.0,0.0,0.0,1.0
REPELÓN,2020,5,19,2,0.5,0.0,0.0,0.0,0.5,0.0,0.0,0.5,0.0,0.0,0.0,0.0,0.5,1.0,0.0,0.5,0.5,0.0,1.0,1.0,0.0,0.0,0.0,0.0,0.0,1.0,0.5,0.5,0.0,0.0,0.0,1.0
REPELÓN,2020,5,20,2,1.0,0.0,0.0,0.0,0.0,0.0,0.0,0.0,0.0,0.0,0.0,0.0,1.0,1.0,0.0,0.0,1.0,0.0,1.0,0.0,1.0,0.0,0.0,0.0,0.0,1.0,0.5,0.5,0.0,0.0,0.0,1.0
REPELÓN,2020,6,21,4,0.5,0.5,0.0,0.0,0.0,0.0,0.0,0.25,0.0,0.0,0.0,0.0,0.75,1.0,0.0,0.0,1.0,0.0,1.0,0.75,0.25,0.0,0.0,0.0,0.0,1.0,0.75,0.25,0.0,0.0,0.0,1.0
REPELÓN,2020,8,32,1,0.0,0.0,0.0,0.0,1.0,0.0,0.0,0.0,0.0,0.0,0.0,0.0,1.0,1.0,0.0,1.0,0.0,0.0,1.0,1.0,0.0,0.0,0.0,0.0,0.0,1.0,0.0,1.0,0.0,0.0,0.0,1.0
REPELÓN,2020,9,35,3,0.6666666666666666,0.0,0.0,0.0,0.3333333333333333,0.0,0.0,0.3333333333333333,0.0,0.0,0.6666666666666666,0.0,0.0,1.0,0.0,0.0,1.0,0.0,1.0,0.6666666666666666,0.3333333333333333,0.0,0.0,0.0,0.0,1.0,1.0,0.0,0.0,0.0,0.0,1.0
REPELÓN,2020,10,37,1,1.0,0.0,0.0,0.0,0.0,0.0,0.0,0.0,0.0,0.0,0.0,0.0,1.0,1.0,0.0,0.0,1.0,0.0,1.0,0.0,1.0,0.0,0.0,0.0,0.0,1.0,1.0,0.0,0.0,0.0,0.0,1.0
REPELÓN,2020,10,40,1,0.0,0.0,0.0,0.0,1.0,0.0,0.0,1.0,0.0,0.0,0.0,0.0,0.0,1.0,0.0,1.0,0.0,0.0,1.0,0.0,1.0,0.0,0.0,0.0,0.0,1.0,0.0,1.0,0.0,0.0,0.0,1.0
REPELÓN,2020,11,41,1,0.0,0.0,0.0,0.0,1.0,0.0,0.0,1.0,0.0,0.0,0.0,0.0,0.0,1.0,0.0,1.0,0.0,0.0,1.0,0.0,1.0,0.0,0.0,0.0,0.0,1.0,1.0,0.0,0.0,0.0,0.0,1.0
REPELÓN,2020,11,42,1,1.0,0.0,0.0,0.0,0.0,0.0,0.0,0.0,0.0,0.0,0.0,0.0,1.0,1.0,0.0,0.0,1.0,0.0,1.0,1.0,0.0,0.0,0.0,0.0,0.0,1.0,1.0,0.0,0.0,0.0,0.0,1.0
REPELÓN,2020,12,48,1,0.0,0.0,0.0,0.0,0.0,0.0,1.0,0.0,0.0,0.0,0.0,0.0,1.0,1.0,0.0,0.0,1.0,0.0,1.0,1.0,0.0,0.0,0.0,0.0,0.0,1.0,0.0,1.0,0.0,1.0,0.0,0.0
REPELÓN,2020,13,49,1,0.0,0.0,0.0,0.0,1.0,0.0,0.0,0.0,0.0,0.0,0.0,0.0,1.0,1.0,0.0,0.0,1.0,0.0,1.0,1.0,0.0,0.0,0.0,0.0,0.0,1.0,1.0,0.0,0.0,0.0,0.0,1.0
REPELÓN,2020,13,52,1,0.0,0.0,0.0,0.0,0.0,0.0,1.0,0.0,0.0,0.0,0.0,0.0,1.0,1.0,0.0,0.0,1.0,0.0,1.0,0.0,1.0,0.0,0.0,0.0,0.0,1.0,1.0,0.0,0.0,0.0,0.0,1.0
REPELÓN,2021,1,3,1,0.0,1.0,0.0,0.0,0.0,0.0,0.0,0.0,0.0,0.0,0.0,0.0,1.0,1.0,0.0,1.0,0.0,0.0,1.0,1.0,0.0,0.0,0.0,0.0,0.0,1.0,1.0,0.0,0.0,0.0,0.0,1.0
REPELÓN,2021,1,4,1,1.0,0.0,0.0,0.0,0.0,0.0,0.0,0.0,0.0,0.0,0.0,0.0,1.0,1.0,0.0,0.0,1.0,0.0,1.0,0.0,1.0,0.0,0.0,0.0,0.0,1.0,1.0,0.0,0.0,0.0,0.0,1.0
REPELÓN,2021,11,42,1,0.0,0.0,0.0,0.0,0.0,0.0,1.0,0.0,0.0,0.0,0.0,0.0,1.0,1.0,0.0,0.0,1.0,0.0,1.0,0.0,1.0,0.0,0.0,0.0,0.0,1.0,1.0,0.0,0.0,0.0,0.0,1.0
REPELÓN,2021,12,48,1,0.0,0.0,0.0,0.0,0.0,0.0,1.0,0.0,0.0,0.0,0.0,0.0,1.0,1.0,0.0,1.0,0.0,0.0,1.0,0.0,1.0,0.0,0.0,0.0,0.0,1.0,1.0,0.0,0.0,0.0,0.0,1.0
REPELÓN,2021,13,49,1,0.0,1.0,0.0,0.0,0.0,0.0,0.0,0.0,0.0,0.0,0.0,0.0,1.0,0.0,1.0,0.0,1.0,0.0,1.0,0.0,1.0,0.0,0.0,0.0,0.0,1.0,1.0,0.0,0.0,0.0,0.0,1.0
REPELÓN,2021,13,51,1,0.0,1.0,0.0,0.0,0.0,0.0,0.0,0.0,0.0,0.0,0.0,0.0,1.0,1.0,0.0,0.0,1.0,0.0,1.0,0.0,1.0,0.0,0.0,0.0,0.0,1.0,1.0,0.0,0.0,0.0,0.0,1.0
REPELÓN,2022,7,27,1,0.0,0.0,0.0,0.0,1.0,0.0,0.0,0.0,0.0,0.0,0.0,0.0,1.0,0.0,1.0,0.0,1.0,0.0,1.0,1.0,0.0,0.0,0.0,0.0,0.0,1.0,1.0,0.0,0.0,0.0,0.0,1.0
REPELÓN,2022,9,36,1,1.0,0.0,0.0,0.0,0.0,0.0,0.0,0.0,0.0,0.0,0.0,0.0,1.0,1.0,0.0,0.0,1.0,0.0,1.0,1.0,0.0,0.0,0.0,0.0,0.0,1.0,0.0,1.0,0.0,1.0,0.0,0.0
REPELÓN,2022,10,40,1,0.0,0.0,1.0,0.0,0.0,0.0,0.0,0.0,0.0,0.0,0.0,0.0,1.0,0.0,1.0,0.0,1.0,0.0,1.0,1.0,0.0,0.0,0.0,0.0,0.0,1.0,1.0,0.0,0.0,0.0,0.0,1.0
REPELÓN,2022,12,47,1,0.0,1.0,0.0,0.0,0.0,0.0,0.0,0.0,0.0,0.0,0.0,0.0,1.0,0.0,1.0,0.0,1.0,0.0,1.0,0.0,1.0,0.0,0.0,0.0,0.0,1.0,1.0,0.0,0.0,0.0,0.0,1.0
REPELÓN,2023,1,2,1,0.0,1.0,0.0,0.0,0.0,0.0,0.0,0.0,0.0,0.0,0.0,0.0,1.0,1.0,0.0,0.0,1.0,0.0,1.0,0.0,1.0,0.0,0.0,0.0,0.0,1.0,1.0,0.0,0.0,0.0,0.0,1.0
REPELÓN,2023,9,34,2,0.0,0.5,0.0,0.0,0.5,0.0,0.0,0.5,0.0,0.0,0.0,0.0,0.5,1.0,0.0,0.5,0.5,0.0,1.0,0.5,0.5,0.0,0.0,0.0,0.0,1.0,1.0,0.0,0.0,0.0,0.0,1.0
REPELÓN,2023,9,36,1,1.0,0.0,0.0,0.0,0.0,0.0,0.0,1.0,0.0,0.0,0.0,0.0,0.0,1.0,0.0,0.0,1.0,0.0,1.0,0.0,1.0,0.0,0.0,0.0,0.0,1.0,1.0,0.0,0.0,1.0,0.0,0.0
SABANAGRANDE,2017,1,1,1,0.0,1.0,0.0,0.0,0.0,0.0,0.0,1.0,0.0,0.0,0.0,0.0,0.0,1.0,0.0,0.0,1.0,0.0,1.0,0.0,1.0,0.0,0.0,0.0,1.0,0.0,1.0,0.0,0.0,0.0,0.0,1.0
SABANAGRANDE,2017,2,5,1,0.0,0.0,0.0,0.0,0.0,1.0,0.0,0.0,0.0,0.0,0.0,0.0,1.0,1.0,0.0,0.0,1.0,0.0,1.0,0.0,1.0,0.0,0.0,0.0,1.0,0.0,1.0,0.0,0.0,1.0,0.0,0.0
SABANAGRANDE,2017,3,10,1,0.0,0.0,0.0,0.0,0.0,0.0,1.0,0.0,0.0,0.0,0.0,0.0,1.0,1.0,0.0,0.0,1.0,0.0,1.0,0.0,1.0,0.0,0.0,0.0,1.0,0.0,1.0,0.0,0.0,0.0,0.0,1.0
SABANAGRANDE,2017,6,21,1,0.0,1.0,0.0,0.0,0.0,0.0,0.0,0.0,0.0,0.0,0.0,0.0,1.0,1.0,0.0,1.0,0.0,0.0,1.0,0.0,1.0,0.0,0.0,0.0,1.0,0.0,1.0,0.0,0.0,0.0,0.0,1.0
SABANAGRANDE,2017,12,46,1,0.0,0.0,0.0,0.0,0.0,0.0,1.0,1.0,0.0,0.0,0.0,0.0,0.0,1.0,0.0,1.0,0.0,0.0,1.0,0.0,1.0,0.0,0.0,0.0,1.0,0.0,1.0,0.0,0.0,1.0,0.0,0.0
SABANAGRANDE,2018,1,1,1,0.0,0.0,0.0,0.0,1.0,0.0,0.0,1.0,0.0,0.0,0.0,0.0,0.0,1.0,0.0,0.0,1.0,0.0,1.0,0.0,1.0,0.0,0.0,0.0,1.0,0.0,1.0,0.0,0.0,0.0,0.0,1.0
SABANAGRANDE,2018,1,2,1,0.0,0.0,0.0,0.0,0.0,0.0,1.0,1.0,0.0,0.0,0.0,0.0,0.0,1.0,0.0,0.0,1.0,0.0,1.0,1.0,0.0,0.0,0.0,0.0,1.0,0.0,1.0,0.0,0.0,0.0,0.0,1.0
SABANAGRANDE,2018,4,13,1,0.0,1.0,0.0,0.0,0.0,0.0,0.0,1.0,0.0,0.0,0.0,0.0,0.0,1.0,0.0,1.0,0.0,0.0,1.0,1.0,0.0,0.0,0.0,0.0,1.0,0.0,1.0,0.0,0.0,1.0,0.0,0.0
SABANAGRANDE,2018,6,22,1,1.0,0.0,0.0,0.0,0.0,0.0,0.0,0.0,0.0,0.0,0.0,0.0,1.0,1.0,0.0,0.0,1.0,0.0,1.0,0.0,1.0,0.0,0.0,0.0,1.0,0.0,1.0,0.0,0.0,0.0,0.0,1.0
SABANAGRANDE,2018,8,31,1,0.0,1.0,0.0,0.0,0.0,0.0,0.0,1.0,0.0,0.0,0.0,0.0,0.0,1.0,0.0,1.0,0.0,0.0,1.0,1.0,0.0,0.0,0.0,0.0,1.0,0.0,1.0,0.0,0.0,1.0,0.0,0.0
SABANAGRANDE,2018,8,32,1,0.0,0.0,0.0,0.0,1.0,0.0,0.0,0.0,0.0,0.0,0.0,0.0,1.0,1.0,0.0,1.0,0.0,0.0,1.0,0.0,1.0,0.0,0.0,0.0,1.0,0.0,1.0,0.0,0.0,0.0,0.0,1.0
SABANAGRANDE,2018,9,36,1,1.0,0.0,0.0,0.0,0.0,0.0,0.0,0.0,0.0,0.0,0.0,0.0,1.0,1.0,0.0,0.0,1.0,0.0,1.0,0.0,1.0,0.0,0.0,0.0,1.0,0.0,1.0,0.0,0.0,0.0,0.0,1.0
SABANAGRANDE,2018,10,38,1,0.0,1.0,0.0,0.0,0.0,0.0,0.0,0.0,0.0,0.0,0.0,0.0,1.0,1.0,0.0,1.0,0.0,0.0,1.0,0.0,1.0,0.0,0.0,0.0,1.0,0.0,1.0,0.0,0.0,0.0,0.0,1.0
SABANAGRANDE,2018,11,41,1,0.0,0.0,0.0,0.0,0.0,0.0,1.0,1.0,0.0,0.0,0.0,0.0,0.0,1.0,0.0,0.0,1.0,0.0,1.0,0.0,1.0,0.0,0.0,0.0,1.0,0.0,1.0,0.0,0.0,1.0,0.0,0.0
SABANAGRANDE,2018,11,42,1,0.0,0.0,0.0,0.0,1.0,0.0,0.0,0.0,0.0,0.0,0.0,0.0,1.0,1.0,0.0,0.0,1.0,0.0,1.0,0.0,1.0,0.0,0.0,0.0,1.0,0.0,1.0,0.0,0.0,0.0,0.0,1.0
SABANAGRANDE,2018,11,43,1,0.0,1.0,0.0,0.0,0.0,0.0,0.0,0.0,0.0,0.0,0.0,0.0,1.0,1.0,0.0,1.0,0.0,0.0,1.0,1.0,0.0,0.0,0.0,0.0,1.0,0.0,1.0,0.0,0.0,0.0,0.0,1.0
SABANAGRANDE,2018,12,45,1,1.0,0.0,0.0,0.0,0.0,0.0,0.0,0.0,0.0,0.0,0.0,0.0,1.0,1.0,0.0,1.0,0.0,0.0,1.0,1.0,0.0,0.0,0.0,0.0,1.0,0.0,1.0,0.0,0.0,0.0,0.0,1.0
SABANAGRANDE,2019,3,10,2,0.5,0.5,0.0,0.0,0.0,0.0,0.0,0.0,0.0,0.0,0.0,0.0,1.0,1.0,0.0,0.0,1.0,0.0,1.0,0.5,0.5,0.0,0.0,0.0,1.0,0.0,1.0,0.0,0.0,0.5,0.0,0.5
SABANAGRANDE,2019,7,28,1,0.0,0.0,0.0,0.0,0.0,0.0,1.0,0.0,0.0,0.0,0.0,1.0,0.0,1.0,0.0,0.0,1.0,0.0,1.0,1.0,0.0,0.0,0.0,0.0,1.0,0.0,1.0,0.0,0.0,0.0,0.0,1.0
SABANAGRANDE,2019,8,29,1,0.0,0.0,0.0,0.0,0.0,0.0,1.0,1.0,0.0,0.0,0.0,0.0,0.0,1.0,0.0,0.0,1.0,0.0,1.0,0.0,1.0,0.0,0.0,0.0,1.0,0.0,1.0,0.0,0.0,0.0,0.0,1.0
SABANAGRANDE,2019,8,30,1,0.0,1.0,0.0,0.0,0.0,0.0,0.0,0.0,0.0,0.0,0.0,1.0,0.0,1.0,0.0,0.0,1.0,0.0,1.0,0.0,1.0,0.0,0.0,0.0,1.0,0.0,1.0,0.0,0.0,1.0,0.0,0.0
SABANAGRANDE,2019,9,33,1,0.0,0.0,1.0,0.0,0.0,0.0,0.0,0.0,0.0,0.0,0.0,0.0,1.0,1.0,0.0,0.0,1.0,0.0,1.0,0.0,1.0,0.0,0.0,0.0,1.0,0.0,1.0,0.0,0.0,1.0,0.0,0.0
SABANAGRANDE,2019,9,36,1,0.0,0.0,1.0,0.0,0.0,0.0,0.0,1.0,0.0,0.0,0.0,0.0,0.0,1.0,0.0,0.0,1.0,0.0,1.0,1.0,0.0,0.0,0.0,0.0,1.0,0.0,1.0,0.0,0.0,0.0,0.0,1.0
SABANAGRANDE,2019,10,38,1,1.0,0.0,0.0,0.0,0.0,0.0,0.0,0.0,0.0,0.0,0.0,0.0,1.0,1.0,0.0,1.0,0.0,0.0,1.0,1.0,0.0,0.0,0.0,0.0,1.0,0.0,1.0,0.0,0.0,0.0,0.0,1.0
SABANAGRANDE,2019,10,40,1,0.0,0.0,0.0,0.0,1.0,0.0,0.0,0.0,0.0,0.0,0.0,0.0,1.0,1.0,0.0,0.0,1.0,0.0,1.0,0.0,1.0,0.0,0.0,0.0,1.0,0.0,1.0,0.0,0.0,1.0,0.0,0.0
SABANAGRANDE,2019,11,44,1,1.0,0.0,0.0,0.0,0.0,0.0,0.0,0.0,0.0,0.0,0.0,0.0,1.0,1.0,0.0,0.0,1.0,0.0,1.0,0.0,1.0,0.0,0.0,0.0,1.0,0.0,1.0,0.0,0.0,0.0,0.0,1.0
SABANAGRANDE,2019,12,47,1,0.0,1.0,0.0,0.0,0.0,0.0,0.0,0.0,0.0,0.0,0.0,0.0,1.0,1.0,0.0,0.0,1.0,0.0,1.0,0.0,1.0,0.0,0.0,0.0,1.0,0.0,0.0,1.0,0.0,0.0,0.0,1.0
SABANAGRANDE,2019,13,50,1,0.0,0.0,0.0,0.0,1.0,0.0,0.0,0.0,0.0,0.0,0.0,0.0,1.0,1.0,0.0,1.0,0.0,0.0,1.0,1.0,0.0,0.0,0.0,0.0,1.0,0.0,1.0,0.0,0.0,0.0,0.0,1.0
SABANAGRANDE,2019,13,51,2,1.0,0.0,0.0,0.0,0.0,0.0,0.0,0.5,0.0,0.0,0.0,0.0,0.5,1.0,0.0,0.0,1.0,0.0,1.0,0.5,0.5,0.0,0.0,0.0,1.0,0.0,1.0,0.0,0.0,0.5,0.0,0.5
SABANAGRANDE,2020,1,1,1,0.0,0.0,0.0,0.0,0.0,0.0,1.0,1.0,0.0,0.0,0.0,0.0,0.0,1.0,0.0,0.0,1.0,0.0,1.0,0.0,1.0,0.0,0.0,0.0,1.0,0.0,1.0,0.0,0.0,0.0,0.0,1.0
SABANAGRANDE,2020,1,3,2,0.5,0.0,0.0,0.0,0.5,0.0,0.0,0.0,0.0,0.0,0.0,0.0,1.0,1.0,0.0,0.5,0.5,0.0,1.0,0.5,0.5,0.0,0.0,0.0,1.0,0.0,1.0,0.0,0.0,0.0,0.0,1.0
SABANAGRANDE,2020,1,4,1,1.0,0.0,0.0,0.0,0.0,0.0,0.0,0.0,0.0,0.0,0.0,1.0,0.0,1.0,0.0,0.0,1.0,0.0,1.0,1.0,0.0,0.0,0.0,0.0,1.0,0.0,1.0,0.0,0.0,0.0,0.0,1.0
SABANAGRANDE,2020,2,5,1,0.0,0.0,0.0,0.0,1.0,0.0,0.0,0.0,0.0,0.0,0.0,0.0,1.0,1.0,0.0,0.0,1.0,0.0,1.0,0.0,1.0,0.0,0.0,0.0,1.0,0.0,1.0,0.0,0.0,0.0,0.0,1.0
SABANAGRANDE,2020,2,6,1,0.0,0.0,0.0,0.0,1.0,0.0,0.0,1.0,0.0,0.0,0.0,0.0,0.0,1.0,0.0,1.0,0.0,0.0,1.0,1.0,0.0,0.0,0.0,0.0,1.0,0.0,1.0,0.0,0.0,0.0,0.0,1.0
SABANAGRANDE,2020,11,42,1,0.0,1.0,0.0,0.0,0.0,0.0,0.0,1.0,0.0,0.0,0.0,0.0,0.0,1.0,0.0,1.0,0.0,0.0,1.0,0.0,1.0,0.0,0.0,0.0,1.0,0.0,1.0,0.0,0.0,0.0,0.0,1.0
SABANAGRANDE,2020,12,45,1,1.0,0.0,0.0,0.0,0.0,0.0,0.0,0.0,0.0,0.0,0.0,0.0,1.0,1.0,0.0,0.0,1.0,0.0,1.0,0.0,1.0,0.0,0.0,0.0,1.0,0.0,1.0,0.0,0.0,0.0,0.0,1.0
SABANAGRANDE,2020,12,46,1,0.0,1.0,0.0,0.0,0.0,0.0,0.0,0.0,0.0,0.0,0.0,0.0,1.0,1.0,0.0,0.0,1.0,0.0,1.0,1.0,0.0,0.0,0.0,0.0,1.0,0.0,1.0,0.0,0.0,0.0,0.0,1.0
SABANAGRANDE,2020,12,47,1,0.0,1.0,0.0,0.0,0.0,0.0,0.0,1.0,0.0,0.0,0.0,0.0,0.0,1.0,0.0,0.0,1.0,0.0,1.0,0.0,1.0,0.0,0.0,0.0,1.0,0.0,1.0,0.0,0.0,0.0,0.0,1.0
SABANAGRANDE,2020,12,48,1,0.0,0.0,0.0,0.0,1.0,0.0,0.0,0.0,0.0,0.0,0.0,0.0,1.0,1.0,0.0,0.0,1.0,0.0,1.0,0.0,1.0,0.0,0.0,0.0,1.0,0.0,1.0,0.0,0.0,0.0,0.0,1.0
SABANAGRANDE,2020,13,49,1,1.0,0.0,0.0,0.0,0.0,0.0,0.0,1.0,0.0,0.0,0.0,0.0,0.0,1.0,0.0,1.0,0.0,0.0,1.0,1.0,0.0,0.0,0.0,0.0,1.0,0.0,1.0,0.0,0.0,0.0,0.0,1.0
SABANAGRANDE,2020,13,51,3,0.3333333333333333,0.0,0.0,0.0,0.6666666666666666,0.0,0.0,0.3333333333333333,0.0,0.0,0.3333333333333333,0.0,0.3333333333333333,1.0,0.0,0.3333333333333333,0.6666666666666666,0.0,1.0,1.0,0.0,0.0,0.0,0.0,1.0,0.0,1.0,0.0,0.0,0.0,0.0,1.0
SABANAGRANDE,2020,13,52,6,0.3333333333333333,0.16666666666666666,0.0,0.0,0.5,0.0,0.0,0.0,0.0,0.0,0.0,0.16666666666666666,0.8333333333333334,1.0,0.0,0.16666666666666666,0.8333333333333334,0.0,1.0,0.6666666666666666,0.3333333333333333,0.0,0.0,0.0,1.0,0.0,1.0,0.0,0.0,0.0,0.0,1.0
SABANAGRANDE,2020,14,53,6,0.6666666666666666,0.3333333333333333,0.0,0.0,0.0,0.0,0.0,0.3333333333333333,0.0,0.0,0.0,0.0,0.6666666666666666,1.0,0.0,0.16666666666666666,0.8333333333333334,0.0,1.0,0.16666666666666666,0.8333333333333334,0.0,0.0,0.0,1.0,0.0,1.0,0.0,0.0,0.0,0.0,1.0
SABANAGRANDE,2021,1,1,2,1.0,0.0,0.0,0.0,0.0,0.0,0.0,0.0,0.0,0.0,0.0,0.0,1.0,1.0,0.0,0.5,0.5,0.0,1.0,0.5,0.5,0.0,0.0,0.0,1.0,0.0,1.0,0.0,0.0,0.0,0.0,1.0
SABANAGRANDE,2021,1,2,3,0.6666666666666666,0.3333333333333333,0.0,0.0,0.0,0.0,0.0,0.0,0.0,0.0,0.0,0.0,1.0,1.0,0.0,0.3333333333333333,0.6666666666666666,0.0,1.0,1.0,0.0,0.0,0.0,0.0,1.0,0.0,1.0,0.0,0.0,0.0,0.0,1.0
SABANAGRANDE,2021,1,3,1,0.0,1.0,0.0,0.0,0.0,0.0,0.0,0.0,0.0,0.0,0.0,0.0,1.0,1.0,0.0,0.0,1.0,0.0,1.0,0.0,1.0,0.0,0.0,0.0,1.0,0.0,1.0,0.0,0.0,1.0,0.0,0.0
SABANAGRANDE,2021,1,4,3,0.3333333333333333,0.0,0.0,0.0,0.3333333333333333,0.0,0.3333333333333333,0.3333333333333333,0.0,0.0,0.0,0.0,0.6666666666666666,1.0,0.0,0.3333333333333333,0.6666666666666666,0.0,1.0,0.3333333333333333,0.6666666666666666,0.0,0.0,0.0,1.0,0.0,1.0,0.0,0.0,0.3333333333333333,0.0,0.6666666666666666
SABANAGRANDE,2021,2,7,1,0.0,1.0,0.0,0.0,0.0,0.0,0.0,0.0,0.0,0.0,0.0,0.0,1.0,1.0,0.0,0.0,1.0,0.0,1.0,0.0,1.0,0.0,0.0,0.0,1.0,0.0,1.0,0.0,0.0,0.0,0.0,1.0
SABANAGRANDE,2021,2,8,1,0.0,0.0,0.0,0.0,1.0,0.0,0.0,0.0,0.0,0.0,0.0,0.0,1.0,1.0,0.0,1.0,0.0,0.0,1.0,1.0,0.0,0.0,0.0,0.0,1.0,0.0,1.0,0.0,0.0,0.0,0.0,1.0
SABANAGRANDE,2021,6,21,1,0.0,0.0,1.0,0.0,0.0,0.0,0.0,1.0,0.0,0.0,0.0,0.0,0.0,1.0,0.0,0.0,1.0,0.0,1.0,0.0,1.0,0.0,0.0,0.0,1.0,0.0,1.0,0.0,0.0,1.0,0.0,0.0
SABANAGRANDE,2021,10,37,1,1.0,0.0,0.0,0.0,0.0,0.0,0.0,1.0,0.0,0.0,0.0,0.0,0.0,1.0,0.0,1.0,0.0,0.0,1.0,0.0,1.0,0.0,0.0,0.0,1.0,0.0,1.0,0.0,0.0,0.0,0.0,1.0
SABANAGRANDE,2021,10,38,1,0.0,0.0,0.0,0.0,1.0,0.0,0.0,1.0,0.0,0.0,0.0,0.0,0.0,1.0,0.0,0.0,1.0,0.0,1.0,1.0,0.0,0.0,0.0,0.0,1.0,0.0,1.0,0.0,0.0,0.0,0.0,1.0
SABANAGRANDE,2021,12,46,1,1.0,0.0,0.0,0.0,0.0,0.0,0.0,1.0,0.0,0.0,0.0,0.0,0.0,1.0,0.0,1.0,0.0,0.0,1.0,0.0,1.0,0.0,0.0,0.0,1.0,0.0,1.0,0.0,0.0,0.0,0.0,1.0
SABANAGRANDE,2021,13,49,1,1.0,0.0,0.0,0.0,0.0,0.0,0.0,1.0,0.0,0.0,0.0,0.0,0.0,1.0,0.0,1.0,0.0,0.0,1.0,1.0,0.0,0.0,0.0,0.0,1.0,0.0,1.0,0.0,0.0,0.0,0.0,1.0
SABANAGRANDE,2021,13,50,1,0.0,1.0,0.0,0.0,0.0,0.0,0.0,1.0,0.0,0.0,0.0,0.0,0.0,1.0,0.0,1.0,0.0,0.0,1.0,1.0,0.0,0.0,0.0,0.0,1.0,0.0,1.0,0.0,0.0,0.0,0.0,1.0
SABANAGRANDE,2021,13,52,2,0.0,0.5,0.0,0.0,0.5,0.0,0.0,0.0,0.0,0.0,0.0,0.0,1.0,0.5,0.5,0.5,0.5,0.0,1.0,0.5,0.5,0.0,0.0,0.0,1.0,0.0,1.0,0.0,0.0,0.0,0.0,1.0
SABANAGRANDE,2022,1,3,1,0.0,0.0,0.0,0.0,1.0,0.0,0.0,1.0,0.0,0.0,0.0,0.0,0.0,1.0,0.0,1.0,0.0,0.0,1.0,1.0,0.0,0.0,0.0,0.0,1.0,0.0,1.0,0.0,0.0,0.0,0.0,1.0
SABANAGRANDE,2022,2,6,1,1.0,0.0,0.0,0.0,0.0,0.0,0.0,0.0,0.0,0.0,0.0,0.0,1.0,1.0,0.0,0.0,1.0,0.0,1.0,0.0,1.0,0.0,0.0,0.0,1.0,0.0,1.0,0.0,0.0,0.0,0.0,1.0
SABANAGRANDE,2022,8,31,2,0.5,0.0,0.0,0.0,0.0,0.0,0.5,0.0,0.0,0.0,0.0,0.0,1.0,1.0,0.0,0.5,0.5,0.0,1.0,0.5,0.5,0.0,0.0,0.0,1.0,0.0,1.0,0.0,0.0,0.5,0.0,0.5
SABANAGRANDE,2022,9,33,1,0.0,0.0,0.0,0.0,1.0,0.0,0.0,0.0,0.0,1.0,0.0,0.0,0.0,1.0,0.0,1.0,0.0,0.0,1.0,0.0,1.0,0.0,0.0,0.0,1.0,0.0,1.0,0.0,0.0,0.0,0.0,1.0
SABANAGRANDE,2022,9,34,1,0.0,0.0,0.0,0.0,1.0,0.0,0.0,0.0,0.0,0.0,0.0,0.0,1.0,1.0,0.0,1.0,0.0,0.0,1.0,0.0,1.0,0.0,0.0,0.0,1.0,0.0,1.0,0.0,0.0,0.0,0.0,1.0
SABANAGRANDE,2022,9,36,1,1.0,0.0,0.0,0.0,0.0,0.0,0.0,0.0,0.0,0.0,0.0,0.0,1.0,1.0,0.0,0.0,1.0,0.0,1.0,0.0,1.0,0.0,0.0,0.0,1.0,0.0,1.0,0.0,0.0,0.0,0.0,1.0
SABANAGRANDE,2022,10,40,1,1.0,0.0,0.0,0.0,0.0,0.0,0.0,0.0,0.0,0.0,0.0,0.0,1.0,1.0,0.0,0.0,1.0,0.0,1.0,1.0,0.0,0.0,0.0,0.0,1.0,0.0,1.0,0.0,0.0,1.0,0.0,0.0
SABANAGRANDE,2022,11,41,1,0.0,1.0,0.0,0.0,0.0,0.0,0.0,0.0,0.0,0.0,0.0,0.0,1.0,1.0,0.0,1.0,0.0,0.0,1.0,1.0,0.0,0.0,0.0,0.0,1.0,0.0,1.0,0.0,0.0,0.0,0.0,1.0
SABANAGRANDE,2022,11,42,2,0.0,0.5,0.0,0.0,0.0,0.0,0.5,0.5,0.0,0.0,0.0,0.0,0.5,1.0,0.0,0.0,1.0,0.0,1.0,0.5,0.5,0.0,0.0,0.0,1.0,0.0,1.0,0.0,0.0,0.0,0.0,1.0
SABANAGRANDE,2022,11,43,1,0.0,0.0,0.0,0.0,1.0,0.0,0.0,0.0,0.0,0.0,0.0,0.0,1.0,1.0,0.0,0.0,1.0,0.0,1.0,0.0,1.0,0.0,0.0,0.0,1.0,0.0,1.0,0.0,0.0,0.0,0.0,1.0
SABANAGRANDE,2022,12,45,1,1.0,0.0,0.0,0.0,0.0,0.0,0.0,0.0,0.0,0.0,0.0,0.0,1.0,1.0,0.0,0.0,1.0,0.0,1.0,0.0,1.0,0.0,0.0,0.0,1.0,0.0,1.0,0.0,0.0,0.0,0.0,1.0
SABANAGRANDE,2022,12,46,1,0.0,1.0,0.0,0.0,0.0,0.0,0.0,0.0,0.0,0.0,0.0,0.0,1.0,1.0,0.0,0.0,1.0,0.0,1.0,1.0,0.0,0.0,0.0,0.0,1.0,0.0,1.0,0.0,0.0,0.0,0.0,1.0
SABANAGRANDE,2022,12,47,1,0.0,1.0,0.0,0.0,0.0,0.0,0.0,1.0,0.0,0.0,0.0,0.0,0.0,1.0,0.0,0.0,1.0,0.0,1.0,0.0,1.0,0.0,0.0,0.0,1.0,0.0,1.0,0.0,0.0,0.0,0.0,1.0
SABANAGRANDE,2023,1,1,1,1.0,0.0,0.0,0.0,0.0,0.0,0.0,1.0,0.0,0.0,0.0,0.0,0.0,1.0,0.0,0.0,1.0,0.0,1.0,0.0,1.0,0.0,0.0,0.0,1.0,0.0,0.0,1.0,0.0,1.0,0.0,0.0
SABANAGRANDE,2023,3,9,1,0.0,1.0,0.0,0.0,0.0,0.0,0.0,1.0,0.0,0.0,0.0,0.0,0.0,1.0,0.0,0.0,1.0,0.0,1.0,0.0,1.0,0.0,0.0,0.0,1.0,0.0,1.0,0.0,0.0,1.0,0.0,0.0
SABANAGRANDE,2023,3,10,1,0.0,0.0,0.0,0.0,0.0,0.0,1.0,1.0,0.0,0.0,0.0,0.0,0.0,1.0,0.0,0.0,1.0,0.0,1.0,0.0,1.0,0.0,0.0,0.0,1.0,0.0,0.0,1.0,0.0,1.0,0.0,0.0
SABANAGRANDE,2023,4,13,1,0.0,0.0,0.0,0.0,0.0,0.0,1.0,0.0,0.0,0.0,0.0,0.0,1.0,1.0,0.0,1.0,0.0,0.0,1.0,0.0,1.0,0.0,0.0,0.0,1.0,0.0,1.0,0.0,0.0,0.0,0.0,1.0
SABANAGRANDE,2023,7,25,1,0.0,0.0,0.0,0.0,1.0,0.0,0.0,0.0,0.0,0.0,0.0,0.0,1.0,1.0,0.0,0.0,1.0,0.0,1.0,0.0,1.0,0.0,0.0,0.0,1.0,0.0,1.0,0.0,0.0,0.0,0.0,1.0
SABANAGRANDE,2023,10,38,1,0.0,1.0,0.0,0.0,0.0,0.0,0.0,1.0,0.0,0.0,0.0,0.0,0.0,1.0,0.0,0.0,1.0,0.0,1.0,1.0,0.0,0.0,0.0,0.0,1.0,0.0,1.0,0.0,0.0,1.0,0.0,0.0
SABANAGRANDE,2023,13,49,1,0.0,0.0,0.0,0.0,0.0,0.0,1.0,1.0,0.0,0.0,0.0,0.0,0.0,1.0,0.0,0.0,1.0,0.0,1.0,0.0,1.0,0.0,0.0,0.0,1.0,0.0,1.0,0.0,0.0,0.0,0.0,1.0
SABANALARGA,2017,2,6,1,1.0,0.0,0.0,0.0,0.0,0.0,0.0,0.0,0.0,0.0,0.0,0.0,1.0,1.0,0.0,1.0,0.0,0.0,1.0,1.0,0.0,1.0,0.0,0.0,0.0,0.0,1.0,0.0,0.0,0.0,0.0,1.0
SABANALARGA,2017,2,8,1,0.0,1.0,0.0,0.0,0.0,0.0,0.0,1.0,0.0,0.0,0.0,0.0,0.0,1.0,0.0,1.0,0.0,0.0,1.0,0.0,1.0,1.0,0.0,0.0,0.0,0.0,1.0,0.0,0.0,1.0,0.0,0.0
SABANALARGA,2017,4,16,1,0.0,0.0,1.0,0.0,0.0,0.0,0.0,0.0,0.0,0.0,0.0,0.0,1.0,1.0,0.0,0.0,1.0,0.0,1.0,1.0,0.0,1.0,0.0,0.0,0.0,0.0,1.0,0.0,0.0,0.0,0.0,1.0
SABANALARGA,2017,5,19,1,0.0,0.0,0.0,0.0,1.0,0.0,0.0,0.0,0.0,0.0,0.0,0.0,1.0,1.0,0.0,0.0,1.0,0.0,1.0,0.0,1.0,1.0,0.0,0.0,0.0,0.0,0.0,1.0,0.0,0.0,0.0,1.0
SABANALARGA,2017,5,20,1,0.0,1.0,0.0,0.0,0.0,0.0,0.0,0.0,0.0,0.0,0.0,0.0,1.0,1.0,0.0,0.0,1.0,0.0,1.0,1.0,0.0,1.0,0.0,0.0,0.0,0.0,1.0,0.0,0.0,0.0,0.0,1.0
SABANALARGA,2017,6,22,1,0.0,0.0,0.0,0.0,1.0,0.0,0.0,1.0,0.0,0.0,0.0,0.0,0.0,1.0,0.0,0.0,1.0,0.0,1.0,0.0,1.0,1.0,0.0,0.0,0.0,0.0,1.0,0.0,0.0,0.0,0.0,1.0
SABANALARGA,2017,7,25,1,0.0,1.0,0.0,0.0,0.0,0.0,0.0,0.0,0.0,0.0,0.0,0.0,1.0,1.0,0.0,1.0,0.0,0.0,1.0,1.0,0.0,1.0,0.0,0.0,0.0,0.0,0.0,1.0,0.0,0.0,0.0,1.0
SABANALARGA,2017,7,28,1,0.0,0.0,1.0,0.0,0.0,0.0,0.0,0.0,0.0,0.0,0.0,0.0,1.0,1.0,0.0,0.0,1.0,0.0,1.0,0.0,1.0,1.0,0.0,0.0,0.0,0.0,1.0,0.0,0.0,0.0,0.0,1.0
SABANALARGA,2017,11,42,1,0.0,1.0,0.0,0.0,0.0,0.0,0.0,1.0,0.0,0.0,0.0,0.0,0.0,1.0,0.0,1.0,0.0,0.0,1.0,0.0,1.0,1.0,0.0,0.0,0.0,0.0,1.0,0.0,0.0,0.0,0.0,1.0
SABANALARGA,2017,12,47,1,0.0,1.0,0.0,0.0,0.0,0.0,0.0,1.0,0.0,0.0,0.0,0.0,0.0,1.0,0.0,1.0,0.0,0.0,1.0,1.0,0.0,1.0,0.0,0.0,0.0,0.0,1.0,0.0,0.0,0.0,0.0,1.0
SABANALARGA,2018,1,4,1,0.0,0.0,0.0,0.0,0.0,0.0,1.0,1.0,0.0,0.0,0.0,0.0,0.0,1.0,0.0,1.0,0.0,0.0,1.0,1.0,0.0,1.0,0.0,0.0,0.0,0.0,1.0,0.0,0.0,0.0,0.0,1.0
SABANALARGA,2018,2,8,1,0.0,1.0,0.0,0.0,0.0,0.0,0.0,1.0,0.0,0.0,0.0,0.0,0.0,1.0,0.0,0.0,1.0,0.0,1.0,0.0,1.0,1.0,0.0,0.0,0.0,0.0,1.0,0.0,0.0,0.0,0.0,1.0
SABANALARGA,2018,3,9,1,0.0,1.0,0.0,0.0,0.0,0.0,0.0,1.0,0.0,0.0,0.0,0.0,0.0,1.0,0.0,0.0,1.0,0.0,1.0,1.0,0.0,1.0,0.0,0.0,0.0,0.0,1.0,0.0,0.0,0.0,0.0,1.0
SABANALARGA,2018,3,11,1,0.0,0.0,0.0,0.0,0.0,0.0,1.0,0.0,0.0,0.0,0.0,0.0,1.0,1.0,0.0,0.0,1.0,0.0,1.0,0.0,1.0,1.0,0.0,0.0,0.0,0.0,1.0,0.0,0.0,0.0,0.0,1.0
SABANALARGA,2018,5,20,1,0.0,1.0,0.0,0.0,0.0,0.0,0.0,0.0,0.0,0.0,0.0,0.0,1.0,1.0,0.0,0.0,1.0,0.0,1.0,0.0,1.0,1.0,0.0,0.0,0.0,0.0,1.0,0.0,0.0,0.0,0.0,1.0
SABANALARGA,2018,6,22,2,0.0,0.5,0.0,0.0,0.5,0.0,0.0,0.5,0.0,0.0,0.0,0.0,0.5,1.0,0.0,0.0,1.0,0.0,1.0,0.0,1.0,1.0,0.0,0.0,0.0,0.0,1.0,0.0,0.0,0.0,0.0,1.0
SABANALARGA,2018,6,24,1,0.0,0.0,0.0,0.0,1.0,0.0,0.0,0.0,0.0,0.0,0.0,0.0,1.0,1.0,0.0,0.0,1.0,0.0,1.0,1.0,0.0,1.0,0.0,0.0,0.0,0.0,1.0,0.0,0.0,0.0,0.0,1.0
SABANALARGA,2018,7,26,1,0.0,1.0,0.0,0.0,0.0,0.0,0.0,0.0,0.0,0.0,0.0,0.0,1.0,1.0,0.0,0.0,1.0,0.0,1.0,1.0,0.0,1.0,0.0,0.0,0.0,0.0,1.0,0.0,0.0,0.0,0.0,1.0
SABANALARGA,2018,7,28,1,0.0,0.0,0.0,0.0,1.0,0.0,0.0,1.0,0.0,0.0,0.0,0.0,0.0,1.0,0.0,0.0,1.0,0.0,1.0,1.0,0.0,1.0,0.0,0.0,0.0,0.0,1.0,0.0,0.0,0.0,0.0,1.0
SABANALARGA,2018,8,29,1,0.0,0.0,0.0,0.0,1.0,0.0,0.0,0.0,0.0,0.0,1.0,0.0,0.0,1.0,0.0,0.0,1.0,0.0,1.0,0.0,1.0,1.0,0.0,0.0,0.0,0.0,1.0,0.0,0.0,0.0,0.0,1.0
SABANALARGA,2018,8,30,3,0.6666666666666666,0.0,0.0,0.0,0.0,0.0,0.3333333333333333,0.3333333333333333,0.0,0.0,0.0,0.0,0.6666666666666666,1.0,0.0,0.3333333333333333,0.6666666666666666,0.0,1.0,0.6666666666666666,0.3333333333333333,1.0,0.0,0.0,0.0,0.0,1.0,0.0,0.0,0.3333333333333333,0.0,0.6666666666666666
SABANALARGA,2018,8,32,4,0.5,0.0,0.0,0.0,0.5,0.0,0.0,0.25,0.0,0.0,0.0,0.0,0.75,1.0,0.0,0.0,1.0,0.0,1.0,0.5,0.5,1.0,0.0,0.0,0.0,0.0,1.0,0.0,0.0,0.25,0.0,0.75
SABANALARGA,2018,9,33,1,1.0,0.0,0.0,0.0,0.0,0.0,0.0,1.0,0.0,0.0,0.0,0.0,0.0,1.0,0.0,0.0,1.0,0.0,1.0,0.0,1.0,1.0,0.0,0.0,0.0,0.0,1.0,0.0,0.0,1.0,0.0,0.0
SABANALARGA,2018,9,34,2,0.5,0.0,0.0,0.0,0.5,0.0,0.0,0.0,0.0,0.0,0.0,0.0,1.0,1.0,0.0,1.0,0.0,0.0,1.0,1.0,0.0,1.0,0.0,0.0,0.0,0.0,1.0,0.0,0.0,0.0,0.0,1.0
SABANALARGA,2018,9,35,2,1.0,0.0,0.0,0.0,0.0,0.0,0.0,0.5,0.0,0.0,0.0,0.0,0.5,1.0,0.0,0.5,0.5,0.0,1.0,0.5,0.5,1.0,0.0,0.0,0.0,0.0,1.0,0.0,0.0,0.0,0.0,1.0
SABANALARGA,2018,9,36,2,0.0,0.5,0.0,0.0,0.5,0.0,0.0,0.5,0.0,0.0,0.0,0.0,0.5,1.0,0.0,0.0,1.0,0.0,1.0,1.0,0.0,1.0,0.0,0.0,0.0,0.0,1.0,0.0,0.0,0.0,0.0,1.0
SABANALARGA,2018,10,37,2,0.5,0.5,0.0,0.0,0.0,0.0,0.0,0.5,0.0,0.0,0.0,0.0,0.5,1.0,0.0,0.0,1.0,0.0,1.0,0.0,1.0,1.0,0.0,0.0,0.0,0.0,1.0,0.0,0.0,0.0,0.0,1.0
SABANALARGA,2018,10,38,4,0.0,0.5,0.0,0.0,0.25,0.0,0.25,0.0,0.25,0.0,0.0,0.0,0.75,1.0,0.0,0.25,0.75,0.0,1.0,0.5,0.5,1.0,0.0,0.0,0.0,0.0,1.0,0.0,0.0,0.25,0.0,0.75
SABANALARGA,2018,10,39,1,1.0,0.0,0.0,0.0,0.0,0.0,0.0,1.0,0.0,0.0,0.0,0.0,0.0,1.0,0.0,0.0,1.0,0.0,1.0,0.0,1.0,1.0,0.0,0.0,0.0,0.0,1.0,0.0,0.0,0.0,0.0,1.0
SABANALARGA,2018,10,40,3,0.0,0.3333333333333333,0.0,0.0,0.3333333333333333,0.0,0.3333333333333333,0.0,0.0,0.0,0.0,0.0,1.0,1.0,0.0,0.0,1.0,0.0,1.0,0.3333333333333333,0.6666666666666666,1.0,0.0,0.0,0.0,0.0,0.6666666666666666,0.3333333333333333,0.0,0.0,0.0,1.0
SABANALARGA,2018,11,41,1,1.0,0.0,0.0,0.0,0.0,0.0,0.0,0.0,0.0,0.0,0.0,0.0,1.0,1.0,0.0,0.0,1.0,0.0,1.0,1.0,0.0,1.0,0.0,0.0,0.0,0.0,1.0,0.0,0.0,0.0,0.0,1.0
SABANALARGA,2018,11,42,4,0.25,0.0,0.0,0.0,0.5,0.0,0.25,0.5,0.0,0.0,0.0,0.0,0.5,1.0,0.0,0.25,0.75,0.0,1.0,0.75,0.25,1.0,0.0,0.0,0.0,0.0,1.0,0.0,0.0,0.0,0.0,1.0
SABANALARGA,2018,11,43,6,0.3333333333333333,0.0,0.0,0.0,0.16666666666666666,0.0,0.5,0.16666666666666666,0.0,0.0,0.0,0.16666666666666666,0.6666666666666666,1.0,0.0,0.3333333333333333,0.6666666666666666,0.0,1.0,0.6666666666666666,0.3333333333333333,1.0,0.0,0.0,0.0,0.0,0.8333333333333334,0.16666666666666666,0.0,0.0,0.0,1.0
SABANALARGA,2018,11,44,4,0.5,0.25,0.0,0.0,0.25,0.0,0.0,0.25,0.0,0.0,0.0,0.0,0.75,1.0,0.0,0.75,0.25,0.0,1.0,1.0,0.0,1.0,0.0,0.0,0.0,0.0,1.0,0.0,0.0,0.0,0.0,1.0
SABANALARGA,2018,12,45,4,0.5,0.25,0.0,0.0,0.0,0.0,0.25,0.25,0.0,0.0,0.0,0.0,0.75,1.0,0.0,0.75,0.25,0.0,1.0,0.5,0.5,1.0,0.0,0.0,0.0,0.0,1.0,0.0,0.0,0.0,0.0,1.0
SABANALARGA,2018,12,46,5,0.4,0.4,0.0,0.0,0.2,0.0,0.0,0.2,0.0,0.0,0.2,0.0,0.6,0.8,0.2,0.6,0.4,0.0,1.0,0.8,0.2,1.0,0.0,0.0,0.0,0.0,1.0,0.0,0.0,0.0,0.0,1.0
SABANALARGA,2018,12,47,6,0.3333333333333333,0.3333333333333333,0.0,0.0,0.16666666666666666,0.0,0.16666666666666666,0.5,0.0,0.0,0.0,0.0,0.5,1.0,0.0,0.3333333333333333,0.6666666666666666,0.0,1.0,0.5,0.5,1.0,0.0,0.0,0.0,0.0,1.0,0.0,0.0,0.0,0.0,1.0
SABANALARGA,2018,12,48,6,0.5,0.0,0.0,0.0,0.3333333333333333,0.0,0.16666666666666666,0.3333333333333333,0.0,0.0,0.0,0.0,0.6666666666666666,1.0,0.0,0.3333333333333333,0.6666666666666666,0.0,1.0,0.3333333333333333,0.6666666666666666,1.0,0.0,0.0,0.0,0.0,1.0,0.0,0.0,0.5,0.0,0.5
SABANALARGA,2018,13,49,7,0.2857142857142857,0.0,0.0,0.0,0.42857142857142855,0.14285714285714285,0.14285714285714285,0.14285714285714285,0.0,0.0,0.0,0.14285714285714285,0.7142857142857143,1.0,0.0,0.2857142857142857,0.7142857142857143,0.0,1.0,0.7142857142857143,0.2857142857142857,1.0,0.0,0.0,0.0,0.0,1.0,0.0,0.0,0.14285714285714285,0.0,0.8571428571428571
SABANALARGA,2018,13,50,10,0.3,0.0,0.1,0.0,0.4,0.0,0.2,0.7,0.0,0.0,0.0,0.0,0.3,1.0,0.0,0.1,0.9,0.0,1.0,0.6,0.4,1.0,0.0,0.0,0.0,0.0,0.9,0.1,0.0,0.1,0.0,0.9
SABANALARGA,2018,13,51,8,0.875,0.125,0.0,0.0,0.0,0.0,0.0,0.125,0.0,0.0,0.125,0.0,0.75,1.0,0.0,0.25,0.75,0.0,1.0,0.25,0.75,1.0,0.0,0.0,0.0,0.0,0.75,0.25,0.0,0.125,0.0,0.875
SABANALARGA,2018,13,52,3,0.6666666666666666,0.0,0.0,0.0,0.0,0.0,0.3333333333333333,0.0,0.0,0.0,0.0,0.0,1.0,1.0,0.0,0.0,1.0,0.0,1.0,0.6666666666666666,0.3333333333333333,1.0,0.0,0.0,0.0,0.0,1.0,0.0,0.0,0.3333333333333333,0.0,0.6666666666666666
SABANALARGA,2019,1,1,6,0.16666666666666666,0.16666666666666666,0.0,0.0,0.5,0.0,0.16666666666666666,0.5,0.0,0.0,0.0,0.0,0.5,1.0,0.0,0.16666666666666666,0.8333333333333334,0.0,1.0,0.3333333333333333,0.6666666666666666,1.0,0.0,0.0,0.0,0.0,0.8333333333333334,0.16666666666666666,0.0,0.8333333333333334,0.0,0.16666666666666666
SABANALARGA,2019,1,2,6,0.16666666666666666,0.0,0.0,0.0,0.5,0.0,0.3333333333333333,0.3333333333333333,0.0,0.0,0.0,0.0,0.6666666666666666,0.8333333333333334,0.16666666666666666,0.16666666666666666,0.8333333333333334,0.0,1.0,1.0,0.0,1.0,0.0,0.0,0.0,0.0,0.3333333333333333,0.6666666666666666,0.0,0.3333333333333333,0.0,0.6666666666666666
SABANALARGA,2019,1,3,13,0.38461538461538464,0.0,0.0,0.0,0.46153846153846156,0.0,0.15384615384615385,0.23076923076923078,0.0,0.0,0.0,0.0,0.7692307692307693,1.0,0.0,0.23076923076923078,0.7692307692307693,0.0,1.0,0.5384615384615384,0.46153846153846156,1.0,0.0,0.0,0.0,0.0,0.6923076923076923,0.3076923076923077,0.0,0.15384615384615385,0.0,0.8461538461538461
SABANALARGA,2019,1,4,5,0.4,0.0,0.0,0.0,0.4,0.0,0.2,0.2,0.0,0.0,0.2,0.0,0.6,1.0,0.0,0.4,0.6,0.0,1.0,0.4,0.6,1.0,0.0,0.0,0.0,0.0,1.0,0.0,0.0,0.2,0.0,0.8
SABANALARGA,2019,2,5,8,0.25,0.25,0.0,0.0,0.25,0.0,0.25,0.25,0.0,0.0,0.125,0.0,0.625,1.0,0.0,0.25,0.75,0.0,1.0,0.625,0.375,1.0,0.0,0.0,0.0,0.0,0.625,0.375,0.0,0.0,0.0,1.0
SABANALARGA,2019,2,6,3,0.6666666666666666,0.0,0.0,0.0,0.3333333333333333,0.0,0.0,0.0,0.0,0.0,0.0,0.0,1.0,1.0,0.0,0.0,1.0,0.0,1.0,0.6666666666666666,0.3333333333333333,1.0,0.0,0.0,0.0,0.0,0.3333333333333333,0.6666666666666666,0.0,0.0,0.0,1.0
SABANALARGA,2019,2,7,3,0.3333333333333333,0.0,0.0,0.0,0.6666666666666666,0.0,0.0,0.0,0.0,0.0,0.0,0.0,1.0,1.0,0.0,0.0,1.0,0.0,1.0,0.6666666666666666,0.3333333333333333,1.0,0.0,0.0,0.0,0.0,0.6666666666666666,0.3333333333333333,0.0,0.0,0.0,1.0
SABANALARGA,2019,2,8,5,0.6,0.2,0.0,0.0,0.0,0.0,0.2,0.2,0.0,0.0,0.0,0.0,0.8,1.0,0.0,0.0,1.0,0.0,1.0,0.6,0.4,1.0,0.0,0.0,0.0,0.0,0.6,0.4,0.0,0.0,0.0,1.0
SABANALARGA,2019,3,9,1,1.0,0.0,0.0,0.0,0.0,0.0,0.0,0.0,0.0,0.0,0.0,0.0,1.0,1.0,0.0,0.0,1.0,0.0,1.0,0.0,1.0,1.0,0.0,0.0,0.0,0.0,0.0,1.0,0.0,0.0,0.0,1.0
SABANALARGA,2019,3,10,1,1.0,0.0,0.0,0.0,0.0,0.0,0.0,0.0,0.0,0.0,0.0,0.0,1.0,1.0,0.0,0.0,1.0,0.0,1.0,1.0,0.0,1.0,0.0,0.0,0.0,0.0,0.0,1.0,0.0,0.0,0.0,1.0
SABANALARGA,2019,3,11,3,0.0,0.0,0.0,0.0,0.6666666666666666,0.0,0.3333333333333333,0.0,0.0,0.0,0.0,0.0,1.0,1.0,0.0,0.0,1.0,0.0,1.0,0.0,1.0,1.0,0.0,0.0,0.0,0.0,0.3333333333333333,0.6666666666666666,0.0,0.3333333333333333,0.0,0.6666666666666666
SABANALARGA,2019,3,12,2,0.5,0.5,0.0,0.0,0.0,0.0,0.0,0.5,0.0,0.0,0.5,0.0,0.0,1.0,0.0,0.5,0.5,0.0,1.0,0.0,1.0,1.0,0.0,0.0,0.0,0.0,1.0,0.0,0.0,0.5,0.0,0.5
SABANALARGA,2019,4,13,3,0.6666666666666666,0.0,0.0,0.0,0.3333333333333333,0.0,0.0,0.0,0.0,0.0,0.0,0.0,1.0,1.0,0.0,0.3333333333333333,0.6666666666666666,0.0,1.0,1.0,0.0,1.0,0.0,0.0,0.0,0.0,0.0,1.0,0.0,0.0,0.0,1.0
SABANALARGA,2019,4,14,3,0.6666666666666666,0.0,0.0,0.0,0.0,0.0,0.3333333333333333,0.0,0.0,0.0,0.0,0.0,1.0,1.0,0.0,0.0,1.0,0.0,1.0,0.6666666666666666,0.3333333333333333,1.0,0.0,0.0,0.0,0.0,0.3333333333333333,0.6666666666666666,0.0,0.0,0.0,1.0
SABANALARGA,2019,4,15,2,0.5,0.0,0.0,0.0,0.5,0.0,0.0,0.0,0.0,0.0,0.0,0.0,1.0,1.0,0.0,0.5,0.5,0.0,1.0,0.5,0.5,1.0,0.0,0.0,0.0,0.0,0.5,0.5,0.0,0.0,0.0,1.0
SABANALARGA,2019,4,16,2,1.0,0.0,0.0,0.0,0.0,0.0,0.0,0.0,0.0,0.0,0.0,0.0,1.0,1.0,0.0,0.0,1.0,0.0,1.0,1.0,0.0,1.0,0.0,0.0,0.0,0.0,0.5,0.5,0.0,0.5,0.0,0.5
SABANALARGA,2019,5,17,8,0.5,0.0,0.0,0.0,0.25,0.125,0.125,0.25,0.0,0.0,0.0,0.0,0.75,1.0,0.0,0.25,0.75,0.0,1.0,0.75,0.25,1.0,0.0,0.0,0.0,0.0,0.5,0.5,0.0,0.25,0.0,0.75
SABANALARGA,2019,5,18,5,0.4,0.0,0.0,0.0,0.4,0.0,0.2,0.0,0.0,0.0,0.0,0.0,1.0,1.0,0.0,0.2,0.8,0.0,1.0,0.6,0.4,1.0,0.0,0.0,0.0,0.0,0.4,0.6,0.0,0.4,0.0,0.6
SABANALARGA,2019,5,19,3,0.3333333333333333,0.0,0.3333333333333333,0.0,0.0,0.0,0.3333333333333333,0.0,0.0,0.0,0.0,0.0,1.0,1.0,0.0,0.3333333333333333,0.6666666666666666,0.0,1.0,1.0,0.0,1.0,0.0,0.0,0.0,0.0,0.3333333333333333,0.6666666666666666,0.0,0.3333333333333333,0.0,0.6666666666666666
SABANALARGA,2019,5,20,2,0.5,0.0,0.0,0.0,0.0,0.0,0.5,0.0,0.0,0.0,0.0,0.0,1.0,1.0,0.0,0.0,1.0,0.0,1.0,1.0,0.0,1.0,0.0,0.0,0.0,0.0,0.5,0.0,0.5,0.5,0.0,0.5
SABANALARGA,2019,6,21,5,0.2,0.2,0.0,0.0,0.6,0.0,0.0,0.4,0.0,0.0,0.0,0.0,0.6,1.0,0.0,0.4,0.6,0.0,1.0,0.6,0.4,1.0,0.0,0.0,0.0,0.0,0.4,0.6,0.0,0.4,0.0,0.6
SABANALARGA,2019,6,22,2,0.5,0.0,0.0,0.0,0.5,0.0,0.0,0.0,0.0,0.0,0.0,0.0,1.0,1.0,0.0,0.5,0.5,0.0,1.0,0.0,1.0,1.0,0.0,0.0,0.0,0.0,1.0,0.0,0.0,0.0,0.0,1.0
SABANALARGA,2019,6,23,1,0.0,0.0,0.0,0.0,1.0,0.0,0.0,0.0,0.0,0.0,0.0,0.0,1.0,1.0,0.0,0.0,1.0,0.0,1.0,1.0,0.0,1.0,0.0,0.0,0.0,0.0,0.0,1.0,0.0,0.0,0.0,1.0
SABANALARGA,2019,6,24,7,0.42857142857142855,0.14285714285714285,0.0,0.0,0.42857142857142855,0.0,0.0,0.14285714285714285,0.0,0.0,0.0,0.0,0.8571428571428571,1.0,0.0,0.14285714285714285,0.8571428571428571,0.0,1.0,0.42857142857142855,0.5714285714285714,1.0,0.0,0.0,0.0,0.0,0.5714285714285714,0.42857142857142855,0.0,0.14285714285714285,0.0,0.8571428571428571
SABANALARGA,2019,7,25,4,0.25,0.0,0.25,0.0,0.25,0.0,0.25,0.5,0.0,0.0,0.0,0.0,0.5,1.0,0.0,0.0,1.0,0.0,1.0,0.75,0.25,1.0,0.0,0.0,0.0,0.0,1.0,0.0,0.0,0.25,0.0,0.75
SABANALARGA,2019,7,26,8,0.75,0.0,0.0,0.0,0.25,0.0,0.0,0.125,0.0,0.0,0.0,0.0,0.875,1.0,0.0,0.625,0.375,0.0,1.0,0.75,0.25,1.0,0.0,0.0,0.0,0.0,0.875,0.125,0.0,0.0,0.0,1.0
SABANALARGA,2019,7,27,12,0.5,0.0,0.0,0.0,0.25,0.0,0.25,0.4166666666666667,0.08333333333333333,0.0,0.0,0.08333333333333333,0.4166666666666667,1.0,0.0,0.5,0.5,0.0,1.0,0.6666666666666666,0.3333333333333333,1.0,0.0,0.0,0.0,0.0,0.6666666666666666,0.3333333333333333,0.0,0.08333333333333333,0.0,0.9166666666666666
SABANALARGA,2019,7,28,11,0.45454545454545453,0.0,0.0,0.0,0.45454545454545453,0.0,0.09090909090909091,0.2727272727272727,0.0,0.0,0.0,0.0,0.7272727272727273,1.0,0.0,0.2727272727272727,0.7272727272727273,0.0,1.0,0.7272727272727273,0.2727272727272727,1.0,0.0,0.0,0.0,0.0,0.6363636363636364,0.36363636363636365,0.0,0.0,0.0,1.0
SABANALARGA,2019,8,29,11,0.36363636363636365,0.0,0.0,0.0,0.6363636363636364,0.0,0.0,0.36363636363636365,0.0,0.0,0.0,0.0,0.6363636363636364,1.0,0.0,0.09090909090909091,0.9090909090909091,0.0,1.0,0.45454545454545453,0.5454545454545454,1.0,0.0,0.0,0.0,0.0,0.6363636363636364,0.36363636363636365,0.0,0.0,0.0,1.0
SABANALARGA,2019,8,30,5,0.2,0.2,0.0,0.0,0.4,0.0,0.2,0.2,0.0,0.0,0.0,0.2,0.6,1.0,0.0,0.0,1.0,0.0,1.0,0.6,0.4,1.0,0.0,0.0,0.0,0.0,0.4,0.6,0.0,0.6,0.0,0.4
SABANALARGA,2019,8,31,7,0.14285714285714285,0.0,0.0,0.0,0.2857142857142857,0.0,0.5714285714285714,0.14285714285714285,0.0,0.0,0.0,0.0,0.8571428571428571,1.0,0.0,0.5714285714285714,0.42857142857142855,0.0,1.0,0.42857142857142855,0.5714285714285714,1.0,0.0,0.0,0.0,0.0,0.8571428571428571,0.14285714285714285,0.0,0.14285714285714285,0.0,0.8571428571428571
SABANALARGA,2019,8,32,4,0.5,0.25,0.0,0.0,0.0,0.0,0.25,0.25,0.0,0.0,0.0,0.0,0.75,1.0,0.0,0.5,0.5,0.0,1.0,0.5,0.5,1.0,0.0,0.0,0.0,0.0,1.0,0.0,0.0,0.25,0.0,0.75
SABANALARGA,2019,9,33,11,0.6363636363636364,0.0,0.0,0.0,0.09090909090909091,0.0,0.2727272727272727,0.36363636363636365,0.0,0.0,0.0,0.09090909090909091,0.5454545454545454,1.0,0.0,0.2727272727272727,0.7272727272727273,0.0,1.0,0.2727272727272727,0.7272727272727273,1.0,0.0,0.0,0.0,0.0,0.9090909090909091,0.09090909090909091,0.0,0.18181818181818182,0.0,0.8181818181818182
SABANALARGA,2019,9,34,9,0.4444444444444444,0.2222222222222222,0.0,0.0,0.2222222222222222,0.0,0.1111111111111111,0.4444444444444444,0.0,0.0,0.0,0.0,0.5555555555555556,1.0,0.0,0.6666666666666666,0.3333333333333333,0.0,1.0,0.5555555555555556,0.4444444444444444,1.0,0.0,0.0,0.0,0.0,0.6666666666666666,0.3333333333333333,0.0,0.0,0.0,1.0
SABANALARGA,2019,9,35,4,0.25,0.0,0.0,0.0,0.5,0.0,0.25,0.5,0.0,0.0,0.0,0.0,0.5,1.0,0.0,0.5,0.5,0.0,1.0,0.25,0.75,1.0,0.0,0.0,0.0,0.0,0.5,0.5,0.0,0.0,0.0,1.0
SABANALARGA,2019,9,36,4,0.25,0.5,0.0,0.0,0.0,0.0,0.25,0.25,0.0,0.0,0.0,0.0,0.75,1.0,0.0,0.75,0.25,0.0,1.0,0.75,0.25,1.0,0.0,0.0,0.0,0.0,0.5,0.5,0.0,0.0,0.0,1.0
SABANALARGA,2019,10,37,2,1.0,0.0,0.0,0.0,0.0,0.0,0.0,0.5,0.0,0.0,0.0,0.0,0.5,1.0,0.0,0.0,1.0,0.0,1.0,1.0,0.0,1.0,0.0,0.0,0.0,0.0,0.5,0.5,0.0,0.5,0.0,0.5
SABANALARGA,2019,10,38,6,0.8333333333333334,0.0,0.0,0.0,0.16666666666666666,0.0,0.0,0.16666666666666666,0.0,0.0,0.0,0.0,0.8333333333333334,1.0,0.0,0.16666666666666666,0.8333333333333334,0.0,1.0,0.3333333333333333,0.6666666666666666,1.0,0.0,0.0,0.0,0.0,0.6666666666666666,0.3333333333333333,0.0,0.0,0.0,1.0
SABANALARGA,2019,10,39,3,0.3333333333333333,0.0,0.0,0.0,0.3333333333333333,0.0,0.3333333333333333,0.6666666666666666,0.0,0.0,0.0,0.0,0.3333333333333333,1.0,0.0,0.0,1.0,0.0,1.0,0.3333333333333333,0.6666666666666666,1.0,0.0,0.0,0.0,0.0,1.0,0.0,0.0,0.0,0.0,1.0
SABANALARGA,2019,10,40,6,0.5,0.3333333333333333,0.0,0.0,0.0,0.16666666666666666,0.0,0.3333333333333333,0.0,0.0,0.16666666666666666,0.0,0.5,1.0,0.0,0.8333333333333334,0.16666666666666666,0.0,1.0,0.3333333333333333,0.6666666666666666,1.0,0.0,0.0,0.0,0.0,0.8333333333333334,0.16666666666666666,0.0,0.0,0.0,1.0
SABANALARGA,2019,11,41,10,0.5,0.1,0.0,0.0,0.3,0.0,0.1,0.3,0.0,0.0,0.0,0.0,0.7,1.0,0.0,0.1,0.9,0.0,1.0,0.6,0.4,1.0,0.0,0.0,0.0,0.0,0.9,0.1,0.0,0.0,0.0,1.0
SABANALARGA,2019,11,42,6,0.3333333333333333,0.16666666666666666,0.0,0.0,0.3333333333333333,0.0,0.16666666666666666,0.0,0.0,0.0,0.0,0.0,1.0,1.0,0.0,0.16666666666666666,0.8333333333333334,0.0,1.0,0.6666666666666666,0.3333333333333333,1.0,0.0,0.0,0.0,0.0,1.0,0.0,0.0,0.16666666666666666,0.0,0.8333333333333334
SABANALARGA,2019,11,43,6,0.5,0.0,0.0,0.0,0.3333333333333333,0.0,0.16666666666666666,0.6666666666666666,0.0,0.0,0.0,0.0,0.3333333333333333,1.0,0.0,0.3333333333333333,0.6666666666666666,0.0,1.0,0.5,0.5,1.0,0.0,0.0,0.0,0.0,0.8333333333333334,0.16666666666666666,0.0,0.0,0.0,1.0
SABANALARGA,2019,11,44,13,0.5384615384615384,0.07692307692307693,0.0,0.0,0.3076923076923077,0.0,0.07692307692307693,0.38461538461538464,0.0,0.07692307692307693,0.0,0.0,0.5384615384615384,1.0,0.0,0.07692307692307693,0.9230769230769231,0.0,1.0,0.5384615384615384,0.46153846153846156,1.0,0.0,0.0,0.0,0.0,0.6923076923076923,0.3076923076923077,0.0,0.07692307692307693,0.0,0.9230769230769231
SABANALARGA,2019,12,45,6,0.3333333333333333,0.0,0.0,0.0,0.3333333333333333,0.0,0.3333333333333333,0.16666666666666666,0.0,0.16666666666666666,0.16666666666666666,0.0,0.5,1.0,0.0,0.5,0.5,0.0,1.0,0.6666666666666666,0.3333333333333333,1.0,0.0,0.0,0.0,0.0,0.8333333333333334,0.16666666666666666,0.0,0.16666666666666666,0.0,0.8333333333333334
SABANALARGA,2019,12,46,14,0.5714285714285714,0.07142857142857142,0.07142857142857142,0.0,0.21428571428571427,0.0,0.07142857142857142,0.2857142857142857,0.0,0.07142857142857142,0.0,0.0,0.6428571428571429,1.0,0.0,0.2857142857142857,0.7142857142857143,0.0,1.0,0.7857142857142857,0.21428571428571427,1.0,0.0,0.0,0.0,0.0,0.7857142857142857,0.21428571428571427,0.0,0.0,0.0,1.0
SABANALARGA,2019,12,47,5,0.4,0.0,0.0,0.0,0.6,0.0,0.0,0.0,0.0,0.0,0.0,0.0,1.0,0.8,0.2,0.2,0.8,0.0,1.0,0.4,0.6,1.0,0.0,0.0,0.0,0.0,1.0,0.0,0.0,0.0,0.0,1.0
SABANALARGA,2019,12,48,12,0.16666666666666666,0.3333333333333333,0.0,0.0,0.4166666666666667,0.0,0.08333333333333333,0.4166666666666667,0.0,0.0,0.0,0.0,0.5833333333333334,0.9166666666666666,0.08333333333333333,0.25,0.75,0.0,1.0,0.6666666666666666,0.3333333333333333,1.0,0.0,0.0,0.0,0.0,0.9166666666666666,0.08333333333333333,0.0,0.0,0.0,1.0
SABANALARGA,2019,13,49,9,0.2222222222222222,0.0,0.0,0.0,0.5555555555555556,0.0,0.2222222222222222,0.3333333333333333,0.0,0.0,0.0,0.0,0.6666666666666666,1.0,0.0,0.3333333333333333,0.6666666666666666,0.0,1.0,0.3333333333333333,0.6666666666666666,1.0,0.0,0.0,0.0,0.0,0.7777777777777778,0.2222222222222222,0.0,0.1111111111111111,0.0,0.8888888888888888
SABANALARGA,2019,13,50,14,0.2857142857142857,0.14285714285714285,0.0,0.0,0.2857142857142857,0.0,0.2857142857142857,0.35714285714285715,0.0,0.0,0.0,0.07142857142857142,0.5714285714285714,1.0,0.0,0.35714285714285715,0.6428571428571429,0.0,1.0,0.5714285714285714,0.42857142857142855,1.0,0.0,0.0,0.0,0.0,0.8571428571428571,0.14285714285714285,0.0,0.21428571428571427,0.0,0.7857142857142857
SABANALARGA,2019,13,51,15,0.5333333333333333,0.0,0.0,0.0,0.13333333333333333,0.0,0.3333333333333333,0.13333333333333333,0.0,0.06666666666666667,0.0,0.06666666666666667,0.7333333333333333,1.0,0.0,0.2,0.8,0.0,1.0,0.6,0.4,1.0,0.0,0.0,0.0,0.0,0.8,0.2,0.0,0.13333333333333333,0.0,0.8666666666666667
SABANALARGA,2019,13,52,5,0.6,0.0,0.0,0.0,0.4,0.0,0.0,0.4,0.0,0.0,0.0,0.0,0.6,1.0,0.0,0.2,0.8,0.0,1.0,0.4,0.6,1.0,0.0,0.0,0.0,0.0,1.0,0.0,0.0,0.0,0.0,1.0
SABANALARGA,2020,1,1,7,0.2857142857142857,0.2857142857142857,0.0,0.0,0.42857142857142855,0.0,0.0,0.42857142857142855,0.0,0.0,0.14285714285714285,0.0,0.42857142857142855,1.0,0.0,0.2857142857142857,0.7142857142857143,0.0,1.0,0.0,1.0,1.0,0.0,0.0,0.0,0.0,0.5714285714285714,0.2857142857142857,0.14285714285714285,0.14285714285714285,0.0,0.8571428571428571
SABANALARGA,2020,1,2,12,0.4166666666666667,0.16666666666666666,0.0,0.0,0.25,0.0,0.16666666666666666,0.5,0.0,0.0,0.0,0.16666666666666666,0.3333333333333333,1.0,0.0,0.16666666666666666,0.8333333333333334,0.0,1.0,0.9166666666666666,0.08333333333333333,1.0,0.0,0.0,0.0,0.0,1.0,0.0,0.0,0.16666666666666666,0.0,0.8333333333333334
SABANALARGA,2020,1,3,9,0.4444444444444444,0.0,0.0,0.0,0.3333333333333333,0.0,0.2222222222222222,0.4444444444444444,0.0,0.0,0.0,0.1111111111111111,0.4444444444444444,1.0,0.0,0.0,1.0,0.0,1.0,0.4444444444444444,0.5555555555555556,1.0,0.0,0.0,0.0,0.0,0.6666666666666666,0.2222222222222222,0.1111111111111111,0.1111111111111111,0.0,0.8888888888888888
SABANALARGA,2020,1,4,3,0.3333333333333333,0.0,0.0,0.0,0.6666666666666666,0.0,0.0,0.6666666666666666,0.0,0.0,0.0,0.0,0.3333333333333333,1.0,0.0,0.3333333333333333,0.6666666666666666,0.0,1.0,1.0,0.0,1.0,0.0,0.0,0.0,0.0,1.0,0.0,0.0,0.0,0.0,1.0
SABANALARGA,2020,2,5,8,0.625,0.0,0.0,0.0,0.125,0.0,0.25,0.5,0.0,0.0,0.0,0.125,0.375,0.875,0.125,0.25,0.75,0.0,1.0,0.625,0.375,1.0,0.0,0.0,0.0,0.0,0.875,0.125,0.0,0.0,0.0,1.0
SABANALARGA,2020,2,6,4,0.75,0.0,0.0,0.0,0.25,0.0,0.0,0.25,0.0,0.0,0.0,0.0,0.75,1.0,0.0,0.5,0.5,0.0,1.0,1.0,0.0,1.0,0.0,0.0,0.0,0.0,1.0,0.0,0.0,0.0,0.0,1.0
SABANALARGA,2020,2,7,1,0.0,1.0,0.0,0.0,0.0,0.0,0.0,1.0,0.0,0.0,0.0,0.0,0.0,1.0,0.0,1.0,0.0,0.0,1.0,1.0,0.0,1.0,0.0,0.0,0.0,0.0,1.0,0.0,0.0,0.0,0.0,1.0
SABANALARGA,2020,2,8,3,1.0,0.0,0.0,0.0,0.0,0.0,0.0,0.6666666666666666,0.0,0.0,0.0,0.0,0.3333333333333333,1.0,0.0,0.0,1.0,0.0,1.0,0.3333333333333333,0.6666666666666666,1.0,0.0,0.0,0.0,0.0,1.0,0.0,0.0,0.3333333333333333,0.0,0.6666666666666666
SABANALARGA,2020,3,9,2,0.5,0.0,0.0,0.0,0.5,0.0,0.0,0.5,0.0,0.0,0.0,0.0,0.5,1.0,0.0,0.5,0.5,0.0,1.0,0.5,0.5,1.0,0.0,0.0,0.0,0.0,1.0,0.0,0.0,0.0,0.0,1.0
SABANALARGA,2020,3,10,3,0.6666666666666666,0.0,0.0,0.0,0.3333333333333333,0.0,0.0,0.3333333333333333,0.0,0.3333333333333333,0.0,0.3333333333333333,0.0,1.0,0.0,0.3333333333333333,0.6666666666666666,0.0,1.0,0.6666666666666666,0.3333333333333333,1.0,0.0,0.0,0.0,0.0,1.0,0.0,0.0,0.0,0.0,1.0
SABANALARGA,2020,3,11,1,1.0,0.0,0.0,0.0,0.0,0.0,0.0,0.0,0.0,0.0,0.0,0.0,1.0,1.0,0.0,0.0,1.0,0.0,1.0,1.0,0.0,1.0,0.0,0.0,0.0,0.0,1.0,0.0,0.0,0.0,0.0,1.0
SABANALARGA,2020,4,14,1,0.0,0.0,0.0,0.0,1.0,0.0,0.0,0.0,0.0,0.0,0.0,0.0,1.0,1.0,0.0,0.0,1.0,0.0,1.0,1.0,0.0,1.0,0.0,0.0,0.0,0.0,1.0,0.0,0.0,0.0,0.0,1.0
SABANALARGA,2020,4,15,1,0.0,0.0,0.0,0.0,0.0,0.0,1.0,0.0,0.0,0.0,0.0,0.0,1.0,1.0,0.0,1.0,0.0,0.0,1.0,1.0,0.0,1.0,0.0,0.0,0.0,0.0,0.0,1.0,0.0,0.0,0.0,1.0
SABANALARGA,2020,6,22,1,0.0,0.0,1.0,0.0,0.0,0.0,0.0,0.0,0.0,0.0,0.0,0.0,1.0,1.0,0.0,0.0,1.0,0.0,1.0,1.0,0.0,1.0,0.0,0.0,0.0,0.0,0.0,1.0,0.0,0.0,0.0,1.0
SABANALARGA,2020,6,24,1,0.0,0.0,0.0,0.0,0.0,0.0,1.0,0.0,0.0,0.0,0.0,0.0,1.0,1.0,0.0,1.0,0.0,0.0,1.0,1.0,0.0,1.0,0.0,0.0,0.0,0.0,1.0,0.0,0.0,0.0,0.0,1.0
SABANALARGA,2020,8,30,1,1.0,0.0,0.0,0.0,0.0,0.0,0.0,0.0,0.0,0.0,0.0,0.0,1.0,1.0,0.0,0.0,1.0,0.0,1.0,0.0,1.0,1.0,0.0,0.0,0.0,0.0,1.0,0.0,0.0,0.0,0.0,1.0
SABANALARGA,2020,8,31,2,0.0,0.0,0.0,0.0,1.0,0.0,0.0,1.0,0.0,0.0,0.0,0.0,0.0,1.0,0.0,0.0,1.0,0.0,1.0,0.0,1.0,1.0,0.0,0.0,0.0,0.0,1.0,0.0,0.0,0.0,0.0,1.0
SABANALARGA,2020,8,32,1,0.0,0.0,1.0,0.0,0.0,0.0,0.0,0.0,0.0,0.0,0.0,0.0,1.0,1.0,0.0,0.0,1.0,0.0,1.0,0.0,1.0,1.0,0.0,0.0,0.0,0.0,0.0,1.0,0.0,0.0,0.0,1.0
SABANALARGA,2020,9,33,1,0.0,0.0,1.0,0.0,0.0,0.0,0.0,0.0,0.0,0.0,0.0,0.0,1.0,1.0,0.0,0.0,1.0,0.0,1.0,1.0,0.0,1.0,0.0,0.0,0.0,0.0,1.0,0.0,0.0,0.0,0.0,1.0
SABANALARGA,2020,9,34,1,1.0,0.0,0.0,0.0,0.0,0.0,0.0,0.0,0.0,0.0,0.0,0.0,1.0,1.0,0.0,1.0,0.0,0.0,1.0,1.0,0.0,1.0,0.0,0.0,0.0,0.0,1.0,0.0,0.0,0.0,0.0,1.0
SABANALARGA,2020,9,35,2,0.5,0.0,0.0,0.0,0.0,0.0,0.5,0.5,0.0,0.0,0.0,0.0,0.5,1.0,0.0,0.0,1.0,0.0,1.0,0.0,1.0,1.0,0.0,0.0,0.0,0.0,1.0,0.0,0.0,0.5,0.0,0.5
SABANALARGA,2020,9,36,3,0.0,0.0,0.0,0.0,0.3333333333333333,0.0,0.6666666666666666,0.0,0.0,0.0,0.0,0.0,1.0,0.6666666666666666,0.3333333333333333,0.3333333333333333,0.6666666666666666,0.0,1.0,0.3333333333333333,0.6666666666666666,1.0,0.0,0.0,0.0,0.0,1.0,0.0,0.0,0.0,0.0,1.0
SABANALARGA,2020,10,37,2,0.0,0.5,0.0,0.0,0.5,0.0,0.0,0.5,0.0,0.0,0.0,0.0,0.5,1.0,0.0,0.5,0.5,0.0,1.0,0.5,0.5,1.0,0.0,0.0,0.0,0.0,1.0,0.0,0.0,0.0,0.0,1.0
SABANALARGA,2020,10,38,3,0.3333333333333333,0.0,0.0,0.0,0.6666666666666666,0.0,0.0,0.0,0.0,0.0,0.0,0.0,1.0,1.0,0.0,0.0,1.0,0.0,1.0,0.3333333333333333,0.6666666666666666,1.0,0.0,0.0,0.0,0.0,0.6666666666666666,0.3333333333333333,0.0,0.0,0.0,1.0
SABANALARGA,2020,10,39,1,1.0,0.0,0.0,0.0,0.0,0.0,0.0,0.0,0.0,0.0,0.0,0.0,1.0,1.0,0.0,0.0,1.0,0.0,1.0,0.0,1.0,1.0,0.0,0.0,0.0,0.0,1.0,0.0,0.0,0.0,0.0,1.0
SABANALARGA,2020,10,40,1,1.0,0.0,0.0,0.0,0.0,0.0,0.0,1.0,0.0,0.0,0.0,0.0,0.0,1.0,0.0,0.0,1.0,0.0,1.0,0.0,1.0,1.0,0.0,0.0,0.0,0.0,1.0,0.0,0.0,0.0,0.0,1.0
SABANALARGA,2020,11,41,4,0.5,0.0,0.0,0.0,0.25,0.0,0.25,0.25,0.0,0.0,0.0,0.0,0.75,0.75,0.25,0.0,1.0,0.0,1.0,0.75,0.25,1.0,0.0,0.0,0.0,0.0,1.0,0.0,0.0,0.25,0.0,0.75
SABANALARGA,2020,11,42,3,0.6666666666666666,0.0,0.0,0.0,0.3333333333333333,0.0,0.0,0.0,0.0,0.0,0.0,0.0,1.0,0.3333333333333333,0.6666666666666666,0.0,1.0,0.0,1.0,0.6666666666666666,0.3333333333333333,1.0,0.0,0.0,0.0,0.0,0.6666666666666666,0.3333333333333333,0.0,0.6666666666666666,0.0,0.3333333333333333
SABANALARGA,2020,11,43,6,0.3333333333333333,0.16666666666666666,0.0,0.0,0.5,0.0,0.0,0.0,0.0,0.0,0.0,0.0,1.0,1.0,0.0,0.16666666666666666,0.8333333333333334,0.0,1.0,0.5,0.5,1.0,0.0,0.0,0.0,0.0,1.0,0.0,0.0,0.0,0.0,1.0
SABANALARGA,2020,11,44,3,0.6666666666666666,0.3333333333333333,0.0,0.0,0.0,0.0,0.0,0.0,0.0,0.0,0.3333333333333333,0.0,0.6666666666666666,1.0,0.0,0.0,1.0,0.0,1.0,0.0,1.0,1.0,0.0,0.0,0.0,0.0,0.3333333333333333,0.3333333333333333,0.3333333333333333,0.0,0.0,1.0
SABANALARGA,2020,12,45,1,1.0,0.0,0.0,0.0,0.0,0.0,0.0,1.0,0.0,0.0,0.0,0.0,0.0,1.0,0.0,0.0,1.0,0.0,1.0,1.0,0.0,1.0,0.0,0.0,0.0,0.0,1.0,0.0,0.0,0.0,0.0,1.0
SABANALARGA,2020,12,46,2,1.0,0.0,0.0,0.0,0.0,0.0,0.0,0.0,0.0,0.0,0.0,0.0,1.0,1.0,0.0,0.0,1.0,0.0,1.0,0.0,1.0,1.0,0.0,0.0,0.0,0.0,0.5,0.0,0.5,0.0,0.0,1.0
SABANALARGA,2020,12,47,4,0.5,0.0,0.0,0.0,0.5,0.0,0.0,0.0,0.0,0.0,0.0,0.5,0.5,1.0,0.0,0.0,1.0,0.0,1.0,0.0,1.0,1.0,0.0,0.0,0.0,0.0,0.5,0.25,0.25,0.0,0.0,1.0
SABANALARGA,2020,12,48,2,0.0,0.5,0.0,0.0,0.5,0.0,0.0,0.0,0.0,0.0,0.0,0.0,1.0,1.0,0.0,0.0,1.0,0.0,1.0,0.0,1.0,1.0,0.0,0.0,0.0,0.0,1.0,0.0,0.0,0.0,0.0,1.0
SABANALARGA,2020,13,49,4,0.5,0.0,0.0,0.0,0.0,0.0,0.5,0.25,0.0,0.0,0.0,0.0,0.75,1.0,0.0,0.0,1.0,0.0,1.0,0.5,0.5,1.0,0.0,0.0,0.0,0.0,1.0,0.0,0.0,0.0,0.0,1.0
SABANALARGA,2020,13,50,2,0.5,0.0,0.0,0.0,0.5,0.0,0.0,0.0,0.0,0.0,0.0,0.0,1.0,1.0,0.0,0.5,0.5,0.0,1.0,1.0,0.0,1.0,0.0,0.0,0.0,0.0,1.0,0.0,0.0,0.0,0.0,1.0
SABANALARGA,2020,13,51,6,0.6666666666666666,0.0,0.0,0.0,0.3333333333333333,0.0,0.0,0.16666666666666666,0.0,0.0,0.0,0.0,0.8333333333333334,1.0,0.0,0.16666666666666666,0.8333333333333334,0.0,1.0,0.8333333333333334,0.16666666666666666,1.0,0.0,0.0,0.0,0.0,1.0,0.0,0.0,0.0,0.0,1.0
SABANALARGA,2020,13,52,7,0.8571428571428571,0.0,0.0,0.0,0.14285714285714285,0.0,0.0,0.42857142857142855,0.0,0.0,0.0,0.0,0.5714285714285714,1.0,0.0,0.14285714285714285,0.8571428571428571,0.0,1.0,0.5714285714285714,0.42857142857142855,1.0,0.0,0.0,0.0,0.0,1.0,0.0,0.0,0.14285714285714285,0.0,0.8571428571428571
SABANALARGA,2020,14,53,3,0.6666666666666666,0.0,0.0,0.0,0.3333333333333333,0.0,0.0,0.0,0.0,0.3333333333333333,0.0,0.0,0.6666666666666666,1.0,0.0,0.3333333333333333,0.6666666666666666,0.0,1.0,0.3333333333333333,0.6666666666666666,1.0,0.0,0.0,0.0,0.0,1.0,0.0,0.0,0.0,0.0,1.0
SABANALARGA,2021,1,1,2,0.5,0.0,0.0,0.0,0.0,0.5,0.0,0.0,0.0,0.0,0.0,0.0,1.0,1.0,0.0,0.0,1.0,0.0,1.0,0.5,0.5,1.0,0.0,0.0,0.0,0.0,1.0,0.0,0.0,0.5,0.0,0.5
SABANALARGA,2021,1,2,2,0.0,0.5,0.0,0.0,0.0,0.0,0.5,1.0,0.0,0.0,0.0,0.0,0.0,1.0,0.0,0.5,0.5,0.0,1.0,0.5,0.5,1.0,0.0,0.0,0.0,0.0,1.0,0.0,0.0,1.0,0.0,0.0
SABANALARGA,2021,1,3,4,0.75,0.0,0.0,0.0,0.25,0.0,0.0,0.25,0.0,0.0,0.0,0.0,0.75,0.75,0.25,0.25,0.75,0.0,1.0,0.25,0.75,1.0,0.0,0.0,0.0,0.0,1.0,0.0,0.0,0.0,0.0,1.0
SABANALARGA,2021,1,4,1,1.0,0.0,0.0,0.0,0.0,0.0,0.0,1.0,0.0,0.0,0.0,0.0,0.0,1.0,0.0,0.0,1.0,0.0,1.0,0.0,1.0,1.0,0.0,0.0,0.0,0.0,1.0,0.0,0.0,1.0,0.0,0.0
SABANALARGA,2021,2,7,2,1.0,0.0,0.0,0.0,0.0,0.0,0.0,0.0,0.0,0.0,0.0,0.0,1.0,0.5,0.5,0.0,1.0,0.0,1.0,0.5,0.5,1.0,0.0,0.0,0.0,0.0,1.0,0.0,0.0,0.0,0.0,1.0
SABANALARGA,2021,2,8,1,1.0,0.0,0.0,0.0,0.0,0.0,0.0,0.0,0.0,0.0,0.0,0.0,1.0,1.0,0.0,0.0,1.0,0.0,1.0,1.0,0.0,1.0,0.0,0.0,0.0,0.0,1.0,0.0,0.0,0.0,0.0,1.0
SABANALARGA,2021,4,14,1,0.0,1.0,0.0,0.0,0.0,0.0,0.0,1.0,0.0,0.0,0.0,0.0,0.0,1.0,0.0,0.0,1.0,0.0,1.0,0.0,1.0,1.0,0.0,0.0,0.0,0.0,1.0,0.0,0.0,0.0,0.0,1.0
SABANALARGA,2021,5,18,1,0.0,1.0,0.0,0.0,0.0,0.0,0.0,0.0,0.0,0.0,0.0,0.0,1.0,1.0,0.0,0.0,1.0,0.0,1.0,1.0,0.0,1.0,0.0,0.0,0.0,0.0,1.0,0.0,0.0,0.0,0.0,1.0
SABANALARGA,2021,5,20,1,0.0,1.0,0.0,0.0,0.0,0.0,0.0,1.0,0.0,0.0,0.0,0.0,0.0,1.0,0.0,0.0,1.0,0.0,1.0,1.0,0.0,1.0,0.0,0.0,0.0,0.0,1.0,0.0,0.0,0.0,0.0,1.0
SABANALARGA,2021,6,24,1,0.0,0.0,0.0,0.0,0.0,0.0,1.0,1.0,0.0,0.0,0.0,0.0,0.0,1.0,0.0,1.0,0.0,0.0,1.0,0.0,1.0,1.0,0.0,0.0,0.0,0.0,1.0,0.0,0.0,0.0,0.0,1.0
SABANALARGA,2021,7,26,3,0.6666666666666666,0.0,0.3333333333333333,0.0,0.0,0.0,0.0,0.3333333333333333,0.0,0.0,0.0,0.0,0.6666666666666666,1.0,0.0,0.0,1.0,0.0,1.0,0.6666666666666666,0.3333333333333333,1.0,0.0,0.0,0.0,0.0,1.0,0.0,0.0,0.3333333333333333,0.0,0.6666666666666666
SABANALARGA,2021,7,27,1,1.0,0.0,0.0,0.0,0.0,0.0,0.0,1.0,0.0,0.0,0.0,0.0,0.0,1.0,0.0,1.0,0.0,0.0,1.0,1.0,0.0,1.0,0.0,0.0,0.0,0.0,1.0,0.0,0.0,0.0,0.0,1.0
SABANALARGA,2021,8,29,3,0.6666666666666666,0.0,0.0,0.0,0.0,0.0,0.3333333333333333,0.3333333333333333,0.0,0.0,0.0,0.0,0.6666666666666666,1.0,0.0,0.6666666666666666,0.3333333333333333,0.0,1.0,0.3333333333333333,0.6666666666666666,1.0,0.0,0.0,0.0,0.0,1.0,0.0,0.0,0.0,0.0,1.0
SABANALARGA,2021,8,30,2,0.5,0.5,0.0,0.0,0.0,0.0,0.0,0.0,0.0,0.0,0.0,0.0,1.0,1.0,0.0,0.0,1.0,0.0,1.0,0.0,1.0,1.0,0.0,0.0,0.0,0.0,1.0,0.0,0.0,0.0,0.0,1.0
SABANALARGA,2021,8,31,3,0.0,0.3333333333333333,0.0,0.0,0.3333333333333333,0.0,0.3333333333333333,1.0,0.0,0.0,0.0,0.0,0.0,1.0,0.0,0.3333333333333333,0.6666666666666666,0.0,1.0,1.0,0.0,1.0,0.0,0.0,0.0,0.0,1.0,0.0,0.0,0.0,0.0,1.0
SABANALARGA,2021,8,32,4,0.5,0.0,0.0,0.0,0.0,0.0,0.5,0.5,0.0,0.0,0.0,0.0,0.5,1.0,0.0,0.5,0.5,0.0,1.0,0.5,0.5,1.0,0.0,0.0,0.0,0.0,1.0,0.0,0.0,0.0,0.0,1.0
SABANALARGA,2021,9,33,5,0.6,0.4,0.0,0.0,0.0,0.0,0.0,0.2,0.0,0.0,0.0,0.0,0.8,1.0,0.0,0.2,0.8,0.0,1.0,0.2,0.8,1.0,0.0,0.0,0.0,0.0,1.0,0.0,0.0,0.0,0.0,1.0
SABANALARGA,2021,9,34,4,0.75,0.25,0.0,0.0,0.0,0.0,0.0,0.25,0.0,0.0,0.0,0.25,0.5,1.0,0.0,0.0,1.0,0.0,1.0,0.5,0.5,1.0,0.0,0.0,0.0,0.0,1.0,0.0,0.0,0.0,0.0,1.0
SABANALARGA,2021,9,35,3,0.0,0.0,0.0,0.0,1.0,0.0,0.0,0.0,0.0,0.0,0.0,0.0,1.0,1.0,0.0,0.3333333333333333,0.6666666666666666,0.0,1.0,1.0,0.0,1.0,0.0,0.0,0.0,0.0,1.0,0.0,0.0,0.0,0.0,1.0
SABANALARGA,2021,9,36,2,0.0,1.0,0.0,0.0,0.0,0.0,0.0,0.0,0.0,0.0,0.0,0.5,0.5,1.0,0.0,0.0,1.0,0.0,1.0,0.0,1.0,1.0,0.0,0.0,0.0,0.0,1.0,0.0,0.0,0.5,0.0,0.5
SABANALARGA,2021,10,37,3,0.3333333333333333,0.3333333333333333,0.0,0.0,0.3333333333333333,0.0,0.0,0.6666666666666666,0.0,0.0,0.0,0.0,0.3333333333333333,1.0,0.0,0.6666666666666666,0.3333333333333333,0.0,1.0,0.3333333333333333,0.6666666666666666,1.0,0.0,0.0,0.0,0.0,1.0,0.0,0.0,0.0,0.0,1.0
SABANALARGA,2021,10,38,2,0.5,0.0,0.0,0.0,0.0,0.0,0.5,0.0,0.0,0.0,0.0,0.0,1.0,1.0,0.0,0.5,0.5,0.0,1.0,0.0,1.0,1.0,0.0,0.0,0.0,0.0,1.0,0.0,0.0,0.0,0.0,1.0
SABANALARGA,2021,10,39,6,0.6666666666666666,0.0,0.0,0.0,0.3333333333333333,0.0,0.0,0.16666666666666666,0.0,0.0,0.0,0.16666666666666666,0.6666666666666666,1.0,0.0,0.5,0.5,0.0,1.0,0.3333333333333333,0.6666666666666666,1.0,0.0,0.0,0.0,0.0,0.8333333333333334,0.0,0.16666666666666666,0.16666666666666666,0.0,0.8333333333333334
SABANALARGA,2021,10,40,4,0.25,0.25,0.0,0.0,0.5,0.0,0.0,0.25,0.0,0.0,0.0,0.0,0.75,0.75,0.25,0.5,0.5,0.0,1.0,0.25,0.75,1.0,0.0,0.0,0.0,0.0,1.0,0.0,0.0,0.0,0.0,1.0
SABANALARGA,2021,11,41,17,0.29411764705882354,0.11764705882352941,0.0,0.0,0.35294117647058826,0.0,0.23529411764705882,0.11764705882352941,0.0,0.0,0.0,0.11764705882352941,0.7647058823529411,1.0,0.0,0.23529411764705882,0.7647058823529411,0.0,1.0,0.4117647058823529,0.5882352941176471,1.0,0.0,0.0,0.0,0.0,0.8235294117647058,0.0,0.17647058823529413,0.11764705882352941,0.0,0.8823529411764706
SABANALARGA,2021,11,42,11,0.6363636363636364,0.0,0.0,0.0,0.18181818181818182,0.0,0.18181818181818182,0.36363636363636365,0.0,0.0,0.0,0.09090909090909091,0.5454545454545454,1.0,0.0,0.09090909090909091,0.9090909090909091,0.0,1.0,0.8181818181818182,0.18181818181818182,1.0,0.0,0.0,0.0,0.0,1.0,0.0,0.0,0.0,0.0,1.0
SABANALARGA,2021,11,43,8,0.625,0.0,0.0,0.0,0.25,0.0,0.125,0.375,0.0,0.0,0.0,0.125,0.5,1.0,0.0,0.25,0.75,0.0,1.0,0.625,0.375,1.0,0.0,0.0,0.0,0.0,1.0,0.0,0.0,0.25,0.0,0.75
SABANALARGA,2021,11,44,12,0.3333333333333333,0.16666666666666666,0.16666666666666666,0.0,0.3333333333333333,0.0,0.0,0.08333333333333333,0.0,0.0,0.0,0.08333333333333333,0.8333333333333334,1.0,0.0,0.25,0.75,0.0,1.0,0.5,0.5,1.0,0.0,0.0,0.0,0.0,0.75,0.16666666666666666,0.08333333333333333,0.08333333333333333,0.0,0.9166666666666666
SABANALARGA,2021,12,45,15,0.6,0.2,0.0,0.0,0.06666666666666667,0.0,0.13333333333333333,0.5333333333333333,0.0,0.06666666666666667,0.0,0.0,0.4,1.0,0.0,0.4666666666666667,0.5333333333333333,0.0,1.0,0.6,0.4,1.0,0.0,0.0,0.0,0.0,0.9333333333333333,0.06666666666666667,0.0,0.13333333333333333,0.0,0.8666666666666667
SABANALARGA,2021,12,46,8,0.75,0.0,0.0,0.0,0.125,0.0,0.125,0.125,0.0,0.0,0.0,0.0,0.875,0.875,0.125,0.5,0.5,0.0,1.0,0.75,0.25,1.0,0.0,0.0,0.0,0.0,1.0,0.0,0.0,0.0,0.0,1.0
SABANALARGA,2021,12,47,9,0.2222222222222222,0.3333333333333333,0.1111111111111111,0.0,0.2222222222222222,0.0,0.1111111111111111,0.3333333333333333,0.0,0.2222222222222222,0.0,0.0,0.4444444444444444,0.8888888888888888,0.1111111111111111,0.3333333333333333,0.6666666666666666,0.0,1.0,0.4444444444444444,0.5555555555555556,1.0,0.0,0.0,0.0,0.0,1.0,0.0,0.0,0.0,0.0,1.0
SABANALARGA,2021,12,48,7,0.5714285714285714,0.0,0.0,0.0,0.2857142857142857,0.14285714285714285,0.0,0.42857142857142855,0.0,0.0,0.0,0.0,0.5714285714285714,1.0,0.0,0.5714285714285714,0.42857142857142855,0.0,1.0,0.42857142857142855,0.5714285714285714,1.0,0.0,0.0,0.0,0.0,0.8571428571428571,0.0,0.14285714285714285,0.2857142857142857,0.0,0.7142857142857143
SABANALARGA,2021,13,49,9,0.4444444444444444,0.1111111111111111,0.0,0.0,0.1111111111111111,0.0,0.3333333333333333,0.2222222222222222,0.0,0.1111111111111111,0.1111111111111111,0.0,0.5555555555555556,0.8888888888888888,0.1111111111111111,0.5555555555555556,0.4444444444444444,0.0,1.0,0.4444444444444444,0.5555555555555556,1.0,0.0,0.0,0.0,0.0,0.8888888888888888,0.1111111111111111,0.0,0.3333333333333333,0.0,0.6666666666666666
SABANALARGA,2021,13,50,3,0.3333333333333333,0.0,0.0,0.0,0.3333333333333333,0.0,0.3333333333333333,0.3333333333333333,0.0,0.3333333333333333,0.0,0.0,0.3333333333333333,1.0,0.0,0.3333333333333333,0.6666666666666666,0.0,1.0,0.0,1.0,1.0,0.0,0.0,0.0,0.0,1.0,0.0,0.0,0.0,0.0,1.0
SABANALARGA,2021,13,51,7,0.42857142857142855,0.14285714285714285,0.0,0.0,0.2857142857142857,0.0,0.14285714285714285,0.0,0.0,0.0,0.0,0.14285714285714285,0.8571428571428571,1.0,0.0,0.2857142857142857,0.7142857142857143,0.0,1.0,0.42857142857142855,0.5714285714285714,1.0,0.0,0.0,0.0,0.0,0.8571428571428571,0.14285714285714285,0.0,0.0,0.0,1.0
SABANALARGA,2021,13,52,7,0.5714285714285714,0.0,0.0,0.0,0.14285714285714285,0.0,0.2857142857142857,0.0,0.0,0.14285714285714285,0.0,0.14285714285714285,0.7142857142857143,1.0,0.0,0.14285714285714285,0.8571428571428571,0.0,1.0,0.42857142857142855,0.5714285714285714,1.0,0.0,0.0,0.0,0.0,1.0,0.0,0.0,0.0,0.0,1.0
SABANALARGA,2022,1,1,2,0.5,0.5,0.0,0.0,0.0,0.0,0.0,0.5,0.0,0.0,0.0,0.0,0.5,1.0,0.0,0.0,1.0,0.0,1.0,0.5,0.5,1.0,0.0,0.0,0.0,0.0,0.0,0.0,1.0,0.0,0.0,1.0
SABANALARGA,2022,1,2,4,0.75,0.0,0.0,0.0,0.0,0.0,0.25,0.25,0.0,0.0,0.0,0.0,0.75,1.0,0.0,0.0,1.0,0.0,1.0,0.25,0.75,1.0,0.0,0.0,0.0,0.0,1.0,0.0,0.0,0.0,0.0,1.0
SABANALARGA,2022,1,3,4,0.75,0.0,0.0,0.0,0.25,0.0,0.0,0.5,0.0,0.0,0.0,0.0,0.5,0.75,0.25,0.25,0.75,0.0,1.0,0.75,0.25,1.0,0.0,0.0,0.0,0.0,1.0,0.0,0.0,0.25,0.0,0.75
SABANALARGA,2022,1,4,12,0.25,0.08333333333333333,0.0,0.08333333333333333,0.5,0.0,0.08333333333333333,0.25,0.0,0.0,0.08333333333333333,0.0,0.6666666666666666,0.8333333333333334,0.16666666666666666,0.4166666666666667,0.5833333333333334,0.0,1.0,0.6666666666666666,0.3333333333333333,1.0,0.0,0.0,0.0,0.0,0.75,0.25,0.0,0.0,0.0,1.0
SABANALARGA,2022,2,5,7,0.5714285714285714,0.0,0.14285714285714285,0.0,0.0,0.0,0.2857142857142857,0.5714285714285714,0.0,0.14285714285714285,0.0,0.0,0.2857142857142857,1.0,0.0,0.0,1.0,0.0,1.0,0.42857142857142855,0.5714285714285714,1.0,0.0,0.0,0.0,0.0,1.0,0.0,0.0,0.2857142857142857,0.0,0.7142857142857143
SABANALARGA,2022,2,7,1,1.0,0.0,0.0,0.0,0.0,0.0,0.0,0.0,0.0,0.0,0.0,0.0,1.0,1.0,0.0,0.0,1.0,0.0,1.0,0.0,1.0,1.0,0.0,0.0,0.0,0.0,1.0,0.0,0.0,0.0,0.0,1.0
SABANALARGA,2022,3,10,2,0.0,0.0,0.5,0.0,0.5,0.0,0.0,0.5,0.0,0.0,0.0,0.0,0.5,1.0,0.0,0.0,1.0,0.0,1.0,0.0,1.0,1.0,0.0,0.0,0.0,0.0,0.5,0.0,0.5,0.0,0.0,1.0
SABANALARGA,2022,3,11,2,0.5,0.0,0.0,0.0,0.0,0.0,0.5,0.5,0.0,0.0,0.0,0.0,0.5,1.0,0.0,0.0,1.0,0.0,1.0,0.0,1.0,1.0,0.0,0.0,0.0,0.0,1.0,0.0,0.0,0.5,0.0,0.5
SABANALARGA,2022,3,12,1,0.0,0.0,0.0,0.0,0.0,0.0,1.0,0.0,0.0,0.0,0.0,0.0,1.0,1.0,0.0,0.0,1.0,0.0,1.0,1.0,0.0,1.0,0.0,0.0,0.0,0.0,1.0,0.0,0.0,0.0,0.0,1.0
SABANALARGA,2022,4,14,2,0.5,0.0,0.0,0.0,0.5,0.0,0.0,1.0,0.0,0.0,0.0,0.0,0.0,1.0,0.0,0.5,0.5,0.0,1.0,0.5,0.5,1.0,0.0,0.0,0.0,0.0,1.0,0.0,0.0,0.0,0.0,1.0
SABANALARGA,2022,4,15,1,1.0,0.0,0.0,0.0,0.0,0.0,0.0,1.0,0.0,0.0,0.0,0.0,0.0,1.0,0.0,0.0,1.0,0.0,1.0,1.0,0.0,1.0,0.0,0.0,0.0,0.0,1.0,0.0,0.0,0.0,0.0,1.0
SABANALARGA,2022,4,16,4,0.5,0.25,0.0,0.0,0.25,0.0,0.0,0.25,0.0,0.0,0.0,0.0,0.75,1.0,0.0,0.5,0.5,0.0,1.0,0.75,0.25,1.0,0.0,0.0,0.0,0.0,1.0,0.0,0.0,0.25,0.0,0.75
SABANALARGA,2022,5,17,1,0.0,0.0,0.0,0.0,1.0,0.0,0.0,0.0,0.0,0.0,0.0,0.0,1.0,1.0,0.0,0.0,1.0,0.0,1.0,0.0,1.0,1.0,0.0,0.0,0.0,0.0,1.0,0.0,0.0,1.0,0.0,0.0
SABANALARGA,2022,5,18,1,1.0,0.0,0.0,0.0,0.0,0.0,0.0,0.0,0.0,0.0,0.0,0.0,1.0,1.0,0.0,0.0,1.0,0.0,1.0,1.0,0.0,1.0,0.0,0.0,0.0,0.0,1.0,0.0,0.0,0.0,0.0,1.0
SABANALARGA,2022,5,19,3,1.0,0.0,0.0,0.0,0.0,0.0,0.0,0.6666666666666666,0.0,0.0,0.0,0.0,0.3333333333333333,1.0,0.0,0.3333333333333333,0.6666666666666666,0.0,1.0,0.3333333333333333,0.6666666666666666,1.0,0.0,0.0,0.0,0.0,1.0,0.0,0.0,0.0,0.0,1.0
SABANALARGA,2022,5,20,1,1.0,0.0,0.0,0.0,0.0,0.0,0.0,0.0,0.0,0.0,0.0,0.0,1.0,1.0,0.0,0.0,1.0,0.0,1.0,1.0,0.0,1.0,0.0,0.0,0.0,0.0,1.0,0.0,0.0,1.0,0.0,0.0
SABANALARGA,2022,6,21,4,0.5,0.0,0.25,0.0,0.25,0.0,0.0,0.75,0.0,0.0,0.0,0.0,0.25,1.0,0.0,0.5,0.5,0.0,1.0,0.75,0.25,1.0,0.0,0.0,0.0,0.0,1.0,0.0,0.0,0.25,0.0,0.75
SABANALARGA,2022,6,22,8,0.5,0.0,0.125,0.0,0.375,0.0,0.0,0.375,0.0,0.0,0.0,0.0,0.625,1.0,0.0,0.125,0.875,0.0,1.0,0.625,0.375,1.0,0.0,0.0,0.0,0.0,1.0,0.0,0.0,0.5,0.0,0.5
SABANALARGA,2022,6,23,6,0.3333333333333333,0.16666666666666666,0.0,0.0,0.3333333333333333,0.0,0.16666666666666666,0.3333333333333333,0.0,0.0,0.0,0.0,0.6666666666666666,0.8333333333333334,0.16666666666666666,0.3333333333333333,0.6666666666666666,0.0,1.0,0.5,0.5,1.0,0.0,0.0,0.0,0.0,0.8333333333333334,0.16666666666666666,0.0,0.8333333333333334,0.0,0.16666666666666666
SABANALARGA,2022,6,24,2,0.5,0.0,0.0,0.0,0.0,0.0,0.5,0.5,0.0,0.0,0.0,0.0,0.5,0.0,1.0,0.0,1.0,0.0,1.0,0.5,0.5,1.0,0.0,0.0,0.0,0.0,1.0,0.0,0.0,0.0,0.0,1.0
SABANALARGA,2022,7,25,7,0.5714285714285714,0.14285714285714285,0.0,0.14285714285714285,0.14285714285714285,0.0,0.0,0.0,0.0,0.0,0.0,0.0,1.0,1.0,0.0,0.0,1.0,0.0,1.0,0.14285714285714285,0.8571428571428571,1.0,0.0,0.0,0.0,0.0,0.8571428571428571,0.14285714285714285,0.0,0.8571428571428571,0.0,0.14285714285714285
SABANALARGA,2022,7,26,9,0.2222222222222222,0.1111111111111111,0.0,0.0,0.3333333333333333,0.0,0.3333333333333333,0.2222222222222222,0.0,0.0,0.0,0.0,0.7777777777777778,1.0,0.0,0.3333333333333333,0.6666666666666666,0.0,1.0,0.4444444444444444,0.5555555555555556,1.0,0.0,0.0,0.0,0.0,0.7777777777777778,0.1111111111111111,0.1111111111111111,0.5555555555555556,0.0,0.4444444444444444
SABANALARGA,2022,7,27,17,0.47058823529411764,0.23529411764705882,0.0,0.0,0.17647058823529413,0.0,0.11764705882352941,0.35294117647058826,0.0,0.0,0.0,0.0,0.6470588235294118,1.0,0.0,0.29411764705882354,0.7058823529411765,0.0,1.0,0.47058823529411764,0.5294117647058824,1.0,0.0,0.0,0.0,0.0,1.0,0.0,0.0,0.7647058823529411,0.0,0.23529411764705882
SABANALARGA,2022,7,28,7,0.42857142857142855,0.14285714285714285,0.0,0.0,0.42857142857142855,0.0,0.0,0.42857142857142855,0.0,0.0,0.0,0.14285714285714285,0.42857142857142855,0.8571428571428571,0.14285714285714285,0.5714285714285714,0.42857142857142855,0.0,1.0,0.7142857142857143,0.2857142857142857,1.0,0.0,0.0,0.0,0.0,1.0,0.0,0.0,0.7142857142857143,0.0,0.2857142857142857
SABANALARGA,2022,8,29,9,0.6666666666666666,0.0,0.1111111111111111,0.0,0.1111111111111111,0.0,0.1111111111111111,0.4444444444444444,0.0,0.0,0.1111111111111111,0.0,0.4444444444444444,0.8888888888888888,0.1111111111111111,0.2222222222222222,0.7777777777777778,0.0,1.0,0.3333333333333333,0.6666666666666666,1.0,0.0,0.0,0.0,0.0,1.0,0.0,0.0,0.7777777777777778,0.0,0.2222222222222222
SABANALARGA,2022,8,30,15,0.3333333333333333,0.26666666666666666,0.0,0.0,0.26666666666666666,0.0,0.13333333333333333,0.5333333333333333,0.0,0.0,0.0,0.0,0.4666666666666667,1.0,0.0,0.3333333333333333,0.6666666666666666,0.0,1.0,0.4,0.6,1.0,0.0,0.0,0.0,0.0,0.9333333333333333,0.06666666666666667,0.0,0.8,0.0,0.2
SABANALARGA,2022,8,31,10,0.5,0.1,0.1,0.0,0.3,0.0,0.0,0.3,0.0,0.0,0.0,0.0,0.7,1.0,0.0,0.5,0.5,0.0,1.0,0.6,0.4,1.0,0.0,0.0,0.0,0.0,0.9,0.1,0.0,0.9,0.0,0.1
SABANALARGA,2022,8,32,12,0.3333333333333333,0.0,0.08333333333333333,0.0,0.25,0.0,0.3333333333333333,0.25,0.0,0.08333333333333333,0.0,0.0,0.6666666666666666,1.0,0.0,0.5833333333333334,0.4166666666666667,0.0,1.0,0.3333333333333333,0.6666666666666666,1.0,0.0,0.0,0.0,0.0,1.0,0.0,0.0,0.8333333333333334,0.0,0.16666666666666666
SABANALARGA,2022,9,33,13,0.3076923076923077,0.15384615384615385,0.0,0.0,0.46153846153846156,0.0,0.07692307692307693,0.15384615384615385,0.0,0.0,0.0,0.0,0.8461538461538461,0.9230769230769231,0.07692307692307693,0.23076923076923078,0.7692307692307693,0.0,1.0,0.5384615384615384,0.46153846153846156,1.0,0.0,0.0,0.0,0.0,1.0,0.0,0.0,0.5384615384615384,0.0,0.46153846153846156
SABANALARGA,2022,9,34,12,0.5833333333333334,0.0,0.0,0.0,0.16666666666666666,0.0,0.25,0.16666666666666666,0.0,0.0,0.0,0.0,0.8333333333333334,1.0,0.0,0.4166666666666667,0.5833333333333334,0.0,1.0,0.75,0.25,1.0,0.0,0.0,0.0,0.0,1.0,0.0,0.0,0.9166666666666666,0.0,0.08333333333333333
SABANALARGA,2022,9,35,10,0.9,0.0,0.0,0.0,0.1,0.0,0.0,0.3,0.0,0.0,0.1,0.0,0.6,1.0,0.0,0.4,0.6,0.0,1.0,0.3,0.7,1.0,0.0,0.0,0.0,0.0,0.9,0.1,0.0,1.0,0.0,0.0
SABANALARGA,2022,9,36,6,0.6666666666666666,0.0,0.0,0.0,0.3333333333333333,0.0,0.0,0.0,0.0,0.0,0.0,0.0,1.0,1.0,0.0,0.3333333333333333,0.6666666666666666,0.0,1.0,0.5,0.5,1.0,0.0,0.0,0.0,0.0,1.0,0.0,0.0,0.5,0.0,0.5
SABANALARGA,2022,10,37,8,0.375,0.25,0.0,0.0,0.25,0.0,0.125,0.25,0.0,0.0,0.0,0.0,0.75,0.75,0.25,0.25,0.75,0.0,1.0,0.625,0.375,1.0,0.0,0.0,0.0,0.0,1.0,0.0,0.0,0.75,0.0,0.25
SABANALARGA,2022,10,38,6,0.5,0.0,0.0,0.0,0.3333333333333333,0.0,0.16666666666666666,0.6666666666666666,0.0,0.0,0.0,0.0,0.3333333333333333,1.0,0.0,0.6666666666666666,0.3333333333333333,0.0,1.0,0.5,0.5,1.0,0.0,0.0,0.0,0.0,1.0,0.0,0.0,1.0,0.0,0.0
SABANALARGA,2022,10,39,5,0.6,0.2,0.0,0.0,0.2,0.0,0.0,0.0,0.0,0.0,0.0,0.0,1.0,1.0,0.0,0.6,0.4,0.0,1.0,0.6,0.4,1.0,0.0,0.0,0.0,0.0,1.0,0.0,0.0,1.0,0.0,0.0
SABANALARGA,2022,10,40,5,0.6,0.0,0.0,0.0,0.4,0.0,0.0,0.2,0.0,0.0,0.0,0.0,0.8,1.0,0.0,0.4,0.6,0.0,1.0,0.6,0.4,1.0,0.0,0.0,0.0,0.0,1.0,0.0,0.0,0.8,0.0,0.2
SABANALARGA,2022,11,41,8,0.5,0.0,0.0,0.0,0.5,0.0,0.0,0.125,0.0,0.0,0.0,0.0,0.875,1.0,0.0,0.25,0.75,0.0,1.0,0.375,0.625,1.0,0.0,0.0,0.0,0.0,1.0,0.0,0.0,0.875,0.0,0.125
SABANALARGA,2022,11,42,10,0.5,0.1,0.0,0.0,0.3,0.0,0.1,0.3,0.0,0.0,0.0,0.0,0.7,0.9,0.1,0.5,0.5,0.0,1.0,0.4,0.6,1.0,0.0,0.0,0.0,0.0,0.9,0.1,0.0,0.9,0.0,0.1
SABANALARGA,2022,11,43,14,0.5714285714285714,0.07142857142857142,0.0,0.0,0.21428571428571427,0.0,0.14285714285714285,0.21428571428571427,0.0,0.0,0.07142857142857142,0.0,0.7142857142857143,1.0,0.0,0.2857142857142857,0.7142857142857143,0.0,1.0,0.21428571428571427,0.7857142857142857,1.0,0.0,0.0,0.0,0.0,1.0,0.0,0.0,0.7142857142857143,0.0,0.2857142857142857
SABANALARGA,2022,11,44,10,0.7,0.2,0.0,0.1,0.0,0.0,0.0,0.4,0.0,0.0,0.0,0.0,0.6,0.9,0.1,0.2,0.8,0.0,1.0,0.5,0.5,1.0,0.0,0.0,0.0,0.0,1.0,0.0,0.0,0.7,0.0,0.3
SABANALARGA,2022,12,45,4,0.0,0.0,0.0,0.0,1.0,0.0,0.0,0.25,0.0,0.0,0.0,0.0,0.75,1.0,0.0,0.5,0.5,0.0,1.0,0.5,0.5,1.0,0.0,0.0,0.0,0.0,0.75,0.25,0.0,0.75,0.0,0.25
SABANALARGA,2022,12,46,5,0.6,0.0,0.0,0.0,0.2,0.2,0.0,0.4,0.0,0.0,0.0,0.0,0.6,1.0,0.0,0.2,0.8,0.0,1.0,0.6,0.4,1.0,0.0,0.0,0.0,0.0,1.0,0.0,0.0,0.8,0.0,0.2
SABANALARGA,2022,12,47,8,0.75,0.0,0.0,0.0,0.25,0.0,0.0,0.25,0.0,0.0,0.0,0.0,0.75,1.0,0.0,0.625,0.375,0.0,1.0,0.25,0.75,1.0,0.0,0.0,0.0,0.0,1.0,0.0,0.0,0.875,0.0,0.125
SABANALARGA,2022,12,48,8,0.5,0.0,0.0,0.125,0.25,0.0,0.125,0.25,0.0,0.0,0.0,0.0,0.75,0.875,0.125,0.5,0.5,0.0,1.0,0.5,0.5,1.0,0.0,0.0,0.0,0.0,0.875,0.125,0.0,0.875,0.0,0.125
SABANALARGA,2022,13,49,7,0.8571428571428571,0.0,0.0,0.0,0.0,0.0,0.14285714285714285,0.2857142857142857,0.0,0.0,0.0,0.0,0.7142857142857143,1.0,0.0,0.7142857142857143,0.2857142857142857,0.0,1.0,0.42857142857142855,0.5714285714285714,1.0,0.0,0.0,0.0,0.0,1.0,0.0,0.0,1.0,0.0,0.0
SABANALARGA,2022,13,50,7,0.2857142857142857,0.0,0.0,0.0,0.7142857142857143,0.0,0.0,0.42857142857142855,0.0,0.0,0.2857142857142857,0.0,0.2857142857142857,1.0,0.0,0.7142857142857143,0.2857142857142857,0.0,1.0,0.7142857142857143,0.2857142857142857,1.0,0.0,0.0,0.0,0.0,1.0,0.0,0.0,1.0,0.0,0.0
SABANALARGA,2022,13,51,6,0.3333333333333333,0.5,0.0,0.0,0.16666666666666666,0.0,0.0,0.5,0.0,0.0,0.0,0.0,0.5,1.0,0.0,0.5,0.5,0.0,1.0,0.3333333333333333,0.6666666666666666,1.0,0.0,0.0,0.0,0.0,0.8333333333333334,0.16666666666666666,0.0,0.8333333333333334,0.0,0.16666666666666666
SABANALARGA,2022,13,52,5,0.2,0.4,0.0,0.0,0.2,0.0,0.2,0.2,0.0,0.0,0.0,0.0,0.8,1.0,0.0,0.6,0.4,0.0,1.0,0.8,0.2,1.0,0.0,0.0,0.0,0.0,1.0,0.0,0.0,1.0,0.0,0.0
SABANALARGA,2023,1,1,3,0.3333333333333333,0.0,0.0,0.0,0.6666666666666666,0.0,0.0,0.6666666666666666,0.0,0.0,0.0,0.0,0.3333333333333333,1.0,0.0,0.6666666666666666,0.3333333333333333,0.0,1.0,1.0,0.0,1.0,0.0,0.0,0.0,0.0,1.0,0.0,0.0,1.0,0.0,0.0
SABANALARGA,2023,1,2,2,0.5,0.0,0.0,0.0,0.0,0.0,0.5,0.5,0.0,0.0,0.0,0.0,0.5,1.0,0.0,1.0,0.0,0.0,1.0,0.0,1.0,1.0,0.0,0.0,0.0,0.0,1.0,0.0,0.0,1.0,0.0,0.0
SABANALARGA,2023,1,3,5,0.4,0.4,0.0,0.0,0.2,0.0,0.0,0.8,0.0,0.0,0.0,0.0,0.2,1.0,0.0,0.8,0.2,0.0,1.0,0.2,0.8,1.0,0.0,0.0,0.0,0.0,1.0,0.0,0.0,0.8,0.0,0.2
SABANALARGA,2023,1,4,4,0.25,0.0,0.0,0.0,0.25,0.0,0.5,0.5,0.0,0.0,0.0,0.0,0.5,1.0,0.0,0.75,0.25,0.0,1.0,0.5,0.5,1.0,0.0,0.0,0.0,0.0,1.0,0.0,0.0,0.75,0.0,0.25
SABANALARGA,2023,2,5,3,0.0,0.0,0.0,0.0,1.0,0.0,0.0,0.6666666666666666,0.0,0.0,0.0,0.0,0.3333333333333333,1.0,0.0,0.3333333333333333,0.6666666666666666,0.0,1.0,0.3333333333333333,0.6666666666666666,1.0,0.0,0.0,0.0,0.0,1.0,0.0,0.0,1.0,0.0,0.0
SABANALARGA,2023,2,6,1,1.0,0.0,0.0,0.0,0.0,0.0,0.0,0.0,0.0,0.0,0.0,0.0,1.0,1.0,0.0,1.0,0.0,0.0,1.0,0.0,1.0,1.0,0.0,0.0,0.0,0.0,0.0,1.0,0.0,1.0,0.0,0.0
SABANALARGA,2023,2,7,2,0.0,0.5,0.0,0.5,0.0,0.0,0.0,0.5,0.0,0.0,0.0,0.0,0.5,0.5,0.5,0.0,1.0,0.0,1.0,0.5,0.5,1.0,0.0,0.0,0.0,0.0,1.0,0.0,0.0,0.5,0.0,0.5
SABANALARGA,2023,2,8,2,0.0,1.0,0.0,0.0,0.0,0.0,0.0,1.0,0.0,0.0,0.0,0.0,0.0,1.0,0.0,0.5,0.5,0.0,1.0,0.5,0.5,1.0,0.0,0.0,0.0,0.0,1.0,0.0,0.0,0.5,0.0,0.5
SABANALARGA,2023,3,9,1,1.0,0.0,0.0,0.0,0.0,0.0,0.0,1.0,0.0,0.0,0.0,0.0,0.0,1.0,0.0,1.0,0.0,0.0,1.0,1.0,0.0,1.0,0.0,0.0,0.0,0.0,1.0,0.0,0.0,1.0,0.0,0.0
SABANALARGA,2023,3,10,1,1.0,0.0,0.0,0.0,0.0,0.0,0.0,0.0,0.0,0.0,0.0,1.0,0.0,1.0,0.0,1.0,0.0,0.0,1.0,0.0,1.0,1.0,0.0,0.0,0.0,0.0,1.0,0.0,0.0,0.0,0.0,1.0
SABANALARGA,2023,3,11,1,0.0,1.0,0.0,0.0,0.0,0.0,0.0,1.0,0.0,0.0,0.0,0.0,0.0,1.0,0.0,1.0,0.0,0.0,1.0,0.0,1.0,1.0,0.0,0.0,0.0,0.0,1.0,0.0,0.0,1.0,0.0,0.0
SABANALARGA,2023,4,13,2,0.0,0.0,1.0,0.0,0.0,0.0,0.0,0.0,0.0,0.0,0.0,0.0,1.0,1.0,0.0,0.0,1.0,0.0,1.0,1.0,0.0,1.0,0.0,0.0,0.0,0.0,0.5,0.5,0.0,0.5,0.0,0.5
SABANALARGA,2023,4,14,1,1.0,0.0,0.0,0.0,0.0,0.0,0.0,1.0,0.0,0.0,0.0,0.0,0.0,1.0,0.0,1.0,0.0,0.0,1.0,0.0,1.0,1.0,0.0,0.0,0.0,0.0,1.0,0.0,0.0,0.0,0.0,1.0
SABANALARGA,2023,4,15,1,0.0,1.0,0.0,0.0,0.0,0.0,0.0,1.0,0.0,0.0,0.0,0.0,0.0,1.0,0.0,0.0,1.0,0.0,1.0,1.0,0.0,1.0,0.0,0.0,0.0,0.0,0.0,1.0,0.0,1.0,0.0,0.0
SABANALARGA,2023,4,16,1,1.0,0.0,0.0,0.0,0.0,0.0,0.0,0.0,0.0,0.0,0.0,0.0,1.0,1.0,0.0,0.0,1.0,0.0,1.0,0.0,1.0,1.0,0.0,0.0,0.0,0.0,0.0,0.0,1.0,0.0,0.0,1.0
SABANALARGA,2023,5,19,1,1.0,0.0,0.0,0.0,0.0,0.0,0.0,1.0,0.0,0.0,0.0,0.0,0.0,1.0,0.0,0.0,1.0,0.0,1.0,0.0,1.0,1.0,0.0,0.0,0.0,0.0,1.0,0.0,0.0,0.0,0.0,1.0
SABANALARGA,2023,5,20,1,0.0,1.0,0.0,0.0,0.0,0.0,0.0,0.0,0.0,0.0,0.0,0.0,1.0,1.0,0.0,1.0,0.0,0.0,1.0,0.0,1.0,1.0,0.0,0.0,0.0,0.0,1.0,0.0,0.0,0.0,0.0,1.0
SABANALARGA,2023,6,21,1,1.0,0.0,0.0,0.0,0.0,0.0,0.0,1.0,0.0,0.0,0.0,0.0,0.0,1.0,0.0,0.0,1.0,0.0,1.0,1.0,0.0,1.0,0.0,0.0,0.0,0.0,1.0,0.0,0.0,0.0,0.0,1.0
SABANALARGA,2023,6,22,1,0.0,1.0,0.0,0.0,0.0,0.0,0.0,0.0,0.0,0.0,0.0,0.0,1.0,1.0,0.0,0.0,1.0,0.0,1.0,0.0,1.0,1.0,0.0,0.0,0.0,0.0,1.0,0.0,0.0,0.0,0.0,1.0
SABANALARGA,2023,7,26,1,0.0,1.0,0.0,0.0,0.0,0.0,0.0,0.0,0.0,0.0,0.0,0.0,1.0,1.0,0.0,1.0,0.0,0.0,1.0,0.0,1.0,1.0,0.0,0.0,0.0,0.0,1.0,0.0,0.0,0.0,0.0,1.0
SABANALARGA,2023,8,29,1,1.0,0.0,0.0,0.0,0.0,0.0,0.0,1.0,0.0,0.0,0.0,0.0,0.0,1.0,0.0,0.0,1.0,0.0,1.0,0.0,1.0,1.0,0.0,0.0,0.0,0.0,1.0,0.0,0.0,1.0,0.0,0.0
SABANALARGA,2023,8,30,1,1.0,0.0,0.0,0.0,0.0,0.0,0.0,0.0,0.0,0.0,0.0,0.0,1.0,1.0,0.0,1.0,0.0,0.0,1.0,1.0,0.0,1.0,0.0,0.0,0.0,0.0,1.0,0.0,0.0,0.0,0.0,1.0
SABANALARGA,2023,8,31,2,0.5,0.0,0.0,0.0,0.5,0.0,0.0,0.0,0.0,0.0,0.0,0.0,1.0,1.0,0.0,0.5,0.5,0.0,1.0,0.0,1.0,1.0,0.0,0.0,0.0,0.0,0.5,0.5,0.0,0.0,0.0,1.0
SABANALARGA,2023,8,32,1,0.0,0.0,1.0,0.0,0.0,0.0,0.0,0.0,0.0,0.0,0.0,0.0,1.0,0.0,1.0,0.0,1.0,0.0,1.0,0.0,1.0,1.0,0.0,0.0,0.0,0.0,1.0,0.0,0.0,0.0,0.0,1.0
SABANALARGA,2023,9,33,2,0.0,0.5,0.0,0.0,0.5,0.0,0.0,0.5,0.0,0.0,0.0,0.0,0.5,1.0,0.0,0.5,0.5,0.0,1.0,0.0,1.0,1.0,0.0,0.0,0.0,0.0,0.0,0.5,0.5,0.0,0.0,1.0
SABANALARGA,2023,9,35,2,0.5,0.0,0.5,0.0,0.0,0.0,0.0,0.0,0.0,0.0,0.0,0.0,1.0,1.0,0.0,0.0,1.0,0.0,1.0,0.0,1.0,1.0,0.0,0.0,0.0,0.0,0.5,0.5,0.0,0.0,0.0,1.0
SABANALARGA,2023,10,37,1,0.0,0.0,0.0,0.0,1.0,0.0,0.0,0.0,0.0,0.0,0.0,0.0,1.0,1.0,0.0,0.0,1.0,0.0,1.0,1.0,0.0,1.0,0.0,0.0,0.0,0.0,0.0,1.0,0.0,0.0,0.0,1.0
SABANALARGA,2023,10,40,2,0.0,0.5,0.0,0.0,0.0,0.0,0.5,0.0,0.0,0.0,0.0,0.0,1.0,1.0,0.0,0.5,0.5,0.0,1.0,0.5,0.5,1.0,0.0,0.0,0.0,0.0,0.0,0.5,0.5,0.0,0.0,1.0
SABANALARGA,2023,11,42,1,0.0,1.0,0.0,0.0,0.0,0.0,0.0,0.0,0.0,0.0,0.0,0.0,1.0,1.0,0.0,0.0,1.0,0.0,1.0,0.0,1.0,1.0,0.0,0.0,0.0,0.0,1.0,0.0,0.0,0.0,0.0,1.0
SABANALARGA,2023,11,43,3,0.0,0.6666666666666666,0.0,0.3333333333333333,0.0,0.0,0.0,0.0,0.0,0.0,0.0,0.3333333333333333,0.6666666666666666,1.0,0.0,0.3333333333333333,0.6666666666666666,0.0,1.0,0.6666666666666666,0.3333333333333333,1.0,0.0,0.0,0.0,0.0,0.6666666666666666,0.3333333333333333,0.0,0.0,0.0,1.0
SABANALARGA,2023,12,45,1,0.0,1.0,0.0,0.0,0.0,0.0,0.0,0.0,0.0,0.0,0.0,0.0,1.0,1.0,0.0,0.0,1.0,0.0,1.0,1.0,0.0,1.0,0.0,0.0,0.0,0.0,1.0,0.0,0.0,0.0,0.0,1.0
SABANALARGA,2023,12,47,1,0.0,1.0,0.0,0.0,0.0,0.0,0.0,0.0,0.0,0.0,0.0,0.0,1.0,1.0,0.0,0.0,1.0,0.0,1.0,1.0,0.0,1.0,0.0,0.0,0.0,0.0,1.0,0.0,0.0,0.0,0.0,1.0
SABANALARGA,2023,13,50,3,0.6666666666666666,0.3333333333333333,0.0,0.0,0.0,0.0,0.0,0.3333333333333333,0.0,0.0,0.0,0.0,0.6666666666666666,1.0,0.0,0.6666666666666666,0.3333333333333333,0.0,1.0,0.3333333333333333,0.6666666666666666,1.0,0.0,0.0,0.0,0.0,1.0,0.0,0.0,0.3333333333333333,0.0,0.6666666666666666
SANTA LUCÍA,2019,4,14,1,1.0,0.0,0.0,0.0,0.0,0.0,0.0,0.0,0.0,0.0,0.0,0.0,1.0,1.0,0.0,0.0,1.0,0.0,1.0,1.0,0.0,0.0,0.0,0.0,0.0,1.0,1.0,0.0,0.0,0.0,0.0,1.0
SANTA LUCÍA,2019,13,49,1,0.0,0.0,0.0,0.0,1.0,0.0,0.0,0.0,0.0,0.0,0.0,0.0,1.0,1.0,0.0,1.0,0.0,0.0,1.0,1.0,0.0,0.0,0.0,0.0,0.0,1.0,1.0,0.0,0.0,0.0,0.0,1.0
SANTA LUCÍA,2019,13,50,1,0.0,0.0,0.0,0.0,1.0,0.0,0.0,0.0,0.0,0.0,0.0,0.0,1.0,1.0,0.0,1.0,0.0,0.0,1.0,0.0,1.0,0.0,0.0,0.0,0.0,1.0,1.0,0.0,0.0,0.0,0.0,1.0
SANTA LUCÍA,2020,1,4,1,0.0,0.0,0.0,0.0,1.0,0.0,0.0,0.0,0.0,0.0,0.0,0.0,1.0,1.0,0.0,1.0,0.0,0.0,1.0,0.0,1.0,0.0,0.0,0.0,0.0,1.0,1.0,0.0,0.0,1.0,0.0,0.0
SANTA LUCÍA,2020,5,17,1,1.0,0.0,0.0,0.0,0.0,0.0,0.0,0.0,0.0,0.0,0.0,1.0,0.0,1.0,0.0,0.0,1.0,0.0,1.0,0.0,1.0,0.0,0.0,0.0,0.0,1.0,1.0,0.0,0.0,1.0,0.0,0.0
SANTA LUCÍA,2020,5,20,2,0.5,0.5,0.0,0.0,0.0,0.0,0.0,0.0,0.0,0.0,0.0,0.0,1.0,1.0,0.0,0.5,0.5,0.0,1.0,0.5,0.5,0.0,0.0,0.0,0.0,1.0,1.0,0.0,0.0,0.5,0.0,0.5
SANTA LUCÍA,2020,6,22,1,0.0,0.0,0.0,0.0,1.0,0.0,0.0,0.0,0.0,0.0,0.0,0.0,1.0,1.0,0.0,0.0,1.0,0.0,1.0,0.0,1.0,0.0,0.0,0.0,0.0,1.0,1.0,0.0,0.0,0.0,0.0,1.0
SANTA LUCÍA,2020,6,23,2,0.5,0.0,0.0,0.0,0.5,0.0,0.0,0.0,0.0,0.0,0.0,0.0,1.0,1.0,0.0,0.0,1.0,0.0,1.0,0.5,0.5,0.0,0.0,0.0,0.0,1.0,1.0,0.0,0.0,0.0,0.0,1.0
SANTA LUCÍA,2020,7,26,1,0.0,0.0,0.0,0.0,1.0,0.0,0.0,0.0,0.0,0.0,0.0,0.0,1.0,1.0,0.0,1.0,0.0,0.0,1.0,1.0,0.0,0.0,0.0,0.0,0.0,1.0,1.0,0.0,0.0,0.0,0.0,1.0
SANTA LUCÍA,2020,8,30,2,0.5,0.0,0.0,0.0,0.5,0.0,0.0,0.0,0.0,0.0,0.5,0.0,0.5,1.0,0.0,0.5,0.5,0.0,1.0,0.0,1.0,0.0,0.0,0.0,0.0,1.0,1.0,0.0,0.0,0.5,0.0,0.5
SANTA LUCÍA,2020,8,31,1,0.0,0.0,0.0,0.0,1.0,0.0,0.0,0.0,0.0,0.0,0.0,1.0,0.0,1.0,0.0,1.0,0.0,0.0,1.0,1.0,0.0,0.0,0.0,0.0,0.0,1.0,1.0,0.0,0.0,0.0,0.0,1.0
SANTA LUCÍA,2020,8,32,1,1.0,0.0,0.0,0.0,0.0,0.0,0.0,0.0,0.0,0.0,0.0,0.0,1.0,1.0,0.0,0.0,1.0,0.0,1.0,0.0,1.0,0.0,0.0,0.0,0.0,1.0,1.0,0.0,0.0,0.0,0.0,1.0
SANTA LUCÍA,2020,9,33,1,1.0,0.0,0.0,0.0,0.0,0.0,0.0,0.0,0.0,0.0,0.0,0.0,1.0,1.0,0.0,0.0,1.0,0.0,1.0,1.0,0.0,0.0,0.0,0.0,0.0,1.0,1.0,0.0,0.0,0.0,0.0,1.0
SANTA LUCÍA,2020,9,34,1,0.0,0.0,0.0,0.0,1.0,0.0,0.0,0.0,0.0,0.0,0.0,0.0,1.0,1.0,0.0,0.0,1.0,0.0,1.0,0.0,1.0,0.0,0.0,0.0,0.0,1.0,0.0,1.0,0.0,1.0,0.0,0.0
SANTA LUCÍA,2020,9,36,2,0.5,0.0,0.0,0.0,0.0,0.0,0.5,0.0,0.0,0.0,0.0,0.0,1.0,1.0,0.0,0.0,1.0,0.0,1.0,0.0,1.0,0.0,0.0,0.0,0.0,1.0,1.0,0.0,0.0,0.0,0.0,1.0
SANTA LUCÍA,2020,10,38,1,0.0,0.0,0.0,0.0,1.0,0.0,0.0,1.0,0.0,0.0,0.0,0.0,0.0,1.0,0.0,0.0,1.0,0.0,1.0,0.0,1.0,0.0,0.0,0.0,0.0,1.0,1.0,0.0,0.0,1.0,0.0,0.0
SANTA LUCÍA,2021,10,37,1,0.0,0.0,0.0,0.0,1.0,0.0,0.0,0.0,0.0,0.0,0.0,0.0,1.0,1.0,0.0,1.0,0.0,0.0,1.0,1.0,0.0,0.0,0.0,0.0,0.0,1.0,1.0,0.0,0.0,0.0,0.0,1.0
SANTA LUCÍA,2021,10,39,1,0.0,0.0,0.0,0.0,0.0,0.0,1.0,0.0,0.0,0.0,0.0,0.0,1.0,1.0,0.0,1.0,0.0,0.0,1.0,1.0,0.0,0.0,0.0,0.0,0.0,1.0,1.0,0.0,0.0,0.0,0.0,1.0
SANTA LUCÍA,2021,11,42,1,0.0,0.0,0.0,0.0,0.0,0.0,1.0,0.0,0.0,0.0,0.0,0.0,1.0,1.0,0.0,1.0,0.0,0.0,1.0,0.0,1.0,0.0,0.0,0.0,0.0,1.0,0.0,1.0,0.0,0.0,0.0,1.0
SANTA LUCÍA,2021,11,43,1,1.0,0.0,0.0,0.0,0.0,0.0,0.0,0.0,0.0,0.0,0.0,0.0,1.0,1.0,0.0,1.0,0.0,0.0,1.0,1.0,0.0,0.0,0.0,0.0,0.0,1.0,1.0,0.0,0.0,0.0,0.0,1.0
SANTA LUCÍA,2021,11,44,1,0.0,1.0,0.0,0.0,0.0,0.0,0.0,0.0,0.0,0.0,0.0,0.0,1.0,1.0,0.0,1.0,0.0,0.0,1.0,0.0,1.0,0.0,0.0,0.0,0.0,1.0,1.0,0.0,0.0,0.0,0.0,1.0
SANTA LUCÍA,2021,12,48,1,0.0,0.0,0.0,0.0,0.0,0.0,1.0,0.0,0.0,0.0,0.0,0.0,1.0,1.0,0.0,1.0,0.0,0.0,1.0,0.0,1.0,0.0,0.0,0.0,0.0,1.0,1.0,0.0,0.0,0.0,0.0,1.0
SANTA LUCÍA,2021,13,52,2,0.0,0.0,0.0,0.0,0.0,0.0,1.0,0.0,0.0,0.0,0.0,0.0,1.0,1.0,0.0,1.0,0.0,0.0,1.0,1.0,0.0,0.0,0.0,0.0,0.0,1.0,0.5,0.5,0.0,0.0,0.0,1.0
SANTA LUCÍA,2022,1,1,1,0.0,0.0,0.0,0.0,0.0,0.0,1.0,0.0,0.0,0.0,0.0,0.0,1.0,1.0,0.0,1.0,0.0,0.0,1.0,1.0,0.0,0.0,0.0,0.0,0.0,1.0,1.0,0.0,0.0,0.0,0.0,1.0
SANTA LUCÍA,2022,1,3,2,0.0,0.0,0.0,0.0,0.0,0.0,1.0,0.0,0.0,0.0,0.0,0.0,1.0,1.0,0.0,1.0,0.0,0.0,1.0,0.5,0.5,0.0,0.0,0.0,0.0,1.0,1.0,0.0,0.0,0.0,0.0,1.0
SANTA LUCÍA,2022,2,6,1,0.0,0.0,0.0,0.0,0.0,0.0,1.0,0.0,0.0,0.0,0.0,0.0,1.0,1.0,0.0,1.0,0.0,0.0,1.0,0.0,1.0,0.0,0.0,0.0,0.0,1.0,1.0,0.0,0.0,0.0,0.0,1.0
SANTA LUCÍA,2022,2,7,1,1.0,0.0,0.0,0.0,0.0,0.0,0.0,0.0,0.0,0.0,0.0,0.0,1.0,1.0,0.0,1.0,0.0,0.0,1.0,0.0,1.0,0.0,0.0,0.0,0.0,1.0,1.0,0.0,0.0,0.0,0.0,1.0
SANTA LUCÍA,2022,2,8,3,0.0,0.3333333333333333,0.0,0.0,0.3333333333333333,0.0,0.3333333333333333,0.0,0.0,0.0,0.0,0.0,1.0,1.0,0.0,1.0,0.0,0.0,1.0,0.3333333333333333,0.6666666666666666,0.0,0.0,0.0,0.0,1.0,1.0,0.0,0.0,0.0,0.0,1.0
SANTA LUCÍA,2022,3,11,1,0.0,0.0,1.0,0.0,0.0,0.0,0.0,0.0,0.0,0.0,1.0,0.0,0.0,1.0,0.0,1.0,0.0,0.0,1.0,0.0,1.0,0.0,0.0,0.0,0.0,1.0,1.0,0.0,0.0,0.0,0.0,1.0
SANTA LUCÍA,2022,4,13,1,1.0,0.0,0.0,0.0,0.0,0.0,0.0,0.0,0.0,0.0,0.0,0.0,1.0,1.0,0.0,0.0,1.0,0.0,1.0,1.0,0.0,0.0,0.0,0.0,0.0,1.0,1.0,0.0,0.0,1.0,0.0,0.0
SANTA LUCÍA,2022,13,50,1,1.0,0.0,0.0,0.0,0.0,0.0,0.0,0.0,0.0,0.0,0.0,0.0,1.0,1.0,0.0,1.0,0.0,0.0,1.0,0.0,1.0,0.0,0.0,0.0,0.0,1.0,1.0,0.0,0.0,0.0,0.0,1.0
SANTA LUCÍA,2023,1,2,1,0.0,0.0,0.0,1.0,0.0,0.0,0.0,0.0,0.0,0.0,0.0,0.0,1.0,1.0,0.0,0.0,1.0,0.0,1.0,0.0,1.0,0.0,0.0,0.0,0.0,1.0,1.0,0.0,0.0,0.0,0.0,1.0
SANTA LUCÍA,2023,5,19,1,0.0,0.0,0.0,0.0,0.0,0.0,1.0,0.0,0.0,0.0,0.0,0.0,1.0,1.0,0.0,1.0,0.0,0.0,1.0,1.0,0.0,0.0,0.0,0.0,0.0,1.0,1.0,0.0,0.0,1.0,0.0,0.0
SANTO TOMÁS,2017,1,2,1,1.0,0.0,0.0,0.0,0.0,0.0,0.0,0.0,0.0,0.0,0.0,0.0,1.0,1.0,0.0,1.0,0.0,0.0,1.0,0.0,1.0,0.0,0.0,0.0,1.0,0.0,1.0,0.0,0.0,0.0,0.0,1.0
SANTO TOMÁS,2017,6,21,1,0.0,1.0,0.0,0.0,0.0,0.0,0.0,1.0,0.0,0.0,0.0,0.0,0.0,1.0,0.0,1.0,0.0,0.0,1.0,0.0,1.0,0.0,0.0,0.0,1.0,0.0,1.0,0.0,0.0,0.0,0.0,1.0
SANTO TOMÁS,2017,6,22,1,0.0,1.0,0.0,0.0,0.0,0.0,0.0,1.0,0.0,0.0,0.0,0.0,0.0,1.0,0.0,0.0,1.0,0.0,1.0,0.0,1.0,0.0,0.0,0.0,1.0,0.0,1.0,0.0,0.0,0.0,0.0,1.0
SANTO TOMÁS,2017,6,23,1,0.0,1.0,0.0,0.0,0.0,0.0,0.0,0.0,0.0,0.0,0.0,0.0,1.0,1.0,0.0,1.0,0.0,0.0,1.0,0.0,1.0,0.0,0.0,0.0,1.0,0.0,1.0,0.0,0.0,0.0,0.0,1.0
SANTO TOMÁS,2017,7,26,1,0.0,0.0,1.0,0.0,0.0,0.0,0.0,1.0,0.0,0.0,0.0,0.0,0.0,1.0,0.0,1.0,0.0,0.0,1.0,1.0,0.0,0.0,0.0,0.0,1.0,0.0,1.0,0.0,0.0,1.0,0.0,0.0
SANTO TOMÁS,2017,8,29,1,0.0,1.0,0.0,0.0,0.0,0.0,0.0,0.0,0.0,0.0,0.0,0.0,1.0,1.0,0.0,1.0,0.0,0.0,1.0,1.0,0.0,0.0,0.0,0.0,1.0,0.0,1.0,0.0,0.0,0.0,0.0,1.0
SANTO TOMÁS,2017,8,31,2,0.0,0.5,0.0,0.0,0.5,0.0,0.0,0.5,0.0,0.0,0.0,0.0,0.5,1.0,0.0,1.0,0.0,0.0,1.0,0.5,0.5,0.0,0.0,0.0,1.0,0.0,1.0,0.0,0.0,0.0,0.0,1.0
SANTO TOMÁS,2017,9,34,2,1.0,0.0,0.0,0.0,0.0,0.0,0.0,0.5,0.0,0.0,0.0,0.0,0.5,1.0,0.0,0.5,0.5,0.0,1.0,0.5,0.5,0.0,0.0,0.0,1.0,0.0,1.0,0.0,0.0,0.0,0.0,1.0
SANTO TOMÁS,2017,13,51,1,0.0,1.0,0.0,0.0,0.0,0.0,0.0,1.0,0.0,0.0,0.0,0.0,0.0,1.0,0.0,1.0,0.0,0.0,1.0,0.0,1.0,0.0,0.0,0.0,1.0,0.0,1.0,0.0,0.0,0.0,0.0,1.0
SANTO TOMÁS,2018,1,1,1,0.0,1.0,0.0,0.0,0.0,0.0,0.0,0.0,0.0,0.0,0.0,0.0,1.0,1.0,0.0,1.0,0.0,0.0,1.0,0.0,1.0,0.0,0.0,0.0,1.0,0.0,1.0,0.0,0.0,0.0,0.0,1.0
SANTO TOMÁS,2018,1,2,1,0.0,0.0,0.0,0.0,1.0,0.0,0.0,1.0,0.0,0.0,0.0,0.0,0.0,1.0,0.0,0.0,1.0,0.0,1.0,1.0,0.0,0.0,0.0,0.0,1.0,0.0,1.0,0.0,0.0,1.0,0.0,0.0
SANTO TOMÁS,2018,3,9,1,1.0,0.0,0.0,0.0,0.0,0.0,0.0,0.0,0.0,0.0,0.0,0.0,1.0,1.0,0.0,0.0,1.0,0.0,1.0,1.0,0.0,0.0,0.0,0.0,1.0,0.0,1.0,0.0,0.0,0.0,0.0,1.0
SANTO TOMÁS,2018,5,19,1,0.0,1.0,0.0,0.0,0.0,0.0,0.0,1.0,0.0,0.0,0.0,0.0,0.0,1.0,0.0,1.0,0.0,0.0,1.0,0.0,1.0,0.0,0.0,0.0,1.0,0.0,1.0,0.0,0.0,0.0,0.0,1.0
SANTO TOMÁS,2018,6,24,1,0.0,0.0,0.0,0.0,0.0,0.0,1.0,1.0,0.0,0.0,0.0,0.0,0.0,1.0,0.0,1.0,0.0,0.0,1.0,1.0,0.0,0.0,0.0,0.0,1.0,0.0,1.0,0.0,0.0,0.0,0.0,1.0
SANTO TOMÁS,2018,11,43,1,1.0,0.0,0.0,0.0,0.0,0.0,0.0,1.0,0.0,0.0,0.0,0.0,0.0,1.0,0.0,1.0,0.0,0.0,1.0,1.0,0.0,0.0,0.0,0.0,1.0,0.0,1.0,0.0,0.0,0.0,0.0,1.0
SANTO TOMÁS,2018,12,47,1,0.0,1.0,0.0,0.0,0.0,0.0,0.0,1.0,0.0,0.0,0.0,0.0,0.0,1.0,0.0,0.0,1.0,0.0,1.0,0.0,1.0,0.0,0.0,0.0,1.0,0.0,1.0,0.0,0.0,1.0,0.0,0.0
SANTO TOMÁS,2019,5,19,1,0.0,1.0,0.0,0.0,0.0,0.0,0.0,0.0,0.0,0.0,0.0,0.0,1.0,1.0,0.0,1.0,0.0,0.0,1.0,0.0,1.0,0.0,0.0,0.0,1.0,0.0,1.0,0.0,0.0,0.0,0.0,1.0
SANTO TOMÁS,2019,6,23,1,0.0,1.0,0.0,0.0,0.0,0.0,0.0,0.0,0.0,0.0,0.0,0.0,1.0,1.0,0.0,1.0,0.0,0.0,1.0,0.0,1.0,0.0,0.0,0.0,1.0,0.0,0.0,0.0,1.0,0.0,0.0,1.0
SANTO TOMÁS,2019,7,27,1,0.0,0.0,0.0,0.0,0.0,0.0,1.0,1.0,0.0,0.0,0.0,0.0,0.0,1.0,0.0,1.0,0.0,0.0,1.0,1.0,0.0,0.0,0.0,0.0,1.0,0.0,1.0,0.0,0.0,0.0,0.0,1.0
SANTO TOMÁS,2019,7,28,1,1.0,0.0,0.0,0.0,0.0,0.0,0.0,0.0,0.0,0.0,0.0,0.0,1.0,1.0,0.0,1.0,0.0,0.0,1.0,0.0,1.0,0.0,0.0,0.0,1.0,0.0,1.0,0.0,0.0,0.0,0.0,1.0
SANTO TOMÁS,2019,8,29,1,0.0,1.0,0.0,0.0,0.0,0.0,0.0,1.0,0.0,0.0,0.0,0.0,0.0,1.0,0.0,1.0,0.0,0.0,1.0,1.0,0.0,0.0,0.0,0.0,1.0,0.0,1.0,0.0,0.0,0.0,0.0,1.0
SANTO TOMÁS,2019,8,31,1,1.0,0.0,0.0,0.0,0.0,0.0,0.0,0.0,0.0,0.0,0.0,0.0,1.0,1.0,0.0,1.0,0.0,0.0,1.0,1.0,0.0,0.0,0.0,0.0,1.0,0.0,1.0,0.0,0.0,0.0,0.0,1.0
SANTO TOMÁS,2019,9,33,1,1.0,0.0,0.0,0.0,0.0,0.0,0.0,0.0,0.0,0.0,0.0,0.0,1.0,1.0,0.0,1.0,0.0,0.0,1.0,0.0,1.0,0.0,0.0,0.0,1.0,0.0,1.0,0.0,0.0,0.0,0.0,1.0
SANTO TOMÁS,2019,11,42,1,0.0,1.0,0.0,0.0,0.0,0.0,0.0,0.0,0.0,0.0,0.0,0.0,1.0,1.0,0.0,0.0,1.0,0.0,1.0,1.0,0.0,0.0,0.0,0.0,1.0,0.0,1.0,0.0,0.0,0.0,0.0,1.0
SANTO TOMÁS,2019,11,44,1,1.0,0.0,0.0,0.0,0.0,0.0,0.0,0.0,0.0,0.0,0.0,0.0,1.0,1.0,0.0,0.0,1.0,0.0,1.0,1.0,0.0,0.0,0.0,0.0,1.0,0.0,1.0,0.0,0.0,1.0,0.0,0.0
SANTO TOMÁS,2019,12,46,1,0.0,1.0,0.0,0.0,0.0,0.0,0.0,1.0,0.0,0.0,0.0,0.0,0.0,1.0,0.0,0.0,1.0,0.0,1.0,0.0,1.0,0.0,0.0,0.0,1.0,0.0,1.0,0.0,0.0,0.0,0.0,1.0
SANTO TOMÁS,2019,13,49,1,0.0,0.0,0.0,0.0,1.0,0.0,0.0,0.0,0.0,0.0,0.0,0.0,1.0,1.0,0.0,0.0,1.0,0.0,1.0,0.0,1.0,0.0,0.0,0.0,1.0,0.0,1.0,0.0,0.0,1.0,0.0,0.0
SANTO TOMÁS,2020,1,3,1,1.0,0.0,0.0,0.0,0.0,0.0,0.0,0.0,0.0,0.0,0.0,0.0,1.0,1.0,0.0,0.0,1.0,0.0,1.0,0.0,1.0,0.0,0.0,0.0,1.0,0.0,1.0,0.0,0.0,0.0,0.0,1.0
SANTO TOMÁS,2020,2,5,1,0.0,0.0,0.0,0.0,0.0,0.0,1.0,0.0,0.0,0.0,0.0,0.0,1.0,1.0,0.0,1.0,0.0,0.0,1.0,0.0,1.0,0.0,0.0,0.0,1.0,0.0,1.0,0.0,0.0,0.0,0.0,1.0
SANTO TOMÁS,2020,2,8,1,1.0,0.0,0.0,0.0,0.0,0.0,0.0,0.0,0.0,0.0,0.0,0.0,1.0,1.0,0.0,0.0,1.0,0.0,1.0,1.0,0.0,0.0,0.0,0.0,1.0,0.0,1.0,0.0,0.0,0.0,0.0,1.0
SANTO TOMÁS,2020,3,11,1,0.0,0.0,0.0,0.0,0.0,0.0,1.0,0.0,0.0,0.0,0.0,0.0,1.0,1.0,0.0,0.0,1.0,0.0,1.0,1.0,0.0,0.0,0.0,0.0,1.0,0.0,1.0,0.0,0.0,0.0,0.0,1.0
SANTO TOMÁS,2020,4,14,1,0.0,1.0,0.0,0.0,0.0,0.0,0.0,1.0,0.0,0.0,0.0,0.0,0.0,1.0,0.0,1.0,0.0,0.0,1.0,0.0,1.0,0.0,0.0,0.0,1.0,0.0,1.0,0.0,0.0,1.0,0.0,0.0
SANTO TOMÁS,2020,8,32,1,0.0,0.0,0.0,0.0,0.0,0.0,1.0,1.0,0.0,0.0,0.0,0.0,0.0,1.0,0.0,1.0,0.0,0.0,1.0,0.0,1.0,0.0,0.0,0.0,1.0,0.0,1.0,0.0,0.0,0.0,0.0,1.0
SANTO TOMÁS,2020,11,41,1,0.0,0.0,0.0,0.0,1.0,0.0,0.0,1.0,0.0,0.0,0.0,0.0,0.0,1.0,0.0,0.0,1.0,0.0,1.0,0.0,1.0,0.0,0.0,0.0,1.0,0.0,1.0,0.0,0.0,0.0,0.0,1.0
SANTO TOMÁS,2020,11,43,1,0.0,0.0,0.0,0.0,0.0,0.0,1.0,0.0,0.0,0.0,0.0,0.0,1.0,1.0,0.0,1.0,0.0,0.0,1.0,0.0,1.0,0.0,0.0,0.0,1.0,0.0,1.0,0.0,0.0,0.0,0.0,1.0
SANTO TOMÁS,2020,13,51,1,0.0,1.0,0.0,0.0,0.0,0.0,0.0,0.0,0.0,0.0,0.0,0.0,1.0,1.0,0.0,0.0,1.0,0.0,1.0,0.0,1.0,0.0,0.0,0.0,1.0,0.0,1.0,0.0,0.0,0.0,0.0,1.0
SANTO TOMÁS,2021,1,2,2,0.0,0.5,0.0,0.0,0.0,0.0,0.5,0.5,0.0,0.0,0.0,0.0,0.5,1.0,0.0,0.5,0.5,0.0,1.0,0.5,0.5,0.0,0.0,0.0,1.0,0.0,1.0,0.0,0.0,0.0,0.0,1.0
SANTO TOMÁS,2021,9,36,1,1.0,0.0,0.0,0.0,0.0,0.0,0.0,0.0,0.0,0.0,0.0,1.0,0.0,1.0,0.0,1.0,0.0,0.0,1.0,0.0,1.0,0.0,0.0,0.0,1.0,0.0,1.0,0.0,0.0,0.0,0.0,1.0
SANTO TOMÁS,2021,10,38,1,0.0,0.0,0.0,0.0,1.0,0.0,0.0,0.0,0.0,0.0,0.0,0.0,1.0,1.0,0.0,1.0,0.0,0.0,1.0,1.0,0.0,0.0,0.0,0.0,1.0,0.0,1.0,0.0,0.0,0.0,0.0,1.0
SANTO TOMÁS,2021,11,44,1,0.0,1.0,0.0,0.0,0.0,0.0,0.0,1.0,0.0,0.0,0.0,0.0,0.0,1.0,0.0,1.0,0.0,0.0,1.0,0.0,1.0,0.0,0.0,0.0,1.0,0.0,1.0,0.0,0.0,0.0,0.0,1.0
SANTO TOMÁS,2021,12,45,1,1.0,0.0,0.0,0.0,0.0,0.0,0.0,0.0,0.0,0.0,0.0,0.0,1.0,1.0,0.0,0.0,1.0,0.0,1.0,1.0,0.0,0.0,0.0,0.0,1.0,0.0,1.0,0.0,0.0,0.0,0.0,1.0
SANTO TOMÁS,2021,12,47,1,0.0,0.0,1.0,0.0,0.0,0.0,0.0,0.0,0.0,0.0,0.0,0.0,1.0,1.0,0.0,0.0,1.0,0.0,1.0,0.0,1.0,0.0,0.0,0.0,1.0,0.0,1.0,0.0,0.0,1.0,0.0,0.0
SANTO TOMÁS,2021,12,48,2,0.5,0.5,0.0,0.0,0.0,0.0,0.0,0.0,0.0,0.0,0.0,0.0,1.0,1.0,0.0,0.0,1.0,0.0,1.0,0.0,1.0,0.0,0.0,0.0,1.0,0.0,1.0,0.0,0.0,0.0,0.0,1.0
SANTO TOMÁS,2021,13,50,1,0.0,1.0,0.0,0.0,0.0,0.0,0.0,1.0,0.0,0.0,0.0,0.0,0.0,1.0,0.0,0.0,1.0,0.0,1.0,1.0,0.0,0.0,0.0,0.0,1.0,0.0,1.0,0.0,0.0,1.0,0.0,0.0
SANTO TOMÁS,2021,13,52,1,0.0,1.0,0.0,0.0,0.0,0.0,0.0,0.0,0.0,0.0,0.0,0.0,1.0,1.0,0.0,0.0,1.0,0.0,1.0,1.0,0.0,0.0,0.0,0.0,1.0,0.0,1.0,0.0,0.0,0.0,0.0,1.0
SANTO TOMÁS,2022,1,4,1,0.0,0.0,0.0,0.0,0.0,0.0,1.0,1.0,0.0,0.0,0.0,0.0,0.0,1.0,0.0,0.0,1.0,0.0,1.0,0.0,1.0,0.0,0.0,0.0,1.0,0.0,1.0,0.0,0.0,0.0,0.0,1.0
SANTO TOMÁS,2022,2,7,1,1.0,0.0,0.0,0.0,0.0,0.0,0.0,0.0,0.0,0.0,0.0,0.0,1.0,1.0,0.0,0.0,1.0,0.0,1.0,0.0,1.0,0.0,0.0,0.0,1.0,0.0,1.0,0.0,0.0,0.0,0.0,1.0
SANTO TOMÁS,2022,3,12,1,0.0,1.0,0.0,0.0,0.0,0.0,0.0,1.0,0.0,0.0,0.0,0.0,0.0,1.0,0.0,0.0,1.0,0.0,1.0,1.0,0.0,0.0,0.0,0.0,1.0,0.0,1.0,0.0,0.0,0.0,0.0,1.0
SANTO TOMÁS,2022,4,13,1,0.0,0.0,0.0,0.0,1.0,0.0,0.0,1.0,0.0,0.0,0.0,0.0,0.0,1.0,0.0,1.0,0.0,0.0,1.0,0.0,1.0,0.0,0.0,0.0,1.0,0.0,1.0,0.0,0.0,1.0,0.0,0.0
SANTO TOMÁS,2022,4,14,1,1.0,0.0,0.0,0.0,0.0,0.0,0.0,0.0,0.0,0.0,0.0,0.0,1.0,1.0,0.0,0.0,1.0,0.0,1.0,0.0,1.0,0.0,0.0,0.0,1.0,0.0,1.0,0.0,0.0,1.0,0.0,0.0
SANTO TOMÁS,2022,8,31,1,0.0,0.0,0.0,1.0,0.0,0.0,0.0,0.0,0.0,0.0,0.0,0.0,1.0,1.0,0.0,0.0,1.0,0.0,1.0,1.0,0.0,0.0,0.0,0.0,1.0,0.0,1.0,0.0,0.0,0.0,0.0,1.0
SANTO TOMÁS,2022,9,34,1,0.0,1.0,0.0,0.0,0.0,0.0,0.0,0.0,0.0,0.0,0.0,0.0,1.0,1.0,0.0,0.0,1.0,0.0,1.0,1.0,0.0,0.0,0.0,0.0,1.0,0.0,0.0,1.0,0.0,1.0,0.0,0.0
SANTO TOMÁS,2022,9,35,1,1.0,0.0,0.0,0.0,0.0,0.0,0.0,0.0,0.0,0.0,0.0,0.0,1.0,1.0,0.0,1.0,0.0,0.0,1.0,1.0,0.0,0.0,0.0,0.0,1.0,0.0,1.0,0.0,0.0,0.0,0.0,1.0
SANTO TOMÁS,2022,10,40,1,1.0,0.0,0.0,0.0,0.0,0.0,0.0,1.0,0.0,0.0,0.0,0.0,0.0,1.0,0.0,1.0,0.0,0.0,1.0,1.0,0.0,0.0,0.0,0.0,1.0,0.0,1.0,0.0,0.0,1.0,0.0,0.0
SANTO TOMÁS,2022,11,41,1,0.0,1.0,0.0,0.0,0.0,0.0,0.0,1.0,0.0,0.0,0.0,0.0,0.0,1.0,0.0,0.0,1.0,0.0,1.0,1.0,0.0,0.0,0.0,0.0,1.0,0.0,1.0,0.0,0.0,1.0,0.0,0.0
SANTO TOMÁS,2022,11,43,2,0.0,1.0,0.0,0.0,0.0,0.0,0.0,0.0,0.0,0.0,0.0,0.0,1.0,1.0,0.0,0.0,1.0,0.0,1.0,0.0,1.0,0.0,0.0,0.0,1.0,0.0,1.0,0.0,0.0,0.0,0.0,1.0
SANTO TOMÁS,2022,11,44,1,0.0,0.0,0.0,0.0,1.0,0.0,0.0,0.0,0.0,0.0,0.0,0.0,1.0,1.0,0.0,1.0,0.0,0.0,1.0,0.0,1.0,0.0,0.0,0.0,1.0,0.0,1.0,0.0,0.0,0.0,0.0,1.0
SANTO TOMÁS,2022,12,46,1,1.0,0.0,0.0,0.0,0.0,0.0,0.0,0.0,0.0,0.0,0.0,0.0,1.0,1.0,0.0,0.0,1.0,0.0,1.0,1.0,0.0,0.0,0.0,0.0,1.0,0.0,1.0,0.0,0.0,0.0,0.0,1.0
SANTO TOMÁS,2022,13,50,1,0.0,1.0,0.0,0.0,0.0,0.0,0.0,1.0,0.0,0.0,0.0,0.0,0.0,1.0,0.0,0.0,1.0,0.0,1.0,0.0,1.0,0.0,0.0,0.0,1.0,0.0,1.0,0.0,0.0,0.0,0.0,1.0
SANTO TOMÁS,2022,13,52,1,1.0,0.0,0.0,0.0,0.0,0.0,0.0,0.0,0.0,0.0,0.0,0.0,1.0,1.0,0.0,0.0,1.0,0.0,1.0,0.0,1.0,0.0,0.0,0.0,1.0,0.0,1.0,0.0,0.0,0.0,0.0,1.0
SANTO TOMÁS,2023,1,1,1,1.0,0.0,0.0,0.0,0.0,0.0,0.0,0.0,0.0,0.0,0.0,0.0,1.0,1.0,0.0,0.0,1.0,0.0,1.0,0.0,1.0,0.0,0.0,0.0,1.0,0.0,1.0,0.0,0.0,0.0,0.0,1.0
SANTO TOMÁS,2023,1,2,1,0.0,0.0,0.0,0.0,1.0,0.0,0.0,0.0,0.0,0.0,0.0,0.0,1.0,1.0,0.0,0.0,1.0,0.0,1.0,0.0,1.0,0.0,0.0,0.0,1.0,0.0,1.0,0.0,0.0,1.0,0.0,0.0
SANTO TOMÁS,2023,1,4,1,0.0,1.0,0.0,0.0,0.0,0.0,0.0,0.0,0.0,0.0,0.0,0.0,1.0,1.0,0.0,1.0,0.0,0.0,1.0,1.0,0.0,0.0,0.0,0.0,1.0,0.0,1.0,0.0,0.0,1.0,0.0,0.0
SANTO TOMÁS,2023,5,18,1,0.0,0.0,1.0,0.0,0.0,0.0,0.0,0.0,0.0,0.0,0.0,0.0,1.0,1.0,0.0,1.0,0.0,0.0,1.0,0.0,1.0,0.0,0.0,0.0,1.0,0.0,1.0,0.0,0.0,1.0,0.0,0.0
SANTO TOMÁS,2023,5,19,3,0.3333333333333333,0.6666666666666666,0.0,0.0,0.0,0.0,0.0,0.6666666666666666,0.0,0.0,0.0,0.0,0.3333333333333333,1.0,0.0,0.3333333333333333,0.6666666666666666,0.0,1.0,1.0,0.0,0.0,0.0,0.0,1.0,0.0,1.0,0.0,0.0,0.6666666666666666,0.0,0.3333333333333333
SANTO TOMÁS,2023,6,23,1,0.0,1.0,0.0,0.0,0.0,0.0,0.0,1.0,0.0,0.0,0.0,0.0,0.0,1.0,0.0,0.0,1.0,0.0,1.0,1.0,0.0,0.0,0.0,0.0,1.0,0.0,1.0,0.0,0.0,1.0,0.0,0.0
SANTO TOMÁS,2023,8,30,1,1.0,0.0,0.0,0.0,0.0,0.0,0.0,0.0,0.0,0.0,0.0,0.0,1.0,1.0,0.0,1.0,0.0,0.0,1.0,0.0,1.0,0.0,0.0,0.0,1.0,0.0,1.0,0.0,0.0,0.0,0.0,1.0
SANTO TOMÁS,2023,9,36,1,0.0,1.0,0.0,0.0,0.0,0.0,0.0,0.0,0.0,0.0,0.0,0.0,1.0,1.0,0.0,0.0,1.0,0.0,1.0,0.0,1.0,0.0,0.0,0.0,1.0,0.0,1.0,0.0,0.0,0.0,0.0,1.0
SANTO TOMÁS,2023,10,37,1,1.0,0.0,0.0,0.0,0.0,0.0,0.0,0.0,0.0,0.0,0.0,0.0,1.0,1.0,0.0,0.0,1.0,0.0,1.0,0.0,1.0,0.0,0.0,0.0,1.0,0.0,1.0,0.0,0.0,1.0,0.0,0.0
SANTO TOMÁS,2023,10,39,1,0.0,1.0,0.0,0.0,0.0,0.0,0.0,0.0,0.0,0.0,0.0,0.0,1.0,1.0,0.0,0.0,1.0,0.0,1.0,1.0,0.0,0.0,0.0,0.0,1.0,0.0,1.0,0.0,0.0,0.0,0.0,1.0
SANTO TOMÁS,2023,11,43,2,0.5,0.5,0.0,0.0,0.0,0.0,0.0,0.5,0.0,0.0,0.0,0.0,0.5,1.0,0.0,0.5,0.5,0.0,1.0,0.5,0.5,0.0,0.0,0.0,1.0,0.0,1.0,0.0,0.0,0.0,0.0,1.0
SANTO TOMÁS,2023,12,45,2,0.5,0.5,0.0,0.0,0.0,0.0,0.0,0.5,0.0,0.0,0.0,0.5,0.0,1.0,0.0,1.0,0.0,0.0,1.0,0.5,0.5,0.0,0.0,0.0,1.0,0.0,1.0,0.0,0.0,0.0,0.0,1.0
SANTO TOMÁS,2023,12,47,1,0.0,1.0,0.0,0.0,0.0,0.0,0.0,0.0,0.0,0.0,0.0,0.0,1.0,1.0,0.0,0.0,1.0,0.0,1.0,1.0,0.0,0.0,0.0,0.0,1.0,0.0,1.0,0.0,0.0,0.0,0.0,1.0
SANTO TOMÁS,2023,12,48,1,0.0,1.0,0.0,0.0,0.0,0.0,0.0,0.0,0.0,0.0,0.0,0.0,1.0,1.0,0.0,1.0,0.0,0.0,1.0,1.0,0.0,0.0,0.0,0.0,1.0,0.0,1.0,0.0,0.0,0.0,0.0,1.0
SANTO TOMÁS,2023,13,49,1,1.0,0.0,0.0,0.0,0.0,0.0,0.0,0.0,0.0,0.0,0.0,0.0,1.0,1.0,0.0,0.0,1.0,0.0,1.0,1.0,0.0,0.0,0.0,0.0,1.0,0.0,1.0,0.0,0.0,1.0,0.0,0.0
SOLEDAD,2017,1,1,1,0.0,1.0,0.0,0.0,0.0,0.0,0.0,0.0,0.0,0.0,0.0,0.0,1.0,1.0,0.0,0.0,1.0,0.0,1.0,1.0,0.0,0.0,0.0,1.0,0.0,0.0,1.0,0.0,0.0,0.0,0.0,1.0
SOLEDAD,2017,1,2,2,0.0,0.5,0.0,0.0,0.5,0.0,0.0,0.0,0.0,0.0,0.0,0.0,1.0,1.0,0.0,0.5,0.5,0.0,1.0,0.0,1.0,0.0,0.0,1.0,0.0,0.0,1.0,0.0,0.0,0.5,0.0,0.5
SOLEDAD,2017,1,3,1,1.0,0.0,0.0,0.0,0.0,0.0,0.0,0.0,0.0,0.0,0.0,0.0,1.0,1.0,0.0,0.0,1.0,0.0,1.0,0.0,1.0,0.0,0.0,1.0,0.0,0.0,1.0,0.0,0.0,1.0,0.0,0.0
SOLEDAD,2017,1,4,2,0.0,0.0,0.0,0.0,0.5,0.0,0.5,0.5,0.0,0.0,0.0,0.0,0.5,1.0,0.0,0.0,1.0,0.0,1.0,1.0,0.0,0.0,0.0,1.0,0.0,0.0,1.0,0.0,0.0,0.5,0.0,0.5
SOLEDAD,2017,2,5,2,0.5,0.0,0.0,0.0,0.5,0.0,0.0,0.5,0.0,0.0,0.0,0.0,0.5,1.0,0.0,0.5,0.5,0.0,1.0,0.5,0.5,0.0,0.0,1.0,0.0,0.0,1.0,0.0,0.0,0.5,0.0,0.5
SOLEDAD,2017,2,6,1,0.0,0.0,0.0,0.0,0.0,0.0,1.0,0.0,0.0,0.0,1.0,0.0,0.0,1.0,0.0,0.0,1.0,0.0,1.0,1.0,0.0,0.0,0.0,1.0,0.0,0.0,1.0,0.0,0.0,0.0,0.0,1.0
SOLEDAD,2017,3,9,1,0.0,1.0,0.0,0.0,0.0,0.0,0.0,1.0,0.0,0.0,0.0,0.0,0.0,1.0,0.0,0.0,1.0,0.0,1.0,0.0,1.0,0.0,0.0,1.0,0.0,0.0,1.0,0.0,0.0,0.0,0.0,1.0
SOLEDAD,2017,3,10,2,0.5,0.0,0.0,0.0,0.5,0.0,0.0,1.0,0.0,0.0,0.0,0.0,0.0,1.0,0.0,0.0,1.0,0.0,1.0,0.0,1.0,0.0,0.0,1.0,0.0,0.0,1.0,0.0,0.0,0.0,0.0,1.0
SOLEDAD,2017,3,11,2,0.0,0.5,0.0,0.0,0.5,0.0,0.0,0.5,0.0,0.0,0.0,0.0,0.5,1.0,0.0,0.0,1.0,0.0,1.0,0.5,0.5,0.0,0.0,1.0,0.0,0.0,1.0,0.0,0.0,1.0,0.0,0.0
SOLEDAD,2017,3,12,1,0.0,0.0,0.0,0.0,1.0,0.0,0.0,0.0,0.0,0.0,0.0,0.0,1.0,1.0,0.0,0.0,1.0,0.0,1.0,1.0,0.0,0.0,0.0,1.0,0.0,0.0,1.0,0.0,0.0,0.0,0.0,1.0
SOLEDAD,2017,4,13,1,0.0,0.0,0.0,0.0,0.0,0.0,1.0,0.0,0.0,1.0,0.0,0.0,0.0,1.0,0.0,1.0,0.0,0.0,1.0,0.0,1.0,0.0,0.0,1.0,0.0,0.0,1.0,0.0,0.0,0.0,0.0,1.0
SOLEDAD,2017,4,14,1,0.0,0.0,1.0,0.0,0.0,0.0,0.0,1.0,0.0,0.0,0.0,0.0,0.0,1.0,0.0,0.0,1.0,0.0,1.0,0.0,1.0,0.0,0.0,1.0,0.0,0.0,1.0,0.0,0.0,0.0,0.0,1.0
SOLEDAD,2017,4,16,1,1.0,0.0,0.0,0.0,0.0,0.0,0.0,0.0,0.0,0.0,0.0,1.0,0.0,1.0,0.0,0.0,1.0,0.0,1.0,0.0,1.0,0.0,0.0,1.0,0.0,0.0,1.0,0.0,0.0,0.0,0.0,1.0
SOLEDAD,2017,5,17,3,0.0,0.6666666666666666,0.0,0.0,0.0,0.0,0.3333333333333333,0.6666666666666666,0.0,0.0,0.0,0.0,0.3333333333333333,1.0,0.0,0.6666666666666666,0.3333333333333333,0.0,1.0,0.3333333333333333,0.6666666666666666,0.0,0.0,1.0,0.0,0.0,1.0,0.0,0.0,0.3333333333333333,0.0,0.6666666666666666
SOLEDAD,2017,5,19,2,0.0,0.5,0.0,0.0,0.5,0.0,0.0,0.5,0.0,0.0,0.0,0.0,0.5,1.0,0.0,0.5,0.5,0.0,1.0,0.5,0.5,0.0,0.0,1.0,0.0,0.0,1.0,0.0,0.0,0.0,0.0,1.0
SOLEDAD,2017,5,20,1,0.0,0.0,0.0,0.0,0.0,0.0,1.0,1.0,0.0,0.0,0.0,0.0,0.0,1.0,0.0,0.0,1.0,0.0,1.0,1.0,0.0,0.0,0.0,1.0,0.0,0.0,1.0,0.0,0.0,0.0,0.0,1.0
SOLEDAD,2017,6,21,1,0.0,0.0,0.0,0.0,0.0,0.0,1.0,1.0,0.0,0.0,0.0,0.0,0.0,1.0,0.0,0.0,1.0,0.0,1.0,0.0,1.0,0.0,0.0,1.0,0.0,0.0,1.0,0.0,0.0,1.0,0.0,0.0
SOLEDAD,2017,6,22,3,0.0,0.6666666666666666,0.0,0.0,0.0,0.0,0.3333333333333333,0.3333333333333333,0.0,0.0,0.0,0.0,0.6666666666666666,0.3333333333333333,0.6666666666666666,0.0,1.0,0.0,1.0,0.3333333333333333,0.6666666666666666,0.0,0.0,1.0,0.0,0.0,1.0,0.0,0.0,0.6666666666666666,0.0,0.3333333333333333
SOLEDAD,2017,6,23,3,0.0,0.3333333333333333,0.3333333333333333,0.0,0.0,0.0,0.3333333333333333,0.6666666666666666,0.0,0.0,0.0,0.0,0.3333333333333333,1.0,0.0,0.3333333333333333,0.6666666666666666,0.0,1.0,0.3333333333333333,0.6666666666666666,0.0,0.0,1.0,0.0,0.0,1.0,0.0,0.0,0.0,0.0,1.0
SOLEDAD,2017,7,26,1,0.0,0.0,1.0,0.0,0.0,0.0,0.0,1.0,0.0,0.0,0.0,0.0,0.0,1.0,0.0,1.0,0.0,0.0,1.0,1.0,0.0,0.0,0.0,1.0,0.0,0.0,1.0,0.0,0.0,1.0,0.0,0.0
SOLEDAD,2017,7,27,5,0.8,0.0,0.0,0.0,0.2,0.0,0.0,0.4,0.0,0.0,0.0,0.0,0.6,1.0,0.0,0.8,0.2,0.0,1.0,0.4,0.6,0.0,0.0,1.0,0.0,0.0,1.0,0.0,0.0,0.2,0.0,0.8
SOLEDAD,2017,8,29,2,0.0,0.5,0.5,0.0,0.0,0.0,0.0,0.5,0.0,0.0,0.0,0.0,0.5,1.0,0.0,0.0,1.0,0.0,1.0,0.0,1.0,0.0,0.0,1.0,0.0,0.0,1.0,0.0,0.0,0.5,0.0,0.5
SOLEDAD,2017,8,30,4,0.25,0.5,0.25,0.0,0.0,0.0,0.0,0.5,0.0,0.0,0.0,0.0,0.5,1.0,0.0,0.0,1.0,0.0,1.0,0.25,0.75,0.0,0.0,1.0,0.0,0.0,1.0,0.0,0.0,0.5,0.0,0.5
SOLEDAD,2017,8,31,5,0.6,0.0,0.0,0.0,0.4,0.0,0.0,0.6,0.0,0.0,0.0,0.0,0.4,1.0,0.0,0.6,0.4,0.0,1.0,0.2,0.8,0.0,0.0,1.0,0.0,0.0,1.0,0.0,0.0,0.8,0.0,0.2
SOLEDAD,2017,8,32,4,0.5,0.25,0.0,0.0,0.0,0.0,0.25,0.5,0.0,0.0,0.0,0.0,0.5,1.0,0.0,0.75,0.25,0.0,1.0,0.75,0.25,0.0,0.0,1.0,0.0,0.0,1.0,0.0,0.0,0.25,0.0,0.75
SOLEDAD,2017,9,33,3,0.6666666666666666,0.0,0.0,0.0,0.3333333333333333,0.0,0.0,0.3333333333333333,0.0,0.0,0.0,0.0,0.6666666666666666,1.0,0.0,0.3333333333333333,0.6666666666666666,0.0,1.0,0.6666666666666666,0.3333333333333333,0.0,0.0,1.0,0.0,0.0,1.0,0.0,0.0,0.3333333333333333,0.0,0.6666666666666666
SOLEDAD,2017,9,34,10,0.2,0.3,0.0,0.0,0.2,0.0,0.3,0.3,0.0,0.2,0.0,0.0,0.5,0.9,0.1,0.4,0.6,0.0,1.0,0.3,0.7,0.0,0.0,1.0,0.0,0.0,1.0,0.0,0.0,0.1,0.0,0.9
SOLEDAD,2017,9,35,6,0.8333333333333334,0.16666666666666666,0.0,0.0,0.0,0.0,0.0,0.3333333333333333,0.0,0.16666666666666666,0.0,0.16666666666666666,0.3333333333333333,1.0,0.0,0.5,0.5,0.0,1.0,0.5,0.5,0.0,0.0,1.0,0.0,0.0,1.0,0.0,0.0,0.5,0.0,0.5
SOLEDAD,2017,9,36,11,0.5454545454545454,0.45454545454545453,0.0,0.0,0.0,0.0,0.0,0.7272727272727273,0.0,0.09090909090909091,0.0,0.09090909090909091,0.09090909090909091,0.9090909090909091,0.09090909090909091,0.45454545454545453,0.5454545454545454,0.0,1.0,0.45454545454545453,0.5454545454545454,0.0,0.0,1.0,0.0,0.0,1.0,0.0,0.0,0.45454545454545453,0.0,0.5454545454545454
SOLEDAD,2017,10,37,10,0.4,0.3,0.1,0.0,0.1,0.0,0.1,0.2,0.3,0.0,0.0,0.1,0.4,1.0,0.0,0.5,0.5,0.0,1.0,0.7,0.3,0.0,0.0,1.0,0.0,0.0,1.0,0.0,0.0,0.4,0.0,0.6
SOLEDAD,2017,10,38,8,0.25,0.625,0.125,0.0,0.0,0.0,0.0,0.625,0.0,0.0,0.0,0.0,0.375,0.875,0.125,0.625,0.375,0.0,1.0,0.375,0.625,0.0,0.0,1.0,0.0,0.0,1.0,0.0,0.0,0.125,0.0,0.875
SOLEDAD,2017,10,39,8,0.25,0.375,0.0,0.0,0.25,0.0,0.125,0.625,0.0,0.0,0.0,0.0,0.375,1.0,0.0,0.625,0.375,0.0,1.0,0.5,0.5,0.0,0.0,1.0,0.0,0.0,1.0,0.0,0.0,0.375,0.0,0.625
SOLEDAD,2017,10,40,10,0.3,0.1,0.2,0.0,0.3,0.0,0.1,0.5,0.0,0.0,0.0,0.1,0.4,1.0,0.0,0.6,0.4,0.0,1.0,0.6,0.4,0.0,0.0,1.0,0.0,0.0,1.0,0.0,0.0,0.2,0.0,0.8
SOLEDAD,2017,11,41,12,0.25,0.25,0.08333333333333333,0.0,0.3333333333333333,0.0,0.08333333333333333,0.75,0.0,0.16666666666666666,0.0,0.0,0.08333333333333333,1.0,0.0,0.4166666666666667,0.5833333333333334,0.0,1.0,0.5833333333333334,0.4166666666666667,0.0,0.0,1.0,0.0,0.0,1.0,0.0,0.0,0.5833333333333334,0.0,0.4166666666666667
SOLEDAD,2017,11,42,20,0.5,0.2,0.0,0.0,0.3,0.0,0.0,0.45,0.05,0.0,0.0,0.0,0.5,1.0,0.0,0.6,0.4,0.0,1.0,0.3,0.7,0.0,0.0,1.0,0.0,0.0,1.0,0.0,0.0,0.3,0.0,0.7
SOLEDAD,2017,11,43,11,0.5454545454545454,0.18181818181818182,0.0,0.0,0.18181818181818182,0.09090909090909091,0.0,0.2727272727272727,0.18181818181818182,0.0,0.0,0.0,0.5454545454545454,1.0,0.0,0.7272727272727273,0.2727272727272727,0.0,1.0,0.36363636363636365,0.6363636363636364,0.0,0.0,1.0,0.0,0.0,1.0,0.0,0.0,0.36363636363636365,0.0,0.6363636363636364
SOLEDAD,2017,11,44,9,0.4444444444444444,0.2222222222222222,0.0,0.0,0.3333333333333333,0.0,0.0,0.6666666666666666,0.0,0.0,0.0,0.0,0.3333333333333333,1.0,0.0,0.4444444444444444,0.5555555555555556,0.0,1.0,0.5555555555555556,0.4444444444444444,0.0,0.0,1.0,0.0,0.0,1.0,0.0,0.0,0.5555555555555556,0.0,0.4444444444444444
SOLEDAD,2017,12,45,12,0.4166666666666667,0.25,0.08333333333333333,0.0,0.25,0.0,0.0,0.6666666666666666,0.0,0.0,0.0,0.0,0.3333333333333333,1.0,0.0,0.5833333333333334,0.4166666666666667,0.0,1.0,0.4166666666666667,0.5833333333333334,0.0,0.0,1.0,0.0,0.0,1.0,0.0,0.0,0.25,0.0,0.75
SOLEDAD,2017,12,46,10,0.6,0.2,0.0,0.0,0.1,0.0,0.1,0.4,0.0,0.1,0.0,0.0,0.5,1.0,0.0,0.3,0.7,0.0,1.0,0.5,0.5,0.0,0.0,1.0,0.0,0.0,1.0,0.0,0.0,0.4,0.1,0.5
SOLEDAD,2017,12,47,12,0.5,0.25,0.08333333333333333,0.0,0.16666666666666666,0.0,0.0,0.5,0.0,0.08333333333333333,0.0,0.0,0.4166666666666667,1.0,0.0,0.5,0.5,0.0,1.0,0.5,0.5,0.0,0.0,1.0,0.0,0.0,1.0,0.0,0.0,0.5,0.0,0.5
SOLEDAD,2017,12,48,17,0.23529411764705882,0.47058823529411764,0.058823529411764705,0.0,0.058823529411764705,0.0,0.17647058823529413,0.5882352941176471,0.0,0.058823529411764705,0.0,0.058823529411764705,0.29411764705882354,0.8823529411764706,0.11764705882352941,0.4117647058823529,0.5882352941176471,0.0,1.0,0.47058823529411764,0.5294117647058824,0.0,0.0,1.0,0.0,0.0,1.0,0.0,0.0,0.29411764705882354,0.0,0.7058823529411765
SOLEDAD,2017,13,49,16,0.3125,0.375,0.0,0.0,0.25,0.0625,0.0,0.6875,0.0,0.0,0.0,0.0,0.3125,1.0,0.0,0.375,0.625,0.0,1.0,0.375,0.625,0.0,0.0,1.0,0.0,0.0,1.0,0.0,0.0,0.375,0.0,0.625
SOLEDAD,2017,13,50,31,0.5161290322580645,0.1935483870967742,0.03225806451612903,0.0,0.16129032258064516,0.0,0.0967741935483871,0.5806451612903226,0.03225806451612903,0.0,0.0,0.0,0.3870967741935484,1.0,0.0,0.22580645161290322,0.7741935483870968,0.0,1.0,0.6129032258064516,0.3870967741935484,0.0,0.0,1.0,0.0,0.0,1.0,0.0,0.0,0.22580645161290322,0.0,0.7741935483870968
SOLEDAD,2017,13,51,33,0.5151515151515151,0.2727272727272727,0.0,0.0,0.09090909090909091,0.030303030303030304,0.09090909090909091,0.48484848484848486,0.0,0.0,0.030303030303030304,0.0,0.48484848484848486,1.0,0.0,0.45454545454545453,0.5454545454545454,0.0,1.0,0.5151515151515151,0.48484848484848486,0.0,0.0,1.0,0.0,0.0,1.0,0.0,0.0,0.21212121212121213,0.0,0.7878787878787878
SOLEDAD,2017,13,52,23,0.391304347826087,0.13043478260869565,0.0,0.0,0.30434782608695654,0.0,0.17391304347826086,0.5652173913043478,0.043478260869565216,0.043478260869565216,0.0,0.0,0.34782608695652173,1.0,0.0,0.34782608695652173,0.6521739130434783,0.0,1.0,0.4782608695652174,0.5217391304347826,0.0,0.0,1.0,0.0,0.0,1.0,0.0,0.0,0.21739130434782608,0.0,0.782608695652174
SOLEDAD,2018,1,1,26,0.5384615384615384,0.11538461538461539,0.0,0.0,0.15384615384615385,0.0,0.19230769230769232,0.5769230769230769,0.0,0.0,0.0,0.0,0.4230769230769231,1.0,0.0,0.38461538461538464,0.6153846153846154,0.0,1.0,0.5769230769230769,0.4230769230769231,0.0,0.0,1.0,0.0,0.0,1.0,0.0,0.0,0.4230769230769231,0.0,0.5769230769230769
SOLEDAD,2018,1,2,41,0.4146341463414634,0.2926829268292683,0.0,0.0,0.21951219512195122,0.0,0.07317073170731707,0.5853658536585366,0.0,0.0,0.024390243902439025,0.024390243902439025,0.36585365853658536,1.0,0.0,0.4878048780487805,0.5121951219512195,0.0,1.0,0.5609756097560976,0.43902439024390244,0.0,0.0,1.0,0.0,0.0,0.975609756097561,0.024390243902439025,0.0,0.3902439024390244,0.0,0.6097560975609756
SOLEDAD,2018,1,3,42,0.4523809523809524,0.19047619047619047,0.023809523809523808,0.0,0.21428571428571427,0.0,0.11904761904761904,0.6190476190476191,0.0,0.0,0.0,0.047619047619047616,0.3333333333333333,1.0,0.0,0.3333333333333333,0.6666666666666666,0.0,1.0,0.35714285714285715,0.6428571428571429,0.0,0.0,1.0,0.0,0.0,0.9523809523809523,0.047619047619047616,0.0,0.5952380952380952,0.0,0.40476190476190477
SOLEDAD,2018,1,4,23,0.43478260869565216,0.30434782608695654,0.0,0.0,0.13043478260869565,0.0,0.13043478260869565,0.43478260869565216,0.0,0.043478260869565216,0.0,0.08695652173913043,0.43478260869565216,1.0,0.0,0.30434782608695654,0.6956521739130435,0.0,1.0,0.6521739130434783,0.34782608695652173,0.0,0.0,1.0,0.0,0.0,1.0,0.0,0.0,0.34782608695652173,0.0,0.6521739130434783
SOLEDAD,2018,2,5,25,0.32,0.36,0.0,0.0,0.24,0.0,0.08,0.52,0.0,0.0,0.04,0.04,0.4,0.96,0.04,0.16,0.84,0.0,1.0,0.48,0.52,0.0,0.0,1.0,0.0,0.0,1.0,0.0,0.0,0.36,0.0,0.64
SOLEDAD,2018,2,6,20,0.65,0.2,0.0,0.0,0.05,0.0,0.1,0.7,0.0,0.05,0.0,0.05,0.2,1.0,0.0,0.4,0.6,0.0,1.0,0.3,0.7,0.0,0.0,1.0,0.0,0.0,1.0,0.0,0.0,0.5,0.0,0.5
SOLEDAD,2018,2,7,24,0.4166666666666667,0.20833333333333334,0.0,0.0,0.20833333333333334,0.041666666666666664,0.125,0.5,0.0,0.0,0.0,0.041666666666666664,0.4583333333333333,1.0,0.0,0.5416666666666666,0.4583333333333333,0.0,1.0,0.4583333333333333,0.5416666666666666,0.0,0.0,1.0,0.0,0.0,1.0,0.0,0.0,0.3333333333333333,0.0,0.6666666666666666
SOLEDAD,2018,2,8,19,0.631578947368421,0.15789473684210525,0.0,0.0,0.10526315789473684,0.0,0.10526315789473684,0.47368421052631576,0.05263157894736842,0.0,0.0,0.0,0.47368421052631576,1.0,0.0,0.3157894736842105,0.6842105263157895,0.0,1.0,0.631578947368421,0.3684210526315789,0.0,0.0,1.0,0.0,0.0,1.0,0.0,0.0,0.631578947368421,0.0,0.3684210526315789
SOLEDAD,2018,3,9,7,0.7142857142857143,0.14285714285714285,0.0,0.0,0.0,0.0,0.14285714285714285,0.42857142857142855,0.0,0.0,0.0,0.14285714285714285,0.42857142857142855,1.0,0.0,0.0,1.0,0.0,1.0,0.42857142857142855,0.5714285714285714,0.0,0.0,1.0,0.0,0.0,1.0,0.0,0.0,0.2857142857142857,0.0,0.7142857142857143
SOLEDAD,2018,3,10,7,0.2857142857142857,0.42857142857142855,0.0,0.0,0.14285714285714285,0.0,0.14285714285714285,0.42857142857142855,0.0,0.0,0.0,0.0,0.5714285714285714,1.0,0.0,0.2857142857142857,0.7142857142857143,0.0,1.0,0.14285714285714285,0.8571428571428571,0.0,0.0,1.0,0.0,0.0,1.0,0.0,0.0,0.2857142857142857,0.0,0.7142857142857143
SOLEDAD,2018,3,11,7,0.42857142857142855,0.2857142857142857,0.0,0.0,0.2857142857142857,0.0,0.0,0.8571428571428571,0.0,0.0,0.0,0.0,0.14285714285714285,0.8571428571428571,0.14285714285714285,0.2857142857142857,0.7142857142857143,0.0,1.0,0.42857142857142855,0.5714285714285714,0.0,0.0,1.0,0.0,0.0,1.0,0.0,0.0,0.5714285714285714,0.0,0.42857142857142855
SOLEDAD,2018,3,12,4,0.5,0.25,0.0,0.0,0.25,0.0,0.0,0.0,0.0,0.25,0.0,0.0,0.75,0.75,0.25,0.0,1.0,0.0,1.0,0.25,0.75,0.0,0.0,1.0,0.0,0.0,1.0,0.0,0.0,0.0,0.0,1.0
SOLEDAD,2018,4,13,1,0.0,1.0,0.0,0.0,0.0,0.0,0.0,0.0,0.0,0.0,0.0,0.0,1.0,1.0,0.0,1.0,0.0,0.0,1.0,0.0,1.0,0.0,0.0,1.0,0.0,0.0,1.0,0.0,0.0,0.0,0.0,1.0
SOLEDAD,2018,4,14,4,0.5,0.25,0.0,0.0,0.0,0.25,0.0,0.75,0.0,0.0,0.0,0.0,0.25,1.0,0.0,0.5,0.5,0.0,1.0,0.25,0.75,0.0,0.0,1.0,0.0,0.0,1.0,0.0,0.0,0.5,0.0,0.5
SOLEDAD,2018,4,15,4,0.25,0.25,0.0,0.0,0.0,0.0,0.5,0.75,0.25,0.0,0.0,0.0,0.0,1.0,0.0,0.75,0.25,0.0,1.0,0.25,0.75,0.0,0.0,1.0,0.0,0.0,1.0,0.0,0.0,0.5,0.0,0.5
SOLEDAD,2018,4,16,6,0.0,0.6666666666666666,0.0,0.0,0.3333333333333333,0.0,0.0,0.5,0.0,0.0,0.0,0.0,0.5,0.8333333333333334,0.16666666666666666,0.8333333333333334,0.16666666666666666,0.0,1.0,0.5,0.5,0.0,0.0,1.0,0.0,0.0,1.0,0.0,0.0,0.16666666666666666,0.0,0.8333333333333334
SOLEDAD,2018,5,17,5,0.4,0.6,0.0,0.0,0.0,0.0,0.0,0.4,0.0,0.0,0.0,0.2,0.4,1.0,0.0,0.4,0.6,0.0,1.0,0.6,0.4,0.0,0.0,1.0,0.0,0.0,1.0,0.0,0.0,0.2,0.0,0.8
SOLEDAD,2018,5,18,2,0.0,0.5,0.0,0.0,0.5,0.0,0.0,1.0,0.0,0.0,0.0,0.0,0.0,1.0,0.0,0.5,0.5,0.0,1.0,0.5,0.5,0.0,0.0,1.0,0.0,0.0,1.0,0.0,0.0,0.5,0.0,0.5
SOLEDAD,2018,5,19,7,0.5714285714285714,0.0,0.0,0.0,0.2857142857142857,0.0,0.14285714285714285,0.2857142857142857,0.0,0.14285714285714285,0.0,0.14285714285714285,0.42857142857142855,1.0,0.0,0.2857142857142857,0.7142857142857143,0.0,1.0,0.2857142857142857,0.7142857142857143,0.0,0.0,1.0,0.0,0.0,1.0,0.0,0.0,0.5714285714285714,0.0,0.42857142857142855
SOLEDAD,2018,5,20,5,0.2,0.4,0.0,0.0,0.0,0.0,0.4,0.8,0.0,0.0,0.0,0.0,0.2,1.0,0.0,0.2,0.8,0.0,1.0,0.4,0.6,0.0,0.0,1.0,0.0,0.0,1.0,0.0,0.0,0.4,0.0,0.6
SOLEDAD,2018,6,21,3,0.0,0.3333333333333333,0.3333333333333333,0.0,0.0,0.0,0.3333333333333333,0.6666666666666666,0.0,0.0,0.0,0.0,0.3333333333333333,0.6666666666666666,0.3333333333333333,0.3333333333333333,0.6666666666666666,0.0,1.0,0.3333333333333333,0.6666666666666666,0.0,0.0,1.0,0.0,0.0,1.0,0.0,0.0,0.6666666666666666,0.0,0.3333333333333333
SOLEDAD,2018,6,23,2,0.5,0.0,0.0,0.0,0.5,0.0,0.0,1.0,0.0,0.0,0.0,0.0,0.0,1.0,0.0,0.0,1.0,0.0,1.0,0.5,0.5,0.0,0.0,1.0,0.0,0.0,1.0,0.0,0.0,0.5,0.0,0.5
SOLEDAD,2018,6,24,6,0.3333333333333333,0.16666666666666666,0.0,0.0,0.16666666666666666,0.0,0.3333333333333333,0.6666666666666666,0.0,0.0,0.0,0.0,0.3333333333333333,1.0,0.0,0.3333333333333333,0.6666666666666666,0.0,1.0,0.3333333333333333,0.6666666666666666,0.0,0.0,1.0,0.0,0.0,1.0,0.0,0.0,0.5,0.0,0.5
SOLEDAD,2018,7,25,6,0.16666666666666666,0.6666666666666666,0.0,0.0,0.16666666666666666,0.0,0.0,0.6666666666666666,0.0,0.0,0.0,0.0,0.3333333333333333,1.0,0.0,0.16666666666666666,0.8333333333333334,0.0,1.0,0.0,1.0,0.0,0.0,1.0,0.0,0.0,0.8333333333333334,0.16666666666666666,0.0,0.8333333333333334,0.0,0.16666666666666666
SOLEDAD,2018,7,26,2,0.5,0.0,0.0,0.0,0.5,0.0,0.0,0.5,0.0,0.0,0.0,0.0,0.5,1.0,0.0,0.0,1.0,0.0,1.0,0.0,1.0,0.0,0.0,1.0,0.0,0.0,1.0,0.0,0.0,1.0,0.0,0.0
SOLEDAD,2018,7,27,3,0.0,0.3333333333333333,0.0,0.0,0.6666666666666666,0.0,0.0,0.6666666666666666,0.0,0.0,0.0,0.0,0.3333333333333333,1.0,0.0,0.0,1.0,0.0,1.0,0.6666666666666666,0.3333333333333333,0.0,0.0,1.0,0.0,0.0,1.0,0.0,0.0,0.6666666666666666,0.0,0.3333333333333333
SOLEDAD,2018,7,28,13,0.23076923076923078,0.46153846153846156,0.0,0.0,0.23076923076923078,0.0,0.07692307692307693,0.38461538461538464,0.0,0.0,0.0,0.07692307692307693,0.5384615384615384,1.0,0.0,0.15384615384615385,0.8461538461538461,0.0,1.0,0.23076923076923078,0.7692307692307693,0.0,0.0,1.0,0.0,0.0,1.0,0.0,0.0,0.6153846153846154,0.0,0.38461538461538464
SOLEDAD,2018,8,29,9,0.6666666666666666,0.1111111111111111,0.0,0.0,0.2222222222222222,0.0,0.0,0.5555555555555556,0.0,0.0,0.0,0.0,0.4444444444444444,1.0,0.0,0.4444444444444444,0.5555555555555556,0.0,1.0,0.5555555555555556,0.4444444444444444,0.0,0.0,1.0,0.0,0.0,1.0,0.0,0.0,0.5555555555555556,0.0,0.4444444444444444
SOLEDAD,2018,8,30,7,0.7142857142857143,0.14285714285714285,0.0,0.0,0.14285714285714285,0.0,0.0,0.7142857142857143,0.0,0.14285714285714285,0.0,0.0,0.14285714285714285,1.0,0.0,0.42857142857142855,0.5714285714285714,0.0,1.0,0.2857142857142857,0.7142857142857143,0.0,0.0,1.0,0.0,0.0,1.0,0.0,0.0,0.5714285714285714,0.0,0.42857142857142855
SOLEDAD,2018,8,31,8,0.75,0.25,0.0,0.0,0.0,0.0,0.0,0.5,0.0,0.25,0.0,0.0,0.25,0.875,0.125,0.25,0.75,0.0,1.0,0.125,0.875,0.0,0.0,1.0,0.0,0.0,1.0,0.0,0.0,0.375,0.0,0.625
SOLEDAD,2018,8,32,18,0.5555555555555556,0.1111111111111111,0.0,0.0,0.16666666666666666,0.05555555555555555,0.1111111111111111,0.6111111111111112,0.05555555555555555,0.0,0.0,0.0,0.3333333333333333,1.0,0.0,0.3888888888888889,0.6111111111111112,0.0,1.0,0.3888888888888889,0.6111111111111112,0.0,0.0,1.0,0.0,0.0,1.0,0.0,0.0,0.6666666666666666,0.0,0.3333333333333333
SOLEDAD,2018,9,33,15,0.6,0.06666666666666667,0.13333333333333333,0.0,0.2,0.0,0.0,0.4666666666666667,0.0,0.06666666666666667,0.0,0.0,0.4666666666666667,1.0,0.0,0.3333333333333333,0.6666666666666666,0.0,1.0,0.4666666666666667,0.5333333333333333,0.0,0.0,1.0,0.0,0.0,1.0,0.0,0.0,0.4,0.0,0.6
SOLEDAD,2018,9,34,13,0.46153846153846156,0.15384615384615385,0.07692307692307693,0.0,0.07692307692307693,0.0,0.23076923076923078,0.38461538461538464,0.0,0.0,0.0,0.07692307692307693,0.5384615384615384,1.0,0.0,0.23076923076923078,0.7692307692307693,0.0,1.0,0.38461538461538464,0.6153846153846154,0.0,0.0,1.0,0.0,0.0,1.0,0.0,0.0,0.6923076923076923,0.0,0.3076923076923077
SOLEDAD,2018,9,35,11,0.18181818181818182,0.2727272727272727,0.0,0.0,0.36363636363636365,0.09090909090909091,0.09090909090909091,0.5454545454545454,0.0,0.0,0.0,0.18181818181818182,0.2727272727272727,1.0,0.0,0.36363636363636365,0.6363636363636364,0.0,1.0,0.5454545454545454,0.45454545454545453,0.0,0.0,1.0,0.0,0.0,1.0,0.0,0.0,0.45454545454545453,0.0,0.5454545454545454
SOLEDAD,2018,9,36,8,0.5,0.125,0.0,0.0,0.375,0.0,0.0,0.75,0.0,0.0,0.0,0.0,0.25,1.0,0.0,0.5,0.5,0.0,1.0,0.625,0.375,0.0,0.0,1.0,0.0,0.0,1.0,0.0,0.0,0.5,0.0,0.5
SOLEDAD,2018,10,37,13,0.15384615384615385,0.3076923076923077,0.07692307692307693,0.0,0.3076923076923077,0.0,0.15384615384615385,0.6153846153846154,0.0,0.0,0.0,0.0,0.38461538461538464,1.0,0.0,0.6153846153846154,0.38461538461538464,0.0,1.0,0.5384615384615384,0.46153846153846156,0.0,0.0,1.0,0.0,0.0,1.0,0.0,0.0,0.3076923076923077,0.0,0.6923076923076923
SOLEDAD,2018,10,38,14,0.5,0.2857142857142857,0.0,0.0,0.07142857142857142,0.0,0.14285714285714285,0.42857142857142855,0.0,0.0,0.0,0.07142857142857142,0.5,0.9285714285714286,0.07142857142857142,0.2857142857142857,0.7142857142857143,0.0,1.0,0.2857142857142857,0.7142857142857143,0.0,0.0,1.0,0.0,0.0,1.0,0.0,0.0,0.2857142857142857,0.0,0.7142857142857143
SOLEDAD,2018,10,39,14,0.2857142857142857,0.21428571428571427,0.07142857142857142,0.0,0.35714285714285715,0.0,0.07142857142857142,0.42857142857142855,0.0,0.0,0.0,0.07142857142857142,0.5,1.0,0.0,0.2857142857142857,0.7142857142857143,0.0,1.0,0.5714285714285714,0.42857142857142855,0.0,0.0,1.0,0.0,0.0,1.0,0.0,0.0,0.35714285714285715,0.0,0.6428571428571429
SOLEDAD,2018,10,40,12,0.3333333333333333,0.16666666666666666,0.08333333333333333,0.08333333333333333,0.08333333333333333,0.08333333333333333,0.16666666666666666,0.5,0.0,0.08333333333333333,0.0,0.0,0.4166666666666667,0.8333333333333334,0.16666666666666666,0.25,0.75,0.0,1.0,0.25,0.75,0.0,0.0,1.0,0.0,0.0,1.0,0.0,0.0,0.16666666666666666,0.0,0.8333333333333334
SOLEDAD,2018,11,41,10,0.2,0.3,0.0,0.0,0.3,0.1,0.1,0.7,0.0,0.0,0.0,0.1,0.2,1.0,0.0,0.3,0.7,0.0,1.0,0.2,0.8,0.0,0.0,1.0,0.0,0.0,1.0,0.0,0.0,0.7,0.0,0.3
SOLEDAD,2018,11,42,8,0.5,0.125,0.0,0.0,0.375,0.0,0.0,0.5,0.0,0.375,0.125,0.0,0.0,1.0,0.0,0.625,0.375,0.0,1.0,0.25,0.75,0.0,0.0,1.0,0.0,0.0,1.0,0.0,0.0,0.0,0.0,1.0
SOLEDAD,2018,11,43,17,0.4117647058823529,0.23529411764705882,0.0,0.0,0.29411764705882354,0.0,0.058823529411764705,0.4117647058823529,0.0,0.11764705882352941,0.0,0.058823529411764705,0.4117647058823529,1.0,0.0,0.17647058823529413,0.8235294117647058,0.0,1.0,0.5294117647058824,0.47058823529411764,0.0,0.0,1.0,0.0,0.0,1.0,0.0,0.0,0.29411764705882354,0.0,0.7058823529411765
SOLEDAD,2018,11,44,16,0.3125,0.3125,0.0,0.0,0.25,0.0,0.125,0.6875,0.0,0.0625,0.0,0.0,0.25,1.0,0.0,0.375,0.625,0.0,1.0,0.3125,0.6875,0.0,0.0,1.0,0.0,0.0,1.0,0.0,0.0,0.625,0.0,0.375
SOLEDAD,2018,12,45,19,0.5263157894736842,0.15789473684210525,0.0,0.0,0.3157894736842105,0.0,0.0,0.5263157894736842,0.0,0.0,0.0,0.0,0.47368421052631576,1.0,0.0,0.2631578947368421,0.7368421052631579,0.0,1.0,0.5263157894736842,0.47368421052631576,0.0,0.0,1.0,0.0,0.0,1.0,0.0,0.0,0.3684210526315789,0.0,0.631578947368421
SOLEDAD,2018,12,46,28,0.25,0.32142857142857145,0.0,0.0,0.2857142857142857,0.0,0.14285714285714285,0.5714285714285714,0.0,0.03571428571428571,0.0,0.0,0.39285714285714285,1.0,0.0,0.39285714285714285,0.6071428571428571,0.0,1.0,0.5357142857142857,0.4642857142857143,0.0,0.0,1.0,0.0,0.0,1.0,0.0,0.0,0.25,0.03571428571428571,0.7142857142857143
SOLEDAD,2018,12,47,20,0.5,0.15,0.0,0.0,0.25,0.0,0.1,0.6,0.0,0.0,0.0,0.0,0.4,1.0,0.0,0.2,0.8,0.0,1.0,0.5,0.5,0.0,0.0,1.0,0.0,0.0,0.95,0.05,0.0,0.4,0.0,0.6
SOLEDAD,2018,12,48,17,0.35294117647058826,0.17647058823529413,0.0,0.0,0.4117647058823529,0.0,0.058823529411764705,0.5294117647058824,0.0,0.0,0.0,0.0,0.47058823529411764,1.0,0.0,0.4117647058823529,0.5882352941176471,0.0,1.0,0.47058823529411764,0.5294117647058824,0.0,0.0,1.0,0.0,0.0,1.0,0.0,0.0,0.47058823529411764,0.0,0.5294117647058824
SOLEDAD,2018,13,49,18,0.5,0.16666666666666666,0.0,0.0,0.3333333333333333,0.0,0.0,0.5555555555555556,0.0,0.05555555555555555,0.0,0.0,0.3888888888888889,1.0,0.0,0.3333333333333333,0.6666666666666666,0.0,1.0,0.3888888888888889,0.6111111111111112,0.0,0.0,1.0,0.0,0.0,1.0,0.0,0.0,0.3888888888888889,0.0,0.6111111111111112
SOLEDAD,2018,13,50,21,0.6190476190476191,0.19047619047619047,0.0,0.0,0.09523809523809523,0.0,0.09523809523809523,0.5238095238095238,0.0,0.0,0.0,0.0,0.47619047619047616,1.0,0.0,0.3333333333333333,0.6666666666666666,0.0,1.0,0.42857142857142855,0.5714285714285714,0.0,0.0,1.0,0.0,0.0,1.0,0.0,0.0,0.42857142857142855,0.0,0.5714285714285714
SOLEDAD,2018,13,51,27,0.48148148148148145,0.25925925925925924,0.0,0.0,0.18518518518518517,0.0,0.07407407407407407,0.5925925925925926,0.0,0.0,0.0,0.037037037037037035,0.37037037037037035,1.0,0.0,0.2222222222222222,0.7777777777777778,0.0,1.0,0.48148148148148145,0.5185185185185185,0.0,0.0,1.0,0.0,0.0,1.0,0.0,0.0,0.3333333333333333,0.0,0.6666666666666666
SOLEDAD,2018,13,52,18,0.5,0.2777777777777778,0.0,0.0,0.16666666666666666,0.0,0.05555555555555555,0.6111111111111112,0.0,0.0,0.0,0.0,0.3888888888888889,0.9444444444444444,0.05555555555555555,0.3888888888888889,0.6111111111111112,0.0,1.0,0.2777777777777778,0.7222222222222222,0.0,0.0,1.0,0.0,0.0,1.0,0.0,0.0,0.2222222222222222,0.0,0.7777777777777778
SOLEDAD,2019,1,1,19,0.42105263157894735,0.2631578947368421,0.0,0.0,0.3157894736842105,0.0,0.0,0.631578947368421,0.0,0.0,0.05263157894736842,0.0,0.3157894736842105,0.9473684210526315,0.05263157894736842,0.2631578947368421,0.7368421052631579,0.05263157894736842,0.9473684210526315,0.47368421052631576,0.5263157894736842,0.0,0.0,1.0,0.0,0.0,1.0,0.0,0.0,0.6842105263157895,0.05263157894736842,0.2631578947368421
SOLEDAD,2019,1,2,25,0.44,0.2,0.0,0.0,0.32,0.0,0.04,0.56,0.04,0.0,0.0,0.04,0.36,1.0,0.0,0.16,0.84,0.0,1.0,0.56,0.44,0.0,0.0,1.0,0.0,0.0,1.0,0.0,0.0,0.48,0.04,0.48
SOLEDAD,2019,1,3,17,0.35294117647058826,0.23529411764705882,0.0,0.0,0.23529411764705882,0.0,0.17647058823529413,0.6470588235294118,0.0,0.0,0.0,0.0,0.35294117647058826,1.0,0.0,0.5882352941176471,0.4117647058823529,0.0,1.0,0.35294117647058826,0.6470588235294118,0.0,0.0,1.0,0.0,0.0,1.0,0.0,0.0,0.17647058823529413,0.0,0.8235294117647058
SOLEDAD,2019,1,4,21,0.5714285714285714,0.047619047619047616,0.0,0.0,0.3333333333333333,0.0,0.047619047619047616,0.6190476190476191,0.0,0.0,0.0,0.0,0.38095238095238093,1.0,0.0,0.23809523809523808,0.7619047619047619,0.0,1.0,0.47619047619047616,0.5238095238095238,0.0,0.0,1.0,0.0,0.0,1.0,0.0,0.0,0.2857142857142857,0.0,0.7142857142857143
SOLEDAD,2019,2,5,12,0.4166666666666667,0.25,0.0,0.08333333333333333,0.16666666666666666,0.0,0.08333333333333333,0.75,0.0,0.0,0.0,0.0,0.25,0.9166666666666666,0.08333333333333333,0.3333333333333333,0.6666666666666666,0.0,1.0,0.5833333333333334,0.4166666666666667,0.0,0.0,1.0,0.0,0.0,1.0,0.0,0.0,0.3333333333333333,0.0,0.6666666666666666
SOLEDAD,2019,2,6,17,0.5294117647058824,0.11764705882352941,0.0,0.0,0.17647058823529413,0.058823529411764705,0.11764705882352941,0.4117647058823529,0.0,0.058823529411764705,0.0,0.0,0.5294117647058824,1.0,0.0,0.29411764705882354,0.7058823529411765,0.0,1.0,0.35294117647058826,0.6470588235294118,0.0,0.0,1.0,0.0,0.0,1.0,0.0,0.0,0.35294117647058826,0.0,0.6470588235294118
SOLEDAD,2019,2,7,11,0.45454545454545453,0.0,0.0,0.0,0.36363636363636365,0.0,0.18181818181818182,0.36363636363636365,0.0,0.0,0.0,0.0,0.6363636363636364,1.0,0.0,0.09090909090909091,0.9090909090909091,0.0,1.0,0.36363636363636365,0.6363636363636364,0.0,0.0,1.0,0.0,0.0,1.0,0.0,0.0,0.5454545454545454,0.0,0.45454545454545453
SOLEDAD,2019,2,8,8,0.25,0.25,0.0,0.0,0.25,0.0,0.25,0.375,0.0,0.0,0.0,0.0,0.625,1.0,0.0,0.125,0.875,0.0,1.0,0.75,0.25,0.0,0.0,1.0,0.0,0.0,1.0,0.0,0.0,0.25,0.0,0.75
SOLEDAD,2019,3,9,2,0.5,0.0,0.0,0.0,0.5,0.0,0.0,0.0,0.0,0.0,0.0,0.0,1.0,1.0,0.0,0.5,0.5,0.0,1.0,1.0,0.0,0.0,0.0,1.0,0.0,0.0,1.0,0.0,0.0,0.0,0.0,1.0
SOLEDAD,2019,3,10,6,0.6666666666666666,0.0,0.0,0.0,0.0,0.0,0.3333333333333333,0.8333333333333334,0.0,0.0,0.0,0.0,0.16666666666666666,1.0,0.0,0.3333333333333333,0.6666666666666666,0.0,1.0,0.3333333333333333,0.6666666666666666,0.0,0.0,1.0,0.0,0.0,1.0,0.0,0.0,0.3333333333333333,0.0,0.6666666666666666
SOLEDAD,2019,3,11,2,0.0,0.0,0.0,0.0,0.0,0.0,1.0,0.5,0.0,0.0,0.0,0.0,0.5,1.0,0.0,1.0,0.0,0.0,1.0,0.5,0.5,0.0,0.0,1.0,0.0,0.0,1.0,0.0,0.0,0.5,0.0,0.5
SOLEDAD,2019,3,12,1,0.0,1.0,0.0,0.0,0.0,0.0,0.0,1.0,0.0,0.0,0.0,0.0,0.0,1.0,0.0,0.0,1.0,0.0,1.0,0.0,1.0,0.0,0.0,1.0,0.0,0.0,1.0,0.0,0.0,1.0,0.0,0.0
SOLEDAD,2019,4,13,1,0.0,1.0,0.0,0.0,0.0,0.0,0.0,1.0,0.0,0.0,0.0,0.0,0.0,1.0,0.0,0.0,1.0,0.0,1.0,1.0,0.0,0.0,0.0,1.0,0.0,0.0,1.0,0.0,0.0,1.0,0.0,0.0
SOLEDAD,2019,4,14,2,0.5,0.5,0.0,0.0,0.0,0.0,0.0,1.0,0.0,0.0,0.0,0.0,0.0,1.0,0.0,0.0,1.0,0.0,1.0,0.5,0.5,0.0,0.0,1.0,0.0,0.0,1.0,0.0,0.0,0.5,0.0,0.5
SOLEDAD,2019,4,15,4,0.5,0.25,0.0,0.0,0.0,0.0,0.25,0.75,0.0,0.0,0.0,0.0,0.25,1.0,0.0,0.0,1.0,0.0,1.0,1.0,0.0,0.0,0.0,1.0,0.0,0.0,1.0,0.0,0.0,0.5,0.0,0.5
SOLEDAD,2019,4,16,2,0.5,0.0,0.0,0.0,0.0,0.0,0.5,0.5,0.0,0.0,0.0,0.0,0.5,1.0,0.0,1.0,0.0,0.0,1.0,0.0,1.0,0.0,0.0,1.0,0.0,0.0,1.0,0.0,0.0,0.0,0.0,1.0
SOLEDAD,2019,5,17,4,0.5,0.0,0.0,0.0,0.25,0.0,0.25,0.5,0.0,0.0,0.0,0.0,0.5,1.0,0.0,0.5,0.5,0.0,1.0,0.5,0.5,0.0,0.0,1.0,0.0,0.0,1.0,0.0,0.0,0.0,0.0,1.0
SOLEDAD,2019,5,18,3,0.0,0.3333333333333333,0.0,0.0,0.3333333333333333,0.0,0.3333333333333333,0.6666666666666666,0.0,0.3333333333333333,0.0,0.0,0.0,1.0,0.0,1.0,0.0,0.0,1.0,0.6666666666666666,0.3333333333333333,0.0,0.0,1.0,0.0,0.0,1.0,0.0,0.0,0.3333333333333333,0.0,0.6666666666666666
SOLEDAD,2019,5,19,1,0.0,1.0,0.0,0.0,0.0,0.0,0.0,0.0,0.0,0.0,0.0,0.0,1.0,1.0,0.0,1.0,0.0,0.0,1.0,1.0,0.0,0.0,0.0,1.0,0.0,0.0,1.0,0.0,0.0,0.0,0.0,1.0
SOLEDAD,2019,6,21,2,0.5,0.0,0.0,0.0,0.5,0.0,0.0,0.0,0.0,0.0,0.0,0.5,0.5,1.0,0.0,0.0,1.0,0.0,1.0,0.0,1.0,0.0,0.0,1.0,0.0,0.0,1.0,0.0,0.0,0.0,0.0,1.0
SOLEDAD,2019,6,22,5,0.2,0.2,0.0,0.0,0.6,0.0,0.0,0.6,0.0,0.0,0.0,0.0,0.4,1.0,0.0,0.4,0.6,0.0,1.0,0.6,0.4,0.0,0.0,1.0,0.0,0.0,1.0,0.0,0.0,0.0,0.0,1.0
SOLEDAD,2019,6,23,4,0.25,0.5,0.0,0.0,0.25,0.0,0.0,1.0,0.0,0.0,0.0,0.0,0.0,1.0,0.0,0.5,0.5,0.0,1.0,0.25,0.75,0.0,0.0,1.0,0.0,0.0,1.0,0.0,0.0,0.5,0.0,0.5
SOLEDAD,2019,6,24,3,0.6666666666666666,0.0,0.0,0.0,0.0,0.0,0.3333333333333333,0.3333333333333333,0.0,0.0,0.0,0.0,0.6666666666666666,1.0,0.0,0.0,1.0,0.0,1.0,0.3333333333333333,0.6666666666666666,0.0,0.0,1.0,0.0,0.0,1.0,0.0,0.0,0.3333333333333333,0.0,0.6666666666666666
SOLEDAD,2019,7,25,3,0.3333333333333333,0.3333333333333333,0.0,0.0,0.3333333333333333,0.0,0.0,0.6666666666666666,0.0,0.0,0.0,0.0,0.3333333333333333,1.0,0.0,0.3333333333333333,0.6666666666666666,0.0,1.0,0.3333333333333333,0.6666666666666666,0.0,0.0,1.0,0.0,0.0,1.0,0.0,0.0,0.0,0.0,1.0
SOLEDAD,2019,7,26,8,0.375,0.125,0.0,0.0,0.125,0.0,0.375,0.375,0.0,0.0,0.0,0.0,0.625,1.0,0.0,0.25,0.75,0.0,1.0,0.5,0.5,0.0,0.0,1.0,0.0,0.0,1.0,0.0,0.0,0.25,0.0,0.75
SOLEDAD,2019,7,27,10,0.6,0.1,0.0,0.0,0.3,0.0,0.0,0.8,0.0,0.0,0.0,0.0,0.2,1.0,0.0,0.5,0.5,0.0,1.0,0.6,0.4,0.0,0.0,1.0,0.0,0.0,1.0,0.0,0.0,0.2,0.0,0.8
SOLEDAD,2019,7,28,6,0.5,0.0,0.0,0.0,0.16666666666666666,0.0,0.3333333333333333,0.8333333333333334,0.0,0.16666666666666666,0.0,0.0,0.0,1.0,0.0,0.3333333333333333,0.6666666666666666,0.0,1.0,0.5,0.5,0.0,0.0,1.0,0.0,0.0,1.0,0.0,0.0,0.8333333333333334,0.0,0.16666666666666666
SOLEDAD,2019,8,29,10,0.4,0.2,0.0,0.0,0.2,0.1,0.1,0.9,0.0,0.0,0.0,0.0,0.1,0.9,0.1,0.2,0.8,0.0,1.0,0.2,0.8,0.0,0.0,1.0,0.0,0.0,1.0,0.0,0.0,0.3,0.0,0.7
SOLEDAD,2019,8,30,7,0.42857142857142855,0.42857142857142855,0.0,0.0,0.0,0.0,0.14285714285714285,0.7142857142857143,0.14285714285714285,0.0,0.0,0.0,0.14285714285714285,1.0,0.0,0.5714285714285714,0.42857142857142855,0.0,1.0,0.42857142857142855,0.5714285714285714,0.0,0.0,1.0,0.0,0.0,1.0,0.0,0.0,0.42857142857142855,0.0,0.5714285714285714
SOLEDAD,2019,8,31,9,0.4444444444444444,0.1111111111111111,0.1111111111111111,0.0,0.1111111111111111,0.0,0.2222222222222222,0.7777777777777778,0.0,0.0,0.0,0.0,0.2222222222222222,1.0,0.0,0.2222222222222222,0.7777777777777778,0.0,1.0,0.5555555555555556,0.4444444444444444,0.0,0.0,1.0,0.0,0.0,1.0,0.0,0.0,0.3333333333333333,0.1111111111111111,0.5555555555555556
SOLEDAD,2019,8,32,6,0.5,0.16666666666666666,0.0,0.0,0.0,0.16666666666666666,0.16666666666666666,0.3333333333333333,0.0,0.16666666666666666,0.0,0.0,0.5,1.0,0.0,0.3333333333333333,0.6666666666666666,0.0,1.0,0.5,0.5,0.0,0.0,1.0,0.0,0.0,1.0,0.0,0.0,0.16666666666666666,0.16666666666666666,0.6666666666666666
SOLEDAD,2019,9,33,6,0.3333333333333333,0.5,0.0,0.0,0.0,0.0,0.16666666666666666,0.6666666666666666,0.0,0.0,0.0,0.0,0.3333333333333333,1.0,0.0,0.8333333333333334,0.16666666666666666,0.0,1.0,0.5,0.5,0.0,0.0,1.0,0.0,0.0,1.0,0.0,0.0,0.16666666666666666,0.0,0.8333333333333334
SOLEDAD,2019,9,34,4,0.25,0.25,0.25,0.0,0.25,0.0,0.0,0.5,0.0,0.0,0.0,0.0,0.5,1.0,0.0,0.5,0.5,0.0,1.0,0.75,0.25,0.0,0.0,1.0,0.0,0.0,1.0,0.0,0.0,0.25,0.0,0.75
SOLEDAD,2019,9,35,3,0.6666666666666666,0.3333333333333333,0.0,0.0,0.0,0.0,0.0,0.3333333333333333,0.0,0.3333333333333333,0.0,0.0,0.3333333333333333,1.0,0.0,0.3333333333333333,0.6666666666666666,0.0,1.0,0.3333333333333333,0.6666666666666666,0.0,0.0,1.0,0.0,0.0,1.0,0.0,0.0,0.0,0.0,1.0
SOLEDAD,2019,9,36,6,0.0,0.3333333333333333,0.0,0.0,0.16666666666666666,0.0,0.5,0.8333333333333334,0.0,0.0,0.0,0.0,0.16666666666666666,1.0,0.0,0.5,0.5,0.0,1.0,0.16666666666666666,0.8333333333333334,0.0,0.0,1.0,0.0,0.0,1.0,0.0,0.0,0.0,0.0,1.0
SOLEDAD,2019,10,37,5,0.2,0.2,0.0,0.0,0.0,0.0,0.6,0.8,0.0,0.2,0.0,0.0,0.0,1.0,0.0,0.4,0.6,0.0,1.0,0.6,0.4,0.0,0.0,1.0,0.0,0.0,1.0,0.0,0.0,0.2,0.0,0.8
SOLEDAD,2019,10,38,5,0.4,0.2,0.0,0.0,0.4,0.0,0.0,0.6,0.0,0.0,0.0,0.0,0.4,1.0,0.0,0.4,0.6,0.0,1.0,0.2,0.8,0.0,0.0,1.0,0.0,0.0,1.0,0.0,0.0,0.4,0.0,0.6
SOLEDAD,2019,10,39,5,0.8,0.0,0.0,0.0,0.2,0.0,0.0,0.2,0.0,0.0,0.0,0.2,0.6,1.0,0.0,0.2,0.8,0.0,1.0,0.4,0.6,0.0,0.0,1.0,0.0,0.0,1.0,0.0,0.0,0.0,0.0,1.0
SOLEDAD,2019,10,40,11,0.36363636363636365,0.2727272727272727,0.0,0.0,0.18181818181818182,0.0,0.18181818181818182,0.45454545454545453,0.0,0.09090909090909091,0.0,0.0,0.45454545454545453,1.0,0.0,0.6363636363636364,0.36363636363636365,0.0,1.0,0.45454545454545453,0.5454545454545454,0.0,0.0,1.0,0.0,0.0,1.0,0.0,0.0,0.09090909090909091,0.0,0.9090909090909091
SOLEDAD,2019,11,41,11,0.36363636363636365,0.18181818181818182,0.0,0.0,0.09090909090909091,0.09090909090909091,0.2727272727272727,0.36363636363636365,0.0,0.09090909090909091,0.0,0.0,0.5454545454545454,1.0,0.0,0.2727272727272727,0.7272727272727273,0.0,1.0,0.45454545454545453,0.5454545454545454,0.0,0.0,1.0,0.0,0.0,1.0,0.0,0.0,0.09090909090909091,0.0,0.9090909090909091
SOLEDAD,2019,11,42,13,0.38461538461538464,0.23076923076923078,0.0,0.0,0.3076923076923077,0.0,0.07692307692307693,0.46153846153846156,0.0,0.0,0.0,0.07692307692307693,0.46153846153846156,1.0,0.0,0.23076923076923078,0.7692307692307693,0.0,1.0,0.46153846153846156,0.5384615384615384,0.0,0.0,1.0,0.0,0.0,1.0,0.0,0.0,0.07692307692307693,0.0,0.9230769230769231
SOLEDAD,2019,11,43,13,0.3076923076923077,0.07692307692307693,0.07692307692307693,0.0,0.5384615384615384,0.0,0.0,0.5384615384615384,0.0,0.07692307692307693,0.0,0.0,0.38461538461538464,1.0,0.0,0.3076923076923077,0.6923076923076923,0.0,1.0,0.3076923076923077,0.6923076923076923,0.0,0.0,1.0,0.0,0.0,1.0,0.0,0.0,0.23076923076923078,0.0,0.7692307692307693
SOLEDAD,2019,11,44,18,0.5555555555555556,0.2222222222222222,0.0,0.0,0.1111111111111111,0.0,0.1111111111111111,0.7222222222222222,0.0,0.0,0.0,0.0,0.2777777777777778,1.0,0.0,0.2777777777777778,0.7222222222222222,0.0,1.0,0.3333333333333333,0.6666666666666666,0.0,0.0,1.0,0.0,0.0,1.0,0.0,0.0,0.2222222222222222,0.0,0.7777777777777778
SOLEDAD,2019,12,45,26,0.5,0.15384615384615385,0.0,0.0,0.23076923076923078,0.0,0.11538461538461539,0.4230769230769231,0.0,0.0,0.0,0.038461538461538464,0.5384615384615384,1.0,0.0,0.23076923076923078,0.7692307692307693,0.0,1.0,0.38461538461538464,0.6153846153846154,0.0,0.0,1.0,0.0,0.0,1.0,0.0,0.0,0.19230769230769232,0.0,0.8076923076923077
SOLEDAD,2019,12,46,28,0.2857142857142857,0.17857142857142858,0.0,0.0,0.2857142857142857,0.07142857142857142,0.17857142857142858,0.6071428571428571,0.0,0.03571428571428571,0.0,0.0,0.35714285714285715,1.0,0.0,0.25,0.75,0.0,1.0,0.6071428571428571,0.39285714285714285,0.0,0.0,1.0,0.0,0.0,1.0,0.0,0.0,0.42857142857142855,0.0,0.5714285714285714
SOLEDAD,2019,12,47,36,0.4444444444444444,0.1388888888888889,0.0,0.0,0.19444444444444445,0.0,0.2222222222222222,0.4444444444444444,0.0,0.05555555555555555,0.0,0.0,0.5,1.0,0.0,0.3888888888888889,0.6111111111111112,0.0,1.0,0.5277777777777778,0.4722222222222222,0.0,0.0,1.0,0.0,0.0,1.0,0.0,0.0,0.2777777777777778,0.0,0.7222222222222222
SOLEDAD,2019,12,48,33,0.30303030303030304,0.15151515151515152,0.0,0.0,0.42424242424242425,0.0,0.12121212121212122,0.696969696969697,0.0,0.0,0.0,0.0,0.30303030303030304,1.0,0.0,0.2727272727272727,0.7272727272727273,0.0,1.0,0.36363636363636365,0.6363636363636364,0.0,0.0,1.0,0.0,0.0,1.0,0.0,0.0,0.2727272727272727,0.0,0.7272727272727273
SOLEDAD,2019,13,49,37,0.4594594594594595,0.10810810810810811,0.0,0.0,0.2702702702702703,0.0,0.16216216216216217,0.5135135135135135,0.0,0.0,0.0,0.02702702702702703,0.4594594594594595,1.0,0.0,0.24324324324324326,0.7567567567567568,0.0,1.0,0.40540540540540543,0.5945945945945946,0.0,0.0,1.0,0.0,0.0,1.0,0.0,0.0,0.4864864864864865,0.0,0.5135135135135135
SOLEDAD,2019,13,50,38,0.6578947368421053,0.07894736842105263,0.02631578947368421,0.0,0.21052631578947367,0.0,0.02631578947368421,0.47368421052631576,0.0,0.02631578947368421,0.0,0.0,0.5,1.0,0.0,0.34210526315789475,0.6578947368421053,0.0,1.0,0.47368421052631576,0.5263157894736842,0.0,0.0,1.0,0.0,0.0,1.0,0.0,0.0,0.4473684210526316,0.0,0.5526315789473685
SOLEDAD,2019,13,51,42,0.4523809523809524,0.19047619047619047,0.0,0.0,0.3333333333333333,0.0,0.023809523809523808,0.35714285714285715,0.0,0.047619047619047616,0.023809523809523808,0.023809523809523808,0.5476190476190477,0.9761904761904762,0.023809523809523808,0.19047619047619047,0.8095238095238095,0.0,1.0,0.40476190476190477,0.5952380952380952,0.0,0.0,1.0,0.0,0.0,1.0,0.0,0.0,0.14285714285714285,0.0,0.8571428571428571
SOLEDAD,2019,13,52,39,0.5641025641025641,0.1282051282051282,0.0,0.0,0.23076923076923078,0.0,0.07692307692307693,0.5897435897435898,0.0,0.0,0.0,0.0,0.41025641025641024,0.9743589743589743,0.02564102564102564,0.28205128205128205,0.717948717948718,0.0,1.0,0.48717948717948717,0.5128205128205128,0.0,0.0,1.0,0.0,0.0,1.0,0.0,0.0,0.28205128205128205,0.0,0.717948717948718
SOLEDAD,2020,1,1,52,0.5384615384615384,0.17307692307692307,0.0,0.0,0.2692307692307692,0.0,0.019230769230769232,0.7115384615384616,0.0,0.057692307692307696,0.038461538461538464,0.019230769230769232,0.17307692307692307,0.9615384615384616,0.038461538461538464,0.21153846153846154,0.7884615384615384,0.019230769230769232,0.9807692307692307,0.46153846153846156,0.5384615384615384,0.0,0.0,1.0,0.0,0.0,1.0,0.0,0.0,0.40384615384615385,0.0,0.5961538461538461
SOLEDAD,2020,1,2,59,0.5423728813559322,0.13559322033898305,0.0,0.0,0.2033898305084746,0.0,0.11864406779661017,0.6101694915254238,0.0,0.05084745762711865,0.01694915254237288,0.05084745762711865,0.2711864406779661,0.9661016949152542,0.03389830508474576,0.3389830508474576,0.6610169491525424,0.0,1.0,0.5254237288135594,0.4745762711864407,0.0,0.0,1.0,0.0,0.0,1.0,0.0,0.0,0.1864406779661017,0.0,0.8135593220338984
SOLEDAD,2020,1,3,51,0.47058823529411764,0.23529411764705882,0.0,0.0,0.17647058823529413,0.0,0.11764705882352941,0.7058823529411765,0.0,0.0392156862745098,0.0,0.0,0.2549019607843137,1.0,0.0,0.47058823529411764,0.5294117647058824,0.0,1.0,0.5294117647058824,0.47058823529411764,0.0,0.0,1.0,0.0,0.0,1.0,0.0,0.0,0.21568627450980393,0.0,0.7843137254901961
SOLEDAD,2020,1,4,41,0.4146341463414634,0.24390243902439024,0.0,0.0,0.2682926829268293,0.0,0.07317073170731707,0.6341463414634146,0.0,0.024390243902439025,0.0,0.07317073170731707,0.2682926829268293,1.0,0.0,0.43902439024390244,0.5609756097560976,0.0,1.0,0.43902439024390244,0.5609756097560976,0.0,0.0,1.0,0.0,0.0,1.0,0.0,0.0,0.21951219512195122,0.0,0.7804878048780488
SOLEDAD,2020,2,5,38,0.5,0.21052631578947367,0.0,0.0,0.18421052631578946,0.0,0.10526315789473684,0.5263157894736842,0.0,0.02631578947368421,0.02631578947368421,0.0,0.42105263157894735,1.0,0.0,0.2631578947368421,0.7368421052631579,0.0,1.0,0.5263157894736842,0.47368421052631576,0.0,0.0,1.0,0.0,0.0,1.0,0.0,0.0,0.18421052631578946,0.0,0.8157894736842105
SOLEDAD,2020,2,6,32,0.46875,0.25,0.03125,0.0,0.21875,0.0,0.03125,0.5625,0.0,0.0625,0.03125,0.03125,0.3125,1.0,0.0,0.375,0.625,0.0,1.0,0.5625,0.4375,0.0,0.0,1.0,0.0,0.0,1.0,0.0,0.0,0.1875,0.0,0.8125
SOLEDAD,2020,2,7,19,0.5263157894736842,0.2631578947368421,0.0,0.0,0.05263157894736842,0.0,0.15789473684210525,0.6842105263157895,0.0,0.05263157894736842,0.0,0.10526315789473684,0.15789473684210525,1.0,0.0,0.21052631578947367,0.7894736842105263,0.0,1.0,0.5263157894736842,0.47368421052631576,0.0,0.0,1.0,0.0,0.0,1.0,0.0,0.0,0.21052631578947367,0.0,0.7894736842105263
SOLEDAD,2020,2,8,18,0.5,0.16666666666666666,0.05555555555555555,0.0,0.2777777777777778,0.0,0.0,0.8333333333333334,0.0,0.0,0.0,0.0,0.16666666666666666,1.0,0.0,0.2222222222222222,0.7777777777777778,0.0,1.0,0.6666666666666666,0.3333333333333333,0.0,0.0,1.0,0.0,0.0,1.0,0.0,0.0,0.2222222222222222,0.0,0.7777777777777778
SOLEDAD,2020,3,9,18,0.4444444444444444,0.2222222222222222,0.1111111111111111,0.0,0.2222222222222222,0.0,0.0,0.5,0.0,0.1111111111111111,0.0,0.0,0.3888888888888889,1.0,0.0,0.2222222222222222,0.7777777777777778,0.0,1.0,0.4444444444444444,0.5555555555555556,0.0,0.0,1.0,0.0,0.0,1.0,0.0,0.0,0.1111111111111111,0.0,0.8888888888888888
SOLEDAD,2020,3,10,7,0.5714285714285714,0.14285714285714285,0.0,0.0,0.14285714285714285,0.0,0.14285714285714285,0.5714285714285714,0.0,0.0,0.0,0.0,0.42857142857142855,0.8571428571428571,0.14285714285714285,0.0,1.0,0.0,1.0,0.2857142857142857,0.7142857142857143,0.0,0.0,1.0,0.0,0.0,1.0,0.0,0.0,0.2857142857142857,0.0,0.7142857142857143
SOLEDAD,2020,3,11,10,0.1,0.5,0.0,0.0,0.3,0.0,0.1,0.8,0.0,0.0,0.0,0.0,0.2,0.9,0.1,0.5,0.5,0.0,1.0,0.8,0.2,0.0,0.0,1.0,0.0,0.0,1.0,0.0,0.0,0.2,0.0,0.8
SOLEDAD,2020,3,12,2,0.0,0.0,0.0,0.0,1.0,0.0,0.0,0.5,0.0,0.0,0.0,0.0,0.5,1.0,0.0,0.5,0.5,0.0,1.0,1.0,0.0,0.0,0.0,1.0,0.0,0.0,1.0,0.0,0.0,0.0,0.0,1.0
SOLEDAD,2020,4,13,2,0.0,0.0,1.0,0.0,0.0,0.0,0.0,0.5,0.0,0.0,0.0,0.0,0.5,1.0,0.0,0.5,0.5,0.0,1.0,0.5,0.5,0.0,0.0,1.0,0.0,0.0,0.5,0.5,0.0,0.0,0.0,1.0
SOLEDAD,2020,4,14,1,0.0,1.0,0.0,0.0,0.0,0.0,0.0,1.0,0.0,0.0,0.0,0.0,0.0,1.0,0.0,0.0,1.0,0.0,1.0,1.0,0.0,0.0,0.0,1.0,0.0,0.0,1.0,0.0,0.0,1.0,0.0,0.0
SOLEDAD,2020,4,15,1,0.0,0.0,0.0,0.0,0.0,0.0,1.0,1.0,0.0,0.0,0.0,0.0,0.0,1.0,0.0,1.0,0.0,0.0,1.0,0.0,1.0,0.0,0.0,1.0,0.0,0.0,1.0,0.0,0.0,0.0,0.0,1.0
SOLEDAD,2020,4,16,2,1.0,0.0,0.0,0.0,0.0,0.0,0.0,0.5,0.0,0.5,0.0,0.0,0.0,1.0,0.0,1.0,0.0,0.0,1.0,0.0,1.0,0.0,0.0,1.0,0.0,0.0,1.0,0.0,0.0,0.0,0.0,1.0
SOLEDAD,2020,5,17,1,1.0,0.0,0.0,0.0,0.0,0.0,0.0,1.0,0.0,0.0,0.0,0.0,0.0,1.0,0.0,0.0,1.0,0.0,1.0,0.0,1.0,0.0,0.0,1.0,0.0,0.0,1.0,0.0,0.0,0.0,0.0,1.0
SOLEDAD,2020,5,18,2,1.0,0.0,0.0,0.0,0.0,0.0,0.0,0.0,0.0,0.0,0.0,0.0,1.0,1.0,0.0,0.5,0.5,0.0,1.0,0.0,1.0,0.0,0.0,1.0,0.0,0.0,1.0,0.0,0.0,0.0,0.0,1.0
SOLEDAD,2020,5,19,1,0.0,1.0,0.0,0.0,0.0,0.0,0.0,1.0,0.0,0.0,0.0,0.0,0.0,1.0,0.0,1.0,0.0,0.0,1.0,1.0,0.0,0.0,0.0,1.0,0.0,0.0,1.0,0.0,0.0,0.0,0.0,1.0
SOLEDAD,2020,6,21,1,0.0,1.0,0.0,0.0,0.0,0.0,0.0,0.0,0.0,0.0,0.0,0.0,1.0,1.0,0.0,1.0,0.0,0.0,1.0,0.0,1.0,0.0,0.0,1.0,0.0,0.0,1.0,0.0,0.0,0.0,0.0,1.0
SOLEDAD,2020,6,22,3,0.0,0.6666666666666666,0.0,0.0,0.0,0.0,0.3333333333333333,0.6666666666666666,0.0,0.0,0.0,0.3333333333333333,0.0,1.0,0.0,1.0,0.0,0.0,1.0,0.6666666666666666,0.3333333333333333,0.0,0.0,1.0,0.0,0.0,1.0,0.0,0.0,0.3333333333333333,0.0,0.6666666666666666
SOLEDAD,2020,6,23,1,0.0,1.0,0.0,0.0,0.0,0.0,0.0,0.0,0.0,0.0,0.0,0.0,1.0,1.0,0.0,1.0,0.0,0.0,1.0,0.0,1.0,0.0,0.0,1.0,0.0,0.0,1.0,0.0,0.0,0.0,0.0,1.0
SOLEDAD,2020,6,24,1,0.0,1.0,0.0,0.0,0.0,0.0,0.0,1.0,0.0,0.0,0.0,0.0,0.0,1.0,0.0,1.0,0.0,0.0,1.0,0.0,1.0,0.0,0.0,1.0,0.0,0.0,1.0,0.0,0.0,0.0,0.0,1.0
SOLEDAD,2020,7,25,1,0.0,0.0,1.0,0.0,0.0,0.0,0.0,1.0,0.0,0.0,0.0,0.0,0.0,1.0,0.0,1.0,0.0,0.0,1.0,0.0,1.0,0.0,0.0,1.0,0.0,0.0,1.0,0.0,0.0,1.0,0.0,0.0
SOLEDAD,2020,7,27,1,1.0,0.0,0.0,0.0,0.0,0.0,0.0,0.0,0.0,0.0,0.0,1.0,0.0,1.0,0.0,1.0,0.0,0.0,1.0,0.0,1.0,0.0,0.0,1.0,0.0,0.0,1.0,0.0,0.0,1.0,0.0,0.0
SOLEDAD,2020,7,28,1,0.0,0.0,0.0,0.0,1.0,0.0,0.0,1.0,0.0,0.0,0.0,0.0,0.0,1.0,0.0,0.0,1.0,0.0,1.0,1.0,0.0,0.0,0.0,1.0,0.0,0.0,1.0,0.0,0.0,0.0,0.0,1.0
SOLEDAD,2020,8,29,1,0.0,1.0,0.0,0.0,0.0,0.0,0.0,0.0,0.0,0.0,0.0,0.0,1.0,1.0,0.0,0.0,1.0,0.0,1.0,0.0,1.0,0.0,0.0,1.0,0.0,0.0,1.0,0.0,0.0,0.0,0.0,1.0
SOLEDAD,2020,8,30,3,0.3333333333333333,0.0,0.0,0.0,0.0,0.0,0.6666666666666666,0.3333333333333333,0.0,0.0,0.3333333333333333,0.0,0.3333333333333333,1.0,0.0,1.0,0.0,0.0,1.0,0.0,1.0,0.0,0.0,1.0,0.0,0.0,1.0,0.0,0.0,0.0,0.0,1.0
SOLEDAD,2020,9,34,3,0.3333333333333333,0.6666666666666666,0.0,0.0,0.0,0.0,0.0,1.0,0.0,0.0,0.0,0.0,0.0,1.0,0.0,0.6666666666666666,0.3333333333333333,0.0,1.0,0.6666666666666666,0.3333333333333333,0.0,0.0,1.0,0.0,0.0,1.0,0.0,0.0,0.3333333333333333,0.0,0.6666666666666666
SOLEDAD,2020,9,35,2,0.5,0.5,0.0,0.0,0.0,0.0,0.0,0.5,0.0,0.0,0.0,0.0,0.5,1.0,0.0,0.0,1.0,0.0,1.0,0.5,0.5,0.0,0.0,1.0,0.0,0.0,1.0,0.0,0.0,0.0,0.0,1.0
SOLEDAD,2020,9,36,4,0.5,0.25,0.0,0.0,0.25,0.0,0.0,0.5,0.0,0.0,0.0,0.0,0.5,1.0,0.0,0.5,0.5,0.0,1.0,0.5,0.5,0.0,0.0,1.0,0.0,0.0,1.0,0.0,0.0,0.0,0.0,1.0
SOLEDAD,2020,10,37,1,0.0,0.0,0.0,0.0,0.0,0.0,1.0,1.0,0.0,0.0,0.0,0.0,0.0,1.0,0.0,1.0,0.0,0.0,1.0,0.0,1.0,0.0,0.0,1.0,0.0,0.0,1.0,0.0,0.0,1.0,0.0,0.0
SOLEDAD,2020,10,38,1,0.0,0.0,0.0,0.0,0.0,0.0,1.0,0.0,0.0,1.0,0.0,0.0,0.0,1.0,0.0,1.0,0.0,0.0,1.0,0.0,1.0,0.0,0.0,1.0,0.0,0.0,1.0,0.0,0.0,0.0,0.0,1.0
SOLEDAD,2020,10,39,5,0.4,0.4,0.0,0.0,0.0,0.0,0.2,0.8,0.0,0.0,0.0,0.0,0.2,1.0,0.0,0.4,0.6,0.0,1.0,0.6,0.4,0.0,0.0,1.0,0.0,0.0,1.0,0.0,0.0,0.0,0.0,1.0
SOLEDAD,2020,10,40,3,0.3333333333333333,0.3333333333333333,0.0,0.0,0.3333333333333333,0.0,0.0,0.0,0.0,0.0,0.0,0.0,1.0,1.0,0.0,0.0,1.0,0.0,1.0,1.0,0.0,0.0,0.0,1.0,0.0,0.0,1.0,0.0,0.0,0.0,0.0,1.0
SOLEDAD,2020,11,41,2,0.0,0.5,0.5,0.0,0.0,0.0,0.0,1.0,0.0,0.0,0.0,0.0,0.0,1.0,0.0,0.5,0.5,0.0,1.0,0.0,1.0,0.0,0.0,1.0,0.0,0.0,1.0,0.0,0.0,0.0,0.0,1.0
SOLEDAD,2020,11,42,4,0.25,0.25,0.0,0.0,0.0,0.0,0.5,0.5,0.0,0.0,0.25,0.0,0.25,1.0,0.0,0.75,0.25,0.0,1.0,0.25,0.75,0.0,0.0,1.0,0.0,0.0,1.0,0.0,0.0,0.25,0.0,0.75
SOLEDAD,2020,11,43,1,1.0,0.0,0.0,0.0,0.0,0.0,0.0,1.0,0.0,0.0,0.0,0.0,0.0,1.0,0.0,0.0,1.0,0.0,1.0,0.0,1.0,0.0,0.0,1.0,0.0,0.0,1.0,0.0,0.0,0.0,0.0,1.0
SOLEDAD,2020,11,44,3,0.0,0.3333333333333333,0.0,0.3333333333333333,0.3333333333333333,0.0,0.0,0.3333333333333333,0.0,0.0,0.0,0.0,0.6666666666666666,1.0,0.0,0.3333333333333333,0.6666666666666666,0.0,1.0,0.6666666666666666,0.3333333333333333,0.0,0.0,1.0,0.0,0.0,1.0,0.0,0.0,0.0,0.0,1.0
SOLEDAD,2020,12,45,4,0.0,0.25,0.25,0.0,0.5,0.0,0.0,0.75,0.0,0.0,0.0,0.0,0.25,1.0,0.0,1.0,0.0,0.0,1.0,0.75,0.25,0.0,0.0,1.0,0.0,0.0,1.0,0.0,0.0,0.5,0.0,0.5
SOLEDAD,2020,12,46,9,0.3333333333333333,0.1111111111111111,0.0,0.0,0.2222222222222222,0.0,0.3333333333333333,0.5555555555555556,0.0,0.0,0.0,0.0,0.4444444444444444,1.0,0.0,0.3333333333333333,0.6666666666666666,0.0,1.0,0.4444444444444444,0.5555555555555556,0.0,0.0,1.0,0.0,0.0,1.0,0.0,0.0,0.2222222222222222,0.0,0.7777777777777778
SOLEDAD,2020,12,47,2,0.5,0.0,0.0,0.0,0.0,0.0,0.5,0.0,0.0,0.0,0.0,0.0,1.0,0.5,0.5,0.0,1.0,0.0,1.0,1.0,0.0,0.0,0.0,1.0,0.0,0.0,1.0,0.0,0.0,0.5,0.0,0.5
SOLEDAD,2020,12,48,5,0.6,0.0,0.2,0.0,0.2,0.0,0.0,0.6,0.0,0.0,0.0,0.0,0.4,1.0,0.0,0.2,0.8,0.0,1.0,0.6,0.4,0.0,0.0,1.0,0.0,0.0,1.0,0.0,0.0,0.4,0.0,0.6
SOLEDAD,2020,13,49,5,0.4,0.2,0.0,0.0,0.4,0.0,0.0,0.8,0.0,0.0,0.0,0.0,0.2,1.0,0.0,0.2,0.8,0.0,1.0,0.6,0.4,0.0,0.0,1.0,0.0,0.0,1.0,0.0,0.0,0.4,0.0,0.6
SOLEDAD,2020,13,50,13,0.46153846153846156,0.3076923076923077,0.0,0.0,0.15384615384615385,0.0,0.07692307692307693,0.6153846153846154,0.0,0.07692307692307693,0.0,0.0,0.3076923076923077,1.0,0.0,0.23076923076923078,0.7692307692307693,0.0,1.0,0.6153846153846154,0.38461538461538464,0.0,0.0,1.0,0.0,0.0,1.0,0.0,0.0,0.38461538461538464,0.0,0.6153846153846154
SOLEDAD,2020,13,51,9,0.0,0.4444444444444444,0.1111111111111111,0.0,0.2222222222222222,0.0,0.2222222222222222,0.5555555555555556,0.0,0.1111111111111111,0.0,0.0,0.3333333333333333,1.0,0.0,0.4444444444444444,0.5555555555555556,0.0,1.0,0.6666666666666666,0.3333333333333333,0.0,0.0,1.0,0.0,0.0,1.0,0.0,0.0,0.0,0.0,1.0
SOLEDAD,2020,13,52,6,0.16666666666666666,0.3333333333333333,0.16666666666666666,0.0,0.3333333333333333,0.0,0.0,0.6666666666666666,0.0,0.0,0.0,0.0,0.3333333333333333,1.0,0.0,0.5,0.5,0.0,1.0,0.6666666666666666,0.3333333333333333,0.0,0.0,1.0,0.0,0.0,1.0,0.0,0.0,0.0,0.0,1.0
SOLEDAD,2020,14,53,10,0.5,0.0,0.2,0.0,0.2,0.0,0.1,0.4,0.0,0.0,0.0,0.2,0.4,1.0,0.0,0.5,0.5,0.0,1.0,0.6,0.4,0.0,0.0,1.0,0.0,0.0,1.0,0.0,0.0,0.1,0.0,0.9
SOLEDAD,2021,1,1,7,0.0,0.42857142857142855,0.14285714285714285,0.0,0.42857142857142855,0.0,0.0,0.8571428571428571,0.0,0.0,0.0,0.0,0.14285714285714285,1.0,0.0,0.7142857142857143,0.2857142857142857,0.0,1.0,0.5714285714285714,0.42857142857142855,0.0,0.0,1.0,0.0,0.0,1.0,0.0,0.0,0.5714285714285714,0.0,0.42857142857142855
SOLEDAD,2021,1,2,7,0.14285714285714285,0.2857142857142857,0.0,0.0,0.42857142857142855,0.0,0.14285714285714285,0.5714285714285714,0.0,0.0,0.0,0.0,0.42857142857142855,1.0,0.0,0.42857142857142855,0.5714285714285714,0.0,1.0,0.5714285714285714,0.42857142857142855,0.0,0.0,1.0,0.0,0.0,1.0,0.0,0.0,0.0,0.0,1.0
SOLEDAD,2021,1,3,6,0.3333333333333333,0.3333333333333333,0.0,0.0,0.3333333333333333,0.0,0.0,0.3333333333333333,0.0,0.0,0.0,0.0,0.6666666666666666,0.8333333333333334,0.16666666666666666,0.16666666666666666,0.8333333333333334,0.0,1.0,0.5,0.5,0.0,0.0,1.0,0.0,0.0,1.0,0.0,0.0,0.16666666666666666,0.0,0.8333333333333334
SOLEDAD,2021,1,4,5,0.4,0.2,0.0,0.0,0.2,0.0,0.2,0.4,0.0,0.0,0.0,0.0,0.6,1.0,0.0,0.2,0.8,0.0,1.0,0.4,0.6,0.0,0.0,1.0,0.0,0.0,1.0,0.0,0.0,0.4,0.0,0.6
SOLEDAD,2021,2,5,8,0.375,0.25,0.0,0.0,0.25,0.0,0.125,0.5,0.0,0.125,0.0,0.125,0.25,1.0,0.0,0.5,0.5,0.0,1.0,0.25,0.75,0.0,0.0,1.0,0.0,0.0,1.0,0.0,0.0,0.125,0.0,0.875
SOLEDAD,2021,2,6,6,0.16666666666666666,0.5,0.0,0.0,0.16666666666666666,0.0,0.16666666666666666,0.8333333333333334,0.0,0.0,0.0,0.0,0.16666666666666666,1.0,0.0,0.6666666666666666,0.3333333333333333,0.0,1.0,0.3333333333333333,0.6666666666666666,0.0,0.0,1.0,0.0,0.0,1.0,0.0,0.0,0.0,0.0,1.0
SOLEDAD,2021,2,7,5,0.2,0.2,0.0,0.0,0.6,0.0,0.0,0.6,0.0,0.4,0.0,0.0,0.0,1.0,0.0,0.4,0.6,0.0,1.0,0.6,0.4,0.0,0.0,1.0,0.0,0.0,1.0,0.0,0.0,0.2,0.0,0.8
SOLEDAD,2021,2,8,7,0.2857142857142857,0.2857142857142857,0.0,0.0,0.14285714285714285,0.0,0.2857142857142857,0.2857142857142857,0.0,0.0,0.0,0.14285714285714285,0.5714285714285714,1.0,0.0,0.2857142857142857,0.7142857142857143,0.0,1.0,0.5714285714285714,0.42857142857142855,0.0,0.0,1.0,0.0,0.0,1.0,0.0,0.0,0.14285714285714285,0.0,0.8571428571428571
SOLEDAD,2021,3,9,6,0.8333333333333334,0.16666666666666666,0.0,0.0,0.0,0.0,0.0,0.6666666666666666,0.0,0.0,0.0,0.0,0.3333333333333333,1.0,0.0,0.6666666666666666,0.3333333333333333,0.0,1.0,0.0,1.0,0.0,0.0,1.0,0.0,0.0,1.0,0.0,0.0,0.3333333333333333,0.0,0.6666666666666666
SOLEDAD,2021,3,10,1,0.0,0.0,0.0,0.0,1.0,0.0,0.0,0.0,0.0,0.0,0.0,0.0,1.0,1.0,0.0,0.0,1.0,0.0,1.0,0.0,1.0,0.0,0.0,1.0,0.0,0.0,1.0,0.0,0.0,0.0,0.0,1.0
SOLEDAD,2021,3,11,1,0.0,1.0,0.0,0.0,0.0,0.0,0.0,0.0,0.0,0.0,0.0,0.0,1.0,1.0,0.0,0.0,1.0,0.0,1.0,0.0,1.0,0.0,0.0,1.0,0.0,0.0,1.0,0.0,0.0,0.0,0.0,1.0
SOLEDAD,2021,3,12,5,0.6,0.4,0.0,0.0,0.0,0.0,0.0,0.6,0.0,0.0,0.0,0.0,0.4,1.0,0.0,0.6,0.4,0.0,1.0,0.4,0.6,0.0,0.0,1.0,0.0,0.0,1.0,0.0,0.0,0.6,0.0,0.4
SOLEDAD,2021,4,13,2,0.0,1.0,0.0,0.0,0.0,0.0,0.0,0.5,0.0,0.0,0.0,0.0,0.5,1.0,0.0,0.0,1.0,0.0,1.0,0.0,1.0,0.0,0.0,1.0,0.0,0.0,1.0,0.0,0.0,0.5,0.0,0.5
SOLEDAD,2021,4,14,3,0.3333333333333333,0.3333333333333333,0.3333333333333333,0.0,0.0,0.0,0.0,1.0,0.0,0.0,0.0,0.0,0.0,1.0,0.0,0.6666666666666666,0.3333333333333333,0.0,1.0,0.3333333333333333,0.6666666666666666,0.0,0.0,1.0,0.0,0.0,1.0,0.0,0.0,0.6666666666666666,0.0,0.3333333333333333
SOLEDAD,2021,4,16,3,0.0,0.3333333333333333,0.0,0.0,0.6666666666666666,0.0,0.0,1.0,0.0,0.0,0.0,0.0,0.0,1.0,0.0,0.3333333333333333,0.6666666666666666,0.0,1.0,0.0,1.0,0.0,0.0,1.0,0.0,0.0,1.0,0.0,0.0,0.0,0.0,1.0
SOLEDAD,2021,5,18,3,0.3333333333333333,0.3333333333333333,0.0,0.0,0.3333333333333333,0.0,0.0,0.6666666666666666,0.0,0.0,0.0,0.0,0.3333333333333333,1.0,0.0,0.6666666666666666,0.3333333333333333,0.0,1.0,1.0,0.0,0.0,0.0,1.0,0.0,0.0,1.0,0.0,0.0,0.3333333333333333,0.0,0.6666666666666666
SOLEDAD,2021,5,20,2,0.0,1.0,0.0,0.0,0.0,0.0,0.0,1.0,0.0,0.0,0.0,0.0,0.0,1.0,0.0,0.5,0.5,0.0,1.0,0.5,0.5,0.0,0.0,1.0,0.0,0.0,1.0,0.0,0.0,0.5,0.0,0.5
SOLEDAD,2021,6,21,4,0.25,0.25,0.0,0.0,0.25,0.0,0.25,0.5,0.0,0.25,0.0,0.0,0.25,1.0,0.0,0.5,0.5,0.0,1.0,0.25,0.75,0.0,0.0,1.0,0.0,0.0,1.0,0.0,0.0,0.25,0.0,0.75
SOLEDAD,2021,6,22,1,1.0,0.0,0.0,0.0,0.0,0.0,0.0,0.0,0.0,0.0,0.0,0.0,1.0,1.0,0.0,0.0,1.0,0.0,1.0,1.0,0.0,0.0,0.0,1.0,0.0,0.0,1.0,0.0,0.0,0.0,0.0,1.0
SOLEDAD,2021,6,23,3,0.6666666666666666,0.3333333333333333,0.0,0.0,0.0,0.0,0.0,0.6666666666666666,0.0,0.0,0.0,0.0,0.3333333333333333,1.0,0.0,0.6666666666666666,0.3333333333333333,0.0,1.0,0.6666666666666666,0.3333333333333333,0.0,0.0,1.0,0.0,0.0,1.0,0.0,0.0,0.3333333333333333,0.0,0.6666666666666666
SOLEDAD,2021,6,24,6,0.3333333333333333,0.16666666666666666,0.0,0.0,0.16666666666666666,0.16666666666666666,0.16666666666666666,0.5,0.0,0.0,0.0,0.0,0.5,1.0,0.0,0.5,0.5,0.0,1.0,0.3333333333333333,0.6666666666666666,0.0,0.0,1.0,0.0,0.0,1.0,0.0,0.0,0.0,0.0,1.0
SOLEDAD,2021,7,25,6,0.6666666666666666,0.16666666666666666,0.0,0.0,0.16666666666666666,0.0,0.0,0.5,0.0,0.0,0.0,0.0,0.5,1.0,0.0,0.3333333333333333,0.6666666666666666,0.0,1.0,0.3333333333333333,0.6666666666666666,0.0,0.0,1.0,0.0,0.0,1.0,0.0,0.0,0.0,0.0,1.0
SOLEDAD,2021,7,26,5,0.8,0.0,0.0,0.0,0.0,0.0,0.2,0.2,0.0,0.0,0.0,0.0,0.8,1.0,0.0,0.2,0.8,0.0,1.0,0.4,0.6,0.0,0.0,1.0,0.0,0.0,1.0,0.0,0.0,0.2,0.0,0.8
SOLEDAD,2021,7,27,6,0.3333333333333333,0.0,0.0,0.0,0.5,0.0,0.16666666666666666,0.3333333333333333,0.0,0.16666666666666666,0.0,0.0,0.5,1.0,0.0,0.3333333333333333,0.6666666666666666,0.0,1.0,0.3333333333333333,0.6666666666666666,0.0,0.0,1.0,0.0,0.0,1.0,0.0,0.0,0.3333333333333333,0.0,0.6666666666666666
SOLEDAD,2021,7,28,3,0.3333333333333333,0.6666666666666666,0.0,0.0,0.0,0.0,0.0,0.6666666666666666,0.0,0.3333333333333333,0.0,0.0,0.0,1.0,0.0,0.0,1.0,0.0,1.0,0.3333333333333333,0.6666666666666666,0.0,0.0,1.0,0.0,0.0,1.0,0.0,0.0,0.6666666666666666,0.0,0.3333333333333333
SOLEDAD,2021,8,29,4,0.0,0.25,0.0,0.0,0.75,0.0,0.0,0.5,0.0,0.0,0.0,0.0,0.5,1.0,0.0,0.25,0.75,0.0,1.0,0.75,0.25,0.0,0.0,1.0,0.0,0.0,1.0,0.0,0.0,0.5,0.0,0.5
SOLEDAD,2021,8,30,10,0.7,0.3,0.0,0.0,0.0,0.0,0.0,0.2,0.0,0.1,0.0,0.0,0.7,0.8,0.2,0.1,0.9,0.0,1.0,0.3,0.7,0.0,0.0,1.0,0.0,0.0,1.0,0.0,0.0,0.6,0.0,0.4
SOLEDAD,2021,8,31,9,0.3333333333333333,0.2222222222222222,0.0,0.0,0.3333333333333333,0.0,0.1111111111111111,0.4444444444444444,0.0,0.0,0.0,0.0,0.5555555555555556,1.0,0.0,0.2222222222222222,0.7777777777777778,0.0,1.0,0.5555555555555556,0.4444444444444444,0.0,0.0,1.0,0.0,0.0,0.8888888888888888,0.1111111111111111,0.0,0.1111111111111111,0.0,0.8888888888888888
SOLEDAD,2021,8,32,11,0.45454545454545453,0.09090909090909091,0.0,0.0,0.18181818181818182,0.0,0.2727272727272727,0.6363636363636364,0.0,0.09090909090909091,0.0,0.09090909090909091,0.18181818181818182,1.0,0.0,0.18181818181818182,0.8181818181818182,0.0,1.0,0.5454545454545454,0.45454545454545453,0.0,0.0,1.0,0.0,0.0,1.0,0.0,0.0,0.09090909090909091,0.09090909090909091,0.8181818181818182
SOLEDAD,2021,9,33,13,0.6923076923076923,0.07692307692307693,0.0,0.0,0.15384615384615385,0.0,0.07692307692307693,0.46153846153846156,0.0,0.0,0.07692307692307693,0.0,0.46153846153846156,0.9230769230769231,0.07692307692307693,0.15384615384615385,0.8461538461538461,0.0,1.0,0.6153846153846154,0.38461538461538464,0.0,0.0,1.0,0.0,0.0,1.0,0.0,0.0,0.07692307692307693,0.0,0.9230769230769231
SOLEDAD,2021,9,34,16,0.6875,0.0,0.0,0.0,0.125,0.0,0.1875,0.4375,0.0,0.0625,0.0,0.0625,0.4375,1.0,0.0,0.25,0.75,0.0,1.0,0.625,0.375,0.0,0.0,1.0,0.0,0.0,1.0,0.0,0.0,0.4375,0.0,0.5625
SOLEDAD,2021,9,35,20,0.55,0.05,0.05,0.0,0.3,0.0,0.05,0.5,0.0,0.05,0.05,0.0,0.4,1.0,0.0,0.2,0.8,0.0,1.0,0.35,0.65,0.0,0.0,1.0,0.0,0.0,1.0,0.0,0.0,0.6,0.0,0.4
SOLEDAD,2021,9,36,32,0.46875,0.09375,0.0,0.0,0.375,0.0,0.0625,0.28125,0.0,0.09375,0.0,0.0,0.625,1.0,0.0,0.28125,0.71875,0.0,1.0,0.53125,0.46875,0.0,0.0,1.0,0.0,0.0,1.0,0.0,0.0,0.1875,0.0,0.8125
SOLEDAD,2021,10,37,30,0.5,0.26666666666666666,0.0,0.0,0.16666666666666666,0.0,0.06666666666666667,0.5333333333333333,0.0,0.1,0.0,0.0,0.36666666666666664,0.9,0.1,0.3,0.7,0.0,1.0,0.4666666666666667,0.5333333333333333,0.0,0.0,1.0,0.0,0.0,1.0,0.0,0.0,0.13333333333333333,0.0,0.8666666666666667
SOLEDAD,2021,10,38,43,0.5116279069767442,0.13953488372093023,0.023255813953488372,0.0,0.2558139534883721,0.0,0.06976744186046512,0.4883720930232558,0.0,0.09302325581395349,0.0,0.0,0.4186046511627907,1.0,0.0,0.3953488372093023,0.6046511627906976,0.0,1.0,0.5116279069767442,0.4883720930232558,0.0,0.0,1.0,0.0,0.0,1.0,0.0,0.0,0.16279069767441862,0.0,0.8372093023255814
SOLEDAD,2021,10,39,48,0.6666666666666666,0.10416666666666667,0.0,0.0,0.10416666666666667,0.0,0.125,0.4583333333333333,0.0,0.020833333333333332,0.0,0.020833333333333332,0.5,0.9166666666666666,0.08333333333333333,0.4166666666666667,0.5833333333333334,0.0,1.0,0.4583333333333333,0.5416666666666666,0.0,0.0,1.0,0.0,0.0,1.0,0.0,0.0,0.22916666666666666,0.0,0.7708333333333334
SOLEDAD,2021,10,40,65,0.5076923076923077,0.15384615384615385,0.0,0.0,0.23076923076923078,0.015384615384615385,0.09230769230769231,0.4,0.0,0.046153846153846156,0.015384615384615385,0.0,0.5384615384615384,1.0,0.0,0.4153846153846154,0.5846153846153846,0.0,1.0,0.4153846153846154,0.5846153846153846,0.0,0.0,1.0,0.0,0.0,1.0,0.0,0.0,0.23076923076923078,0.0,0.7692307692307693
SOLEDAD,2021,11,41,63,0.5238095238095238,0.15873015873015872,0.015873015873015872,0.0,0.23809523809523808,0.0,0.06349206349206349,0.42857142857142855,0.0,0.047619047619047616,0.0,0.0,0.5238095238095238,0.9682539682539683,0.031746031746031744,0.3968253968253968,0.6031746031746031,0.0,1.0,0.3968253968253968,0.6031746031746031,0.0,0.0,1.0,0.0,0.0,0.9523809523809523,0.047619047619047616,0.0,0.19047619047619047,0.0,0.8095238095238095
SOLEDAD,2021,11,42,60,0.4666666666666667,0.13333333333333333,0.0,0.0,0.3,0.0,0.1,0.26666666666666666,0.0,0.08333333333333333,0.0,0.05,0.6,1.0,0.0,0.31666666666666665,0.6833333333333333,0.0,1.0,0.43333333333333335,0.5666666666666667,0.0,0.0,1.0,0.0,0.0,0.9833333333333333,0.016666666666666666,0.0,0.15,0.0,0.85
SOLEDAD,2021,11,43,71,0.4647887323943662,0.2112676056338028,0.028169014084507043,0.0,0.18309859154929578,0.0,0.11267605633802817,0.5070422535211268,0.0,0.056338028169014086,0.0,0.028169014084507043,0.4084507042253521,0.9859154929577465,0.014084507042253521,0.39436619718309857,0.6056338028169014,0.0,1.0,0.4507042253521127,0.5492957746478874,0.0,0.0,1.0,0.0,0.0,0.9859154929577465,0.014084507042253521,0.0,0.2676056338028169,0.0,0.7323943661971831
SOLEDAD,2021,11,44,98,0.4897959183673469,0.19387755102040816,0.02040816326530612,0.01020408163265306,0.19387755102040816,0.0,0.09183673469387756,0.4489795918367347,0.0,0.04081632653061224,0.01020408163265306,0.01020408163265306,0.4897959183673469,0.9795918367346939,0.02040816326530612,0.5204081632653061,0.47959183673469385,0.0,1.0,0.4387755102040816,0.5612244897959183,0.0,0.0,1.0,0.0,0.0,0.9897959183673469,0.01020408163265306,0.0,0.21428571428571427,0.01020408163265306,0.7755102040816326
SOLEDAD,2021,12,45,122,0.45081967213114754,0.26229508196721313,0.01639344262295082,0.0,0.22131147540983606,0.0,0.04918032786885246,0.639344262295082,0.0,0.040983606557377046,0.0,0.00819672131147541,0.3114754098360656,0.9918032786885246,0.00819672131147541,0.3442622950819672,0.6557377049180327,0.0,1.0,0.4180327868852459,0.5819672131147541,0.0,0.0,1.0,0.0,0.0,0.9672131147540983,0.03278688524590164,0.0,0.27049180327868855,0.01639344262295082,0.7131147540983607
SOLEDAD,2021,12,46,135,0.5703703703703704,0.2222222222222222,0.007407407407407408,0.0,0.1259259259259259,0.007407407407407408,0.06666666666666667,0.5703703703703704,0.0,0.07407407407407407,0.0,0.02962962962962963,0.32592592592592595,0.9777777777777777,0.022222222222222223,0.34814814814814815,0.6518518518518519,0.0,1.0,0.4,0.6,0.0,0.0,1.0,0.0,0.0,0.9851851851851852,0.014814814814814815,0.0,0.21481481481481482,0.007407407407407408,0.7777777777777778
SOLEDAD,2021,12,47,130,0.4846153846153846,0.26153846153846155,0.0,0.0,0.2153846153846154,0.0,0.038461538461538464,0.46923076923076923,0.0,0.07692307692307693,0.007692307692307693,0.015384615384615385,0.4307692307692308,0.9923076923076923,0.007692307692307693,0.4,0.6,0.0,1.0,0.46923076923076923,0.5307692307692308,0.0,0.0,1.0,0.0,0.0,0.9692307692307692,0.03076923076923077,0.0,0.26153846153846155,0.0,0.7384615384615385
SOLEDAD,2021,12,48,113,0.5132743362831859,0.20353982300884957,0.008849557522123894,0.0,0.22123893805309736,0.0,0.05309734513274336,0.504424778761062,0.0,0.07079646017699115,0.008849557522123894,0.017699115044247787,0.39823008849557523,0.9734513274336283,0.02654867256637168,0.36283185840707965,0.6371681415929203,0.0,1.0,0.46017699115044247,0.5398230088495575,0.0,0.0,1.0,0.0,0.0,0.9734513274336283,0.02654867256637168,0.0,0.23008849557522124,0.0,0.7699115044247787
SOLEDAD,2021,13,49,110,0.45454545454545453,0.2636363636363636,0.00909090909090909,0.0,0.2,0.0,0.07272727272727272,0.5181818181818182,0.0,0.07272727272727272,0.0,0.01818181818181818,0.39090909090909093,0.9727272727272728,0.02727272727272727,0.4090909090909091,0.5909090909090909,0.0,1.0,0.5636363636363636,0.43636363636363634,0.0,0.0,1.0,0.0,0.0,0.9545454545454546,0.045454545454545456,0.0,0.22727272727272727,0.00909090909090909,0.7636363636363637
SOLEDAD,2021,13,50,72,0.375,0.3333333333333333,0.0,0.0,0.19444444444444445,0.013888888888888888,0.08333333333333333,0.5972222222222222,0.0,0.09722222222222222,0.0,0.013888888888888888,0.2916666666666667,0.9583333333333334,0.041666666666666664,0.3888888888888889,0.6111111111111112,0.0,1.0,0.4583333333333333,0.5416666666666666,0.0,0.0,1.0,0.0,0.0,0.9722222222222222,0.027777777777777776,0.0,0.2638888888888889,0.0,0.7361111111111112
SOLEDAD,2021,13,51,94,0.40425531914893614,0.2872340425531915,0.010638297872340425,0.0,0.18085106382978725,0.0,0.11702127659574468,0.5638297872340425,0.0,0.0851063829787234,0.0,0.010638297872340425,0.3404255319148936,1.0,0.0,0.46808510638297873,0.5319148936170213,0.0,1.0,0.46808510638297873,0.5319148936170213,0.0,0.0,1.0,0.0,0.0,1.0,0.0,0.0,0.2765957446808511,0.0,0.723404255319149
SOLEDAD,2021,13,52,71,0.4507042253521127,0.22535211267605634,0.014084507042253521,0.0,0.2535211267605634,0.0,0.056338028169014086,0.49295774647887325,0.0,0.056338028169014086,0.0,0.028169014084507043,0.4225352112676056,0.9577464788732394,0.04225352112676056,0.38028169014084506,0.6197183098591549,0.0,1.0,0.4647887323943662,0.5352112676056338,0.0,0.0,1.0,0.0,0.0,0.9859154929577465,0.014084507042253521,0.0,0.23943661971830985,0.0,0.7605633802816901
SOLEDAD,2022,1,1,61,0.36065573770491804,0.3114754098360656,0.01639344262295082,0.0,0.2459016393442623,0.0,0.06557377049180328,0.5901639344262295,0.0,0.06557377049180328,0.0,0.01639344262295082,0.32786885245901637,0.9672131147540983,0.03278688524590164,0.4426229508196721,0.5573770491803278,0.0,1.0,0.36065573770491804,0.639344262295082,0.0,0.0,1.0,0.0,0.0,0.9508196721311475,0.04918032786885246,0.0,0.3442622950819672,0.0,0.6557377049180327
SOLEDAD,2022,1,2,34,0.5,0.17647058823529413,0.0,0.0,0.2647058823529412,0.0,0.058823529411764705,0.5882352941176471,0.0,0.11764705882352941,0.0,0.029411764705882353,0.2647058823529412,0.9705882352941176,0.029411764705882353,0.4411764705882353,0.5588235294117647,0.0,1.0,0.38235294117647056,0.6176470588235294,0.0,0.0,1.0,0.0,0.0,1.0,0.0,0.0,0.17647058823529413,0.0,0.8235294117647058
SOLEDAD,2022,1,3,55,0.45454545454545453,0.2545454545454545,0.03636363636363636,0.0,0.21818181818181817,0.0,0.03636363636363636,0.4727272727272727,0.0,0.07272727272727272,0.01818181818181818,0.0,0.43636363636363634,0.9272727272727272,0.07272727272727272,0.4727272727272727,0.5272727272727272,0.0,1.0,0.509090909090909,0.4909090909090909,0.0,0.0,1.0,0.0,0.0,0.9818181818181818,0.01818181818181818,0.0,0.32727272727272727,0.0,0.6727272727272727
SOLEDAD,2022,1,4,34,0.47058823529411764,0.35294117647058826,0.0,0.0,0.14705882352941177,0.0,0.029411764705882353,0.6764705882352942,0.0,0.11764705882352941,0.029411764705882353,0.0,0.17647058823529413,1.0,0.0,0.4411764705882353,0.5588235294117647,0.0,1.0,0.5,0.5,0.0,0.0,1.0,0.0,0.0,0.9705882352941176,0.029411764705882353,0.0,0.4411764705882353,0.0,0.5588235294117647
SOLEDAD,2022,2,5,49,0.5306122448979592,0.12244897959183673,0.0,0.0,0.2653061224489796,0.0,0.08163265306122448,0.5714285714285714,0.0,0.08163265306122448,0.0,0.02040816326530612,0.32653061224489793,0.9795918367346939,0.02040816326530612,0.30612244897959184,0.6938775510204082,0.0,1.0,0.42857142857142855,0.5714285714285714,0.0,0.0,1.0,0.0,0.0,0.9591836734693877,0.04081632653061224,0.0,0.3673469387755102,0.0,0.6326530612244898
SOLEDAD,2022,2,6,30,0.5,0.13333333333333333,0.03333333333333333,0.0,0.26666666666666666,0.0,0.06666666666666667,0.6,0.0,0.06666666666666667,0.0,0.0,0.3333333333333333,1.0,0.0,0.3333333333333333,0.6666666666666666,0.0,1.0,0.5333333333333333,0.4666666666666667,0.0,0.0,1.0,0.0,0.0,0.9666666666666667,0.03333333333333333,0.0,0.4,0.0,0.6
SOLEDAD,2022,2,7,22,0.5909090909090909,0.09090909090909091,0.045454545454545456,0.0,0.18181818181818182,0.0,0.09090909090909091,0.5454545454545454,0.0,0.045454545454545456,0.0,0.0,0.4090909090909091,1.0,0.0,0.45454545454545453,0.5454545454545454,0.0,1.0,0.5,0.5,0.0,0.0,1.0,0.0,0.0,0.9545454545454546,0.045454545454545456,0.0,0.3181818181818182,0.0,0.6818181818181818
SOLEDAD,2022,2,8,17,0.5882352941176471,0.11764705882352941,0.0,0.0,0.17647058823529413,0.0,0.11764705882352941,0.6470588235294118,0.0,0.11764705882352941,0.0,0.058823529411764705,0.17647058823529413,1.0,0.0,0.6470588235294118,0.35294117647058826,0.0,1.0,0.4117647058823529,0.5882352941176471,0.0,0.0,1.0,0.0,0.0,0.9411764705882353,0.058823529411764705,0.0,0.35294117647058826,0.0,0.6470588235294118
SOLEDAD,2022,3,9,14,0.42857142857142855,0.14285714285714285,0.07142857142857142,0.0,0.14285714285714285,0.0,0.21428571428571427,0.42857142857142855,0.0,0.2857142857142857,0.0,0.0,0.2857142857142857,1.0,0.0,0.5,0.5,0.0,1.0,0.6428571428571429,0.35714285714285715,0.0,0.0,1.0,0.0,0.0,1.0,0.0,0.0,0.2857142857142857,0.0,0.7142857142857143
SOLEDAD,2022,3,10,13,0.5384615384615384,0.07692307692307693,0.0,0.0,0.38461538461538464,0.0,0.0,0.46153846153846156,0.0,0.15384615384615385,0.0,0.0,0.38461538461538464,1.0,0.0,0.6923076923076923,0.3076923076923077,0.0,1.0,0.6923076923076923,0.3076923076923077,0.0,0.0,1.0,0.0,0.0,1.0,0.0,0.0,0.3076923076923077,0.0,0.6923076923076923
SOLEDAD,2022,3,11,13,0.46153846153846156,0.38461538461538464,0.0,0.0,0.15384615384615385,0.0,0.0,0.6153846153846154,0.0,0.15384615384615385,0.0,0.07692307692307693,0.15384615384615385,1.0,0.0,0.38461538461538464,0.6153846153846154,0.0,1.0,0.38461538461538464,0.6153846153846154,0.0,0.0,1.0,0.0,0.0,0.9230769230769231,0.07692307692307693,0.0,0.15384615384615385,0.0,0.8461538461538461
SOLEDAD,2022,3,12,14,0.5,0.07142857142857142,0.0,0.0,0.2857142857142857,0.07142857142857142,0.07142857142857142,0.7142857142857143,0.0,0.07142857142857142,0.0,0.07142857142857142,0.14285714285714285,1.0,0.0,0.7142857142857143,0.2857142857142857,0.0,1.0,0.5714285714285714,0.42857142857142855,0.0,0.0,1.0,0.0,0.0,1.0,0.0,0.0,0.14285714285714285,0.0,0.8571428571428571
SOLEDAD,2022,4,13,10,0.6,0.2,0.0,0.0,0.1,0.0,0.1,0.5,0.0,0.1,0.0,0.2,0.2,0.8,0.2,0.4,0.6,0.0,1.0,0.3,0.7,0.0,0.0,1.0,0.0,0.0,1.0,0.0,0.0,0.2,0.0,0.8
SOLEDAD,2022,4,14,3,0.6666666666666666,0.3333333333333333,0.0,0.0,0.0,0.0,0.0,0.3333333333333333,0.0,0.3333333333333333,0.0,0.3333333333333333,0.0,0.6666666666666666,0.3333333333333333,0.3333333333333333,0.6666666666666666,0.0,1.0,0.3333333333333333,0.6666666666666666,0.0,0.0,1.0,0.0,0.0,1.0,0.0,0.0,1.0,0.0,0.0
SOLEDAD,2022,4,15,3,0.6666666666666666,0.0,0.0,0.0,0.0,0.0,0.3333333333333333,0.6666666666666666,0.0,0.0,0.0,0.0,0.3333333333333333,1.0,0.0,1.0,0.0,0.0,1.0,0.6666666666666666,0.3333333333333333,0.0,0.0,1.0,0.0,0.0,1.0,0.0,0.0,0.0,0.0,1.0
SOLEDAD,2022,4,16,7,0.7142857142857143,0.0,0.14285714285714285,0.0,0.14285714285714285,0.0,0.0,0.2857142857142857,0.0,0.14285714285714285,0.0,0.0,0.5714285714285714,1.0,0.0,0.42857142857142855,0.5714285714285714,0.0,1.0,0.5714285714285714,0.42857142857142855,0.0,0.0,1.0,0.0,0.0,1.0,0.0,0.0,0.7142857142857143,0.0,0.2857142857142857
SOLEDAD,2022,5,17,5,0.2,0.8,0.0,0.0,0.0,0.0,0.0,0.4,0.0,0.2,0.0,0.2,0.2,1.0,0.0,0.6,0.4,0.0,1.0,0.2,0.8,0.0,0.0,1.0,0.0,0.0,1.0,0.0,0.0,0.2,0.0,0.8
SOLEDAD,2022,5,18,6,0.5,0.3333333333333333,0.0,0.0,0.0,0.0,0.16666666666666666,0.5,0.0,0.16666666666666666,0.0,0.0,0.3333333333333333,1.0,0.0,0.16666666666666666,0.8333333333333334,0.0,1.0,0.5,0.5,0.0,0.0,1.0,0.0,0.0,1.0,0.0,0.0,0.16666666666666666,0.0,0.8333333333333334
SOLEDAD,2022,5,19,4,0.25,0.0,0.25,0.0,0.25,0.0,0.25,0.5,0.0,0.0,0.0,0.0,0.5,1.0,0.0,0.25,0.75,0.0,1.0,0.5,0.5,0.0,0.0,1.0,0.0,0.0,1.0,0.0,0.0,0.5,0.0,0.5
SOLEDAD,2022,5,20,2,0.5,0.5,0.0,0.0,0.0,0.0,0.0,0.5,0.0,0.0,0.0,0.0,0.5,1.0,0.0,0.5,0.5,0.0,1.0,0.0,1.0,0.0,0.0,1.0,0.0,0.0,1.0,0.0,0.0,0.0,0.0,1.0
SOLEDAD,2022,6,21,6,0.0,0.16666666666666666,0.0,0.0,0.6666666666666666,0.0,0.16666666666666666,0.5,0.0,0.16666666666666666,0.0,0.0,0.3333333333333333,0.8333333333333334,0.16666666666666666,0.3333333333333333,0.6666666666666666,0.0,1.0,0.3333333333333333,0.6666666666666666,0.0,0.0,1.0,0.0,0.0,1.0,0.0,0.0,0.16666666666666666,0.0,0.8333333333333334
SOLEDAD,2022,6,22,9,0.3333333333333333,0.2222222222222222,0.0,0.0,0.2222222222222222,0.0,0.2222222222222222,0.5555555555555556,0.0,0.2222222222222222,0.0,0.1111111111111111,0.1111111111111111,0.7777777777777778,0.2222222222222222,0.2222222222222222,0.7777777777777778,0.0,1.0,0.2222222222222222,0.7777777777777778,0.0,0.0,1.0,0.0,0.0,1.0,0.0,0.0,0.1111111111111111,0.0,0.8888888888888888
SOLEDAD,2022,6,23,9,0.4444444444444444,0.4444444444444444,0.0,0.0,0.1111111111111111,0.0,0.0,0.3333333333333333,0.0,0.1111111111111111,0.0,0.2222222222222222,0.3333333333333333,0.7777777777777778,0.2222222222222222,0.1111111111111111,0.8888888888888888,0.0,1.0,0.2222222222222222,0.7777777777777778,0.0,0.0,1.0,0.0,0.0,1.0,0.0,0.0,0.6666666666666666,0.0,0.3333333333333333
SOLEDAD,2022,6,24,6,0.5,0.3333333333333333,0.0,0.0,0.16666666666666666,0.0,0.0,0.5,0.0,0.16666666666666666,0.0,0.0,0.3333333333333333,1.0,0.0,0.6666666666666666,0.3333333333333333,0.0,1.0,0.3333333333333333,0.6666666666666666,0.0,0.0,1.0,0.0,0.0,1.0,0.0,0.0,0.5,0.0,0.5
SOLEDAD,2022,7,25,11,0.7272727272727273,0.2727272727272727,0.0,0.0,0.0,0.0,0.0,0.45454545454545453,0.0,0.09090909090909091,0.0,0.09090909090909091,0.36363636363636365,1.0,0.0,0.2727272727272727,0.7272727272727273,0.0,1.0,0.45454545454545453,0.5454545454545454,0.0,0.0,1.0,0.0,0.0,1.0,0.0,0.0,0.5454545454545454,0.0,0.45454545454545453
SOLEDAD,2022,7,26,15,0.8,0.06666666666666667,0.0,0.0,0.13333333333333333,0.0,0.0,0.6666666666666666,0.0,0.13333333333333333,0.0,0.0,0.2,1.0,0.0,0.4666666666666667,0.5333333333333333,0.0,1.0,0.3333333333333333,0.6666666666666666,0.0,0.0,1.0,0.0,0.0,1.0,0.0,0.0,0.5333333333333333,0.0,0.4666666666666667
SOLEDAD,2022,7,27,17,0.11764705882352941,0.5294117647058824,0.0,0.0,0.23529411764705882,0.0,0.11764705882352941,0.7058823529411765,0.0,0.0,0.0,0.0,0.29411764705882354,0.9411764705882353,0.058823529411764705,0.47058823529411764,0.5294117647058824,0.0,1.0,0.47058823529411764,0.5294117647058824,0.0,0.0,1.0,0.0,0.0,1.0,0.0,0.0,0.47058823529411764,0.058823529411764705,0.47058823529411764
SOLEDAD,2022,7,28,18,0.2777777777777778,0.3333333333333333,0.05555555555555555,0.0,0.3333333333333333,0.0,0.0,0.7777777777777778,0.0,0.0,0.05555555555555555,0.0,0.16666666666666666,0.9444444444444444,0.05555555555555555,0.4444444444444444,0.5555555555555556,0.0,1.0,0.5,0.5,0.0,0.0,1.0,0.0,0.0,0.9444444444444444,0.05555555555555555,0.0,0.8888888888888888,0.0,0.1111111111111111
SOLEDAD,2022,8,29,23,0.5652173913043478,0.17391304347826086,0.0,0.0,0.17391304347826086,0.0,0.08695652173913043,0.6521739130434783,0.0,0.043478260869565216,0.0,0.0,0.30434782608695654,0.9565217391304348,0.043478260869565216,0.43478260869565216,0.5652173913043478,0.0,1.0,0.43478260869565216,0.5652173913043478,0.0,0.0,1.0,0.0,0.0,1.0,0.0,0.0,0.6956521739130435,0.0,0.30434782608695654
SOLEDAD,2022,8,30,31,0.5161290322580645,0.2903225806451613,0.03225806451612903,0.0,0.06451612903225806,0.0,0.0967741935483871,0.3548387096774194,0.0,0.06451612903225806,0.0,0.03225806451612903,0.5483870967741935,0.967741935483871,0.03225806451612903,0.2903225806451613,0.7096774193548387,0.0,1.0,0.5483870967741935,0.45161290322580644,0.0,0.0,1.0,0.0,0.0,0.9354838709677419,0.06451612903225806,0.0,0.6451612903225806,0.0,0.3548387096774194
SOLEDAD,2022,8,31,33,0.45454545454545453,0.15151515151515152,0.0,0.0,0.36363636363636365,0.0,0.030303030303030304,0.5454545454545454,0.0,0.09090909090909091,0.030303030303030304,0.0,0.3333333333333333,1.0,0.0,0.21212121212121213,0.7878787878787878,0.0,1.0,0.5757575757575758,0.42424242424242425,0.0,0.0,1.0,0.0,0.0,0.9696969696969697,0.030303030303030304,0.0,0.6666666666666666,0.0,0.3333333333333333
SOLEDAD,2022,8,32,19,0.3157894736842105,0.3157894736842105,0.0,0.0,0.3157894736842105,0.0,0.05263157894736842,0.5263157894736842,0.0,0.05263157894736842,0.0,0.0,0.42105263157894735,1.0,0.0,0.2631578947368421,0.7368421052631579,0.0,1.0,0.2631578947368421,0.7368421052631579,0.0,0.0,1.0,0.0,0.0,0.9473684210526315,0.05263157894736842,0.0,0.6842105263157895,0.0,0.3157894736842105
SOLEDAD,2022,9,33,27,0.48148148148148145,0.25925925925925924,0.0,0.0,0.25925925925925924,0.0,0.0,0.5185185185185185,0.0,0.1111111111111111,0.0,0.0,0.37037037037037035,1.0,0.0,0.4444444444444444,0.5555555555555556,0.0,1.0,0.5185185185185185,0.48148148148148145,0.0,0.0,1.0,0.0,0.0,1.0,0.0,0.0,0.48148148148148145,0.0,0.5185185185185185
SOLEDAD,2022,9,34,27,0.48148148148148145,0.37037037037037035,0.0,0.0,0.1111111111111111,0.0,0.037037037037037035,0.5925925925925926,0.0,0.037037037037037035,0.0,0.037037037037037035,0.3333333333333333,0.9629629629629629,0.037037037037037035,0.37037037037037035,0.6296296296296297,0.0,1.0,0.48148148148148145,0.5185185185185185,0.0,0.0,1.0,0.0,0.0,1.0,0.0,0.0,0.8148148148148148,0.0,0.18518518518518517
SOLEDAD,2022,9,35,47,0.5106382978723404,0.2553191489361702,0.0,0.0,0.19148936170212766,0.0,0.0425531914893617,0.48936170212765956,0.0,0.10638297872340426,0.0,0.0,0.40425531914893614,0.9787234042553191,0.02127659574468085,0.3617021276595745,0.6382978723404256,0.0,1.0,0.44680851063829785,0.5531914893617021,0.0,0.0,1.0,0.0,0.0,1.0,0.0,0.0,0.6808510638297872,0.0,0.3191489361702128
SOLEDAD,2022,9,36,35,0.37142857142857144,0.2571428571428571,0.0,0.0,0.2857142857142857,0.0,0.08571428571428572,0.4857142857142857,0.0,0.14285714285714285,0.0,0.02857142857142857,0.34285714285714286,1.0,0.0,0.45714285714285713,0.5428571428571428,0.0,1.0,0.45714285714285713,0.5428571428571428,0.0,0.0,1.0,0.0,0.0,0.9142857142857143,0.08571428571428572,0.0,0.6571428571428571,0.0,0.34285714285714286
SOLEDAD,2022,10,37,36,0.3888888888888889,0.3888888888888889,0.0,0.0,0.1388888888888889,0.0,0.08333333333333333,0.5555555555555556,0.0,0.027777777777777776,0.0,0.0,0.4166666666666667,0.9444444444444444,0.05555555555555555,0.5,0.5,0.0,1.0,0.4166666666666667,0.5833333333333334,0.0,0.0,1.0,0.0,0.0,1.0,0.0,0.0,0.6111111111111112,0.0,0.3888888888888889
SOLEDAD,2022,10,38,50,0.48,0.26,0.02,0.0,0.18,0.0,0.06,0.5,0.0,0.08,0.0,0.02,0.4,0.98,0.02,0.4,0.6,0.0,1.0,0.46,0.54,0.0,0.0,1.0,0.0,0.0,0.98,0.02,0.0,0.58,0.0,0.42
SOLEDAD,2022,10,39,46,0.5,0.2608695652173913,0.0,0.0,0.1956521739130435,0.0,0.043478260869565216,0.5434782608695652,0.0,0.021739130434782608,0.0,0.0,0.43478260869565216,0.9347826086956522,0.06521739130434782,0.391304347826087,0.6086956521739131,0.0,1.0,0.3695652173913043,0.6304347826086957,0.0,0.0,1.0,0.0,0.0,1.0,0.0,0.0,0.5434782608695652,0.0,0.45652173913043476
SOLEDAD,2022,10,40,52,0.5769230769230769,0.2692307692307692,0.0,0.0,0.1346153846153846,0.0,0.019230769230769232,0.4230769230769231,0.0,0.019230769230769232,0.0,0.019230769230769232,0.5384615384615384,0.9807692307692307,0.019230769230769232,0.46153846153846156,0.5384615384615384,0.0,1.0,0.46153846153846156,0.5384615384615384,0.0,0.0,1.0,0.0,0.0,0.9807692307692307,0.019230769230769232,0.0,0.5769230769230769,0.0,0.4230769230769231
SOLEDAD,2022,11,41,51,0.5882352941176471,0.13725490196078433,0.0196078431372549,0.0,0.23529411764705882,0.0,0.0196078431372549,0.45098039215686275,0.0,0.0392156862745098,0.0,0.0,0.5098039215686274,0.9803921568627451,0.0196078431372549,0.39215686274509803,0.6078431372549019,0.0,1.0,0.5686274509803921,0.43137254901960786,0.0,0.0,1.0,0.0,0.0,0.9607843137254902,0.0392156862745098,0.0,0.5882352941176471,0.0,0.4117647058823529
SOLEDAD,2022,11,42,72,0.4305555555555556,0.3055555555555556,0.027777777777777776,0.0,0.18055555555555555,0.0,0.05555555555555555,0.4305555555555556,0.0,0.08333333333333333,0.013888888888888888,0.027777777777777776,0.4444444444444444,0.9722222222222222,0.027777777777777776,0.3472222222222222,0.6527777777777778,0.0,1.0,0.4722222222222222,0.5277777777777778,0.0,0.0,1.0,0.0,0.0,0.9861111111111112,0.013888888888888888,0.0,0.4861111111111111,0.013888888888888888,0.5
SOLEDAD,2022,11,43,67,0.582089552238806,0.19402985074626866,0.0,0.0,0.1791044776119403,0.0,0.04477611940298507,0.3880597014925373,0.0,0.05970149253731343,0.0,0.0,0.5522388059701493,0.9402985074626866,0.05970149253731343,0.34328358208955223,0.6567164179104478,0.0,1.0,0.44776119402985076,0.5522388059701493,0.0,0.0,1.0,0.0,0.0,1.0,0.0,0.0,0.4925373134328358,0.0,0.5074626865671642
SOLEDAD,2022,11,44,97,0.5154639175257731,0.23711340206185566,0.020618556701030927,0.0,0.15463917525773196,0.010309278350515464,0.061855670103092786,0.4329896907216495,0.0,0.10309278350515463,0.0,0.020618556701030927,0.44329896907216493,0.9484536082474226,0.05154639175257732,0.3402061855670103,0.6597938144329897,0.0,1.0,0.5257731958762887,0.4742268041237113,0.0,0.0,1.0,0.0,0.0,1.0,0.0,0.0,0.4948453608247423,0.0,0.5051546391752577
SOLEDAD,2022,12,45,95,0.5473684210526316,0.23157894736842105,0.0,0.0,0.21052631578947367,0.0,0.010526315789473684,0.3157894736842105,0.0,0.09473684210526316,0.0,0.010526315789473684,0.5789473684210527,0.9263157894736842,0.07368421052631578,0.3368421052631579,0.6631578947368421,0.0,1.0,0.5157894736842106,0.4842105263157895,0.0,0.0,1.0,0.0,0.0,0.9894736842105263,0.010526315789473684,0.0,0.5157894736842106,0.0,0.4842105263157895
SOLEDAD,2022,12,46,108,0.46296296296296297,0.3333333333333333,0.0,0.0,0.17592592592592593,0.0,0.027777777777777776,0.4722222222222222,0.0,0.07407407407407407,0.0,0.027777777777777776,0.42592592592592593,0.9351851851851852,0.06481481481481481,0.4351851851851852,0.5648148148148148,0.0,1.0,0.4444444444444444,0.5555555555555556,0.0,0.0,1.0,0.0,0.0,0.9907407407407407,0.009259259259259259,0.0,0.6018518518518519,0.009259259259259259,0.3888888888888889
SOLEDAD,2022,12,47,101,0.5742574257425742,0.25742574257425743,0.009900990099009901,0.0,0.09900990099009901,0.0,0.0594059405940594,0.48514851485148514,0.0,0.039603960396039604,0.0,0.0,0.4752475247524752,0.9900990099009901,0.009900990099009901,0.37623762376237624,0.6237623762376238,0.0,1.0,0.46534653465346537,0.5346534653465347,0.0,0.0,1.0,0.0,0.0,1.0,0.0,0.0,0.6039603960396039,0.0,0.39603960396039606
SOLEDAD,2022,12,48,114,0.47368421052631576,0.2894736842105263,0.008771929824561403,0.0,0.17543859649122806,0.0,0.05263157894736842,0.45614035087719296,0.0,0.02631578947368421,0.0,0.017543859649122806,0.5,0.9824561403508771,0.017543859649122806,0.49122807017543857,0.5087719298245614,0.0,1.0,0.47368421052631576,0.5263157894736842,0.0,0.0,1.0,0.0,0.0,1.0,0.0,0.0,0.5964912280701754,0.0,0.40350877192982454
SOLEDAD,2022,13,49,141,0.5957446808510638,0.22695035460992907,0.0070921985815602835,0.0,0.14893617021276595,0.0070921985815602835,0.014184397163120567,0.48936170212765956,0.0,0.07092198581560284,0.0070921985815602835,0.02127659574468085,0.41134751773049644,0.9574468085106383,0.0425531914893617,0.48936170212765956,0.5106382978723404,0.0,1.0,0.524822695035461,0.475177304964539,0.0,0.0,1.0,0.0,0.0,0.9929078014184397,0.0070921985815602835,0.0,0.6524822695035462,0.0070921985815602835,0.3404255319148936
SOLEDAD,2022,13,50,129,0.5116279069767442,0.29457364341085274,0.007751937984496124,0.0,0.14728682170542637,0.0,0.03875968992248062,0.5116279069767442,0.0,0.06976744186046512,0.0,0.03875968992248062,0.3798449612403101,0.9457364341085271,0.05426356589147287,0.4186046511627907,0.5813953488372093,0.0,1.0,0.5116279069767442,0.4883720930232558,0.0,0.0,1.0,0.0,0.0,1.0,0.0,0.0,0.5038759689922481,0.007751937984496124,0.4883720930232558
SOLEDAD,2022,13,51,131,0.5038167938931297,0.25190839694656486,0.007633587786259542,0.0,0.1450381679389313,0.0,0.0916030534351145,0.3893129770992366,0.0,0.04580152671755725,0.015267175572519083,0.07633587786259542,0.4732824427480916,1.0,0.0,0.46564885496183206,0.5343511450381679,0.0,1.0,0.48854961832061067,0.5114503816793893,0.0,0.0,1.0,0.0,0.0,1.0,0.0,0.0,0.48091603053435117,0.022900763358778626,0.4961832061068702
SOLEDAD,2022,13,52,106,0.5188679245283019,0.16981132075471697,0.0,0.0,0.2358490566037736,0.0,0.07547169811320754,0.5,0.0,0.0660377358490566,0.0,0.02830188679245283,0.4056603773584906,0.9716981132075472,0.02830188679245283,0.5377358490566038,0.46226415094339623,0.0,1.0,0.3490566037735849,0.6509433962264151,0.0,0.0,1.0,0.0,0.0,1.0,0.0,0.0,0.6132075471698113,0.0,0.3867924528301887
SOLEDAD,2023,1,1,124,0.5403225806451613,0.22580645161290322,0.008064516129032258,0.0,0.16129032258064516,0.0,0.06451612903225806,0.43548387096774194,0.0,0.056451612903225805,0.0,0.008064516129032258,0.5,0.9838709677419355,0.016129032258064516,0.532258064516129,0.46774193548387094,0.0,1.0,0.43548387096774194,0.5645161290322581,0.0,0.0,1.0,0.0,0.0,0.9919354838709677,0.008064516129032258,0.0,0.5564516129032258,0.0,0.4435483870967742
SOLEDAD,2023,1,2,108,0.4537037037037037,0.37037037037037035,0.018518518518518517,0.0,0.12962962962962962,0.009259259259259259,0.018518518518518517,0.4537037037037037,0.0,0.05555555555555555,0.009259259259259259,0.037037037037037035,0.4444444444444444,0.9814814814814815,0.018518518518518517,0.4537037037037037,0.5462962962962963,0.0,1.0,0.5370370370370371,0.46296296296296297,0.0,0.0,1.0,0.0,0.0,1.0,0.0,0.0,0.6111111111111112,0.0,0.3888888888888889
SOLEDAD,2023,1,3,102,0.5,0.19607843137254902,0.0196078431372549,0.0,0.16666666666666666,0.0,0.11764705882352941,0.49019607843137253,0.0,0.10784313725490197,0.00980392156862745,0.0,0.39215686274509803,0.9901960784313726,0.00980392156862745,0.5392156862745098,0.46078431372549017,0.0,1.0,0.4803921568627451,0.5196078431372549,0.0,0.0,1.0,0.0,0.0,0.9803921568627451,0.0196078431372549,0.0,0.5196078431372549,0.0,0.4803921568627451
SOLEDAD,2023,1,4,68,0.5588235294117647,0.20588235294117646,0.014705882352941176,0.0,0.19117647058823528,0.0,0.029411764705882353,0.4264705882352941,0.0,0.058823529411764705,0.0,0.014705882352941176,0.5,0.9558823529411765,0.04411764705882353,0.47058823529411764,0.5294117647058824,0.0,1.0,0.4264705882352941,0.5735294117647058,0.0,0.0,1.0,0.0,0.0,1.0,0.0,0.0,0.5294117647058824,0.0,0.47058823529411764
SOLEDAD,2023,2,5,74,0.44594594594594594,0.24324324324324326,0.0,0.0,0.22972972972972974,0.0,0.08108108108108109,0.4594594594594595,0.013513513513513514,0.0945945945945946,0.0,0.013513513513513514,0.4189189189189189,0.9864864864864865,0.013513513513513514,0.5675675675675675,0.43243243243243246,0.0,1.0,0.4594594594594595,0.5405405405405406,0.0,0.0,1.0,0.0,0.0,1.0,0.0,0.0,0.5540540540540541,0.0,0.44594594594594594
SOLEDAD,2023,2,6,66,0.3787878787878788,0.30303030303030304,0.0,0.0,0.22727272727272727,0.0,0.09090909090909091,0.5454545454545454,0.0,0.030303030303030304,0.0,0.0,0.42424242424242425,0.9848484848484849,0.015151515151515152,0.5303030303030303,0.4696969696969697,0.0,1.0,0.42424242424242425,0.5757575757575758,0.0,0.0,1.0,0.0,0.0,1.0,0.0,0.0,0.6818181818181818,0.0,0.3181818181818182
SOLEDAD,2023,2,7,45,0.4888888888888889,0.3333333333333333,0.0,0.0,0.13333333333333333,0.0,0.044444444444444446,0.5111111111111111,0.0,0.022222222222222223,0.0,0.022222222222222223,0.4444444444444444,0.9555555555555556,0.044444444444444446,0.6,0.4,0.0,1.0,0.3333333333333333,0.6666666666666666,0.0,0.0,1.0,0.0,0.0,1.0,0.0,0.0,0.6666666666666666,0.0,0.3333333333333333
SOLEDAD,2023,2,8,25,0.28,0.28,0.0,0.0,0.16,0.0,0.28,0.36,0.0,0.08,0.04,0.04,0.48,1.0,0.0,0.6,0.4,0.0,1.0,0.44,0.56,0.0,0.0,1.0,0.0,0.0,1.0,0.0,0.0,0.6,0.0,0.4
SOLEDAD,2023,3,9,20,0.4,0.25,0.0,0.0,0.1,0.0,0.25,0.25,0.0,0.05,0.0,0.0,0.7,0.95,0.05,0.65,0.35,0.0,1.0,0.45,0.55,0.0,0.0,1.0,0.0,0.0,1.0,0.0,0.0,0.5,0.0,0.5
SOLEDAD,2023,3,10,10,0.5,0.3,0.0,0.0,0.1,0.0,0.1,0.5,0.0,0.0,0.0,0.0,0.5,1.0,0.0,0.4,0.6,0.0,1.0,0.7,0.3,0.0,0.0,1.0,0.0,0.0,1.0,0.0,0.0,0.6,0.0,0.4
SOLEDAD,2023,3,11,20,0.75,0.15,0.0,0.0,0.05,0.0,0.05,0.45,0.0,0.1,0.0,0.0,0.45,1.0,0.0,0.3,0.7,0.0,1.0,0.35,0.65,0.0,0.0,1.0,0.0,0.0,1.0,0.0,0.0,0.5,0.05,0.45
SOLEDAD,2023,3,12,22,0.5,0.3181818181818182,0.0,0.0,0.13636363636363635,0.045454545454545456,0.0,0.5,0.0,0.0,0.045454545454545456,0.0,0.45454545454545453,0.9545454545454546,0.045454545454545456,0.45454545454545453,0.5454545454545454,0.0,1.0,0.5909090909090909,0.4090909090909091,0.0,0.0,1.0,0.0,0.0,1.0,0.0,0.0,0.5909090909090909,0.0,0.4090909090909091
SOLEDAD,2023,4,13,7,0.2857142857142857,0.5714285714285714,0.0,0.0,0.14285714285714285,0.0,0.0,0.42857142857142855,0.0,0.0,0.0,0.0,0.5714285714285714,1.0,0.0,0.2857142857142857,0.7142857142857143,0.0,1.0,0.5714285714285714,0.42857142857142855,0.0,0.0,1.0,0.0,0.0,1.0,0.0,0.0,0.5714285714285714,0.0,0.42857142857142855
SOLEDAD,2023,4,14,6,0.16666666666666666,0.6666666666666666,0.0,0.0,0.0,0.0,0.16666666666666666,0.3333333333333333,0.0,0.0,0.0,0.0,0.6666666666666666,1.0,0.0,0.16666666666666666,0.8333333333333334,0.0,1.0,0.16666666666666666,0.8333333333333334,0.0,0.0,1.0,0.0,0.0,1.0,0.0,0.0,0.6666666666666666,0.0,0.3333333333333333
SOLEDAD,2023,4,15,8,0.125,0.375,0.0,0.0,0.125,0.0,0.375,0.375,0.0,0.0,0.0,0.0,0.625,1.0,0.0,0.375,0.625,0.0,1.0,0.5,0.5,0.0,0.0,1.0,0.0,0.0,1.0,0.0,0.0,0.5,0.0,0.5
SOLEDAD,2023,4,16,11,0.6363636363636364,0.09090909090909091,0.0,0.0,0.0,0.0,0.2727272727272727,0.36363636363636365,0.0,0.0,0.0,0.0,0.6363636363636364,1.0,0.0,0.2727272727272727,0.7272727272727273,0.0,1.0,0.36363636363636365,0.6363636363636364,0.0,0.0,1.0,0.0,0.0,1.0,0.0,0.0,0.36363636363636365,0.0,0.6363636363636364
SOLEDAD,2023,5,17,8,0.125,0.25,0.0,0.0,0.25,0.0,0.375,0.625,0.0,0.0,0.0,0.0,0.375,1.0,0.0,0.5,0.5,0.0,1.0,0.375,0.625,0.0,0.0,1.0,0.0,0.0,1.0,0.0,0.0,0.25,0.0,0.75
SOLEDAD,2023,5,18,9,0.1111111111111111,0.4444444444444444,0.0,0.0,0.3333333333333333,0.0,0.1111111111111111,0.5555555555555556,0.0,0.1111111111111111,0.0,0.0,0.3333333333333333,0.7777777777777778,0.2222222222222222,0.6666666666666666,0.3333333333333333,0.0,1.0,0.4444444444444444,0.5555555555555556,0.0,0.0,1.0,0.0,0.0,1.0,0.0,0.0,0.3333333333333333,0.0,0.6666666666666666
SOLEDAD,2023,5,19,10,0.3,0.3,0.1,0.0,0.3,0.0,0.0,0.4,0.0,0.1,0.0,0.0,0.5,1.0,0.0,0.4,0.6,0.0,1.0,0.5,0.5,0.0,0.0,1.0,0.0,0.0,1.0,0.0,0.0,0.5,0.0,0.5
SOLEDAD,2023,5,20,22,0.36363636363636365,0.3181818181818182,0.13636363636363635,0.0,0.045454545454545456,0.0,0.13636363636363635,0.45454545454545453,0.0,0.0,0.0,0.0,0.5454545454545454,0.9545454545454546,0.045454545454545456,0.4090909090909091,0.5909090909090909,0.0,1.0,0.6363636363636364,0.36363636363636365,0.0,0.0,1.0,0.0,0.0,1.0,0.0,0.0,0.6363636363636364,0.0,0.36363636363636365
SOLEDAD,2023,6,21,11,0.18181818181818182,0.45454545454545453,0.0,0.0,0.2727272727272727,0.0,0.09090909090909091,0.5454545454545454,0.0,0.0,0.0,0.0,0.45454545454545453,0.9090909090909091,0.09090909090909091,0.6363636363636364,0.36363636363636365,0.0,1.0,0.2727272727272727,0.7272727272727273,0.0,0.0,1.0,0.0,0.0,1.0,0.0,0.0,0.5454545454545454,0.0,0.45454545454545453
SOLEDAD,2023,6,22,5,0.2,0.0,0.2,0.0,0.4,0.0,0.2,0.4,0.0,0.2,0.0,0.0,0.4,1.0,0.0,0.4,0.6,0.0,1.0,0.6,0.4,0.0,0.0,1.0,0.0,0.0,1.0,0.0,0.0,0.4,0.0,0.6
SOLEDAD,2023,6,23,7,0.2857142857142857,0.2857142857142857,0.2857142857142857,0.0,0.14285714285714285,0.0,0.0,0.2857142857142857,0.0,0.0,0.0,0.0,0.7142857142857143,1.0,0.0,0.2857142857142857,0.7142857142857143,0.0,1.0,0.2857142857142857,0.7142857142857143,0.0,0.0,1.0,0.0,0.0,1.0,0.0,0.0,0.2857142857142857,0.14285714285714285,0.5714285714285714
SOLEDAD,2023,6,24,9,0.3333333333333333,0.4444444444444444,0.0,0.0,0.0,0.0,0.2222222222222222,0.3333333333333333,0.0,0.0,0.0,0.1111111111111111,0.5555555555555556,1.0,0.0,0.1111111111111111,0.8888888888888888,0.0,1.0,0.3333333333333333,0.6666666666666666,0.0,0.0,1.0,0.0,0.0,1.0,0.0,0.0,0.3333333333333333,0.0,0.6666666666666666
SOLEDAD,2023,7,25,4,0.75,0.0,0.0,0.0,0.25,0.0,0.0,0.5,0.0,0.0,0.0,0.0,0.5,1.0,0.0,0.25,0.75,0.0,1.0,0.5,0.5,0.0,0.0,1.0,0.0,0.0,1.0,0.0,0.0,0.5,0.0,0.5
SOLEDAD,2023,7,26,6,0.3333333333333333,0.6666666666666666,0.0,0.0,0.0,0.0,0.0,0.3333333333333333,0.0,0.3333333333333333,0.0,0.0,0.3333333333333333,1.0,0.0,0.6666666666666666,0.3333333333333333,0.0,1.0,0.3333333333333333,0.6666666666666666,0.0,0.0,1.0,0.0,0.0,1.0,0.0,0.0,0.16666666666666666,0.0,0.8333333333333334
SOLEDAD,2023,7,27,17,0.4117647058823529,0.17647058823529413,0.058823529411764705,0.058823529411764705,0.17647058823529413,0.0,0.11764705882352941,0.47058823529411764,0.0,0.058823529411764705,0.0,0.0,0.47058823529411764,1.0,0.0,0.4117647058823529,0.5882352941176471,0.0,1.0,0.5294117647058824,0.47058823529411764,0.0,0.0,1.0,0.0,0.0,1.0,0.0,0.0,0.23529411764705882,0.0,0.7647058823529411
SOLEDAD,2023,7,28,22,0.4090909090909091,0.3181818181818182,0.045454545454545456,0.0,0.13636363636363635,0.0,0.09090909090909091,0.36363636363636365,0.0,0.18181818181818182,0.0,0.0,0.45454545454545453,1.0,0.0,0.5454545454545454,0.45454545454545453,0.0,1.0,0.3181818181818182,0.6818181818181818,0.0,0.0,1.0,0.0,0.0,1.0,0.0,0.0,0.36363636363636365,0.0,0.6363636363636364
SOLEDAD,2023,8,29,31,0.5161290322580645,0.3548387096774194,0.0,0.0,0.0967741935483871,0.0,0.03225806451612903,0.3870967741935484,0.0,0.03225806451612903,0.0,0.03225806451612903,0.5483870967741935,1.0,0.0,0.3548387096774194,0.6451612903225806,0.0,1.0,0.3225806451612903,0.6774193548387096,0.0,0.0,1.0,0.0,0.0,1.0,0.0,0.0,0.5483870967741935,0.0,0.45161290322580644
SOLEDAD,2023,8,30,20,0.55,0.1,0.0,0.0,0.25,0.0,0.1,0.35,0.0,0.05,0.0,0.0,0.6,1.0,0.0,0.3,0.7,0.0,1.0,0.6,0.4,0.0,0.0,1.0,0.0,0.0,1.0,0.0,0.0,0.45,0.0,0.55
SOLEDAD,2023,8,31,34,0.47058823529411764,0.14705882352941177,0.058823529411764705,0.0,0.2647058823529412,0.0,0.058823529411764705,0.23529411764705882,0.058823529411764705,0.0,0.0,0.0,0.7058823529411765,1.0,0.0,0.4411764705882353,0.5588235294117647,0.0,1.0,0.5588235294117647,0.4411764705882353,0.0,0.0,1.0,0.0,0.0,1.0,0.0,0.0,0.38235294117647056,0.0,0.6176470588235294
SOLEDAD,2023,8,32,17,0.4117647058823529,0.11764705882352941,0.058823529411764705,0.0,0.29411764705882354,0.0,0.11764705882352941,0.5882352941176471,0.0,0.0,0.0,0.0,0.4117647058823529,1.0,0.0,0.35294117647058826,0.6470588235294118,0.0,1.0,0.6470588235294118,0.35294117647058826,0.0,0.0,1.0,0.0,0.0,1.0,0.0,0.0,0.4117647058823529,0.0,0.5882352941176471
SOLEDAD,2023,9,33,19,0.2631578947368421,0.3157894736842105,0.10526315789473684,0.0,0.2631578947368421,0.0,0.05263157894736842,0.42105263157894735,0.0,0.0,0.0,0.0,0.5789473684210527,0.9473684210526315,0.05263157894736842,0.3684210526315789,0.631578947368421,0.0,1.0,0.42105263157894735,0.5789473684210527,0.0,0.0,1.0,0.0,0.0,1.0,0.0,0.0,0.3157894736842105,0.0,0.6842105263157895
SOLEDAD,2023,9,34,22,0.4090909090909091,0.22727272727272727,0.045454545454545456,0.0,0.18181818181818182,0.0,0.13636363636363635,0.5,0.0,0.0,0.0,0.0,0.5,1.0,0.0,0.4090909090909091,0.5909090909090909,0.0,1.0,0.6363636363636364,0.36363636363636365,0.0,0.0,1.0,0.0,0.0,1.0,0.0,0.0,0.2727272727272727,0.0,0.7272727272727273
SOLEDAD,2023,9,35,17,0.4117647058823529,0.29411764705882354,0.0,0.0,0.23529411764705882,0.0,0.058823529411764705,0.35294117647058826,0.0,0.058823529411764705,0.0,0.058823529411764705,0.5294117647058824,1.0,0.0,0.17647058823529413,0.8235294117647058,0.0,1.0,0.5882352941176471,0.4117647058823529,0.0,0.0,1.0,0.0,0.0,1.0,0.0,0.0,0.35294117647058826,0.0,0.6470588235294118
SOLEDAD,2023,9,36,13,0.46153846153846156,0.23076923076923078,0.0,0.0,0.3076923076923077,0.0,0.0,0.46153846153846156,0.0,0.15384615384615385,0.0,0.0,0.38461538461538464,1.0,0.0,0.5384615384615384,0.46153846153846156,0.0,1.0,0.46153846153846156,0.5384615384615384,0.0,0.0,1.0,0.0,0.0,1.0,0.0,0.0,0.46153846153846156,0.0,0.5384615384615384
SOLEDAD,2023,10,37,21,0.5238095238095238,0.23809523809523808,0.0,0.0,0.19047619047619047,0.0,0.047619047619047616,0.38095238095238093,0.0,0.09523809523809523,0.0,0.0,0.5238095238095238,1.0,0.0,0.47619047619047616,0.5238095238095238,0.0,1.0,0.42857142857142855,0.5714285714285714,0.0,0.0,1.0,0.0,0.0,1.0,0.0,0.0,0.23809523809523808,0.0,0.7619047619047619
SOLEDAD,2023,10,38,18,0.4444444444444444,0.2222222222222222,0.05555555555555555,0.0,0.2222222222222222,0.0,0.05555555555555555,0.4444444444444444,0.0,0.05555555555555555,0.0,0.0,0.5,1.0,0.0,0.3888888888888889,0.6111111111111112,0.0,1.0,0.5555555555555556,0.4444444444444444,0.0,0.0,1.0,0.0,0.0,1.0,0.0,0.0,0.4444444444444444,0.0,0.5555555555555556
SOLEDAD,2023,10,39,11,0.45454545454545453,0.18181818181818182,0.0,0.0,0.09090909090909091,0.0,0.2727272727272727,0.2727272727272727,0.09090909090909091,0.09090909090909091,0.0,0.0,0.5454545454545454,0.9090909090909091,0.09090909090909091,0.2727272727272727,0.7272727272727273,0.0,1.0,0.18181818181818182,0.8181818181818182,0.0,0.0,1.0,0.0,0.0,1.0,0.0,0.0,0.18181818181818182,0.0,0.8181818181818182
SOLEDAD,2023,10,40,14,0.42857142857142855,0.14285714285714285,0.14285714285714285,0.07142857142857142,0.21428571428571427,0.0,0.0,0.35714285714285715,0.0,0.0,0.0,0.0,0.6428571428571429,1.0,0.0,0.5714285714285714,0.42857142857142855,0.0,1.0,0.2857142857142857,0.7142857142857143,0.0,0.0,1.0,0.0,0.0,1.0,0.0,0.0,0.5,0.0,0.5
SOLEDAD,2023,11,41,8,0.375,0.125,0.0,0.0,0.375,0.0,0.125,0.375,0.0,0.125,0.0,0.0,0.5,1.0,0.0,0.375,0.625,0.0,1.0,0.375,0.625,0.0,0.0,1.0,0.0,0.0,1.0,0.0,0.0,0.5,0.0,0.5
SOLEDAD,2023,11,42,10,0.5,0.2,0.1,0.0,0.0,0.0,0.2,0.5,0.0,0.1,0.0,0.0,0.4,1.0,0.0,0.3,0.7,0.0,1.0,0.4,0.6,0.0,0.0,1.0,0.0,0.0,1.0,0.0,0.0,0.5,0.0,0.5
SOLEDAD,2023,11,43,14,0.5714285714285714,0.21428571428571427,0.0,0.0,0.07142857142857142,0.0,0.14285714285714285,0.42857142857142855,0.0,0.07142857142857142,0.0,0.0,0.5,1.0,0.0,0.42857142857142855,0.5714285714285714,0.0,1.0,0.5,0.5,0.0,0.0,1.0,0.0,0.0,1.0,0.0,0.0,0.5,0.0,0.5
SOLEDAD,2023,11,44,13,0.46153846153846156,0.3076923076923077,0.15384615384615385,0.0,0.07692307692307693,0.0,0.0,0.7692307692307693,0.0,0.0,0.0,0.07692307692307693,0.15384615384615385,1.0,0.0,0.38461538461538464,0.6153846153846154,0.0,1.0,0.38461538461538464,0.6153846153846154,0.0,0.0,1.0,0.0,0.0,1.0,0.0,0.0,0.5384615384615384,0.0,0.46153846153846156
SOLEDAD,2023,12,45,18,0.3888888888888889,0.3888888888888889,0.0,0.0,0.2222222222222222,0.0,0.0,0.3888888888888889,0.0,0.05555555555555555,0.0,0.0,0.5555555555555556,1.0,0.0,0.5555555555555556,0.4444444444444444,0.0,1.0,0.3888888888888889,0.6111111111111112,0.0,0.0,1.0,0.0,0.0,1.0,0.0,0.0,0.3333333333333333,0.0,0.6666666666666666
SOLEDAD,2023,12,46,12,0.16666666666666666,0.25,0.16666666666666666,0.08333333333333333,0.3333333333333333,0.0,0.0,0.25,0.08333333333333333,0.16666666666666666,0.0,0.08333333333333333,0.4166666666666667,1.0,0.0,0.4166666666666667,0.5833333333333334,0.0,1.0,0.5833333333333334,0.4166666666666667,0.0,0.0,1.0,0.0,0.0,1.0,0.0,0.0,0.4166666666666667,0.0,0.5833333333333334
SOLEDAD,2023,12,47,18,0.4444444444444444,0.3333333333333333,0.05555555555555555,0.0,0.16666666666666666,0.0,0.0,0.6666666666666666,0.0,0.1111111111111111,0.0,0.0,0.2222222222222222,1.0,0.0,0.5,0.5,0.0,1.0,0.5555555555555556,0.4444444444444444,0.0,0.0,1.0,0.0,0.0,1.0,0.0,0.0,0.5,0.0,0.5
SOLEDAD,2023,12,48,20,0.4,0.4,0.05,0.0,0.15,0.0,0.0,0.45,0.0,0.05,0.0,0.05,0.45,1.0,0.0,0.45,0.55,0.0,1.0,0.35,0.65,0.0,0.0,1.0,0.0,0.0,1.0,0.0,0.0,0.5,0.0,0.5
SOLEDAD,2023,13,49,19,0.47368421052631576,0.21052631578947367,0.05263157894736842,0.0,0.15789473684210525,0.0,0.10526315789473684,0.42105263157894735,0.0,0.0,0.0,0.0,0.5789473684210527,1.0,0.0,0.42105263157894735,0.5789473684210527,0.0,1.0,0.5263157894736842,0.47368421052631576,0.0,0.0,1.0,0.0,0.0,1.0,0.0,0.0,0.5789473684210527,0.0,0.42105263157894735
SOLEDAD,2023,13,50,20,0.55,0.35,0.0,0.0,0.1,0.0,0.0,0.45,0.0,0.0,0.0,0.0,0.55,1.0,0.0,0.45,0.55,0.0,1.0,0.5,0.5,0.0,0.0,1.0,0.0,0.0,1.0,0.0,0.0,0.45,0.0,0.55
SOLEDAD,2023,13,51,13,0.46153846153846156,0.3076923076923077,0.0,0.0,0.23076923076923078,0.0,0.0,0.38461538461538464,0.0,0.0,0.0,0.0,0.6153846153846154,1.0,0.0,0.3076923076923077,0.6923076923076923,0.0,1.0,0.23076923076923078,0.7692307692307693,0.0,0.0,1.0,0.0,0.0,1.0,0.0,0.0,0.38461538461538464,0.0,0.6153846153846154
SOLEDAD,2023,13,52,2,0.5,0.5,0.0,0.0,0.0,0.0,0.0,0.0,0.0,0.0,0.0,0.0,1.0,1.0,0.0,0.5,0.5,0.0,1.0,1.0,0.0,0.0,0.0,1.0,0.0,0.0,1.0,0.0,0.0,0.0,0.0,1.0
SUAN,2018,6,23,1,0.0,0.0,0.0,0.0,1.0,0.0,0.0,1.0,0.0,0.0,0.0,0.0,0.0,1.0,0.0,1.0,0.0,0.0,1.0,1.0,0.0,0.0,0.0,0.0,0.0,1.0,1.0,0.0,0.0,0.0,0.0,1.0
SUAN,2019,1,2,1,0.0,0.0,0.0,0.0,0.0,0.0,1.0,0.0,0.0,0.0,0.0,0.0,1.0,1.0,0.0,1.0,0.0,0.0,1.0,1.0,0.0,0.0,0.0,0.0,0.0,1.0,1.0,0.0,0.0,0.0,0.0,1.0
SUAN,2019,2,8,1,0.0,0.0,0.0,0.0,1.0,0.0,0.0,0.0,0.0,0.0,0.0,0.0,1.0,1.0,0.0,1.0,0.0,0.0,1.0,1.0,0.0,0.0,0.0,0.0,0.0,1.0,1.0,0.0,0.0,0.0,0.0,1.0
SUAN,2019,6,23,1,1.0,0.0,0.0,0.0,0.0,0.0,0.0,0.0,0.0,0.0,0.0,0.0,1.0,1.0,0.0,1.0,0.0,0.0,1.0,1.0,0.0,0.0,0.0,0.0,0.0,1.0,1.0,0.0,0.0,0.0,0.0,1.0
SUAN,2019,7,28,2,0.5,0.0,0.0,0.0,0.5,0.0,0.0,0.0,0.0,0.0,0.0,0.0,1.0,1.0,0.0,0.5,0.5,0.0,1.0,1.0,0.0,0.0,0.0,0.0,0.0,1.0,1.0,0.0,0.0,0.0,0.5,0.5
SUAN,2019,8,31,1,1.0,0.0,0.0,0.0,0.0,0.0,0.0,0.0,0.0,0.0,0.0,0.0,1.0,1.0,0.0,1.0,0.0,0.0,1.0,0.0,1.0,0.0,0.0,0.0,0.0,1.0,1.0,0.0,0.0,0.0,0.0,1.0
SUAN,2019,9,33,1,1.0,0.0,0.0,0.0,0.0,0.0,0.0,0.0,0.0,0.0,0.0,0.0,1.0,1.0,0.0,1.0,0.0,0.0,1.0,0.0,1.0,0.0,0.0,0.0,0.0,1.0,1.0,0.0,0.0,0.0,0.0,1.0
SUAN,2019,9,34,1,1.0,0.0,0.0,0.0,0.0,0.0,0.0,0.0,0.0,0.0,0.0,0.0,1.0,1.0,0.0,1.0,0.0,0.0,1.0,0.0,1.0,0.0,0.0,0.0,0.0,1.0,1.0,0.0,0.0,0.0,0.0,1.0
SUAN,2019,9,36,3,0.0,0.0,0.0,0.0,0.6666666666666666,0.0,0.3333333333333333,0.3333333333333333,0.0,0.0,0.3333333333333333,0.0,0.3333333333333333,1.0,0.0,0.6666666666666666,0.3333333333333333,0.0,1.0,0.3333333333333333,0.6666666666666666,0.0,0.0,0.0,0.0,1.0,1.0,0.0,0.0,0.0,0.0,1.0
SUAN,2019,10,38,1,0.0,0.0,0.0,0.0,1.0,0.0,0.0,1.0,0.0,0.0,0.0,0.0,0.0,1.0,0.0,0.0,1.0,0.0,1.0,0.0,1.0,0.0,0.0,0.0,0.0,1.0,1.0,0.0,0.0,1.0,0.0,0.0
SUAN,2019,11,44,1,1.0,0.0,0.0,0.0,0.0,0.0,0.0,0.0,0.0,0.0,0.0,0.0,1.0,1.0,0.0,1.0,0.0,0.0,1.0,0.0,1.0,0.0,0.0,0.0,0.0,1.0,1.0,0.0,0.0,0.0,0.0,1.0
SUAN,2019,12,45,1,0.0,0.0,0.0,0.0,0.0,0.0,1.0,0.0,0.0,0.0,0.0,0.0,1.0,1.0,0.0,1.0,0.0,0.0,1.0,0.0,1.0,0.0,0.0,0.0,0.0,1.0,1.0,0.0,0.0,0.0,0.0,1.0
SUAN,2019,12,47,2,0.0,0.0,0.0,0.0,1.0,0.0,0.0,0.0,0.0,0.0,0.0,0.0,1.0,1.0,0.0,0.0,1.0,0.0,1.0,1.0,0.0,0.0,0.0,0.0,0.0,1.0,1.0,0.0,0.0,0.0,0.0,1.0
SUAN,2019,12,48,1,0.0,0.0,0.0,0.0,1.0,0.0,0.0,1.0,0.0,0.0,0.0,0.0,0.0,1.0,0.0,0.0,1.0,0.0,1.0,0.0,1.0,0.0,0.0,0.0,0.0,1.0,1.0,0.0,0.0,1.0,0.0,0.0
SUAN,2019,13,50,1,0.0,0.0,0.0,0.0,0.0,0.0,1.0,0.0,0.0,0.0,0.0,0.0,1.0,1.0,0.0,1.0,0.0,0.0,1.0,1.0,0.0,0.0,0.0,0.0,0.0,1.0,1.0,0.0,0.0,0.0,0.0,1.0
SUAN,2019,13,51,1,0.0,1.0,0.0,0.0,0.0,0.0,0.0,0.0,0.0,0.0,0.0,0.0,1.0,1.0,0.0,1.0,0.0,0.0,1.0,0.0,1.0,0.0,0.0,0.0,0.0,1.0,1.0,0.0,0.0,0.0,0.0,1.0
SUAN,2019,13,52,1,0.0,0.0,0.0,0.0,0.0,0.0,1.0,0.0,0.0,0.0,0.0,0.0,1.0,1.0,0.0,1.0,0.0,0.0,1.0,1.0,0.0,0.0,0.0,0.0,0.0,1.0,1.0,0.0,0.0,0.0,0.0,1.0
SUAN,2020,1,1,4,1.0,0.0,0.0,0.0,0.0,0.0,0.0,0.5,0.0,0.25,0.0,0.0,0.25,1.0,0.0,0.75,0.25,0.0,1.0,0.25,0.75,0.0,0.0,0.0,0.0,1.0,1.0,0.0,0.0,0.25,0.0,0.75
SUAN,2020,1,2,3,0.6666666666666666,0.0,0.0,0.0,0.3333333333333333,0.0,0.0,1.0,0.0,0.0,0.0,0.0,0.0,1.0,0.0,1.0,0.0,0.0,1.0,0.6666666666666666,0.3333333333333333,0.0,0.0,0.0,0.0,1.0,1.0,0.0,0.0,0.0,0.0,1.0
SUAN,2020,1,3,2,1.0,0.0,0.0,0.0,0.0,0.0,0.0,1.0,0.0,0.0,0.0,0.0,0.0,1.0,0.0,1.0,0.0,0.0,1.0,0.5,0.5,0.0,0.0,0.0,0.0,1.0,1.0,0.0,0.0,0.0,0.0,1.0
SUAN,2020,2,7,3,1.0,0.0,0.0,0.0,0.0,0.0,0.0,0.6666666666666666,0.0,0.0,0.0,0.0,0.3333333333333333,1.0,0.0,1.0,0.0,0.0,1.0,0.0,1.0,0.0,0.0,0.0,0.0,1.0,1.0,0.0,0.0,0.0,0.0,1.0
SUAN,2020,3,9,1,1.0,0.0,0.0,0.0,0.0,0.0,0.0,1.0,0.0,0.0,0.0,0.0,0.0,1.0,0.0,1.0,0.0,0.0,1.0,0.0,1.0,0.0,0.0,0.0,0.0,1.0,1.0,0.0,0.0,0.0,0.0,1.0
SUAN,2020,4,13,1,1.0,0.0,0.0,0.0,0.0,0.0,0.0,0.0,0.0,0.0,0.0,0.0,1.0,1.0,0.0,0.0,1.0,0.0,1.0,0.0,1.0,0.0,0.0,0.0,0.0,1.0,1.0,0.0,0.0,0.0,0.0,1.0
SUAN,2020,4,16,1,0.0,0.0,0.0,0.0,0.0,0.0,1.0,1.0,0.0,0.0,0.0,0.0,0.0,1.0,0.0,1.0,0.0,0.0,1.0,1.0,0.0,0.0,0.0,0.0,0.0,1.0,1.0,0.0,0.0,0.0,0.0,1.0
SUAN,2021,11,42,1,0.0,0.0,0.0,0.0,1.0,0.0,0.0,0.0,0.0,0.0,0.0,0.0,1.0,1.0,0.0,1.0,0.0,0.0,1.0,0.0,1.0,0.0,0.0,0.0,0.0,1.0,1.0,0.0,0.0,0.0,0.0,1.0
SUAN,2021,12,48,1,1.0,0.0,0.0,0.0,0.0,0.0,0.0,0.0,0.0,0.0,0.0,0.0,1.0,1.0,0.0,1.0,0.0,0.0,1.0,0.0,1.0,0.0,0.0,0.0,0.0,1.0,1.0,0.0,0.0,0.0,0.0,1.0
SUAN,2021,13,49,1,0.0,0.0,0.0,0.0,0.0,0.0,1.0,1.0,0.0,0.0,0.0,0.0,0.0,1.0,0.0,1.0,0.0,0.0,1.0,1.0,0.0,0.0,0.0,0.0,0.0,1.0,1.0,0.0,0.0,0.0,0.0,1.0
SUAN,2021,13,51,1,0.0,0.0,0.0,0.0,0.0,0.0,1.0,0.0,0.0,0.0,0.0,0.0,1.0,1.0,0.0,1.0,0.0,0.0,1.0,0.0,1.0,0.0,0.0,0.0,0.0,1.0,1.0,0.0,0.0,0.0,0.0,1.0
SUAN,2022,1,3,2,0.5,0.0,0.5,0.0,0.0,0.0,0.0,0.5,0.0,0.0,0.0,0.0,0.5,1.0,0.0,1.0,0.0,0.0,1.0,0.5,0.5,0.0,0.0,0.0,0.0,1.0,1.0,0.0,0.0,0.0,0.0,1.0
SUAN,2022,1,4,2,0.0,0.0,0.5,0.0,0.5,0.0,0.0,0.0,0.0,0.0,0.0,0.0,1.0,1.0,0.0,0.5,0.5,0.0,1.0,0.5,0.5,0.0,0.0,0.0,0.0,1.0,1.0,0.0,0.0,0.5,0.0,0.5
SUAN,2022,2,5,1,0.0,0.0,0.0,0.0,0.0,0.0,1.0,0.0,0.0,0.0,0.0,0.0,1.0,1.0,0.0,1.0,0.0,0.0,1.0,1.0,0.0,0.0,0.0,0.0,0.0,1.0,1.0,0.0,0.0,0.0,0.0,1.0
SUAN,2022,2,6,5,0.2,0.0,0.0,0.0,0.4,0.0,0.4,0.0,0.0,0.0,0.0,0.0,1.0,1.0,0.0,1.0,0.0,0.0,1.0,0.6,0.4,0.0,0.0,0.0,0.0,1.0,1.0,0.0,0.0,0.0,0.0,1.0
SUAN,2022,2,7,5,0.8,0.2,0.0,0.0,0.0,0.0,0.0,0.0,0.0,0.2,0.0,0.0,0.8,1.0,0.0,0.6,0.4,0.0,1.0,0.4,0.6,0.0,0.0,0.0,0.0,1.0,1.0,0.0,0.0,0.4,0.0,0.6
SUAN,2022,2,8,1,0.0,0.0,0.0,0.0,1.0,0.0,0.0,0.0,0.0,1.0,0.0,0.0,0.0,1.0,0.0,1.0,0.0,0.0,1.0,1.0,0.0,0.0,0.0,0.0,0.0,1.0,1.0,0.0,0.0,1.0,0.0,0.0
SUAN,2022,3,9,2,0.0,0.5,0.0,0.0,0.5,0.0,0.0,0.0,0.0,0.0,0.0,0.0,1.0,1.0,0.0,0.5,0.5,0.0,1.0,0.5,0.5,0.0,0.0,0.0,0.0,1.0,1.0,0.0,0.0,0.0,0.0,1.0
SUAN,2022,3,10,4,0.0,0.0,0.0,0.0,0.5,0.0,0.5,0.25,0.0,0.25,0.0,0.0,0.5,1.0,0.0,0.5,0.5,0.0,1.0,0.25,0.75,0.0,0.0,0.0,0.0,1.0,1.0,0.0,0.0,0.0,0.0,1.0
SUAN,2022,3,11,1,0.0,0.0,0.0,0.0,1.0,0.0,0.0,0.0,0.0,0.0,0.0,0.0,1.0,1.0,0.0,0.0,1.0,0.0,1.0,1.0,0.0,0.0,0.0,0.0,0.0,1.0,1.0,0.0,0.0,1.0,0.0,0.0
SUAN,2022,4,14,1,0.0,0.0,0.0,0.0,1.0,0.0,0.0,0.0,0.0,0.0,0.0,0.0,1.0,1.0,0.0,1.0,0.0,0.0,1.0,0.0,1.0,0.0,0.0,0.0,0.0,1.0,1.0,0.0,0.0,0.0,0.0,1.0
SUAN,2022,4,16,1,1.0,0.0,0.0,0.0,0.0,0.0,0.0,0.0,0.0,0.0,0.0,0.0,1.0,1.0,0.0,1.0,0.0,0.0,1.0,0.0,1.0,0.0,0.0,0.0,0.0,1.0,1.0,0.0,0.0,0.0,0.0,1.0
SUAN,2022,5,18,1,1.0,0.0,0.0,0.0,0.0,0.0,0.0,0.0,0.0,0.0,0.0,0.0,1.0,1.0,0.0,1.0,0.0,0.0,1.0,1.0,0.0,0.0,0.0,0.0,0.0,1.0,1.0,0.0,0.0,0.0,0.0,1.0
SUAN,2022,5,19,1,1.0,0.0,0.0,0.0,0.0,0.0,0.0,0.0,0.0,0.0,0.0,0.0,1.0,1.0,0.0,1.0,0.0,0.0,1.0,0.0,1.0,0.0,0.0,0.0,0.0,1.0,1.0,0.0,0.0,0.0,0.0,1.0
SUAN,2022,5,20,3,0.3333333333333333,0.0,0.0,0.0,0.6666666666666666,0.0,0.0,0.0,0.0,0.0,0.0,0.0,1.0,1.0,0.0,1.0,0.0,0.0,1.0,0.0,1.0,0.0,0.0,0.0,0.0,1.0,0.6666666666666666,0.0,0.3333333333333333,0.0,0.0,1.0
SUAN,2022,6,21,2,0.5,0.0,0.0,0.0,0.5,0.0,0.0,0.0,0.0,0.0,0.0,0.0,1.0,1.0,0.0,1.0,0.0,0.0,1.0,0.5,0.5,0.0,0.0,0.0,0.0,1.0,1.0,0.0,0.0,0.0,0.0,1.0
SUAN,2022,6,22,3,0.3333333333333333,0.0,0.0,0.0,0.6666666666666666,0.0,0.0,0.3333333333333333,0.0,0.0,0.0,0.3333333333333333,0.3333333333333333,1.0,0.0,1.0,0.0,0.0,1.0,0.6666666666666666,0.3333333333333333,0.0,0.0,0.0,0.0,1.0,1.0,0.0,0.0,0.0,0.0,1.0
SUAN,2022,6,23,5,0.2,0.4,0.0,0.0,0.4,0.0,0.0,0.2,0.0,0.0,0.0,0.2,0.6,0.6,0.4,0.6,0.4,0.0,1.0,0.4,0.6,0.0,0.0,0.0,0.0,1.0,1.0,0.0,0.0,0.0,0.0,1.0
SUAN,2022,6,24,4,0.25,0.0,0.0,0.0,0.75,0.0,0.0,0.0,0.0,0.0,0.0,0.0,1.0,0.5,0.5,0.5,0.5,0.0,1.0,0.75,0.25,0.0,0.0,0.0,0.0,1.0,1.0,0.0,0.0,0.0,0.0,1.0
SUAN,2022,7,25,4,0.25,0.0,0.25,0.0,0.5,0.0,0.0,0.0,0.0,0.0,0.0,0.0,1.0,1.0,0.0,1.0,0.0,0.0,1.0,0.5,0.5,0.0,0.0,0.0,0.0,1.0,1.0,0.0,0.0,0.0,0.0,1.0
SUAN,2022,7,26,1,1.0,0.0,0.0,0.0,0.0,0.0,0.0,0.0,0.0,0.0,0.0,0.0,1.0,1.0,0.0,1.0,0.0,0.0,1.0,0.0,1.0,0.0,0.0,0.0,0.0,1.0,1.0,0.0,0.0,0.0,0.0,1.0
SUAN,2022,7,27,1,1.0,0.0,0.0,0.0,0.0,0.0,0.0,0.0,0.0,0.0,0.0,0.0,1.0,1.0,0.0,0.0,1.0,0.0,1.0,1.0,0.0,0.0,0.0,0.0,0.0,1.0,1.0,0.0,0.0,0.0,0.0,1.0
SUAN,2022,7,28,1,0.0,0.0,0.0,0.0,1.0,0.0,0.0,0.0,0.0,0.0,0.0,0.0,1.0,1.0,0.0,0.0,1.0,0.0,1.0,0.0,1.0,0.0,0.0,0.0,0.0,1.0,1.0,0.0,0.0,0.0,0.0,1.0
SUAN,2022,8,29,3,0.6666666666666666,0.3333333333333333,0.0,0.0,0.0,0.0,0.0,0.0,0.0,0.0,0.0,0.0,1.0,1.0,0.0,0.6666666666666666,0.3333333333333333,0.0,1.0,0.3333333333333333,0.6666666666666666,0.0,0.0,0.0,0.0,1.0,1.0,0.0,0.0,0.3333333333333333,0.0,0.6666666666666666
SUAN,2022,8,30,1,1.0,0.0,0.0,0.0,0.0,0.0,0.0,1.0,0.0,0.0,0.0,0.0,0.0,1.0,0.0,0.0,1.0,0.0,1.0,0.0,1.0,0.0,0.0,0.0,0.0,1.0,1.0,0.0,0.0,0.0,0.0,1.0
SUAN,2022,8,31,5,0.8,0.0,0.0,0.0,0.2,0.0,0.0,0.2,0.0,0.0,0.0,0.0,0.8,1.0,0.0,0.2,0.8,0.0,1.0,0.2,0.8,0.0,0.0,0.0,0.0,1.0,1.0,0.0,0.0,0.0,0.0,1.0
SUAN,2022,8,32,1,1.0,0.0,0.0,0.0,0.0,0.0,0.0,0.0,0.0,0.0,0.0,0.0,1.0,1.0,0.0,0.0,1.0,0.0,1.0,1.0,0.0,0.0,0.0,0.0,0.0,1.0,1.0,0.0,0.0,0.0,0.0,1.0
SUAN,2022,9,34,1,0.0,1.0,0.0,0.0,0.0,0.0,0.0,1.0,0.0,0.0,0.0,0.0,0.0,1.0,0.0,0.0,1.0,0.0,1.0,0.0,1.0,0.0,0.0,0.0,0.0,1.0,1.0,0.0,0.0,1.0,0.0,0.0
SUAN,2022,9,35,1,0.0,1.0,0.0,0.0,0.0,0.0,0.0,0.0,0.0,1.0,0.0,0.0,0.0,1.0,0.0,0.0,1.0,0.0,1.0,0.0,1.0,0.0,0.0,0.0,0.0,1.0,1.0,0.0,0.0,1.0,0.0,0.0
SUAN,2022,9,36,1,1.0,0.0,0.0,0.0,0.0,0.0,0.0,0.0,0.0,0.0,0.0,0.0,1.0,1.0,0.0,0.0,1.0,0.0,1.0,0.0,1.0,0.0,0.0,0.0,0.0,1.0,1.0,0.0,0.0,0.0,0.0,1.0
SUAN,2022,10,37,1,0.0,0.0,0.0,0.0,1.0,0.0,0.0,0.0,0.0,0.0,0.0,0.0,1.0,1.0,0.0,1.0,0.0,0.0,1.0,0.0,1.0,0.0,0.0,0.0,0.0,1.0,1.0,0.0,0.0,0.0,0.0,1.0
SUAN,2023,6,23,1,1.0,0.0,0.0,0.0,0.0,0.0,0.0,0.0,0.0,0.0,0.0,0.0,1.0,1.0,0.0,1.0,0.0,0.0,1.0,1.0,0.0,0.0,0.0,0.0,0.0,1.0,1.0,0.0,0.0,0.0,0.0,1.0
SUAN,2023,6,24,1,0.0,1.0,0.0,0.0,0.0,0.0,0.0,0.0,0.0,0.0,0.0,0.0,1.0,1.0,0.0,1.0,0.0,0.0,1.0,1.0,0.0,0.0,0.0,0.0,0.0,1.0,1.0,0.0,0.0,0.0,0.0,1.0
SUAN,2023,8,30,1,0.0,0.0,0.0,0.0,0.0,0.0,1.0,0.0,0.0,0.0,0.0,0.0,1.0,1.0,0.0,1.0,0.0,0.0,1.0,0.0,1.0,0.0,0.0,0.0,0.0,1.0,1.0,0.0,0.0,0.0,0.0,1.0
SUAN,2023,9,34,2,0.5,0.0,0.0,0.0,0.0,0.0,0.5,0.0,0.0,0.0,0.0,0.0,1.0,1.0,0.0,1.0,0.0,0.0,1.0,0.5,0.5,0.0,0.0,0.0,0.0,1.0,1.0,0.0,0.0,0.0,0.0,1.0
SUAN,2023,9,35,2,0.0,0.0,0.0,0.0,0.0,0.0,1.0,0.0,0.0,0.0,0.0,0.0,1.0,1.0,0.0,1.0,0.0,0.0,1.0,0.0,1.0,0.0,0.0,0.0,0.0,1.0,1.0,0.0,0.0,0.0,0.0,1.0
SUAN,2023,10,38,1,1.0,0.0,0.0,0.0,0.0,0.0,0.0,1.0,0.0,0.0,0.0,0.0,0.0,1.0,0.0,0.0,1.0,0.0,1.0,1.0,0.0,0.0,0.0,0.0,0.0,1.0,1.0,0.0,0.0,1.0,0.0,0.0
SUAN,2023,10,39,1,1.0,0.0,0.0,0.0,0.0,0.0,0.0,0.0,0.0,0.0,0.0,0.0,1.0,1.0,0.0,1.0,0.0,0.0,1.0,0.0,1.0,0.0,0.0,0.0,0.0,1.0,1.0,0.0,0.0,0.0,0.0,1.0
SUAN,2023,10,40,1,0.0,0.0,0.0,0.0,1.0,0.0,0.0,0.0,0.0,0.0,0.0,0.0,1.0,1.0,0.0,1.0,0.0,0.0,1.0,0.0,1.0,0.0,0.0,0.0,0.0,1.0,1.0,0.0,0.0,0.0,0.0,1.0
SUAN,2023,12,45,3,0.0,0.0,0.0,0.0,1.0,0.0,0.0,0.3333333333333333,0.0,0.0,0.0,0.0,0.6666666666666666,1.0,0.0,0.6666666666666666,0.3333333333333333,0.0,1.0,0.6666666666666666,0.3333333333333333,0.0,0.0,0.0,0.0,1.0,1.0,0.0,0.0,0.0,0.0,1.0
SUAN,2023,12,47,1,1.0,0.0,0.0,0.0,0.0,0.0,0.0,0.0,0.0,0.0,0.0,0.0,1.0,1.0,0.0,1.0,0.0,0.0,1.0,0.0,1.0,0.0,0.0,0.0,0.0,1.0,1.0,0.0,0.0,0.0,0.0,1.0
TUBARÁ,2017,5,17,1,0.0,0.0,1.0,0.0,0.0,0.0,0.0,0.0,0.0,0.0,0.0,0.0,1.0,1.0,0.0,1.0,0.0,0.0,1.0,0.0,1.0,0.0,1.0,0.0,0.0,0.0,1.0,0.0,0.0,0.0,0.0,1.0
TUBARÁ,2017,11,44,2,0.5,0.5,0.0,0.0,0.0,0.0,0.0,0.5,0.0,0.0,0.0,0.0,0.5,1.0,0.0,0.5,0.5,0.0,1.0,0.5,0.5,0.0,1.0,0.0,0.0,0.0,0.5,0.0,0.5,0.5,0.0,0.5
TUBARÁ,2017,12,45,3,0.0,0.6666666666666666,0.3333333333333333,0.0,0.0,0.0,0.0,0.6666666666666666,0.0,0.0,0.0,0.0,0.3333333333333333,0.6666666666666666,0.3333333333333333,1.0,0.0,0.0,1.0,0.3333333333333333,0.6666666666666666,0.0,1.0,0.0,0.0,0.0,0.0,0.0,1.0,0.0,0.0,1.0
TUBARÁ,2017,12,46,1,0.0,0.0,1.0,0.0,0.0,0.0,0.0,0.0,0.0,0.0,0.0,0.0,1.0,1.0,0.0,1.0,0.0,0.0,1.0,0.0,1.0,0.0,1.0,0.0,0.0,0.0,0.0,0.0,1.0,0.0,0.0,1.0
TUBARÁ,2017,12,47,2,0.5,0.5,0.0,0.0,0.0,0.0,0.0,0.0,0.0,0.0,0.0,0.0,1.0,1.0,0.0,1.0,0.0,0.0,1.0,0.5,0.5,0.0,1.0,0.0,0.0,0.0,0.0,0.0,1.0,0.0,0.0,1.0
TUBARÁ,2017,12,48,1,0.0,1.0,0.0,0.0,0.0,0.0,0.0,1.0,0.0,0.0,0.0,0.0,0.0,1.0,0.0,1.0,0.0,0.0,1.0,1.0,0.0,0.0,1.0,0.0,0.0,0.0,0.0,1.0,0.0,0.0,0.0,1.0
TUBARÁ,2018,7,27,1,0.0,1.0,0.0,0.0,0.0,0.0,0.0,1.0,0.0,0.0,0.0,0.0,0.0,1.0,0.0,0.0,1.0,0.0,1.0,0.0,1.0,0.0,1.0,0.0,0.0,0.0,1.0,0.0,0.0,1.0,0.0,0.0
TUBARÁ,2018,8,30,1,1.0,0.0,0.0,0.0,0.0,0.0,0.0,1.0,0.0,0.0,0.0,0.0,0.0,1.0,0.0,1.0,0.0,0.0,1.0,1.0,0.0,0.0,1.0,0.0,0.0,0.0,1.0,0.0,0.0,1.0,0.0,0.0
TUBARÁ,2018,8,32,2,0.0,0.0,0.0,0.0,1.0,0.0,0.0,1.0,0.0,0.0,0.0,0.0,0.0,1.0,0.0,1.0,0.0,0.0,1.0,0.5,0.5,0.0,1.0,0.0,0.0,0.0,0.0,1.0,0.0,0.0,1.0,0.0
TUBARÁ,2018,9,36,2,0.0,1.0,0.0,0.0,0.0,0.0,0.0,1.0,0.0,0.0,0.0,0.0,0.0,1.0,0.0,1.0,0.0,0.0,1.0,0.0,1.0,0.0,1.0,0.0,0.0,0.0,0.0,1.0,0.0,0.0,0.5,0.5
TUBARÁ,2018,10,37,1,0.0,0.0,0.0,0.0,0.0,0.0,1.0,0.0,0.0,0.0,0.0,0.0,1.0,1.0,0.0,1.0,0.0,0.0,1.0,0.0,1.0,0.0,1.0,0.0,0.0,0.0,0.0,1.0,0.0,0.0,0.0,1.0
TUBARÁ,2018,10,38,1,0.0,0.0,0.0,0.0,1.0,0.0,0.0,1.0,0.0,0.0,0.0,0.0,0.0,1.0,0.0,1.0,0.0,0.0,1.0,0.0,1.0,0.0,1.0,0.0,0.0,0.0,0.0,1.0,0.0,0.0,0.0,1.0
TUBARÁ,2018,10,40,1,1.0,0.0,0.0,0.0,0.0,0.0,0.0,0.0,0.0,0.0,0.0,0.0,1.0,1.0,0.0,1.0,0.0,0.0,1.0,0.0,1.0,0.0,1.0,0.0,0.0,0.0,0.0,1.0,0.0,0.0,0.0,1.0
TUBARÁ,2018,11,43,1,1.0,0.0,0.0,0.0,0.0,0.0,0.0,0.0,0.0,0.0,0.0,0.0,1.0,1.0,0.0,0.0,1.0,0.0,1.0,0.0,1.0,0.0,1.0,0.0,0.0,0.0,1.0,0.0,0.0,0.0,0.0,1.0
TUBARÁ,2018,13,49,1,0.0,0.0,0.0,0.0,1.0,0.0,0.0,1.0,0.0,0.0,0.0,0.0,0.0,1.0,0.0,0.0,1.0,0.0,1.0,1.0,0.0,0.0,1.0,0.0,0.0,0.0,1.0,0.0,0.0,1.0,0.0,0.0
TUBARÁ,2019,1,3,1,0.0,1.0,0.0,0.0,0.0,0.0,0.0,0.0,0.0,0.0,0.0,0.0,1.0,0.0,1.0,0.0,1.0,0.0,1.0,1.0,0.0,0.0,1.0,0.0,0.0,0.0,0.0,1.0,0.0,1.0,0.0,0.0
TUBARÁ,2019,7,28,1,0.0,0.0,0.0,0.0,1.0,0.0,0.0,0.0,0.0,0.0,0.0,0.0,1.0,1.0,0.0,1.0,0.0,0.0,1.0,1.0,0.0,0.0,1.0,0.0,0.0,0.0,0.0,1.0,0.0,0.0,0.0,1.0
TUBARÁ,2019,11,41,2,0.0,1.0,0.0,0.0,0.0,0.0,0.0,0.5,0.0,0.0,0.0,0.0,0.5,1.0,0.0,0.0,1.0,0.0,1.0,0.0,1.0,0.0,1.0,0.0,0.0,0.0,1.0,0.0,0.0,0.0,0.0,1.0
TUBARÁ,2020,1,3,1,0.0,0.0,0.0,0.0,1.0,0.0,0.0,0.0,0.0,0.0,0.0,0.0,1.0,1.0,0.0,1.0,0.0,0.0,1.0,1.0,0.0,0.0,1.0,0.0,0.0,0.0,0.0,1.0,0.0,1.0,0.0,0.0
TUBARÁ,2020,1,4,3,0.3333333333333333,0.0,0.0,0.0,0.6666666666666666,0.0,0.0,0.3333333333333333,0.0,0.0,0.0,0.0,0.6666666666666666,1.0,0.0,0.6666666666666666,0.3333333333333333,0.0,1.0,0.6666666666666666,0.3333333333333333,0.0,1.0,0.0,0.0,0.0,0.3333333333333333,0.6666666666666666,0.0,0.6666666666666666,0.0,0.3333333333333333
TUBARÁ,2020,2,6,8,0.625,0.125,0.0,0.0,0.125,0.0,0.125,0.375,0.0,0.0,0.0,0.0,0.625,1.0,0.0,0.75,0.25,0.0,1.0,0.625,0.375,0.0,1.0,0.0,0.0,0.0,0.125,0.875,0.0,1.0,0.0,0.0
TUBARÁ,2020,2,7,2,0.5,0.0,0.0,0.0,0.5,0.0,0.0,1.0,0.0,0.0,0.0,0.0,0.0,1.0,0.0,0.5,0.5,0.0,1.0,1.0,0.0,0.0,1.0,0.0,0.0,0.0,0.5,0.5,0.0,0.5,0.0,0.5
TUBARÁ,2020,3,10,1,0.0,0.0,0.0,0.0,1.0,0.0,0.0,1.0,0.0,0.0,0.0,0.0,0.0,1.0,0.0,0.0,1.0,0.0,1.0,1.0,0.0,0.0,1.0,0.0,0.0,0.0,1.0,0.0,0.0,1.0,0.0,0.0
TUBARÁ,2020,6,23,1,0.0,1.0,0.0,0.0,0.0,0.0,0.0,0.0,0.0,0.0,0.0,0.0,1.0,1.0,0.0,1.0,0.0,0.0,1.0,0.0,1.0,0.0,1.0,0.0,0.0,0.0,0.0,0.0,1.0,1.0,0.0,0.0
TUBARÁ,2020,7,26,1,0.0,1.0,0.0,0.0,0.0,0.0,0.0,1.0,0.0,0.0,0.0,0.0,0.0,0.0,1.0,1.0,0.0,1.0,0.0,1.0,0.0,0.0,1.0,0.0,0.0,0.0,1.0,0.0,0.0,0.0,0.0,1.0
TUBARÁ,2021,5,18,1,0.0,0.0,0.0,0.0,1.0,0.0,0.0,1.0,0.0,0.0,0.0,0.0,0.0,1.0,0.0,0.0,1.0,0.0,1.0,0.0,1.0,0.0,1.0,0.0,0.0,0.0,1.0,0.0,0.0,0.0,0.0,1.0
TUBARÁ,2021,9,35,1,0.0,0.0,1.0,0.0,0.0,0.0,0.0,0.0,0.0,0.0,1.0,0.0,0.0,1.0,0.0,1.0,0.0,0.0,1.0,0.0,1.0,0.0,1.0,0.0,0.0,0.0,1.0,0.0,0.0,1.0,0.0,0.0
TUBARÁ,2021,11,41,2,0.5,0.5,0.0,0.0,0.0,0.0,0.0,0.5,0.0,0.0,0.0,0.0,0.5,1.0,0.0,0.5,0.5,0.0,1.0,0.0,1.0,0.0,1.0,0.0,0.0,0.0,0.0,1.0,0.0,0.0,0.0,1.0
TUBARÁ,2021,11,43,1,0.0,0.0,0.0,0.0,1.0,0.0,0.0,0.0,0.0,0.0,0.0,0.0,1.0,1.0,0.0,0.0,1.0,0.0,1.0,1.0,0.0,0.0,1.0,0.0,0.0,0.0,0.0,1.0,0.0,0.0,0.0,1.0
TUBARÁ,2021,12,45,1,1.0,0.0,0.0,0.0,0.0,0.0,0.0,0.0,0.0,0.0,0.0,0.0,1.0,1.0,0.0,0.0,1.0,0.0,1.0,1.0,0.0,0.0,1.0,0.0,0.0,0.0,0.0,1.0,0.0,1.0,0.0,0.0
TUBARÁ,2021,12,48,2,0.0,0.5,0.0,0.0,0.5,0.0,0.0,1.0,0.0,0.0,0.0,0.0,0.0,1.0,0.0,0.5,0.5,0.0,1.0,0.0,1.0,0.0,1.0,0.0,0.0,0.0,0.5,0.5,0.0,0.0,0.0,1.0
TUBARÁ,2021,13,51,1,1.0,0.0,0.0,0.0,0.0,0.0,0.0,0.0,0.0,0.0,0.0,0.0,1.0,1.0,0.0,0.0,1.0,0.0,1.0,1.0,0.0,0.0,1.0,0.0,0.0,0.0,1.0,0.0,0.0,0.0,0.0,1.0
TUBARÁ,2022,1,2,1,0.0,0.0,0.0,0.0,1.0,0.0,0.0,0.0,0.0,0.0,0.0,0.0,1.0,1.0,0.0,0.0,1.0,0.0,1.0,0.0,1.0,0.0,1.0,0.0,0.0,0.0,1.0,0.0,0.0,0.0,0.0,1.0
TUBARÁ,2022,2,8,1,0.0,0.0,0.0,0.0,1.0,0.0,0.0,1.0,0.0,0.0,0.0,0.0,0.0,1.0,0.0,1.0,0.0,0.0,1.0,1.0,0.0,0.0,1.0,0.0,0.0,0.0,1.0,0.0,0.0,1.0,0.0,0.0
TUBARÁ,2022,3,12,1,1.0,0.0,0.0,0.0,0.0,0.0,0.0,0.0,0.0,0.0,0.0,0.0,1.0,0.0,1.0,0.0,1.0,0.0,1.0,0.0,1.0,0.0,1.0,0.0,0.0,0.0,1.0,0.0,0.0,0.0,0.0,1.0
TUBARÁ,2022,4,14,1,1.0,0.0,0.0,0.0,0.0,0.0,0.0,0.0,0.0,0.0,0.0,0.0,1.0,1.0,0.0,0.0,1.0,0.0,1.0,1.0,0.0,0.0,1.0,0.0,0.0,0.0,1.0,0.0,0.0,0.0,0.0,1.0
TUBARÁ,2022,5,20,1,1.0,0.0,0.0,0.0,0.0,0.0,0.0,0.0,0.0,0.0,0.0,0.0,1.0,1.0,0.0,0.0,1.0,0.0,1.0,1.0,0.0,0.0,1.0,0.0,0.0,0.0,1.0,0.0,0.0,0.0,0.0,1.0
TUBARÁ,2022,7,25,1,1.0,0.0,0.0,0.0,0.0,0.0,0.0,1.0,0.0,0.0,0.0,0.0,0.0,1.0,0.0,0.0,1.0,0.0,1.0,0.0,1.0,0.0,1.0,0.0,0.0,0.0,1.0,0.0,0.0,1.0,0.0,0.0
TUBARÁ,2022,7,27,3,0.6666666666666666,0.0,0.0,0.0,0.3333333333333333,0.0,0.0,0.6666666666666666,0.0,0.0,0.0,0.0,0.3333333333333333,1.0,0.0,0.6666666666666666,0.3333333333333333,0.0,1.0,0.6666666666666666,0.3333333333333333,0.0,1.0,0.0,0.0,0.0,1.0,0.0,0.0,0.0,0.0,1.0
TUBARÁ,2022,7,28,2,1.0,0.0,0.0,0.0,0.0,0.0,0.0,0.5,0.0,0.0,0.0,0.0,0.5,1.0,0.0,0.5,0.5,0.0,1.0,0.5,0.5,0.0,1.0,0.0,0.0,0.0,0.5,0.5,0.0,0.5,0.0,0.5
TUBARÁ,2022,10,40,1,1.0,0.0,0.0,0.0,0.0,0.0,0.0,0.0,0.0,0.0,0.0,0.0,1.0,1.0,0.0,0.0,1.0,0.0,1.0,1.0,0.0,0.0,1.0,0.0,0.0,0.0,1.0,0.0,0.0,0.0,0.0,1.0
TUBARÁ,2022,11,41,1,1.0,0.0,0.0,0.0,0.0,0.0,0.0,0.0,0.0,0.0,0.0,0.0,1.0,1.0,0.0,0.0,1.0,0.0,1.0,1.0,0.0,0.0,1.0,0.0,0.0,0.0,1.0,0.0,0.0,1.0,0.0,0.0
TUBARÁ,2022,11,43,2,0.5,0.0,0.0,0.0,0.5,0.0,0.0,1.0,0.0,0.0,0.0,0.0,0.0,1.0,0.0,1.0,0.0,0.0,1.0,0.0,1.0,0.0,1.0,0.0,0.0,0.0,1.0,0.0,0.0,0.5,0.0,0.5
TUBARÁ,2022,11,44,4,0.25,0.5,0.0,0.0,0.25,0.0,0.0,0.75,0.0,0.0,0.0,0.0,0.25,0.75,0.25,0.0,1.0,0.0,1.0,0.25,0.75,0.0,1.0,0.0,0.0,0.0,1.0,0.0,0.0,0.25,0.0,0.75
TUBARÁ,2022,12,45,4,0.25,0.5,0.0,0.0,0.25,0.0,0.0,0.0,0.0,0.0,0.0,0.0,1.0,1.0,0.0,0.75,0.25,0.0,1.0,1.0,0.0,0.0,1.0,0.0,0.0,0.0,1.0,0.0,0.0,0.5,0.0,0.5
TUBARÁ,2022,12,46,3,0.3333333333333333,0.0,0.0,0.0,0.6666666666666666,0.0,0.0,0.6666666666666666,0.0,0.0,0.0,0.0,0.3333333333333333,1.0,0.0,0.3333333333333333,0.6666666666666666,0.0,1.0,1.0,0.0,0.0,1.0,0.0,0.0,0.0,1.0,0.0,0.0,0.3333333333333333,0.0,0.6666666666666666
TUBARÁ,2022,12,47,1,0.0,1.0,0.0,0.0,0.0,0.0,0.0,0.0,0.0,0.0,0.0,0.0,1.0,1.0,0.0,0.0,1.0,0.0,1.0,1.0,0.0,0.0,1.0,0.0,0.0,0.0,0.0,1.0,0.0,0.0,0.0,1.0
TUBARÁ,2022,12,48,1,1.0,0.0,0.0,0.0,0.0,0.0,0.0,0.0,0.0,1.0,0.0,0.0,0.0,1.0,0.0,0.0,1.0,0.0,1.0,1.0,0.0,0.0,1.0,0.0,0.0,0.0,1.0,0.0,0.0,1.0,0.0,0.0
TUBARÁ,2022,13,49,1,0.0,0.0,0.0,0.0,1.0,0.0,0.0,0.0,0.0,0.0,0.0,0.0,1.0,1.0,0.0,1.0,0.0,0.0,1.0,0.0,1.0,0.0,1.0,0.0,0.0,0.0,1.0,0.0,0.0,0.0,0.0,1.0
TUBARÁ,2023,2,6,1,1.0,0.0,0.0,0.0,0.0,0.0,0.0,1.0,0.0,0.0,0.0,0.0,0.0,1.0,0.0,0.0,1.0,0.0,1.0,0.0,1.0,0.0,1.0,0.0,0.0,0.0,1.0,0.0,0.0,0.0,0.0,1.0
TUBARÁ,2023,4,16,1,1.0,0.0,0.0,0.0,0.0,0.0,0.0,0.0,0.0,0.0,0.0,0.0,1.0,1.0,0.0,0.0,1.0,0.0,1.0,1.0,0.0,0.0,1.0,0.0,0.0,0.0,1.0,0.0,0.0,0.0,0.0,1.0
TUBARÁ,2023,7,27,1,0.0,1.0,0.0,0.0,0.0,0.0,0.0,1.0,0.0,0.0,0.0,0.0,0.0,1.0,0.0,0.0,1.0,0.0,1.0,0.0,1.0,0.0,1.0,0.0,0.0,0.0,1.0,0.0,0.0,1.0,0.0,0.0
TUBARÁ,2023,12,48,1,1.0,0.0,0.0,0.0,0.0,0.0,0.0,0.0,0.0,0.0,0.0,0.0,1.0,1.0,0.0,0.0,1.0,0.0,1.0,1.0,0.0,0.0,1.0,0.0,0.0,0.0,0.0,1.0,0.0,1.0,0.0,0.0
USIACURÍ,2017,4,14,1,0.0,1.0,0.0,0.0,0.0,0.0,0.0,0.0,0.0,0.0,0.0,0.0,1.0,1.0,0.0,1.0,0.0,0.0,1.0,1.0,0.0,1.0,0.0,0.0,0.0,0.0,1.0,0.0,0.0,0.0,0.0,1.0
USIACURÍ,2017,5,18,1,1.0,0.0,0.0,0.0,0.0,0.0,0.0,0.0,0.0,0.0,0.0,0.0,1.0,1.0,0.0,1.0,0.0,0.0,1.0,0.0,1.0,1.0,0.0,0.0,0.0,0.0,1.0,0.0,0.0,0.0,0.0,1.0
USIACURÍ,2017,6,21,1,0.0,0.0,1.0,0.0,0.0,0.0,0.0,0.0,0.0,0.0,0.0,0.0,1.0,1.0,0.0,1.0,0.0,0.0,1.0,1.0,0.0,1.0,0.0,0.0,0.0,0.0,1.0,0.0,0.0,0.0,0.0,1.0
USIACURÍ,2017,8,32,1,0.0,0.0,0.0,0.0,0.0,0.0,1.0,1.0,0.0,0.0,0.0,0.0,0.0,1.0,0.0,1.0,0.0,0.0,1.0,0.0,1.0,1.0,0.0,0.0,0.0,0.0,1.0,0.0,0.0,0.0,0.0,1.0
USIACURÍ,2017,9,35,3,0.6666666666666666,0.3333333333333333,0.0,0.0,0.0,0.0,0.0,0.3333333333333333,0.0,0.0,0.0,0.0,0.6666666666666666,1.0,0.0,1.0,0.0,0.0,1.0,1.0,0.0,1.0,0.0,0.0,0.0,0.0,1.0,0.0,0.0,0.0,0.0,1.0
USIACURÍ,2017,10,39,1,0.0,1.0,0.0,0.0,0.0,0.0,0.0,0.0,0.0,0.0,0.0,0.0,1.0,1.0,0.0,1.0,0.0,0.0,1.0,1.0,0.0,1.0,0.0,0.0,0.0,0.0,1.0,0.0,0.0,0.0,0.0,1.0
USIACURÍ,2017,10,40,1,1.0,0.0,0.0,0.0,0.0,0.0,0.0,0.0,0.0,0.0,0.0,0.0,1.0,1.0,0.0,1.0,0.0,0.0,1.0,1.0,0.0,1.0,0.0,0.0,0.0,0.0,0.0,0.0,1.0,0.0,0.0,1.0
USIACURÍ,2017,11,44,2,0.5,0.5,0.0,0.0,0.0,0.0,0.0,0.0,0.0,0.0,0.0,0.0,1.0,1.0,0.0,1.0,0.0,0.0,1.0,1.0,0.0,1.0,0.0,0.0,0.0,0.0,1.0,0.0,0.0,0.0,0.0,1.0
USIACURÍ,2017,12,48,1,1.0,0.0,0.0,0.0,0.0,0.0,0.0,0.0,0.0,0.0,0.0,0.0,1.0,1.0,0.0,1.0,0.0,0.0,1.0,0.0,1.0,1.0,0.0,0.0,0.0,0.0,1.0,0.0,0.0,0.0,0.0,1.0
USIACURÍ,2018,1,1,1,1.0,0.0,0.0,0.0,0.0,0.0,0.0,0.0,0.0,0.0,0.0,0.0,1.0,1.0,0.0,1.0,0.0,0.0,1.0,0.0,1.0,1.0,0.0,0.0,0.0,0.0,1.0,0.0,0.0,0.0,0.0,1.0
USIACURÍ,2018,6,24,1,0.0,1.0,0.0,0.0,0.0,0.0,0.0,0.0,0.0,0.0,0.0,0.0,1.0,1.0,0.0,1.0,0.0,0.0,1.0,0.0,1.0,1.0,0.0,0.0,0.0,0.0,0.0,0.0,1.0,0.0,0.0,1.0
USIACURÍ,2018,7,27,3,0.0,0.3333333333333333,0.0,0.0,0.0,0.3333333333333333,0.3333333333333333,0.3333333333333333,0.0,0.0,0.0,0.0,0.6666666666666666,1.0,0.0,1.0,0.0,0.0,1.0,0.6666666666666666,0.3333333333333333,1.0,0.0,0.0,0.0,0.0,1.0,0.0,0.0,0.0,0.0,1.0
USIACURÍ,2018,7,28,1,0.0,0.0,0.0,0.0,1.0,0.0,0.0,0.0,0.0,0.0,0.0,0.0,1.0,1.0,0.0,1.0,0.0,0.0,1.0,0.0,1.0,1.0,0.0,0.0,0.0,0.0,1.0,0.0,0.0,0.0,0.0,1.0
USIACURÍ,2018,8,31,2,0.0,0.5,0.0,0.0,0.0,0.0,0.5,0.0,0.0,0.0,0.0,0.0,1.0,1.0,0.0,1.0,0.0,0.0,1.0,1.0,0.0,1.0,0.0,0.0,0.0,0.0,1.0,0.0,0.0,0.0,0.0,1.0
USIACURÍ,2018,8,32,3,0.6666666666666666,0.0,0.0,0.0,0.0,0.0,0.3333333333333333,0.0,0.0,0.0,0.0,0.0,1.0,1.0,0.0,1.0,0.0,0.0,1.0,0.6666666666666666,0.3333333333333333,1.0,0.0,0.0,0.0,0.0,1.0,0.0,0.0,0.0,0.0,1.0
USIACURÍ,2018,11,41,2,0.0,0.5,0.5,0.0,0.0,0.0,0.0,0.0,0.0,0.0,0.0,0.0,1.0,1.0,0.0,1.0,0.0,0.0,1.0,1.0,0.0,1.0,0.0,0.0,0.0,0.0,1.0,0.0,0.0,0.0,0.0,1.0
USIACURÍ,2018,12,45,3,0.3333333333333333,0.3333333333333333,0.0,0.0,0.3333333333333333,0.0,0.0,0.6666666666666666,0.0,0.0,0.0,0.0,0.3333333333333333,1.0,0.0,1.0,0.0,0.0,1.0,0.6666666666666666,0.3333333333333333,1.0,0.0,0.0,0.0,0.0,1.0,0.0,0.0,0.0,0.0,1.0
USIACURÍ,2018,13,49,1,0.0,1.0,0.0,0.0,0.0,0.0,0.0,0.0,0.0,0.0,0.0,0.0,1.0,1.0,0.0,1.0,0.0,0.0,1.0,0.0,1.0,1.0,0.0,0.0,0.0,0.0,1.0,0.0,0.0,0.0,0.0,1.0
USIACURÍ,2018,13,51,1,0.0,1.0,0.0,0.0,0.0,0.0,0.0,0.0,0.0,0.0,0.0,0.0,1.0,1.0,0.0,1.0,0.0,0.0,1.0,1.0,0.0,1.0,0.0,0.0,0.0,0.0,1.0,0.0,0.0,0.0,0.0,1.0
USIACURÍ,2019,2,7,2,0.0,0.5,0.5,0.0,0.0,0.0,0.0,0.0,0.5,0.0,0.0,0.0,0.5,1.0,0.0,1.0,0.0,0.0,1.0,1.0,0.0,1.0,0.0,0.0,0.0,0.0,1.0,0.0,0.0,0.0,0.0,1.0
USIACURÍ,2019,7,27,1,0.0,1.0,0.0,0.0,0.0,0.0,0.0,1.0,0.0,0.0,0.0,0.0,0.0,1.0,0.0,0.0,1.0,0.0,1.0,0.0,1.0,1.0,0.0,0.0,0.0,0.0,1.0,0.0,0.0,1.0,0.0,0.0
USIACURÍ,2019,9,35,3,1.0,0.0,0.0,0.0,0.0,0.0,0.0,0.0,0.0,0.0,0.0,0.0,1.0,1.0,0.0,0.6666666666666666,0.3333333333333333,0.0,1.0,0.0,1.0,1.0,0.0,0.0,0.0,0.0,1.0,0.0,0.0,0.0,0.0,1.0
USIACURÍ,2019,12,48,1,0.0,1.0,0.0,0.0,0.0,0.0,0.0,0.0,0.0,0.0,0.0,0.0,1.0,0.0,1.0,0.0,1.0,1.0,0.0,1.0,0.0,1.0,0.0,0.0,0.0,0.0,1.0,0.0,0.0,0.0,0.0,1.0
USIACURÍ,2020,2,6,1,1.0,0.0,0.0,0.0,0.0,0.0,0.0,0.0,0.0,0.0,0.0,0.0,1.0,1.0,0.0,1.0,0.0,0.0,1.0,0.0,1.0,1.0,0.0,0.0,0.0,0.0,1.0,0.0,0.0,0.0,0.0,1.0
USIACURÍ,2020,10,40,1,0.0,0.0,0.0,0.0,1.0,0.0,0.0,1.0,0.0,0.0,0.0,0.0,0.0,1.0,0.0,0.0,1.0,0.0,1.0,1.0,0.0,1.0,0.0,0.0,0.0,0.0,1.0,0.0,0.0,0.0,0.0,1.0
USIACURÍ,2021,13,49,2,0.0,0.5,0.0,0.0,0.5,0.0,0.0,0.5,0.0,0.5,0.0,0.0,0.0,1.0,0.0,0.0,1.0,0.0,1.0,0.5,0.5,1.0,0.0,0.0,0.0,0.0,1.0,0.0,0.0,0.5,0.0,0.5
USIACURÍ,2022,1,4,1,0.0,1.0,0.0,0.0,0.0,0.0,0.0,0.0,0.0,0.0,0.0,0.0,1.0,1.0,0.0,1.0,0.0,0.0,1.0,0.0,1.0,1.0,0.0,0.0,0.0,0.0,1.0,0.0,0.0,0.0,0.0,1.0
USIACURÍ,2022,5,17,2,0.5,0.5,0.0,0.0,0.0,0.0,0.0,0.5,0.0,0.0,0.0,0.0,0.5,1.0,0.0,0.5,0.5,0.0,1.0,1.0,0.0,1.0,0.0,0.0,0.0,0.0,1.0,0.0,0.0,0.0,0.0,1.0
USIACURÍ,2022,7,25,1,1.0,0.0,0.0,0.0,0.0,0.0,0.0,0.0,0.0,0.0,0.0,0.0,1.0,1.0,0.0,1.0,0.0,0.0,1.0,1.0,0.0,1.0,0.0,0.0,0.0,0.0,1.0,0.0,0.0,0.0,0.0,1.0
USIACURÍ,2022,11,41,1,1.0,0.0,0.0,0.0,0.0,0.0,0.0,1.0,0.0,0.0,0.0,0.0,0.0,1.0,0.0,0.0,1.0,0.0,1.0,1.0,0.0,1.0,0.0,0.0,0.0,0.0,1.0,0.0,0.0,1.0,0.0,0.0
USIACURÍ,2022,11,42,1,1.0,0.0,0.0,0.0,0.0,0.0,0.0,0.0,0.0,0.0,0.0,0.0,1.0,1.0,0.0,0.0,1.0,0.0,1.0,0.0,1.0,1.0,0.0,0.0,0.0,0.0,1.0,0.0,0.0,0.0,0.0,1.0
USIACURÍ,2022,12,48,1,0.0,1.0,0.0,0.0,0.0,0.0,0.0,0.0,0.0,0.0,0.0,0.0,1.0,1.0,0.0,0.0,1.0,0.0,1.0,0.0,1.0,1.0,0.0,0.0,0.0,0.0,1.0,0.0,0.0,0.0,0.0,1.0
USIACURÍ,2022,13,50,1,0.0,0.0,0.0,0.0,1.0,0.0,0.0,0.0,0.0,0.0,0.0,0.0,1.0,1.0,0.0,1.0,0.0,0.0,1.0,1.0,0.0,1.0,0.0,0.0,0.0,0.0,1.0,0.0,0.0,0.0,0.0,1.0
USIACURÍ,2022,13,51,1,0.0,0.0,0.0,0.0,0.0,0.0,1.0,0.0,0.0,0.0,0.0,0.0,1.0,1.0,0.0,0.0,1.0,0.0,1.0,0.0,1.0,1.0,0.0,0.0,0.0,0.0,1.0,0.0,0.0,0.0,0.0,1.0
USIACURÍ,2023,1,4,1,0.0,1.0,0.0,0.0,0.0,0.0,0.0,1.0,0.0,0.0,0.0,0.0,0.0,1.0,0.0,0.0,1.0,0.0,1.0,1.0,0.0,1.0,0.0,0.0,0.0,0.0,1.0,0.0,0.0,0.0,0.0,1.0
USIACURÍ,2023,4,16,2,1.0,0.0,0.0,0.0,0.0,0.0,0.0,0.0,0.0,0.0,0.0,0.0,1.0,1.0,0.0,0.0,1.0,0.0,1.0,0.5,0.5,1.0,0.0,0.0,0.0,0.0,1.0,0.0,0.0,0.0,0.0,1.0
USIACURÍ,2023,5,17,1,1.0,0.0,0.0,0.0,0.0,0.0,0.0,0.0,0.0,0.0,0.0,0.0,1.0,1.0,0.0,0.0,1.0,0.0,1.0,1.0,0.0,1.0,0.0,0.0,0.0,0.0,1.0,0.0,0.0,0.0,0.0,1.0
USIACURÍ,2023,5,18,4,0.5,0.25,0.0,0.0,0.25,0.0,0.0,0.25,0.0,0.0,0.0,0.0,0.75,1.0,0.0,0.75,0.25,0.0,1.0,0.5,0.5,1.0,0.0,0.0,0.0,0.0,1.0,0.0,0.0,0.0,0.5,0.5
USIACURÍ,2023,6,21,1,1.0,0.0,0.0,0.0,0.0,0.0,0.0,0.0,0.0,0.0,0.0,0.0,1.0,1.0,0.0,0.0,1.0,0.0,1.0,1.0,0.0,1.0,0.0,0.0,0.0,0.0,1.0,0.0,0.0,0.0,0.0,1.0
USIACURÍ,2023,6,22,3,1.0,0.0,0.0,0.0,0.0,0.0,0.0,0.6666666666666666,0.0,0.3333333333333333,0.0,0.0,0.0,1.0,0.0,0.3333333333333333,0.6666666666666666,0.0,1.0,0.0,1.0,1.0,0.0,0.0,0.0,0.0,1.0,0.0,0.0,0.3333333333333333,0.0,0.6666666666666666
USIACURÍ,2023,6,23,1,1.0,0.0,0.0,0.0,0.0,0.0,0.0,0.0,0.0,0.0,0.0,0.0,1.0,1.0,0.0,0.0,1.0,0.0,1.0,1.0,0.0,1.0,0.0,0.0,0.0,0.0,1.0,0.0,0.0,0.0,0.0,1.0
USIACURÍ,2023,6,24,2,0.5,0.5,0.0,0.0,0.0,0.0,0.0,0.0,0.0,0.0,0.0,0.0,1.0,1.0,0.0,0.0,1.0,0.0,1.0,0.5,0.5,1.0,0.0,0.0,0.0,0.0,1.0,0.0,0.0,0.0,0.0,1.0
USIACURÍ,2023,7,25,4,0.75,0.0,0.0,0.0,0.0,0.0,0.25,0.25,0.0,0.0,0.0,0.0,0.75,1.0,0.0,0.25,0.75,0.0,1.0,0.0,1.0,1.0,0.0,0.0,0.0,0.0,1.0,0.0,0.0,0.0,0.25,0.75
USIACURÍ,2023,7,26,10,0.7,0.1,0.0,0.0,0.1,0.0,0.1,0.2,0.0,0.0,0.0,0.0,0.8,1.0,0.0,0.2,0.8,0.0,1.0,0.3,0.7,1.0,0.0,0.0,0.0,0.0,1.0,0.0,0.0,0.0,0.0,1.0
USIACURÍ,2023,7,27,16,0.625,0.125,0.0,0.0,0.125,0.0,0.125,0.1875,0.0,0.125,0.0,0.0,0.6875,1.0,0.0,0.375,0.625,0.0,1.0,0.375,0.625,1.0,0.0,0.0,0.0,0.0,1.0,0.0,0.0,0.0,0.0,1.0
USIACURÍ,2023,7,28,16,0.4375,0.3125,0.0,0.0,0.125,0.0,0.125,0.25,0.0,0.0,0.0,0.0,0.75,1.0,0.0,0.4375,0.5625,0.0,1.0,0.5,0.5,1.0,0.0,0.0,0.0,0.0,1.0,0.0,0.0,0.0,0.0,1.0
USIACURÍ,2023,8,29,32,0.4375,0.15625,0.03125,0.0,0.25,0.0,0.125,0.125,0.0,0.03125,0.0,0.0,0.84375,1.0,0.0,0.625,0.375,0.0,1.0,0.5,0.5,1.0,0.0,0.0,0.0,0.0,1.0,0.0,0.0,0.0625,0.0,0.9375
USIACURÍ,2023,8,30,11,0.5454545454545454,0.09090909090909091,0.0,0.0,0.18181818181818182,0.0,0.18181818181818182,0.09090909090909091,0.0,0.0,0.0,0.0,0.9090909090909091,1.0,0.0,0.5454545454545454,0.45454545454545453,0.0,1.0,0.5454545454545454,0.45454545454545453,1.0,0.0,0.0,0.0,0.0,1.0,0.0,0.0,0.09090909090909091,0.0,0.9090909090909091
USIACURÍ,2023,8,31,9,0.2222222222222222,0.2222222222222222,0.0,0.0,0.5555555555555556,0.0,0.0,0.2222222222222222,0.0,0.0,0.0,0.0,0.7777777777777778,1.0,0.0,0.3333333333333333,0.6666666666666666,0.0,1.0,0.4444444444444444,0.5555555555555556,1.0,0.0,0.0,0.0,0.0,1.0,0.0,0.0,0.1111111111111111,0.0,0.8888888888888888
USIACURÍ,2023,8,32,10,0.8,0.1,0.0,0.0,0.0,0.0,0.1,0.2,0.0,0.0,0.0,0.0,0.8,1.0,0.0,0.4,0.6,0.0,1.0,0.4,0.6,1.0,0.0,0.0,0.0,0.0,0.9,0.1,0.0,0.0,0.0,1.0
USIACURÍ,2023,9,33,3,0.6666666666666666,0.0,0.0,0.0,0.3333333333333333,0.0,0.0,0.0,0.0,0.0,0.0,0.0,1.0,1.0,0.0,0.3333333333333333,0.6666666666666666,0.0,1.0,0.6666666666666666,0.3333333333333333,1.0,0.0,0.0,0.0,0.0,1.0,0.0,0.0,0.0,0.0,1.0
USIACURÍ,2023,9,34,5,0.6,0.2,0.0,0.0,0.2,0.0,0.0,0.2,0.0,0.0,0.0,0.0,0.8,1.0,0.0,0.4,0.6,0.0,1.0,0.4,0.6,1.0,0.0,0.0,0.0,0.0,1.0,0.0,0.0,0.0,0.0,1.0
USIACURÍ,2023,9,35,4,0.75,0.0,0.0,0.0,0.25,0.0,0.0,0.25,0.0,0.0,0.0,0.0,0.75,1.0,0.0,0.5,0.5,0.0,1.0,0.5,0.5,1.0,0.0,0.0,0.0,0.0,1.0,0.0,0.0,0.25,0.0,0.75
USIACURÍ,2023,9,36,11,0.45454545454545453,0.0,0.0,0.0,0.5454545454545454,0.0,0.0,0.18181818181818182,0.0,0.0,0.0,0.0,0.8181818181818182,1.0,0.0,0.36363636363636365,0.6363636363636364,0.0,1.0,0.6363636363636364,0.36363636363636365,1.0,0.0,0.0,0.0,0.0,1.0,0.0,0.0,0.0,0.0,1.0
USIACURÍ,2023,10,37,3,0.3333333333333333,0.0,0.0,0.0,0.6666666666666666,0.0,0.0,0.0,0.0,0.0,0.0,0.0,1.0,1.0,0.0,0.3333333333333333,0.6666666666666666,0.0,1.0,0.3333333333333333,0.6666666666666666,1.0,0.0,0.0,0.0,0.0,1.0,0.0,0.0,0.0,0.0,1.0
USIACURÍ,2023,10,38,10,0.6,0.1,0.0,0.0,0.3,0.0,0.0,0.1,0.0,0.0,0.0,0.0,0.9,1.0,0.0,0.4,0.6,0.0,1.0,0.6,0.4,1.0,0.0,0.0,0.0,0.0,1.0,0.0,0.0,0.0,0.0,1.0
USIACURÍ,2023,10,39,10,0.4,0.0,0.1,0.0,0.4,0.0,0.1,0.1,0.0,0.0,0.0,0.0,0.9,1.0,0.0,0.3,0.7,0.0,1.0,0.4,0.6,1.0,0.0,0.0,0.0,0.0,1.0,0.0,0.0,0.2,0.0,0.8
USIACURÍ,2023,10,40,6,0.5,0.16666666666666666,0.0,0.0,0.3333333333333333,0.0,0.0,0.5,0.0,0.0,0.0,0.0,0.5,1.0,0.0,0.16666666666666666,0.8333333333333334,0.0,1.0,0.3333333333333333,0.6666666666666666,1.0,0.0,0.0,0.0,0.0,1.0,0.0,0.0,0.0,0.0,1.0
USIACURÍ,2023,11,41,7,0.5714285714285714,0.0,0.0,0.0,0.2857142857142857,0.0,0.14285714285714285,0.14285714285714285,0.0,0.0,0.0,0.0,0.8571428571428571,1.0,0.0,0.5714285714285714,0.42857142857142855,0.0,1.0,0.5714285714285714,0.42857142857142855,1.0,0.0,0.0,0.0,0.0,1.0,0.0,0.0,0.14285714285714285,0.0,0.8571428571428571
USIACURÍ,2023,11,42,5,0.2,0.2,0.0,0.0,0.6,0.0,0.0,0.2,0.0,0.0,0.0,0.0,0.8,1.0,0.0,0.6,0.4,0.0,1.0,0.4,0.6,1.0,0.0,0.0,0.0,0.0,1.0,0.0,0.0,0.0,0.0,1.0
USIACURÍ,2023,11,43,6,0.3333333333333333,0.16666666666666666,0.0,0.0,0.16666666666666666,0.0,0.3333333333333333,0.3333333333333333,0.16666666666666666,0.0,0.0,0.0,0.5,1.0,0.0,1.0,0.0,0.0,1.0,0.6666666666666666,0.3333333333333333,1.0,0.0,0.0,0.0,0.0,1.0,0.0,0.0,0.16666666666666666,0.0,0.8333333333333334
USIACURÍ,2023,11,44,6,0.3333333333333333,0.0,0.0,0.0,0.5,0.0,0.16666666666666666,0.5,0.0,0.0,0.0,0.0,0.5,1.0,0.0,0.8333333333333334,0.16666666666666666,0.0,1.0,0.3333333333333333,0.6666666666666666,1.0,0.0,0.0,0.0,0.0,1.0,0.0,0.0,0.16666666666666666,0.0,0.8333333333333334
USIACURÍ,2023,12,45,5,0.2,0.2,0.0,0.0,0.4,0.0,0.2,0.4,0.0,0.0,0.0,0.0,0.6,1.0,0.0,0.4,0.6,0.0,1.0,0.8,0.2,1.0,0.0,0.0,0.0,0.0,1.0,0.0,0.0,0.0,0.0,1.0
USIACURÍ,2023,12,46,4,0.5,0.0,0.0,0.0,0.5,0.0,0.0,0.5,0.0,0.0,0.0,0.0,0.5,1.0,0.0,0.5,0.5,0.0,1.0,0.75,0.25,1.0,0.0,0.0,0.0,0.0,1.0,0.0,0.0,0.5,0.0,0.5
USIACURÍ,2023,12,47,1,1.0,0.0,0.0,0.0,0.0,0.0,0.0,0.0,0.0,0.0,0.0,0.0,1.0,1.0,0.0,1.0,0.0,0.0,1.0,0.0,1.0,1.0,0.0,0.0,0.0,0.0,1.0,0.0,0.0,0.0,0.0,1.0
USIACURÍ,2023,12,48,1,0.0,0.0,0.0,0.0,1.0,0.0,0.0,0.0,0.0,0.0,0.0,0.0,1.0,1.0,0.0,1.0,0.0,0.0,1.0,1.0,0.0,1.0,0.0,0.0,0.0,0.0,1.0,0.0,0.0,0.0,0.0,1.0
USIACURÍ,2023,13,49,1,1.0,0.0,0.0,0.0,0.0,0.0,0.0,0.0,0.0,0.0,0.0,0.0,1.0,1.0,0.0,0.0,1.0,0.0,1.0,1.0,0.0,1.0,0.0,0.0,0.0,0.0,1.0,0.0,0.0,0.0,0.0,1.0
USIACURÍ,2023,13,50,1,1.0,0.0,0.0,0.0,0.0,0.0,0.0,0.0,0.0,0.0,0.0,0.0,1.0,1.0,0.0,1.0,0.0,0.0,1.0,1.0,0.0,1.0,0.0,0.0,0.0,0.0,1.0,0.0,0.0,0.0,0.0,1.0
